Phi_fit,Counts_fit
0.0,0.6194929791039181
0.020001111172842936,0.6194842212451024
0.04000222234568587,0.6194756488656628
0.06000333351852881,0.6194672619697776
0.08000444469137175,0.6194590605615355
0.10000555586421468,0.619451044644934
0.12000666703705762,0.61944321422388
0.14000777820990057,0.6194355693021909
0.1600088893827435,0.619428109883593
0.1800100005555864,0.6194208359717222
0.20001111172842936,0.6194137475701241
0.22001222290127231,0.619406844682254
0.24001333407411524,0.6194001273114769
0.26001444524695816,0.6193935954610665
0.28001555641980114,0.6193872491342072
0.30001666759264406,0.6193810883339924
0.320017778765487,0.6193751130634251
0.3400188899383299,0.6193693233254176
0.3600200011111728,0.6193637191227925
0.3800211122840158,0.6193583004582814
0.4000222234568587,0.6193530673345253
0.42002333462970165,0.6193480197540755
0.44002444580254463,0.6193431577193922
0.46002555697538755,0.6193384812328452
0.4800266681482305,0.6193339902967141
0.5000277793210735,0.6193296849131882
0.5200288904939163,0.6193255650843659
0.5400300016667593,0.6193216308122553
0.5600311128396023,0.6193178820987744
0.5800322240124451,0.6193143189457502
0.6000333351852881,0.6193109413549198
0.620034446358131,0.6193077493279293
0.640035557530974,0.6193047428663349
0.6600366687038169,0.6193019219716018
0.6800377798766598,0.6192992866451053
0.7000388910495028,0.6192968368881298
0.7200400022223457,0.6192945727018695
0.7400411133951886,0.619292494087428
0.7600422245680316,0.6192906010458185
0.7800433357408745,0.6192888935779637
0.8000444469137175,0.619287371684696
0.8200455580865604,0.6192860353667573
0.8400466692594033,0.6192848846247987
0.8600477804322463,0.6192839194593813
0.8800488916050893,0.6192831398709757
0.9000500027779321,0.6192825458599617
0.9200511139507751,0.6192821374266289
0.940052225123618,0.6192819145711763
0.960053336296461,0.6192818772937128
0.9800544474693039,0.6192820255942562
1.000055558642147,0.6192823594727344
1.0200566698149898,0.6192828789289848
1.0400577809878326,0.619283583962754
1.0600588921606757,0.6192844745736983
1.0800600033335186,0.6192855507613837
1.1000611145063615,0.6192868125252857
1.1200622256792045,0.6192882598647891
1.1400633368520474,0.6192898927791883
1.1600644480248903,0.6192917112676877
1.1800655591977331,0.6192937153294006
1.2000666703705762,0.6192959049633502
1.220067781543419,0.6192982801684693
1.240068892716262,0.6193008409436
1.260070003889105,0.6193035872874941
1.280071115061948,0.619306519198813
1.3000722262347908,0.6193096366761275
1.3200733374076339,0.6193129397179178
1.3400744485804768,0.6193164283225743
1.3600755597533196,0.6193201024883961
1.3800766709261627,0.6193239622135924
1.4000777820990056,0.6193280074962819
1.4200788932718484,0.6193322383344928
1.4400800044446913,0.6193366547261625
1.4600811156175344,0.6193412566691386
1.4800822267903773,0.6193460441611778
1.5000833379632201,0.6193510171999463
1.5200844491360632,0.6193561757830204
1.540085560308906,0.6193615199078852
1.560086671481749,0.6193670495719361
1.580087782654592,0.6193727647724775
1.600088893827435,0.6193786655067236
1.6200900050002778,0.6193847517717981
1.6400911161731209,0.6193910235647344
1.6600922273459637,0.6193974808824753
1.6800933385188066,0.6194041237218733
1.7000944496916497,0.6194109520796902
1.7200955608644926,0.6194179659525978
1.7400966720373354,0.6194251653371772
1.7600977832101785,0.6194325502299189
1.7800988943830214,0.6194401206272235
1.8001000055558642,0.6194478765254008
1.8201011167287071,0.6194558179206702
1.8401022279015502,0.6194639448091606
1.860103339074393,0.6194722571869107
1.880104450247236,0.6194807550498689
1.900105561420079,0.6194894383938927
1.920106672592922,0.6194983072147496
1.9401077837657648,0.6195073615081166
1.9601088949386078,0.6195166012695802
1.9801100061114507,0.6195260264946365
2.000111117284294,0.6195356371786913
2.0201122284571364,0.61954543331706
2.0401133396299795,0.6195554149049676
2.0601144508028226,0.6195655819375485
2.0801155619756653,0.6195759344098468
2.1001166731485084,0.6195864723168165
2.1201177843213515,0.619597195653321
2.140118895494194,0.619608104414133
2.160120006667037,0.6196191985939354
2.1801211178398803,0.6196304781873203
2.200122229012723,0.6196419431887895
2.220123340185566,0.6196535935927546
2.240124451358409,0.6196654293935366
2.2601255625312517,0.6196774505853664
2.280126673704095,0.6196896571623841
2.3001277848769375,0.6197020491186399
2.3201288960497806,0.6197146264480935
2.3401300072226237,0.6197273891446138
2.3601311183954663,0.6197403372019803
2.3801322295683094,0.6197534706138811
2.4001333407411525,0.6197667893739146
2.420134451913995,0.6197802934755887
2.440135563086838,0.6197939829123209
2.4601366742596813,0.6198078576774384
2.480137785432524,0.619821917764178
2.500138896605367,0.6198361631656863
2.52014000777821,0.6198505938750196
2.5401411189510528,0.6198652098851436
2.560142230123896,0.6198800111889338
2.580143341296739,0.6198949977791754
2.6001444524695816,0.6199101696485636
2.6201455636424247,0.6199255267897026
2.6401466748152678,0.619941069195107
2.6601477859881104,0.6199567968572007
2.6801488971609535,0.6199727097683174
2.7001500083337966,0.6199888079207003
2.7201511195066392,0.6200050913065026
2.7401522306794823,0.6200215599177872
2.7601533418523254,0.6200382137465263
2.780154453025168,0.6200550527846025
2.800155564198011,0.6200720770238075
2.8201566753708542,0.6200892864558432
2.840157786543697,0.6201066810723206
2.86015889771654,0.6201242608647612
2.8801600088893826,0.6201420258245958
2.9001611200622257,0.6201599759431649
2.920162231235069,0.6201781112117188
2.9401633424079114,0.6201964316214179
2.9601644535807545,0.6202149371633318
2.9801655647535976,0.6202336278284402
3.0001666759264403,0.6202525036076325
3.0201677870992834,0.620271564491708
3.0401688982721264,0.6202908104713754
3.060170009444969,0.6203102415372533
3.080171120617812,0.6203298576798706
3.1001722317906553,0.6203496588896651
3.120173342963498,0.6203696451569851
3.140174454136341,0.6203898164720887
3.160175565309184,0.620410172825143
3.1801766764820267,0.6204307142062259
3.20017778765487,0.6204514406053244
3.220178898827713,0.6204723520123359
3.2401800100005556,0.6204934484170668
3.2601811211733986,0.6205147298092344
3.2801822323462417,0.6205361961784648
3.3001833435190844,0.6205578475142947
3.3201844546919275,0.6205796838061701
3.3401855658647706,0.6206017050434471
3.360186677037613,0.620623911215392
3.3801877882104563,0.6206463023111799
3.4001888993832994,0.620668878319897
3.420190010556142,0.6206916392305386
3.440191121728985,0.6207145850320102
3.460192232901828,0.6207377157131269
3.480193344074671,0.6207610312626137
3.500194455247514,0.6207845316691061
3.520195566420357,0.6208082169211484
3.5401966775931997,0.6208320870071959
3.5601977887660428,0.6208561419156132
3.5801988999388854,0.6208803816346748
3.6002000111117285,0.6209048061525655
3.6202011222845716,0.6209294154573793
3.6402022334574142,0.620954209537121
3.6602033446302573,0.6209791883797049
3.6802044558031004,0.6210043519729549
3.700205566975943,0.6210297003046057
3.720206678148786,0.6210552333623012
3.7402077893216292,0.6210809511335955
3.760208900494472,0.6211068536059527
3.780210011667315,0.6211329407667469
3.800211122840158,0.621159212603262
3.8202122340130007,0.6211856691026922
3.840213345185844,0.6212123102521413
3.860214456358687,0.6212391360386234
3.8802155675315295,0.6212661464490625
3.9002166787043726,0.6212933414702925
3.9202177898772157,0.6213207210890574
3.9402189010500583,0.6213482852920114
3.9602200122229014,0.6213760340657183
3.9802211233957445,0.6214039673966523
4.000222234568588,0.6214320852711975
4.02022334574143,0.6214603876756482
4.040224456914273,0.6214888745962084
4.060225568087116,0.6215175460189926
4.080226679259959,0.621546401930025
4.100227790432802,0.62157544231524
4.120228901605645,0.6216046671604822
4.1402300127784875,0.621634076451506
4.1602311239513305,0.6216636701739764
4.180232235124174,0.6216934483134677
4.200233346297017,0.6217234108554653
4.22023445746986,0.6217535577853639
4.240235568642703,0.6217838890884687
4.260236679815545,0.6218144047499949
4.280237790988388,0.6218451047550679
4.300238902161231,0.6218759890887233
4.320240013334074,0.6219070577359067
4.3402411245069175,0.6219383106814739
4.3602422356797605,0.6219697479101909
4.380243346852603,0.6220013694067341
4.400244458025446,0.6220331751556896
4.420245569198289,0.6220651651415541
4.440246680371132,0.6220973393487341
4.460247791543975,0.6221296977615469
4.480248902716818,0.6221622403642193
4.50025001388966,0.6221949671408888
4.5202511250625035,0.6222278780756032
4.540252236235347,0.62226097315232
4.56025334740819,0.6222942523549075
4.580254458581033,0.6223277156671438
4.600255569753875,0.6223613630727177
4.620256680926718,0.622395194555228
4.640257792099561,0.6224292100981836
4.660258903272404,0.6224634096850042
4.680260014445247,0.6224977932990194
4.70026112561809,0.622532360923469
4.720262236790933,0.6225671125415035
4.740263347963776,0.6226020481361834
4.760264459136619,0.6226371676904795
4.780265570309462,0.6226724711872733
4.800266681482305,0.6227079586093562
4.820267792655148,0.6227436299394304
4.84026890382799,0.622779485160108
4.860270015000833,0.6228155242539115
4.880271126173676,0.6228517472032742
4.9002722373465195,0.6228881539905395
4.920273348519363,0.6229247445979611
4.940274459692206,0.6229615190077031
4.960275570865048,0.6229984772018404
4.980276682037891,0.6230356191623577
5.000277793210734,0.6230729448711507
5.020278904383577,0.6231104543100252
5.04028001555642,0.6231481474606975
5.060281126729263,0.6231860243047943
5.0802822379021055,0.623224084823853
5.100283349074949,0.6232623289993211
5.120284460247792,0.623300756812557
5.140285571420635,0.6233393682448294
5.160286682593478,0.6233781632773172
5.18028779376632,0.6234171418911103
5.200288904939163,0.6234563040672088
5.220290016112006,0.6234956497865233
5.240291127284849,0.6235351790298751
5.2602922384576924,0.6235748917779962
5.2802933496305355,0.6236147880115287
5.300294460803378,0.6236548677110256
5.320295571976221,0.6236951308569503
5.340296683149064,0.623735577429677
5.360297794321907,0.6237762074094901
5.38029890549475,0.6238170207765852
5.400300016667593,0.6238580175110677
5.420301127840435,0.6238991975929544
5.4403022390132785,0.6239405610021724
5.460303350186122,0.6239821077185592
5.480304461358965,0.6240238377218633
5.500305572531808,0.6240657509917438
5.520306683704651,0.6241078475077704
5.540307794877493,0.6241501272494234
5.560308906050336,0.6241925901960941
5.580310017223179,0.624235236327084
5.600311128396022,0.6242780656216057
5.620312239568865,0.6243210780587825
5.6403133507417085,0.624364273617648
5.660314461914551,0.6244076522771473
5.680315573087394,0.6244512140161357
5.700316684260237,0.6244949588133791
5.72031779543308,0.6245388866475547
5.740318906605923,0.6245829974972503
5.760320017778765,0.6246272913409643
5.780321128951608,0.6246717681571059
5.800322240124451,0.6247164279239954
5.8203233512972945,0.6247612706198636
5.840324462470138,0.6248062962228526
5.860325573642981,0.6248515047110146
5.880326684815823,0.6248968960623135
5.900327795988666,0.6249424702546234
5.920328907161509,0.6249882272657294
5.940330018334352,0.6250341670733279
5.960331129507195,0.6250802896550258
5.980332240680038,0.6251265949883411
6.0003333518528805,0.6251730830507025
6.020334463025724,0.6252197538194497
6.040335574198567,0.6252666072718336
6.06033668537141,0.6253136433850158
6.080337796544253,0.6253608621360689
6.100338907717096,0.6254082635019764
6.120340018889938,0.625455847459633
6.140341130062781,0.6255036139858443
6.160342241235624,0.625551563057327
6.180343352408467,0.6255996946507083
6.2003444635813105,0.6256480087425271
6.220345574754154,0.6256965053092333
6.240346685926996,0.6257451843271873
6.260347797099839,0.625794045772661
6.280348908272682,0.6258430896218372
6.300350019445525,0.6258923158508101
6.320351130618368,0.6259417244355845
6.340352241791211,0.6259913153520769
6.3603533529640535,0.6260410885761142
6.3803544641368966,0.6260910440834351
6.40035557530974,0.6261411818496891
6.420356686482583,0.6261915018504371
6.440357797655426,0.6262420040611509
6.460358908828268,0.6262926884572135
6.480360020001111,0.6263435550139195
6.500361131173954,0.626394603706474
6.520362242346797,0.6264458345099941
6.54036335351964,0.6264972473995074
6.5603644646924835,0.6265488423499534
6.580365575865326,0.6266006193361824
6.600366687038169,0.6266525783329562
6.620367798211012,0.6267047193149475
6.640368909383855,0.6267570422567411
6.660370020556698,0.6268095471328323
6.680371131729541,0.6268622339176281
6.700372242902383,0.6269151025854467
6.720373354075226,0.6269681531105177
6.7403744652480695,0.6270213854669819
6.760375576420913,0.627074799628892
6.780376687593756,0.6271283955702114
6.800377798766599,0.6271821732648152
6.820378909939441,0.6272361326864899
6.840380021112284,0.6272902738089334
6.860381132285127,0.6273445966057553
6.88038224345797,0.627399101050476
6.900383354630813,0.627453787116528
6.920384465803656,0.6275086547772548
6.940385576976499,0.6275637040059119
6.960386688149342,0.6276189347756658
6.980387799322185,0.6276743470595947
7.000388910495028,0.6277299408306883
7.020390021667871,0.6277857160618481
7.040391132840714,0.6278416727258864
7.060392244013556,0.6278978107955282
7.080393355186399,0.627954130243409
7.100394466359242,0.6280106310420764
7.1203955775320855,0.6280673131639898
7.140396688704929,0.6281241765815195
7.160397799877771,0.6281812212669484
7.180398911050614,0.6282384471924702
7.200400022223457,0.6282958543301906
7.2204011333963,0.628353442652127
7.240402244569143,0.6284112121302086
7.260403355741986,0.6284691627362757
7.2804044669148285,0.6285272944420811
7.3004055780876715,0.6285856072192889
7.320406689260515,0.628644101039475
7.340407800433358,0.6287027758741269
7.360408911606201,0.6287616316946443
7.380410022779044,0.6288206684723381
7.400411133951886,0.6288798861784315
7.420412245124729,0.6289392847840592
7.440413356297572,0.628998864260268
7.460414467470415,0.6290586245780161
7.4804155786432585,0.6291185657081739
7.5004166898161015,0.6291786876215237
7.520417800988944,0.6292389902887594
7.540418912161787,0.6292994736804871
7.56042002333463,0.6293601377672245
7.580421134507473,0.6294209825194015
7.600422245680316,0.6294820079073598
7.620423356853159,0.6295432139013528
7.640424468026001,0.6296046004715465
7.6604255791988445,0.6296661675880184
7.680426690371688,0.6297279152207579
7.700427801544531,0.6297898433396669
7.720428912717374,0.6298519519145587
7.740430023890216,0.6299142409151592
7.760431135063059,0.6299767103111062
7.780432246235902,0.6300393600719494
7.800433357408745,0.6301021901671506
7.820434468581588,0.6301652005660838
7.840435579754431,0.6302283912380352
7.860436690927274,0.6302917621522028
7.880437802100117,0.6303553132776972
7.90043891327296,0.6304190445835407
7.920440024445803,0.6304829560386682
7.940441135618646,0.6305470476119264
7.960442246791489,0.6306113192720744
7.980443357964331,0.6306757709877833
8.000444469137175,0.6307404027276371
8.020445580310017,0.6308052144601312
8.04044669148286,0.6308702061536737
8.060447802655704,0.6309353777765851
8.080448913828546,0.6310007292970978
8.10045002500139,0.6310662606833569
8.120451136174232,0.6311319719034195
8.140452247347076,0.6311978629252553
8.160453358519918,0.631263933716746
8.18045446969276,0.6313301842456864
8.200455580865604,0.6313966144797827
8.220456692038447,0.6314632243866544
8.24045780321129,0.6315300139338327
8.260458914384133,0.6315969830887618
8.280460025556975,0.6316641318187981
8.300461136729819,0.6317314600912105
8.320462247902661,0.6317989678731802
8.340463359075505,0.6318666551318013
8.360464470248347,0.6319345218340799
8.38046558142119,0.6320025679469353
8.400466692594033,0.6320707934371987
8.420467803766876,0.6321391982716142
8.44046891493972,0.6322077824168384
8.460470026112562,0.6322765458394404
8.480471137285406,0.6323454885059022
8.500472248458248,0.6324146103826181
8.52047335963109,0.6324839114358953
8.540474470803934,0.6325533916319537
8.560475581976776,0.6326230509369254
8.58047669314962,0.6326928893168557
8.600477804322463,0.6327629067377024
8.620478915495305,0.6328331031653361
8.640480026668149,0.6329034785655402
8.660481137840991,0.6329740329040106
8.680482249013835,0.6330447661463562
8.700483360186677,0.6331156782580987
8.720484471359521,0.6331867692046727
8.740485582532363,0.6332580389514251
8.760486693705205,0.6333294874636162
8.78048780487805,0.6334011147064191
8.800488916050892,0.6334729206449197
8.820490027223736,0.6335449052441167
8.840491138396578,0.6336170684689217
8.86049224956942,0.6336894102841595
8.880493360742264,0.6337619306545674
8.900494471915106,0.6338346295447961
8.92049558308795,0.6339075069194091
8.940496694260792,0.6339805627428828
8.960497805433636,0.634053796979607
8.980498916606479,0.6341272095938838
9.00050002777932,0.6342008005499292
9.020501138952165,0.6342745698118717
9.040502250125007,0.6343485173437532
9.060503361297851,0.6344226431095283
9.080504472470693,0.6344969470730653
9.100505583643535,0.6345714291981451
9.12050669481638,0.6346460894484621
9.140507805989222,0.6347209277876238
9.160508917162066,0.6347959441791506
9.180510028334908,0.6348711385864767
9.20051113950775,0.6349465109729491
9.220512250680594,0.6350220613018278
9.240513361853436,0.6350977895362868
9.26051447302628,0.6351736956394127
9.280515584199122,0.635249779574206
9.300516695371966,0.63532604130358
9.320517806544808,0.6354024807903613
9.34051891771765,0.6354790979972904
9.360520028890495,0.6355558928870207
9.380521140063337,0.6356328654221193
9.40052225123618,0.6357100155650666
9.420523362409023,0.635787343278256
9.440524473581865,0.635864848523995
9.46052558475471,0.6359425312645044
9.480526695927551,0.6360203914619181
9.500527807100395,0.636098429078284
9.520528918273238,0.6361766440755631
9.540530029446082,0.6362550364156302
9.560531140618924,0.6363336060602736
9.580532251791766,0.636412352971195
9.60053336296461,0.6364912771100102
9.620534474137452,0.6365703784382478
9.640535585310296,0.636649656917351
9.660536696483138,0.6367291125086756
9.68053780765598,0.6368087451734921
9.700538918828824,0.6368885548729839
9.720540030001667,0.6369685415682484
9.74054114117451,0.6370487052202969
9.760542252347353,0.6371290457900541
9.780543363520195,0.6372095632383588
9.800544474693039,0.6372902575259631
9.820545585865881,0.6373711286135335
9.840546697038725,0.6374521764616501
9.860547808211567,0.6375334010308065
9.880548919384411,0.6376148022814105
9.900550030557254,0.6376963801737838
9.920551141730096,0.637778134668162
9.94055225290294,0.6378600657246943
9.960553364075782,0.6379421733034443
9.980554475248626,0.6380244573643891
10.000555586421468,0.63810691786742
10.02055669759431,0.6381895547723424
10.040557808767154,0.6382723680388757
10.060558919939997,0.638355357626653
10.08056003111284,0.6384385234952217
10.100561142285683,0.6385218656040434
10.120562253458527,0.6386053839124937
10.140563364631369,0.638689078379862
10.160564475804211,0.6387729489653524
10.180565586977055,0.6388569956280827
10.200566698149897,0.6389412183270851
10.220567809322741,0.6390256170213058
10.240568920495583,0.6391101916696054
10.260570031668426,0.6391949422307587
10.28057114284127,0.6392798686634547
10.300572254014112,0.6393649709262966
10.320573365186956,0.6394502489778021
10.340574476359798,0.639535702776403
10.36057558753264,0.6396213322804456
10.380576698705484,0.6397071374481904
10.400577809878326,0.6397931182378125
10.42057892105117,0.6398792746074011
10.440580032224013,0.6399656065149602
10.460581143396857,0.6400521139184076
10.480582254569699,0.6401387967755763
10.500583365742541,0.6402256550442132
10.520584476915385,0.6403126886819802
10.540585588088227,0.6403998976464533
10.560586699261071,0.640487281895123
10.580587810433913,0.640574841385395
10.600588921606755,0.6406625760745888
10.6205900327796,0.6407504859199388
10.640591143952442,0.6408385708785942
10.660592255125286,0.6409268309076185
10.680593366298128,0.6410152659639903
10.700594477470972,0.6411038760046024
10.720595588643814,0.6411926609862628
10.740596699816656,0.6412816208656937
10.7605978109895,0.6413707555995326
10.780598922162342,0.6414600651443313
10.800600033335186,0.6415495494565566
10.820601144508029,0.6416392084925902
10.84060225568087,0.6417290422087282
10.860603366853715,0.6418190505611822
10.880604478026557,0.6419092335060782
10.900605589199401,0.6419995909994574
10.920606700372243,0.6420901229972754
10.940607811545085,0.6421808294554034
10.96060892271793,0.6422717103296274
10.980610033890772,0.642362765575648
11.000611145063615,0.6424539951490811
11.020612256236458,0.6425453990054575
11.040613367409302,0.6426369771002232
11.060614478582144,0.6427287293887392
11.080615589754986,0.6428206558262816
11.10061670092783,0.6429127563680415
11.120617812100672,0.6430050309691253
11.140618923273516,0.6430974795845545
11.160620034446358,0.6431901021692656
11.1806211456192,0.6432828986781107
11.200622256792045,0.6433758690658569
11.220623367964887,0.6434690132871861
11.24062447913773,0.6435623312966963
11.260625590310573,0.6436558230489002
11.280626701483417,0.6437494884982262
11.30062781265626,0.6438433275990177
11.320628923829101,0.6439373403055335
11.340630035001945,0.6440315265719481
11.360631146174788,0.6441258863523508
11.380632257347632,0.6442204196007468
11.400633368520474,0.6443151262710569
11.420634479693316,0.6444100063171168
11.44063559086616,0.644505059692678
11.460636702039002,0.6446002863514075
11.480637813211846,0.6446956862468879
11.500638924384688,0.6447912593326173
11.52064003555753,0.6448870055620093
11.540641146730374,0.6449829248883931
11.560642257903217,0.6450790172650138
11.58064336907606,0.6451752826450319
11.600644480248903,0.6452717209815234
11.620645591421747,0.6453683322274804
11.640646702594589,0.6454651163358103
11.660647813767431,0.6455620732593367
11.680648924940275,0.6456592029507986
11.700650036113117,0.645756505362851
11.720651147285961,0.6458539804480645
11.740652258458804,0.6459516281589257
11.760653369631646,0.646049448447837
11.78065448080449,0.6461474412671167
11.800655591977332,0.646245606568999
11.820656703150176,0.646343944305634
11.840657814323018,0.6464424544290877
11.860658925495862,0.6465411368913421
11.880660036668704,0.6466399916442953
11.900661147841546,0.6467390186397614
11.92066225901439,0.6468382178294704
11.940663370187233,0.6469375891650684
11.960664481360077,0.6470371325981177
11.980665592532919,0.6471368480800966
12.000666703705761,0.6472367355623996
12.020667814878605,0.6473367949963376
12.040668926051447,0.6474370263331369
12.060670037224291,0.6475374295239409
12.080671148397133,0.6476380045198089
12.100672259569977,0.6477387512717163
12.12067337074282,0.647839669730555
12.140674481915662,0.647940759847133
12.160675593088506,0.6480420215721746
12.180676704261348,0.6481434548563209
12.200677815434192,0.6482450596501288
12.220678926607034,0.6483468359040719
12.240680037779876,0.6484487835685404
12.26068114895272,0.6485509025938404
12.280682260125563,0.6486531929301951
12.300683371298406,0.6487556545277435
12.320684482471249,0.6488582873365418
12.340685593644091,0.6489610913065627
12.360686704816935,0.6490640663876946
12.380687815989777,0.6491672125297436
12.400688927162621,0.6492705296824319
12.420690038335463,0.6493740177953982
12.440691149508307,0.649477676818198
12.46069226068115,0.6495815067003038
12.480693371853992,0.6496855073911043
12.500694483026836,0.6497896788399053
12.520695594199678,0.6498940209959294
12.540696705372522,0.6499985338083157
12.560697816545364,0.6501032172261202
12.580698927718206,0.6502080711983159
12.60070003889105,0.6503130956737926
12.620701150063892,0.6504182906013569
12.640702261236736,0.6505236559297323
12.660703372409579,0.6506291916075595
12.680704483582423,0.6507348975833958
12.700705594755265,0.6508407738057158
12.720706705928107,0.6509468202229108
12.740707817100951,0.6510530367832896
12.760708928273793,0.6511594234350775
12.780710039446637,0.6512659801264173
12.80071115061948,0.651372706805369
12.820712261792321,0.6514796034199091
12.840713372965165,0.6515866699179321
12.860714484138008,0.651693906247249
12.880715595310852,0.6518013123555885
12.900716706483694,0.6519088881905962
12.920717817656536,0.6520166336998352
12.94071892882938,0.6521245488307859
12.960720040002222,0.6522326335308458
12.980721151175066,0.65234088774733
13.000722262347908,0.6524493114274706
13.020723373520752,0.6525579045184176
13.040724484693595,0.6526666669672381
13.060725595866437,0.6527755987209167
13.08072670703928,0.6528846997263554
13.100727818212123,0.652993969930374
13.120728929384967,0.6531034092797092
13.14073004055781,0.6532130177210161
13.160731151730651,0.6533227952008668
13.180732262903495,0.653432741665751
13.200733374076338,0.6535428570620765
13.220734485249181,0.6536531413361681
13.240735596422024,0.6537635944342688
13.260736707594868,0.6538742163025391
13.28073781876771,0.6539850068870571
13.300738929940552,0.6540959661338189
13.320740041113396,0.6542070939887384
13.340741152286238,0.654318390397647
13.360742263459082,0.6544298553062946
13.380743374631924,0.654541488660348
13.400744485804767,0.6546532904053927
13.42074559697761,0.6547652604869317
13.440746708150453,0.6548773988503862
13.460747819323297,0.6549897054410951
13.480748930496139,0.6551021802043157
13.500750041668981,0.6552148230852228
13.520751152841825,0.6553276340289098
13.540752264014667,0.6554406129803876
13.560753375187511,0.6555537598845858
13.580754486360354,0.6556670746863515
13.600755597533198,0.6557805573304507
13.62075670870604,0.6558942077615669
13.640757819878882,0.6560080259243022
13.660758931051726,0.656122011763177
13.680760042224568,0.6562361652226295
13.700761153397412,0.6563504862470169
13.720762264570254,0.6564649747806138
13.740763375743096,0.6565796307676142
13.76076448691594,0.6566944541521298
13.780765598088783,0.6568094448781907
13.800766709261627,0.6569246028897457
13.820767820434469,0.657039928130662
13.840768931607313,0.6571554205447251
13.860770042780155,0.6572710800756393
13.880771153952997,0.657386906667027
13.900772265125841,0.6575029002624299
13.920773376298683,0.6576190608053074
13.940774487471527,0.6577353882390384
13.96077559864437,0.6578518825069197
13.980776709817212,0.6579685435521672
14.000777820990056,0.6580853713179153
14.020778932162898,0.6582023657472176
14.040780043335742,0.6583195267830456
14.060781154508584,0.6584368543682904
14.080782265681428,0.6585543484457617
14.10078337685427,0.6586720089581876
14.120784488027113,0.6587898358482156
14.140785599199956,0.658907829058412
14.160786710372799,0.6590259885312618
14.180787821545643,0.6591443142091694
14.200788932718485,0.6592628060344575
14.220790043891327,0.6593814639493685
14.240791155064171,0.6595002878960634
14.260792266237013,0.6596192778166226
14.280793377409857,0.6597384336530451
14.3007944885827,0.6598577553472496
14.320795599755542,0.6599772428410735
14.340796710928386,0.6600968960762739
14.360797822101228,0.6602167149945264
14.380798933274072,0.6603366995374265
14.400800044446914,0.6604568496464884
14.420801155619758,0.6605771652631462
14.4408022667926,0.660697646328753
14.460803377965442,0.660818292784581
14.480804489138286,0.6609391045718224
14.500805600311129,0.661060081631588
14.520806711483973,0.661181223904909
14.540807822656815,0.6613025313327352
14.560808933829657,0.6614240038559365
14.5808100450025,0.6615456414153019
14.600811156175343,0.6616674439515403
14.620812267348187,0.6617894114052799
14.64081337852103,0.6619115437170687
14.660814489693873,0.6620338408273744
14.680815600866715,0.662156302676584
14.700816712039558,0.6622789292050046
14.720817823212402,0.6624017203528628
14.740818934385244,0.6625246760603052
14.760820045558088,0.6626477962673978
14.78082115673093,0.6627710809141268
14.800822267903772,0.6628945299403981
14.820823379076616,0.6630181432860374
14.840824490249458,0.6631419208907903
14.860825601422302,0.6632658626943224
14.880826712595145,0.6633899686362195
14.900827823767987,0.6635142386559867
14.92082893494083,0.6636386726930501
14.940830046113673,0.6637632706867549
14.960831157286517,0.663888032576367
14.98083226845936,0.6640129583010721
15.000833379632203,0.6641380477999763
15.020834490805045,0.6642633010121056
15.040835601977887,0.6643887178764064
15.060836713150731,0.6645142983317454
15.080837824323574,0.664640042316909
15.100838935496418,0.6647659497706047
15.12084004666926,0.6648920206314595
15.140841157842102,0.6650182548380217
15.160842269014946,0.665144652328759
15.180843380187788,0.6652712130420602
15.200844491360632,0.6653979369162342
15.220845602533474,0.6655248238895104
15.240846713706318,0.6656518739000388
15.26084782487916,0.6657790868858899
15.280848936052003,0.6659064627850548
15.300850047224847,0.6660340015354451
15.320851158397689,0.6661617030748931
15.340852269570533,0.6662895673411516
15.360853380743375,0.6664175942718943
15.380854491916217,0.6665457838047154
15.400855603089061,0.66667413587713
15.420856714261904,0.6668026504265738
15.440857825434747,0.6669313273904036
15.46085893660759,0.6670601667058966
15.480860047780432,0.6671891683102513
15.500861158953276,0.6673183321405869
15.520862270126118,0.6674476581339434
15.540863381298962,0.6675771462272818
15.560864492471804,0.6677067963574844
15.580865603644648,0.6678366084613543
15.60086671481749,0.6679665824756154
15.620867825990333,0.668096718336913
15.640868937163177,0.6682270159818134
15.660870048336019,0.6683574753468042
15.680871159508863,0.6684880963682938
15.700872270681705,0.6686188789826122
15.720873381854547,0.6687498231260103
15.740874493027391,0.6688809287346607
15.760875604200233,0.6690121957446564
15.780876715373077,0.6691436240920132
15.80087782654592,0.6692752137126668
15.820878937718764,0.6694069645424752
15.840880048891606,0.6695388765172172
15.860881160064448,0.6696709495725937
15.880882271237292,0.6698031836442265
15.900883382410134,0.6699355786676593
15.920884493582978,0.6700681345783571
15.94088560475582,0.6702008513117066
15.960886715928662,0.6703337288030162
15.980887827101506,0.6704667669875157
16.00088893827435,0.6705999658003569
16.020890049447193,0.6707333251766128
16.040891160620035,0.6708668450512785
16.060892271792877,0.6710005253592709
16.08089338296572,0.6711343660354288
16.100894494138565,0.6712683670145121
16.120895605311407,0.6714025282312037
16.14089671648425,0.6715368496201074
16.16089782765709,0.6716713311157494
16.180898938829934,0.6718059726525778
16.20090005000278,0.6719407741649627
16.22090116117562,0.672075735587196
16.240902272348464,0.6722108568534921
16.260903383521306,0.672346137897987
16.280904494694152,0.6724815786547391
16.300905605866994,0.6726171790577289
16.320906717039836,0.6727529390408591
16.34090782821268,0.6728888585379547
16.36090893938552,0.6730249374827623
16.380910050558366,0.673161175808952
16.40091116173121,0.6732975734501149
16.42091227290405,0.6734341303397655
16.440913384076893,0.6735708464113401
16.460914495249735,0.6737077215981975
16.48091560642258,0.673844755833619
16.500916717595423,0.6739819490508085
16.520917828768265,0.6741193011828921
16.540918939941108,0.6742568121629184
16.56092005111395,0.6743944819238593
16.580921162286796,0.6745323103986083
16.600922273459638,0.6746702975199823
16.62092338463248,0.6748084432207203
16.640924495805322,0.6749467474334846
16.660925606978164,0.6750852100908598
16.68092671815101,0.6752238311253532
16.700927829323852,0.6753626104693954
16.720928940496695,0.6755015480553392
16.740930051669537,0.675640643815461
16.76093116284238,0.6757798976819591
16.780932274015225,0.6759193095869558
16.800933385188067,0.6760588794624958
16.82093449636091,0.6761986072405466
16.84093560753375,0.6763384928529993
16.860936718706597,0.6764785362316678
16.88093782987944,0.6766187373082888
16.90093894105228,0.6767590960145227
16.920940052225124,0.6768996122819524
16.940941163397966,0.6770402860420848
16.96094227457081,0.6771811172263493
16.980943385743654,0.677322105766099
17.000944496916496,0.6774632515926101
17.020945608089338,0.6776045546370824
17.04094671926218,0.6777460148306385
17.060947830435026,0.677887632104325
17.08094894160787,0.6780294063891116
17.10095005278071,0.6781713376158915
17.120951163953553,0.6783134257154817
17.140952275126395,0.6784556706186222
17.16095338629924,0.6785980722559772
17.180954497472083,0.6787406305581338
17.200955608644925,0.6788833454556034
17.220956719817767,0.6790262168788204
17.24095783099061,0.6791692447581437
17.260958942163455,0.679312429023855
17.280960053336297,0.6794557696061608
17.30096116450914,0.6795992664351906
17.320962275681982,0.6797429194409981
17.340963386854824,0.6798867285535606
17.36096449802767,0.6800306937027797
17.380965609200512,0.6801748148184807
17.400966720373354,0.6803190918304127
17.420967831546196,0.6804635246682496
17.440968942719042,0.680608113261588
17.460970053891884,0.6807528575399501
17.480971165064727,0.6808977574327808
17.50097227623757,0.6810428128694501
17.52097338741041,0.681188023779252
17.540974498583257,0.6813333900914045
17.5609756097561,0.6814789117350497
17.58097672092894,0.6816245886392547
17.600977832101783,0.6817704207330102
17.620978943274626,0.6819164079452313
17.64098005444747,0.6820625502047584
17.660981165620314,0.6822088474403548
17.680982276793156,0.6823552995807095
17.700983387965998,0.6825019065544355
17.72098449913884,0.6826486682900704
17.740985610311686,0.6827955847160765
17.760986721484528,0.6829426557608405
17.78098783265737,0.6830898813526736
17.800988943830212,0.6832372614198119
17.820990055003055,0.6833847958904165
17.8409911661759,0.6835324846925726
17.860992277348743,0.6836803277542904
17.880993388521585,0.6838283250035052
17.900994499694427,0.6839764763680769
17.920995610867273,0.6841247817757902
17.940996722040115,0.6842732411543548
17.960997833212957,0.6844218544314054
17.9809989443858,0.6845706215345018
18.00100005555864,0.6847195423911283
18.021001166731487,0.6848686169286952
18.04100227790433,0.6850178450745366
18.06100338907717,0.685167226755913
18.081004500250014,0.6853167619000092
18.101005611422856,0.6854664504339356
18.121006722595702,0.6856162922847278
18.141007833768544,0.6857662873793462
18.161008944941386,0.6859164356446774
18.18101005611423,0.6860667370075324
18.20101116728707,0.6862171913946484
18.221012278459916,0.6863677987326873
18.24101338963276,0.6865185589482369
18.2610145008056,0.6866694719678101
18.281015611978443,0.686820537717846
18.301016723151285,0.6869717561247084
18.32101783432413,0.6871231271146874
18.341018945496973,0.6872746506139982
18.361020056669815,0.687426326548782
18.381021167842658,0.6875781548451054
18.4010222790155,0.6877301354289612
18.421023390188346,0.6878822682262675
18.441024501361188,0.6880345531628684
18.46102561253403,0.6881869901645339
18.481026723706872,0.6883395791569595
18.501027834879718,0.6884923200657673
18.52102894605256,0.6886452128165048
18.541030057225402,0.6887982573346456
18.561031168398245,0.6889514535455895
18.581032279571087,0.6891048013746621
18.601033390743932,0.6892583007471154
18.621034501916775,0.6894119515881272
18.641035613089617,0.6895657538228017
18.66103672426246,0.6897197073761692
18.6810378354353,0.6898738121731862
18.701038946608147,0.6900280681387356
18.72104005778099,0.6901824751976267
18.74104116895383,0.6903370332745947
18.761042280126674,0.690491742294302
18.781043391299516,0.6906466021813364
18.80104450247236,0.690801612860213
18.821045613645204,0.6909567742553728
18.841046724818046,0.691112086291184
18.861047835990888,0.6912675488919408
18.88104894716373,0.691423161981864
18.901050058336576,0.6915789254851017
18.92105116950942,0.6917348393257279
18.94105228068226,0.6918909034277436
18.961053391855103,0.6920471177150767
18.981054503027945,0.6922034821115819
19.00105561420079,0.6923599965410404
19.021056725373633,0.6925166609271607
19.041057836546475,0.6926734751935778
19.061058947719317,0.692830439263854
19.081060058892163,0.6929875530614784
19.101061170065005,0.6931448165098671
19.121062281237847,0.6933022295323634
19.14106339241069,0.6934597920522374
19.161064503583532,0.6936175039926865
19.181065614756378,0.6937753652768354
19.20106672592922,0.6939333758277357
19.221067837102062,0.6940915355683668
19.241068948274904,0.6942498444216346
19.261070059447746,0.6944083023103729
19.281071170620592,0.6945669091573426
19.301072281793434,0.694725664885232
19.321073392966277,0.6948845694166572
19.34107450413912,0.6950436226741611
19.36107561531196,0.6952028245802147
19.381076726484807,0.6953621750572161
19.40107783765765,0.6955216740274912
19.42107894883049,0.6956813214132938
19.441080060003333,0.6958411171368046
19.461081171176176,0.6960010611201328
19.48108228234902,0.6961611532853149
19.501083393521863,0.6963213935543153
19.521084504694706,0.696481781849026
19.541085615867548,0.6966423180912671
19.56108672704039,0.6968030022027863
19.581087838213236,0.69696383410526
19.601088949386078,0.6971248137202912
19.62109006055892,0.6972859409694122
19.641091171731762,0.6974472157740828
19.661092282904608,0.6976086380556905
19.68109339407745,0.6977702077355517
19.701094505250293,0.6979319247349103
19.721095616423135,0.6980937889749388
19.741096727595977,0.6982558003767376
19.761097838768823,0.6984179588613357
19.781098949941665,0.6985802643496903
19.801100061114507,0.6987427167626866
19.82110117228735,0.6989053160211387
19.84110228346019,0.6990680620457889
19.861103394633037,0.6992309547573077
19.88110450580588,0.6993939940762948
19.90110561697872,0.6995571799232774
19.921106728151564,0.6997205122187122
19.941107839324406,0.6998839908829844
19.961108950497252,0.7000476158364073
19.981110061670094,0.7002113869992231
20.001111172842936,0.7003753042916032
20.02111228401578,0.7005393676336473
20.04111339518862,0.7007035769453841
20.061114506361466,0.700867932146771
20.08111561753431,0.7010324331576943
20.10111672870715,0.7011970798979694
20.121117839879993,0.7013618722873405
20.141118951052835,0.7015268102454808
20.16112006222568,0.7016918936919929
20.181121173398523,0.7018571225464079
20.201122284571365,0.7020224967281865
20.221123395744208,0.7021880161567182
20.241124506917053,0.702353680751322
20.261125618089896,0.7025194904312461
20.281126729262738,0.7026854451156677
20.30112784043558,0.7028515447236936
20.321128951608422,0.7030177891743599
20.341130062781268,0.7031841783866319
20.36113117395411,0.7033507122794048
20.381132285126952,0.7035173907715027
20.401133396299794,0.7036842137816799
20.421134507472637,0.7038511812286193
20.441135618645482,0.7040182930309344
20.461136729818325,0.7041855491071677
20.481137840991167,0.7043529493757916
20.50113895216401,0.7045204937552082
20.52114006333685,0.7046881821637493
20.541141174509697,0.7048560145196765
20.56114228568254,0.7050239907411813
20.58114339685538,0.705192110746385
20.601144508028224,0.7053603744533389
20.621145619201066,0.7055287817800242
20.64114673037391,0.7056973326443519
20.661147841546754,0.7058660269641635
20.681148952719596,0.7060348646572301
20.701150063892438,0.7062038456412533
20.72115117506528,0.7063729698338646
20.741152286238126,0.7065422371526257
20.76115339741097,0.7067116475150286
20.78115450858381,0.7068812008384956
20.801155619756653,0.7070508970403793
20.8211567309295,0.7072207360379628
20.84115784210234,0.7073907177484591
20.861158953275183,0.7075608420890122
20.881160064448025,0.7077311089766962
20.901161175620867,0.707901518328516
20.921162286793713,0.708072070061407
20.941163397966555,0.7082427640922349
20.961164509139397,0.7084136003377963
20.98116562031224,0.7085845787148187
21.001166731485082,0.7087556991399597
21.021167842657928,0.7089269615298084
21.04116895383077,0.7090983658008838
21.061170065003612,0.7092699118696367
21.081171176176454,0.7094415996524481
21.101172287349296,0.7096134290656304
21.121173398522142,0.7097854000254264
21.141174509694984,0.7099575124480106
21.161175620867827,0.7101297662494879
21.18117673204067,0.7103021613458946
21.20117784321351,0.710474697653198
21.221178954386357,0.710647375087297
21.2411800655592,0.710820193564021
21.26118117673204,0.7109931529991314
21.281182287904883,0.71116625330832
21.301183399077726,0.7113394944072108
21.32118451025057,0.7115128762113587
21.341185621423413,0.7116863986362502
21.361186732596256,0.711860061597303
21.381187843769098,0.7120338650098668
21.401188954941944,0.7122078087892221
21.421190066114786,0.7123818928505816
21.441191177287628,0.7125561171090895
21.46119228846047,0.7127304814798214
21.481193399633312,0.7129049858777851
21.501194510806158,0.7130796302179194
21.521195621979,0.7132544144150956
21.541196733151843,0.7134293383841166
21.561197844324685,0.7136044020397168
21.581198955497527,0.7137796052965629
21.601200066670373,0.7139549480692537
21.621201177843215,0.7141304302723196
21.641202289016057,0.7143060518202231
21.6612034001889,0.7144818126273591
21.68120451136174,0.7146577126080543
21.701205622534587,0.7148337516765678
21.72120673370743,0.7150099297470904
21.74120784488027,0.715186246733746
21.761208956053114,0.7153627025505898
21.781210067225956,0.71553929711161
21.801211178398802,0.7157160303307271
21.821212289571644,0.7158929021217939
21.841213400744486,0.7160699123985956
21.86121451191733,0.7162470610748499
21.88121562309017,0.7164243480642073
21.901216734263016,0.7166017732802504
21.92121784543586,0.7167793366364948
21.9412189566087,0.7169570380463888
21.961220067781543,0.717134877423313
21.98122117895439,0.7173128546805814
22.00122229012723,0.7174909697314399
22.021223401300073,0.7176692224890681
22.041224512472915,0.717847612866578
22.061225623645758,0.7180261407770148
22.081226734818603,0.7182048061333561
22.101227845991446,0.7183836088485134
22.121228957164288,0.7185625488353304
22.14123006833713,0.7187416260065844
22.161231179509972,0.7189208402749857
22.181232290682818,0.7191001915531776
22.20123340185566,0.7192796797537366
22.221234513028502,0.7194593047891731
22.241235624201344,0.7196390665719297
22.261236735374187,0.7198189650143836
22.281237846547032,0.7199990000288441
22.301238957719875,0.7201791715275551
22.321240068892717,0.7203594794226931
22.34124118006556,0.7205399236263685
22.3612422912384,0.7207205040506255
22.381243402411247,0.7209012206074413
22.40124451358409,0.7210820732087273
22.42124562475693,0.721263061766328
22.441246735929774,0.7214441861920224
22.461247847102616,0.7216254463975225
22.48124895827546,0.7218068422944747
22.501250069448304,0.7219883737944588
22.521251180621146,0.7221700408089888
22.541252291793988,0.7223518432495126
22.561253402966834,0.7225337810274124
22.581254514139676,0.7227158540540033
22.60125562531252,0.7228980622405359
22.62125673648536,0.7230804054981941
22.641257847658203,0.723262883738096
22.66125895883105,0.7234454968712942
22.68126007000389,0.7236282448087754
22.701261181176733,0.7238111274614604
22.721262292349575,0.7239941447402046
22.741263403522417,0.7241772965557978
22.761264514695263,0.7243605828189641
22.781265625868105,0.7245440034403619
22.801266737040947,0.7247275583305841
22.82126784821379,0.7249112474001591
22.841268959386632,0.7250950705595482
22.861270070559478,0.7252790277191492
22.88127118173232,0.7254631187892928
22.901272292905162,0.7256473436802457
22.921273404078004,0.7258317023022091
22.941274515250846,0.7260161945653185
22.961275626423692,0.7262008203796448
22.981276737596534,0.7263855796551937
23.001277848769377,0.7265704723019055
23.02127895994222,0.726755498229656
23.04128007111506,0.7269406573482557
23.061281182287907,0.7271259495674505
23.08128229346075,0.7273113747969207
23.10128340463359,0.7274969329462824
23.121284515806433,0.7276826239250871
23.14128562697928,0.727868447642821
23.16128673815212,0.7280544040089059
23.181287849324963,0.7282404929326987
23.201288960497806,0.7284267143234919
23.221290071670648,0.7286130680905134
23.241291182843494,0.7287995541429264
23.261292294016336,0.7289861723898301
23.281293405189178,0.7291729227402586
23.30129451636202,0.729359805103182
23.321295627534862,0.729546819387506
23.341296738707708,0.7297339655020723
23.36129784988055,0.7299212433556574
23.381298961053393,0.7301086528569749
23.401300072226235,0.7302961939146728
23.421301183399077,0.7304838664373363
23.441302294571923,0.7306716703334857
23.461303405744765,0.7308596055115775
23.481304516917607,0.7310476718800042
23.50130562809045,0.7312358693470944
23.52130673926329,0.7314241978211127
23.541307850436137,0.7316126572102599
23.56130896160898,0.7318012474226729
23.58131007278182,0.731989968366425
23.601311183954664,0.7321788199495258
23.62131229512751,0.7323678020799209
23.641313406300352,0.7325569146654927
23.661314517473194,0.7327461576140593
23.681315628646036,0.7329355308333761
23.70131673981888,0.7331250342311348
23.721317850991724,0.7333146677149631
23.741318962164566,0.733504431192426
23.76132007333741,0.7336943245710247
23.78132118451025,0.7338843477581971
23.801322295683093,0.7340745006613179
23.82132340685594,0.7342647831876987
23.84132451802878,0.7344551952445877
23.861325629201623,0.7346457367391702
23.881326740374465,0.734836407578568
23.901327851547308,0.7350272076698405
23.921328962720153,0.7352181369199835
23.941330073892996,0.7354091952359302
23.961331185065838,0.7356003825245505
23.98133229623868,0.7357916986926519
24.001333407411522,0.7359831436469788
24.021334518584368,0.7361747172942128
24.04133562975721,0.736366419540973
24.061336740930052,0.7365582502938157
24.081337852102894,0.7367502094592343
24.101338963275737,0.73694229694366
24.121340074448582,0.7371345126534614
24.141341185621425,0.7373268564949441
24.161342296794267,0.7375193283743522
24.18134340796711,0.7377119281978661
24.201344519139955,0.7379046558716055
24.221345630312797,0.7380975113016259
24.24134674148564,0.7382904943939219
24.26134785265848,0.7384836050544255
24.281348963831324,0.7386768431890063
24.30135007500417,0.738870208703472
24.32135118617701,0.739063701503568
24.341352297349854,0.739257321494978
24.361353408522696,0.7394510685833233
24.381354519695538,0.7396449426741634
24.401355630868384,0.7398389436729961
24.421356742041226,0.740033071485257
24.44135785321407,0.7402273260163199
24.46135896438691,0.7404217071714975
24.481360075559753,0.7406162148560398
24.5013611867326,0.7408108489751358
24.52136229790544,0.7410056094339126
24.541363409078283,0.7412004961374358
24.561364520251125,0.7413955089907094
24.581365631423967,0.7415906478986758
24.601366742596813,0.7417859127662163
24.621367853769655,0.7419813034981506
24.641368964942497,0.7421768199992369
24.66137007611534,0.7423724621741723
24.681371187288182,0.7425682299275927
24.701372298461028,0.7427641231640725
24.72137340963387,0.7429601417881253
24.741374520806712,0.7431562857042031
24.761375631979554,0.7433525548166975
24.7813767431524,0.7435489490299383
24.801377854325242,0.743745468248195
24.821378965498084,0.7439421123756758
24.841380076670927,0.744138881316528
24.86138118784377,0.7443357749748383
24.881382299016614,0.7445327932546322
24.901383410189457,0.744729936059875
24.9213845213623,0.7449272032944709
24.94138563253514,0.7451245948622636
24.961386743707983,0.745322110667036
24.98138785488083,0.7455197506125109
25.00138896605367,0.7457175146023498
25.021390077226513,0.7459154025401548
25.041391188399356,0.7461134143294667
25.061392299572198,0.7463115498737662
25.081393410745044,0.7465098090764739
25.101394521917886,0.7467081918409497
25.121395633090728,0.7469066980704937
25.14139674426357,0.7471053276683455
25.161397855436412,0.7473040805376847
25.181398966609258,0.7475029565816309
25.2014000777821,0.7477019557032435
25.221401188954943,0.7479010778055218
25.241402300127785,0.7481003227914058
25.261403411300627,0.7482996905637747
25.281404522473473,0.7484991810254484
25.301405633646315,0.7486987940791867
25.321406744819157,0.7488985296276901
25.341407855992,0.7490983875735989
25.361408967164845,0.7492983678194941
25.381410078337687,0.7494984702678968
25.40141118951053,0.7496986948212687
25.42141230068337,0.7498990413820119
25.441413411856214,0.7500995098524692
25.46141452302906,0.7503001001349238
25.481415634201902,0.7505008121315994
25.501416745374744,0.7507016457446607
25.521417856547586,0.7509026008762127
25.54141896772043,0.751103677428302
25.561420078893274,0.751304875302915
25.581421190066116,0.7515061944019794
25.60142230123896,0.751707634627364
25.6214234124118,0.7519091958808782
25.641424523584643,0.7521108780642728
25.66142563475749,0.7523126810792392
25.68142674593033,0.7525146048274103
25.701427857103173,0.7527166492103597
25.721428968276015,0.7529188141296028
25.741430079448858,0.7531210994865958
25.761431190621703,0.7533235051827365
25.781432301794545,0.7535260311193634
25.801433412967388,0.7537286771977574
25.82143452414023,0.7539314433191397
25.841435635313072,0.7541343293846743
25.861436746485918,0.7543373352954653
25.88143785765876,0.7545404609525596
25.901438968831602,0.7547437062569449
25.921440080004444,0.7549470711095512
25.94144119117729,0.7551505554112495
25.961442302350132,0.7553541590628534
25.981443413522975,0.7555578819651178
26.001444524695817,0.7557617240187395
26.02144563586866,0.7559656851243575
26.041446747041505,0.7561697651825523
26.061447858214347,0.756373964093847
26.08144896938719,0.7565782817587063
26.10145008056003,0.7567827180775373
26.121451191732874,0.7569872729506891
26.14145230290572,0.7571919462784531
26.16145341407856,0.7573967379610629
26.181454525251404,0.7576016478986944
26.201455636424246,0.7578066759914659
26.221456747597088,0.7580118221394381
26.241457858769934,0.7582170862426141
26.261458969942776,0.7584224682009396
26.28146008111562,0.7586279679143029
26.30146119228846,0.7588335852825345
26.321462303461303,0.7590393202054083
26.34146341463415,0.75924517258264
26.36146452580699,0.759451142313889
26.381465636979833,0.7596572292987565
26.401466748152675,0.7598634334367873
26.421467859325517,0.7600697546274688
26.441468970498363,0.7602761927702315
26.461470081671205,0.7604827477644487
26.481471192844047,0.7606894195094367
26.50147230401689,0.7608962079044551
26.521473415189735,0.7611031128487067
26.541474526362578,0.7613101342413371
26.56147563753542,0.7615172719814354
26.581476748708262,0.761724525968034
26.601477859881104,0.7619318961001085
26.62147897105395,0.7621393822765784
26.641480082226792,0.7623469843963058
26.661481193399634,0.7625547023580969
26.681482304572476,0.7627625360607011
26.70148341574532,0.7629704854028116
26.721484526918164,0.7631785502830652
26.741485638091007,0.7633867306000424
26.76148674926385,0.763595026252267
26.78148786043669,0.7638034371382074
26.801488971609533,0.7640119631562752
26.82149008278238,0.764220604204826
26.84149119395522,0.7644293601821593
26.861492305128063,0.7646382309865188
26.881493416300906,0.7648472165160922
26.901494527473748,0.7650563166690111
26.921495638646594,0.7652655313433514
26.941496749819436,0.7654748604371326
26.961497860992278,0.7656843038483195
26.98149897216512,0.7658938614748203
27.001500083337962,0.7661035332144879
27.021501194510808,0.7663133189651193
27.04150230568365,0.7665232186244563
27.061503416856493,0.766733232090185
27.081504528029335,0.7669433592599357
27.10150563920218,0.7671536000312842
27.121506750375023,0.7673639543017495
27.141507861547865,0.767574421968797
27.161508972720707,0.7677850029298351
27.18151008389355,0.7679956970822184
27.201511195066395,0.7682065043232453
27.221512306239237,0.7684174245501597
27.24151341741208,0.7686284576601503
27.26151452858492,0.7688396035503505
27.281515639757764,0.769050862117839
27.30151675093061,0.7692622332596395
27.321517862103452,0.7694737168727208
27.341518973276294,0.7696853128539971
27.361520084449136,0.7698970211003273
27.38152119562198,0.770108841508516
27.401522306794824,0.7703207739753133
27.421523417967666,0.770532818397414
27.44152452914051,0.7707449746714591
27.46152564031335,0.7709572426940345
27.481526751486193,0.771169622361672
27.50152786265904,0.7713821135708487
27.52152897383188,0.7715947162179876
27.541530085004723,0.7718074301994571
27.561531196177565,0.7720202554115715
27.581532307350408,0.7722331917505909
27.601533418523253,0.7724462391127211
27.621534529696095,0.7726593973941139
27.641535640868938,0.7728726664908669
27.66153675204178,0.7730860462990242
27.681537863214626,0.773299536714575
27.701538974387468,0.7735131376334554
27.72154008556031,0.7737268489515472
27.741541196733152,0.7739406705646785
27.761542307905994,0.7741546023686239
27.78154341907884,0.7743686442591038
27.801544530251682,0.7745827961317854
27.821545641424525,0.7747970578822818
27.841546752597367,0.7750114294061531
27.86154786377021,0.7752259105989054
27.881548974943055,0.7754405013559919
27.901550086115897,0.7756552015728115
27.92155119728874,0.7758700111447108
27.94155230846158,0.7760849299669823
27.961553419634424,0.7762999579348656
27.98155453080727,0.7765150949435471
28.00155564198011,0.7767303408881601
28.021556753152954,0.7769456956637844
28.041557864325796,0.777161159165447
28.061558975498638,0.7773767312881223
28.081560086671484,0.7775924119267312
28.101561197844326,0.7778082009761419
28.12156230901717,0.7780240983311697
28.14156342019001,0.7782401038865773
28.161564531362856,0.7784562175370743
28.1815656425357,0.778672439177318
28.20156675370854,0.7788887687019126
28.221567864881383,0.7791052060054107
28.241568976054225,0.7793217509823107
28.26157008722707,0.7795384035270605
28.281571198399913,0.7797551635340536
28.301572309572755,0.7799720308976327
28.321573420745597,0.7801890055120873
28.34157453191844,0.780406087271655
28.361575643091285,0.7806232760705207
28.381576754264128,0.7808405718028179
28.40157786543697,0.7810579743626271
28.421578976609812,0.7812754836439776
28.441580087782654,0.7814930995408458
28.4615811989555,0.7817108219471569
28.481582310128342,0.7819286507567837
28.501583421301184,0.7821465858635472
28.521584532474026,0.782364627161217
28.54158564364687,0.7825827745435102
28.561586754819714,0.782801027904093
28.581587865992557,0.7830193871365793
28.6015889771654,0.7832378521345316
28.62159008833824,0.7834564227914611
28.641591199511083,0.783675099000827
28.66159231068393,0.7838938806560375
28.68159342185677,0.7841127676504492
28.701594533029613,0.7843317598773675
28.721595644202456,0.7845508572300461
28.7415967553753,0.7847700596016882
28.761597866548144,0.7849893668854447
28.781598977720986,0.7852087789744168
28.801600088893828,0.7854282957616531
28.82160120006667,0.7856479171401523
28.841602311239516,0.7858676430028617
28.861603422412358,0.7860874732426776
28.8816045335852,0.7863074077524455
28.901605644758043,0.7865274464249601
28.921606755930885,0.7867475891529654
28.94160786710373,0.7869678358291544
28.961608978276573,0.7871881863461697
28.981610089449415,0.7874086405966032
29.001611200622257,0.7876291984729964
29.0216123117951,0.7878498598678398
29.041613422967945,0.7880706246735741
29.061614534140787,0.788291492782589
29.08161564531363,0.7885124640872243
29.10161675648647,0.7887335384797691
29.121617867659314,0.7889547158524626
29.14161897883216,0.7891759960974936
29.161620090005,0.7893973791070009
29.181621201177844,0.7896188647730731
29.201622312350686,0.7898404529877486
29.22162342352353,0.7900621436430162
29.241624534696374,0.7902839366308145
29.261625645869216,0.7905058318430322
29.28162675704206,0.7907278291715083
29.3016278682149,0.7909499285080323
29.321628979387746,0.7911721297443429
29.34163009056059,0.7913944327721307
29.36163120173343,0.7916168374830352
29.381632312906273,0.7918393437686475
29.401633424079115,0.7920619515205085
29.42163453525196,0.7922846606301098
29.441635646424803,0.7925074709888936
29.461636757597645,0.7927303824882529
29.481637868770488,0.7929533950195311
29.50163897994333,0.7931765084740225
29.521640091116176,0.7933997227429725
29.541641202289018,0.7936230377175769
29.56164231346186,0.7938464532889827
29.581643424634702,0.7940699693482876
29.601644535807544,0.7942935857865405
29.62164564698039,0.7945173024947415
29.641646758153232,0.7947411193638418
29.661647869326075,0.7949650362847431
29.681648980498917,0.7951890531482995
29.70165009167176,0.7954131698453153
29.721651202844605,0.795637386266547
29.741652314017447,0.7958617023027019
29.76165342519029,0.7960861178444387
29.78165453636313,0.7963106327823686
29.801655647535974,0.7965352470070526
29.82165675870882,0.7967599604090052
29.84165786988166,0.7969847728786909
29.861658981054504,0.7972096843065272
29.881660092227346,0.7974346945828823
29.90166120340019,0.7976598035980773
29.921662314573034,0.7978850112423842
29.941663425745876,0.7981103174060276
29.96166453691872,0.7983357219791836
29.98166564809156,0.7985612248519807
30.001666759264406,0.7987868259144992
30.02166787043725,0.7990125250567718
30.04166898161009,0.7992383221687831
30.061670092782933,0.7994642171404701
30.081671203955775,0.7996902098617225
30.10167231512862,0.7999163002223812
30.121673426301463,0.8001424881122412
30.141674537474305,0.8003687734210481
30.161675648647147,0.8005951560385014
30.18167675981999,0.8008216358542528
30.201677870992835,0.8010482127579064
30.221678982165677,0.8012748866390189
30.24168009333852,0.8015016573871003
30.261681204511362,0.8017285248916127
30.281682315684204,0.8019554890419713
30.30168342685705,0.8021825497275448
30.321684538029892,0.8024097068376536
30.341685649202734,0.8026369602615722
30.361686760375576,0.8028643098885274
30.38168787154842,0.8030917556077
30.401688982721264,0.8033192973082226
30.421690093894107,0.8035469348791826
30.44169120506695,0.8037746682096192
30.46169231623979,0.8040024971885262
30.481693427412637,0.8042304217048498
30.50169453858548,0.8044584416474903
30.52169564975832,0.804686556905301
30.541696760931163,0.8049147673670889
30.561697872104006,0.8051430729216148
30.58169898327685,0.8053714734575929
30.601700094449694,0.8055999688636912
30.621701205622536,0.8058285590285312
30.641702316795378,0.806057243840689
30.66170342796822,0.8062860231886935
30.681704539141066,0.8065148969610284
30.701705650313908,0.8067438650461306
30.72170676148675,0.8069729273323918
30.741707872659592,0.8072020837081573
30.761708983832435,0.8074313340617266
30.78171009500528,0.8076606782813536
30.801711206178123,0.8078901162552461
30.821712317350965,0.8081196478715664
30.841713428523807,0.8083492730184313
30.86171453969665,0.8085789915839119
30.881715650869495,0.8088088034560333
30.901716762042337,0.8090387085227763
30.92171787321518,0.8092687066720745
30.94171898438802,0.8094987977918182
30.961720095560864,0.8097289817698505
30.98172120673371,0.8099592584939705
31.00172231790655,0.8101896278519315
31.021723429079394,0.8104200897314418
31.041724540252236,0.8106506440201646
31.061725651425082,0.8108812906057181
31.081726762597924,0.8111120293756755
31.101727873770766,0.811342860217565
31.12172898494361,0.8115737830188698
31.14173009611645,0.8118047976670284
31.161731207289296,0.812035904049435
31.18173231846214,0.8122671020534381
31.20173342963498,0.8124983915663426
31.221734540807823,0.8127297724754077
31.241735651980665,0.8129612446678491
31.26173676315351,0.8131928080308373
31.281737874326353,0.8134244624514987
31.301738985499195,0.8136562078169151
31.321740096672038,0.8138880440141241
31.34174120784488,0.814119970930119
31.361742319017726,0.8143519884518489
31.381743430190568,0.8145840964662187
31.40174454136341,0.814816294860089
31.421745652536252,0.8150485835202771
31.441746763709094,0.8152809623335551
31.46174787488194,0.8155134311866524
31.481748986054782,0.8157459899662534
31.501750097227625,0.8159786385589997
31.521751208400467,0.8162113768514878
31.54175231957331,0.8164442047302721
31.561753430746155,0.8166771220818622
31.581754541918997,0.8169101287927243
31.60175565309184,0.8171432247492814
31.62175676426468,0.8173764098379124
31.641757875437527,0.8176096839449534
31.66175898661037,0.8178430469566965
31.68176009778321,0.8180764987593909
31.701761208956054,0.8183100392392424
31.721762320128896,0.8185436682824139
31.74176343130174,0.818777385775024
31.761764542474584,0.81901119160315
31.781765653647426,0.819245085652824
31.801766764820268,0.819479067810037
31.82176787599311,0.819713137960736
31.841768987165956,0.8199472959908254
31.8617700983388,0.8201815417861668
31.88177120951164,0.8204158752325789
31.901772320684483,0.8206502962158376
31.921773431857325,0.8208848046216763
31.94177454303017,0.8211194003357863
31.961775654203013,0.821354083243815
31.981776765375855,0.8215888532313687
32.0017778765487,0.82182371018401
32.02177898772154,0.8220586539872605
32.041780098894385,0.8222936845265981
32.061781210067224,0.8225288016874595
32.08178232124007,0.8227640053552384
32.101783432412915,0.8229992954152869
32.121784543585754,0.8232346717529144
32.1417856547586,0.823470134253389
32.16178676593144,0.8237056828019361
32.181787877104284,0.8239413172837395
32.20178898827713,0.8241770375839411
32.22179009944997,0.8244128435876408
32.241791210622814,0.8246487351798971
32.26179232179565,0.8248847122457262
32.2817934329685,0.8251207746701035
32.301794544141345,0.8253569223379614
32.32179565531418,0.8255931551341924
32.34179676648703,0.8258294729436464
32.36179787765987,0.8260658756511321
32.38179898883271,0.826302363141417
32.40180010000556,0.8265389352992272
32.4218012111784,0.8267755920092474
32.44180232235124,0.8270123331561212
32.46180343352409,0.827249158624451
32.48180454469693,0.827486068298798
32.501805655869774,0.827723062063683
32.52180676704261,0.8279601398035845
32.54180787821546,0.8281973014029416
32.561808989388304,0.828434546746151
32.58181010056114,0.8286718757175701
32.60181121173399,0.8289092882015143
32.62181232290683,0.8291467840822591
32.64181343407967,0.8293843632440387
32.66181454525252,0.8296220255710475
32.68181565642536,0.8298597709474382
32.7018167675982,0.8300975992573244
32.72181787877104,0.8303355103847783
32.74181898994389,0.8305735042138318
32.76182010111673,0.8308115806284773
32.78182121228957,0.8310497395126656
32.80182232346242,0.8312879807503089
32.821823434635256,0.8315263042252775
32.8418245458081,0.8317647098214034
32.86182565698095,0.832003197422477
32.881826768153786,0.8322417669122497
32.90182787932663,0.832480418174433
32.92182899049947,0.8327191510926978
32.941830101672316,0.8329579655506758
32.96183121284516,0.8331968614319588
32.981832324018,0.8334358386200991
33.001833435190846,0.8336748969986087
33.021834546363685,0.8339140364509611
33.04183565753653,0.8341532568605892
33.06183676870938,0.8343925581108873
33.081837879882215,0.8346319400852095
33.10183899105506,0.8348714026668715
33.1218401022279,0.8351109457391486
33.141841213400745,0.8353505691852778
33.16184232457359,0.8355902728884566
33.18184343574643,0.8358300567318431
33.201844546919276,0.8360699205985568
33.221845658092114,0.8363098643716778
33.24184676926496,0.8365498879342477
33.261847880437806,0.8367899911692687
33.281848991610644,0.8370301739597044
33.30185010278349,0.8372704361884794
33.32185121395633,0.8375107777384805
33.341852325129175,0.8377511984925543
33.36185343630202,0.8379916983335104
33.38185454747486,0.8382322771441183
33.401855658647705,0.8384729348071105
33.42185676982054,0.8387136712051797
33.44185788099339,0.8389544862209815
33.461858992166235,0.839195379737132
33.48186010333907,0.8394363516362099
33.50186121451192,0.8396774018007552
33.52186232568476,0.8399185301132699
33.541863436857604,0.8401597364562184
33.56186454803045,0.840401020712026
33.58186565920329,0.8406423827630809
33.601866770376134,0.8408838224917328
33.62186788154898,0.8411253397802945
33.64186899272182,0.8413669345110395
33.661870103894664,0.8416086065662051
33.6818712150675,0.8418503558279895
33.70187232624035,0.8420921821785546
33.721873437413194,0.8423340855000239
33.74187454858603,0.8425760656744832
33.76187565975888,0.8428181225839815
33.78187677093172,0.84306025611053
33.80187788210456,0.8433024661361029
33.82187899327741,0.8435447525426365
33.84188010445025,0.8437871152120304
33.86188121562309,0.8440295540261469
33.88188232679593,0.844272068866811
33.90188343796878,0.8445146596158108
33.92188454914162,0.8447573261548975
33.94188566031446,0.8450000683657851
33.96188677148731,0.8452428861301511
33.981887882660146,0.8454857793296355
34.00188899383299,0.8457287478458423
34.02189010500584,0.8459717915603382
34.041891216178676,0.8462149103546538
34.06189232735152,0.8464581041102824
34.08189343852436,0.8467013727086814
34.10189454969721,0.8469447160312714
34.12189566087005,0.8471881339594367
34.14189677204289,0.847431626374525
34.16189788321574,0.8476751931578481
34.181898994388575,0.847918834190681
34.20190010556142,0.8481625493542633
34.22190121673427,0.8484063385297976
34.241902327907106,0.8486502015984508
34.26190343907995,0.8488941384413541
34.28190455025279,0.8491381489396022
34.301905661425636,0.8493822329742542
34.32190677259848,0.8496263904263333
34.34190788377132,0.8498706211768268
34.361908994944166,0.8501149251066866
34.381910106117004,0.8503593020968284
34.40191121728985,0.8506037520281329
34.421912328462696,0.8508482747814446
34.441913439635535,0.8510928702375732
34.46191455080838,0.8513375382772923
34.48191566198122,0.8515822787813405
34.501916773154065,0.851827091630421
34.52191788432691,0.852071976705202
34.54191899549975,0.8523169338863157
34.561920106672595,0.8525619630543602
34.581921217845434,0.8528070640898975
34.60192232901828,0.8530522368734557
34.621923440191125,0.8532974812855266
34.641924551363964,0.8535427972065681
34.66192566253681,0.8537881845170029
34.68192677370965,0.854033643097219
34.701927884882494,0.8542791728275694
34.72192899605534,0.8545247735883726
34.74193010722818,0.8547704452599126
34.761931218401024,0.8550161877224388
34.78193232957387,0.8552620008561658
34.80193344074671,0.8555078845412738
34.821934551919554,0.8557538386579091
34.84193566309239,0.8559998630861831
34.86193677426524,0.8562459577061734
34.881937885438084,0.856492122397923
34.90193899661092,0.8567383570414409
34.92194010778377,0.8569846615167018
34.94194121895661,0.8572310357036468
34.96194233012945,0.8574774794821828
34.9819434413023,0.8577239927321826
35.00194455247514,0.8579705753334853
35.02194566364798,0.8582172271658962
35.04194677482082,0.8584639481091869
35.06194788599367,0.8587107380430952
35.08194899716651,0.8589575968473253
35.10195010833935,0.8592045244015478
35.1219512195122,0.8594515205853999
35.14195233068504,0.8596985852784853
35.16195344185788,0.8599457183603744
35.18195455303073,0.860192919710604
35.20195566420357,0.8604401892086776
35.22195677537641,0.8606875267340659
35.24195788654925,0.8609349321662062
35.2619589977221,0.8611824053845029
35.28196010889494,0.8614299462683266
35.30196122006778,0.8616775546970159
35.32196233124063,0.861925230549876
35.341963442413466,0.8621729737061792
35.36196455358631,0.862420784045165
35.38196566475916,0.8626686614460405
35.401966775931996,0.8629166057879795
35.42196788710484,0.8631646169501238
35.44196899827768,0.8634126948115821
35.461970109450526,0.8636608392514311
35.48197122062337,0.8639090501487147
35.50197233179621,0.8641573273824442
35.521973442969056,0.8644056708315991
35.541974554141895,0.8646540803751264
35.56197566531474,0.8649025558919408
35.581976776487586,0.8651510972609248
35.601977887660425,0.865399704360929
35.62197899883327,0.8656483770707717
35.64198011000611,0.8658971152692395
35.661981221178955,0.8661459188350872
35.6819823323518,0.8663947876470371
35.70198344352464,0.8666437215837801
35.721984554697485,0.8668927205239758
35.741985665870324,0.867141784346251
35.76198677704317,0.867390912929202
35.781987888216015,0.8676401061513929
35.801988999388854,0.8678893638913563
35.8219901105617,0.8681386860275939
35.841991221734546,0.8683880724385754
35.861992332907384,0.8686375230027392
35.88199344408023,0.8688870375984931
35.90199455525307,0.8691366161042126
35.921995666425914,0.869386258398243
35.94199677759876,0.8696359643588982
35.9619978887716,0.8698857338644608
35.981998999944445,0.8701355667931829
36.00200011111728,0.8703854630232852
36.02200122229013,0.8706354224329581
36.042002333462975,0.8708854449003607
36.06200344463581,0.8711355303036212
36.08200455580866,0.871385678520838
36.1020056669815,0.8716358894300781
36.12200677815434,0.8718861629093783
36.14200788932719,0.8721364988367448
36.16200900050003,0.872386897090153
36.182010111672874,0.8726373575475488
36.20201122284571,0.8728878800868469
36.22201233401856,0.8731384645859323
36.242013445191404,0.8733891109226594
36.26201455636424,0.8736398189748527
36.28201566753709,0.8738905886203066
36.30201677870993,0.8741414197367854
36.32201788988277,0.8743923122020235
36.34201900105562,0.8746432658937255
36.36202011222846,0.8748942806895658
36.3820212234013,0.8751453564671894
36.40202233457414,0.8753964931042113
36.42202344574699,0.8756476904782171
36.44202455691983,0.8758989484667625
36.46202566809267,0.8761502669473739
36.48202677926552,0.8764016457975481
36.502027890438356,0.8766530848947524
36.5220290016112,0.8769045841164249
36.54203011278405,0.8771561433399745
36.562031223956886,0.8774077624427802
36.58203233512973,0.8776594413021926
36.60203344630257,0.8779111797955329
36.622034557475416,0.8781629778000931
36.64203566864826,0.8784148351931362
36.6620367798211,0.8786667518518964
36.682037890993946,0.8789187276535788
36.702039002166785,0.8791707624753601
36.72204011333963,0.8794228561943878
36.74204122451248,0.8796750086877806
36.762042335685315,0.879927219832629
36.78204344685816,0.8801794895059949
36.802044558031,0.880431817584911
36.822045669203845,0.8806842039463824
36.84204678037669,0.8809366484673851
36.86204789154953,0.8811891510248672
36.882049002722376,0.8814417114957482
36.902050113895214,0.8816943297569197
36.92205122506806,0.8819470056852449
36.942052336240906,0.8821997391575589
36.962053447413744,0.8824525300506687
36.98205455858659,0.8827053782413534
37.002055669759436,0.8829582836063645
37.022056780932274,0.883211246022425
37.04205789210512,0.8834642653662304
37.06205900327796,0.8837173415144483
37.082060114450805,0.8839704743437191
37.10206122562365,0.8842236637306551
37.12206233679649,0.8844769095518411
37.142063447969335,0.8847302116838345
37.16206455914217,0.884983570003165
37.18206567031502,0.8852369843863355
37.202066781487865,0.8854904547098208
37.222067892660704,0.885743980850069
37.24206900383355,0.8859975626835008
37.26207011500639,0.8862512000865098
37.282071226179234,0.8865048929354624
37.30207233735208,0.8867586411066981
37.32207344852492,0.8870124444765293
37.342074559697764,0.8872663029212418
37.3620756708706,0.8875202163170939
37.38207678204345,0.887774184540318
37.402077893216294,0.888028207467119
37.42207900438913,0.8882822849736756
37.44208011556198,0.8885364169361397
37.46208122673482,0.8887906032306367
37.48208233790766,0.8890448437332656
37.50208344908051,0.889299138320099
37.52208456025335,0.8895534868671826
37.54208567142619,0.8898078892505367
37.56208678259903,0.8900623453461546
37.58208789377188,0.890316855030004
37.60208900494472,0.8905714181780259
37.62209011611756,0.8908260346661355
37.64209122729041,0.8910807043702222
37.662092338463246,0.8913354271661494
37.68209344963609,0.8915902029297543
37.70209456080894,0.8918450315368485
37.722095671981776,0.8920999128632179
37.74209678315462,0.8923548467846226
37.76209789432746,0.8926098331767971
37.78209900550031,0.8928648719154503
37.80210011667315,0.8931199628762656
37.82210122784599,0.8933751059349011
37.84210233901884,0.8936303009669891
37.862103450191675,0.893885547848137
37.88210456136452,0.8941408464539268
37.90210567253737,0.8943961966599151
37.922106783710205,0.8946515983416334
37.94210789488305,0.8949070513745884
37.96210900605589,0.8951625556342614
37.982110117228736,0.895418110996109
38.00211122840158,0.8956737173355629
38.02211233957442,0.8959293745280293
38.042113450747266,0.8961850824488908
38.062114561920104,0.8964408409735043
38.08211567309295,0.8966966499772023
38.102116784265796,0.896952509335293
38.122117895438635,0.8972084189230594
38.14211900661148,0.8974643786157609
38.162120117784326,0.8977203882886315
38.182121228957165,0.8979764478168816
38.20212234013001,0.898232557075697
38.22212345130285,0.8984887159402394
38.242124562475695,0.898744924285646
38.26212567364854,0.8990011819870303
38.28212678482138,0.8992574889194812
38.302127895994225,0.8995138449580644
38.322129007167064,0.8997702499778207
38.34213011833991,0.9000267038537679
38.362131229512755,0.9002832064608994
38.382132340685594,0.9005397576741851
38.40213345185844,0.9007963573685713
38.42213456303128,0.9010530054189804
38.442135674204124,0.9013097017003112
38.46213678537697,0.9015664460874396
38.48213789654981,0.9018232384552171
38.502139007722654,0.9020800786784726
38.52214011889549,0.9023369666320112
38.54214123006834,0.9025939021906153
38.562142341241184,0.9028508852290433
38.58214345241402,0.903107915622031
38.60214456358687,0.9033649932442911
38.62214567475971,0.903622117970513
38.64214678593255,0.9038792896753634
38.6621478971054,0.904136508233486
38.68214900827824,0.9043937735195016
38.70215011945108,0.9046510854080085
38.72215123062392,0.9049084437735817
38.74215234179677,0.9051658484907743
38.76215345296961,0.9054232994341164
38.78215456414245,0.9056807964781152
38.8021556753153,0.9059383394972563
38.82215678648814,0.906195928366002
38.84215789766098,0.9064535629587931
38.86215900883383,0.9067112431500475
38.88216012000667,0.9069689688141607
38.90216123117951,0.9072267398255068
38.92216234235235,0.9074845560584373
38.9421634535252,0.9077424173872817
38.96216456469804,0.9080003236863476
38.98216567587088,0.9082582748299204
39.00216678704373,0.9085162706922643
39.022167898216566,0.9087743111476208
39.04216900938941,0.9090323960702106
39.06217012056226,0.9092905253342319
39.082171231735096,0.9095486988138619
39.10217234290794,0.9098069163832558
39.12217345408078,0.9100651779165477
39.142174565253626,0.9103234832878501
39.16217567642647,0.9105818323712538
39.18217678759931,0.9108402250408288
39.202177898772156,0.9110986611706239
39.222179009944995,0.911357140634666
39.24218012111784,0.9116156633069616
39.262181232290686,0.911874229061496
39.282182343463525,0.9121328377722332
39.30218345463637,0.9123914893131164
39.322184565809216,0.9126501835580683
39.342185676982055,0.91290892038099
39.3621867881549,0.9131676996557628
39.38218789932774,0.9134265212562463
39.402189010500585,0.9136853850562805
39.42219012167343,0.9139442909296839
39.44219123284627,0.9142032387502551
39.462192344019115,0.9144622283917719
39.482193455191954,0.914721259727992
39.5021945663648,0.9149803326326527
39.522195677537646,0.9152394469794709
39.542196788710484,0.9154986026421432
39.56219789988333,0.9157577994943465
39.58219901105617,0.9160170374097373
39.602200122229014,0.9162763162619522
39.62220123340186,0.9165356359246076
39.6422023445747,0.9167949962713003
39.662203455747544,0.9170543971756073
39.68220456692038,0.9173138385110857
39.70220567809323,0.9175733201512727
39.722206789266075,0.9178328419696862
39.74220790043891,0.918092403839824
39.76220901161176,0.9183520056351655
39.7822101227846,0.9186116472291691
39.80221123395744,0.918871328495275
39.82221234513029,0.9191310493069036
39.84221345630313,0.919390809537456
39.862214567475974,0.9196506090603142
39.88221567864881,0.9199104477488408
39.90221678982166,0.9201703254763798
39.922217900994504,0.9204302421162558
39.94221901216734,0.9206901975417743
39.96222012334019,0.9209501916262223
39.98222123451303,0.9212102242428677
40.00222234568587,0.9214702952649598
40.02222345685872,0.921730404565729
40.04222456803156,0.9219905520183869
40.0622256792044,0.922250737496127
40.08222679037724,0.9225109608721237
40.10222790155009,0.9227712220195334
40.12222901272293,0.9230315208114938
40.14223012389577,0.9232918571211243
40.16223123506862,0.9235522308215262
40.182232346241456,0.9238126417857822
40.2022334574143,0.9240730898869571
40.22223456858715,0.9243335749980978
40.242235679759986,0.9245940969922326
40.26223679093283,0.9248546557423722
40.28223790210567,0.9251152511215095
40.302239013278516,0.9253758830026192
40.32224012445136,0.9256365512586586
40.3422412356242,0.9258972557625667
40.362242346797046,0.9261579963872653
40.382243457969885,0.9264187730056584
40.40224456914273,0.9266795854906329
40.42224568031558,0.9269404337150574
40.442246791488415,0.9272013175517836
40.46224790266126,0.9274622368736459
40.48224901383411,0.9277231915534614
40.502250125006945,0.9279841814640293
40.52225123617979,0.9282452064781327
40.54225234735263,0.9285062664685366
40.562253458525475,0.9287673613079899
40.58225456969832,0.9290284908692235
40.60225568087116,0.9292896550249521
40.622256792044006,0.9295508536478734
40.642257903216844,0.929812086610668
40.66225901438969,0.9300733537860003
40.682260125562536,0.9303346550465175
40.702261236735374,0.9305959902648502
40.72226234790822,0.930857359313613
40.74226345908106,0.9311187620654034
40.762264570253905,0.931380198392803
40.78226568142675,0.9316416681683763
40.80226679259959,0.9319031712646724
40.822267903772435,0.9321647075542234
40.84226901494527,0.9324262769095456
40.86227012611812,0.9326878792031392
40.882271237290965,0.9329495143074883
40.902272348463804,0.9332111820950606
40.92227345963665,0.9334728824383086
40.94227457080949,0.9337346152096684
40.962275681982334,0.9339963802815606
40.98227679315518,0.9342581775263898
41.00227790432802,0.9345200068165449
41.022279015500864,0.9347818680243994
41.0422801266737,0.9350437610223112
41.06228123784655,0.9353056856826227
41.082282349019394,0.9355676418776607
41.10228346019223,0.9358296294797367
41.12228457136508,0.9360916483611472
41.14228568253792,0.9363536983941728
41.16228679371076,0.9366157794510797
41.18228790488361,0.9368778914041183
41.20228901605645,0.9371400341255244
41.22229012722929,0.9374022074875185
41.24229123840213,0.9376644113623062
41.26229234957498,0.9379266456220785
41.28229346074782,0.9381889101390115
41.30229457192066,0.9384512047852662
41.32229568309351,0.9387135294329892
41.342296794266346,0.9389758839543126
41.36229790543919,0.9392382682213538
41.38229901661204,0.9395006821062156
41.402300127784876,0.9397631254809863
41.42230123895772,0.9400255982177402
41.44230235013056,0.9402881001885369
41.46230346130341,0.9405506312654223
41.48230457247625,0.9408131913204271
41.50230568364909,0.9410757802255688
41.52230679482194,0.9413383978528508
41.54230790599478,0.9416010440742618
41.56230901716762,0.9418637187617772
41.58231012834047,0.9421264217873584
41.602311239513305,0.9423891530229527
41.62231235068615,0.9426519123404941
41.642313461859,0.9429146996119024
41.662314573031836,0.9431775147090842
41.68231568420468,0.9434403575039325
41.70231679537752,0.9437032278683265
41.722317906550366,0.9439661256741322
41.74231901772321,0.9442290507932021
41.76232012889605,0.9444920030973755
41.782321240068896,0.9447549824584784
41.802322351241735,0.9450179887483237
41.82232346241458,0.9452810218387109
41.842324573587426,0.9455440816014269
41.862325684760265,0.9458071679082449
41.88232679593311,0.946070280630926
41.90232790710595,0.9463334196412176
41.922329018278795,0.9465965848108552
41.94233012945164,0.9468597760115608
41.96233124062448,0.9471229931150437
41.982332351797325,0.9473862359930011
42.002333462970164,0.9476495045171173
42.02233457414301,0.9479127985590643
42.042335685315855,0.9481761179905013
42.062336796488694,0.9484394626830753
42.08233790766154,0.9487028325084214
42.10233901883438,0.9489662273381617
42.122340130007224,0.9492296470439067
42.14234124118007,0.9494930914972545
42.16234235235291,0.9497565605697912
42.182343463525754,0.950020054133091
42.20234457469859,0.9502835720587159
42.22234568587144,0.9505471142182164
42.242346797044284,0.9508106804831308
42.26234790821712,0.9510742707249858
42.28234901938997,0.9513378848152967
42.30235013056281,0.9516015226255666
42.32235124173565,0.9518651840272877
42.3423523529085,0.9521288688919401
42.36235346408134,0.9523925770909928
42.38235457525418,0.9526563084959032
42.40235568642702,0.9529200629781177
42.42235679759987,0.9531838404090714
42.44235790877271,0.953447640660188
42.46235901994555,0.9537114636028798
42.4823601311184,0.953975309108549
42.50236124229124,0.954239177048586
42.52236235346408,0.9545030672943703
42.54236346463693,0.9547669797172709
42.56236457580977,0.9550309141886457
42.58236568698261,0.9552948705798421
42.60236679815545,0.9555588487621964
42.6223679093283,0.9558228486070348
42.64236902050114,0.9560868699856726
42.66237013167398,0.9563509127694146
42.68237124284683,0.9566149768295554
42.70237235401967,0.956879062037379
42.72237346519251,0.9571431682641591
42.74237457636536,0.9574072953811595
42.762375687538196,0.9576714432596333
42.78237679871104,0.9579356117708238
42.80237790988389,0.9581998007859641
42.822379021056726,0.9584640101762776
42.84238013222957,0.9587282398129772
42.86238124340241,0.9589924895672665
42.882382354575256,0.959256759310339
42.9023834657481,0.9595210489133787
42.92238457692094,0.9597853582475595
42.942385688093786,0.960049687184046
42.962386799266625,0.9603140355939932
42.98238791043947,0.9605784033485466
43.002389021612316,0.9608427903188422
43.022390132785155,0.9611071963760067
43.042391243958,0.9613716213911575
43.06239235513084,0.9616360652354028
43.082393466303685,0.9619005277798415
43.10239457747653,0.9621650088955633
43.12239568864937,0.9624295084536492
43.142396799822215,0.962694026325171
43.162397910995054,0.9629585623811914
43.1823990221679,0.9632231164927645
43.202400133340745,0.9634876885309356
43.222401244513584,0.963752278366741
43.24240235568643,0.9640168858712088
43.26240346685927,0.9642815109153577
43.282404578032114,0.9645461533701989
43.30240568920496,0.9648108131067343
43.3224068003778,0.9650754899959574
43.342407911550644,0.9653401839088539
43.36240902272348,0.9656048947164007
43.38241013389633,0.9658696222895666
43.402411245069175,0.9661343664993125
43.42241235624201,0.9663991272165905
43.44241346741486,0.9666639043123456
43.4624145785877,0.966928697657514
43.48241568976054,0.9671935071230245
43.50241680093339,0.9674583325797976
43.52241791210623,0.9677231738987465
43.54241902327907,0.9679880309507763
43.56242013445191,0.9682529036067845
43.58242124562476,0.9685177917376611
43.602422356797604,0.9687826952142885
43.62242346797044,0.9690476139075416
43.64242457914329,0.9693125476882879
43.66242569031613,0.9695774964273876
43.68242680148897,0.9698424599956934
43.70242791266182,0.9701074382640511
43.72242902383466,0.970372431103299
43.7424301350075,0.9706374383842686
43.76243124618034,0.9709024599777841
43.78243235735319,0.9711674957546631
43.80243346852603,0.9714325455857157
43.82243457969887,0.9716976093417455
43.84243569087172,0.9719626868935496
43.86243680204456,0.9722277781119179
43.8824379132174,0.9724928828676335
43.90243902439025,0.9727580010314736
43.922440135563086,0.9730231324742084
43.94244124673593,0.9732882770666016
43.96244235790878,0.9735534346794106
43.982443469081616,0.9738186051833865
44.00244458025446,0.974083788449274
44.0224456914273,0.9743489843478117
44.042446802600146,0.9746141927497318
44.06244791377299,0.9748794135257609
44.08244902494583,0.9751446465466189
44.10245013611868,0.9754098916830205
44.122451247291515,0.9756751488056735
44.14245235846436,0.9759404177852811
44.16245346963721,0.9762056984925395
44.182454580810045,0.97647099079814
44.20245569198289,0.976736294572768
44.22245680315573,0.9770016096871031
44.242457914328575,0.9772669360118199
44.26245902550142,0.977532273417587
44.28246013667426,0.9777976217750677
44.302461247847106,0.9780629809549202
44.322462359019944,0.9783283508277971
44.34246347019279,0.9785937312643465
44.362464581365636,0.9788591221352103
44.382465692538474,0.9791245233110258
44.40246680371132,0.9793899346624257
44.42246791488416,0.9796553560600372
44.442469026057005,0.9799207873744828
44.46247013722985,0.98018622847638
44.48247124840269,0.9804516792363417
44.502472359575535,0.9807171395249761
44.52247347074837,0.9809826092128866
44.54247458192122,0.9812480881706722
44.562475693094065,0.9815135762689274
44.5824768042669,0.9817790733782419
44.60247791543975,0.9820445793692016
44.62247902661259,0.9823100941123873
44.642480137785434,0.9825756174783763
44.66248124895828,0.9828411493377414
44.68248236013112,0.9831066895610507
44.702483471303964,0.9833722380188694
44.7224845824768,0.9836377945817576
44.74248569364965,0.9839033591202719
44.762486804822494,0.9841689315049654
44.78248791599533,0.9844345116063864
44.80248902716818,0.9847000992950803
44.82249013834102,0.9849656944415883
44.84249124951386,0.9852312969164486
44.86249236068671,0.9854969065901951
44.88249347185955,0.9857625233333582
44.90249458303239,0.9860281470164658
44.92249569420523,0.9862937775100412
44.94249680537808,0.9865594146846052
44.96249791655092,0.986825058410675
44.98249902772376,0.9870907085587647
45.00250013889661,0.9873563649993854
45.02250125006945,0.9876220276030447
45.04250236124229,0.9878876962402476
45.06250347241514,0.9881533707814962
45.082504583587976,0.9884190510972896
45.10250569476082,0.9886847370581237
45.12250680593367,0.9889504285344922
45.14250791710651,0.989216125396886
45.16250902827935,0.9894818275157933
45.18251013945219,0.9897475347616994
45.20251125062504,0.9900132470050879
45.22251236179788,0.9902789641164391
45.24251347297072,0.9905446859662315
45.26251458414357,0.9908104124249412
45.282515695316405,0.9910761433630416
45.30251680648925,0.9913418786510046
45.3225179176621,0.9916076181592998
45.342519028834936,0.991873361758394
45.36252014000778,0.9921391093187533
45.38252125118062,0.9924048607108406
45.402522362353466,0.992670615805118
45.42252347352631,0.9929363744720449
45.44252458469915,0.9932021365820795
45.462525695871996,0.9934679020056782
45.482526807044835,0.9937336706132959
45.50252791821768,0.9939994422753856
45.522529029390526,0.9942652168623992
45.542530140563365,0.9945309942447867
45.56253125173621,0.9947967742929975
45.58253236290905,0.9950625568774789
45.602533474081895,0.9953283418686774
45.62253458525474,0.9955941291370382
45.64253569642758,0.9958599185530055
45.662536807600425,0.9961257099870223
45.682537918773264,0.9963915033095306
45.70253902994611,0.9966572983909717
45.722540141118955,0.9969230951017861
45.742541252291794,0.9971888933124129
45.76254236346464,0.9974546928932911
45.78254347463748,0.9977204937148588
45.802544585810324,0.9979862956475537
45.82254569698317,0.9982520985618124
45.84254680815601,0.9985179023280716
45.862547919328854,0.9987837068167674
45.88254903050169,0.9990495118983355
45.90255014167454,0.9993153174432113
45.922551252847384,0.99958112332183
45.94255236402022,0.9998469294046267
45.96255347519307,1.0001127355620365
45.98255458636591,1.000378541664494
46.00255569753875,1.0006443475824343
46.0225568087116,1.0009101531862923
46.04255791988444,1.0011759583465034
46.06255903105728,1.0014417629335028
46.08256014223012,1.0017075668177264
46.10256125340297,1.00197336986961
46.12256236457581,1.0022391719595902
46.14256347574865,1.002504972958104
46.1625645869215,1.0027707727355883
46.18256569809434,1.0030365711624816
46.20256680926718,1.0033023681092224
46.22256792044003,1.00356816344625
46.24256903161287,1.003833957044005
46.26257014278571,1.004099748772928
46.28257125395856,1.004365538503461
46.3025723651314,1.0046313261060473
46.32257347630424,1.0048971114511305
46.34257458747708,1.0051628944091555
46.36257569864993,1.0054286748505692
46.38257680982277,1.0056944526458182
46.40257792099561,1.0059602276653519
46.42257903216846,1.0062259997796201
46.442580143341296,1.0064917688590742
46.46258125451414,1.0067575347741675
46.48258236568699,1.0070232973953543
46.502583476859826,1.0072890565930908
46.52258458803267,1.0075548122378348
46.54258569920551,1.0078205642000457
46.562586810378356,1.008086312350185
46.5825879215512,1.0083520565587158
46.60258903272404,1.0086177966961034
46.622590143896886,1.0088835326328147
46.642591255069725,1.0091492642393187
46.66259236624257,1.009414991386087
46.682593477415416,1.009680713943593
46.702594588588255,1.0099464317823121
46.7225956997611,1.0102121447727224
46.74259681093394,1.010477852785304
46.762597922106785,1.0107435556905402
46.78259903327963,1.011009253358916
46.80260014445247,1.0112749456609187
46.822601255625315,1.0115406324670393
46.842602366798154,1.0118063136477706
46.862603477971,1.0120719890736085
46.882604589143845,1.0123376586150519
46.902605700316684,1.0126033221426018
46.92260681148953,1.0128689795267631
46.94260792266237,1.0131346306380429
46.962609033835214,1.013400275346952
46.98261014500806,1.0136659135240038
47.0026112561809,1.013931545039715
47.022612367353744,1.014197169764606
47.04261347852658,1.0144627875691996
47.06261458969943,1.014728398324023
47.082615700872275,1.0149940018996062
47.10261681204511,1.015259598166483
47.12261792321796,1.0155251869951902
47.1426190343908,1.015790768256269
47.16262014556364,1.016056341820264
47.18262125673649,1.0163219075577234
47.20262236790933,1.016587465339199
47.22262347908217,1.0168530150352473
47.24262459025502,1.0171185565164278
47.26262570142786,1.0173840896533046
47.282626812600704,1.0176496143164457
47.30262792377354,1.0179151303764231
47.32262903494639,1.0181806377038136
47.342630146119234,1.018446136169197
47.36263125729207,1.0187116256431588
47.38263236846492,1.018977105996288
47.40263347963776,1.0192425770991782
47.4226345908106,1.019508038822428
47.44263570198345,1.0197734910366403
47.46263681315629,1.0200389336124218
47.48263792432913,1.0203043664203855
47.50263903550197,1.0205697893311476
47.52264014667482,1.0208352022153302
47.54264125784766,1.0211006049435598
47.5626423690205,1.021365997386468
47.58264348019335,1.0216313794146916
47.602644591366186,1.0218967508988717
47.62264570253903,1.0221621117096555
47.64264681371188,1.0224274617176952
47.662647924884716,1.0226928007936473
47.68264903605756,1.022958128808175
47.7026501472304,1.0232234456319462
47.722651258403246,1.0234887511356343
47.74265236957609,1.0237540451899183
47.76265348074893,1.0240193276654823
47.782654591921776,1.0242845984330171
47.802655703094615,1.0245498573632181
47.82265681426746,1.0248151043267875
47.84265792544031,1.0250803391944323
47.862659036613145,1.0253455618368659
47.88266014778599,1.0256107721248078
47.90266125895883,1.0258759699289834
47.922662370131675,1.026141155120124
47.94266348130452,1.0264063275689674
47.96266459247736,1.0266714871462572
47.982665703650206,1.0269366337227437
48.002666814823044,1.027201767169183
48.02266792599589,1.0274668873563384
48.042669037168736,1.0277319941549787
48.062670148341574,1.02799708743588
48.08267125951442,1.0282621670698244
48.10267237068726,1.0285272329276012
48.122673481860105,1.0287922848800062
48.14267459303295,1.029057322797842
48.16267570420579,1.0293223465519177
48.182676815378635,1.0295873560130497
48.20267792655147,1.0298523510520612
48.22267903772432,1.030117331539783
48.242680148897165,1.0303822973470516
48.26268126007,1.030647248344712
48.28268237124285,1.0309121844036162
48.30268348241569,1.0311771053946228
48.322684593588534,1.0314420111885985
48.34268570476138,1.0317069016564169
48.36268681593422,1.0319717766689591
48.382687927107064,1.0322366360971142
48.40268903827991,1.0325014798117786
48.42269014945275,1.0327663076838562
48.442691260625594,1.0330311195842588
48.46269237179843,1.0332959153839059
48.48269348297128,1.0335606949537248
48.502694594144124,1.0338254581646513
48.52269570531696,1.034090204887628
48.54269681648981,1.034354934993607
48.56269792766265,1.0346196483535468
48.58269903883549,1.0348843448384157
48.60270015000834,1.0351490243191894
48.62270126118118,1.035413686666852
48.64270237235402,1.0356783317523957
48.66270348352686,1.0359429594468215
48.68270459469971,1.0362075696211388
48.70270570587255,1.0364721621463657
48.72270681704539,1.036736736893528
48.74270792821824,1.0370012937336617
48.762709039391076,1.0372658325378101
48.78271015056392,1.0375303531770261
48.80271126173677,1.0377948555223713
48.822712372909606,1.0380593394449158
48.84271348408245,1.0383238048157393
48.86271459525529,1.0385882515059301
48.88271570642814,1.0388526793865862
48.90271681760098,1.0391170883288139
48.92271792877382,1.0393814782037292
48.94271903994667,1.0396458488824578
48.962720151119505,1.0399102002361336
48.98272126229235,1.0401745321359013
49.0027223734652,1.040438844452914
49.022723484638036,1.040703137058335
49.04272459581088,1.0409674098233372
49.06272570698372,1.0412316626191023
49.082726818156566,1.041495895316823
49.10272792932941,1.041760107787701
49.12272904050225,1.0420242999029476
49.142730151675096,1.0422884715337852
49.162731262847934,1.042552622551445
49.18273237402078,1.042816752827169
49.202733485193626,1.0430808622322085
49.222734596366465,1.0433449506378258
49.24273570753931,1.0436090179152933
49.26273681871215,1.0438730639358933
49.282737929884995,1.0441370885709187
49.30273904105784,1.0444010916916726
49.32274015223068,1.044665073169469
49.342741263403525,1.0449290328756327
49.362742374576364,1.0451929706814977
49.38274348574921,1.0454568864584102
49.402744596922055,1.0457207800777264
49.422745708094894,1.0459846514108138
49.44274681926774,1.0462485003290498
49.46274793044058,1.0465123267038239
49.482749041613424,1.046776130406536
49.50275015278627,1.0470399113085966
49.52275126395911,1.0473036692814284
49.542752375131954,1.0475674041964642
49.5627534863048,1.047831115925149
49.58275459747764,1.0480948043389382
49.602755708650484,1.0483584693092993
49.62275681982332,1.0486221107077107
49.64275793099617,1.0488857284056625
49.662759042169014,1.0491493222746568
49.68276015334185,1.0494128921862063
49.7027612645147,1.049676438011836
49.72276237568754,1.049939959623083
49.74276348686038,1.0502034568914955
49.76276459803323,1.050466929688634
49.78276570920607,1.0507303778860706
49.80276682037891,1.0509938013553897
49.82276793155175,1.0512571999681877
49.8427690427246,1.0515205735960729
49.86277015389744,1.0517839221106662
49.88277126507028,1.0520472453836
49.90277237624313,1.05231054328652
49.92277348741597,1.0525738156910833
49.94277459858881,1.0528370624689602
49.96277570976166,1.053100283491833
49.9827768209345,1.0533634786313968
50.00277793210734,1.0536266477593592
50.02277904328018,1.0538897907474403
50.04278015445303,1.0541529074673734
50.06278126562587,1.0544159977909044
50.08278237679871,1.0546790615897919
50.10278348797156,1.0549420987358076
50.122784599144396,1.055205109100736
50.14278571031724,1.055468092556375
50.16278682149009,1.0557310489745355
50.182787932662926,1.055993978227041
50.20278904383577,1.0562568801857293
50.22279015500861,1.0565197547224505
50.242791266181456,1.056782601709069
50.2627923773543,1.0570454210174616
50.28279348852714,1.0573082125195195
50.302794599699986,1.057570976087147
50.322795710872825,1.0578337115922618
50.34279682204567,1.058096418906796
50.362797933218516,1.0583590979026951
50.382799044391355,1.0586217484519176
50.4028001555642,1.0588843704264375
50.42280126673704,1.0591469636982411
50.442802377909885,1.0594095281393299
50.46280348908273,1.0596720636217187
50.48280460025557,1.0599345700174365
50.502805711428415,1.0601970471985271
50.522806822601254,1.0604594950370476
50.5428079337741,1.0607219134050705
50.562809044946945,1.0609843021746816
50.582810156119784,1.0612466612179818
50.60281126729263,1.0615089904070862
50.62281237846547,1.0617712896141245
50.642813489638314,1.062033558711241
50.66281460081116,1.062295797570595
50.682815711984,1.0625580060643598
50.702816823156844,1.0628201840647244
50.72281793432969,1.0630823314438922
50.74281904550253,1.0633444480740812
50.762820156675375,1.0636065338275251
50.78282126784821,1.063868588576472
50.80282237902106,1.064130612193186
50.822823490193905,1.064392604549945
50.84282460136674,1.0646545655190431
50.86282571253959,1.0649164949727898
50.88282682371243,1.0651783927835097
50.90282793488527,1.0654402588235428
50.92282904605812,1.065702092965244
50.94283015723096,1.065963895080985
50.962831268403804,1.0662256650431525
50.98283237957664,1.0664874027241484
51.00283349074949,1.0667491079963909
51.022834601922334,1.067010780732314
51.04283571309517,1.0672724208043671
51.06283682426802,1.067534028085016
51.08283793544086,1.0677956024467425
51.1028390466137,1.0680571437620443
51.12284015778655,1.068318651903435
51.14284126895939,1.0685801267434443
51.16284238013223,1.0688415681546186
51.18284349130507,1.0691029760095205
51.20284460247792,1.0693643501807288
51.22284571365076,1.0696256905408386
51.2428468248236,1.0698869969624616
51.26284793599645,1.0701482693182263
51.282849047169286,1.0704095074807776
51.30285015834213,1.0706707113227767
51.32285126951498,1.0709318807169022
51.342852380687816,1.071193015535849
51.36285349186066,1.071454115652329
51.3828546030335,1.071715180939071
51.402855714206346,1.0719762112688211
51.42285682537919,1.072237206514342
51.44285793655203,1.0724981665484135
51.462859047724876,1.0727590912438327
51.482860158897715,1.0730199804734142
51.50286127007056,1.0732808341099895
51.52286238124341,1.0735416520264078
51.542863492416245,1.073802434095535
51.56286460358909,1.0740631801902552
51.58286571476193,1.07432389018347
51.602866825934775,1.0745845639480982
51.62286793710762,1.0748452013570764
51.64286904828046,1.075105802283359
51.662870159453306,1.0753663665999182
51.682871270626144,1.0756268941797442
51.70287238179899,1.0758873848958448
51.722873492971836,1.0761478386212457
51.742874604144674,1.0764082552289909
51.76287571531752,1.0766686345921426
51.782876826490366,1.0769289765837806
51.802877937663204,1.0771892810770034
51.82287904883605,1.077449547944928
51.84288016000889,1.077709777060689
51.862881271181735,1.0779699682974397
51.88288238235458,1.0782301215283525
51.90288349352742,1.0784902366266174
51.922884604700265,1.0787503134654435
51.9428857158731,1.079010351918058
51.96288682704595,1.079270351857708
51.982887938218795,1.0795303131576581
52.002889049391634,1.0797902356911924
52.02289016056448,1.0800501193316134
52.04289127173732,1.0803099639522435
52.062892382910164,1.0805697694264231
52.08289349408301,1.0808295356275122
52.10289460525585,1.0810892624288897
52.122895716428694,1.0813489497039541
52.14289682760153,1.0816085973261227
52.16289793877438,1.0818682051688326
52.182899049947224,1.0821277731055396
52.20290016112006,1.0823873010097198
52.22290127229291,1.0826467887548683
52.24290238346575,1.0829062362144999
52.26290349463859,1.0831656432621486
52.28290460581144,1.0834250097713691
52.30290571698428,1.0836843356157349
52.32290682815712,1.0839436206688398
52.34290793932996,1.0842028648042974
52.36290905050281,1.084462067895741
52.38291016167565,1.0847212298168245
52.40291127284849,1.0849803504412212
52.42291238402134,1.0852394296426249
52.442913495194176,1.0854984672947496
52.46291460636702,1.0857574632713294
52.48291571753987,1.0860164174461187
52.502916828712706,1.0862753296928924
52.52291793988555,1.0865341998854459
52.54291905105839,1.0867930278975948
52.56292016223124,1.087051813603176
52.58292127340408,1.0873105568760455
52.60292238457692,1.0875692575900817
52.62292349574977,1.0878279156191828
52.642924606922605,1.088086530837268
52.66292571809545,1.0883451031182776
52.6829268292683,1.0886036323361723
52.702927940441135,1.088862118364934
52.72292905161398,1.0891205610785661
52.74293016278682,1.0893789603510926
52.762931273959666,1.089637316056559
52.78293238513251,1.0898956280690315
52.80293349630535,1.0901538962625983
52.822934607478196,1.0904121205113686
52.842935718651034,1.090670300689473
52.86293682982388,1.0909284366710634
52.882937940996726,1.091186528330314
52.902939052169565,1.0914445755414195
52.92294016334241,1.0917025781785974
52.942941274515256,1.091960536116086
52.962942385688095,1.092218449228146
52.98294349686094,1.0924763173890593
53.00294460803378,1.0927341404731306
53.022945719206625,1.0929919183546857
53.04294683037947,1.0932496509080734
53.06294794155231,1.0935073380076634
53.082949052725155,1.0937649795278486
53.102950163897994,1.0940225753430435
53.12295127507084,1.094280125327685
53.142952386243685,1.0945376293562328
53.162953497416524,1.0947950873031682
53.18295460858937,1.0950524990429955
53.20295571976221,1.0953098644502415
53.222956830935054,1.0955671833994556
53.2429579421079,1.0958244557652093
53.26295905328074,1.0960816814220977
53.282960164453584,1.096338860244738
53.30296127562642,1.0965959921077704
53.32296238679927,1.096853076885858
53.342963497972114,1.0971101144536872
53.36296460914495,1.0973671046859665
53.3829657203178,1.0976240474574288
53.40296683149064,1.0978809426428289
53.42296794266348,1.0981377901169453
53.44296905383633,1.09839458975458
53.46297016500917,1.0986513414305579
53.48297127618201,1.0989080450197273
53.50297238735485,1.0991647003969605
53.5229734985277,1.0994213074371526
53.54297460970054,1.0996778660152227
53.56297572087338,1.0999343760061129
53.58297683204623,1.1001908372847902
53.60297794321907,1.100447249726244
53.62297905439191,1.1007036132054884
53.64298016556476,1.100959927597561
53.6629812767376,1.1012161927775235
53.68298238791044,1.1014724086204613
53.70298349908328,1.101728575001484
53.72298461025613,1.1019846917957257
53.74298572142897,1.102240758878344
53.76298683260181,1.102496776124521
53.78298794377466,1.1027527434094635
53.802989054947496,1.1030086606084017
53.82299016612034,1.1032645275965913
53.84299127729319,1.103520344249312
53.862992388466026,1.1037761104418677
53.88299349963887,1.1040318260495874
53.90299461081171,1.1042874909478244
53.922995721984556,1.1045431050119574
53.9429968331574,1.1047986681173887
53.96299794433024,1.1050541801395464
53.982999055503086,1.1053096409538834
54.003000166675925,1.105565050435877
54.02300127784877,1.1058204084610301
54.043002389021616,1.1060757149048706
54.063003500194455,1.1063309696429509
54.0830046113673,1.1065861725508497
54.103005722540146,1.10684132350417
54.123006833712985,1.107096422378541
54.14300794488583,1.107351469049616
54.16300905605867,1.1076064633930751
54.183010167231515,1.1078614052846234
54.20301127840436,1.1081162945999914
54.2230123895772,1.108371131214935
54.243013500750045,1.1086259150052364
54.263014611922884,1.1088806458467035
54.28301572309573,1.1091353236151695
54.303016834268576,1.1093899481864937
54.323017945441414,1.1096445194365616
54.34301905661426,1.1098990372412845
54.3630201677871,1.1101535014765993
54.383021278959944,1.11040791201847
54.40302239013279,1.110662268742886
54.42302350130563,1.110916571525863
54.443024612478474,1.1111708202434434
54.46302572365131,1.1114250147716953
54.48302683482416,1.1116791549867142
54.503027945997005,1.111933240764621
54.52302905716984,1.1121872719815638
54.54303016834269,1.112441248513717
54.56303127951553,1.1126951702372818
54.58303239068837,1.1129490370284862
54.60303350186122,1.1132028487635848
54.62303461303406,1.113456605318859
54.643035724206904,1.1137103065706175
54.66303683537974,1.1139639523951952
54.68303794655259,1.114217542668955
54.703039057725434,1.1144710772682858
54.72304016889827,1.1147245560696044
54.74304128007112,1.1149779789493548
54.76304239124396,1.1152313457840077
54.7830435024168,1.1154846564500618
54.80304461358965,1.1157379108240424
54.82304572476249,1.1159911087825032
54.84304683593533,1.1162442502020244
54.86304794710817,1.1164973349592147
54.88304905828102,1.1167503629307094
54.90305016945386,1.1170033339931726
54.9230512806267,1.1172562480232953
54.94305239179955,1.1175091048977965
54.963053502972386,1.1177619044934233
54.98305461414523,1.1180146466869505
55.00305572531808,1.118267331355181
55.023056836490916,1.1185199583749454
55.04305794766376,1.118772527623103
55.0630590588366,1.119025038976541
55.083060170009446,1.1192774923121744
55.10306128118229,1.119529887506947
55.12306239235513,1.1197822244378308
55.143063503527976,1.1200345029818264
55.163064614700815,1.1202867230159623
55.18306572587366,1.1205388844172959
55.20306683704651,1.1207909870629134
55.223067948219345,1.121043030829929
55.24306905939219,1.1212950155954862
55.26307017056504,1.1215469412367571
55.283071281737875,1.1217988076309424
55.30307239291072,1.122050614655272
55.32307350408356,1.1223023621870043
55.343074615256405,1.1225540501034275
55.36307572642925,1.1228056782818578
55.38307683760209,1.1230572465996413
55.403077948774936,1.123308754934153
55.423079059947774,1.123560203162797
55.44308017112062,1.123811591163007
55.463081282293466,1.1240629188122464
55.483082393466304,1.1243141859880068
55.50308350463915,1.1245653925678103
55.52308461581199,1.1248165384292084
55.543085726984835,1.125067623449782
55.56308683815768,1.1253186475071417
55.58308794933052,1.1255696104789275
55.603089060503365,1.12582051224281
55.6230901716762,1.126071352676489
55.64309128284905,1.1263221316576941
55.663092394021895,1.1265728490641853
55.68309350519473,1.1268235047737523
55.70309461636758,1.1270740986642152
55.72309572754042,1.1273246306134237
55.743096838713264,1.1275751004992582
55.76309794988611,1.1278255081996291
55.78309906105895,1.1280758535924773
55.803100172231794,1.1283261365557737
55.82310128340463,1.1285763569675198
55.84310239457748,1.1288265147057481
55.863103505750324,1.129076609648521
55.88310461692316,1.1293266416739314
55.90310572809601,1.1295766106601035
55.92310683926885,1.129826516485192
55.94310795044169,1.1300763590273821
55.96310906161454,1.1303261381648904
55.98311017278738,1.1305758537759634
56.00311128396022,1.1308255057388796
56.02311239513306,1.1310750939319483
56.04311350630591,1.1313246182335095
56.06311461747875,1.1315740785219348
56.08311572865159,1.1318234746756264
56.10311683982444,1.1320728065730186
56.123117950997276,1.132322074092576
56.14311906217012,1.1325712771127956
56.16312017334297,1.1328204155122052
56.183121284515806,1.1330694891693642
56.20312239568865,1.133318497962864
56.22312350686149,1.1335674417713268
56.24312461803434,1.1338163204734073
56.26312572920718,1.1340651339477914
56.28312684038002,1.1343138820731968
56.30312795155287,1.1345625647283735
56.32312906272571,1.134811181792103
56.34313017389855,1.1350597331431986
56.3631312850714,1.1353082186605066
56.383132396244235,1.135556638222904
56.40313350741708,1.1358049917093014
56.42313461858993,1.1360532789986402
56.443135729762766,1.136301499969895
56.46313684093561,1.1365496545020728
56.48313795210845,1.136797742474212
56.503139063281296,1.1370457637653848
56.52314017445414,1.1372937182546947
56.54314128562698,1.1375416058212782
56.563142396799826,1.137789426344305
56.583143507972665,1.1380371797029765
56.60314461914551,1.1382848657765277
56.623145730318356,1.1385324844442257
56.643146841491195,1.1387800355853708
56.66314795266404,1.1390275190792962
56.68314906383688,1.1392749348053681
56.703150175009725,1.1395222826429856
56.72315128618257,1.1397695624715811
56.74315239735541,1.14001677417062
56.763153508528255,1.1402639176196008
56.783154619701094,1.1405109926980554
56.80315573087394,1.1407579992855492
56.823156842046785,1.1410049372616808
56.843157953219624,1.141251806506082
56.86315906439247,1.1414986068984185
56.88316017556531,1.1417453383183895
56.903161286738154,1.1419920006457278
56.923162397911,1.1422385937601998
56.94316350908384,1.1424851175416053
56.963164620256684,1.1427315718697786
56.98316573142952,1.1429779566245875
57.00316684260237,1.1432242716859335
57.023167953775214,1.1434705169337527
57.04316906494805,1.1437166922480144
57.0631701761209,1.1439627975087225
57.08317128729374,1.1442088325959152
57.10317239846658,1.1444547973896644
57.12317350963943,1.1447006917700766
57.14317462081227,1.1449465156172924
57.16317573198511,1.1451922688114875
57.18317684315795,1.1454379512328707
57.2031779543308,1.1456835627616866
57.22317906550364,1.1459291032782135
57.24318017667648,1.146174572662765
57.26318128784933,1.1464199707956886
57.28318239902217,1.1466652975573672
57.30318351019501,1.1469105528282184
57.32318462136786,1.147155736488694
57.3431857325407,1.1474008484192812
57.36318684371354,1.147645888500503
57.38318795488638,1.1478908566129153
57.40318906605923,1.1481357526371114
57.42319017723207,1.1483805764537183
57.44319128840491,1.1486253279433984
57.46319239957776,1.1488700069868498
57.4831935107506,1.1491146134648056
57.50319462192344,1.1493591472580342
57.52319573309629,1.1496036082473398
57.543196844269126,1.1498479963135617
57.56319795544197,1.1500923113375747
57.58319906661482,1.1503365532002898
57.603200177787656,1.150580721782653
57.6232012889605,1.150824816965646
57.64320240013334,1.151068838630287
57.663203511306186,1.1513127866576296
57.68320462247903,1.1515566609287633
57.70320573365187,1.151800461324813
57.723206844824716,1.1520441877269407
57.743207955997555,1.1522878400163437
57.7632090671704,1.1525314180742556
57.783210178343246,1.1527749217819465
57.803211289516085,1.1530183510207221
57.82321240068893,1.153261705671925
57.84321351186177,1.1535049856169337
57.863214623034615,1.1537481907371636
57.88321573420746,1.153991320914066
57.9032168453803,1.1542343760291294
57.923217956553145,1.1544773559638783
57.943219067725984,1.1547202605998739
57.96322017889883,1.1549630898187146
57.983221290071675,1.1552058435020354
58.003222401244514,1.1554485215315073
58.02322351241736,1.1556911237888396
58.0432246235902,1.155933650155777
58.063225734763044,1.1561761005141027
58.08322684593589,1.1564184747456356
58.10322795710873,1.1566607727322327
58.123229068281574,1.1569029943557876
58.14323017945441,1.1571451394982313
58.16323129062726,1.1573872080415324
58.183232401800105,1.157629199867696
58.20323351297294,1.1578711148587653
58.22323462414579,1.158112952896821
58.24323573531863,1.158354713863981
58.26323684649147,1.1585963976424007
58.28323795766432,1.1588380041142734
58.30323906883716,1.15907953316183
58.32324018001,1.159320984667339
58.34324129118284,1.1595623585131065
58.36324240235569,1.1598036545814772
58.383243513528534,1.1600448727548331
58.40324462470137,1.1602860129155945
58.42324573587422,1.1605270749462193
58.44324684704706,1.1607680587292037
58.4632479582199,1.1610089641470822
58.48324906939275,1.1612497910824278
58.50325018056559,1.1614905394178503
58.52325129173843,1.161731209036
58.54325240291127,1.1619717998195636
58.56325351408412,1.1622123116512673
58.58325462525696,1.1624527444138757
58.6032557364298,1.1626930979901917
58.62325684760265,1.1629333722630566
58.64325795877549,1.163173567115351
58.66325906994833,1.1634136824299937
58.68326018112118,1.1636537180899422
58.703261292294016,1.163893673978193
58.72326240346686,1.1641335499777823
58.74326351463971,1.1643733459717835
58.763264625812546,1.1646130618433104
58.78326573698539,1.1648526974755153
58.80326684815823,1.16509225275159
58.823267959331076,1.1653317275547648
58.84326907050392,1.1655711217683098
58.86327018167676,1.1658104352755343
58.88327129284961,1.1660496679597867
58.903272404022445,1.166288819704455
58.92327351519529,1.1665278903929666
58.94327462636814,1.1667668799087885
58.963275737540975,1.1670057881354268
58.98327684871382,1.167244614956428
59.00327795988666,1.1674833602553774
59.023279071059505,1.1677220239159012
59.04328018223235,1.1679606058216643
59.06328129340519,1.1681991058563717
59.083282404578036,1.1684375239037688
59.103283515750874,1.1686758598476406
59.12328462692372,1.168914113571812
59.143285738096566,1.169152284960148
59.163286849269404,1.169390373896554
59.18328796044225,1.1696283802649756
59.20328907161509,1.1698663039493982
59.223290182787935,1.1701041448338483
59.24329129396078,1.1703419028023916
59.26329240513362,1.1705795777391352
59.283293516306465,1.1708171695282266
59.3032946274793,1.171054678053853
59.32329573865215,1.1712921032002435
59.343296849824995,1.1715294448516664
59.36329796099783,1.171766702892432
59.38329907217068,1.1720038772068901
59.40330018334352,1.1722409676794325
59.423301294516364,1.1724779741944915
59.44330240568921,1.1727148966365397
59.46330351686205,1.1729517348900913
59.483304628034894,1.1731884888397013
59.50330573920773,1.173425158369966
59.52330685038058,1.1736617433655228
59.543307961553424,1.1738982437110501
59.56330907272626,1.1741346592912676
59.58331018389911,1.174370989990937
59.60331129507195,1.1746072356948598
59.62331240624479,1.1748433962878808
59.64331351741764,1.1750794716548851
59.66331462859048,1.1753154616807995
59.68331573976332,1.1755513662505925
59.70331685093616,1.1757871852492747
59.72331796210901,1.1760229185618978
59.74331907328185,1.1762585660735554
59.76332018445469,1.176494127669383
59.78332129562754,1.1767296032345582
59.80332240680038,1.1769649926543
59.82332351797322,1.1772002958138699
59.84332462914607,1.1774355125985712
59.863325740318906,1.1776706428937496
59.88332685149175,1.177905686584792
59.9033279626646,1.1781406435571293
59.92332907383744,1.1783755136962328
59.94333018501028,1.178610296887617
59.96333129618312,1.1788449930168392
59.98333240735597,1.1790796019694982
60.00333351852881,1.1793141236312359
60.02333462970165,1.1795485578877363
60.0433357408745,1.1797829046247268
60.063336852047335,1.1800171637279764
60.08333796322018,1.1802513350832977
60.10333907439303,1.180485418576546
60.123340185565866,1.1807194140936188
60.14334129673871,1.1809533215204568
60.16334240791155,1.1811871407430439
60.183343519084396,1.1814208716474068
60.20334463025724,1.181654514119615
60.22334574143008,1.1818880680457815
60.243346852602926,1.1821215333120625
60.263347963775765,1.1823549098046569
60.28334907494861,1.1825881974098074
60.303350186121456,1.1828213960137997
60.323351297294295,1.1830545055029629
60.34335240846714,1.18328752576367
60.36335351963998,1.1835204566823365
60.383354630812825,1.1837532981454228
60.40335574198567,1.183986050039432
60.42335685315851,1.184218712250911
60.443357964331355,1.18445128466645
60.463359075504194,1.1846837671726842
60.48336018667704,1.1849161596562914
60.503361297849885,1.1851484620039938
60.523362409022724,1.1853806741025577
60.54336352019557,1.1856127958387928
60.56336463136841,1.1858448270995532
60.583365742541254,1.1860767677717379
60.6033668537141,1.1863086177422884
60.62336796488694,1.1865403768981913
60.643369076059784,1.1867720451264778
60.66337018723262,1.1870036223142233
60.68337129840547,1.1872351083485468
60.703372409578314,1.1874665031166127
60.72337352075115,1.1876978065056292
60.743374631924,1.1879290184028495
60.76337574309684,1.188160138695571
60.78337685426968,1.188391167271136
60.80337796544253,1.1886221040169316
60.82337907661537,1.1888529488203896
60.84338018778821,1.1890837015689864
60.86338129896105,1.189314362150243
60.8833824101339,1.1895449304517267
60.90338352130674,1.1897754063610484
60.92338463247958,1.190005789765864
60.94338574365243,1.1902360805538754
60.96338685482527,1.190466278612829
60.98338796599811,1.190696383830517
61.00338907717096,1.1909263960947758
61.0233901883438,1.1911563152934883
61.04339129951664,1.191386141314582
61.06339241068949,1.19161587404603
61.08339352186233,1.1918455133758512
61.10339463303517,1.1920750591921094
61.12339574420801,1.1923045113829143
61.14339685538086,1.1925338698364216
61.1633979665537,1.1927631344408323
61.18339907772654,1.1929923050843927
61.20340018889939,1.193221381655396
61.223401300072226,1.1934503640421805
61.24340241124507,1.1936792521331303
61.26340352241792,1.1939080458166762
61.283404633590756,1.194136744981294
61.3034057447636,1.1943653495155067
61.32340685593644,1.1945938593078822
61.343407967109286,1.1948222742470358
61.36340907828213,1.195050594221628
61.38341018945497,1.1952788191203665
61.403411300627816,1.1955069488320047
61.423412411800655,1.1957349832453423
61.4434135229735,1.195962922249226
61.463414634146346,1.1961907657325492
61.483415745319185,1.1964185135842507
61.50341685649203,1.196646165693317
61.52341796766487,1.1968737219487808
61.543419078837715,1.1971011822397215
61.56342019001056,1.1973285464552657
61.5834213011834,1.1975558144845864
61.603422412356245,1.1977829862169034
61.623423523529084,1.198010061541484
61.64342463470193,1.198237040347642
61.663425745874775,1.1984639225247382
61.683426857047614,1.198690707962181
61.70342796822046,1.1989173965494253
61.7234290793933,1.199143988175974
61.743430190566144,1.1993704827313765
61.76343130173899,1.19959688010523
61.78343241291183,1.1998231801871788
61.803433524084674,1.2000493828669148
61.82343463525751,1.2002754880341773
61.84343574643036,1.2005014955787532
61.863436857603205,1.2007274053904768
61.88343796877604,1.2009532173592303
61.90343907994889,1.2011789313749432
61.92344019112173,1.2014045473275934
61.94344130229457,1.201630065107206
61.96344241346742,1.201855484603854
61.98344352464026,1.2020808057076586
62.0034446358131,1.2023060283087892
62.02344574698595,1.2025311522974622
62.04344685815879,1.202756177563943
62.063447969331634,1.202981103998545
62.08344908050447,1.2032059314916295
62.10345019167732,1.203430659933606
62.123451302850164,1.2036552892149324
62.143452414023,1.203879819226115
62.16345352519585,1.2041042498577088
62.18345463636869,1.2043285810003161
62.20345574754153,1.2045528125445895
62.22345685871438,1.2047769443812284
62.24345796988722,1.2050009764009815
62.26345908106006,1.2052249084946467
62.2834601922329,1.2054487405530694
62.30346130340575,1.205672472467145
62.32346241457859,1.2058961041278171
62.34346352575143,1.206119635426078
62.36346463692428,1.2063430662529693
62.383465748097116,1.2065663964995814
62.40346685926996,1.2067896260570539
62.42346797044281,1.207012754816575
62.443469081615646,1.2072357826693827
62.46347019278849,1.2074587095067637
62.48347130396133,1.2076815352200538
62.503472415134176,1.207904259700639
62.52347352630702,1.208126882839954
62.54347463747986,1.2083494045294823
62.563475748652706,1.208571824660758
62.583476859825545,1.208794143125364
62.60347797099839,1.2090163598149328
62.62347908217124,1.209238474621147
62.643480193344075,1.2094604874357384
62.66348130451692,1.2096823981504885
62.68348241568976,1.2099042066572288
62.703483526862605,1.2101259128478403
62.72348463803545,1.2103475166142543
62.74348574920829,1.2105690178484518
62.763486860381136,1.2107904164424639
62.783487971553974,1.2110117122883712
62.80348908272682,1.2112329052783053
62.823490193899666,1.2114539953044474
62.843491305072504,1.2116749822590285
62.86349241624535,1.2118958660343306
62.88349352741819,1.2121166465226856
62.903494638591035,1.212337323616476
62.92349574976388,1.2125578972081343
62.94349686093672,1.2127783671901435
62.963497972109565,1.2129987334550378
62.9834990832824,1.2132189958954007
63.00350019445525,1.2134391544038678
63.023501305628095,1.2136592088731244
63.04350241680093,1.213879159195906
63.06350352797378,1.2140990052650005
63.08350463914662,1.214318746973245
63.103505750319464,1.2145383842135287
63.12350686149231,1.214757916878791
63.14350797266515,1.2149773448620222
63.163509083837994,1.2151966680562643
63.18351019501084,1.2154158863546096
63.20351130618368,1.215634999650202
63.223512417356524,1.2158540078362365
63.24351352852936,1.2160729108059596
63.26351463970221,1.216291708452668
63.283515750875054,1.2165104006697116
63.30351686204789,1.2167289873504896
63.32351797322074,1.2169474683884547
63.34351908439358,1.2171658436771091
63.36352019556642,1.2173841131100078
63.38352130673927,1.2176022765807577
63.40352241791211,1.217820333983016
63.42352352908495,1.2180382852104927
63.44352464025779,1.218256130156949
63.46352575143064,1.2184738687161987
63.48352686260348,1.218691500782106
63.50352797377632,1.2189090262485887
63.52352908494917,1.2191264450096153
63.543530196122006,1.2193437569592067
63.56353130729485,1.2195609619914363
63.5835324184677,1.2197780600004289
63.603533529640536,1.219995050880362
63.62353464081338,1.220211934525465
63.64353575198622,1.22042871083002
63.66353686315907,1.2206453796883607
63.68353797433191,1.2208619409948738
63.70353908550475,1.2210783946439983
63.7235401966776,1.2212947405302255
63.743541307850435,1.2215109785480993
63.76354241902328,1.2217271085922163
63.78354353019613,1.2219431305572255
63.803544641368966,1.222159044337829
63.82354575254181,1.222374849828781
63.84354686371465,1.2225905469248888
63.863547974887496,1.222806135521013
63.88354908606034,1.2230216155120663
63.90355019723318,1.2232369867930148
63.923551308406026,1.2234522492588775
63.943552419578864,1.2236674028047267
63.96355353075171,1.223882447325687
63.983554641924556,1.2240973827169372
64.0035557530974,1.2243122088737084
64.02355686427023,1.2245269256912852
64.04355797544308,1.224741533065006
64.06355908661592,1.224956030890262
64.08356019778877,1.2251704190624977
64.10356130896162,1.2253846974772116
64.12356242013445,1.2255988660299553
64.1435635313073,1.225812924616334
64.16356464248014,1.2260268731320068
64.18356575365299,1.2262407114726859
64.20356686482583,1.2264544395341377
64.22356797599866,1.2266680572121818
64.24356908717151,1.2268815644026925
64.26357019834435,1.227094961001597
64.2835713095172,1.227308246904877
64.30357242069005,1.2275214220085682
64.32357353186288,1.2277344862087598
64.34357464303572,1.2279474394015955
64.36357575420857,1.228160281483273
64.38357686538141,1.2283730123500438
64.40357797655426,1.2285856318982145
64.42357908772709,1.2287981400241448
64.44358019889994,1.2290105366242496
64.46358131007278,1.229222821594998
64.48358242124563,1.2294349948329133
64.50358353241847,1.2296470562345734
64.5235846435913,1.2298590056966103
64.54358575476415,1.2300708431157115
64.563586865937,1.230282568388618
64.58358797710984,1.2304941814121264
64.60358908828269,1.2307056820830875
64.62359019945552,1.230917070298407
64.64359131062837,1.231128345955045
64.66359242180121,1.2313395089500176
64.68359353297406,1.2315505591803948
64.7035946441469,1.2317614965433017
64.72359575531974,1.2319723209359184
64.74359686649258,1.2321830322554805
64.76359797766543,1.2323936303992786
64.78359908883827,1.2326041152646583
64.80360020001112,1.23281448674902
64.82360131118395,1.23302474474982
64.8436024223568,1.23323488916457
64.86360353352964,1.2334449198908368
64.88360464470249,1.233654836826242
64.90360575587533,1.2338646398684638
64.92360686704818,1.2340743289152352
64.94360797822101,1.234283903864345
64.96360908939386,1.2344933646136376
64.9836102005667,1.2347027110610127
65.00361131173955,1.2349119431044269
65.0236124229124,1.2351210606418905
65.04361353408522,1.2353300635714717
65.06361464525807,1.2355389517912936
65.08361575643092,1.235747725199535
65.10361686760376,1.2359563836944312
65.12361797877661,1.2361649271742732
65.14361908994944,1.2363733555374081
65.16362020112228,1.2365816686822393
65.18362131229513,1.2367898665072263
65.20362242346798,1.2369979489108844
65.22362353464082,1.2372059157917856
65.24362464581365,1.237413767048558
65.2636257569865,1.237621502579887
65.28362686815935,1.2378291222845124
65.30362797933219,1.2380366260612323
65.32362909050504,1.2382440138089006
65.34363020167787,1.2384512854264274
65.36363131285071,1.2386584408127803
65.38363242402356,1.2388654798669827
65.4036335351964,1.2390724024881155
65.42363464636925,1.2392792085753155
65.44363575754208,1.2394858980277768
65.46363686871493,1.2396924707447503
65.48363797988777,1.239898926625544
65.50363909106062,1.2401052655695226
65.52364020223347,1.2403114874761074
65.5436413134063,1.2405175922447775
65.56364242457914,1.2407235797750689
65.58364353575199,1.2409294499665744
65.60364464692483,1.2411352027189442
65.62364575809768,1.241340837931886
65.64364686927051,1.2415463555051642
65.66364798044336,1.2417517553386015
65.6836490916162,1.2419570373320767
65.70365020278905,1.2421622013855274
65.7236513139619,1.2423672473989473
65.74365242513473,1.2425721752723886
65.76365353630757,1.2427769849059613
65.78365464748042,1.242981676199832
65.80365575865326,1.2431862490542263
65.82365686982611,1.2433907033694258
65.84365798099894,1.2435950390457715
65.86365909217179,1.2437992559836615
65.88366020334463,1.244003354083552
65.90366131451748,1.244207333245957
65.92366242569032,1.2444111933714481
65.94366353686316,1.2446149343606554
65.963664648036,1.2448185561142675
65.98366575920885,1.2450220585330303
66.00366687038169,1.2452254415177482
66.02366798155454,1.2454287049692836
66.04366909272737,1.2456318487885574
66.06367020390022,1.245834872876549
66.08367131507306,1.2460377771342956
66.10367242624591,1.2462405614628935
66.12367353741875,1.246443225763497
66.14367464859158,1.2466457699373188
66.16367575976443,1.2468481938856304
66.18367687093728,1.247050497509762
66.20367798211012,1.2472526807111024
66.22367909328297,1.2474547433910987
66.2436802044558,1.2476566854512574
66.26368131562865,1.2478585067931434
66.28368242680149,1.2480602073183802
66.30368353797434,1.248261786928651
66.32368464914718,1.2484632455256968
66.34368576032001,1.2486645830113186
66.36368687149286,1.2488657992873757
66.3836879826657,1.2490668942557877
66.40368909383855,1.2492678678185316
66.4236902050114,1.2494687198776446
66.44369131618423,1.2496694503352233
66.46369242735707,1.249870059093423
66.48369353852992,1.2500705460544588
66.50369464970277,1.2502709111206045
66.52369576087561,1.250471154194194
66.54369687204844,1.2506712751776203
66.56369798322129,1.2508712739733363
66.58369909439413,1.2510711504838539
66.60370020556698,1.2512709046117452
66.62370131673983,1.2514705362596414
66.64370242791266,1.2516700453302334
66.6637035390855,1.2518694317262726
66.68370465025835,1.2520686953505695
66.7037057614312,1.2522678361059947
66.72370687260404,1.2524668538954784
66.74370798377687,1.2526657486220112
66.76370909494972,1.2528645201886435
66.78371020612256,1.2530631684984854
66.80371131729541,1.2532616934547076
66.82371242846826,1.2534600949605406
66.84371353964109,1.2536583729192752
66.86371465081393,1.2538565272342623
66.88371576198678,1.2540545578089135
66.90371687315962,1.2542524645467
66.92371798433247,1.2544502473511538
66.9437190955053,1.2546479061258675
66.96372020667815,1.2548454407744938
66.98372131785099,1.2550428512007457
67.00372242902384,1.2552401373083975
67.02372354019668,1.2554372990012834
67.04372465136952,1.2556343361832984
67.06372576254236,1.255831248758399
67.08372687371521,1.2560280366306007
67.10372798488805,1.2562246997039817
67.1237290960609,1.2564212378826798
67.14373020723374,1.256617651070894
67.16373131840658,1.256813939172884
67.18373242957942,1.2570101020929711
67.20373354075227,1.2572061397355376
67.22373465192511,1.2574020520050257
67.24373576309796,1.2575978388059403
67.26373687427079,1.2577935000428462
67.28373798544364,1.2579890356203698
67.30373909661648,1.2581844454431992
67.32374020778933,1.2583797294160834
67.34374131896217,1.2585748874438325
67.363742430135,1.2587699194313187
67.38374354130785,1.2589648252834746
67.4037446524807,1.2591596049052958
67.42374576365354,1.2593542582018378
67.44374687482639,1.2595487850782185
67.46374798599922,1.2597431854396175
67.48374909717207,1.259937459191276
67.50375020834491,1.2601316062384966
67.52375131951776,1.2603256264866438
67.5437524306906,1.2605195198411443
67.56375354186343,1.260713286207486
67.58375465303628,1.2609069254912193
67.60375576420913,1.261100437597956
67.62375687538197,1.2612938224333705
67.64375798655482,1.2614870799031985
67.66375909772765,1.2616802099132385
67.6837602089005,1.2618732123693508
67.70376132007334,1.2620660871774578
67.72376243124619,1.2622588342435443
67.74376354241903,1.2624514534736575
67.76376465359186,1.262643944773906
67.78376576476471,1.262836308050462
67.80376687593755,1.2630285432095596
67.8237679871104,1.263220650157495
67.84376909828325,1.2634126288006273
67.86377020945608,1.2636044790453782
67.88377132062892,1.2637962007982317
67.90377243180177,1.263987793965735
67.92377354297462,1.2641792584544966
67.94377465414746,1.2643705941711894
67.96377576532029,1.264561801022548
67.98377687649314,1.2647528789153704
68.00377798766598,1.2649438277565168
68.02377909883883,1.2651346474529115
68.04378021001168,1.2653253379115401
68.0637813211845,1.2655158990394524
68.08378243235735,1.2657063307437613
68.1037835435302,1.2658966329316417
68.12378465470304,1.2660868055103327
68.14378576587589,1.266276848387136
68.16378687704872,1.2664667614694172
68.18378798822157,1.2666565446646039
68.20378909939441,1.2668461978801884
68.22379021056726,1.267035721023726
68.2437913217401,1.267225114002834
68.26379243291294,1.2674143767251955
68.28379354408578,1.2676035090985553
68.30379465525863,1.2677925110307227
68.32379576643147,1.2679813824295696
68.34379687760432,1.268170123203033
68.36379798877715,1.2683587332591117
68.38379909995,1.26854721250587
68.40380021112284,1.2687355608514355
68.42380132229569,1.2689237782039984
68.44380243346853,1.269111864471814
68.46380354464137,1.2692998195632013
68.48380465581421,1.269487643386543
68.50380576698706,1.2696753358502857
68.5238068781599,1.2698628968629406
68.54380798933275,1.2700503263330825
68.56380910050558,1.2702376241693498
68.58381021167843,1.2704247902804464
68.60381132285127,1.2706118245751394
68.62381243402412,1.2707987269622605
68.64381354519696,1.2709854973507055
68.6638146563698,1.2711721356494345
68.68381576754264,1.2713586417674727
68.70381687871549,1.2715450156139088
68.72381798988833,1.2717312570978965
68.74381910106118,1.2719173661286536
68.76382021223401,1.2721033426154629
68.78382132340685,1.2722891864676718
68.8038224345797,1.272474897594692
68.82382354575255,1.2726604759060003
68.84382465692539,1.2728459213111378
68.86382576809822,1.2730312337197107
68.88382687927107,1.27321641304139
68.90382799044392,1.2734014591859117
68.92382910161676,1.2735863720630762
68.9438302127896,1.2737711515827495
68.96383132396244,1.2739557976548617
68.98383243513528,1.2741403101894093
69.00383354630813,1.2743246890964528
69.02383465748098,1.274508934286118
69.04383576865382,1.2746930456685965
69.06383687982665,1.2748770231541442
69.0838379909995,1.2750608666530832
69.10383910217234,1.2752445760758
69.12384021334519,1.275428151332747
69.14384132451804,1.2756115923344424
69.16384243569087,1.2757948989914687
69.18384354686371,1.275978071214475
69.20384465803656,1.2761611089141753
69.2238457692094,1.2763440120013492
69.24384688038225,1.2765267803868423
69.26384799155508,1.2767094139815653
69.28384910272793,1.2768919126964953
69.30385021390077,1.2770742764426743
69.32385132507362,1.277256505131211
69.34385243624646,1.2774385986732792
69.3638535474193,1.277620556980119
69.38385465859214,1.2778023799630363
69.40385576976499,1.2779840675334027
69.42385688093783,1.2781656196026563
69.44385799211068,1.2783470360823008
69.46385910328353,1.2785283168839063
69.48386021445636,1.2787094619191088
69.5038613256292,1.278890471099611
69.52386243680205,1.279071344337181
69.5438635479749,1.2792520815436537
69.56386465914774,1.2794326826309304
69.58386577032057,1.279613147510978
69.60386688149342,1.2797934760958307
69.62386799266626,1.2799736682975889
69.64386910383911,1.2801537240284193
69.66387021501195,1.280333643200555
69.68387132618479,1.280513425726296
69.70387243735763,1.2806930715180085
69.72387354853048,1.2808725804881258
69.74387465970332,1.2810519525491477
69.76387577087617,1.2812311876136406
69.783876882049,1.2814102855942378
69.80387799322185,1.2815892464036396
69.82387910439469,1.2817680699546128
69.84388021556754,1.2819467561599915
69.86388132674038,1.2821253049326764
69.88388243791321,1.2823037161856352
69.90388354908606,1.2824819898319029
69.9238846602589,1.2826601257845813
69.94388577143175,1.2828381239568398
69.9638868826046,1.2830159842619142
69.98388799377743,1.283193706613108
70.00388910495028,1.2833712909237924
70.02389021612312,1.2835487371074046
70.04389132729597,1.2837260450774504
70.06389243846881,1.283903214747502
70.08389354964164,1.2840802460311995
70.10389466081449,1.2842571388422508
70.12389577198734,1.2844338930944308
70.14389688316018,1.284610508701582
70.16389799433303,1.2847869855776144
70.18389910550586,1.284963323636506
70.2039002166787,1.2851395227923017
70.22390132785155,1.2853155829591154
70.2439024390244,1.2854915040511274
70.26390355019724,1.2856672859825866
70.28390466137007,1.2858429286678092
70.30390577254292,1.28601843202118
70.32390688371576,1.2861937959571514
70.34390799488861,1.2863690203902434
70.36390910606146,1.286544105235044
70.38391021723429,1.2867190504062094
70.40391132840713,1.2868938558184646
70.42391243957998,1.287068521386602
70.44391355075282,1.2872430470254819
70.46391466192567,1.2874174326500332
70.4839157730985,1.287591678175253
70.50391688427135,1.2877657835162073
70.5239179954442,1.287939748588029
70.54391910661704,1.288113573305921
70.56392021778989,1.2882872575851532
70.58392132896272,1.2884608013410648
70.60392244013556,1.2886342044890633
70.62392355130841,1.288807466944625
70.64392466248125,1.2889805886232941
70.6639257736541,1.289153569440684
70.68392688482693,1.2893264093124763
70.70392799599978,1.2894991081544218
70.72392910717262,1.2896716658823402
70.74393021834547,1.289844082412119
70.76393132951831,1.2900163576597155
70.78393244069115,1.2901884915411554
70.80393355186399,1.2903604839725333
70.82393466303684,1.2905323348700133
70.84393577420968,1.2907040441498276
70.86393688538253,1.290875611728278
70.88393799655536,1.2910470375217353
70.9039391077282,1.2912183214466393
70.92394021890105,1.2913894634194991
70.9439413300739,1.291560463356893
70.96394244124674,1.2917313211754682
70.98394355241957,1.2919020367919414
71.00394466359242,1.292072610123099
71.02394577476527,1.2922430410857961
71.04394688593811,1.2924133295969578
71.06394799711096,1.292583475573578
71.08394910828379,1.29275347893272
71.10395021945664,1.292923339591518
71.12395133062948,1.2930930574671744
71.14395244180233,1.2932626324769612
71.16395355297517,1.2934320645382207
71.183954664148,1.2936013535683646
71.20395577532085,1.2937704994848744
71.2239568864937,1.293939502205301
71.24395799766654,1.294108361647266
71.26395910883939,1.2942770777284593
71.28396022001222,1.2944456503666422
71.30396133118506,1.2946140794796452
71.32396244235791,1.294782364985369
71.34396355353076,1.2949505068017837
71.3639646647036,1.2951185048469305
71.38396577587643,1.2952863590389194
71.40396688704928,1.295454069295932
71.42396799822212,1.295621635536219
71.44396910939497,1.2957890576781015
71.46397022056782,1.2959563356399706
71.48397133174065,1.2961234693402885
71.5039724429135,1.296290458697587
71.52397355408634,1.2964573036304685
71.54397466525919,1.2966240040576058
71.56397577643203,1.296790559897742
71.58397688760486,1.2969569710696907
71.60397799877771,1.2971232374923365
71.62397910995055,1.297289359084634
71.6439802211234,1.2974553357656082
71.66398133229625,1.2976211674543556
71.68398244346909,1.2977868540700426
71.70398355464192,1.2979523955319063
71.72398466581477,1.2981177917592555
71.74398577698761,1.2982830426714687
71.76398688816046,1.298448148187996
71.7839879993333,1.2986131082283574
71.80398911050614,1.2987779227121448
71.82399022167898,1.2989425915590211
71.84399133285183,1.2991071146887192
71.86399244402467,1.2992714920210438
71.88399355519752,1.2994357234758707
71.90399466637035,1.299599808973146
71.9239957775432,1.299763748432888
71.94399688871604,1.299927541775186
71.96399799988889,1.3000911889202
71.98399911106173,1.300254689788161
72.00400022223457,1.3004180442993725
72.02400133340741,1.3005812523742082
72.04400244458026,1.3007443139331138
72.0640035557531,1.3009072288966064
72.08400466692595,1.3010699971852742
72.10400577809878,1.301232618719777
72.12400688927163,1.3013950934208462
72.14400800044447,1.3015574212092853
72.16400911161732,1.3017196020059685
72.18401022279016,1.3018816357318421
72.204011333963,1.3020435223079243
72.22401244513584,1.3022052616553044
72.24401355630869,1.302366853695144
72.26401466748153,1.3025282983486766
72.28401577865438,1.302689595537207
72.30401688982721,1.3028507451821123
72.32401800100006,1.3030117472048413
72.3440191121729,1.303172601526915
72.36402022334575,1.3033333080699259
72.3840213345186,1.3034938667555394
72.40402244569142,1.303654277505492
72.42402355686427,1.3038145402415933
72.44402466803712,1.3039746548857238
72.46402577920996,1.3041346213598373
72.48402689038281,1.3042944395859593
72.50402800155564,1.304454109486188
72.52402911272848,1.304613630982693
72.54403022390133,1.3047730039977175
72.56403133507418,1.3049322284535758
72.58403244624702,1.3050913042726557
72.60403355741985,1.3052502313774166
72.6240346685927,1.3054090096903908
72.64403577976555,1.3055676391341833
72.66403689093839,1.3057261196314713
72.68403800211124,1.3058844511050047
72.70403911328407,1.306042633477606
72.72404022445691,1.3062006666721706
72.74404133562976,1.3063585506116668
72.7640424468026,1.3065162852191348
72.78404355797545,1.3066738704176886
72.80404466914828,1.306831306130514
72.82404578032113,1.3069885922808706
72.84404689149397,1.3071457287920905
72.86404800266682,1.3073027155875787
72.88404911383967,1.3074595525908133
72.9040502250125,1.3076162397253452
72.92405133618534,1.3077727769147987
72.94405244735819,1.3079291640828707
72.96405355853103,1.308085401153332
72.98405466970388,1.3082414880500257
73.00405578087671,1.3083974246968686
73.02405689204956,1.3085532110178506
73.0440580032224,1.3087088469370352
73.06405911439525,1.3088643323785585
73.0840602255681,1.3090196672666305
73.10406133674093,1.3091748515255344
73.12406244791377,1.309329885079627
73.14406355908662,1.3094847678533386
73.16406467025946,1.3096394997711722
73.18406578143231,1.3097940807577055
73.20406689260514,1.3099485107375892
73.22406800377799,1.3101027896355477
73.24406911495083,1.3102569173763787
73.26407022612368,1.310410893884954
73.28407133729652,1.3105647190862189
73.30407244846936,1.3107183929051924
73.3240735596422,1.310871915266968
73.34407467081505,1.3110252860967118
73.36407578198789,1.3111785053196647
73.38407689316074,1.3113315728611417
73.40407800433357,1.3114844886465302
73.42407911550642,1.3116372526012934
73.44408022667926,1.3117898646509674
73.46408133785211,1.311942324721163
73.48408244902495,1.3120946327375644
73.50408356019778,1.3122467886259304
73.52408467137063,1.3123987923120939
73.54408578254348,1.3125506437219618
73.56408689371632,1.3127023427815154
73.58408800488917,1.3128538894168105
73.604089116062,1.3130052835539763
73.62409022723484,1.3131565251192174
73.64409133840769,1.313307614038812
73.66409244958054,1.3134585502391134
73.68409356075338,1.3136093336465486
73.70409467192621,1.3137599641876194
73.72409578309906,1.3139104417889027
73.7440968942719,1.3140607663770487
73.76409800544475,1.3142109378787834
73.7840991166176,1.3143609562209067
73.80410022779043,1.314510821330293
73.82410133896327,1.3146605331338923
73.84410245013612,1.3148100915587286
73.86410356130897,1.314959496531901
73.88410467248181,1.3151087479805827
73.90410578365464,1.3152578458320228
73.92410689482749,1.3154067900135444
73.94410800600033,1.3155555804525463
73.96410911717318,1.3157042170765014
73.98411022834603,1.315852699812958
74.00411133951887,1.3160010285895396
74.0241124506917,1.3161492033339441
74.04411356186455,1.3162972239739454
74.0641146730374,1.3164450904373917
74.08411578421024,1.316592802652207
74.10411689538309,1.3167403605463897
74.12411800655592,1.316887764048014
74.14411911772876,1.3170350130852295
74.16412022890161,1.3171821075862606
74.18412134007446,1.3173290474794077
74.2041224512473,1.3174758326930456
74.22412356242013,1.317622463155625
74.24412467359298,1.3177689387956724
74.26412578476582,1.3179152595417891
74.28412689593867,1.3180614253226526
74.30412800711152,1.3182074360670153
74.32412911828435,1.3183532917037053
74.34413022945719,1.3184989921616268
74.36413134063004,1.3186445373697593
74.38413245180288,1.3187899272571575
74.40413356297573,1.3189351617529523
74.42413467414856,1.3190802407863507
74.44413578532141,1.3192251642866348
74.46413689649425,1.319369932183163
74.4841380076671,1.319514544405369
74.50413911883994,1.3196590008827633
74.52414023001278,1.3198033015449313
74.54414134118562,1.3199474463215348
74.56414245235847,1.3200914351423116
74.58414356353131,1.320235267937076
74.60414467470416,1.320378944635717
74.62414578587699,1.320522465168201
74.64414689704984,1.3206658294645701
74.66414800822268,1.3208090374549426
74.68414911939553,1.3209520890695128
74.70415023056837,1.321094984238551
74.7241513417412,1.3212377228924046
74.74415245291405,1.3213803049614965
74.7641535640869,1.3215227303763262
74.78415467525974,1.3216649990674698
74.80415578643259,1.3218071109655793
74.82415689760542,1.3219490660013835
74.84415800877827,1.3220908641056877
74.86415911995111,1.3222325052093733
74.88416023112396,1.3223739892433986
74.9041613422968,1.3225153161387984
74.92416245346963,1.3226564858266836
74.94416356464248,1.3227974982382429
74.96416467581533,1.3229383533047403
74.98416578698817,1.3230790509575177
75.00416689816102,1.3232195911279927
75.02416800933385,1.32335997374766
75.0441691205067,1.3235001987480917
75.06417023167954,1.3236402660609357
75.08417134285239,1.3237801756179177
75.10417245402523,1.3239199273508402
75.12417356519806,1.3240595211915813
75.14417467637091,1.3241989570720982
75.16417578754375,1.3243382349244235
75.1841768987166,1.3244773546806672
75.20417800988945,1.3246163162730167
75.22417912106228,1.3247551196337362
75.24418023223512,1.324893764695167
75.26418134340797,1.325032251389728
75.28418245458082,1.3251705796499147
75.30418356575366,1.3253087494083002
75.32418467692649,1.3254467605975346
75.34418578809934,1.3255846131503457
75.36418689927218,1.3257223069995383
75.38418801044503,1.3258598420779943
75.40418912161788,1.325997218318674
75.4241902327907,1.3261344356546139
75.44419134396355,1.3262714940189284
75.4641924551364,1.32640839334481
75.48419356630924,1.326545133565528
75.50419467748209,1.3266817146144294
75.52419578865492,1.3268181364249387
75.54419689982777,1.3269543989305586
75.56419801100061,1.327090502064869
75.58419912217346,1.3272264457615268
75.6042002333463,1.3273622299542682
75.62420134451914,1.3274978545769058
75.64420245569198,1.327633319563331
75.66420356686483,1.3277686248475116
75.68420467803767,1.3279037703634948
75.70420578921052,1.3280387560454048
75.72420690038335,1.3281735818274436
75.7442080115562,1.328308247643892
75.76420912272904,1.328442753429108
75.78421023390189,1.3285770991175276
75.80421134507473,1.3287112846436657
75.82421245624757,1.3288453099421138
75.84421356742041,1.3289791749475428
75.86421467859326,1.3291128795947014
75.8842157897661,1.329246423818416
75.90421690093895,1.3293798075535919
75.92421801211178,1.3295130307352117
75.94421912328463,1.3296460932983374
75.96422023445747,1.3297789951781085
75.98422134563032,1.329911736309743
76.00422245680316,1.3300443166285372
76.024223567976,1.3301767360698662
76.04422467914884,1.3303089945691828
76.06422579032169,1.330441092062019
76.08422690149453,1.330573028483985
76.10422801266738,1.330704803770769
76.12422912384021,1.3308364178581384
76.14423023501305,1.3309678706819392
76.1642313461859,1.3310991621780954
76.18423245735875,1.3312302922826105
76.20423356853159,1.3313612609315655
76.22423467970442,1.331492068061121
76.24423579087727,1.3316227136075167
76.26423690205011,1.3317531975070698
76.28423801322296,1.3318835196961774
76.3042391243958,1.3320136801113145
76.32424023556865,1.3321436786890357
76.34424134674148,1.3322735153659744
76.36424245791433,1.3324031900788424
76.38424356908718,1.3325327027644311
76.40424468026002,1.3326620533596105
76.42424579143287,1.33279124180133
76.4442469026057,1.3329202680266168
76.46424801377854,1.333049131972579
76.48424912495139,1.3331778335764026
76.50425023612424,1.333306372775353
76.52425134729708,1.3334347495067747
76.54425245846991,1.3335629637080915
76.56425356964276,1.3336910153168067
76.5842546808156,1.3338189042705022
76.60425579198845,1.33394663050684
76.6242569031613,1.3340741939635605
76.64425801433413,1.334201594578484
76.66425912550697,1.3343288322895104
76.68426023667982,1.3344559070346185
76.70426134785266,1.3345828187518665
76.72426245902551,1.3347095673793927
76.74426357019834,1.3348361528554142
76.76426468137119,1.3349625751182281
76.78426579254403,1.3350888341062108
76.80426690371688,1.3352149297578184
76.82426801488973,1.3353408620115865
76.84426912606256,1.3354666308061305
76.8642702372354,1.3355922360801453
76.88427134840825,1.335717677772406
76.9042724595811,1.3358429558217666
76.92427357075394,1.3359680701671615
76.94427468192677,1.3360930207476045
76.96427579309962,1.3362178075021895
76.98427690427246,1.3363424303700908
77.00427801544531,1.3364668892905611
77.02427912661815,1.3365911842029345
77.04428023779099,1.336715315046624
77.06428134896383,1.3368392817611234
77.08428246013668,1.336963084286006
77.10428357130952,1.337086722560925
77.12428468248237,1.3372101965256142
77.1442857936552,1.3373335061198872
77.16428690482805,1.3374566512836377
77.18428801600089,1.3375796319568392
77.20428912717374,1.3377024480795463
77.22429023834658,1.337825099591893
77.24429134951941,1.3379475864340935
77.26429246069226,1.3380699085464434
77.2842935718651,1.338192065869317
77.30429468303795,1.3383140583431699
77.3242957942108,1.3384358859085381
77.34429690538363,1.3385575485060373
77.36429801655648,1.3386790460763642
77.38429912772932,1.338800378560296
77.40430023890217,1.3389215458986898
77.42430135007501,1.339042548032484
77.44430246124784,1.3391633849026965
77.46430357242069,1.339284056450427
77.48430468359354,1.3394045626168545
77.50430579476638,1.3395249033432395
77.52430690593923,1.339645078570923
77.54430801711206,1.3397650882413261
77.5643091282849,1.3398849322959516
77.58431023945775,1.3400046106763823
77.6043113506306,1.3401241233242818
77.62431246180344,1.3402434701813948
77.64431357297627,1.3403626511895461
77.66431468414912,1.3404816662906427
77.68431579532196,1.340600515426671
77.70431690649481,1.3407191985396991
77.72431801766766,1.340837715571876
77.74431912884049,1.3409560664654314
77.76432024001333,1.3410742511626763
77.78432135118618,1.3411922696060021
77.80432246235902,1.341310121737882
77.82432357353187,1.3414278075008699
77.8443246847047,1.3415453268376005
77.86432579587755,1.3416626796907904
77.8843269070504,1.3417798660032367
77.90432801822324,1.3418968857178177
77.92432912939609,1.3420137387774933
77.94433024056892,1.3421304251253043
77.96433135174176,1.3422469447043728
77.98433246291461,1.3423632974579025
78.00433357408745,1.342479483329178
78.0243346852603,1.3425955022615652
78.04433579643313,1.342711354198512
78.06433690760598,1.3428270390835473
78.08433801877882,1.3429425568602813
78.10433912995167,1.3430579074724056
78.12434024112451,1.3431730908636936
78.14434135229735,1.343288106978
78.16434246347019,1.3434029557592615
78.18434357464304,1.3435176371514956
78.20434468581588,1.3436321510988019
78.22434579698873,1.3437464975453615
78.24434690816156,1.3438606764354368
78.2643480193344,1.343974687713373
78.28434913050725,1.3440885313235953
78.3043502416801,1.3442022072106121
78.32435135285294,1.344315715319013
78.34435246402577,1.344429055593469
78.36435357519862,1.3445422279787338
78.38435468637147,1.3446552324196421
78.40435579754431,1.3447680688611108
78.42435690871716,1.3448807372481386
78.44435801988999,1.3449932375258062
78.46435913106284,1.3451055696392769
78.48436024223568,1.3452177335337943
78.50436135340853,1.3453297291546855
78.52436246458137,1.3454415564473594
78.54436357575422,1.3455532153573062
78.56436468692705,1.3456647058300986
78.5843657980999,1.3457760278113922
78.60436690927274,1.345887181246923
78.62436802044559,1.3459981660825109
78.64436913161843,1.3461089822640568
78.66437024279126,1.3462196297375444
78.68437135396411,1.3463301084490396
78.70437246513696,1.3464404183446903
78.7243735763098,1.346550559370727
78.74437468748265,1.3466605314734619
78.76437579865548,1.3467703345992903
78.78437690982832,1.3468799686946895
78.80437802100117,1.3469894337062192
78.82437913217402,1.3470987295805217
78.84438024334686,1.3472078562643213
78.8643813545197,1.3473168137044254
78.88438246569254,1.347425601847723
78.90438357686538,1.347534220641187
78.92438468803823,1.3476426700318718
78.94438579921108,1.347750949966914
78.96438691038391,1.3478590603935343
78.98438802155675,1.3479670012590343
79.0043891327296,1.3480747725107998
79.02439024390245,1.3481823740962982
79.04439135507529,1.3482898059630797
79.06439246624812,1.348397068058778
79.08439357742097,1.348504160331109
79.10439468859381,1.3486110827278712
79.12439579976666,1.348717835196946
79.1443969109395,1.3488244176862982
79.16439802211234,1.3489308301439749
79.18439913328518,1.349037072518106
79.20440024445803,1.3491431447569044
79.22440135563087,1.3492490468086664
79.24440246680372,1.3493547786217708
79.26440357797655,1.3494603401446792
79.2844046891494,1.3495657313259368
79.30440580032224,1.3496709521141714
79.32440691149509,1.349776002458094
79.34440802266793,1.3498808823064985
79.36440913384077,1.3499855916082621
79.38441024501361,1.3500901303123454
79.40441135618646,1.3501944983677914
79.4244124673593,1.3502986957237268
79.44441357853215,1.3504027223293618
79.46441468970498,1.3505065781339889
79.48441580087783,1.350610263086985
79.50441691205067,1.3507137771378095
79.52441802322352,1.3508171202360049
79.54441913439636,1.3509202923311978
79.5644202455692,1.351023293373098
79.58442135674204,1.3511261233114982
79.60442246791489,1.3512287820962745
79.62442357908773,1.3513312696773871
79.64442469026058,1.3514335860048792
79.66442580143341,1.3515357310288774
79.68442691260626,1.351637704699592
79.7044280237791,1.3517395069673166
79.72442913495195,1.3518411377824289
79.7444302461248,1.351942597095389
79.76443135729762,1.3520438848567422
79.78443246847047,1.3521450010171163
79.80443357964332,1.3522459455272227
79.82443469081616,1.3523467183378575
79.84443580198901,1.3524473193998992
79.86443691316184,1.3525477486643105
79.88443802433468,1.3526480060821386
79.90443913550753,1.3527480916045134
79.92444024668038,1.352848005182649
79.94444135785322,1.3529477467678435
79.96444246902605,1.3530473163114785
79.9844435801989,1.3531467137650197
80.00444469137175,1.353245939080017
80.02444580254459,1.353344992208103
80.04444691371744,1.3534438731009955
80.06444802489027,1.3535425817104958
80.08444913606311,1.353641117988489
80.10445024723596,1.3537394818869448
80.1244513584088,1.353837673357916
80.14445246958165,1.3539356923535404
80.16445358075448,1.354033538826039
80.18445469192733,1.3541312127277176
80.20445580310017,1.3542287140109657
80.22445691427302,1.354326042628257
80.24445802544587,1.35442319853215
80.2644591366187,1.3545201816752859
80.28446024779154,1.3546169920103919
80.30446135896439,1.354713629490278
80.32446247013723,1.3548100940678394
80.34446358131008,1.354906385696055
80.36446469248291,1.3550025043279883
80.38446580365576,1.355098449916787
80.4044669148286,1.3551942224156832
80.42446802600145,1.3552898217779936
80.4444691371743,1.3553852479571185
80.46447024834713,1.3554805009065436
80.48447135951997,1.3555755805798386
80.50447247069282,1.3556704869306575
80.52447358186566,1.355765219912739
80.54447469303851,1.3558597794799065
80.56447580421134,1.3559541655860672
80.58447691538419,1.356048378185214
80.60447802655703,1.3561424172314231
80.62447913772988,1.3562362826788563
80.64448024890272,1.3563299744817594
80.66448136007556,1.3564234925944634
80.6844824712484,1.3565168369713834
80.70448358242125,1.3566100075670193
80.72448469359409,1.356703004335956
80.74448580476694,1.356795827232863
80.76448691593977,1.3568884762124946
80.78448802711262,1.3569809512296898
80.80448913828546,1.3570732522393723
80.82449024945831,1.3571653791965506
80.84449136063115,1.3572573320563182
80.864492471804,1.3573491107738533
80.88449358297683,1.3574407153044195
80.90449469414968,1.3575321456033647
80.92449580532252,1.3576234016261217
80.94449691649537,1.3577144833282089
80.96449802766821,1.3578053906652288
80.98449913884104,1.3578961235928697
81.00450025001389,1.3579866820669042
81.02450136118674,1.358077066043191
81.04450247235958,1.3581672754776724
81.06450358353243,1.3582573103263766
81.08450469470526,1.3583471705454173
81.1045058058781,1.3584368560909925
81.12450691705095,1.3585263669193859
81.1445080282238,1.358615702986966
81.16450913939664,1.3587048642501867
81.18451025056947,1.358793850665587
81.20451136174232,1.3588826621897914
81.22451247291517,1.358971298779509
81.24451358408801,1.359059760391535
81.26451469526086,1.3591480469827495
81.28451580643369,1.3592361585101178
81.30451691760653,1.3593240949306904
81.32451802877938,1.3594118562016038
81.34451913995223,1.3594994422800792
81.36452025112507,1.3595868531234236
81.3845213622979,1.359674088689029
81.40452247347075,1.3597611489343735
81.4245235846436,1.3598480338170202
81.44452469581644,1.3599347432946176
81.46452580698929,1.3600212773249
81.48452691816212,1.360107635865687
81.50452802933496,1.3601938188748839
81.52452914050781,1.3602798263104812
81.54453025168065,1.3603656581305557
81.5645313628535,1.360451314293269
81.58453247402633,1.360536794756869
81.60453358519918,1.3606220994796887
81.62453469637202,1.3607072284201471
81.64453580754487,1.3607921815367487
81.66453691871772,1.3608769587880838
81.68453802989055,1.3609615601328284
81.70453914106339,1.3610459855297443
81.72454025223624,1.3611302349376793
81.74454136340908,1.361214308315566
81.76454247458193,1.361298205622424
81.78454358575476,1.3613819268173581
81.80454469692761,1.3614654718595591
81.82454580810045,1.3615488407083038
81.8445469192733,1.3616320333229543
81.86454803044614,1.3617150496629595
81.88454914161898,1.3617978896878533
81.90455025279182,1.3618805533572564
81.92455136396467,1.361963040630875
81.94455247513751,1.362045351468501
81.96455358631036,1.3621274858300128
81.98455469748319,1.3622094436753749
82.00455580865604,1.3622912249646373
82.02455691982888,1.3623728296579365
82.04455803100173,1.362454257715495
82.06455914217457,1.3625355090976212
82.0845602533474,1.3626165837647097
82.10456136452025,1.3626974816772415
82.1245624756931,1.3627782027957838
82.14456358686594,1.362858747080989
82.16456469803879,1.3629391144935972
82.18456580921162,1.3630193049944332
82.20456692038447,1.3630993185444096
82.22456803155731,1.3631791551045238
82.24456914273016,1.3632588146358604
82.264570253903,1.36333829709959
82.28457136507583,1.3634176024569693
82.30457247624868,1.3634967306693417
82.32457358742153,1.3635756816981366
82.34457469859437,1.3636544555048704
82.36457580976722,1.363733052051145
82.38457692094005,1.3638114712986493
82.4045780321129,1.3638897132091585
82.42457914328574,1.3639677777445343
82.44458025445859,1.3640456648667243
82.46458136563143,1.3641233745377634
82.48458247680426,1.364200906719773
82.50458358797711,1.3642782613749598
82.52458469914995,1.3643554384656185
82.5445858103228,1.3644324379541297
82.56458692149565,1.3645092598029605
82.58458803266848,1.3645859039746646
82.60458914384132,1.3646623704318825
82.62459025501417,1.3647386591373414
82.64459136618702,1.3648147700538549
82.66459247735986,1.3648907031443231
82.68459358853269,1.3649664583717334
82.70459469970554,1.3650420356991593
82.72459581087838,1.3651174350897612
82.74459692205123,1.3651926565067862
82.76459803322408,1.3652676999135687
82.7845991443969,1.3653425652735287
82.80460025556975,1.3654172525501742
82.8246013667426,1.3654917617070992
82.84460247791544,1.3655660927079851
82.86460358908829,1.3656402455165995
82.88460470026112,1.3657142200967973
82.90460581143397,1.3657880164125207
82.92460692260681,1.3658616344277974
82.94460803377966,1.3659350741067433
82.9646091449525,1.366008335413561
82.98461025612534,1.3660814183125396
83.00461136729818,1.3661543227680557
83.02461247847103,1.3662270487445722
83.04461358964387,1.3662995962066398
83.06461470081672,1.3663719651188955
83.08461581198956,1.366444155446064
83.1046169231624,1.3665161671529562
83.12461803433524,1.366588000204471
83.14461914550809,1.3666596545655938
83.16462025668093,1.3667311302013974
83.18462136785378,1.3668024270770411
83.20462247902661,1.3668735451577725
83.22462359019946,1.3669444844089251
83.2446247013723,1.3670152447959207
83.26462581254515,1.3670858262842671
83.284626923718,1.36715622883956
83.30462803489083,1.3672264524274826
83.32462914606367,1.3672964970138048
83.34463025723652,1.367366362564384
83.36463136840936,1.3674360490451645
83.38463247958221,1.3675055564221785
83.40463359075504,1.367574884661545
83.42463470192789,1.3676440337294706
83.44463581310073,1.3677130035922491
83.46463692427358,1.3677817942162618
83.48463803544642,1.367850405567977
83.50463914661925,1.3679188376139508
83.5246402577921,1.3679870903208269
83.54464136896495,1.3680551636553355
83.56464248013779,1.3681230575842949
83.58464359131064,1.368190772074611
83.60464470248347,1.3682583070932766
83.62464581365631,1.3683256626073728
83.64464692482916,1.3683928385840671
83.664648036002,1.3684598349906154
83.68464914717485,1.3685266517943608
83.70465025834768,1.3685932889627341
83.72465136952053,1.3686597464632535
83.74465248069338,1.3687260242635246
83.76465359186622,1.368792122331241
83.78465470303907,1.3688580406341835
83.8046558142119,1.3689237791402213
83.82465692538474,1.3689893378173101
83.84465803655759,1.369054716633494
83.86465914773044,1.3691199155569052
83.88466025890328,1.369184934555762
83.90466137007611,1.3692497735983722
83.92466248124896,1.3693144326531301
83.9446635924218,1.3693789116885182
83.96466470359465,1.3694432106731071
83.9846658147675,1.3695073295755544
84.00466692594033,1.3695712683646057
84.02466803711317,1.3696350270090951
84.04466914828602,1.3696986054779434
84.06467025945886,1.3697620037401603
84.08467137063171,1.3698252217648423
84.10467248180454,1.3698882595211748
84.12467359297739,1.36995111697843
84.14467470415023,1.370013794105969
84.16467581532308,1.37007629087324
84.18467692649592,1.3701386072497799
84.20467803766876,1.3702007432052126
84.2246791488416,1.3702626987092503
84.24468026001445,1.370324473731694
84.2646813711873,1.3703860682424314
84.28468248236014,1.370447482211439
84.30468359353297,1.3705087156087807
84.32468470470582,1.3705697684046092
84.34468581587866,1.3706306405691646
84.36468692705151,1.3706913320727754
84.38468803822435,1.3707518428858578
84.40468914939719,1.3708121729789162
84.42469026057003,1.3708723223225436
84.44469137174288,1.3709322908874202
84.46469248291572,1.3709920786443153
84.48469359408857,1.3710516855640853
84.5046947052614,1.3711111116176757
84.52469581643425,1.3711703567761195
84.54469692760709,1.3712294210105385
84.56469803877994,1.3712883042921415
84.58469914995278,1.3713470065922273
84.60470026112561,1.3714055278821813
84.62470137229846,1.3714638681334779
84.6447024834713,1.3715220273176798
84.66470359464415,1.3715800054064375
84.684704705817,1.3716378023714904
84.70470581698983,1.3716954181846652
84.72470692816268,1.3717528528178782
84.74470803933552,1.371810106243133
84.76470915050837,1.371867178432522
84.78471026168121,1.3719240693582258
84.80471137285404,1.3719807789925131
84.82471248402689,1.3720373073077416
84.84471359519974,1.372093654276357
84.86471470637258,1.3721498198708935
84.88471581754543,1.3722058040639733
84.90471692871826,1.3722616068283073
84.9247180398911,1.3723172281366953
84.94471915106395,1.372372667962025
84.9647202622368,1.3724279262772725
84.98472137340964,1.3724830030555026
85.00472248458247,1.372537898269869
85.02472359575532,1.372592611893613
85.04472470692816,1.372647143900065
85.06472581810101,1.3727014942626437
85.08472692927386,1.3727556629548567
85.10472804044669,1.3728096499502997
85.12472915161953,1.3728634552226575
85.14473026279238,1.3729170787457028
85.16473137396522,1.3729705204932974
85.18473248513807,1.3730237804393912
85.2047335963109,1.3730768585580235
85.22473470748375,1.3731297548233217
85.2447358186566,1.373182469209502
85.26473692982944,1.373235001690869
85.28473804100229,1.3732873522418163
85.30473915217512,1.373339520836826
85.32474026334796,1.3733915074504688
85.34474137452081,1.3734433120574043
85.36474248569365,1.3734949346323813
85.3847435968665,1.373546375150236
85.40474470803935,1.3735976335858942
85.42474581921218,1.3736487099143708
85.44474693038502,1.373699604110769
85.46474804155787,1.3737503161502806
85.48474915273071,1.3738008460081867
85.50475026390356,1.3738511936598568
85.52475137507639,1.373901359080749
85.54475248624924,1.373951342246411
85.56475359742208,1.3740011431324788
85.58475470859493,1.374050761714677
85.60475581976777,1.3741001979688203
85.6247569309406,1.3741494518708106
85.64475804211345,1.3741985233966396
85.6647591532863,1.374247412522388
85.68476026445914,1.3742961192242251
85.70476137563199,1.374344643478409
85.72476248680482,1.3743929852612875
85.74476359797767,1.3744411445492961
85.76476470915051,1.3744891213189603
85.78476582032336,1.3745369155468943
85.8047669314962,1.374584527209801
85.82476804266904,1.3746319562844724
85.84476915384188,1.3746792027477897
85.86477026501473,1.374726266576723
85.88477137618757,1.3747731477483314
85.90477248736042,1.3748198462397632
85.92477359853325,1.374866362028255
85.9447747097061,1.374912695091134
85.96477582087894,1.3749588454058148
85.98477693205179,1.375004812949802
86.00477804322463,1.375050597700689
86.02477915439746,1.3750961996361586
86.04478026557031,1.3751416187339824
86.06478137674316,1.375186854972021
86.084782487916,1.375231908328225
86.10478359908885,1.3752767787806326
86.12478471026168,1.3753214663073727
86.14478582143452,1.3753659708866626
86.16478693260737,1.3754102924968088
86.18478804378022,1.3754544311162071
86.20478915495306,1.3754983867233426
86.2247902661259,1.3755421592967891
86.24479137729874,1.3755857488152106
86.26479248847158,1.3756291552573594
86.28479359964443,1.3756723786020775
86.30479471081728,1.3757154188282956
86.32479582199011,1.3757582759150346
86.34479693316295,1.375800949841404
86.3647980443358,1.375843440586603
86.38479915550865,1.3758857481299194
86.40480026668149,1.3759278724507307
86.42480137785432,1.3759698135285041
86.44480248902717,1.3760115713427954
86.46480360020001,1.3760531458732503
86.48480471137286,1.3760945370996038
86.5048058225457,1.3761357450016796
86.52480693371854,1.3761767695593916
86.54480804489138,1.3762176107527426
86.56480915606423,1.3762582685618248
86.58481026723707,1.37629874296682
86.60481137840992,1.3763390339479995
86.62481248958275,1.3763791414857232
86.6448136007556,1.3764190655604416
86.66481471192844,1.3764588061526934
86.68481582310129,1.376498363243108
86.70481693427413,1.3765377368124034
86.72481804544697,1.376576926841387
86.74481915661981,1.3766159333109562
86.76482026779266,1.3766547562020977
86.7848213789655,1.376693395495887
86.80482249013835,1.3767318511734905
86.82482360131118,1.3767701232161627
86.84482471248403,1.3768082116052487
86.86482582365687,1.3768461163221821
86.88482693482972,1.3768838373484868
86.90482804600256,1.376921374665776
86.9248291571754,1.3769587282557523
86.94483026834824,1.3769958981002082
86.96483137952109,1.3770328841810253
86.98483249069393,1.3770696864801752
87.00483360186678,1.377106304979719
87.02483471303961,1.377142739661807
87.04483582421246,1.3771789905086798
87.0648369353853,1.3772150575026672
87.08483804655815,1.3772509406261881
87.10483915773099,1.3772866398617518
87.12484026890382,1.3773221551919574
87.14484138007667,1.3773574865994929
87.16484249124952,1.377392634067136
87.18484360242236,1.377427597577755
87.20484471359521,1.3774623771143069
87.22484582476804,1.3774969726598383
87.24484693594088,1.3775313841974866
87.26484804711373,1.3775656117104778
87.28484915828658,1.377599655182128
87.30485026945942,1.3776335145958427
87.32485138063225,1.377667189935118
87.3448524918051,1.3777006811835386
87.36485360297795,1.3777339883247797
87.38485471415079,1.377767111342606
87.40485582532364,1.377800050220872
87.42485693649647,1.3778328049435218
87.44485804766931,1.377865375494589
87.46485915884216,1.3778977618581982
87.484860270015,1.3779299640185623
87.50486138118785,1.3779619819599849
87.52486249236068,1.3779938156668587
87.54486360353353,1.3780254651236672
87.56486471470637,1.3780569303149826
87.58486582587922,1.3780882112254678
87.60486693705207,1.3781193078398748
87.62486804822491,1.3781502201430462
87.64486915939774,1.3781809481199139
87.66487027057059,1.3782114917554997
87.68487138174343,1.3782418510349157
87.70487249291628,1.378272025943363
87.72487360408913,1.3783020164661335
87.74487471526196,1.378331822588608
87.7648758264348,1.3783614442962584
87.78487693760765,1.3783908815746457
87.8048780487805,1.3784201344094205
87.82487915995334,1.3784492027863242
87.84488027112617,1.3784780866911874
87.86488138229902,1.378506786109931
87.88488249347186,1.3785353010285657
87.90488360464471,1.378563631433192
87.92488471581756,1.3785917773100005
87.94488582699039,1.3786197386452719
87.96488693816323,1.3786475154253766
87.98488804933608,1.3786751076367747
88.00488916050892,1.378702515266017
88.02489027168177,1.3787297382997439
88.0448913828546,1.3787567767246856
88.06489249402745,1.3787836305276622
88.08489360520029,1.3788102996955844
88.10489471637314,1.3788367842154523
88.12489582754598,1.3788630840743563
88.14489693871882,1.3788891992594767
88.16489804989166,1.378915129758084
88.18489916106451,1.3789408755575385
88.20490027223735,1.3789664366452907
88.2249013834102,1.378991813008881
88.24490249458303,1.3790170046359398
88.26490360575588,1.3790420115141877
88.28490471692872,1.3790668336314353
88.30490582810157,1.3790914709755833
88.32490693927441,1.3791159235346222
88.34490805044724,1.3791401912966332
88.36490916162009,1.3791642742497867
88.38491027279294,1.3791881723823443
88.40491138396578,1.3792118856826563
88.42491249513863,1.3792354141391645
88.44491360631146,1.3792587577403996
88.4649147174843,1.3792819164749832
88.48491582865715,1.379304890331627
88.50491693983,1.379327679299132
88.52491805100284,1.3793502833663904
88.54491916217567,1.3793727025223839
88.56492027334852,1.3793949367561844
88.58492138452137,1.3794169860569538
88.60492249569421,1.379438850413945
88.62492360686706,1.3794605298164997
88.64492471803989,1.3794820242540506
88.66492582921273,1.3795033337161207
88.68492694038558,1.3795244581923225
88.70492805155843,1.3795453976723593
88.72492916273127,1.3795661521460243
88.7449302739041,1.3795867216032007
88.76493138507695,1.3796071060338624
88.7849324962498,1.379627305428073
88.80493360742264,1.3796473197759864
88.82493471859549,1.3796671490678467
88.84493582976832,1.3796867932939885
88.86493694094116,1.3797062524448362
88.88493805211401,1.379725526510905
88.90493916328685,1.3797446154827993
88.9249402744597,1.3797635193512146
88.94494138563253,1.3797822381069365
88.96494249680538,1.3798007717408405
88.98494360797822,1.3798191202438925
89.00494471915107,1.379837283607149
89.02494583032392,1.3798552618217559
89.04494694149675,1.3798730548789504
89.06494805266959,1.379890662770059
89.08494916384244,1.3799080854864991
89.10495027501528,1.379925323019778
89.12495138618813,1.3799423753614937
89.14495249736096,1.3799592425033336
89.1649536085338,1.3799759244370764
89.18495471970665,1.3799924211545906
89.2049558308795,1.380008732647835
89.22495694205234,1.3800248589088584
89.24495805322518,1.3800407999298006
89.26495916439802,1.3800565557028908
89.28496027557087,1.3800721262204494
89.30496138674371,1.3800875114748865
89.32496249791656,1.3801027114587028
89.34496360908939,1.380117726164489
89.36496472026224,1.3801325555849264
89.38496583143508,1.3801471997127865
89.40496694260793,1.3801616585409313
89.42496805378077,1.3801759320623126
89.4449691649536,1.3801900202699733
89.46497027612645,1.3802039231570458
89.4849713872993,1.3802176407167535
89.50497249847214,1.38023117294241
89.52497360964499,1.3802445198274187
89.54497472081782,1.3802576813652743
89.56497583199067,1.380270657549561
89.58497694316351,1.3802834483739537
89.60497805433636,1.3802960538322175
89.6249791655092,1.380308473918208
89.64498027668203,1.3803207086258715
89.66498138785488,1.380332757949244
89.68498249902773,1.3803446218824522
89.70498361020057,1.380356300419713
89.72498472137342,1.3803677935553338
89.74498583254625,1.3803791012837126
89.7649869437191,1.380390223599337
89.78498805489194,1.3804011604967863
89.80498916606479,1.3804119119707288
89.82499027723763,1.380422478015924
89.84499138841046,1.3804328586272216
89.86499249958331,1.3804430537995618
89.88499361075615,1.3804530635279746
89.904994721929,1.380462887807581
89.92499583310185,1.3804725266335924
89.94499694427469,1.3804819800013104
89.96499805544752,1.3804912479061269
89.98499916662037,1.3805003303435244
90.00500027779321,1.3805092273090758
90.02500138896606,1.380517938798444
90.0450025001389,1.3805264648073834
90.06500361131174,1.3805348053317374
90.08500472248458,1.3805429603674406
90.10500583365743,1.380550929910518
90.12500694483028,1.3805587139570852
90.14500805600312,1.3805663125033472
90.16500916717595,1.3805737255456008
90.1850102783488,1.3805809530802322
90.20501138952164,1.3805879951037188
90.22501250069449,1.3805948516126274
90.24501361186734,1.3806015226036163
90.26501472304017,1.380608008073434
90.28501583421301,1.3806143080189186
90.30501694538586,1.3806204224369996
90.3250180565587,1.3806263513246964
90.34501916773155,1.3806320946791193
90.36502027890438,1.3806376524974684
90.38502139007723,1.380643024777035
90.40502250125007,1.3806482115152
90.42502361242292,1.3806532127094353
90.44502472359576,1.3806580283573033
90.4650258347686,1.3806626584564565
90.48502694594144,1.380667103004638
90.50502805711429,1.380671361999681
90.52502916828713,1.3806754354395103
90.54503027945998,1.3806793233221397
90.56503139063281,1.3806830256456741
90.58503250180566,1.3806865424083092
90.6050336129785,1.3806898736083304
90.62503472415135,1.3806930192441143
90.6450358353242,1.3806959793141274
90.66503694649703,1.3806987538169264
90.68503805766987,1.3807013427511596
90.70503916884272,1.380703746115565
90.72504028001556,1.3807059639089703
90.74504139118841,1.3807079961302953
90.76504250236124,1.3807098427785491
90.78504361353409,1.3807115038528317
90.80504472470693,1.380712979352333
90.82504583587978,1.3807142692763343
90.84504694705262,1.3807153736242066
90.86504805822545,1.3807162923954115
90.8850491693983,1.3807170255895014
90.90505028057115,1.3807175732061188
90.92505139174399,1.3807179352449968
90.94505250291684,1.3807181117059586
90.96505361408967,1.3807181025889186
90.98505472526251,1.3807179078938812
91.00505583643536,1.3807175276209411
91.0250569476082,1.380716961770284
91.04505805878105,1.380716210342185
91.06505916995388,1.3807152733370112
91.08506028112673,1.380714150755219
91.10506139229958,1.3807128425973554
91.12506250347242,1.3807113488640583
91.14506361464527,1.380709669556056
91.1650647258181,1.3807078046741665
91.18506583699094,1.3807057542192993
91.20506694816379,1.3807035181924538
91.22506805933664,1.3807010965947197
91.24506917050948,1.3806984894272776
91.26507028168231,1.3806956966913984
91.28507139285516,1.380692718388443
91.305072504028,1.3806895545198636
91.32507361520085,1.3806862050872022
91.3450747263737,1.3806826700920916
91.36507583754653,1.3806789495362546
91.38507694871937,1.380675043421505
91.40507805989222,1.3806709517497469
91.42507917106506,1.3806666745229743
91.44508028223791,1.3806622117432727
91.46508139341074,1.380657563412817
91.48508250458359,1.380652729533873
91.50508361575643,1.3806477101087973
91.52508472692928,1.3806425051400364
91.54508583810212,1.3806371146301273
91.56508694927496,1.3806315385816976
91.5850880604478,1.3806257769974652
91.60508917162065,1.380619829880239
91.6250902827935,1.3806136972329173
91.64509139396634,1.3806073790584898
91.66509250513917,1.3806008753600358
91.68509361631202,1.3805941861407263
91.70509472748486,1.380587311403821
91.72509583865771,1.3805802511526712
91.74509694983055,1.3805730053907188
91.76509806100339,1.3805655741214953
91.78509917217623,1.380557957348623
91.80510028334908,1.3805501550758148
91.82510139452192,1.3805421673068738
91.84510250569477,1.3805339940456935
91.8651036168676,1.380525635296258
91.88510472804045,1.3805170910626416
91.90510583921329,1.3805083613490092
91.92510695038614,1.3804994461596158
91.94510806155898,1.3804903454988076
91.96510917273181,1.38048105937102
91.98511028390466,1.3804715877807798
92.0051113950775,1.3804619307327037
92.02511250625035,1.380452088231499
92.0451136174232,1.3804420602819636
92.06511472859603,1.3804318468889851
92.08511583976887,1.3804214480575423
92.10511695094172,1.380410863792704
92.12511806211457,1.380400094099629
92.14511917328741,1.3803891389835674
92.16512028446024,1.3803779984498588
92.18512139563309,1.3803666725039339
92.20512250680594,1.3803551611513132
92.22512361797878,1.380343464397608
92.24512472915163,1.3803315822485196
92.26512584032447,1.3803195147098402
92.2851269514973,1.3803072617874514
92.30512806267015,1.3802948234873265
92.325129173843,1.380282199815528
92.34513028501584,1.380269390778209
92.36513139618869,1.380256396381614
92.38513250736152,1.3802432166320762
92.40513361853436,1.3802298515360203
92.42513472970721,1.380216301099961
92.44513584088006,1.3802025653305035
92.4651369520529,1.380188644234343
92.48513806322573,1.380174537818265
92.50513917439858,1.380160246089146
92.52514028557142,1.3801457690539523
92.54514139674427,1.3801311067197402
92.56514250791712,1.380116259093657
92.58514361908995,1.3801012261829404
92.6051447302628,1.3800860079949178
92.62514584143564,1.380070604537007
92.64514695260848,1.3800550158167164
92.66514806378133,1.380039241841645
92.68514917495416,1.380023282619481
92.70515028612701,1.3800071381580041
92.72515139729985,1.3799908084650836
92.7451525084727,1.3799742935486792
92.76515361964555,1.379957593416841
92.78515473081838,1.3799407080777097
92.80515584199122,1.3799236375395156
92.82515695316407,1.3799063818105797
92.84515806433691,1.379888940899313
92.86515917550976,1.379871314814217
92.88516028668259,1.3798535035638835
92.90516139785544,1.3798355071569943
92.92516250902828,1.3798173256023218
92.94516362020113,1.3797989589087283
92.96516473137397,1.3797804070851665
92.9851658425468,1.3797616701406796
93.00516695371965,1.3797427480844002
93.0251680648925,1.3797236409255524
93.04516917606534,1.3797043486734493
93.06517028723819,1.379684871337495
93.08517139841102,1.3796652089271837
93.10517250958387,1.3796453614520992
93.12517362075671,1.3796253289219165
93.14517473192956,1.3796051113463998
93.1651758431024,1.3795847087354047
93.18517695427524,1.3795641210988756
93.20517806544808,1.3795433484468482
93.22517917662093,1.3795223907894478
93.24518028779377,1.37950124813689
93.26518139896662,1.3794799204994808
93.28518251013945,1.379458407887616
93.3051836213123,1.379436710311782
93.32518473248514,1.3794148277825546
93.34518584365799,1.3793927603106009
93.36518695483083,1.379370507906677
93.38518806600366,1.37934807058163
93.40518917717651,1.3793254483463966
93.42519028834936,1.3793026412120037
93.4451913995222,1.3792796491895687
93.46519251069505,1.3792564722902991
93.48519362186788,1.3792331105254918
93.50519473304072,1.3792095639065347
93.52519584421357,1.379185832444905
93.54519695538642,1.3791619161521707
93.56519806655926,1.3791378150399896
93.5851991777321,1.3791135291201095
93.60520028890494,1.3790890584043685
93.62520140007778,1.3790644029046946
93.64520251125063,1.3790395626331058
93.66520362242348,1.3790145376017104
93.68520473359631,1.3789893278227066
93.70520584476915,1.3789639333083827
93.725206955942,1.3789383540711173
93.74520806711485,1.3789125901233785
93.76520917828769,1.3788866414777248
93.78521028946052,1.3788605081468048
93.80521140063337,1.378834190143357
93.82521251180621,1.3788076874802093
93.84521362297906,1.3787810001702812
93.8652147341519,1.3787541282265803
93.88521584532474,1.3787270716622058
93.90521695649758,1.3786998304903457
93.92521806767043,1.3786724047242789
93.94521917884327,1.3786447943773736
93.96522029001612,1.3786169994630884
93.98522140118895,1.3785890199949713
94.0052225123618,1.3785608559866613
94.02522362353464,1.3785325074518866
94.04522473470749,1.378503974404465
94.06522584588033,1.378475256858305
94.08522695705317,1.3784463548274049
94.10522806822601,1.3784172683258524
94.12522917939886,1.3783879973678257
94.1452302905717,1.3783585419675928
94.16523140174455,1.3783289021395113
94.18523251291738,1.378299077898029
94.20523362409023,1.3782690692576836
94.22523473526307,1.3782388762331024
94.24523584643592,1.3782084988390026
94.26523695760876,1.3781779370901917
94.2852380687816,1.3781471910015666
94.30523917995444,1.3781162605881145
94.32524029112729,1.3780851458649117
94.34524140230013,1.3780538468471253
94.36524251347298,1.3780223635500117
94.38524362464581,1.377990695988917
94.40524473581866,1.3779588441792772
94.4252458469915,1.3779268081366185
94.44524695816435,1.3778945878765565
94.46524806933719,1.3778621834147966
94.48524918051004,1.3778295947671342
94.50525029168287,1.3777968219494545
94.52525140285572,1.377763864977732
94.54525251402856,1.3777307238680316
94.56525362520141,1.3776973986365078
94.58525473637425,1.3776638892994042
94.60525584754708,1.377630195873055
94.62525695871993,1.377596318373884
94.64525806989278,1.377562256818404
94.66525918106562,1.3775280112232187
94.68526029223847,1.37749358160502
94.7052614034113,1.377458967980591
94.72526251458414,1.3774241703668038
94.74526362575699,1.3773891887806198
94.76526473692984,1.3773540232390908
94.78526584810268,1.377318673759358
94.80526695927551,1.377283140358652
94.82526807044836,1.3772474230542935
94.8452691816212,1.3772115218636922
94.86527029279405,1.3771754368043485
94.8852714039669,1.3771391678938514
94.90527251513973,1.37710271514988
94.92527362631257,1.3770660785902027
94.94527473748542,1.3770292582326777
94.96527584865827,1.376992254095253
94.98527695983111,1.376955066195966
95.00527807100394,1.3769176945529435
95.02527918217679,1.376880139184402
95.04528029334963,1.3768424001086474
95.06528140452248,1.3768044773440757
95.08528251569533,1.376766370909172
95.10528362686816,1.3767280808225109
95.125284738041,1.3766896071027561
95.14528584921385,1.376650949768662
95.1652869603867,1.3766121088390717
95.18528807155954,1.3765730843329176
95.20528918273237,1.3765338762692219
95.22529029390522,1.3764944846670966
95.24529140507806,1.3764549095457423
95.26529251625091,1.3764151509244502
95.28529362742375,1.3763752088226
95.30529473859659,1.376335083259661
95.32529584976943,1.3762947742551923
95.34529696094228,1.3762542818288424
95.36529807211512,1.3762136060003485
95.38529918328797,1.3761727467895382
95.4053002944608,1.3761317042163275
95.42530140563365,1.3760904783007226
95.44530251680649,1.3760490690628189
95.46530362797934,1.3760074765228005
95.48530473915218,1.3759657007009418
95.50530585032502,1.375923741617606
95.52530696149786,1.3758815992932456
95.54530807267071,1.3758392737484026
95.56530918384355,1.3757967650037082
95.5853102950164,1.3757540730798832
95.60531140618923,1.3757111979977368
95.62531251736208,1.3756681397781687
95.64531362853492,1.3756248984421675
95.66531473970777,1.37558147401081
95.68531585088061,1.3755378665052638
95.70531696205344,1.3754940759467849
95.72531807322629,1.3754501023567183
95.74531918439914,1.3754059457564989
95.76532029557198,1.3753616061676504
95.78532140674483,1.3753170836117858
95.80532251791766,1.3752723781106073
95.8253236290905,1.3752274896859062
95.84532474026335,1.375182418359563
95.8653258514362,1.3751371641535473
95.88532696260904,1.375091727089918
95.90532807378187,1.3750461071908229
95.92532918495472,1.3750003044784993
95.94533029612757,1.374954318975273
95.96533140730041,1.3749081507035597
95.98533251847326,1.3748617996858634
96.00533362964609,1.3748152659447777
96.02533474081893,1.3747685495029849
96.04533585199178,1.3747216503832569
96.06533696316463,1.374674568608454
96.08533807433747,1.374627304201526
96.1053391855103,1.3745798571855117
96.12534029668315,1.3745322275835385
96.145341407856,1.3744844154188232
96.16534251902884,1.374436420714671
96.18534363020169,1.3743882434944774
96.20534474137452,1.3743398837817253
96.22534585254736,1.3742913415999878
96.24534696372021,1.3742426169729258
96.26534807489305,1.37419370992429
96.2853491860659,1.37414462047792
96.30535029723873,1.3740953486577439
96.32535140841158,1.3740458944877787
96.34535251958442,1.3739962579921303
96.36535363075727,1.373946439194994
96.38535474193012,1.3738964381206535
96.40535585310295,1.3738462547934813
96.42535696427579,1.373795889237939
96.44535807544864,1.3737453414785765
96.46535918662148,1.3736946115400335
96.48536029779433,1.3736436994470376
96.50536140896716,1.3735926052244054
96.52536252014,1.3735413288970424
96.54536363131285,1.373489870489943
96.5653647424857,1.37343823002819
96.58536585365854,1.3733864075369553
96.60536696483138,1.3733344030414991
96.62536807600422,1.373282216567171
96.64536918717707,1.3732298481394085
96.66537029834991,1.3731772977837384
96.68537140952276,1.3731245655257758
96.70537252069559,1.3730716513912247
96.72537363186844,1.3730185554058776
96.74537474304128,1.3729652775956158
96.76537585421413,1.372911817986409
96.78537696538697,1.372858176604316
96.80537807655982,1.3728043534754835
96.82537918773265,1.3727503486261472
96.8453802989055,1.3726961620826317
96.86538141007834,1.372641793871349
96.88538252125119,1.3725872440188014
96.90538363242403,1.3725325125515782
96.92538474359687,1.3724775994963578
96.94538585476971,1.3724225048799075
96.96538696594256,1.3723672287290827
96.9853880771154,1.3723117710708268
97.00538918828825,1.3722561319321729
97.02539029946108,1.3722003113402412
97.04539141063393,1.3721443093222414
97.06539252180677,1.3720881259054711
97.08539363297962,1.3720317611173165
97.10539474415246,1.3719752149852522
97.1253958553253,1.371918487536841
97.14539696649814,1.3718615787997344
97.16539807767099,1.371804488801672
97.18539918884383,1.3717472175704821
97.20540030001668,1.371689765134081
97.22540141118951,1.3716321315204731
97.24540252236235,1.3715743167577519
97.2654036335352,1.3715163208740984
97.28540474470805,1.3714581438977824
97.30540585588089,1.3713997858571618
97.32540696705372,1.371341246780683
97.34540807822657,1.3712825266968798
97.36540918939941,1.3712236256343753
97.38541030057226,1.3711645436218802
97.4054114117451,1.3711052806881936
97.42541252291794,1.371045836862203
97.44541363409078,1.3709862121728833
97.46541474526363,1.3709264066492983
97.48541585643648,1.3708664203205998
97.50541696760932,1.3708062532160277
97.52541807878215,1.37074590536491
97.545419189955,1.3706853767966625
97.56542030112784,1.3706246675407894
97.58542141230069,1.3705637776268833
97.60542252347354,1.3705027070846243
97.62542363464637,1.3704414559437805
97.64542474581921,1.3703800242342086
97.66542585699206,1.370318411985853
97.6854269681649,1.370256619228746
97.70542807933775,1.3701946459930079
97.72542919051058,1.3701324923088471
97.74543030168343,1.37007015820656
97.76543141285627,1.370007643716531
97.78543252402912,1.369944948869232
97.80543363520196,1.3698820736952229
97.8254347463748,1.3698190182251524
97.84543585754764,1.369755782489756
97.86543696872049,1.3696923665198573
97.88543807989333,1.3696287703463679
97.90543919106618,1.3695649940002876
97.92544030223901,1.3695010375127037
97.94544141341186,1.3694369009147906
97.9654425245847,1.369372584237812
97.98544363575755,1.369308087513118
98.0054447469304,1.3692434107721472
98.02544585810323,1.3691785540464259
98.04544696927607,1.3691135173675675
98.06544808044892,1.3690483007672742
98.08544919162176,1.3689829042773352
98.10545030279461,1.3689173279296272
98.12545141396744,1.368851571756115
98.14545252514029,1.368785635788851
98.16545363631313,1.368719520059975
98.18545474748598,1.368653224601715
98.20545585865882,1.3685867494463855
98.22545696983165,1.36852009462639
98.2454580810045,1.3684532601742183
98.26545919217735,1.3683862461224487
98.28546030335019,1.3683190525037463
98.30546141452304,1.3682516793508646
98.32546252569587,1.3681841266966437
98.34546363686871,1.3681163945740116
98.36546474804156,1.3680484830159838
98.3854658592144,1.3679803920556637
98.40546697038725,1.367912121726241
98.42546808156008,1.367843672060994
98.44546919273293,1.367775043093288
98.46547030390578,1.3677062348565752
98.48547141507862,1.3676372473843958
98.50547252625147,1.3675680807103774
98.5254736374243,1.3674987348682346
98.54547474859714,1.3674292098917695
98.56547585976999,1.3673595058148715
98.58547697094284,1.3672896226715172
98.60547808211568,1.3672195604957706
98.62547919328851,1.3671493193217832
98.64548030446136,1.3670788991837932
98.6654814156342,1.3670083001161264
98.68548252680705,1.3669375221531956
98.7054836379799,1.3668665653295013
98.72548474915273,1.3667954296796307
98.74548586032557,1.3667241152382585
98.76548697149842,1.3666526220401458
98.78548808267126,1.366580950120142
98.80548919384411,1.3665090995131826
98.82549030501694,1.3664370702542907
98.84549141618979,1.3663648623785762
98.86549252736263,1.3662924759212367
98.88549363853548,1.3662199109175561
98.90549474970832,1.366147167402906
98.92549586088116,1.366074245412744
98.945496972054,1.3660011449826157
98.96549808322685,1.3659278661481533
98.9854991943997,1.3658544089450761
99.00550030557254,1.3657807734091902
99.02550141674539,1.3657069595763884
99.04550252791822,1.365632967482651
99.06550363909106,1.3655587971640446
99.08550475026391,1.365484448656723
99.10550586143675,1.365409921996927
99.1255069726096,1.3653352172209834
99.14550808378243,1.3652603343653071
99.16550919495528,1.365185273466399
99.18551030612812,1.3651100345608467
99.20551141730097,1.3650346176853252
99.22551252847381,1.3649590228765955
99.24551363964665,1.3648832501715058
99.26551475081949,1.3648072996069909
99.28551586199234,1.3647311712200723
99.30551697316518,1.364654865047858
99.32551808433803,1.3645783811275431
99.34551919551086,1.3645017194964093
99.3655203066837,1.364424880191824
99.38552141785655,1.3643478632512425
99.4055225290294,1.3642706687122057
99.42552364020224,1.3641932966123418
99.44552475137507,1.364115746989365
99.46552586254792,1.3640380198810762
99.48552697372077,1.363960115325363
99.50552808489361,1.3638820333601993
99.52552919606646,1.3638037740236457
99.54553030723929,1.363725337353849
99.56553141841214,1.3636467233890421
99.58553252958498,1.3635679321675451
99.60553364075783,1.3634889637277645
99.62553475193067,1.3634098181081922
99.6455358631035,1.3633304953474075
99.66553697427635,1.3632509954840755
99.6855380854492,1.3631713185569478
99.70553919662204,1.3630914646048624
99.72554030779489,1.3630114336667434
99.74554141896772,1.362931225781601
99.76554253014056,1.3628508409885323
99.78554364131341,1.3627702793267198
99.80554475248626,1.362689540835433
99.8255458636591,1.362608625554027
99.84554697483193,1.3625275335219436
99.86554808600478,1.3624462647787101
99.88554919717762,1.3623648193639406
99.90555030835047,1.3622831973173346
99.92555141952332,1.3622013986786787
99.94555253069615,1.3621194234878444
99.965553641869,1.3620372717847904
99.98555475304184,1.3619549436095604
100.00555586421468,1.361872439002285
100.02555697538753,1.3617897580031801
100.04555808656036,1.3617069006525484
100.06555919773321,1.3616238669907774
100.08556030890605,1.3615406570583415
100.1055614200789,1.3614572708958006
100.12556253125175,1.361373708543801
100.14556364242458,1.361289970043074
100.16556475359742,1.3612060554344376
100.18556586477027,1.3611219647587953
100.20556697594311,1.3610376980571361
100.22556808711596,1.3609532553705357
100.24556919828879,1.3608686367401543
100.26557030946164,1.3607838422072391
100.28557142063448,1.3606988718131223
100.30557253180733,1.3606137255992223
100.32557364298017,1.3605284036070424
100.345574754153,1.3604429058781728
100.36557586532585,1.3603572324542883
100.3855769764987,1.3602713833771496
100.40557808767154,1.3601853586886035
100.42557919884439,1.360099158430582
100.44558031001722,1.3600127826451023
100.46558142119007,1.359926231374268
100.48558253236291,1.3598395046602676
100.50558364353576,1.3597526025453754
100.5255847547086,1.3596655250719514
100.54558586588143,1.3595782722824405
100.56558697705428,1.3594908442193736
100.58558808822713,1.3594032409253667
100.60558919939997,1.3593154624431212
100.62559031057282,1.3592275088154242
100.64559142174565,1.3591393800851481
100.6655925329185,1.3590510762952503
100.68559364409134,1.3589625974887738
100.70559475526419,1.358873943708847
100.72559586643703,1.3587851149986834
100.74559697760986,1.3586961114015819
100.76559808878271,1.3586069329609265
100.78559919995556,1.3585175797201865
100.8056003111284,1.3584280517229166
100.82560142230125,1.3583383490127565
100.84560253347408,1.3582484716334309
100.86560364464692,1.35815841962875
100.88560475581977,1.3580681930426086
100.90560586699262,1.3579777919189873
100.92560697816546,1.3578872163019513
100.9456080893383,1.3577964662356508
100.96560920051114,1.3577055417643213
100.98561031168398,1.3576144429322834
101.00561142285683,1.357523169783942
101.02561253402968,1.3574317223637882
101.04561364520251,1.3573401007163968
101.06561475637535,1.357248304886428
101.0856158675482,1.3571563349186269
101.10561697872105,1.357064190857824
101.12561808989389,1.3569718727489337
101.14561920106672,1.3568793806369561
101.16562031223957,1.3567867145669754
101.18562142341241,1.3566938745841612
101.20562253458526,1.3566008607337676
101.2256236457581,1.3565076730611332
101.24562475693094,1.3564143116116818
101.26562586810378,1.3563207764309217
101.28562697927663,1.3562270675644457
101.30562809044947,1.3561331850579317
101.32562920162232,1.3560391289571416
101.34563031279517,1.3559448993079228
101.365631423968,1.3558504961562063
101.38563253514084,1.3557559195480087
101.40563364631369,1.35566116952943
101.42563475748653,1.3555662461466556
101.44563586865938,1.3554711494459553
101.46563697983221,1.3553758794736832
101.48563809100506,1.3552804362762776
101.5056392021779,1.3551848199002619
101.52564031335075,1.355089030392243
101.5456414245236,1.3549930677989135
101.56564253569643,1.354896932167049
101.58564364686927,1.3548006235435102
101.60564475804212,1.354704141975242
101.62564586921496,1.3546074875092735
101.64564698038781,1.3545106601927184
101.66564809156064,1.354413660072774
101.68564920273349,1.3543164871967228
101.70565031390633,1.3542191416119302
101.72565142507918,1.354121623365847
101.74565253625202,1.3540239325060077
101.76565364742486,1.353926069080031
101.7856547585977,1.3538280331356194
101.80565586977055,1.3537298247205598
101.82565698094339,1.353631443882723
101.84565809211624,1.353532890670064
101.86565920328907,1.353434165130622
101.88566031446192,1.35333526731252
101.90566142563476,1.3532361972639646
101.92566253680761,1.3531369550332468
101.94566364798045,1.3530375406687418
101.96566475915328,1.352937954218908
101.98566587032613,1.352838195732288
102.00566698149898,1.3527382652575082
102.02566809267182,1.352638162843279
102.04566920384467,1.352537888538395
102.0656703150175,1.3524374423917336
102.08567142619034,1.3523368244522564
102.10567253736319,1.352236034769009
102.12567364853604,1.3521350733911204
102.14567475970888,1.3520339403678037
102.16567587088171,1.3519326357483554
102.18567698205456,1.351831159582155
102.2056780932274,1.351729511918667
102.22567920440025,1.3516276928074382
102.2456803155731,1.3515257022980998
102.26568142674593,1.3514235404403665
102.28568253791877,1.3513212072840357
102.30568364909162,1.351218702878989
102.32568476026447,1.3511160272751916
102.34568587143731,1.3510131805226921
102.36568698261014,1.3509101626716218
102.38568809378299,1.3508069737721962
102.40568920495583,1.350703613874714
102.42569031612868,1.3506000830295568
102.44569142730153,1.3504963812871902
102.46569253847436,1.3503925086981627
102.4856936496472,1.3502884653131062
102.50569476082005,1.3501842511827358
102.5256958719929,1.3500798663578497
102.54569698316574,1.3499753108893295
102.56569809433857,1.3498705848281403
102.58569920551142,1.3497656882253295
102.60570031668426,1.3496606211320283
102.62570142785711,1.349555383599451
102.64570253902995,1.3494499756788942
102.66570365020279,1.349344397421739
102.68570476137563,1.3492386488794479
102.70570587254848,1.3491327301035676
102.72570698372132,1.3490266411457272
102.74570809489417,1.348920382057639
102.765709206067,1.3488139528910983
102.78571031723985,1.348707353697983
102.80571142841269,1.3486005845302538
102.82571253958554,1.3484936454399548
102.84571365075838,1.3483865364792125
102.86571476193122,1.3482792577002363
102.88571587310406,1.348171809155318
102.9057169842769,1.3480641908968334
102.92571809544975,1.3479564029772395
102.9457192066226,1.3478484454490767
102.96572031779543,1.3477403183649685
102.98572142896828,1.34763202177762
103.00572254014112,1.3475235557398197
103.02572365131397,1.3474149203044385
103.04572476248681,1.3473061155244301
103.06572587365964,1.3471971414528305
103.08572698483249,1.347087998142758
103.10572809600534,1.3469786856474137
103.12572920717818,1.3468692040200811
103.14573031835103,1.3467595533141261
103.16573142952386,1.3466497335829972
103.1857325406967,1.3465397448802252
103.20573365186955,1.346429587259423
103.2257347630424,1.3463192607742862
103.24573587421524,1.3462087654785924
103.26573698538807,1.346098101426202
103.28573809656092,1.3459872686710568
103.30573920773377,1.3458762672671818
103.32574031890661,1.3457650972686834
103.34574143007946,1.3456537587297508
103.36574254125229,1.345542251704655
103.38574365242513,1.3454305762477492
103.40574476359798,1.3453187324134688
103.42574587477083,1.3452067202563307
103.44574698594367,1.345094539830935
103.4657480971165,1.3449821911919628
103.48574920828935,1.3448696743941775
103.5057503194622,1.3447569894924247
103.52575143063504,1.3446441365416317
103.54575254180789,1.3445311155968076
103.56575365298073,1.344417926713044
103.58575476415356,1.3443045699455134
103.60575587532641,1.344191045349471
103.62575698649925,1.344077352980253
103.6457580976721,1.3439634928932784
103.66575920884495,1.3438494651440471
103.68576032001778,1.3437352697881413
103.70576143119062,1.3436209068812242
103.72576254236347,1.3435063764790411
103.74576365353632,1.3433916786374192
103.76576476470916,1.343276813412267
103.78576587588199,1.3431617808595746
103.80576698705484,1.3430465810354137
103.82576809822768,1.3429312139959375
103.84576920940053,1.3428156797973805
103.86577032057338,1.3426999784960594
103.8857714317462,1.3425841101483718
103.90577254291905,1.3424680748107964
103.9257736540919,1.342351872539894
103.94577476526474,1.3422355033923066
103.96577587643759,1.342118967424757
103.98577698761042,1.34200226469405
104.00577809878327,1.3418853952570713
104.02577920995611,1.341768359170788
104.04578032112896,1.3416511564922486
104.0657814323018,1.3415337872785824
104.08578254347464,1.3414162515870003
104.10578365464748,1.3412985494747938
104.12578476582033,1.341180680999336
104.14578587699317,1.341062646218081
104.16578698816602,1.340944445188564
104.18578809933885,1.3408260779684011
104.2057892105117,1.3407075446152892
104.22579032168454,1.3405888451870067
104.24579143285739,1.3404699797414126
104.26579254403023,1.3403509483364469
104.28579365520307,1.3402317510301307
104.30579476637591,1.3401123878805654
104.32579587754876,1.3399928589459338
104.3457969887216,1.3398731642844994
104.36579809989445,1.3397533039546063
104.38579921106728,1.3396332780146798
104.40580032224013,1.339513086523225
104.42580143341297,1.3393927295388286
104.44580254458582,1.3392722071201577
104.46580365575866,1.3391515193259598
104.4858047669315,1.3390306662150637
104.50580587810434,1.3389096478463776
104.52580698927719,1.3387884642788912
104.54580810045003,1.3386671155716745
104.56580921162288,1.3385456017838782
104.58581032279571,1.3384239229747328
104.60581143396855,1.33830207920355
104.6258125451414,1.338180070529721
104.64581365631425,1.3380578970127188
104.66581476748709,1.3379355587120954
104.68581587865992,1.3378130556874837
104.70581698983277,1.3376903879985969
104.72581810100561,1.337567555705228
104.74581921217846,1.3374445588672512
104.7658203233513,1.33732139754462
104.78582143452414,1.3371980717973686
104.80582254569698,1.3370745816856109
104.82582365686983,1.336950927269541
104.84582476804268,1.3368271086094339
104.86582587921552,1.3367031257656437
104.88582699038835,1.3365789787986047
104.9058281015612,1.3364546677688314
104.92582921273404,1.3363301927369182
104.94583032390689,1.3362055537635396
104.96583143507974,1.3360807509094497
104.98583254625257,1.335955784235483
105.00583365742541,1.335830653802553
105.02583476859826,1.3357053596716537
105.0458358797711,1.3355799019038592
105.06583699094395,1.3354542805603222
105.08583810211678,1.3353284957022764
105.10583921328963,1.335202547391034
105.12584032446247,1.335076435687988
105.14584143563532,1.3349501606546104
105.16584254680816,1.334823722352453
105.185843657981,1.334697120843147
105.20584476915384,1.3345703561884035
105.22584588032669,1.3344434284500126
105.24584699149953,1.3343163376898444
105.26584810267238,1.3341890839698483
105.28584921384521,1.3340616673520533
105.30585032501806,1.333934087898567
105.3258514361909,1.3338063456715779
105.34585254736375,1.333678440733352
105.3658536585366,1.3335503731462361
105.38585476970943,1.3334221429726556
105.40585588088227,1.3332937502751152
105.42585699205512,1.333165195116199
105.44585810322796,1.33303647755857
105.46585921440081,1.332907597664971
105.48586032557364,1.3327785554982228
105.50586143674649,1.3326493511212265
105.52586254791933,1.3325199845969615
105.54586365909218,1.3323904559884865
105.56586477026502,1.3322607653589393
105.58586588143785,1.3321309127715366
105.6058669926107,1.3320008982895737
105.62586810378355,1.3318707219764252
105.64586921495639,1.3317403838955448
105.66587032612924,1.3316098841104647
105.68587143730207,1.3314792226847958
105.70587254847491,1.331348399682228
105.72587365964776,1.33121741516653
105.7458747708206,1.3310862692015488
105.76587588199345,1.3309549618512109
105.78587699316628,1.330823493179521
105.80587810433913,1.3306918632505624
105.82587921551197,1.3305600721284967
105.84588032668482,1.330428119877565
105.86588143785767,1.330296006562086
105.88588254903051,1.3301637322464572
105.90588366020334,1.330031296995155
105.92588477137619,1.3298987008727337
105.94588588254904,1.3297659439438263
105.96588699372188,1.329633026273144
105.98588810489473,1.3294999479254765
106.00588921606756,1.3293667089656918
106.0258903272404,1.3292333094587363
106.04589143841325,1.3290997494696342
106.0658925495861,1.3289660290634884
106.08589366075894,1.3288321483054797
106.10589477193177,1.328698107260868
106.12589588310462,1.3285639059949892
106.14589699427746,1.3284295445732597
106.16589810545031,1.3282950230611728
106.18589921662316,1.3281603415242993
106.20590032779599,1.3280255000282892
106.22590143896883,1.3278904986388698
106.24590255014168,1.327755337421846
106.26590366131452,1.3276200164431018
106.28590477248737,1.3274845357685978
106.3059058836602,1.3273488954643735
106.32590699483305,1.3272130955965449
106.3459081060059,1.3270771362313072
106.36590921717874,1.3269410174349323
106.38591032835159,1.3268047392737707
106.40591143952442,1.3266683018142498
106.42591255069726,1.3265317051228747
106.44591366187011,1.3263949492662288
106.46591477304295,1.3262580343109724
106.4859158842158,1.3261209603238437
106.50591699538863,1.3259837273716584
106.52591810656148,1.3258463355213093
106.54591921773432,1.3257087848397675
106.56592032890717,1.3255710753940804
106.58592144008001,1.3254332072513735
106.60592255125285,1.3252951804788498
106.62592366242569,1.3251569951437892
106.64592477359854,1.3250186513135491
106.66592588477138,1.324880149055564
106.68592699594423,1.3247414884373456
106.70592810711706,1.3246026695264832
106.7259292182899,1.3244636923906428
106.74593032946275,1.3243245570975675
106.7659314406356,1.324185263715078
106.78593255180844,1.3240458123110717
106.80593366298127,1.3239062029535231
106.82593477415412,1.3237664357104835
106.84593588532697,1.3236265106500813
106.86593699649981,1.323486427840522
106.88593810767266,1.323346187350088
106.90593921884549,1.3232057892471383
106.92594033001834,1.3230652336001085
106.94594144119118,1.3229245204775115
106.96594255236403,1.322783649947937
106.98594366353687,1.3226426220800511
107.0059447747097,1.3225014369425967
107.02594588588255,1.3223600946043934
107.0459469970554,1.3222185951343373
107.06594810822824,1.322076938601401
107.08594921940109,1.3219351250746345
107.10595033057392,1.3217931546231632
107.12595144174676,1.3216510273161892
107.14595255291961,1.3215087432229917
107.16595366409246,1.321366302412926
107.1859547752653,1.3212237049554236
107.20595588643813,1.3210809509199926
107.22595699761098,1.320938040376217
107.24595810878382,1.3207949733937576
107.26595921995667,1.3206517500423516
107.28596033112952,1.3205083703918115
107.30596144230235,1.320364834512027
107.3259625534752,1.320221142472963
107.34596366464804,1.3200772943446617
107.36596477582088,1.31993329019724
107.38596588699373,1.3197891301008924
107.40596699816656,1.319644814125888
107.42596810933941,1.3195003423425726
107.44596922051225,1.319355714821368
107.4659703316851,1.3192109316327714
107.48597144285795,1.3190659928473565
107.50597255403078,1.3189208985357723
107.52597366520362,1.318775648768744
107.54597477637647,1.3186302436170725
107.56597588754931,1.3184846831516341
107.58597699872216,1.3183389674433816
107.60597810989499,1.3181930965633426
107.62597922106784,1.3180470705826206
107.64598033224068,1.3179008895723952
107.66598144341353,1.3177545536039208
107.68598255458637,1.3176080627485276
107.7059836657592,1.317461417077622
107.72598477693205,1.3173146166626846
107.7459858881049,1.3171676615752723
107.76598699927774,1.3170205518870173
107.78598811045059,1.316873287669627
107.80598922162342,1.3167258689948844
107.82599033279627,1.316578295934647
107.84599144396911,1.3164305685608486
107.86599255514196,1.3162826869454973
107.8859936663148,1.3161346511606773
107.90599477748763,1.315986461278547
107.92599588866048,1.315838117371341
107.94599699983333,1.3156896195113674
107.96599811100617,1.3155409677710113
107.98599922217902,1.3153921622227311
108.00600033335185,1.3152432029390613
108.0260014445247,1.3150940899926105
108.04600255569754,1.314944823456063
108.06600366687039,1.3147954034021772
108.08600477804323,1.314645829903787
108.10600588921608,1.314496103033801
108.12600700038891,1.314346222865202
108.14600811156176,1.314196189471048
108.1660092227346,1.3140460029244716
108.18601033390745,1.3138956632986798
108.20601144508029,1.3137451706669547
108.22601255625312,1.313594525102653
108.24601366742597,1.3134437266792052
108.26601477859882,1.313292775470117
108.28601588977166,1.313141671548968
108.30601700094451,1.3129904149894134
108.32601811211734,1.3128390058651813
108.34601922329018,1.3126874442500749
108.36602033446303,1.312535730217972
108.38602144563588,1.3123838638428245
108.40602255680872,1.3122318451986579
108.42602366798155,1.312079674359573
108.4460247791544,1.3119273513997443
108.46602589032724,1.3117748763934198
108.48602700150009,1.3116222494149228
108.50602811267294,1.3114694705386496
108.52602922384577,1.3113165398390716
108.54603033501861,1.3111634573907334
108.56603144619146,1.3110102232682537
108.5860325573643,1.3108568375463252
108.60603366853715,1.310703300299715
108.62603477970998,1.310549611603263
108.64603589088283,1.3103957715318841
108.66603700205567,1.310241780160566
108.68603811322852,1.3100876375643709
108.70603922440137,1.3099333438184337
108.7260403355742,1.3097788989979646
108.74604144674704,1.309624303178246
108.76604255791989,1.3094695564346344
108.78604366909273,1.3093146588425597
108.80604478026558,1.3091596104775258
108.82604589143841,1.3090044114151096
108.84604700261126,1.3088490617309618
108.8660481137841,1.3086935615008062
108.88604922495695,1.3085379108004402
108.9060503361298,1.3083821097057347
108.92605144730263,1.3082261582926336
108.94605255847547,1.308070056637154
108.96605366964832,1.3079138048153862
108.98605478082116,1.3077574029034942
109.00605589199401,1.307600850977715
109.02605700316684,1.3074441491143585
109.04605811433969,1.3072872973898078
109.06605922551253,1.3071302958805187
109.08606033668538,1.3069731446630206
109.10606144785822,1.3068158438139157
109.12606255903106,1.3066583934098788
109.1460636702039,1.3065007935276578
109.16606478137675,1.3063430442440738
109.18606589254959,1.3061851456360203
109.20606700372244,1.3060270977804638
109.22606811489527,1.3058689007544433
109.24606922606812,1.3057105546350707
109.26607033724096,1.3055520594995305
109.28607144841381,1.3053934154250801
109.30607255958665,1.3052346224890488
109.32607367075948,1.3050756807688397
109.34607478193233,1.3049165903419273
109.36607589310518,1.3047573512858588
109.38607700427802,1.304597963678254
109.40607811545087,1.3044384275968055
109.4260792266237,1.3042787431192777
109.44608033779654,1.3041189103235074
109.46608144896939,1.3039589292874036
109.48608256014224,1.3037988000889484
109.50608367131508,1.303638522806195
109.52608478248791,1.3034780975172695
109.54608589366076,1.30331752430037
109.5660870048336,1.3031568032337664
109.58608811600645,1.3029959343958009
109.6060892271793,1.302834917864888
109.62609033835213,1.3026737537195137
109.64609144952497,1.3025124420382361
109.66609256069782,1.3023509828996855
109.68609367187067,1.3021893763825638
109.70609478304351,1.3020276225656449
109.72609589421634,1.3018657215277742
109.74609700538919,1.3017036733478693
109.76609811656203,1.301541478104919
109.78609922773488,1.301379135877984
109.80610033890773,1.3012166467461972
109.82610145008056,1.3010540107887625
109.8461025612534,1.3008912280849554
109.86610367242625,1.3007282987141229
109.8861047835991,1.3005652227556836
109.90610589477194,1.300402000289128
109.92610700594477,1.300238631394017
109.94610811711762,1.300075116149984
109.96610922829046,1.2999114546367325
109.98611033946331,1.2997476469340388
110.00611145063615,1.2995836931217493
110.02611256180899,1.299419593279782
110.04611367298183,1.299255347488126
110.06611478415468,1.2990909558268415
110.08611589532752,1.2989264183760603
110.10611700650037,1.2987617352159844
110.1261181176732,1.2985969064268876
110.14611922884605,1.2984319320891142
110.16612034001889,1.2982668122830796
110.18612145119174,1.2981015470892703
110.20612256236458,1.2979361365882436
110.22612367353742,1.2977705808606272
110.24612478471026,1.2976048799871203
110.2661258958831,1.2974390340484918
110.28612700705595,1.2972730431255826
110.3061281182288,1.2971069072993036
110.32612922940163,1.296940626650636
110.34613034057448,1.2967742012606325
110.36613145174732,1.2966076312104153
110.38613256292017,1.2964409165811779
110.40613367409301,1.296274057454184
110.42613478526586,1.296107053910768
110.44613589643869,1.2959399060323338
110.46613700761154,1.295772613900357
110.48613811878438,1.2956051775963824
110.50613922995723,1.2954375972020256
110.52614034113007,1.2952698727989722
110.5461414523029,1.2951020044689785
110.56614256347575,1.29493399229387
110.5861436746486,1.2947658363555434
110.60614478582144,1.2945975367359646
110.62614589699429,1.29442909351717
110.64614700816712,1.2942605067812663
110.66614811933997,1.2940917766104292
110.68614923051281,1.2939229030869053
110.70615034168566,1.2937538862930102
110.7261514528585,1.2935847263111302
110.74615256403133,1.293415423223721
110.76615367520418,1.2932459771133076
110.78615478637703,1.2930763880624854
110.80615589754987,1.2929066561539193
110.82615700872272,1.2927367814703437
110.84615811989555,1.2925667640945626
110.8661592310684,1.29239660410945
110.88616034224124,1.2922263015979483
110.90616145341409,1.2920558566430707
110.92616256458693,1.2918852693278988
110.94616367575976,1.2917145397355847
110.96616478693261,1.2915436679493484
110.98616589810545,1.2913726540524804
111.0061670092783,1.29120149812834
111.02616812045115,1.2910302002603555
111.04616923162398,1.2908587605320254
111.06617034279682,1.2906871790269159
111.08617145396967,1.2905154558286633
111.10617256514251,1.2903435910209726
111.12617367631536,1.2901715846876183
111.14617478748819,1.289999436912443
111.16617589866104,1.289827147779359
111.18617700983388,1.2896547173723474
111.20617812100673,1.289482145775458
111.22617923217958,1.289309433072809
111.2461803433524,1.2891365793485883
111.26618145452525,1.288963584687052
111.2861825656981,1.2887904491725246
111.30618367687094,1.2886171728894003
111.32618478804379,1.2884437559221407
111.34618589921662,1.2882701983552767
111.36618701038947,1.2880965002734075
111.38618812156231,1.2879226617612007
111.40618923273516,1.2877486829033926
111.426190343908,1.287574563784788
111.44619145508084,1.28740030449026
111.46619256625368,1.2872259051047492
111.48619367742653,1.2870513657132658
111.50619478859937,1.2868766864008876
111.52619589977222,1.2867018672527604
111.54619701094505,1.2865269083540984
111.5661981221179,1.286351809790184
111.58619923329074,1.2861765716463676
111.60620034446359,1.2860011940080676
111.62620145563643,1.2858256769607705
111.64620256680927,1.2856500205900308
111.66620367798211,1.2854742249814706
111.68620478915496,1.28529829022078
111.7062059003278,1.2851222163937168
111.72620701150065,1.2849460035861073
111.74620812267348,1.284769651883845
111.76620923384633,1.2845931613728907
111.78621034501917,1.2844165321392735
111.80621145619202,1.2842397642690901
111.82621256736486,1.2840628578485043
111.8462136785377,1.283885812963748
111.86621478971054,1.28370862970112
111.88621590088339,1.2835313081469868
111.90621701205623,1.2833538483877829
111.92621812322908,1.2831762505100093
111.94621923440191,1.2829985146002345
111.96622034557475,1.2828206407450948
111.9862214567476,1.2826426290312933
112.00622256792045,1.2824644795456002
112.02622367909329,1.2822861923748532
112.04622479026612,1.282107767605957
112.06622590143897,1.281929205325883
112.08622701261181,1.2817505056216705
112.10622812378466,1.2815716685804246
112.1262292349575,1.2813926942893186
112.14623034613034,1.281213582835592
112.16623145730318,1.2810343343065507
112.18623256847603,1.2808549487895684
112.20623367964888,1.2806754263720852
112.22623479082172,1.2804957671416077
112.24623590199455,1.2803159711857095
112.2662370131674,1.2801360385920306
112.28623812434024,1.2799559694482774
112.30623923551309,1.2797757638422238
112.32624034668594,1.2795954218617092
112.34624145785877,1.2794149435946398
112.36624256903161,1.2792343291289885
112.38624368020446,1.2790535785527941
112.4062447913773,1.2788726919541624
112.42624590255015,1.2786916694212649
112.44624701372298,1.2785105110423396
112.46624812489583,1.2783292169056906
112.48624923606867,1.2781477870996887
112.50625034724152,1.2779662217127696
112.52625145841436,1.2777845208334369
112.5462525695872,1.2776026845502586
112.56625368076004,1.2774207129518693
112.58625479193289,1.27723860612697
112.60625590310573,1.277056364164327
112.62625701427858,1.2768739871527728
112.64625812545142,1.2766914751812053
112.66625923662426,1.276508828338589
112.6862603477971,1.2763260467139532
112.70626145896995,1.2761431303963933
112.7262625701428,1.2759600794750707
112.74626368131564,1.275776894039212
112.76626479248847,1.2755935741781097
112.78626590366132,1.2754101199811214
112.80626701483416,1.2752265315376703
112.82626812600701,1.2750428089372452
112.84626923717985,1.2748589522693998
112.86627034835269,1.2746749616237545
112.88627145952553,1.2744908370899934
112.90627257069838,1.2743065787578667
112.92627368187122,1.2741221867171895
112.94627479304407,1.2739376610578423
112.9662759042169,1.2737530018697711
112.98627701538975,1.2735682092429859
113.00627812656259,1.2733832832675627
113.02627923773544,1.273198224033642
113.04628034890828,1.2730130316314296
113.06628146008111,1.2728277061511961
113.08628257125396,1.272642247683277
113.1062836824268,1.2724566563180724
113.12628479359965,1.2722709321460473
113.1462859047725,1.2720850752577313
113.16628701594533,1.2718990857437191
113.18628812711817,1.2717129636946698
113.20628923829102,1.2715267092013072
113.22629034946387,1.2713403223544195
113.24629146063671,1.271153803244859
113.26629257180954,1.270967151963544
113.28629368298239,1.2707803686014552
113.30629479415524,1.2705934532496388
113.32629590532808,1.2704064059992055
113.34629701650093,1.27021922694133
113.36629812767376,1.270031916167251
113.3862992388466,1.269844473768272
113.40630035001945,1.2696568998357598
113.4263014611923,1.2694691944611463
113.44630257236514,1.2692813577359265
113.46630368353797,1.2690933897516603
113.48630479471082,1.268905290599971
113.50630590588366,1.268717060372546
113.52630701705651,1.2685286991611369
113.54630812822936,1.2683402070575585
113.56630923940219,1.2681515841536901
113.58631035057503,1.2679628305414743
113.60631146174788,1.2677739463129174
113.62631257292072,1.2675849315600896
113.64631368409357,1.2673957863751246
113.6663147952664,1.26720651085022
113.68631590643925,1.2670171050776362
113.7063170176121,1.2668275691496977
113.72631812878494,1.2666379031587924
113.74631923995778,1.2664481071973714
113.76632035113062,1.2662581813579494
113.78632146230346,1.2660681257331037
113.80632257347631,1.2658779404154759
113.82632368464915,1.26568762549777
113.846324795822,1.2654971810727538
113.86632590699483,1.2653066072332577
113.88632701816768,1.2651159040721756
113.90632812934052,1.2649250716824638
113.92632924051337,1.2647341101571423
113.94633035168621,1.264543019589294
113.96633146285905,1.2643518000720642
113.98633257403189,1.264160451698661
114.00633368520474,1.2639689745623564
114.02633479637758,1.2637773687564837
114.04633590755043,1.2635856343744403
114.06633701872326,1.263393771509685
114.0863381298961,1.26320178025574
114.10633924106895,1.26300966070619
114.1263403522418,1.262817412954682
114.14634146341464,1.2626250370949257
114.16634257458747,1.2624325332206934
114.18634368576032,1.2622399014258192
114.20634479693317,1.2620471418042
114.22634590810601,1.2618542544497953
114.24634701927886,1.261661239456626
114.26634813045169,1.2614680969187761
114.28634924162454,1.261274826930391
114.30635035279738,1.261081429585679
114.32635146397023,1.26088790497891
114.34635257514307,1.2606942532044156
114.3663536863159,1.2605004743565904
114.38635479748875,1.2603065685298902
114.4063559086616,1.2601125358188328
114.42635701983444,1.2599183763179975
114.44635813100729,1.2597240901220266
114.46635924218012,1.2595296773256226
114.48636035335296,1.259335138023551
114.50636146452581,1.259140472310638
114.52636257569866,1.258945680281772
114.5463636868715,1.258750762031903
114.56636479804433,1.2585557176560425
114.58636590921718,1.2583605472492625
114.60636702039002,1.258165250906698
114.62636813156287,1.2579698287235446
114.64636924273572,1.2577742807950587
114.66637035390855,1.2575786072165593
114.6863714650814,1.2573828080834257
114.70637257625424,1.2571868834910984
114.72637368742708,1.2569908335350792
114.74637479859993,1.2567946583109315
114.76637590977276,1.2565983579142794
114.78637702094561,1.2564019324408071
114.80637813211845,1.2562053819862617
114.8263792432913,1.2560087066464494
114.84638035446415,1.2558119065172386
114.86638146563698,1.2556149816945577
114.88638257680982,1.2554179322743955
114.90638368798267,1.255220758352803
114.92638479915551,1.2550234600258912
114.94638591032836,1.2548260373898306
114.9663870215012,1.2546284905408542
114.98638813267404,1.2544308195752545
115.00638924384688,1.254233024589384
115.02639035501973,1.254035105679657
115.04639146619257,1.2538370629425473
115.06639257736542,1.2536388964745888
115.08639368853825,1.2534406063723769
115.1063947997111,1.253242192732566
115.12639591088394,1.2530436556518716
115.14639702205679,1.2528449952270688
115.16639813322963,1.2526462115549928
115.18639924440247,1.2524473047325395
115.20640035557531,1.2522482748566641
115.22640146674816,1.2520491220243826
115.246402577921,1.25184984633277
115.26640368909385,1.251650447878962
115.28640480026668,1.251450926760154
115.30640591143953,1.2512512830735998
115.32640702261237,1.2510515169166154
115.34640813378522,1.2508516283865745
115.36640924495806,1.2506516175809113
115.3864103561309,1.25045148459712
115.40641146730374,1.2502512295327532
115.42641257847659,1.2500508524854237
115.44641368964943,1.2498503535528038
115.46641480082228,1.249649732832625
115.48641591199511,1.2494489904226789
115.50641702316796,1.2492481264208148
115.5264181343408,1.2490471409249428
115.54641924551365,1.2488460340330316
115.56642035668649,1.2486448058431092
115.58642146785932,1.2484434564532627
115.60642257903217,1.248241985961638
115.62642369020502,1.2480403944664407
115.64642480137786,1.2478386820659342
115.66642591255071,1.2476368488584424
115.68642702372354,1.247434894942347
115.70642813489638,1.247232820416089
115.72642924606923,1.2470306253781676
115.74643035724208,1.2468283099271416
115.76643146841492,1.2466258741616274
115.78643257958775,1.2464233181803015
115.8064336907606,1.2462206420818978
115.82643480193344,1.246017845965209
115.84643591310629,1.2458149299290866
115.86643702427914,1.2456118940724406
115.88643813545197,1.2454087384942392
115.90643924662481,1.2452054632935083
115.92644035779766,1.2450020685693337
115.9464414689705,1.2447985544208577
115.96644258014335,1.2445949209472822
115.98644369131618,1.2443911682478668
116.00644480248903,1.2441872964219285
116.02644591366187,1.2439833055688434
116.04644702483472,1.2437791957880453
116.06644813600757,1.2435749671790257
116.0864492471804,1.2433706198413343
116.10645035835324,1.2431661538745788
116.12645146952609,1.242961569378424
116.14645258069893,1.242756866452593
116.16645369187178,1.242552045196867
116.18645480304461,1.2423471057110846
116.20645591421746,1.2421420480951413
116.2264570253903,1.2419368724489912
116.24645813656315,1.2417315788726455
116.266459247736,1.2415261674661728
116.28646035890883,1.2413206383296995
116.30646147008167,1.2411149915634088
116.32646258125452,1.2409092272675415
116.34646369242736,1.2407033455423964
116.36646480360021,1.240497346488328
116.38646591477304,1.2402912302057498
116.40646702594589,1.240084996795131
116.42646813711873,1.2398786463569986
116.44646924829158,1.2396721789919365
116.46647035946442,1.239465594800585
116.48647147063726,1.239258893883643
116.5064725818101,1.2390520763418642
116.52647369298295,1.238845142276061
116.54647480415579,1.2386380917871007
116.56647591532864,1.2384309249759096
116.58647702650147,1.2382236419434687
116.60647813767432,1.2380162427908166
116.62647924884716,1.2378087276190488
116.64648036002,1.237601096529316
116.66648147119285,1.237393349622827
116.68648258236568,1.2371854870008467
116.70648369353853,1.2369775087646955
116.72648480471138,1.2367694150157507
116.74648591588422,1.2365612058554463
116.76648702705707,1.2363528813852716
116.7864881382299,1.2361444417067735
116.80648924940274,1.2359358869215535
116.82649036057559,1.2357272171312705
116.84649147174844,1.2355184324376387
116.86649258292128,1.2353095329424286
116.88649369409411,1.2351005187474666
116.90649480526696,1.2348913899546348
116.9264959164398,1.2346821466658715
116.94649702761265,1.2344727889831706
116.9664981387855,1.234263317008582
116.98649924995833,1.2340537308442112
117.00650036113117,1.233844030592219
117.02650147230402,1.2336342163548222
117.04650258347687,1.2334242882342932
117.06650369464971,1.2332142463329596
117.08650480582254,1.2330040907532052
117.10650591699539,1.2327938215974679
117.12650702816823,1.232583438968242
117.14650813934108,1.2323729429680768
117.16650925051393,1.232162333699577
117.18651036168676,1.2319516112654028
117.2065114728596,1.2317407757682681
117.22651258403245,1.231529827310944
117.2465136952053,1.2313187659962552
117.26651480637814,1.231107591927082
117.28651591755099,1.230896305206359
117.30651702872382,1.2306849059370772
117.32651813989666,1.2304733942222805
117.34651925106951,1.2302617701650695
117.36652036224235,1.2300500338685978
117.3865214734152,1.2298381854360751
117.40652258458803,1.2296262249707652
117.42652369576088,1.229414152575986
117.44652480693372,1.229201968355111
117.46652591810657,1.2289896724115679
117.48652702927942,1.2287772648488382
117.50652814045225,1.2285647457704585
117.52652925162509,1.2283521152800196
117.54653036279794,1.228139373481166
117.56653147397078,1.2279265204775978
117.58653258514363,1.227713556373068
117.60653369631646,1.2275004812713841
117.6265348074893,1.2272872952764082
117.64653591866215,1.2270739984920562
117.666537029835,1.2268605910222974
117.68653814100784,1.226647072971156
117.70653925218068,1.2264334444427099
117.72654036335352,1.22621970554109
117.74654147452637,1.2260058563704819
117.76654258569921,1.2257918970351245
117.78654369687206,1.2255778276393106
117.80654480804489,1.225363648287387
117.82654591921774,1.2251493590837537
117.84654703039058,1.2249349601328636
117.86654814156343,1.2247204515392245
117.88654925273627,1.2245058334073964
117.9065503639091,1.2242911058419934
117.92655147508195,1.2240762689476827
117.9465525862548,1.223861322829185
117.96655369742764,1.2236462675912736
117.98655480860049,1.223431103338776
118.00655591977332,1.223215830176572
118.02655703094617,1.2230004482095946
118.04655814211901,1.2227849575428307
118.06655925329186,1.2225693582813186
118.0865603644647,1.2223536505301509
118.10656147563753,1.222137834394473
118.12656258681038,1.2219219099794825
118.14656369798323,1.2217058773904292
118.16656480915607,1.2214897367326178
118.18656592032892,1.2212734881114033
118.20656703150175,1.221057131632195
118.2265681426746,1.220840667400454
118.24656925384744,1.2206240955216936
118.26657036502029,1.2204074161014804
118.28657147619313,1.2201906292454334
118.30657258736596,1.2199737350592232
118.32657369853881,1.2197567336485728
118.34657480971165,1.2195396251192587
118.3665759208845,1.2193224095771078
118.38657703205735,1.219105087128001
118.40657814323018,1.2188876578778696
118.42657925440302,1.2186701219326979
118.44658036557587,1.2184524793985223
118.46658147674871,1.218234730381431
118.48658258792156,1.2180168749875635
118.50658369909439,1.2177989133231122
118.52658481026724,1.2175808454943209
118.54658592144008,1.2173626716074841
118.56658703261293,1.2171443917689497
118.58658814378578,1.2169260060851166
118.6065892549586,1.2167075146624347
118.62659036613145,1.2164889176074059
118.6465914773043,1.2162702150265838
118.66659258847714,1.216051407026573
118.68659369964999,1.2158324937140301
118.70659481082282,1.2156134751956624
118.72659592199567,1.2153943515782286
118.74659703316851,1.2151751229685388
118.76659814434136,1.2149557894734546
118.7865992555142,1.2147363511998879
118.80660036668704,1.2145168082548023
118.82660147785988,1.2142971607452127
118.84660258903273,1.2140774087781834
118.86660370020557,1.213857552460832
118.88660481137842,1.2136375919003248
118.90660592255125,1.2134175272038803
118.9266070337241,1.2131973584787672
118.94660814489694,1.2129770858323048
118.96660925606979,1.2127567093718634
118.98661036724263,1.2125362292048638
119.00661147841546,1.2123156454387773
119.02661258958831,1.2120949581811253
119.04661370076116,1.2118741675394806
119.066614811934,1.2116532736214654
119.08661592310685,1.2114322765347527
119.10661703427968,1.2112111763870663
119.12661814545253,1.2109899732861793
119.14661925662537,1.210768667339915
119.16662036779822,1.210547258656148
119.18662147897106,1.2103257473428015
119.2066225901439,1.2101041335078502
119.22662370131674,1.209882417259317
119.24662481248959,1.2096605987052766
119.26662592366243,1.2094386779538522
119.28662703483528,1.2092166551132173
119.30662814600811,1.2089945302915956
119.32662925718095,1.2087723035972593
119.3466303683538,1.208549975138532
119.36663147952665,1.208327545023785
119.38663259069949,1.2081050133614404
119.40663370187232,1.2078823802599699
119.42663481304517,1.2076596458278939
119.44663592421801,1.2074368101737822
119.46663703539086,1.207213873406255
119.4866381465637,1.20699083563398
119.50663925773655,1.2067676969656764
119.52664036890938,1.2065444575101107
119.54664148008223,1.206321117376099
119.56664259125507,1.2060976766725067
119.58664370242792,1.205874135508249
119.60664481360077,1.205650493992288
119.6266459247736,1.2054267522336373
119.64664703594644,1.205202910341357
119.66664814711929,1.2049789684245573
119.68664925829214,1.2047549265923974
119.70665036946498,1.2045307849540838
119.72665148063781,1.2043065436188733
119.74665259181066,1.2040822026960702
119.7666537029835,1.2038577622950282
119.78665481415635,1.2036332225251478
119.8066559253292,1.2034085834958805
119.82665703650203,1.2031838453167243
119.84665814767487,1.2029590080972254
119.86665925884772,1.2027340719469795
119.88666037002056,1.2025090369756302
119.90666148119341,1.202283903292868
119.92666259236624,1.2020586710084338
119.94666370353909,1.2018333402321146
119.96666481471193,1.2016079110737459
119.98666592588478,1.2013823836432116
120.00666703705762,1.2011567580504432
120.02666814823046,1.2009310344054203
120.0466692594033,1.2007052128181697
120.06667037057615,1.2004792933987667
120.086671481749,1.2002532762573335
120.10667259292184,1.2000271615040408
120.12667370409467,1.1998009492491062
120.14667481526752,1.1995746396027949
120.16667592644036,1.19934823267542
120.18667703761321,1.1991217285773415
120.20667814878605,1.1988951274189672
120.22667925995889,1.1986684293107521
120.24668037113173,1.1984416343631985
120.26668148230458,1.1982147426868552
120.28668259347742,1.1979877543923194
120.30668370465027,1.197760669590234
120.3266848158231,1.1975334883912905
120.34668592699595,1.1973062109062258
120.36668703816879,1.1970788372458252
120.38668814934164,1.1968513675209196
120.40668926051448,1.1966238018423876
120.42669037168731,1.1963961403211543
120.44669148286016,1.196168383068191
120.466692594033,1.1959405301945172
120.48669370520585,1.1957125818111967
120.5066948163787,1.1954845380293417
120.52669592755153,1.1952563989601108
120.54669703872437,1.1950281647147079
120.56669814989722,1.194799835404384
120.58669926107007,1.1945714111404369
120.60670037224291,1.1943428920342094
120.62670148341574,1.1941142781970921
120.64670259458859,1.1938855697405206
120.66670370576144,1.193656766775977
120.68670481693428,1.1934278694149894
120.70670592810713,1.1931988777691322
120.72670703927996,1.1929697919500257
120.7467081504528,1.1927406120693353
120.76670926162565,1.192511338238774
120.7867103727985,1.192281970570098
120.80671148397134,1.1920525091751122
120.82671259514417,1.1918229541656649
120.84671370631702,1.191593305653651
120.86671481748986,1.1913635637510105
120.88671592866271,1.19113372856973
120.90671703983556,1.1909038002218404
120.92671815100839,1.1906737788194186
120.94671926218123,1.1904436644745866
120.96672037335408,1.1902134572995116
120.98672148452692,1.1899831574064064
121.00672259569977,1.189752764907529
121.0267237068726,1.1895222799151823
121.04672481804545,1.1892917025417142
121.0667259292183,1.1890610328995181
121.08672704039114,1.1888302711010317
121.10672815156398,1.1885994172587382
121.12672926273682,1.1883684714851657
121.14673037390966,1.1881374338928863
121.16673148508251,1.1879063045945177
121.18673259625535,1.1876750837027223
121.2067337074282,1.1874437713302064
121.22673481860103,1.187212367589722
121.24673592977388,1.1869808725940647
121.26673704094672,1.1867492864560742
121.28673815211957,1.1865176092886367
121.30673926329241,1.18628584120468
121.32674037446525,1.1860539823171785
121.34674148563809,1.1858220327391495
121.36674259681094,1.1855899925836553
121.38674370798378,1.1853578619638017
121.40674481915663,1.1851256409927393
121.42674593032946,1.1848933297836621
121.4467470415023,1.1846609284498082
121.46674815267515,1.18442843710446
121.486749263848,1.1841958558609436
121.50675037502084,1.1839631848326286
121.52675148619367,1.1837304241329292
121.54675259736652,1.1834975738753022
121.56675370853937,1.1832646341732485
121.58675481971221,1.1830316051403131
121.60675593088506,1.1827984868900838
121.62675704205789,1.1825652795361927
121.64675815323073,1.1823319831923143
121.66675926440358,1.1820985979721677
121.68676037557643,1.181865123989514
121.70676148674927,1.1816315613581585
121.7267625979221,1.1813979101919496
121.74676370909495,1.1811641706047782
121.7667648202678,1.1809303427105795
121.78676593144064,1.1806964266233304
121.80676704261349,1.1804624224570517
121.82676815378633,1.180228330325807
121.84676926495916,1.1799941503437026
121.86677037613201,1.1797598826248872
121.88677148730486,1.1795255272835534
121.9067725984777,1.1792910844339353
121.92677370965055,1.1790565541903106
121.94677482082338,1.1788219366669992
121.96677593199622,1.1785872319783628
121.98677704316907,1.178352440238807
122.00677815434192,1.1781175615627795
122.02677926551476,1.177882596064769
122.0467803766876,1.1776475438593086
122.06678148786044,1.177412405060972
122.08678259903328,1.1771771797843755
122.10678371020613,1.1769418681441783
122.12678482137898,1.1767064702550813
122.14678593255181,1.1764709862318272
122.16678704372465,1.1762354161892001
122.1867881548975,1.1759997602420278
122.20678926607034,1.1757640185051779
122.22679037724319,1.1755281910935618
122.24679148841602,1.175292278122131
122.26679259958887,1.1750562797058794
122.28679371076171,1.174820195959843
122.30679482193456,1.1745840269990988
122.3267959331074,1.174347772938765
122.34679704428024,1.1741114338940024
122.36679815545308,1.1738750099800124
122.38679926662593,1.1736385013120374
122.40680037779877,1.1734019080053624
122.42680148897162,1.1731652301753124
122.44680260014445,1.1729284679372547
122.4668037113173,1.1726916214065963
122.48680482249014,1.1724546906987872
122.50680593366299,1.1722176759293164
122.52680704483583,1.1719805772137155
122.54680815600867,1.1717433946675562
122.56680926718151,1.171506128406451
122.58681037835436,1.1712687785460538
122.6068114895272,1.1710313452020584
122.62681260070005,1.1707938284902002
122.64681371187288,1.170556228526255
122.66681482304573,1.1703185454260387
122.68681593421857,1.170080779305408
122.70681704539142,1.1698429302802602
122.72681815656426,1.1696049984665327
122.7468192677371,1.169366983980204
122.76682037890994,1.1691288869372916
122.78682149008279,1.1688907074538546
122.80682260125563,1.1686524456459915
122.82682371242848,1.168414101629841
122.84682482360131,1.1681756755215824
122.86682593477416,1.1679371674374337
122.886827045947,1.1676985774936548
122.90682815711985,1.1674599058065438
122.92682926829269,1.1672211524924394
122.94683037946552,1.1669823176677205
122.96683149063837,1.1667434014488047
122.98683260181122,1.1665044039521497
123.00683371298406,1.1662653252942536
123.02683482415691,1.1660261655916524
123.04683593532974,1.1657869249609236
123.06683704650258,1.1655476035186827
123.08683815767543,1.1653082013815845
123.10683926884828,1.1650687186663242
123.12684038002112,1.1648291554896362
123.14684149119395,1.164589511968293
123.1668426023668,1.1643497882191065
123.18684371353964,1.1641099843589293
123.20684482471249,1.1638701005046508
123.22684593588534,1.1636301367732014
123.24684704705817,1.1633900932815486
123.26684815823101,1.1631499701467005
123.28684926940386,1.1629097674857023
123.3068503805767,1.1626694854156399
123.32685149174955,1.162429124053636
123.34685260292238,1.1621886835168536
123.36685371409523,1.161948163922493
123.38685482526807,1.1617075653877933
123.40685593644092,1.1614668880300327
123.42685704761377,1.1612261319665278
123.4468581587866,1.1609852973146328
123.46685926995944,1.1607443841917406
123.48686038113229,1.1605033927152826
123.50686149230513,1.1602623230027278
123.52686260347798,1.1600211751715843
123.54686371465081,1.1597799493393972
123.56686482582366,1.15953864562375
123.5868659369965,1.1592972641422645
123.60686704816935,1.1590558050126005
123.6268681593422,1.1588142683524547
123.64686927051503,1.158572654279563
123.66687038168787,1.1583309629116973
123.68687149286072,1.1580891943666687
123.70687260403356,1.1578473487623253
123.72687371520641,1.1576054262165527
123.74687482637924,1.1573634268472743
123.76687593755209,1.1571213507724503
123.78687704872493,1.1568791981100794
123.80687815989778,1.1566369689781963
123.82687927107062,1.1563946634948743
123.84688038224346,1.156152281778223
123.8668814934163,1.1559098239463892
123.88688260458915,1.1556672901175573
123.90688371576199,1.1554246804099486
123.92688482693484,1.1551819949418207
123.94688593810767,1.1549392338314695
123.96688704928052,1.1546963971972264
123.98688816045336,1.1544534851574602
124.0068892716262,1.1542104978305767
124.02689038279905,1.1539674353350176
124.0468914939719,1.1537242977892623
124.06689260514473,1.1534810853118265
124.08689371631758,1.1532377980212616
124.10689482749042,1.152994436036156
124.12689593866327,1.152750999475135
124.14689704983611,1.1525074884568594
124.16689816100894,1.152263903100027
124.18689927218179,1.1520202435233717
124.20690038335464,1.1517765098456627
124.22690149452748,1.1515327021857065
124.24690260570033,1.1512888206623455
124.26690371687316,1.1510448653944574
124.286904828046,1.1508008365009559
124.30690593921885,1.1505567341007918
124.3269070503917,1.15031255831295
124.34690816156454,1.150068309256453
124.36690927273737,1.1498239870503575
124.38691038391022,1.149579591813756
124.40691149508307,1.1493351236657774
124.42691260625591,1.149090582725586
124.44691371742876,1.1488459691123807
124.46691482860159,1.1486012829453973
124.48691593977443,1.1483565243439058
124.50691705094728,1.1481116934272113
124.52691816212013,1.1478667903146549
124.54691927329297,1.1476218151256132
124.5669203844658,1.147376767979497
124.58692149563865,1.1471316489957524
124.6069226068115,1.1468864582938612
124.62692371798434,1.146641195993339
124.64692482915719,1.1463958622137373
124.66692594033002,1.1461504570746424
124.68692705150286,1.1459049806956745
124.70692816267571,1.145659433196489
124.72692927384855,1.1454138146967772
124.7469303850214,1.1451681253162624
124.76693149619423,1.144922365174705
124.78693260736708,1.1446765343918985
124.80693371853992,1.1444306330876708
124.82693482971277,1.144184661381885
124.84693594088561,1.1439386193944376
124.86693705205845,1.1436925072452604
124.88693816323129,1.143446325054318
124.90693927440414,1.143200072941611
124.92694038557698,1.142953751027172
124.94694149674983,1.1427073594310693
124.96694260792266,1.1424608982734044
124.9869437190955,1.1422143676743122
125.00694483026835,1.141967767753963
125.0269459414412,1.1417210986325592
125.04694705261404,1.1414743604303381
125.06694816378688,1.1412275532675704
125.08694927495972,1.1409806772645603
125.10695038613257,1.140733732541645
125.12695149730541,1.140486719219196
125.14695260847826,1.140239637417618
125.16695371965109,1.1399924872573493
125.18695483082394,1.1397452688588607
125.20695594199678,1.1394979823426574
125.22695705316963,1.1392506278292769
125.24695816434247,1.1390032054392905
125.2669592755153,1.138755715293302
125.28696038668815,1.1385081575119484
125.306961497861,1.1382605322159
125.32696260903384,1.1380128395258597
125.34696372020669,1.1377650795625631
125.36696483137952,1.1375172524467794
125.38696594255237,1.1372693582993094
125.40696705372521,1.137021397240987
125.42696816489806,1.1367733693926796
125.4469692760709,1.1365252748752857
125.46697038724373,1.1362771138097374
125.48697149841658,1.1360288863169985
125.50697260958943,1.1357805925180655
125.52697372076227,1.1355322325339672
125.54697483193512,1.1352838064857653
125.56697594310795,1.1350353144945529
125.5869770542808,1.1347867566814545
125.60697816545364,1.1345381331676287
125.62697927662649,1.1342894440742646
125.64698038779933,1.1340406895225836
125.66698149897216,1.1337918696338396
125.68698261014501,1.1335429845293175
125.70698372131785,1.1332940343303342
125.7269848324907,1.133045019158239
125.74698594366355,1.1327959391344118
125.76698705483638,1.1325467943802652
125.78698816600922,1.1322975850172423
125.80698927718207,1.1320483111668185
125.82699038835491,1.1317989729505
125.84699149952776,1.1315495704898257
125.86699261070059,1.131300103906364
125.88699372187344,1.131050573321715
125.90699483304628,1.1308009788575115
125.92699594421913,1.1305513206354154
125.94699705539198,1.1303015987771214
125.9669981665648,1.1300518134043538
125.98699927773765,1.1298019646388686
126.0070003889105,1.1295520526024525
126.02700150008334,1.1293020774169238
126.04700261125619,1.1290520392041299
126.06700372242902,1.1288019380859509
126.08700483360187,1.1285517741842959
126.10700594477471,1.1283015476211053
126.12700705594756,1.1280512585183506
126.1470081671204,1.1278009069980326
126.16700927829324,1.1275504931821838
126.18701038946608,1.1273000171928658
126.20701150063893,1.1270494791521715
126.22701261181177,1.1267988791822232
126.24701372298462,1.1265482174051744
126.26701483415745,1.1262974939432082
126.2870159453303,1.126046708918537
126.30701705650314,1.1257958624534048
126.32701816767599,1.1255449546700844
126.34701927884883,1.1252939856908786
126.36702039002168,1.1250429556381207
126.38702150119451,1.1247918646341728
126.40702261236736,1.1245407128014273
126.4270237235402,1.1242895002623063
126.44702483471305,1.1240382271392613
126.4670259458859,1.1237868935547732
126.48702705705873,1.1235354996313531
126.50702816823157,1.1232840454915405
126.52702927940442,1.1230325312579046
126.54703039057726,1.1227809570530443
126.56703150175011,1.1225293229995872
126.58703261292294,1.1222776292201906
126.60703372409579,1.1220258758375405
126.62703483526863,1.1217740629743518
126.64703594644148,1.1215221907533688
126.66703705761432,1.121270259297365
126.68703816878715,1.1210182687291421
126.70703927996,1.1207662191715306
126.72704039113285,1.1205141107473906
126.74704150230569,1.1202619435796097
126.76704261347854,1.1200097177911055
126.78704372465137,1.119757433504823
126.80704483582421,1.1195050908437358
126.82704594699706,1.119252689930847
126.8470470581699,1.1190002308891873
126.86704816934275,1.1187477138418154
126.88704928051558,1.1184951389118194
126.90705039168843,1.1182425062223145
126.92705150286127,1.117989815896444
126.94705261403412,1.1177370680573806
126.96705372520697,1.1174842628283241
126.9870548363798,1.1172314003325021
127.00705594755264,1.1169784806931704
127.02705705872549,1.116725504033613
127.04705816989834,1.116472470477141
127.06705928107118,1.1162193801470937
127.08706039224401,1.115966233166838
127.10706150341686,1.1157130296597682
127.1270626145897,1.1154597697493065
127.14706372576255,1.1152064535589026
127.1670648369354,1.1149530812120327
127.18706594810823,1.1146996528322022
127.20706705928107,1.1144461685429423
127.22706817045392,1.1141926284678114
127.24706928162676,1.1139390327303962
127.26707039279961,1.1136853814543095
127.28707150397244,1.113431674763192
127.30707261514529,1.1131779127807104
127.32707372631813,1.11292409563056
127.34707483749098,1.1126702234364605
127.36707594866382,1.1124162963221613
127.38707705983666,1.1121623144114363
127.4070781710095,1.1119082778280869
127.42707928218235,1.1116541866959415
127.4470803933552,1.111400041138855
127.46708150452804,1.111145841280708
127.48708261570087,1.110891587245409
127.50708372687372,1.1106372791568915
127.52708483804656,1.110382917139116
127.54708594921941,1.1101285013160693
127.56708706039225,1.1098740318117644
127.58708817156509,1.1096195087502405
127.60708928273793,1.1093649322555625
127.62709039391078,1.1091103024518223
127.64709150508362,1.1088556194631365
127.66709261625647,1.108600883413649
127.6870937274293,1.108346094427528
127.70709483860215,1.1080912526289688
127.72709594977499,1.1078363581421924
127.74709706094784,1.1075814110914441
127.76709817212068,1.1073264116009964
127.78709928329351,1.1070713597951471
127.80710039446636,1.1068162557982189
127.8271015056392,1.1065610997345596
127.84710261681205,1.106305891728544
127.8671037279849,1.1060506319045702
127.88710483915773,1.1057953203870636
127.90710595033057,1.105539957300473
127.92710706150342,1.105284542769273
127.94710817267627,1.1050290769179638
127.96710928384911,1.1047735598710704
127.98711039502194,1.104517991753142
128.0071115061948,1.1042623726887533
128.02711261736764,1.1040067028025042
128.04711372854047,1.1037509822190188
128.06711483971333,1.103495211062945
128.08711595088616,1.1032393894589583
128.10711706205902,1.1029835175317553
128.12711817323185,1.1027275954060598
128.14711928440468,1.1024716232066185
128.16712039557754,1.102215601058203
128.18712150675037,1.1019595290856092
128.20712261792323,1.1017034074136574
128.22712372909606,1.1014472361671923
128.2471248402689,1.1011910154710824
128.26712595144176,1.1009347454502199
128.2871270626146,1.1006784262295226
128.30712817378745,1.10042205793393
128.32712928496028,1.1001656406884082
128.3471303961331,1.0999091746179448
128.36713150730597,1.099652659847552
128.3871326184788,1.0993960965022667
128.40713372965166,1.0991394847071472
128.4271348408245,1.0988828245872788
128.44713595199732,1.0986261162677673
128.46713706317018,1.098369359873743
128.48713817434302,1.0981125555303604
128.50713928551588,1.097855703362796
128.5271403966887,1.097598803496251
128.54714150786154,1.097341856055949
128.5671426190344,1.0970848611671364
128.58714373020723,1.0968278189550842
128.6071448413801,1.0965707295450846
128.62714595255292,1.096313593062455
128.64714706372575,1.0960564096325336
128.6671481748986,1.0957991793806823
128.68714928607145,1.0955419024322868
128.7071503972443,1.0952845789127534
128.72715150841714,1.0950272089475137
128.74715261958997,1.0947697926620203
128.76715373076283,1.094512330181748
128.78715484193566,1.094254821632196
128.80715595310852,1.0939972671388836
128.82715706428135,1.0937396668273545
128.84715817545418,1.0934820208231737
128.86715928662704,1.0932243292519281
128.88716039779987,1.0929665922392284
128.90716150897273,1.0927088099107056
128.92716262014557,1.0924509823920143
128.9471637313184,1.0921931098088302
128.96716484249126,1.091935192286851
128.9871659536641,1.0916772299517967
129.00716706483695,1.091419222929409
129.02716817600978,1.0911611713454514
129.0471692871826,1.0909030753257094
129.06717039835547,1.0906449349959886
129.0871715095283,1.090386750482119
129.10717262070116,1.0901285219099495
129.127173731874,1.0898702494053525
129.14717484304683,1.0896119330942202
129.1671759542197,1.0893535731024666
129.18717706539252,1.089095169556028
129.20717817656538,1.0888367225808602
129.2271792877382,1.088578232302942
129.24718039891104,1.0883196988482722
129.2671815100839,1.0880611223428704
129.28718262125673,1.087802502912778
129.3071837324296,1.087543840684057
129.32718484360242,1.0872851357827902
129.34718595477526,1.0870263883350815
129.36718706594812,1.086767598467054
129.38718817712095,1.0865087663048545
129.4071892882938,1.0862498919746477
129.42719039946664,1.0859909756026203
129.44719151063947,1.0857320173149787
129.46719262181233,1.0854730172379499
129.48719373298516,1.0852139754977819
129.50719484415802,1.084954892220742
129.52719595533085,1.0846957675331186
129.54719706650368,1.0844366015612201
129.56719817767654,1.0841773944313742
129.58719928884938,1.08391814626993
129.60720040002224,1.0836588572032557
129.62720151119507,1.0833995273577401
129.6472026223679,1.083140156859791
129.66720373354076,1.0828807458358363
129.6872048447136,1.0826212944123241
129.70720595588645,1.0823618027157216
129.72720706705928,1.082102270872517
129.74720817823214,1.0818426990092158
129.76720928940497,1.081583087252345
129.7872104005778,1.08132343572845
129.80721151175067,1.0810637445640958
129.8272126229235,1.080804013885867
129.84721373409636,1.0805442438203667
129.8672148452692,1.0802844344942186
129.88721595644202,1.0800245860340643
129.90721706761488,1.0797646985665645
129.9272181787877,1.0795047722183997
129.94721928996057,1.0792448071162684
129.9672204011334,1.0789848033868894
129.98722151230623,1.0787247611569988
130.0072226234791,1.0784646805533515
130.02722373465193,1.0782045617027234
130.0472248458248,1.0779444047319058
130.06722595699762,1.077684209767711
130.08722706817045,1.077423976936969
130.1072281793433,1.0771637063665274
130.12722929051614,1.0769033981832539
130.147230401689,1.0766430525140327
130.16723151286183,1.0763826694857683
130.18723262403466,1.076122249225382
130.20723373520752,1.0758617918598128
130.22723484638036,1.0756012975160194
130.24723595755322,1.0753407663209773
130.26723706872605,1.0750801984016807
130.28723817989888,1.0748195938851413
130.30723929107174,1.0745589528983879
130.32724040224457,1.074298275568469
130.34724151341743,1.0740375620224485
130.36724262459026,1.0737768123874103
130.3872437357631,1.0735160267904544
130.40724484693595,1.0732552053586981
130.42724595810878,1.0729943482192774
130.44724706928164,1.0727334554993446
130.46724818045448,1.07247252732607
130.4872492916273,1.072211563826641
130.50725040280017,1.0719505651282617
130.527251513973,1.0716895313581545
130.54725262514586,1.0714284626435575
130.5672537363187,1.0711673591117272
130.58725484749152,1.0709062208899363
130.60725595866438,1.0706450481054741
130.6272570698372,1.0703838408856479
130.64725818101007,1.0701225993577799
130.6672592921829,1.0698613236492116
130.68726040335574,1.0696000138872992
130.7072615145286,1.0693386701994156
130.72726262570143,1.0690772927129515
130.7472637368743,1.0688158815553124
130.76726484804712,1.068554436853922
130.78726595921995,1.0682929587362189
130.8072670703928,1.0680314473296582
130.82726818156564,1.0677699027617122
130.8472692927385,1.0675083251598683
130.86727040391133,1.0672467146516307
130.88727151508417,1.0669850713645193
130.90727262625703,1.0667233954260695
130.92727373742986,1.0664616869638341
130.94727484860272,1.0661999461053797
130.96727595977555,1.0659381729782909
130.98727707094838,1.065676367710166
131.00727818212124,1.0654145304286202
131.02727929329407,1.0651526612612843
131.04728040446693,1.064890760335804
131.06728151563976,1.064628827779841
131.0872826268126,1.0643668637210724
131.10728373798545,1.0641048682871896
131.1272848491583,1.0638428416059014
131.14728596033115,1.0635807838049296
131.16728707150398,1.0633186950120128
131.1872881826768,1.063056575354904
131.20728929384967,1.0627944249613708
131.2272904050225,1.0625322439591973
131.24729151619536,1.0622700324761805
131.2672926273682,1.062007790640134
131.28729373854102,1.0617455185788853
131.30729484971388,1.061483216420276
131.32729596088672,1.0612208842921649
131.34729707205958,1.0609585223224223
131.3672981832324,1.0606961306389353
131.38729929440524,1.0604337093696041
131.4073004055781,1.060171258642344
131.42730151675093,1.0599087785850845
131.4473026279238,1.059646269325769
131.46730373909662,1.0593837309923566
131.48730485026945,1.0591211637128186
131.5073059614423,1.0588585676151414
131.52730707261514,1.0585959428273257
131.547308183788,1.0583332894773856
131.56730929496084,1.0580706076933497
131.58731040613367,1.05780789760326
131.60731151730653,1.0575451593351717
131.62731262847936,1.0572823930171558
131.64731373965222,1.0570195987772946
131.66731485082505,1.0567567767436856
131.68731596199788,1.0564939270444393
131.70731707317074,1.056231049807679
131.72731818434357,1.0559681451615432
131.74731929551643,1.0557052132341815
131.76732040668927,1.0554422541537591
131.7873215178621,1.0551792680484526
131.80732262903496,1.0549162550464526
131.8273237402078,1.0546532152759627
131.84732485138065,1.0543901488651994
131.86732596255348,1.0541270559423928
131.8873270737263,1.053863936635785
131.90732818489917,1.0536007910736314
131.927329296072,1.0533376193842003
131.94733040724486,1.0530744216957724
131.9673315184177,1.052811198136642
131.98733262959053,1.0525479488351148
132.00733374076339,1.0522846739195095
132.02733485193622,1.0520213735181578
132.04733596310908,1.0517580477594028
132.0673370742819,1.0514946967716012
132.08733818545474,1.051231320683121
132.1073392966276,1.0509679196223423
132.12734040780043,1.0507044937176586
132.1473415189733,1.050441043097474
132.16734263014612,1.0501775678902063
132.18734374131895,1.049914068224284
132.20734485249181,1.0496505442281474
132.22734596366465,1.0493869960302498
132.2473470748375,1.049123423759055
132.26734818601034,1.04885982754304
132.28734929718317,1.0485962075106927
132.30735040835603,1.0483325637905117
132.32735151952886,1.0480688965110088
132.34735263070172,1.047805205800706
132.36735374187455,1.0475414917881376
132.38735485304738,1.0472777546018488
132.40735596422024,1.047013994370396
132.42735707539308,1.0467502112223472
132.44735818656594,1.0464864052862812
132.46735929773877,1.0462225766907887
132.4873604089116,1.0459587255644702
132.50736152008446,1.0456948520359377
132.5273626312573,1.0454309562338149
132.54736374243015,1.0451670382867349
132.56736485360298,1.0449030983233432
132.5873659647758,1.044639136472295
132.60736707594867,1.0443751528622554
132.6273681871215,1.0441111476219027
132.64736929829436,1.0438471208799232
132.6673704094672,1.043583072765015
132.68737152064003,1.0433190034058861
132.7073726318129,1.0430549129312547
132.72737374298572,1.0427908014698501
132.74737485415858,1.042526669150411
132.7673759653314,1.0422625161016867
132.78737707650424,1.0419983424524368
132.8073781876771,1.0417341483314297
132.82737929884993,1.0414699338674458
132.8473804100228,1.0412056991892735
132.86738152119563,1.0409414444257126
132.88738263236846,1.0406771697055714
132.90738374354132,1.0404128751576682
132.92738485471415,1.0401485609108325
132.947385965887,1.039884227093901
132.96738707705984,1.0396198738357219
132.98738818823267,1.0393555012651516
133.00738929940553,1.0390911095110564
133.02739041057836,1.0388266987023125
133.04739152175122,1.0385622689678038
133.06739263292405,1.0382978204364255
133.0873937440969,1.0380333532370807
133.10739485526975,1.0377688674986811
133.12739596644258,1.037504363350149
133.14739707761544,1.0372398409204142
133.16739818878827,1.0369753003384168
133.1873992999611,1.0367107417331043
133.20740041113396,1.0364461652334338
133.2274015223068,1.0361815709683715
133.24740263347965,1.0359169590668906
133.26740374465248,1.0356523296579756
133.28740485582532,1.0353876828706172
133.30740596699818,1.0351230188338152
133.327407078171,1.0348583376765783
133.34740818934387,1.034593639527923
133.3674093005167,1.0343289245168745
133.38741041168953,1.0340641927724659
133.4074115228624,1.0337994444237384
133.42741263403522,1.033534679599742
133.44741374520808,1.0332698984295334
133.4674148563809,1.0330051010421788
133.48741596755374,1.0327402875667513
133.5074170787266,1.0324754581323319
133.52741818989944,1.03221061286801
133.5474193010723,1.0319457519028814
133.56742041224513,1.0316808753660518
133.58742152341796,1.0314159833866328
133.60742263459082,1.031151076093743
133.62742374576365,1.0308861536165101
133.6474248569365,1.0306212160840682
133.66742596810934,1.0303562636255594
133.68742707928217,1.0300912963701323
133.70742819045503,1.0298263144469426
133.72742930162786,1.0295613179851546
133.74743041280072,1.0292963071139378
133.76743152397356,1.0290312819624705
133.7874326351464,1.0287662426599364
133.80743374631925,1.028501189335527
133.82743485749208,1.0282361221184406
133.84743596866494,1.0279710411378817
133.86743707983777,1.0277059465230625
133.8874381910106,1.0274408384032006
133.90743930218346,1.027175716907521
133.9274404133563,1.0269105821652558
133.94744152452915,1.0266454343056417
133.96744263570199,1.0263802734579237
133.98744374687482,1.0261150997513522
134.00744485804768,1.0258499133151835
134.0274459692205,1.0255847142786811
134.04744708039337,1.025319502771114
134.0674481915662,1.0250542789217576
134.08744930273903,1.0247890428598931
134.1074504139119,1.0245237947148071
134.12745152508472,1.0242585346157937
134.14745263625758,1.0239932626921509
134.16745374743041,1.0237279790731841
134.18745485860325,1.0234626838882035
134.2074559697761,1.0231973772665242
134.22745708094894,1.0229320593374693
134.2474581921218,1.0226667302303647
134.26745930329463,1.022401390074544
134.2874604144675,1.0221360389993441
134.30746152564032,1.021870677134109
134.32746263681315,1.0216053046081872
134.347463747986,1.0213399215509316
134.36746485915884,1.0210745280917022
134.3874659703317,1.0208091243598618
134.40746708150454,1.0205437104847803
134.42746819267737,1.020278286595831
134.44746930385023,1.0200128528223926
134.46747041502306,1.0197474092938492
134.48747152619592,1.0194819561395887
134.50747263736875,1.0192164934890042
134.52747374854158,1.0189510214714932
134.54747485971444,1.018685540216458
134.56747597088727,1.0184200498533058
134.58747708206013,1.018154550511447
134.60747819323296,1.017889042320298
134.6274793044058,1.0176235254092778
134.64748041557866,1.0173579999078108
134.6674815267515,1.0170924659453255
134.68748263792435,1.0168269236512537
134.70748374909718,1.016561373155033
134.72748486027,1.0162958145861027
134.74748597144287,1.0160302480739076
134.7674870826157,1.0157646737478963
134.78748819378856,1.0154990917375204
134.8074893049614,1.015233502172236
134.82749041613422,1.0149679051815028
134.84749152730708,1.014702300894783
134.86749263847992,1.0144366894415446
134.88749374965278,1.014171070951257
134.9074948608256,1.0139054455533942
134.92749597199844,1.013639813377433
134.9474970831713,1.0133741745528533
134.96749819434413,1.013108529209139
134.987499305517,1.0128428774757767
135.00750041668982,1.0125772194822567
135.02750152786265,1.0123115553580713
135.0475026390355,1.012045885232716
135.06750375020835,1.0117802092356907
135.0875048613812,1.011514527496496
135.10750597255404,1.0112488401446371
135.12750708372687,1.0109831473096207
135.14750819489973,1.0107174491209565
135.16750930607256,1.0104517457081574
135.18751041724542,1.010186037200738
135.20751152841825,1.0099203237282166
135.22751263959108,1.0096546054201125
135.24751375076394,1.0093888824059476
135.26751486193677,1.0091231548152473
135.28751597310963,1.0088574227775375
135.30751708428247,1.008591686422348
135.3275181954553,1.0083259458792098
135.34751930662816,1.008060201277655
135.367520417801,1.0077944527472198
135.38752152897385,1.0075287004174405
135.40752264014668,1.0072629444178565
135.4275237513195,1.0069971848780082
135.44752486249237,1.0067314219274375
135.4675259736652,1.0064656556956892
135.48752708483806,1.006199886312308
135.5075281960109,1.0059341139068423
135.52752930718373,1.00566833860884
135.5475304183566,1.005402560547851
135.56753152952942,1.0051367798534272
135.58753264070228,1.0048709966551206
135.6075337518751,1.004605211082486
135.62753486304794,1.0043394232650777
135.6475359742208,1.0040736333324518
135.66753708539363,1.0038078414141662
135.6875381965665,1.0035420476397783
135.70753930773932,1.0032762521388479
135.72754041891216,1.0030104550409342
135.74754153008502,1.002744656475598
135.76754264125785,1.002478856572401
135.7875437524307,1.0022130554609046
135.80754486360354,1.0019472532706724
135.82754597477637,1.001681450131267
135.84754708594923,1.0014156461722519
135.86754819712206,1.0011498415231914
135.88754930829492,1.0008840363136495
135.90755041946775,1.0006182306731914
135.92755153064059,1.0003524247313818
135.94755264181345,1.0000866186177848
135.96755375298628,0.9998208124619666
135.98755486415914,0.9995550063934916
136.00755597533197,0.9992892005419253
136.0275570865048,0.9990233950368324
136.04755819767766,0.9987575900077773
136.0675593088505,0.9984917855843254
136.08756042002335,0.99822598189604
136.10756153119618,0.9979601790724858
136.127562642369,0.997694377243226
136.14756375354187,0.9974285765378227
136.1675648647147,0.9971627770858398
136.18756597588757,0.996896979016838
136.2075670870604,0.9966311824603794
136.22756819823323,0.9963653875460239
136.2475693094061,0.9960995944033306
136.26757042057892,0.9958338031618592
136.28757153175178,0.9955680139511667
136.3075726429246,0.9953022269008106
136.32757375409744,0.9950364421403464
136.3475748652703,0.9947706597993282
136.36757597644313,0.9945048800073105
136.387577087616,0.9942391028938447
136.40757819878883,0.9939733285884823
136.42757930996166,0.9937075572207728
136.44758042113452,0.9934417889202632
136.46758153230735,0.9931760238165019
136.4875826434802,0.992910262039033
136.50758375465304,0.9926445037174002
136.52758486582587,0.9923787489811453
136.54758597699873,0.9921129979598079
136.56758708817156,0.9918472507829268
136.58758819934442,0.9915815075800378
136.60758931051726,0.9913157684806758
136.6275904216901,0.991050033614373
136.64759153286295,0.9907843031106595
136.66759264403578,0.9905185770990639
136.68759375520864,0.9902528557091117
136.70759486638147,0.9899871390703274
136.7275959775543,0.989721427312232
136.74759708872716,0.9894557205643443
136.7675981999,0.9891900189561816
136.78759931107285,0.988924322617257
136.80760042224568,0.9886586316770836
136.82760153341852,0.9883929462651693
136.84760264459138,0.9881272665110201
136.8676037557642,0.9878615925441403
136.88760486693707,0.9875959244940298
136.9076059781099,0.9873302624901871
136.92760708928273,0.9870646066621065
136.9476082004556,0.9867989571392797
136.96760931162842,0.9865333140511958
136.98761042280128,0.9862676775273401
137.0076115339741,0.9860020476971955
137.02761264514695,0.9857364246902408
137.0476137563198,0.9854708086359515
137.06761486749264,0.9852051996638006
137.0876159786655,0.9849395979032561
137.10761708983833,0.984674003483785
137.12761820101116,0.9844084165348483
137.14761931218402,0.9841428371859039
137.16762042335685,0.9838772655664071
137.1876215345297,0.9836117018058079
137.20762264570254,0.983346146033554
137.22762375687537,0.983080598379088
137.24762486804823,0.9828150589718487
137.26762597922107,0.9825495279412719
137.28762709039393,0.9822840054167878
137.30762820156676,0.9820184915278241
137.3276293127396,0.9817529864038027
137.34763042391245,0.9814874901741419
137.36763153508528,0.9812220029682565
137.38763264625814,0.9809565249155551
137.40763375743097,0.9806910561454437
137.4276348686038,0.9804255967873228
137.44763597977666,0.9801601469705874
137.4676370909495,0.9798947068246305
137.48763820212235,0.9796292764788377
137.5076393132952,0.9793638560625915
137.52764042446802,0.9790984457052687
137.54764153564088,0.9788330455362411
137.5676426468137,0.9785676556848766
137.58764375798657,0.9783022762805367
137.6076448691594,0.978036907452579
137.62764598033223,0.9777715493303553
137.6476470915051,0.9775062020432117
137.66764820267792,0.9772408657204905
137.68764931385078,0.976975540491527
137.70765042502362,0.9767102264856526
137.72765153619645,0.9764449238321922
137.7476526473693,0.9761796326604646
137.76765375854214,0.9759143530997854
137.787654869715,0.9756490852794618
137.80765598088783,0.9753838293287973
137.82765709206066,0.9751185853770884
137.84765820323352,0.9748533535536259
137.86765931440635,0.9745881339876955
137.8876604255792,0.9743229268085757
137.90766153675204,0.9740577321455403
137.92766264792488,0.9737925501278559
137.94766375909774,0.9735273808847833
137.96766487027057,0.9732622245455775
137.98766598144343,0.9729970812394864
138.00766709261626,0.9727319510957524
138.0276682037891,0.9724668342436109
138.04766931496195,0.9722017308122908
138.06767042613478,0.9719366409310146
138.08767153730764,0.9716715647289985
138.10767264848047,0.9714065023354521
138.1276737596533,0.9711414538795777
138.14767487082617,0.9708764194905705
138.167675981999,0.9706113992976202
138.18767709317186,0.970346393429908
138.2076782043447,0.9700814020166096
138.22767931551752,0.9698164251868928
138.24768042669038,0.9695514630699179
138.2676815378632,0.9692865157948393
138.28768264903607,0.9690215834908027
138.3076837602089,0.9687566662869479
138.32768487138173,0.9684917643124065
138.3476859825546,0.9682268776963023
138.36768709372743,0.9679620065677531
138.3876882049003,0.967697151055867
138.40768931607312,0.967432311289747
138.42769042724595,0.9671674873984867
138.4476915384188,0.9669026795111718
138.46769264959164,0.9666378877568816
138.4876937607645,0.9663731122646861
138.50769487193733,0.9661083531636485
138.52769598311016,0.9658436105828233
138.54769709428302,0.9655788846512569
138.56769820545586,0.9653141754979883
138.58769931662871,0.9650494832520472
138.60770042780155,0.9647848080424566
138.62770153897438,0.9645201499982299
138.64770265014724,0.964255509248372
138.66770376132007,0.9639908859218809
138.68770487249293,0.9637262801477443
138.70770598366576,0.9634616920549426
138.7277070948386,0.9631971217724473
138.74770820601145,0.9629325694292206
138.76770931718428,0.962668035154217
138.78771042835714,0.9624035190763809
138.80771153952998,0.9621390213246493
138.82771265070284,0.9618745420279489
138.84771376187567,0.9616100813151985
138.8677148730485,0.9613456393153073
138.88771598422136,0.9610812161571748
138.9077170953942,0.9608168119696928
138.92771820656705,0.9605524268817422
138.94771931773988,0.9602880610221964
138.9677204289127,0.9600237145199179
138.98772154008557,0.9597593875037598
139.0077226512584,0.9594950801025669
139.02772376243126,0.959230792445173
139.0477248736041,0.958966524660404
139.06772598477693,0.9587022768770748
139.0877270959498,0.9584380492239901
139.10772820712262,0.9581738418299467
139.12772931829548,0.9579096548237294
139.1477304294683,0.9576454883341148
139.16773154064114,0.9573813424898685
139.187732651814,0.9571172174197458
139.20773376298683,0.9568531132524931
139.2277348741597,0.9565890301168452
139.24773598533253,0.9563249681415279
139.26773709650536,0.9560609274552558
139.28773820767822,0.9557969081867332
139.30773931885105,0.9555329104646548
139.3277404300239,0.9552689344177034
139.34774154119674,0.9550049801745526
139.36774265236957,0.9547410478638648
139.38774376354243,0.9544771376142912
139.40774487471526,0.9542132495544735
139.42774598588812,0.953949383813041
139.44774709706095,0.9536855405186137
139.4677482082338,0.9534217197997994
139.48774931940665,0.9531579217851953
139.50775043057948,0.9528941466033882
139.52775154175234,0.9526303943829526
139.54775265292517,0.952366665252453
139.567753764098,0.9521029593404418
139.58775487527086,0.9518392767754599
139.6077559864437,0.9515756176860379
139.62775709761655,0.9513119822006938
139.64775820878938,0.9510483704479353
139.66775931996222,0.9507847825562573
139.68776043113508,0.9505212186541432
139.7077615423079,0.9502576788700663
139.72776265348077,0.9499941633324859
139.7477637646536,0.9497306721698513
139.76776487582643,0.9494672055105988
139.7877659869993,0.9492037634831528
139.80776709817212,0.9489403462159268
139.82776820934498,0.9486769538373206
139.8477693205178,0.9484135864757234
139.86777043169064,0.9481502442595113
139.8877715428635,0.9478869273170478
139.90777265403634,0.9476236357766856
139.9277737652092,0.9473603697667632
139.94777487638203,0.9470971294156082
139.96777598755486,0.9468339148515348
139.98777709872772,0.9465707262028439
140.00777820990055,0.9463075635978263
140.0277793210734,0.9460444271647573
140.04778043224624,0.9457813170319016
140.06778154341907,0.9455182333275095
140.08778265459193,0.9452551761798189
140.10778376576476,0.9449921457170556
140.12778487693762,0.9447291420674309
140.14778598811046,0.9444661653591444
140.1677870992833,0.9442032157203819
140.18778821045615,0.9439402932793157
140.20778932162898,0.9436773981641059
140.22779043280184,0.9434145305028979
140.24779154397467,0.9431516904238252
140.2677926551475,0.9428888780550067
140.28779376632036,0.9426260935245477
140.3077948774932,0.9423633369605414
140.32779598866605,0.9421006084910653
140.34779709983889,0.9418379082441855
140.36779821101172,0.9415752363479525
140.38779932218458,0.9413125929304033
140.4078004333574,0.941049978119562
140.42780154453027,0.9407873920434376
140.4478026557031,0.940524834830026
140.46780376687593,0.9402623066073085
140.4878048780488,0.9399998075032517
140.50780598922162,0.9397373376458098
140.52780710039448,0.9394748971629207
140.54780821156731,0.9392124861825096
140.56780932274015,0.9389501048324864
140.587810433913,0.9386877532407464
140.60781154508584,0.9384254315351714
140.6278126562587,0.9381631398436272
140.64781376743153,0.9379008782939668
140.66781487860436,0.9376386470140272
140.68781598977722,0.9373764461316305
140.70781710095005,0.937114275774585
140.7278182121229,0.9368521360706827
140.74781932329574,0.9365900271477026
140.76782043446858,0.936327949133407
140.78782154564144,0.9360659021555434
140.80782265681427,0.9358038863418453
140.82782376798713,0.9355419018200294
140.84782487915996,0.9352799487177987
140.8678259903328,0.9350180271628399
140.88782710150565,0.934756137282824
140.90782821267848,0.9344942792054081
140.92782932385134,0.934232453058232
140.94783043502417,0.9339706589689214
140.967831546197,0.9337088970650854
140.98783265736986,0.9334471674743171
141.0078337685427,0.933185470324196
141.02783487971556,0.932923805742283
141.0478359908884,0.9326621738561253
141.06783710206122,0.9324005747932528
141.08783821323408,0.9321390086811796
141.1078393244069,0.9318774756474048
141.12784043557977,0.9316159758194096
141.1478415467526,0.9313545093246609
141.16784265792543,0.9310930762906082
141.1878437690983,0.9308316768446845
141.20784488027113,0.9305703111143074
141.22784599144398,0.930308979226877
141.24784710261682,0.9300476813097782
141.26784821378965,0.9297864174903782
141.2878493249625,0.9295251878960272
141.30785043613534,0.9292639926540609
141.3278515473082,0.9290028318917958
141.34785265848103,0.9287417057365331
141.36785376965386,0.9284806143155567
141.38785488082672,0.9282195577561331
141.40785599199955,0.9279585361855127
141.4278571031724,0.9276975497309278
141.44785821434525,0.9274365985195949
141.46785932551808,0.9271756826787122
141.48786043669094,0.9269148023354606
141.50786154786377,0.9266539576170051
141.52786265903663,0.9263931486504915
141.54786377020946,0.9261323755630496
141.5678648813823,0.9258716384817911
141.58786599255515,0.9256109375338097
141.60786710372798,0.9253502728461827
141.62786821490084,0.925089644545968
141.64786932607367,0.9248290527602081
141.6678704372465,0.9245684976159259
141.68787154841937,0.9243079792401263
141.7078726595922,0.9240474977597978
141.72787377076506,0.9237870533019091
141.7478748819379,0.9235266459934128
141.76787599311072,0.9232662759612417
141.78787710428358,0.9230059433323109
141.8078782154564,0.9227456482335181
141.82787932662927,0.9224853907917415
141.8478804378021,0.9222251711338421
141.86788154897494,0.9219649893866614
141.8878826601478,0.9217048456770228
141.90788377132063,0.9214447401317318
141.9278848824935,0.921184672877574
141.94788599366632,0.9209246440413182
141.96788710483915,0.9206646537497127
141.987888216012,0.9204047021294876
142.00788932718484,0.9201447893073547
142.0278904383577,0.9198849154100057
142.04789154953053,0.919625080564115
142.06789266070336,0.9193652848963364
142.08789377187622,0.9191055285333051
142.10789488304906,0.9188458116016378
142.12789599422192,0.9185861342279308
142.14789710539475,0.9183264965387625
142.16789821656758,0.9180668986606908
142.18789932774044,0.9178073407202543
142.20790043891327,0.9175478228439731
142.22790155008613,0.9172883451583466
142.24790266125896,0.9170289077898551
142.2679037724318,0.9167695108649601
142.28790488360465,0.9165101545101014
142.30790599477749,0.9162508388517011
142.32790710595035,0.91599156401616
142.34790821712318,0.9157323301298599
142.367909328296,0.9154731373191622
142.38791043946887,0.915213985710408
142.4079115506417,0.9149548754299193
142.42791266181456,0.9146958066039966
142.4479137729874,0.9144367793589216
142.46791488416022,0.914177793820955
142.48791599533308,0.9139188501163366
142.50791710650591,0.9136599483712871
142.52791821767877,0.9134010887120056
142.5479193288516,0.9131422712646717
142.56792044002444,0.9128834961554437
142.5879215511973,0.9126247635104587
142.60792266237013,0.9123660734558352
142.627923773543,0.9121074261176686
142.64792488471582,0.9118488216220352
142.66792599588865,0.9115902600949892
142.6879271070615,0.9113317416625643
142.70792821823434,0.9110732664507736
142.7279293294072,0.9108148345856083
142.74793044058003,0.9105564461930395
142.76793155175287,0.9102981013990165
142.78793266292573,0.9100398003294667
142.80793377409856,0.9097815431102978
142.82793488527142,0.9095233298673944
142.84793599644425,0.9092651607266213
142.86793710761708,0.9090070358138205
142.88793821878994,0.9087489552548125
142.90793932996277,0.9084909191753976
142.92794044113563,0.9082329277013527
142.94794155230846,0.9079749809584342
142.9679426634813,0.9077170790723759
142.98794377465416,0.9074592221688896
143.007944885827,0.9072014103736665
143.02794599699985,0.906943643812374
143.04794710817268,0.9066859226106591
143.0679482193455,0.9064282468941455
143.08794933051837,0.906170616788435
143.1079504416912,0.9059130324191079
143.12795155286406,0.9056554939117211
143.1479526640369,0.9053980013918101
143.16795377520972,0.9051405549848875
143.18795488638258,0.9048831548164431
143.20795599755542,0.9046258010119451
143.22795710872828,0.9043684936968377
143.2479582199011,0.9041112329965445
143.26795933107394,0.9038540190364647
143.2879604422468,0.9035968519419746
143.30796155341963,0.9033397318384291
143.3279626645925,0.9030826588511586
143.34796377576532,0.9028256331054719
143.36796488693818,0.9025686547266536
143.387965998111,0.9023117238399663
143.40796710928385,0.9020548405706487
143.4279682204567,0.901798005043916
143.44796933162954,0.9015412173849615
143.4679704428024,0.9012844777189535
143.48797155397523,0.9010277861710384
143.50797266514806,0.9007711428663381
143.52797377632092,0.9005145479299506
143.54797488749375,0.9002580014869525
143.5679759986666,0.9000015036623942
143.58797710983944,0.8997450545813042
143.60797822101227,0.8994886543686863
143.62797933218513,0.8992323031495204
143.64798044335797,0.8989760010487634
143.66798155453083,0.8987197481913471
143.68798266570366,0.8984635447021807
143.7079837768765,0.8982073907061481
143.72798488804935,0.8979512863281092
143.74798599922218,0.8976952316929007
143.76798711039504,0.8974392269253336
143.78798822156787,0.8971832721501962
143.8079893327407,0.8969273674922513
143.82799044391356,0.8966715130762373
143.8479915550864,0.8964157090268687
143.86799266625925,0.8961599554688345
143.8879937774321,0.895904252526801
143.90799488860492,0.8956486003254077
143.92799599977778,0.8953929989892702
143.9479971109506,0.8951374486429796
143.96799822212347,0.8948819494111016
143.9879993332963,0.8946265014181777
144.00800044446913,0.8943711047887237
144.028001555642,0.8941157596472303
144.04800266681482,0.8938604661181642
144.06800377798768,0.8936052243259653
144.08800488916052,0.8933500343950501
144.10800600033335,0.8930948964498084
144.1280071115062,0.892839810614605
144.14800822267904,0.8925847770137799
144.1680093338519,0.8923297957716464
144.18801044502473,0.8920748670124942
144.20801155619756,0.8918199908605856
144.22801266737042,0.8915651674401579
144.24801377854325,0.8913103968754231
144.2680148897161,0.8910556792905666
144.28801600088894,0.890801014809749
144.30801711206178,0.8905464035571042
144.32801822323464,0.8902918456567401
144.34801933440747,0.8900373412327396
144.36802044558033,0.8897828904091581
144.38802155675316,0.8895284933100264
144.408022667926,0.8892741500593477
144.42802377909885,0.8890198607810997
144.44802489027168,0.888765625599234
144.46802600144454,0.8885114446376751
144.48802711261737,0.8882573180203219
144.5080282237902,0.8880032458710462
144.52802933496307,0.8877492283136926
144.5480304461359,0.8874952654720816
144.56803155730876,0.8872413574700041
144.5880326684816,0.8869875044312262
144.60803377965442,0.8867337064794862
144.62803489082728,0.8864799637384957
144.6480360020001,0.8862262763319402
144.66803711317297,0.8859726443834768
144.6880382243458,0.885719068016737
144.70803933551863,0.8854655473553246
144.7280404466915,0.8852120825228154
144.74804155786433,0.8849586736427598
144.7680426690372,0.8847053208386793
144.78804378021002,0.884452024234069
144.80804489138285,0.8841987839523964
144.8280460025557,0.8839456001171005
144.84804711372854,0.8836924728515952
144.8680482249014,0.8834394022792644
144.88804933607423,0.883186388523466
144.90805044724706,0.882933431707529
144.92805155841992,0.882680531954755
144.94805266959276,0.8824276893884186
144.96805378076562,0.8821749041317652
144.98805489193845,0.8819221763080138
145.00805600311128,0.881669506040354
145.02805711428414,0.8814168934519476
145.04805822545697,0.8811643386659294
145.06805933662983,0.8809118418054044
145.08806044780266,0.8806594029934508
145.1080615589755,0.8804070223531177
145.12806267014835,0.8801547000074257
145.14806378132118,0.8799024360793679
145.16806489249404,0.8796502306919073
145.18806600366688,0.8793980839679808
145.2080671148397,0.8791459960304946
145.22806822601257,0.8788939670023267
145.2480693371854,0.8786419970063272
145.26807044835826,0.8783900861653162
145.2880715595311,0.8781382346020864
145.30807267070392,0.8778864424394004
145.32807378187678,0.877634709799992
145.3480748930496,0.8773830368065669
145.36807600422247,0.8771314235818004
145.3880771153953,0.8768798702483401
145.40807822656814,0.8766283769288032
145.428079337741,0.876376943745778
145.44808044891383,0.876125570821824
145.4680815600867,0.8758742582794701
145.48808267125952,0.8756230062412178
145.50808378243235,0.8753718148295374
145.5280848936052,0.8751206841668696
145.54808600477804,0.8748696143756269
145.5680871159509,0.8746186055781905
145.58808822712373,0.8743676578969133
145.60808933829657,0.8741167714541174
145.62809044946943,0.8738659463720951
145.64809156064226,0.8736151827731098
145.66809267181512,0.8733644807793934
145.68809378298795,0.8731138405131493
145.70809489416078,0.8728632620965499
145.72809600533364,0.8726127456517371
145.74809711650647,0.8723622913008239
145.76809822767933,0.8721118991658916
145.78809933885216,0.8718615693689926
145.808100450025,0.8716113020321474
145.82810156119785,0.8713610972773471
145.8481026723707,0.8711109552265526
145.86810378354355,0.8708608760016926
145.88810489471638,0.8706108597246671
145.9081060058892,0.8703609065173442
145.92810711706207,0.8701110165015612
145.9481082282349,0.8698611897991257
145.96810933940776,0.8696114265318131
145.9881104505806,0.8693617268213691
146.00811156175342,0.8691120907895076
146.02811267292628,0.8688625185579112
146.04811378409912,0.8686130102482327
146.06811489527198,0.8683635659820922
146.0881160064448,0.8681141858810799
146.10811711761764,0.8678648700667541
146.1281182287905,0.8676156186606407
146.14811933996333,0.867366431784237
146.1681204511362,0.867117309559006
146.18812156230902,0.8668682521063811
146.20812267348185,0.8666192595477628
146.2281237846547,0.8663703320045204
146.24812489582754,0.8661214695979923
146.2681260070004,0.8658726724494838
146.28812711817324,0.8656239406802697
146.30812822934607,0.8653752744115921
146.32812934051893,0.8651266737646609
146.34813045169176,0.8648781388606552
146.36813156286462,0.8646296698207209
146.38813267403745,0.8643812667659726
146.40813378521028,0.8641329298174922
146.42813489638314,0.8638846590963289
146.44813600755597,0.8636364547235016
146.46813711872883,0.8633883168199946
146.48813822990166,0.8631402455067613
146.5081393410745,0.8628922409047217
146.52814045224736,0.8626443031347636
146.5481415634202,0.8623964323177427
146.56814267459305,0.862148628574481
146.58814378576588,0.8619008920257691
146.6081448969387,0.8616532227923641
146.62814600811157,0.8614056209949899
146.6481471192844,0.8611580867543386
146.66814823045726,0.8609106201910682
146.6881493416301,0.860663221425805
146.70815045280293,0.8604158905791413
146.72815156397579,0.8601686277716359
146.74815267514862,0.8599214331238161
146.76815378632148,0.8596743067561737
146.7881548974943,0.85942724878917
146.80815600866714,0.8591802593432306
146.82815711984,0.8589333385387483
146.84815823101283,0.8586864864960833
146.8681593421857,0.8584397033355611
146.88816045335852,0.8581929891774747
146.90816156453135,0.8579463441420825
146.92816267570421,0.8576997683496097
146.94816378687705,0.857453261920248
146.9681648980499,0.8572068249741546
146.98816600922274,0.8569604576314537
147.00816712039557,0.8567141600122348
147.02816823156843,0.8564679322365534
147.04816934274126,0.8562217744244318
147.06817045391412,0.855975686695857
147.08817156508695,0.8557296691707835
147.10817267625978,0.85548372196913
147.12817378743264,0.8552378452107812
147.14817489860548,0.8549920390155885
147.16817600977834,0.8547463035033673
147.18817712095117,0.8545006387939003
147.208178232124,0.8542550450069342
147.22817934329686,0.8540095222621816
147.2481804544697,0.8537640706793213
147.26818156564255,0.8535186903779959
147.28818267681538,0.8532733814778148
147.3081837879882,0.8530281440983516
147.32818489916107,0.8527829783591448
147.3481860103339,0.8525378843796994
147.36818712150676,0.8522928622794835
147.3881882326796,0.8520479121779321
147.40818934385243,0.8518030341944437
147.4281904550253,0.8515582284483816
147.44819156619812,0.8513134950590756
147.46819267737098,0.851068834145818
147.4881937885438,0.8508242458278676
147.50819489971664,0.8505797302244467
147.5281960108895,0.850335287454742
147.54819712206233,0.8500909176379059
147.5681982332352,0.849846620893054
147.58819934440803,0.8496023973392672
147.60820045558086,0.8493582470955902
147.62820156675372,0.8491141702810316
147.64820267792655,0.8488701670145654
147.6682037890994,0.8486262374151285
147.68820490027224,0.848382381601623
147.70820601144507,0.8481385996929142
147.72820712261793,0.8478948918078308
147.74820823379076,0.8476512580651678
147.76820934496362,0.8474076985836814
147.78821045613645,0.8471642134820934
147.80821156730929,0.8469208028790884
147.82821267848215,0.8466774668933146
147.84821378965498,0.8464342056433848
147.86821490082784,0.8461910192478741
147.88821601200067,0.8459479078253225
147.9082171231735,0.8457048714942323
147.92821823434636,0.8454619103730694
147.9482193455192,0.8452190245802638
147.96822045669205,0.8449762142342075
147.98822156786488,0.8447334794532574
148.00822267903774,0.8444908203557318
148.02822379021057,0.8442482370599135
148.0482249013834,0.8440057296840476
148.06822601255627,0.8437632983463418
148.0882271237291,0.8435209431649684
148.10822823490196,0.8432786642580608
148.1282293460748,0.8430364617437163
148.14823045724762,0.8427943357399943
148.16823156842048,0.8425522863649171
148.1882326795933,0.84231031373647
148.20823379076617,0.8420684179726003
148.228234901939,0.8418265991912188
148.24823601311184,0.8415848575101976
148.2682371242847,0.8413431930473716
148.28823823545753,0.8411016059205387
148.3082393466304,0.8408600962474582
148.32824045780322,0.8406186641458524
148.34824156897605,0.8403773097334053
148.3682426801489,0.8401360331277626
148.38824379132174,0.8398948344465338
148.4082449024946,0.8396537138072885
148.42824601366743,0.8394126713275594
148.44824712484026,0.8391717071248406
148.46824823601312,0.8389308213165878
148.48824934718596,0.8386900140202196
148.50825045835882,0.8384492853531148
148.52825156953165,0.8382086354326154
148.54825268070448,0.8379680643760239
148.56825379187734,0.8377275723006045
148.58825490305017,0.8374871593235836
148.60825601422303,0.8372468255621481
148.62825712539586,0.8370065711334476
148.6482582365687,0.8367663961545915
148.66825934774155,0.836526300742651
148.68826045891439,0.8362862850146594
148.70826157008725,0.8360463490876096
148.72826268126008,0.8358064930784573
148.7482637924329,0.8355667171041181
148.76826490360577,0.8353270212814686
148.7882660147786,0.8350874057273471
148.80826712595146,0.8348478705585517
148.8282682371243,0.8346084158918425
148.84826934829712,0.8343690418439396
148.86827045946998,0.8341297485315234
148.88827157064281,0.8338905360712363
148.90827268181567,0.8336514045796799
148.9282737929885,0.8334123541734175
148.94827490416134,0.833173384968972
148.9682760153342,0.8329344970828267
148.98827712650703,0.8326956906314263
149.0082782376799,0.8324569657311741
149.02827934885272,0.8322183224984359
149.04828046002555,0.8319797610495359
149.0682815711984,0.8317412815007583
149.08828268237124,0.8315028839683491
149.1082837935441,0.8312645685685126
149.12828490471693,0.8310263354174142
149.14828601588977,0.8307881846311784
149.16828712706263,0.8305501163258898
149.18828823823546,0.8303121306175933
149.20828934940832,0.8300742276222927
149.22829046058115,0.8298364074559523
149.24829157175398,0.8295986702344956
149.26829268292684,0.8293610160738052
149.28829379409967,0.8291234450897245
149.30829490527253,0.8288859573980548
149.32829601644536,0.8286485531145582
149.3482971276182,0.8284112323549551
149.36829823879106,0.8281739952349257
149.3882993499639,0.8279368418701099
149.40830046113675,0.8276997723761051
149.42830157230958,0.8274627868684701
149.4483026834824,0.827225885462721
149.46830379465527,0.8269890682743334
149.4883049058281,0.8267523354187423
149.50830601700096,0.8265156870113407
149.5283071281738,0.8262791231674816
149.54830823934662,0.826042644002476
149.56830935051948,0.8258062496315932
149.58831046169232,0.8255699401700627
149.60831157286518,0.8253337157330707
149.628312684038,0.8250975764357638
149.64831379521084,0.8248615223932456
149.6683149063837,0.8246255537205784
149.68831601755653,0.8243896705327846
149.7083171287294,0.8241538729448423
149.72831823990222,0.8239181610716899
149.74831935107505,0.8236825350282231
149.7683204622479,0.8234469949292953
149.78832157342075,0.8232115408897197
149.8083226845936,0.8229761730242655
149.82832379576644,0.8227408914476617
149.84832490693927,0.822505696274594
149.86832601811213,0.8222705876197063
149.88832712928496,0.8220355655976008
149.90832824045782,0.8218006303228366
149.92832935163065,0.8215657819099317
149.94833046280348,0.8213310204733606
149.96833157397634,0.8210963461275558
149.98833268514917,0.8208617589869076
150.00833379632203,0.8206272591657637
150.02833490749487,0.8203928467784294
150.0483360186677,0.8201585219391668
150.06833712984056,0.8199242847621956
150.0883382410134,0.8196901353616932
150.10833935218625,0.8194560738517933
150.12834046335908,0.819222100346588
150.1483415745319,0.8189882149601255
150.16834268570477,0.818754417806411
150.1883437968776,0.8185207089994077
150.20834490805046,0.8182870886530345
150.2283460192233,0.8180535568811682
150.24834713039613,0.817820113797642
150.268348241569,0.8175867595162454
150.28834935274182,0.8173534941507256
150.30835046391468,0.8171203178147851
150.3283515750875,0.8168872306220852
150.34835268626034,0.8166542326862416
150.3683537974332,0.816421324120827
150.38835490860603,0.8161885050393716
150.4083560197789,0.8159557755553604
150.42835713095172,0.8157231357822361
150.44835824212456,0.815490585833397
150.46835935329742,0.8152581258221973
150.48836046447025,0.8150257558619484
150.5083615756431,0.8147934760659165
150.52836268681594,0.8145612865473251
150.54836379798877,0.814329187419353
150.56836490916163,0.8140971787951348
150.58836602033446,0.8138652607877616
150.60836713150732,0.8136334335102793
150.62836824268015,0.8134016970756912
150.64836935385298,0.8131700515969551
150.66837046502584,0.8129384971869842
150.68837157619868,0.8127070339586486
150.70837268737154,0.8124756620247725
150.72837379854437,0.8122443814981369
150.7483749097172,0.8120131924914774
150.76837602089006,0.8117820951174849
150.7883771320629,0.8115510894888066
150.80837824323575,0.8113201757180437
150.82837935440858,0.8110893539177539
150.8483804655814,0.8108586242004492
150.86838157675427,0.8106279866785965
150.8883826879271,0.8103974414646189
150.90838379909997,0.8101669886708933
150.9283849102728,0.8099366284097526
150.94838602144563,0.8097063607934837
150.9683871326185,0.8094761859343282
150.98838824379132,0.8092461039444843
151.00838935496418,0.8090161149361026
151.028390466137,0.80878621902129
151.04839157730984,0.8085564163121071
151.0683926884827,0.8083267069205691
151.08839379965553,0.8080970909586467
151.1083949108284,0.8078675685382637
151.12839602200123,0.8076381397712996
151.14839713317406,0.8074088047695873
151.16839824434692,0.8071795636449139
151.18839935551975,0.8069504165090221
151.2084004666926,0.8067213634736068
151.22840157786544,0.806492404650319
151.24840268903827,0.8062635401507624
151.26840380021113,0.8060347700864947
151.28840491138396,0.805806094569029
151.30840602255682,0.8055775137098307
151.32840713372966,0.8053490276203201
151.3484082449025,0.8051206364118708
151.36840935607535,0.8048923401958099
151.38841046724818,0.8046641390834192
151.40841157842104,0.8044360331859328
151.42841268959387,0.8042080226145398
151.4484138007667,0.8039801074803818
151.46841491193956,0.803752287894554
151.4884160231124,0.8035245639681057
151.50841713428525,0.8032969358120385
151.52841824545808,0.8030694035373086
151.54841935663092,0.8028419672548246
151.56842046780378,0.802614627075448
151.5884215789766,0.8023873831099946
151.60842269014947,0.8021602354692318
151.6284238013223,0.801933184263882
151.64842491249513,0.8017062296046191
151.668426023668,0.80147937160207
151.68842713484082,0.8012526103668152
151.70842824601368,0.8010259460093871
151.7284293571865,0.8007993786402723
151.74843046835935,0.8005729083699088
151.7684315795322,0.8003465353086873
151.78843269070504,0.8001202595669523
151.8084338018779,0.7998940812549994
151.82843491305073,0.7996680004830781
151.84843602422356,0.7994420173613892
151.86843713539642,0.7992161320000863
151.88843824656925,0.7989903445092759
151.9084393577421,0.7987646549990154
151.92844046891494,0.7985390635793166
151.94844158008777,0.7983135703601415
151.96844269126063,0.7980881754514049
151.98844380243347,0.797862878962974
152.00844491360633,0.7976376810046675
152.02844602477916,0.797412581686257
152.048447135952,0.7971875811174646
152.06844824712485,0.7969626794079652
152.08844935829768,0.7967378766673856
152.10845046947054,0.7965131730053039
152.12845158064337,0.7962885685312503
152.1484526918162,0.7960640633547064
152.16845380298906,0.795839657585105
152.1884549141619,0.7956153513318316
152.20845602533475,0.795391144704222
152.2284571365076,0.7951670378115643
152.24845824768042,0.7949430307630974
152.26845935885328,0.7947191236680112
152.2884604700261,0.7944953166354486
152.30846158119897,0.7942716097745016
152.3284626923718,0.794048003194215
152.34846380354463,0.7938244970035836
152.3684649147175,0.7936010913115537
152.38846602589032,0.7933777862270228
152.40846713706318,0.7931545818588388
152.42846824823602,0.7929314783158017
152.44846935940885,0.7927084757066609
152.4684704705817,0.7924855741401171
152.48847158175454,0.7922627737248225
152.5084726929274,0.7920400745693786
152.52847380410023,0.7918174767823392
152.5484749152731,0.7915949804722067
152.56847602644592,0.7913725857474364
152.58847713761875,0.7911502927164323
152.6084782487916,0.7909281014875491
152.62847935996444,0.7907060121690925
152.6484804711373,0.7904840248693179
152.66848158231014,0.7902621396964316
152.68848269348297,0.7900403567585894
152.70848380465583,0.7898186761638976
152.72848491582866,0.789597098020413
152.74848602700152,0.7893756224361416
152.76848713817435,0.7891542495190405
152.78848824934718,0.7889329793770157
152.80848936052004,0.7887118121179234
152.82849047169287,0.7884907478495704
152.84849158286573,0.7882697866797123
152.86849269403857,0.788048928716055
152.8884938052114,0.7878281740662542
152.90849491638426,0.7876075228379139
152.9284960275571,0.7873869751385904
152.94849713872995,0.7871665310757866
152.96849824990278,0.786946190756957
152.9884993610756,0.7867259542895046
153.00850047224847,0.7865058217807814
153.0285015834213,0.7862857933380898
153.04850269459416,0.7860658690686804
153.068503805767,0.7858460490797541
153.08850491693983,0.7856263334784601
153.10850602811269,0.7854067223718968
153.12850713928552,0.7851872158671123
153.14850825045838,0.7849678140711028
153.1685093616312,0.7847485170908146
153.18851047280404,0.7845293250331418
153.2085115839769,0.7843102380049274
153.22851269514973,0.7840912561129648
153.2485138063226,0.7838723794639939
153.26851491749542,0.7836536081647052
153.28851602866825,0.7834349423217364
153.30851713984111,0.7832163820416745
153.32851825101395,0.7829979274310555
153.3485193621868,0.7827795785963624
153.36852047335964,0.7825613356440285
153.38852158453247,0.7823431986804343
153.40852269570533,0.7821251678119086
153.42852380687816,0.7819072431447291
153.44852491805102,0.7816894247851214
153.46852602922385,0.7814717128392594
153.48852714039668,0.781254107413265
153.50852825156954,0.7810366086132079
153.52852936274238,0.7808192165451064
153.54853047391524,0.7806019313149266
153.56853158508807,0.7803847530285828
153.5885326962609,0.7801676817919363
153.60853380743376,0.7799507177107965
153.6285349186066,0.7797338608909217
153.64853602977945,0.779517111438016
153.66853714095228,0.779300469457733
153.6885382521251,0.779083935055673
153.70853936329797,0.7788675083373833
153.7285404744708,0.7786511894083601
153.74854158564366,0.7784349783740458
153.7685426968165,0.7782188753398314
153.78854380798933,0.7780028804110541
153.8085449191622,0.7777869936929988
153.82854603033502,0.7775712152908981
153.84854714150788,0.7773555453099309
153.8685482526807,0.7771399838552248
153.88854936385354,0.7769245310318529
153.9085504750264,0.7767091869448357
153.92855158619923,0.7764939516991415
153.9485526973721,0.7762788253996845
153.96855380854493,0.7760638081513269
153.98855491971776,0.7758489000588767
154.00855603089062,0.775634101227089
154.02855714206345,0.7754194117606662
154.0485582532363,0.7752048317642566
154.06855936440914,0.7749903613424558
154.08856047558197,0.7747760005998057
154.10856158675483,0.7745617496407943
154.12856269792766,0.774347608569857
154.14856380910052,0.7741335774913747
154.16856492027335,0.7739196565096754
154.1885660314462,0.7737058457290336
154.20856714261905,0.7734921452536687
154.22856825379188,0.7732785551877484
154.24856936496474,0.7730650756353843
154.26857047613757,0.7728517067006364
154.2885715873104,0.7726384484875091
154.30857269848326,0.7724253010999532
154.3285738096561,0.7722122646418663
154.34857492082895,0.7719993392170907
154.36857603200178,0.7717865249294158
154.38857714317462,0.7715738218825758
154.40857825434747,0.7713612301802512
154.4285793655203,0.7711487499260682
154.44858047669317,0.7709363812235983
154.468581587866,0.7707241241763596
154.48858269903883,0.7705119788878145
154.5085838102117,0.7702999454613713
154.52858492138452,0.7700880240003849
154.54858603255738,0.7698762146081539
154.5685871437302,0.7696645173879237
154.58858825490304,0.7694529324428843
154.6085893660759,0.7692414598761705
154.62859047724874,0.7690300997908637
154.6485915884216,0.7688188522899891
154.66859269959443,0.768607717476518
154.68859381076726,0.7683966954533663
154.70859492194012,0.7681857863233946
154.72859603311295,0.7679749901894095
154.7485971442858,0.7677643071541613
154.76859825545864,0.7675537373203464
154.78859936663147,0.7673432807906049
154.80860047780433,0.7671329376675218
154.82860158897716,0.766922708053628
154.84860270015002,0.766712592051398
154.86860381132286,0.766502589763251
154.8886049224957,0.7662927012915511
154.90860603366855,0.7660829267386066
154.92860714484138,0.7658732662066705
154.94860825601424,0.7656637197979399
154.96860936718707,0.7654542876145571
154.9886104783599,0.7652449697586079
155.00861158953276,0.7650357663321221
155.0286127007056,0.7648266774370751
155.04861381187845,0.7646177031753848
155.06861492305129,0.7644088436489147
155.08861603422412,0.7642000989594714
155.10861714539698,0.7639914692088056
155.1286182565698,0.7637829544986127
155.14861936774267,0.7635745549305307
155.1686204789155,0.7633662706061435
155.18862159008833,0.7631581016269771
155.2086227012612,0.7629500480945013
155.22862381243402,0.7627421101101308
155.24862492360688,0.762534287775223
155.26862603477971,0.7623265811910795
155.28862714595255,0.7621189904589449
155.3086282571254,0.7619115156800076
155.32862936829824,0.7617041569554
155.3486304794711,0.7614969143861967
155.36863159064393,0.7612897880734173
155.38863270181676,0.7610827781180234
155.40863381298962,0.76087588462092
155.42863492416245,0.7606691076829565
155.4486360353353,0.7604624474049236
155.46863714650814,0.7602559038875575
155.48863825768098,0.7600494772315354
155.50863936885384,0.7598431675374783
155.52864048002667,0.7596369749059505
155.54864159119953,0.7594308994374586
155.56864270237236,0.759224941232453
155.5886438135452,0.7590191003913259
155.60864492471805,0.7588133770144128
155.62864603589088,0.7586077712019921
155.64864714706374,0.7584022830542845
155.66864825823657,0.758196912671454
155.6886493694094,0.7579916601536063
155.70865048058226,0.7577865256007901
155.7286515917551,0.7575815091129969
155.74865270292796,0.75737661079016
155.7686538141008,0.7571718307321559
155.78865492527362,0.7569671690388027
155.80865603644648,0.7567626258098608
155.8286571476193,0.7565582011450338
155.84865825879217,0.7563538951439664
155.868659369965,0.7561497079062465
155.88866048113783,0.755945639531403
155.9086615923107,0.7557416901189073
155.92866270348352,0.7555378597681736
155.94866381465638,0.7553341485785565
155.96866492582922,0.7551305566493541
155.98866603700205,0.7549270840798055
156.0086671481749,0.7547237309690913
156.02866825934774,0.754520497416335
156.0486693705206,0.7543173835206006
156.06867048169343,0.754114389380895
156.08867159286626,0.7539115150961656
156.10867270403912,0.7537087607653015
156.12867381521195,0.7535061264871347
156.1486749263848,0.7533036123604366
156.16867603755765,0.7531012184839221
156.18867714873048,0.7528989449562459
156.20867825990334,0.7526967918760044
156.22867937107617,0.7524947593417359
156.24868048224903,0.7522928474519194
156.26868159342186,0.7520910563049754
156.2886827045947,0.7518893859992652
156.30868381576755,0.7516878366330914
156.32868492694038,0.7514864083046977
156.34868603811324,0.7512851011122684
156.36868714928607,0.7510839151539298
156.3886882604589,0.7508828505277478
156.40868937163177,0.7506819073317298
156.4286904828046,0.7504810856638242
156.44869159397746,0.7502803856219193
156.4686927051503,0.7500798073038457
156.48869381632312,0.7498793508073732
156.50869492749598,0.7496790162302125
156.5286960386688,0.7494788036700155
156.54869714984167,0.7492787132243739
156.5686982610145,0.7490787449908205
156.58869937218734,0.748878899066828
156.6087004833602,0.7486791755498095
156.62870159453303,0.7484795745371191
156.6487027057059,0.7482800961260502
156.66870381687872,0.7480807404138375
156.68870492805155,0.7478815074976551
156.7087060392244,0.7476823974746173
156.72870715039724,0.7474834104417791
156.7487082615701,0.7472845464961344
156.76870937274293,0.7470858057346188
156.78871048391576,0.7468871882541065
156.80871159508862,0.7466886941514117
156.82871270626146,0.7464903235232893
156.84871381743432,0.7462920764664329
156.86871492860715,0.746093953077477
156.88871603977998,0.745895953452995
156.90871715095284,0.7456980776894999
156.92871826212567,0.7455003258834454
156.94871937329853,0.7453026981312233
156.96872048447136,0.7451051945291662
156.9887215956442,0.7449078151735457
157.00872270681705,0.744710560160572
157.02872381798988,0.7445134295863964
157.04872492916274,0.744316423547108
157.06872604033558,0.7441195421387363
157.08872715150844,0.743922785457249
157.10872826268127,0.7437261535985542
157.1287293738541,0.7435296466584984
157.14873048502696,0.7433332647328668
157.1687315961998,0.7431370079173849
157.18873270737265,0.7429408763077159
157.20873381854548,0.7427448699994632
157.2287349297183,0.7425489890881682
157.24873604089117,0.7423532336693113
157.268737152064,0.7421576038383122
157.28873826323687,0.7419620996905287
157.3087393744097,0.7417667213212584
157.32874048558253,0.7415714688257364
157.3487415967554,0.741376342299137
157.36874270792822,0.7411813418365734
157.38874381910108,0.7409864675330963
157.4087449302739,0.7407917194836966
157.42874604144674,0.7405970977833023
157.4487471526196,0.7404026025267798
157.46874826379243,0.7402082338089347
157.4887493749653,0.7400139917245103
157.50875048613813,0.7398198763681885
157.52875159731096,0.7396258878345892
157.54875270848382,0.7394320262182702
157.56875381965665,0.7392382916137284
157.5887549308295,0.7390446841153977
157.60875604200234,0.7388512038176511
157.62875715317517,0.7386578508147985
157.64875826434803,0.7384646252010882
157.66875937552086,0.7382715270707072
157.68876048669372,0.7380785565177787
157.70876159786656,0.7378857136363651
157.7287627090394,0.7376929985204664
157.74876382021225,0.7375004112640197
157.76876493138508,0.7373079519609003
157.78876604255794,0.7371156207049205
157.80876715373077,0.7369234175898314
157.8287682649036,0.7367313427093205
157.84876937607646,0.7365393961570128
157.8687704872493,0.7363475780264717
157.88877159842215,0.736155888411197
157.90877270959498,0.7359643274046265
157.92877382076782,0.735772895100135
157.94877493194068,0.7355815915910344
157.9687760431135,0.7353904169705747
157.98877715428637,0.7351993713319418
158.0087782654592,0.7350084547682598
158.02877937663203,0.7348176673725895
158.0487804878049,0.7346270092379277
158.06878159897772,0.7344364804572107
158.08878271015058,0.7342460811233091
158.1087838213234,0.7340558113290322
158.12878493249625,0.7338656711671252
158.1487860436691,0.7336756607302701
158.16878715484194,0.7334857801110868
158.1887882660148,0.7332960294021301
158.20878937718763,0.7331064086958933
158.22879048836046,0.7329169180848052
158.24879159953332,0.7327275576612311
158.26879271070615,0.7325383275174737
158.288793821879,0.7323492277457715
158.30879493305184,0.7321602584382999
158.32879604422467,0.7319714196871704
158.34879715539753,0.7317827115844304
158.36879826657037,0.7315941342220651
158.38879937774323,0.7314056876919943
158.40880048891606,0.7312173720860753
158.4288016000889,0.7310291874961006
158.44880271126175,0.7308411340137992
158.46880382243458,0.730653211730837
158.48880493360744,0.7304654207388143
158.50880604478027,0.7302777611292689
158.5288071559531,0.7300902329936739
158.54880826712596,0.7299028364234381
158.5688093782988,0.7297155715099068
158.58881048947165,0.7295284383443604
158.6088116006445,0.729341437018016
158.62881271181732,0.7291545676220256
158.64881382299018,0.7289678302474769
158.668814934163,0.7287812249853942
158.68881604533587,0.728594751926736
158.7088171565087,0.7284084111623976
158.72881826768153,0.7282222027832096
158.7488193788544,0.7280361268799369
158.76882049002722,0.7278501835432817
158.78882160120008,0.7276643728638796
158.80882271237292,0.7274786949323035
158.82882382354575,0.72729314983906
158.8488249347186,0.7271077376745916
158.86882604589144,0.7269224585292764
158.8888271570643,0.7267373124934265
158.90882826823713,0.7265522996572908
158.92882937940996,0.7263674201110517
158.94883049058282,0.7261826739448272
158.96883160175565,0.7259980612486707
158.9888327129285,0.7258135821125695
159.00883382410134,0.7256292366264476
159.02883493527418,0.725445024880162
159.04883604644704,0.7252609469635054
159.06883715761987,0.7250770029662051
159.08883826879273,0.724893192977923
159.10883937996556,0.724709517088256
159.1288404911384,0.7245259753867356
159.14884160231125,0.7243425679628271
159.16884271348408,0.7241592949059318
159.18884382465694,0.7239761563053839
159.20884493582977,0.7237931522504535
159.2288460470026,0.7236102828303442
159.24884715817547,0.7234275481341941
159.2688482693483,0.7232449482510761
159.28884938052116,0.7230624832699966
159.308850491694,0.722880153279897
159.32885160286682,0.7226979583696527
159.34885271403968,0.7225158986280726
159.3688538252125,0.7223339741439011
159.38885493638537,0.7221521850058151
159.4088560475582,0.7219705313024269
159.42885715873103,0.7217890131222817
159.4488582699039,0.721607630553859
159.46885938107673,0.7214263836855728
159.4888604922496,0.7212452726057699
159.50886160342242,0.7210642974027319
159.52886271459525,0.7208834581646734
159.5488638257681,0.7207027549797429
159.56886493694094,0.7205221879360233
159.5888660481138,0.7203417571215298
159.60886715928663,0.7201614626242128
159.62886827045946,0.719981304531955
159.64886938163232,0.7198012829325724
159.66887049280515,0.7196213979138162
159.68887160397801,0.7194416495633692
159.70887271515085,0.7192620379688488
159.72887382632368,0.7190825632178048
159.74887493749654,0.7189032253977208
159.76887604866937,0.7187240245960138
159.78887715984223,0.7185449609000336
159.80887827101506,0.7183660343970635
159.8288793821879,0.7181872451743199
159.84888049336075,0.7180085933189517
159.86888160453358,0.7178300789180418
159.88888271570644,0.7176517020586053
159.90888382687928,0.717473462827591
159.9288849380521,0.7172953613118798
159.94888604922497,0.7171173975982857
159.9688871603978,0.7169395717735563
159.98888827157066,0.7167618839243706
160.0088893827435,0.7165843341373419
160.02889049391632,0.7164069224990153
160.04889160508918,0.7162296490958681
160.068892716262,0.7160525140143115
160.08889382743487,0.7158755173406879
160.1088949386077,0.7156986591612735
160.12889604978054,0.7155219395622763
160.1488971609534,0.7153453586298364
160.16889827212623,0.7151689164500274
160.1888993832991,0.7149926131088542
160.20890049447192,0.7148164486922547
160.22890160564475,0.7146404232860988
160.2489027168176,0.7144645369761883
160.26890382799044,0.714288789848258
160.2889049391633,0.714113181987974
160.30890605033613,0.7139377134809357
160.32890716150897,0.7137623844126735
160.34890827268183,0.7135871948686496
160.36890938385466,0.7134121449342596
160.38891049502752,0.7132372346948295
160.40891160620035,0.7130624642356183
160.42891271737318,0.7128878336418164
160.44891382854604,0.7127133429985458
160.46891493971887,0.7125389923908609
160.48891605089173,0.7123647819037474
160.50891716206456,0.7121907116221229
160.5289182732374,0.7120167816308365
160.54891938441025,0.7118429920146688
160.5689204955831,0.7116693428583325
160.58892160675595,0.7114958342464711
160.60892271792878,0.7113224662636605
160.6289238291016,0.711149238994407
160.64892494027447,0.710976152523149
160.6689260514473,0.7108032069342565
160.68892716262016,0.71063040231203
160.708928273793,0.710457738740702
160.72892938496582,0.7102852163044359
160.74893049613868,0.7101128350873261
160.76893160731152,0.709940595173399
160.78893271848438,0.709768496646611
160.8089338296572,0.7095965395908506
160.82893494083004,0.7094247240899368
160.8489360520029,0.7092530502276193
160.86893716317573,0.7090815180875798
160.8889382743486,0.7089101277534295
160.90893938552142,0.7087388793087122
160.92894049669425,0.7085677728369009
160.9489416078671,0.7083968084213998
160.96894271903994,0.7082259861455451
160.9889438302128,0.7080553060926019
161.00894494138564,0.7078847683457674
161.02894605255847,0.7077143729881687
161.04894716373133,0.7075441201028634
161.06894827490416,0.7073740097728403
161.08894938607702,0.7072040420810178
161.10895049724985,0.7070342171102459
161.12895160842268,0.7068645349433043
161.14895271959554,0.7066949956629025
161.16895383076837,0.706525599351682
161.18895494194123,0.7063563460922131
161.20895605311406,0.7061872359669974
161.2289571642869,0.706018269058466
161.24895827545976,0.7058494454489802
161.2689593866326,0.7056807652208321
161.28896049780545,0.7055122284562434
161.30896160897828,0.7053438352373662
161.3289627201511,0.7051755856462825
161.34896383132397,0.7050074797650036
161.3689649424968,0.704839517675472
161.38896605366966,0.704671699459559
161.4089671648425,0.7045040251990667
161.42896827601533,0.7043364949757265
161.44896938718819,0.7041691088711992
161.46897049836102,0.7040018669670763
161.48897160953388,0.7038347693448783
161.5089727207067,0.7036678160860559
161.52897383187954,0.7035010072719889
161.5489749430524,0.7033343429839867
161.56897605422523,0.703167823303289
161.5889771653981,0.7030014483110637
161.60897827657092,0.7028352180884099
161.62897938774378,0.7026691327163546
161.64898049891661,0.7025031922758551
161.66898161008945,0.7023373968477977
161.6889827212623,0.7021717465129976
161.70898383243514,0.7020062413522004
161.728984943608,0.7018408814460797
161.74898605478083,0.7016756668752393
161.76898716595366,0.7015105977202116
161.78898827712652,0.7013456740614579
161.80898938829935,0.7011808959793694
161.8289904994722,0.7010162635542655
161.84899161064504,0.7008517768663953
161.86899272181788,0.7006874359959363
161.88899383299074,0.7005232410229948
161.90899494416357,0.7003591920276071
161.92899605533643,0.7001952890897369
161.94899716650926,0.7000315322892781
161.9689982776821,0.699867921706052
161.98899938885495,0.6997044574198095
162.00900050002778,0.6995411395102299
162.02900161120064,0.6993779680569212
162.04900272237347,0.6992149431394201
162.0690038335463,0.6990520648371918
162.08900494471916,0.69888933322963
162.109006055892,0.6987267483960569
162.12900716706486,0.6985643104157231
162.1490082782377,0.6984020193678079
162.16900938941052,0.6982398753314187
162.18901050058338,0.698077878385591
162.2090116117562,0.6979160286092895
162.22901272292907,0.6977543260814059
162.2490138341019,0.6975927708807614
162.26901494527473,0.6974313630861046
162.2890160564476,0.6972701027761123
162.30901716762042,0.6971089900293899
162.32901827879328,0.6969480249244699
162.34901938996612,0.6967872075398143
162.36902050113895,0.6966265379538116
162.3890216123118,0.6964660162447789
162.40902272348464,0.6963056424909617
162.4290238346575,0.6961454167705323
162.44902494583033,0.695985339161592
162.46902605700316,0.6958254097421692
162.48902716817602,0.6956656285902199
162.50902827934885,0.6955059957836285
162.5290293905217,0.6953465114002062
162.54903050169455,0.6951871755176933
162.56903161286738,0.6950279882137563
162.58903272404024,0.6948689495659897
162.60903383521307,0.6947100596519158
162.62903494638593,0.6945513185489838
162.64903605755876,0.6943927263345715
162.6690371687316,0.6942342830859829
162.68903827990445,0.6940759888804497
162.70903939107728,0.6939178437951319
162.72904050225014,0.6937598479071153
162.74904161342297,0.6936020012934143
162.7690427245958,0.6934443040309697
162.78904383576867,0.6932867561966496
162.8090449469415,0.6931293578672497
162.82904605811436,0.6929721091194925
162.8490471692872,0.6928150100300277
162.86904828046002,0.6926580606754319
162.88904939163288,0.6925012611322084
162.9090505028057,0.6923446114767888
162.92905161397857,0.69218811178553
162.9490527251514,0.692031762134717
162.96905383632424,0.691875562600561
162.9890549474971,0.6917195132591999
163.00905605866993,0.6915636141866992
163.0290571698428,0.6914078654590501
163.04905828101562,0.6912522671521718
163.06905939218845,0.6910968193419089
163.0890605033613,0.6909415221040334
163.10906161453414,0.6907863755142436
163.129062725707,0.6906313796481642
163.14906383687983,0.6904765345813475
163.16906494805266,0.6903218403892708
163.18906605922552,0.6901672971473385
163.20906717039836,0.6900129049308821
163.22906828157122,0.689858663815158
163.24906939274405,0.6897045738753508
163.26907050391688,0.6895506351865697
163.28907161508974,0.689396847823851
163.30907272626257,0.6892432118621572
163.32907383743543,0.6890897273763769
163.34907494860826,0.6889363944413249
163.3690760597811,0.6887832131317422
163.38907717095395,0.6886301835222954
163.40907828212679,0.6884773056875783
163.42907939329965,0.6883245797021091
163.44908050447248,0.6881720056403338
163.4690816156453,0.6880195835766227
163.48908272681817,0.6878673135852728
163.509083837991,0.6877151957405072
163.52908494916386,0.6875632301164739
163.5490860603367,0.6874114167872483
163.56908717150952,0.6872597558268301
163.58908828268238,0.6871082473091448
163.60908939385521,0.6869568913080448
163.62909050502807,0.6868056878973068
163.6490916162009,0.6866546371506339
163.66909272737374,0.6865037391416546
163.6890938385466,0.6863529939439229
163.70909494971943,0.6862024016309184
163.7290960608923,0.6860519622760459
163.74909717206512,0.6859016759526362
163.76909828323795,0.6857515427339449
163.7890993944108,0.6856015626931533
163.80910050558364,0.685451735903368
163.8291016167565,0.6853020624376207
163.84910272792933,0.6851525423688689
163.86910383910217,0.6850031757699948
163.88910495027503,0.6848539627138059
163.90910606144786,0.684704903273035
163.92910717262072,0.6845559975203397
163.94910828379355,0.6844072455283032
163.96910939496638,0.6842586473694334
163.98911050613924,0.684110203116163
164.00911161731207,0.6839619128408505
164.02911272848493,0.6838137766157782
164.04911383965776,0.6836657945131546
164.0691149508306,0.6835179666051119
164.08911606200346,0.6833702929637075
164.1091171731763,0.6832227736609244
164.12911828434915,0.683075408768669
164.14911939552198,0.6829281983587736
164.1691205066948,0.6827811425029947
164.18912161786767,0.682634241273013
164.2091227290405,0.6824874947404349
164.22912384021336,0.6823409029767906
164.2491249513862,0.6821944660535354
164.26912606255902,0.6820481840420485
164.28912717373188,0.6819020570136336
164.30912828490472,0.6817560850395197
164.32912939607758,0.6816102681908593
164.3491305072504,0.6814646065387301
164.36913161842324,0.6813191001541332
164.3891327295961,0.6811737491079948
164.40913384076893,0.6810285534711651
164.4291349519418,0.6808835133144184
164.44913606311462,0.6807386287084536
164.46913717428745,0.6805938997238934
164.4891382854603,0.6804493264312845
164.50913939663315,0.6803049089010986
164.529140507806,0.6801606472037305
164.54914161897884,0.6800165414094996
164.56914273015167,0.679872591588649
164.58914384132453,0.6797287978113457
164.60914495249736,0.6795851601476812
164.62914606367022,0.67944167866767
164.64914717484305,0.6792983534412518
164.66914828601588,0.6791551845382888
164.68914939718874,0.6790121720285673
164.70915050836157,0.6788693159817983
164.72915161953443,0.6787266164676152
164.74915273070727,0.6785840735555763
164.7691538418801,0.6784416873151626
164.78915495305296,0.678299457815779
164.8091560642258,0.6781573851267546
164.82915717539865,0.6780154693173412
164.84915828657148,0.677873710456715
164.8691593977443,0.6777321086139748
164.88916050891717,0.6775906638581433
164.90916162009,0.6774493762581669
164.92916273126286,0.6773082458829147
164.9491638424357,0.6771672728011802
164.96916495360853,0.6770264570816791
164.9891660647814,0.6768857987930508
165.00916717595422,0.6767452980038584
165.02916828712708,0.6766049547825878
165.0491693982999,0.6764647691976481
165.06917050947274,0.6763247413173719
165.0891716206456,0.676184871210014
165.10917273181843,0.6760451589437538
165.1291738429913,0.6759056045866922
165.14917495416412,0.6757662082068545
165.16917606533696,0.6756269698721882
165.18917717650982,0.6754878896505634
165.20917828768265,0.6753489676097743
165.2291793988555,0.6752102038175368
165.24918051002834,0.6750715983414908
165.26918162120117,0.674933151249198
165.28918273237403,0.6747948626081431
165.30918384354686,0.6746567324857344
165.32918495471972,0.674518760949302
165.34918606589255,0.6743809480660992
165.36918717706538,0.6742432939033015
165.38918828823824,0.6741057985280073
165.40918939941108,0.6739684620072381
165.42919051058394,0.673831284407937
165.44919162175677,0.6736942657969702
165.4691927329296,0.6735574062411267
165.48919384410246,0.6734207058071171
165.5091949552753,0.6732841645615755
165.52919606644815,0.6731477825710572
165.54919717762098,0.673011559902041
165.5691982887938,0.6728754966209274
165.58919939996667,0.672739592794039
165.6092005111395,0.6726038484876218
165.62920162231237,0.6724682637678424
165.6492027334852,0.6723328387007913
165.66920384465803,0.6721975733524799
165.6892049558309,0.6720624677888423
165.70920606700372,0.6719275220757346
165.72920717817658,0.671792736278935
165.7492082893494,0.6716581104641439
165.76920940052224,0.6715236446969834
165.7892105116951,0.6713893390429977
165.80921162286793,0.6712551935676535
165.8292127340408,0.6711212083363384
165.84921384521363,0.6709873834143627
165.86921495638646,0.6708537188669583
165.88921606755932,0.6707202147592788
165.90921717873215,0.6705868711563998
165.929218289905,0.6704536881233183
165.94921940107784,0.6703206657249539
165.96922051225067,0.6701878040261467
165.98922162342353,0.6700551030916593
166.00922273459636,0.6699225629861758
166.02922384576922,0.6697901837743017
166.04922495694206,0.6696579655205643
166.0692260681149,0.6695259082894123
166.08922717928775,0.6693940121452155
166.10922829046058,0.6692622771522664
166.12922940163344,0.6691307033747775
166.14923051280627,0.668999290876884
166.16923162397913,0.6688680397226414
166.18923273515196,0.6687369499760273
166.2092338463248,0.6686060217009402
166.22923495749765,0.6684752549612
166.24923606867048,0.668344649820548
166.26923717984334,0.6682142063426465
166.28923829101618,0.6680839245910795
166.309239402189,0.6679538046293513
166.32924051336187,0.6678238465208881
166.3492416245347,0.667694050329037
166.36924273570756,0.6675644161170659
166.3892438468804,0.6674349439481642
166.40924495805322,0.667305633885442
166.42924606922608,0.66717648599193
166.4492471803989,0.6670475003305811
166.46924829157177,0.6669186769642679
166.4892494027446,0.6667900159557845
166.50925051391744,0.6666615173678455
166.5292516250903,0.6665331812630865
166.54925273626313,0.6664050077040641
166.569253847436,0.6662769967532551
166.58925495860882,0.666149148473058
166.60925606978165,0.666021462925791
166.6292571809545,0.6658939401736934
166.64925829212734,0.6657665802789252
166.6692594033002,0.665639383303567
166.68926051447303,0.6655123493096202
166.70926162564587,0.6653854783590061
166.72926273681873,0.6652587705135669
166.74926384799156,0.6651322258350658
166.76926495916442,0.6650058443851855
166.78926607033725,0.66487962622553
166.80926718151008,0.6647535714176231
166.82926829268294,0.6646276800229093
166.84926940385577,0.6645019521027534
166.86927051502863,0.6643763877184403
166.88927162620146,0.6642509869311756
166.9092727373743,0.6641257498020847
166.92927384854715,0.6640006763922135
166.94927495972,0.663875766762528
166.96927607089285,0.6637510209739144
166.98927718206568,0.6636264390871793
167.0092782932385,0.6635020211630489
167.02927940441137,0.6633777672621695
167.0492805155842,0.6632536774451081
167.06928162675706,0.6631297517723509
167.0892827379299,0.6630059903043048
167.10928384910272,0.6628823931012965
167.12928496027558,0.662758960223572
167.14928607144842,0.6626356917312979
167.16928718262128,0.6625125876845603
167.1892882937941,0.6623896481433655
167.20928940496694,0.6622668731676394
167.2292905161398,0.6621442628172274
167.24929162731263,0.6620218171518952
167.2692927384855,0.6618995362313278
167.28929384965832,0.6617774201151303
167.30929496083115,0.661655468862827
167.329296072004,0.6615336825338619
167.34929718317684,0.6614120611875993
167.3692982943497,0.6612906048833218
167.38929940552254,0.6611693136802331
167.40930051669537,0.6610481876374553
167.42930162786823,0.6609272268140302
167.44930273904106,0.6608064312689192
167.46930385021392,0.6606858010610034
167.48930496138675,0.6605653362490828
167.50930607255958,0.6604450368918771
167.52930718373244,0.660324903048025
167.54930829490527,0.6602049347760852
167.56930940607813,0.6600851321345349
167.58931051725096,0.6599654951817713
167.6093116284238,0.6598460239761103
167.62931273959666,0.6597267185757869
167.6493138507695,0.6596075790389562
167.66931496194235,0.659488605423691
167.68931607311518,0.6593697977879849
167.709317184288,0.6592511561897492
167.72931829546087,0.6591326806868146
167.7493194066337,0.6590143713369317
167.76932051780656,0.658896228197769
167.7893216289794,0.6587782513269147
167.80932274015223,0.6586604407818755
167.82932385132509,0.658542796620077
167.84932496249792,0.6584253188988645
167.86932607367078,0.6583080076755008
167.8893271848436,0.6581908630071689
167.90932829601644,0.65807388495097
167.9293294071893,0.6579570735639237
167.94933051836213,0.6578404289029693
167.969331629535,0.657723951024964
167.98933274070782,0.6576076399866841
168.00933385188065,0.6574914958448246
168.02933496305351,0.6573755186559984
168.04933607422635,0.6572597084767386
168.0693371853992,0.6571440653634952
168.08933829657204,0.6570285893726382
168.10933940774487,0.6569132805604548
168.12934051891773,0.6567981389831516
168.14934163009056,0.6566831646968536
168.16934274126342,0.6565683577576038
168.18934385243625,0.6564537182213643
168.20934496360908,0.656339246144015
168.22934607478194,0.6562249415813541
168.24934718595478,0.6561108045890991
168.26934829712764,0.6559968352228847
168.28934940830047,0.6558830335382644
168.3093505194733,0.6557693995907101
168.32935163064616,0.6556559334356116
168.349352741819,0.6555426351282772
168.36935385299185,0.6554295047239329
168.38935496416468,0.6553165422777237
168.4093560753375,0.6552037478447121
168.42935718651037,0.6550911214798787
168.4493582976832,0.6549786632381226
168.46935940885606,0.6548663731742602
168.4893605200289,0.6547542513430269
168.50936163120173,0.6546422977990753
168.5293627423746,0.6545305125969763
168.54936385354742,0.6544188957912187
168.56936496472028,0.6543074474362092
168.5893660758931,0.6541961675862725
168.60936718706594,0.6540850562956511
168.6293682982388,0.6539741136185051
168.64936940941163,0.6538633396089129
168.6693705205845,0.65375273432087
168.68937163175733,0.6536422978082906
168.70937274293016,0.6535320301250058
168.72937385410302,0.6534219313247647
168.74937496527585,0.6533120014612342
168.7693760764487,0.6532022405879985
168.78937718762154,0.65309264875856
168.80937829879437,0.652983226026338
168.82937940996723,0.6528739724446699
168.84938052114006,0.6527648880668107
168.86938163231292,0.6526559729459321
168.88938274348575,0.6525472271351247
168.90938385465859,0.6524386506873951
168.92938496583145,0.6523302436556684
168.94938607700428,0.6522220060927868
168.96938718817714,0.6521139380515094
168.98938829934997,0.6520060395845135
169.0093894105228,0.6518983107443932
169.02939052169566,0.6517907515836601
169.0493916328685,0.6516833621547431
169.06939274404135,0.6515761425099882
169.08939385521418,0.6514690927016589
169.10939496638701,0.6513622127819357
169.12939607755987,0.6512555028029163
169.1493971887327,0.6511489628166157
169.16939829990557,0.6510425928749659
169.1893994110784,0.6509363930298162
169.20940052225123,0.6508303633329329
169.2294016334241,0.650724503835999
169.24940274459692,0.6506188145906153
169.26940385576978,0.6505132956482987
169.2894049669426,0.650407947060484
169.30940607811544,0.6503027688785225
169.3294071892883,0.650197761153682
169.34940830046114,0.6500929239371481
169.369409411634,0.6499882572800229
169.38941052280683,0.649883761233325
169.40941163397966,0.6497794358479907
169.42941274515252,0.6496752811748718
169.44941385632535,0.6495712972647385
169.4694149674982,0.6494674841682762
169.48941607867104,0.6493638419360882
169.50941718984387,0.649260370618694
169.52941830101673,0.6491570702665297
169.54941941218956,0.6490539409299485
169.56942052336242,0.6489509826592198
169.58942163453526,0.6488481955045298
169.6094227457081,0.6487455795159813
169.62942385688095,0.6486431347435935
169.64942496805378,0.6485408612373027
169.66942607922664,0.6484387590469608
169.68942719039947,0.648336828222337
169.7094283015723,0.6482350688131167
169.72942941274516,0.6481334808689014
169.749430523918,0.6480320644392097
169.76943163509085,0.647930819573476
169.78943274626369,0.6478297463210514
169.80943385743652,0.6477288447312033
169.82943496860938,0.6476281148531151
169.8494360797822,0.6475275567358869
169.86943719095507,0.6474271704285351
169.8894383021279,0.6473269559799923
169.90943941330073,0.6472269134391069
169.9294405244736,0.6471270428546438
169.94944163564642,0.6470273442752846
169.96944274681928,0.646927817749626
169.98944385799211,0.6468284633261819
170.00944496916495,0.6467292810533817
170.0294460803378,0.6466302709795706
170.04944719151064,0.6465314331530109
170.0694483026835,0.6464327676218797
170.08944941385633,0.6463342744342713
170.10945052502916,0.646235953638195
170.12945163620202,0.6461378052815766
170.14945274737485,0.6460398294122578
170.1694538585477,0.645942026077996
170.18945496972054,0.645844395326465
170.20945608089337,0.6457469372052538
170.22945719206623,0.6456496517618675
170.24945830323907,0.6455525390437276
170.26945941441193,0.6454555990981701
170.28946052558476,0.6453588319724486
170.3094616367576,0.6452622377137307
170.32946274793045,0.6451658163691009
170.34946385910328,0.6450695679855589
170.36946497027614,0.6449734926100201
170.38946608144897,0.6448775902893158
170.4094671926218,0.6447818610701928
170.42946830379466,0.6446863049993135
170.4494694149675,0.644590922123256
170.46947052614036,0.6444957124885138
170.4894716373132,0.6444006761414963
170.50947274848602,0.6443058131285282
170.52947385965888,0.6442111234958492
170.5494749708317,0.6441166072896157
170.56947608200457,0.6440222645558984
170.5894771931774,0.6439280953406843
170.60947830435023,0.643834099689875
170.6294794155231,0.6437402776492881
170.64948052669592,0.6436466292646565
170.66948163786878,0.6435531545816284
170.68948274904162,0.6434598536457672
170.70948386021448,0.6433667265025516
170.7294849713873,0.6432737731973758
170.74948608256014,0.6431809937755492
170.769487193733,0.6430883882822961
170.78948830490583,0.6429959567627567
170.8094894160787,0.6429036992619857
170.82949052725152,0.6428116158249533
170.84949163842435,0.6427197064965452
170.8694927495972,0.6426279713215614
170.88949386077005,0.6425364103447178
170.9094949719429,0.6424450236106446
170.92949608311574,0.6423538111638882
170.94949719428857,0.642262773048909
170.96949830546143,0.6421719093100828
170.98949941663426,0.6420812199917006
171.00950052780712,0.6419907051379679
171.02950163897995,0.6419003647930057
171.04950275015278,0.6418101990008496
171.06950386132564,0.64172020780545
171.08950497249847,0.6416303912506727
171.10950608367133,0.6415407493802978
171.12950719484417,0.6414512822380207
171.149508306017,0.6413619898674514
171.16950941718986,0.6412728723121146
171.1895105283627,0.6411839296154501
171.20951163953555,0.6410951618208123
171.22951275070838,0.6410065689714703
171.2495138618812,0.6409181511106081
171.26951497305407,0.6408299082813239
171.2895160842269,0.6407418405266314
171.30951719539976,0.6406539478894584
171.3295183065726,0.6405662304126475
171.34951941774543,0.6404786881389557
171.3695205289183,0.6403913211110549
171.38952164009112,0.6403041293715315
171.40952275126398,0.6402171129628863
171.4295238624368,0.6401302719275349
171.44952497360964,0.6400436063078072
171.4695260847825,0.6399571161459476
171.48952719595533,0.6398708014841151
171.5095283071282,0.639784662364383
171.52952941830102,0.6396986988287394
171.54953052947386,0.6396129109190862
171.56953164064672,0.6395272986772401
171.58953275181955,0.6394418621449325
171.6095338629924,0.6393566013638081
171.62953497416524,0.6392715163754272
171.64953608533807,0.6391866072212634
171.66953719651093,0.639101873942705
171.68953830768376,0.6390173165810549
171.70953941885662,0.6389329351775295
171.72954053002945,0.6388487297732601
171.74954164120228,0.638764700409292
171.76954275237514,0.6386808471265844
171.78954386354798,0.638597169966011
171.80954497472084,0.6385136689683595
171.82954608589367,0.6384303441743321
171.8495471970665,0.6383471956245446
171.86954830823936,0.6382642233595269
171.8895494194122,0.6381814274197235
171.90955053058505,0.6380988078454923
171.92955164175788,0.6380163646771059
171.9495527529307,0.6379340979547503
171.96955386410357,0.6378520077185259
171.9895549752764,0.6377700940084469
172.00955608644927,0.6376883568644414
172.0295571976221,0.6376067963263516
172.04955830879493,0.6375254124339336
172.0695594199678,0.6374442052268571
172.08956053114062,0.6373631747447062
172.10956164231348,0.6372823210269782
172.1295627534863,0.637201644113085
172.14956386465914,0.6371211440423517
172.169564975832,0.6370408208540173
172.18956608700483,0.6369606745872349
172.2095671981777,0.636880705281071
172.22956830935053,0.6368009129745061
172.24956942052336,0.6367212977064345
172.26957053169622,0.6366418595156637
172.28957164286905,0.6365625984409153
172.3095727540419,0.6364835145208247
172.32957386521474,0.6364046077939405
172.34957497638757,0.6363258782987252
172.36957608756043,0.6362473260735548
172.38957719873326,0.6361689511567191
172.40957830990612,0.6360907535864212
172.42957942107896,0.6360127334007781
172.4495805322518,0.6359348906378197
172.46958164342465,0.6358572253354902
172.48958275459748,0.6357797375316468
172.50958386577034,0.6357024272640603
172.52958497694317,0.6356252945704151
172.549586088116,0.6355483394883087
172.56958719928886,0.6354715620552523
172.5895883104617,0.6353949623086708
172.60958942163455,0.6353185402859014
172.62959053280738,0.6352422960241961
172.64959164398022,0.6351662295607194
172.66959275515308,0.635090340932549
172.6895938663259,0.6350146301766764
172.70959497749877,0.6349390973300062
172.7295960886716,0.6348637424293563
172.74959719984443,0.6347885655114579
172.7695983110173,0.6347135666129551
172.78959942219012,0.6346387457704059
172.80960053336298,0.6345641030202809
172.8296016445358,0.6344896383989641
172.84960275570864,0.6344153519427528
172.8696038668815,0.6343412436878572
172.88960497805434,0.6342673136704009
172.9096060892272,0.6341935619264203
172.92960720040003,0.6341199884918656
172.94960831157286,0.634046593402599
172.96960942274572,0.6339733766943966
172.98961053391855,0.6339003384029473
173.0096116450914,0.633827478563853
173.02961275626424,0.6337547972126287
173.04961386743707,0.6336822943847024
173.06961497860993,0.6336099701154148
173.08961608978277,0.6335378244400199
173.10961720095563,0.6334658573936844
173.12961831212846,0.6333940690114885
173.1496194233013,0.6333224593284246
173.16962053447415,0.633251028379398
173.18962164564698,0.6331797761992275
173.20962275681984,0.6331087028226443
173.22962386799267,0.6330378082842927
173.2496249791655,0.6329670926187294
173.26962609033836,0.6328965558604243
173.2896272015112,0.6328261980437601
173.30962831268405,0.6327560192030319
173.3296294238569,0.6326860193724481
173.34963053502972,0.6326161985861294
173.36963164620258,0.6325465568781092
173.3896327573754,0.6324770942823343
173.40963386854827,0.6324078108326632
173.4296349797211,0.6323387065628678
173.44963609089393,0.6322697815066325
173.4696372020668,0.632201035697554
173.48963831323962,0.6321324691691421
173.50963942441248,0.6320640819548188
173.52964053558532,0.6319958740879192
173.54964164675815,0.6319278456016906
173.569642757931,0.6318599965292927
173.58964386910384,0.6317923269037983
173.6096449802767,0.6317248367581922
173.62964609144953,0.6316575261253721
173.64964720262236,0.6315903950381478
173.66964831379522,0.6315234435292421
173.68964942496805,0.6314566716312897
173.7096505361409,0.6313900793768381
173.72965164731374,0.6313236667983475
173.74965275848658,0.6312574339281898
173.76965386965944,0.6311913807986496
173.78965498083227,0.6311255074419243
173.80965609200513,0.631059813890123
173.82965720317796,0.6309943001752679
173.8496583143508,0.630928966329293
173.86965942552365,0.6308638123840445
173.88966053669648,0.6307988383712815
173.90966164786934,0.6307340443226748
173.92966275904217,0.630669430269808
173.949663870215,0.6306049962441765
173.96966498138787,0.6305407422771883
173.9896660925607,0.6304766684001633
174.00966720373356,0.630412774644334
174.0296683149064,0.6303490610408446
174.04966942607922,0.6302855276207522
174.06967053725208,0.6302221744150254
174.0896716484249,0.6301590014545453
174.10967275959777,0.630096008770105
174.1296738707706,0.6300331963924097
174.14967498194343,0.629970564352077
174.1696760931163,0.6299081126796362
174.18967720428913,0.629845841405529
174.20967831546199,0.6297837505601089
174.22967942663482,0.6297218401736417
174.24968053780765,0.6296601102763053
174.2696816489805,0.6295985608981889
174.28968276015334,0.6295371920692949
174.3096838713262,0.6294760038195365
174.32968498249903,0.6294149961787399
174.34968609367186,0.6293541691766423
174.36968720484472,0.6292935228428936
174.38968831601755,0.6292330572070555
174.40968942719041,0.6291727722986012
174.42969053836325,0.6291126681469164
174.44969164953608,0.6290527447812981
174.46969276070894,0.6289930022309556
174.48969387188177,0.62893344052501
174.50969498305463,0.628874059692494
174.52969609422746,0.6288148597623526
174.5496972054003,0.628755840763442
174.56969831657315,0.6286970027245307
174.58969942774598,0.6286383456742989
174.60970053891884,0.6285798696413383
174.62970165009168,0.6285215746541528
174.6497027612645,0.6284634607411578
174.66970387243737,0.6284055279306802
174.6897049836102,0.6283477762509593
174.70970609478306,0.6282902057301453
174.7297072059559,0.6282328163963007
174.74970831712872,0.6281756082773995
174.76970942830158,0.6281185814013273
174.7897105394744,0.6280617357958812
174.80971165064727,0.6280050714887703
174.8297127618201,0.6279485885076153
174.84971387299294,0.6278922868799482
174.8697149841658,0.6278361666332128
174.88971609533863,0.6277802277947646
174.9097172065115,0.6277244703918704
174.92971831768432,0.6276688944517088
174.94971942885715,0.6276135000013696
174.96972054003,0.6275582870678547
174.98972165120284,0.6275032556780771
175.0097227623757,0.6274484058588612
175.02972387354853,0.6273937376369434
175.04972498472137,0.6273392510389713
175.06972609589423,0.6272849460915036
175.08972720706706,0.6272308228210113
175.10972831823992,0.6271768812538758
175.12972942941275,0.6271231214163909
175.14973054058558,0.6270695433347614
175.16973165175844,0.6270161470351032
175.18973276293127,0.6269629325434443
175.20973387410413,0.6269098998857233
175.22973498527696,0.6268570490877909
175.24973609644982,0.6268043801754084
175.26973720762265,0.6267518931742493
175.2897383187955,0.6266995881098976
175.30973942996835,0.6266474650078491
175.32974054114118,0.6265955238935108
175.34974165231404,0.626543764792201
175.36974276348687,0.6264921877291494
175.3897438746597,0.6264407927294966
175.40974498583256,0.6263895798182946
175.4297460970054,0.6263385490205069
175.44974720817825,0.6262877003610081
175.46974831935108,0.626237033864584
175.48974943052391,0.6261865495559313
175.50975054169677,0.6261362474596586
175.5297516528696,0.6260861276002847
175.54975276404247,0.6260361900022406
175.5697538752153,0.6259864346898679
175.58975498638813,0.6259368616874194
175.609756097561,0.6258874710190587
175.62975720873382,0.6258382627088614
175.64975831990668,0.6257892367808136
175.6697594310795,0.6257403932588124
175.68976054225234,0.6256917321666664
175.7097616534252,0.6256432535280947
175.72976276459804,0.6255949573667283
175.7497638757709,0.6255468437061082
175.76976498694373,0.6254989125696877
175.78976609811656,0.62545116398083
175.80976720928942,0.6254035979628099
175.82976832046225,0.6253562145388132
175.8497694316351,0.6253090137319361
175.86977054280794,0.6252619955651868
175.88977165398077,0.6252151600614837
175.90977276515363,0.6251685072436564
175.92977387632646,0.6251220371344455
175.94977498749932,0.6250757497565023
175.96977609867216,0.6250296451323895
175.989777209845,0.6249837232845803
176.00977832101785,0.6249379842354588
176.02977943219068,0.6248924280073201
176.04978054336354,0.6248470546223706
176.06978165453637,0.6248018641027269
176.0897827657092,0.6247568564704168
176.10978387688206,0.6247120317473789
176.1297849880549,0.6246673899554628
176.14978609922775,0.6246229311164285
176.16978721040059,0.6245786552519474
176.18978832157342,0.6245345623836013
176.20978943274628,0.6244906525328828
176.2297905439191,0.6244469257211956
176.24979165509197,0.6244033819698539
176.2697927662648,0.6243600213000828
176.28979387743763,0.624316843733018
176.3097949886105,0.6242738492897062
176.32979609978332,0.6242310379911045
176.34979721095618,0.624188409858081
176.36979832212901,0.6241459649114147
176.38979943330185,0.6241037031717946
176.4098005444747,0.6240616246598212
176.42980165564754,0.6240197293960053
176.4498027668204,0.6239780174007683
176.46980387799323,0.6239364886944424
176.48980498916606,0.6238951432972704
176.50980610033892,0.6238539812294059
176.52980721151175,0.623813002510913
176.5498083226846,0.6237722071617662
176.56980943385744,0.6237315952018513
176.58981054503028,0.6236911666509639
176.60981165620314,0.6236509215288107
176.62981276737597,0.623610859855009
176.64981387854883,0.6235709816490864
176.66981498972166,0.6235312869304812
176.6898161008945,0.6234917757185423
176.70981721206735,0.6234524480325292
176.72981832324018,0.6234133038916116
176.74981943441304,0.6233743433148704
176.76982054558587,0.6233355663212964
176.7898216567587,0.6232969729297911
176.80982276793156,0.6232585631591667
176.8298238791044,0.6232203370281456
176.84982499027726,0.6231822945553608
176.8698261014501,0.6231444357593559
176.88982721262292,0.6231067606585848
176.90982832379578,0.6230692692714119
176.9298294349686,0.6230319616161123
176.94983054614147,0.6229948377108709
176.9698316573143,0.622957897573784
176.98983276848713,0.6229211412228572
177.00983387966,0.6228845686760076
177.02983499083282,0.6228481799510618
177.04983610200568,0.6228119750657573
177.06983721317852,0.622775954037742
177.08983832435135,0.6227401168845741
177.1098394355242,0.6227044636237219
177.12984054669704,0.6226689942725645
177.1498416578699,0.622633708848391
177.16984276904273,0.6225986073684011
177.18984388021556,0.6225636898497049
177.20984499138842,0.6225289563093221
177.22984610256125,0.622494406764184
177.2498472137341,0.622460041231131
177.26984832490695,0.6224258597269146
177.28984943607978,0.6223918622681961
177.30985054725264,0.6223580488715472
177.32985165842547,0.6223244195534503
177.34985276959833,0.6222909743302976
177.36985388077116,0.6222577132183916
177.389854991944,0.6222246362339452
177.40985610311685,0.6221917433930817
177.42985721428968,0.6221590347118342
177.44985832546254,0.6221265102061464
177.46985943663537,0.6220941698918722
177.4898605478082,0.6220620137847754
177.50986165898107,0.6220300419005305
177.5298627701539,0.6219982542547218
177.54986388132676,0.6219666508628438
177.5698649924996,0.6219352317403015
177.58986610367242,0.6219039969024099
177.60986721484528,0.6218729463643942
177.6298683260181,0.6218420801413895
177.64986943719097,0.6218113982484417
177.6698705483638,0.621780900700506
177.68987165953664,0.6217505875124485
177.7098727707095,0.6217204586990449
177.72987388188233,0.6216905142749816
177.7498749930552,0.6216607542548542
177.76987610422802,0.6216311786531696
177.78987721540085,0.6216017874843438
177.8098783265737,0.6215725807627035
177.82987943774654,0.6215435585024851
177.8498805489194,0.6215147207178353
177.86988166009223,0.621486067422811
177.88988277126506,0.6214575986313788
177.90988388243792,0.6214293143574159
177.92988499361076,0.6214012146147089
177.94988610478362,0.621373299416955
177.96988721595645,0.6213455687777611
177.98988832712928,0.6213180227106445
178.00988943830214,0.6212906612290321
178.02989054947497,0.621263484346261
178.04989166064783,0.6212364920755786
178.06989277182066,0.6212096844301419
178.0898938829935,0.621183061423018
178.10989499416635,0.6211566230671843
178.12989610533918,0.6211303693755279
178.14989721651204,0.6211043003608459
178.16989832768488,0.6210784160358452
178.1898994388577,0.6210527164131434
178.20990055003057,0.6210272015052671
178.2299016612034,0.6210018713246537
178.24990277237626,0.6209767258836499
178.2699038835491,0.6209517651945129
178.28990499472192,0.6209269892694094
178.30990610589478,0.6209023981204163
178.3299072170676,0.6208779917595204
178.34990832824047,0.6208537701986183
178.3699094394133,0.6208297334495166
178.38991055058614,0.620805881523932
178.409911661759,0.6207822144334907
178.42991277293183,0.6207587321897292
178.4499138841047,0.6207354348040937
178.46991499527752,0.6207123222879403
178.48991610645035,0.6206893946525349
178.5099172176232,0.6206666519090536
178.52991832879604,0.620644094068582
178.5499194399689,0.6206217211421158
178.56992055114173,0.6205995331405605
178.58992166231457,0.6205775300747316
178.60992277348743,0.620555711955354
178.62992388466026,0.6205340787930631
178.64992499583312,0.6205126305984036
178.66992610700595,0.6204913673818304
178.68992721817878,0.6204702891537079
178.70992832935164,0.6204493959243107
178.72992944052447,0.620428687703823
178.74993055169733,0.6204081645023387
178.76993166287016,0.6203878263298619
178.789932774043,0.6203676731963061
178.80993388521586,0.6203477051114948
178.8299349963887,0.6203279220851614
178.84993610756155,0.6203083241269489
178.86993721873438,0.6202889112464103
178.8899383299072,0.620269683453008
178.90993944108007,0.6202506407561146
178.9299405522529,0.6202317831650123
178.94994166342576,0.6202131106888931
178.9699427745986,0.6201946233368585
178.98994388577142,0.6201763211179204
179.00994499694428,0.6201582040409999
179.02994610811712,0.620140272114928
179.04994721928998,0.6201225253484455
179.0699483304628,0.6201049637502027
179.08994944163564,0.6200875873287603
179.1099505528085,0.6200703960925881
179.12995166398133,0.6200533900500658
179.1499527751542,0.6200365692094827
179.16995388632702,0.6200199335790382
179.18995499749985,0.6200034831668412
179.2099561086727,0.6199872179809103
179.22995721984555,0.6199711380291737
179.2499583310184,0.6199552433194696
179.26995944219124,0.6199395338595457
179.28996055336407,0.6199240096570595
179.30996166453693,0.619908670719578
179.32996277570976,0.6198935170545783
179.34996388688262,0.6198785486694466
179.36996499805545,0.6198637655714794
179.38996610922828,0.6198491677678823
179.40996722040114,0.6198347552657714
179.42996833157397,0.6198205280721714
179.44996944274683,0.6198064861940176
179.46997055391967,0.6197926296381544
179.4899716650925,0.6197789584113361
179.50997277626536,0.6197654725202268
179.5299738874382,0.6197521719713999
179.54997499861105,0.6197390567713387
179.56997610978388,0.619726126926436
179.5899772209567,0.6197133824429946
179.60997833212957,0.6197008233272265
179.6299794433024,0.6196884495852536
179.64998055447526,0.6196762612231074
179.6699816656481,0.6196642582467289
179.68998277682093,0.619652440661969
179.7099838879938,0.6196408084745881
179.72998499916662,0.6196293616902562
179.74998611033948,0.6196181003145527
179.7699872215123,0.6196070243529672
179.78998833268517,0.6195961338108984
179.809989443858,0.6195854286936548
179.82999055503083,0.6195749090064546
179.8499916662037,0.6195645747544256
179.86999277737652,0.6195544259426051
179.88999388854938,0.61954446257594
179.90999499972222,0.6195346846592868
179.92999611089505,0.6195250921974119
179.9499972220679,0.6195156851949908
179.96999833324074,0.619506463656609
179.9899994444136,0.6194974275867615
180.01000055558643,0.6194885769898529
180.03000166675926,0.6194799118701972
180.05000277793212,0.6194714322320183
180.07000388910495,0.6194631380794493
180.0900050002778,0.6194550294165333
180.11000611145064,0.6194471062472229
180.13000722262348,0.6194393685753798
180.15000833379634,0.6194318164047762
180.17000944496917,0.6194244497390929
180.19001055614203,0.6194172685819209
180.21001166731486,0.6194102729367608
180.2300127784877,0.6194034628070221
180.25001388966055,0.6193968381960246
180.27001500083338,0.6193903991069976
180.29001611200624,0.6193841455430795
180.31001722317907,0.6193780775073185
180.3300183343519,0.6193721950026728
180.35001944552477,0.6193664980320095
180.3700205566976,0.6193609865981056
180.39002166787046,0.6193556607036474
180.4100227790433,0.6193505203512313
180.43002389021612,0.6193455655433628
180.45002500138898,0.6193407962824571
180.4700261125618,0.6193362125708388
180.49002722373467,0.6193318144107423
180.5100283349075,0.6193276018043115
180.53002944608033,0.6193235747535997
180.5500305572532,0.6193197332605698
180.57003166842603,0.6193160773270945
180.59003277959889,0.6193126069549557
180.61003389077172,0.6193093221458452
180.63003500194455,0.619306222901364
180.6500361131174,0.6193033092230227
180.67003722429024,0.6193005811122416
180.6900383354631,0.6192980385703507
180.71003944663593,0.6192956815985892
180.73004055780876,0.619293510198106
180.75004166898162,0.6192915243699595
180.77004278015445,0.6192897241151176
180.79004389132731,0.619288109434458
180.81004500250015,0.6192866803287678
180.83004611367298,0.6192854367987433
180.85004722484584,0.6192843788449909
180.87004833601867,0.6192835064680262
180.89004944719153,0.6192828196682745
180.91005055836436,0.6192823184460705
180.9300516695372,0.6192820028016586
180.95005278071005,0.6192818727351926
180.97005389188288,0.6192819282467359
180.99005500305574,0.6192821693362616
181.01005611422858,0.6192825960036519
181.0300572254014,0.6192832082486989
181.05005833657427,0.6192840060711042
181.0700594477471,0.619284989470479
181.09006055891996,0.6192861584463439
181.1100616700928,0.6192875129981291
181.13006278126562,0.6192890531251742
181.15006389243848,0.6192907788267288
181.1700650036113,0.6192926901019513
181.19006611478417,0.6192947869499104
181.210067225957,0.6192970693695838
181.23006833712984,0.6192995373598591
181.2500694483027,0.6193021909195332
181.27007055947553,0.6193050300473126
181.2900716706484,0.6193080547418136
181.31007278182122,0.6193112650015616
181.33007389299405,0.619314660824992
181.3500750041669,0.6193182422104493
181.37007611533974,0.619322009156188
181.3900772265126,0.6193259616603717
181.41007833768543,0.619330099721074
181.43007944885827,0.6193344233362776
181.45008056003113,0.6193389325038754
181.47008167120396,0.619343627221669
181.49008278237682,0.6193485074873704
181.51008389354965,0.6193535732986003
181.53008500472248,0.6193588246528897
181.55008611589534,0.6193642615476789
181.57008722706817,0.6193698839803174
181.59008833824103,0.6193756919480651
181.61008944941386,0.6193816854480906
181.6300905605867,0.6193878644774725
181.65009167175955,0.6193942290331989
181.6700927829324,0.6194007791121674
181.69009389410525,0.6194075147111853
181.71009500527808,0.6194144358269693
181.7300961164509,0.6194215424561458
181.75009722762377,0.6194288345952506
181.7700983387966,0.6194363122407294
181.79009944996946,0.6194439753889374
181.8101005611423,0.6194518240361389
181.83010167231512,0.6194598581785082
181.85010278348798,0.6194680778121293
181.87010389466082,0.6194764829329955
181.89010500583368,0.61948507353701
181.9101061170065,0.6194938496199851
181.93010722817934,0.619502811177643
181.9501083393522,0.6195119582056157
181.97010945052503,0.6195212906994443
181.9901105616979,0.6195308086545798
182.01011167287072,0.6195405120663828
182.03011278404355,0.6195504009301234
182.0501138952164,0.6195604752409816
182.07011500638924,0.6195707349940462
182.0901161175621,0.6195811801843167
182.11011722873494,0.6195918108067016
182.13011833990777,0.6196026268560187
182.15011945108063,0.6196136283269964
182.17012056225346,0.6196248152142716
182.19012167342632,0.6196361875123916
182.21012278459915,0.6196477452158129
182.23012389577198,0.6196594883189019
182.25012500694484,0.6196714168159347
182.27012611811767,0.6196835307010964
182.29012722929053,0.6196958299684827
182.31012834046336,0.6197083146120981
182.3301294516362,0.6197209846258569
182.35013056280906,0.6197338400035837
182.3701316739819,0.6197468807390119
182.39013278515475,0.619760106825785
182.41013389632758,0.6197735182574559
182.4301350075004,0.6197871150274874
182.45013611867327,0.6198008971292521
182.4701372298461,0.6198148645560317
182.49013834101896,0.619829017301018
182.5101394521918,0.6198433553573124
182.53014056336463,0.6198578787179259
182.55014167453749,0.6198725873757791
182.57014278571032,0.6198874813237026
182.59014389688318,0.6199025605544364
182.610145008056,0.61991782506063
182.63014611922884,0.6199332748348431
182.6501472304017,0.6199489098695448
182.67014834157453,0.6199647301571138
182.6901494527474,0.6199807356898388
182.71015056392022,0.6199969264599179
182.73015167509305,0.6200133024594592
182.75015278626591,0.6200298636804802
182.77015389743875,0.6200466101149082
182.7901550086116,0.6200635417545804
182.81015611978444,0.6200806585912436
182.83015723095727,0.6200979606165544
182.85015834213013,0.620115447822079
182.87015945330296,0.6201331201992933
182.89016056447582,0.6201509777395833
182.91016167564865,0.620169020434244
182.93016278682148,0.6201872482744812
182.95016389799434,0.6202056612514096
182.97016500916718,0.6202242593560541
182.99016612034004,0.6202430425793488
183.01016723151287,0.6202620109121384
183.0301683426857,0.6202811643451769
183.05016945385856,0.6203005028691277
183.0701705650314,0.620320026474565
183.09017167620425,0.6203397351519717
183.11017278737708,0.6203596288917412
183.1301738985499,0.6203797076841764
183.15017500972277,0.6203999715194899
183.1701761208956,0.6204204203878045
183.19017723206846,0.6204410542791525
183.2101783432413,0.620461873183476
183.23017945441413,0.620482877090627
183.250180565587,0.6205040659903673
183.27018167675982,0.6205254398723685
183.29018278793268,0.6205469987262122
183.3101838991055,0.6205687425413897
183.33018501027834,0.6205906713073022
183.3501861214512,0.6206127850132604
183.37018723262403,0.6206350836484855
183.3901883437969,0.6206575672021081
183.41018945496972,0.6206802356631687
183.43019056614256,0.6207030890206175
183.45019167731542,0.6207261272633154
183.47019278848825,0.6207493503800322
183.4901938996611,0.6207727583594481
183.51019501083394,0.620796351190153
183.53019612200677,0.6208201288606467
183.55019723317963,0.6208440913593392
183.57019834435246,0.6208682386745499
183.59019945552532,0.6208925707945085
183.61020056669815,0.6209170877073545
183.63020167787099,0.6209417894011375
183.65020278904385,0.6209666758638166
183.67020390021668,0.6209917470832611
183.69020501138954,0.6210170030472504
183.71020612256237,0.6210424437434736
183.7302072337352,0.6210680691595298
183.75020834490806,0.6210938792829281
183.7702094560809,0.6211198741010877
183.79021056725375,0.6211460536013376
183.81021167842658,0.6211724177709166
183.83021278959941,0.6211989665969739
183.85021390077227,0.6212257000665684
183.8702150119451,0.6212526181666691
183.89021612311797,0.621279720884155
183.9102172342908,0.6213070082058151
183.93021834546363,0.6213344801183484
183.9502194566365,0.6213621366083639
183.97022056780932,0.6213899776623808
183.99022167898218,0.6214180032668281
184.010222790155,0.6214462134080447
184.03022390132784,0.6214746080722804
184.0502250125007,0.621503187245694
184.07022612367354,0.6215319509143548
184.0902272348464,0.6215608990642423
184.11022834601923,0.6215900316812459
184.13022945719206,0.6216193487511652
184.15023056836492,0.62164885025971
184.17023167953775,0.6216785361924995
184.1902327907106,0.621708406535064
184.21023390188344,0.6217384612728434
184.23023501305627,0.6217687003911874
184.25023612422913,0.6217991238753566
184.27023723540196,0.6218297317105212
184.29023834657482,0.6218605238817616
184.31023945774766,0.6218915003740684
184.3302405689205,0.6219226611723423
184.35024168009335,0.6219540062613944
184.37024279126618,0.6219855356259456
184.39024390243904,0.6220172492506272
184.41024501361187,0.6220491471199807
184.43024612478473,0.6220812292184577
184.45024723595756,0.6221134955304202
184.4702483471304,0.62214594604014
184.49024945830325,0.6221785807317994
184.51025056947609,0.622211399589491
184.53025168064895,0.6222444025972175
184.55025279182178,0.6222775897388917
184.5702539029946,0.6223109609983369
184.59025501416747,0.6223445163592867
184.6102561253403,0.6223782558053844
184.63025723651316,0.6224121793201844
184.650258347686,0.6224462868871506
184.67025945885882,0.6224805784896579
184.69026057003168,0.622515054110991
184.7102616812045,0.6225497137343448
184.73026279237737,0.622584557342825
184.7502639035502,0.6226195849194471
184.77026501472304,0.6226547964471376
184.7902661258959,0.6226901919087328
184.81026723706873,0.6227257712869791
184.8302683482416,0.6227615345645341
184.85026945941442,0.6227974817239648
184.87027057058725,0.6228336127477494
184.8902716817601,0.6228699276182761
184.91027279293294,0.6229064263178434
184.9302739041058,0.6229431088286603
184.95027501527863,0.6229799751328462
184.97027612645147,0.623017025212431
184.99027723762433,0.6230542590493549
185.01027834879716,0.6230916766254684
185.03027945997002,0.6231292779225328
185.05028057114285,0.6231670629222196
185.07028168231568,0.6232050316061108
185.09028279348854,0.6232431839556989
185.11028390466137,0.6232815199523868
185.13028501583423,0.6233200395774879
185.15028612700706,0.6233587428122263
185.1702872381799,0.6233976296377359
185.19028834935276,0.6234367000350622
185.2102894605256,0.6234759539851605
185.23029057169845,0.6235153914688967
185.25029168287128,0.6235550124670473
185.2702927940441,0.6235948169602994
185.29029390521697,0.6236348049292506
185.3102950163898,0.623674976354409
185.33029612756266,0.6237153312161936
185.3502972387355,0.6237558694949334
185.37029834990832,0.6237965911708687
185.39029946108118,0.6238374962241499
185.41030057225402,0.623878584634838
185.43030168342688,0.6239198563829051
185.4503027945997,0.6239613114482333
185.47030390577254,0.6240029498106158
185.4903050169454,0.6240447714497563
185.51030612811823,0.6240867763452693
185.5303072392911,0.6241289644766796
185.55030835046392,0.6241713358234231
185.57030946163675,0.6242138903648462
185.5903105728096,0.6242566280802061
185.61031168398245,0.6242995489486705
185.6303127951553,0.624342652949318
185.65031390632814,0.624385940061138
185.67031501750097,0.6244294102630303
185.69031612867383,0.624473063533806
185.71031723984666,0.6245168998521866
185.73031835101952,0.6245609191968045
185.75031946219235,0.6246051215462023
185.77032057336518,0.6246495068788345
185.79032168453804,0.6246940751730656
185.81032279571087,0.6247388264071712
185.83032390688373,0.6247837605593377
185.85032501805657,0.6248288776076623
185.8703261292294,0.6248741775301527
185.89032724040226,0.6249196603047285
185.9103283515751,0.6249653259092187
185.93032946274795,0.6250111743213647
185.95033057392078,0.6250572055188175
185.9703316850936,0.6251034194791398
185.99033279626647,0.6251498161798053
186.0103339074393,0.6251963955981976
186.03033501861216,0.6252431577116124
186.050336129785,0.6252901024972557
186.07033724095783,0.6253372299322448
186.0903383521307,0.6253845399936079
186.11033946330352,0.6254320326582836
186.13034057447638,0.6254797079031226
186.1503416856492,0.6255275657048854
186.17034279682204,0.6255756060402444
186.1903439079949,0.6256238288857829
186.21034501916773,0.6256722342179947
186.2303461303406,0.6257208220132853
186.25034724151342,0.6257695922479706
186.27034835268626,0.6258185448982783
186.29034946385912,0.6258676799403466
186.31035057503195,0.6259169973502252
186.3303516862048,0.6259664971038746
186.35035279737764,0.6260161791771666
186.37035390855047,0.626066043545884
186.39035501972333,0.626116090185721
186.41035613089616,0.6261663190722824
186.43035724206902,0.6262167301810848
186.45035835324185,0.6262673234875558
186.47035946441468,0.6263180989670337
186.49036057558754,0.6263690565947688
186.51036168676038,0.626420196345922
186.53036279793324,0.6264715181955658
186.55036390910607,0.6265230221186836
186.5703650202789,0.6265747080901702
186.59036613145176,0.626626576084832
186.6103672426246,0.626678626077386
186.63036835379745,0.6267308580424611
186.65036946497028,0.626783271954597
186.6703705761431,0.6268358677882451
186.69037168731597,0.6268886455177681
186.7103727984888,0.6269416051174397
186.73037390966167,0.6269947465614454
186.7503750208345,0.6270480698238815
186.77037613200733,0.6271015748787563
186.7903772431802,0.627155261699989
186.81037835435302,0.6272091302614105
186.83037946552588,0.627263180536763
186.8503805766987,0.6273174124997001
186.87038168787154,0.6273718261237866
186.8903827990444,0.6274264213824996
186.91038391021723,0.6274811982492265
186.9303850213901,0.6275361566972673
186.95038613256293,0.6275912966998323
186.97038724373576,0.6276466182300444
186.99038835490862,0.6277021212609375
187.01038946608145,0.6277578057654569
187.0303905772543,0.6278136717164602
187.05039168842714,0.6278697190867151
187.07039279959997,0.6279259478489023
187.09039391077283,0.6279823579756136
187.11039502194566,0.6280389494393521
187.13039613311852,0.628095722212533
187.15039724429136,0.6281526762674825
187.1703983554642,0.628209811576439
187.19039946663705,0.6282671281115524
187.21040057780988,0.6283246258448841
187.23040168898274,0.6283823047484076
187.25040280015557,0.6284401647940072
187.2704039113284,0.62849820595348
187.29040502250126,0.6285564281985342
187.3104061336741,0.6286148315007896
187.33040724484695,0.6286734158317782
187.35040835601978,0.6287321811629434
187.37040946719262,0.6287911274656406
187.39041057836548,0.628850254711137
187.4104116895383,0.6289095628706112
187.43041280071117,0.6289690519151541
187.450413911884,0.6290287218157682
187.47041502305683,0.6290885725433678
187.4904161342297,0.6291486040687795
187.51041724540252,0.629208816362741
187.53041835657538,0.6292692093959025
187.5504194677482,0.6293297831388257
187.57042057892104,0.6293905375619846
187.5904216900939,0.6294514726357651
187.61042280126674,0.6295125883304644
187.6304239124396,0.6295738846162927
187.65042502361243,0.6296353614633712
187.67042613478526,0.6296970188417337
187.69042724595812,0.6297588567213258
187.71042835713095,0.629820875072005
187.7304294683038,0.629883073863541
187.75043057947664,0.6299454530656157
187.77043169064947,0.6300080126478225
187.79043280182233,0.6300707525796674
187.81043391299517,0.6301336728305683
187.83043502416803,0.6301967733698554
187.85043613534086,0.6302600541667706
187.8704372465137,0.6303235151904683
187.89043835768655,0.6303871564100149
187.91043946885938,0.630450977794389
187.93044058003224,0.6305149793124813
187.95044169120507,0.6305791609330951
187.9704428023779,0.6306435226249452
187.99044391355076,0.6307080643566592
188.0104450247236,0.6307727860967766
188.03044613589645,0.6308376878137494
188.0504472470693,0.6309027694759417
188.07044835824212,0.6309680310516301
188.09044946941498,0.6310334725090034
188.1104505805878,0.6310990938161626
188.13045169176067,0.631164894941121
188.1504528029335,0.6312308758518046
188.17045391410633,0.6312970365160513
188.1904550252792,0.6313633769016118
188.21045613645202,0.6314298969761488
188.23045724762488,0.6314965967072379
188.25045835879772,0.6315634760623666
188.27045946997055,0.6316305350089352
188.2904605811434,0.6316977735142564
188.31046169231624,0.6317651915455552
188.3304628034891,0.6318327890699695
188.35046391466193,0.6319005660545489
188.37046502583476,0.6319685224662566
188.39046613700762,0.6320366582719674
188.41046724818045,0.6321049734384694
188.4304683593533,0.6321734679324627
188.45046947052614,0.6322421417205599
188.47047058169898,0.6323109947692871
188.49047169287184,0.6323800270450821
188.51047280404467,0.6324492385142958
188.53047391521753,0.6325186291431917
188.55047502639036,0.6325881988979454
188.5704761375632,0.6326579477446463
188.59047724873605,0.6327278756492956
188.61047835990888,0.6327979825778074
188.63047947108174,0.632868268496009
188.65048058225457,0.6329387333696395
188.6704816934274,0.6330093771643519
188.69048280460026,0.6330801998457112
188.7104839157731,0.6331512013791954
188.73048502694596,0.6332223817301956
188.7504861381188,0.6332937408640154
188.77048724929162,0.6333652787458712
188.79048836046448,0.6334369953408928
188.8104894716373,0.6335088906141222
188.83049058281017,0.6335809645305146
188.850491693983,0.6336532170549383
188.87049280515583,0.6337256481521744
188.8904939163287,0.6337982577869169
188.91049502750153,0.6338710459237726
188.93049613867439,0.633944012527262
188.95049724984722,0.6340171575618176
188.97049836102008,0.6340904809917858
188.9904994721929,0.6341639827814254
189.01050058336574,0.6342376628949087
189.0305016945386,0.6343115212963208
189.05050280571143,0.6343855579496602
189.0705039168843,0.6344597728188384
189.09050502805712,0.6345341658676795
189.11050613922995,0.6346087370599215
189.13050725040281,0.6346834863592153
189.15050836157565,0.6347584137291249
189.1705094727485,0.6348335191331276
189.19051058392134,0.6349088025346138
189.21051169509417,0.6349842638968872
189.23051280626703,0.6350599031831647
189.25051391743986,0.6351357203565768
189.27051502861272,0.635211715380167
189.29051613978555,0.6352878882168916
189.31051725095838,0.6353642388296213
189.33051836213124,0.6354407671811395
189.35051947330408,0.635517473234143
189.37052058447694,0.6355943569512421
189.39052169564977,0.6356714182949603
189.4105228068226,0.6357486572277348
189.43052391799546,0.6358260737119161
189.4505250291683,0.635903667709768
189.47052614034115,0.6359814391834683
189.49052725151398,0.6360593880951074
189.5105283626868,0.6361375144066901
189.53052947385967,0.6362158180801343
189.5505305850325,0.6362942990772713
189.57053169620536,0.6363729573598466
189.5905328073782,0.6364517928895183
189.61053391855103,0.6365308056278589
189.6305350297239,0.6366099955363544
189.65053614089672,0.6366893625764043
189.67053725206958,0.6367689067093215
189.6905383632424,0.636848627896333
189.71053947441524,0.6369285260985793
189.7305405855881,0.6370086012771149
189.75054169676093,0.6370888533929074
189.7705428079338,0.637169282406839
189.79054391910663,0.6372498882797049
189.81054503027946,0.6373306709722142
189.83054614145232,0.6374116304449906
189.85054725262515,0.6374927666585708
189.870548363798,0.6375740795734055
189.89054947497084,0.6376555691498593
189.91055058614367,0.6377372353482109
189.93055169731653,0.637819078128653
189.95055280848936,0.6379010974512915
189.97055391966222,0.6379832932761471
189.99055503083505,0.638065665563154
190.01055614200789,0.6381482142721604
190.03055725318075,0.6382309393629286
190.05055836435358,0.6383138407951351
190.07055947552644,0.6383969185283701
190.09056058669927,0.6384801725221381
190.1105616978721,0.6385636027358573
190.13056280904496,0.6386472091288609
190.1505639202178,0.6387309916603952
190.17056503139065,0.6388149502896212
190.19056614256348,0.6388990849756138
190.21056725373631,0.6389833956773623
190.23056836490917,0.6390678823537703
190.250569476082,0.6391525449636553
190.27057058725487,0.6392373834657492
190.2905716984277,0.6393223978186982
190.31057280960053,0.6394075879810623
190.3305739207734,0.639492953911317
190.35057503194622,0.6395784955678508
190.37057614311908,0.6396642129089674
190.3905772542919,0.6397501058928843
190.41057836546474,0.6398361744777337
190.4305794766376,0.6399224186215624
190.45058058781044,0.6400088382823312
190.4705816989833,0.6400954334179156
190.49058281015613,0.6401822039861054
190.51058392132896,0.6402691499446049
190.53058503250182,0.6403562712510333
190.55058614367465,0.6404435678629237
190.5705872548475,0.6405310397377244
190.59058836602034,0.6406186868327975
190.61058947719317,0.6407065091054205
190.63059058836603,0.6407945065127849
190.65059169953886,0.640882679011997
190.67059281071172,0.6409710265600783
190.69059392188456,0.6410595491139639
190.7105950330574,0.6411482466305045
190.73059614423025,0.6412371190664652
190.75059725540308,0.6413261663785257
190.77059836657594,0.6414153885232808
190.79059947774877,0.6415047854572398
190.8106005889216,0.6415943571368268
190.83060170009446,0.6416841035183809
190.8506028112673,0.6417740245581558
190.87060392244015,0.6418641202123203
190.89060503361299,0.641954390436958
190.91060614478582,0.6420448351880674
190.93060725595868,0.6421354544215623
190.9506083671315,0.6422262480932703
190.97060947830437,0.6423172161589352
190.9906105894772,0.6424083585742153
191.01061170065003,0.642499675294684
191.0306128118229,0.6425911662758297
191.05061392299572,0.6426828314730557
191.07061503416858,0.6427746708416807
191.09061614534141,0.6428666843369382
191.11061725651425,0.6429588719139769
191.1306183676871,0.6430512335278611
191.15061947885994,0.6431437691335695
191.1706205900328,0.6432364786859965
191.19062170120563,0.6433293621399514
191.21062281237846,0.6434224194501591
191.23062392355132,0.6435156505712596
191.25062503472415,0.6436090554578079
191.270626145897,0.6437026340642746
191.29062725706984,0.6437963863450458
191.31062836824267,0.6438903122544222
191.33062947941553,0.6439844117466209
191.35063059058837,0.6440786847757736
191.37063170176123,0.6441731312959277
191.39063281293406,0.644267751261046
191.4106339241069,0.6443625446250065
191.43063503527975,0.6444575113416036
191.45063614645258,0.6445526513645458
191.47063725762544,0.6446479646474583
191.49063836879827,0.6447434511438812
191.5106394799711,0.6448391108072704
191.53064059114396,0.6449349435909975
191.5506417023168,0.6450309494483495
191.57064281348966,0.645127128332529
191.5906439246625,0.6452234801966545
191.61064503583532,0.64532000499376
191.63064614700818,0.6454167026767953
191.650647258181,0.6455135731986258
191.67064836935387,0.6456106165120329
191.6906494805267,0.6457078325697134
191.71065059169953,0.6458052213242802
191.7306517028724,0.645902782728262
191.75065281404522,0.6460005167341032
191.77065392521808,0.6460984232941642
191.79065503639092,0.6461965023607211
191.81065614756375,0.6462947538859662
191.8306572587366,0.6463931778220076
191.85065836990944,0.6464917741208691
191.8706594810823,0.6465905427344911
191.89066059225513,0.6466894836147292
191.91066170342796,0.6467885967133556
191.93066281460082,0.6468878819820587
191.95066392577365,0.6469873393724422
191.9706650369465,0.6470869688360268
191.99066614811935,0.6471867703242487
192.01066725929218,0.6472867437884606
192.03066837046504,0.6473868891799311
192.05066948163787,0.6474872064498451
192.07067059281073,0.6475876955493041
192.09067170398356,0.647688356429325
192.1106728151564,0.6477891890408417
192.13067392632925,0.6478901933347043
192.15067503750208,0.6479913692616788
192.17067614867494,0.648092716772448
192.19067725984777,0.6481942358176106
192.2106783710206,0.6482959263476822
192.23067948219347,0.6483977883130945
192.2506805933663,0.6484998216641955
192.27068170453916,0.6486020263512503
192.290682815712,0.6487044023244396
192.31068392688482,0.6488069495338613
192.33068503805768,0.6489096679295295
192.3506861492305,0.6490125574613749
192.37068726040337,0.649115618079245
192.3906883715762,0.6492188497329034
192.41068948274904,0.649322252372031
192.4306905939219,0.6494258259462249
192.45069170509473,0.6495295704049988
192.4706928162676,0.6496334856977837
192.49069392744042,0.6497375717739264
192.51069503861325,0.6498418285826912
192.5306961497861,0.6499462560732594
192.55069726095894,0.650050854194728
192.5706983721318,0.6501556228961117
192.59069948330463,0.6502605621263418
192.61070059447746,0.6503656718342665
192.63070170565032,0.6504709519686512
192.65070281682316,0.6505764024781776
192.67070392799602,0.650682023311445
192.69070503916885,0.6507878144169689
192.71070615034168,0.6508937757431826
192.73070726151454,0.6509999072384363
192.75070837268737,0.6511062088509965
192.77070948386023,0.6512126805290478
192.79071059503306,0.6513193222206912
192.8107117062059,0.6514261338739451
192.83071281737875,0.6515331154367452
192.85071392855158,0.6516402668569439
192.87071503972444,0.6517475880823111
192.89071615089728,0.6518550790605342
192.9107172620701,0.6519627397392174
192.93071837324297,0.6520705700658824
192.9507194844158,0.6521785699879681
192.97072059558866,0.652286739452831
192.9907217067615,0.6523950784077444
193.01072281793432,0.6525035867998996
193.03072392910718,0.6526122645764052
193.05072504028,0.6527211116842868
193.07072615145287,0.6528301280704878
193.0907272626257,0.6529393136818691
193.11072837379854,0.653048668465209
193.1307294849714,0.6531581923672035
193.15073059614423,0.6532678853344659
193.1707317073171,0.6533777473135275
193.19073281848992,0.6534877782508365
193.21073392966275,0.6535979780927594
193.2307350408356,0.6537083467855804
193.25073615200844,0.6538188842755008
193.2707372631813,0.6539295905086404
193.29073837435413,0.654040465431036
193.31073948552697,0.6541515089886425
193.33074059669983,0.6542627211273329
193.35074170787266,0.6543741017928973
193.37074281904552,0.6544856509310446
193.39074393021835,0.6545973684874005
193.41074504139118,0.6547092544075095
193.43074615256404,0.654821308636834
193.45074726373687,0.6549335311207534
193.47074837490973,0.6550459218045663
193.49074948608256,0.6551584806334882
193.51075059725542,0.6552712075526539
193.53075170842826,0.6553841025071149
193.5507528196011,0.6554971654418418
193.57075393077395,0.6556103963017229
193.59075504194678,0.6557237950315647
193.61075615311964,0.6558373615760922
193.63075726429247,0.6559510958799477
193.6507583754653,0.6560649978876928
193.67075948663816,0.6561790675438068
193.690760597811,0.6562933047926872
193.71076170898385,0.6564077095786501
193.73076282015668,0.6565222818459298
193.75076393132952,0.6566370215386788
193.77076504250238,0.6567519286009683
193.7907661536752,0.6568670029767878
193.81076726484807,0.6569822446100453
193.8307683760209,0.6570976534445668
193.85076948719373,0.6572132294240975
193.8707705983666,0.6573289724923008
193.89077170953942,0.6574448825927586
193.91077282071228,0.6575609596689713
193.9307739318851,0.6576772036643583
193.95077504305794,0.6577936145222574
193.9707761542308,0.657910192185925
193.99077726540364,0.658026936598536
194.0107783765765,0.6581438477031847
194.03077948774933,0.6582609254428833
194.05078059892216,0.6583781697605633
194.07078171009502,0.6584955805990753
194.09078282126785,0.6586131579011878
194.1107839324407,0.6587309016095892
194.13078504361354,0.6588488116668856
194.15078615478637,0.6589668880156031
194.17078726595923,0.6590851305981864
194.19078837713207,0.6592035393569988
194.21078948830493,0.6593221142343233
194.23079059947776,0.6594408551723612
194.2507917106506,0.6595597621132332
194.27079282182345,0.6596788349989792
194.29079393299628,0.6597980737715579
194.31079504416914,0.6599174783728475
194.33079615534197,0.660037048744645
194.3507972665148,0.6601567848286669
194.37079837768766,0.6602766865665489
194.3907994888605,0.6603967538998456
194.41080060003335,0.6605169867700316
194.4308017112062,0.6606373851184996
194.45080282237902,0.6607579488865629
194.47080393355188,0.6608786780154539
194.4908050447247,0.6609995724463233
194.51080615589757,0.661120632120243
194.5308072670704,0.6612418569782028
194.55080837824323,0.6613632469611128
194.5708094894161,0.6614848020098025
194.59081060058892,0.6616065220650209
194.61081171176178,0.6617284070674364
194.63081282293462,0.6618504569576371
194.65081393410745,0.6619726716761308
194.6708150452803,0.6620950511633451
194.69081615645314,0.6622175953596268
194.710817267626,0.6623403042052429
194.73081837879883,0.66246317764038
194.75081948997166,0.6625862156051441
194.77082060114452,0.662709418039562
194.79082171231735,0.6628327848835788
194.8108228234902,0.6629563160770608
194.83082393466304,0.6630800115597937
194.85082504583588,0.663203871271483
194.87082615700874,0.6633278951517545
194.89082726818157,0.6634520831401534
194.91082837935443,0.6635764351761455
194.93082949052726,0.6637009511991163
194.9508306017001,0.6638256311483715
194.97083171287295,0.663950474963137
194.99083282404578,0.6640754825825583
195.01083393521864,0.6642006539457019
195.03083504639147,0.6643259889915536
195.0508361575643,0.66445148765902
195.07083726873717,0.664577149886928
195.09083837991,0.6647029756140241
195.11083949108286,0.6648289647789762
195.1308406022557,0.6649551173203712
195.15084171342852,0.6650814331767172
195.17084282460138,0.6652079122864429
195.1908439357742,0.6653345545878968
195.21084504694707,0.6654613600193482
195.2308461581199,0.6655883285189867
195.25084726929273,0.6657154600249227
195.2708483804656,0.6658427544751868
195.29084949163843,0.6659702118077304
195.31085060281129,0.6660978319604256
195.33085171398412,0.6662256148710646
195.35085282515695,0.6663535604773608
195.3708539363298,0.6664816687169485
195.39085504750264,0.6666099395273818
195.4108561586755,0.6667383728461367
195.43085726984833,0.6668669686106088
195.45085838102116,0.6669957267581155
195.47085949219402,0.6671246472258945
195.49086060336685,0.6672537299511047
195.51086171453971,0.6673829748708257
195.53086282571255,0.6675123819220579
195.55086393688538,0.6676419510417231
195.57086504805824,0.6677716821666639
195.59086615923107,0.6679015752336437
195.61086727040393,0.6680316301793474
195.63086838157676,0.6681618469403805
195.6508694927496,0.6682922254532702
195.67087060392245,0.6684227656544641
195.69087171509528,0.6685534674803317
195.71087282626814,0.6686843308671637
195.73087393744098,0.6688153557511713
195.7508750486138,0.6689465420684876
195.77087615978667,0.669077889755167
195.7908772709595,0.669209398747185
195.81087838213236,0.6693410689804389
195.8308794933052,0.6694729003907465
195.85088060447802,0.669604892913848
195.87088171565088,0.6697370464854049
195.8908828268237,0.6698693610409996
195.91088393799657,0.6700018365161367
195.9308850491694,0.6701344728462418
195.95088616034224,0.6702672699666626
195.9708872715151,0.6704002278126684
195.99088838268793,0.6705333463194496
196.0108894938608,0.6706666254221189
196.03089060503362,0.6708000650557102
196.05089171620645,0.6709336651551795
196.0708928273793,0.671067425655405
196.09089393855214,0.6712013464911852
196.110895049725,0.6713354275972425
196.13089616089783,0.6714696689082194
196.15089727207067,0.6716040703586813
196.17089838324353,0.6717386318831154
196.19089949441636,0.6718733534159307
196.21090060558922,0.6720082348914582
196.23090171676205,0.672143276243951
196.25090282793488,0.6722784774075841
196.27090393910774,0.6724138383164553
196.29090505028057,0.6725493589045834
196.31090616145343,0.6726850391059107
196.33090727262626,0.6728208788543001
196.3509083837991,0.6729568780835381
196.37090949497195,0.6730930367273332
196.39091060614479,0.6732293547193153
196.41091171731765,0.6733658319930378
196.43091282849048,0.6735024684819757
196.4509139396633,0.6736392641195266
196.47091505083617,0.6737762188390108
196.490916162009,0.6739133325736706
196.51091727318186,0.6740506052566713
196.5309183843547,0.6741880368210998
196.55091949552752,0.6743256271999668
196.57092060670038,0.6744633763262049
196.59092171787321,0.6746012841326692
196.61092282904607,0.6747393505521376
196.6309239402189,0.6748775755173109
196.65092505139174,0.6750159589608122
196.6709261625646,0.675154500815188
196.69092727373743,0.6752932010129067
196.7109283849103,0.6754320594863608
196.73092949608312,0.6755710761678637
196.75093060725595,0.6757102509896535
196.7709317184288,0.6758495838838907
196.79093282960164,0.675989074782658
196.8109339407745,0.6761287236179625
196.83093505194734,0.6762685303217326
196.85093616312017,0.6764084948258211
196.87093727429303,0.6765486170620036
196.89093838546586,0.6766888969619782
196.91093949663872,0.676829334457367
196.93094060781155,0.6769699294797146
196.95094171898438,0.6771106819604891
196.97094283015724,0.677251591831082
196.99094394133007,0.6773926590228075
197.01094505250293,0.6775338834669042
197.03094616367576,0.6776752650945328
197.0509472748486,0.677816803836778
197.07094838602146,0.6779584996246482
197.0909494971943,0.6781003523890745
197.11095060836715,0.6782423620609124
197.13095171953998,0.67838452857094
197.1509528307128,0.6785268518498594
197.17095394188567,0.6786693318282966
197.1909550530585,0.6788119684368005
197.21095616423136,0.6789547616058442
197.2309572754042,0.6790977112658243
197.25095838657703,0.679240817347061
197.27095949774989,0.6793840797797988
197.29096060892272,0.679527498494205
197.31096172009558,0.6796710734203717
197.3309628312684,0.6798148044883142
197.35096394244124,0.6799586916279721
197.3709650536141,0.680102734769209
197.39096616478693,0.6802469338418116
197.4109672759598,0.6803912887754917
197.43096838713262,0.6805357994998842
197.45096949830545,0.6806804659445489
197.47097060947831,0.6808252880389694
197.49097172065115,0.6809702657125529
197.510972831824,0.6811153988946317
197.53097394299684,0.6812606875144611
197.55097505416967,0.6814061315012219
197.57097616534253,0.6815517307840187
197.59097727651536,0.6816974852918796
197.61097838768822,0.6818433949537583
197.63097949886105,0.6819894596985321
197.65098061003388,0.6821356794550029
197.67098172120674,0.6822820541518975
197.69098283237958,0.6824285837178659
197.71098394355243,0.6825752680814838
197.73098505472527,0.6827221071712513
197.7509861658981,0.6828691009155925
197.77098727707096,0.6830162492428569
197.7909883882438,0.6831635520813177
197.81098949941665,0.6833110093591739
197.83099061058948,0.6834586210045481
197.8509917217623,0.6836063869454885
197.87099283293517,0.6837543071099677
197.890993944108,0.683902381425883
197.91099505528086,0.6840506098210573
197.9309961664537,0.684198992223237
197.95099727762653,0.684347528560095
197.9709983887994,0.6844962187592283
197.99099949997222,0.6846450627481588
198.01100061114508,0.6847940604543342
198.0310017223179,0.6849432118051261
198.05100283349077,0.6850925167278323
198.0710039446636,0.685241975149675
198.09100505583643,0.6853915869978022
198.1110061670093,0.6855413521992868
198.13100727818212,0.6856912706811265
198.15100838935498,0.6858413423702454
198.17100950052782,0.6859915671934916
198.19101061170065,0.6861419450776396
198.2110117228735,0.6862924759493889
198.23101283404634,0.6864431597353644
198.2510139452192,0.6865939963621164
198.27101505639203,0.6867449857561208
198.29101616756486,0.6868961278437788
198.31101727873772,0.6870474225514184
198.33101838991055,0.6871988698052909
198.3510195010834,0.6873504695315753
198.37102061225625,0.6875022216563751
198.39102172342908,0.6876541261057202
198.41102283460194,0.6878061828055662
198.43102394577477,0.6879583916817937
198.45102505694763,0.6881107526602104
198.47102616812046,0.6882632656665486
198.4910272792933,0.6884159306264671
198.51102839046615,0.6885687474655511
198.53102950163898,0.6887217161093105
198.55103061281184,0.6888748364831827
198.57103172398467,0.6890281085125298
198.5910328351575,0.6891815321226408
198.61103394633037,0.6893351072387308
198.6310350575032,0.6894888337859404
198.65103616867606,0.6896427116893376
198.6710372798489,0.6897967408739147
198.69103839102172,0.689950921264592
198.71103950219458,0.6901052527862159
198.7310406133674,0.690259735363558
198.75104172454027,0.6904143689213177
198.7710428357131,0.6905691533841194
198.79104394688594,0.6907240886765151
198.8110450580588,0.6908791747229828
198.83104616923163,0.691034411447927
198.8510472804045,0.6911897987756788
198.87104839157732,0.6913453366304957
198.89104950275015,0.6915010249365622
198.911050613923,0.6916568636179894
198.93105172509584,0.6918128525988148
198.9510528362687,0.691968991803003
198.97105394744153,0.6921252811544449
198.99105505861436,0.6922817205769585
199.01105616978722,0.692438309994289
199.03105728096006,0.6925950493301078
199.05105839213292,0.692751938508014
199.07105950330575,0.6929089774515327
199.09106061447858,0.6930661660841166
199.11106172565144,0.6932235043291459
199.13106283682427,0.6933809921099265
199.15106394799713,0.6935386293496931
199.17106505916996,0.693696415971606
199.1910661703428,0.6938543518987537
199.21106728151565,0.6940124370541516
199.23106839268848,0.6941706713607422
199.25106950386134,0.6943290547413956
199.27107061503418,0.694487587118909
199.291071726207,0.6946462684160073
199.31107283737987,0.6948050985553422
199.3310739485527,0.6949640774594932
199.35107505972556,0.6951232050509677
199.3710761708984,0.6952824812521998
199.39107728207122,0.6954419059855519
199.41107839324408,0.6956014791733136
199.4310795044169,0.6957612007377021
199.45108061558977,0.6959210706008627
199.4710817267626,0.6960810886848676
199.49108283793544,0.6962412549117178
199.5110839491083,0.6964015692033414
199.53108506028113,0.6965620314815941
199.551086171454,0.6967226416682606
199.57108728262682,0.6968833996850519
199.59108839379965,0.6970443054536082
199.6110895049725,0.6972053588954978
199.63109061614534,0.6973665599322154
199.6510917273182,0.6975279084851858
199.67109283849103,0.69768940447576
199.69109394966387,0.6978510478252189
199.71109506083673,0.6980128384547705
199.73109617200956,0.6981747762855509
199.75109728318242,0.6983368612386254
199.77109839435525,0.6984990932349865
199.79109950552808,0.6986614721955556
199.81110061670094,0.6988239980411827
199.83110172787377,0.6989866706926453
199.85110283904663,0.6991494900706506
199.87110395021946,0.699312456095833
199.8911050613923,0.6994755686887562
199.91110617256516,0.6996388277699128
199.931107283738,0.6998022332597225
199.95110839491085,0.6999657850785352
199.97110950608368,0.7001294831466287
199.9911106172565,0.7002933273842098
200.01111172842937,0.700457317711414
200.0311128396022,0.7006214540483051
200.05111395077506,0.7007857363148768
200.0711150619479,0.7009501644310505
200.09111617312072,0.7011147383166771
200.11111728429358,0.7012794578915367
200.13111839546642,0.7014443230753376
200.15111950663928,0.7016093337877181
200.1711206178121,0.7017744899482445
200.19112172898494,0.7019397914764132
200.2111228401578,0.7021052382916491
200.23112395133063,0.7022708303133063
200.2511250625035,0.702436567460669
200.27112617367632,0.7026024496529489
200.29112728484915,0.7027684768092887
200.311128396022,0.7029346488487598
200.33112950719485,0.7031009656903626
200.3511306183677,0.7032674272530277
200.37113172954054,0.7034340334556144
200.39113284071337,0.7036007842169121
200.41113395188623,0.7037676794556393
200.43113506305906,0.7039347190904444
200.45113617423192,0.7041019030399052
200.47113728540475,0.704269231222529
200.49113839657758,0.7044367035567534
200.51113950775044,0.7046043199609452
200.53114061892327,0.7047720803534009
200.55114173009613,0.7049399846523476
200.57114284126897,0.705108032775941
200.5911439524418,0.7052762246422677
200.61114506361466,0.7054445601693441
200.6311461747875,0.705613039275116
200.65114728596035,0.7057816618774599
200.67114839713318,0.7059504278941819
200.691149508306,0.7061193372430186
200.71115061947887,0.7062883898416362
200.7311517306517,0.7064575856076314
200.75115284182456,0.7066269244585315
200.7711539529974,0.7067964063117929
200.79115506417023,0.7069660310848034
200.8111561753431,0.7071357986948811
200.83115728651592,0.7073057090592736
200.85115839768878,0.7074757620951597
200.8711595088616,0.7076459577196483
200.89116062003444,0.7078162958497789
200.9111617312073,0.7079867764025221
200.93116284238013,0.7081573992947775
200.951163953553,0.7083281644433771
200.97116506472582,0.7084990717650823
200.99116617589866,0.708670121176586
201.01116728707152,0.7088413125945117
201.03116839824435,0.7090126459354129
201.0511695094172,0.7091841211157752
201.07117062059004,0.709355738052014
201.09117173176287,0.7095274966604761
201.11117284293573,0.7096993968574392
201.13117395410856,0.7098714385591118
201.15117506528142,0.7100436216816337
201.17117617645425,0.7102159461410753
201.19117728762708,0.7103884118534388
201.21117839879994,0.7105610187346574
201.23117950997278,0.7107337667005943
201.25118062114564,0.7109066556670457
201.27118173231847,0.7110796855497379
201.2911828434913,0.7112528562643288
201.31118395466416,0.7114261677264082
201.331185065837,0.7115996198514962
201.35118617700985,0.7117732125550456
201.37118728818268,0.7119469457524393
201.3911883993555,0.712120819358993
201.41118951052837,0.7122948332899532
201.4311906217012,0.7124689874604981
201.45119173287407,0.712643281785738
201.4711928440469,0.7128177161807141
201.49119395521973,0.7129922905603998
201.5111950663926,0.7131670048397005
201.53119617756542,0.7133418589334528
201.55119728873828,0.7135168527564262
201.5711983999111,0.7136919862233202
201.59119951108394,0.713867259248768
201.6112006222568,0.7140426717473344
201.63120173342963,0.7142182236335154
201.6512028446025,0.7143939148217402
201.67120395577533,0.7145697452263691
201.69120506694816,0.7147457147616951
201.71120617812102,0.7149218233419437
201.73120728929385,0.7150980708812715
201.7512084004667,0.7152744572937685
201.77120951163954,0.7154509824934562
201.79121062281237,0.715627646394289
201.81121173398523,0.7158044489101536
201.83121284515806,0.7159813899548688
201.85121395633092,0.7161584694421868
201.87121506750375,0.7163356872857903
201.8912161786766,0.7165130433992968
201.91121728984945,0.7166905376962555
201.93121840102228,0.7168681700901478
201.95121951219514,0.7170459404943885
201.97122062336797,0.7172238488223247
201.9912217345408,0.7174018949872364
202.01122284571366,0.7175800789023368
202.0312239568865,0.7177584004807709
202.05122506805935,0.7179368596356179
202.07122617923218,0.7181154562798888
202.09122729040502,0.7182941903265284
202.11122840157788,0.7184730616884143
202.1312295127507,0.7186520702783568
202.15123062392357,0.7188312160090999
202.1712317350964,0.7190104987933201
202.19123284626923,0.7191899185436278
202.2112339574421,0.7193694751725661
202.23123506861492,0.7195491685926112
202.25123617978778,0.7197289987161737
202.2712372909606,0.7199089654555961
202.29123840213344,0.7200890687231556
202.3112395133063,0.7202693084310623
202.33124062447914,0.7204496844914593
202.351241735652,0.7206301968164244
202.37124284682483,0.7208108453179676
202.39124395799766,0.7209916299080336
202.41124506917052,0.7211725504985005
202.43124618034335,0.7213536070011799
202.4512472915162,0.7215347993278173
202.47124840268904,0.7217161273900916
202.49124951386187,0.7218975910996164
202.51125062503473,0.7220791903679387
202.53125173620757,0.7222609251065387
202.55125284738043,0.722442795226832
202.57125395855326,0.7226248006401668
202.59125506972612,0.7228069412578266
202.61125618089895,0.7229892169910279
202.63125729207178,0.7231716277509221
202.65125840324464,0.7233541734485949
202.67125951441747,0.7235368539950653
202.69126062559033,0.7237196693012875
202.71126173676316,0.7239026192781493
202.731262847936,0.7240857038364732
202.75126395910885,0.7242689228870166
202.7712650702817,0.7244522763404702
202.79126618145455,0.7246357641074604
202.81126729262738,0.7248193860985471
202.8312684038002,0.7250031422242256
202.85126951497307,0.7251870323949252
202.8712706261459,0.72537105652101
202.89127173731876,0.7255552145127793
202.9112728484916,0.7257395062804662
202.93127395966442,0.7259239317342395
202.95127507083728,0.7261084907842028
202.97127618201012,0.7262931833403936
202.99127729318297,0.7264780093127856
203.0112784043558,0.7266629686112862
203.03127951552864,0.7268480611457391
203.0512806267015,0.7270332868259222
203.07128173787433,0.7272186455615484
203.0912828490472,0.7274041372622667
203.11128396022002,0.72758976183766
203.13128507139285,0.7277755191972475
203.1512861825657,0.7279614092504835
203.17128729373854,0.7281474319067566
203.1912884049114,0.7283335870753922
203.21128951608424,0.7285198746656499
203.23129062725707,0.7287062945867258
203.25129173842993,0.7288928467477509
203.27129284960276,0.7290795310577916
203.29129396077562,0.7292663474258504
203.31129507194845,0.7294532957608649
203.33129618312128,0.7296403759717087
203.35129729429414,0.7298275879671914
203.37129840546697,0.7300149316560575
203.39129951663983,0.7302024069469881
203.41130062781266,0.7303900137485998
203.4313017389855,0.7305777519694451
203.45130285015836,0.7307656215180127
203.4713039613312,0.7309536223027271
203.49130507250405,0.7311417542319485
203.51130618367688,0.7313300172139736
203.5313072948497,0.7315184111570352
203.55130840602257,0.7317069359693023
203.5713095171954,0.7318955915588796
203.59131062836826,0.7320843778338089
203.6113117395411,0.7322732947020675
203.63131285071393,0.7324623420715695
203.65131396188679,0.7326515198501653
203.67131507305962,0.7328408279456418
203.69131618423248,0.7330302662657222
203.7113172954053,0.7332198347180661
203.73131840657814,0.7334095332102699
203.751319517751,0.733599361649867
203.77132062892383,0.7337893199443266
203.7913217400967,0.7339794080010557
203.81132285126952,0.7341696257273964
203.83132396244235,0.7343599730306292
203.85132507361521,0.7345504498179708
203.87132618478805,0.7347410559965746
203.8913272959609,0.7349317914735315
203.91132840713374,0.7351226561558686
203.93132951830657,0.7353136499505506
203.95133062947943,0.7355047727644792
203.97133174065226,0.7356960245044931
203.99133285182512,0.7358874050773683
204.01133396299795,0.7360789143898173
204.03133507417078,0.7362705523484908
204.05133618534364,0.7364623188599768
204.07133729651648,0.7366542138307994
204.09133840768934,0.736846237167422
204.11133951886217,0.7370383887762433
204.131340630035,0.737230668563601
204.15134174120786,0.7374230764357699
204.1713428523807,0.7376156122989621
204.19134396355355,0.7378082760593279
204.21134507472638,0.7380010676229545
204.2313461858992,0.7381939868958672
204.25134729707207,0.7383870337840296
204.2713484082449,0.7385802081933418
204.29134951941776,0.7387735100296431
204.3113506305906,0.7389669391987095
204.33135174176343,0.7391604956062559
204.3513528529363,0.7393541791579348
204.37135396410912,0.7395479897593362
204.39135507528198,0.7397419273159895
204.4113561864548,0.7399359917333606
204.43135729762764,0.7401301829168545
204.4513584088005,0.7403245007718151
204.47135951997333,0.7405189452035223
204.4913606311462,0.7407135161171969
204.51136174231902,0.7409082134179963
204.53136285349186,0.7411030370110168
204.55136396466472,0.7412979868012936
204.57136507583755,0.7414930626937994
204.5913661870104,0.7416882645934468
204.61136729818324,0.7418835924050854
204.63136840935607,0.7420790460335046
204.65136952052893,0.7422746253834323
204.67137063170176,0.7424703303595345
204.69137174287462,0.7426661608664167
204.71137285404745,0.7428621168086225
204.73137396522029,0.743058198090635
204.75137507639315,0.7432544046168764
204.77137618756598,0.7434507362917064
204.79137729873884,0.7436471930194255
204.81137840991167,0.7438437747042719
204.8313795210845,0.7440404812504235
204.85138063225736,0.7442373125619979
204.8713817434302,0.7444342685430505
204.89138285460305,0.7446313490975772
204.91138396577588,0.7448285541295122
204.93138507694871,0.7450258835427297
204.95138618812157,0.7452233372410433
204.9713872992944,0.7454209151282052
204.99138841046727,0.7456186171079083
205.0113895216401,0.7458164430837839
205.03139063281293,0.7460143929594032
205.0513917439858,0.7462124666382777
205.07139285515862,0.7464106640238575
205.09139396633148,0.7466089850195332
205.1113950775043,0.7468074295286343
205.13139618867714,0.747005997454431
205.15139729985,0.7472046887001329
205.17139841102284,0.7474035031688893
205.1913995221957,0.7476024407637901
205.21140063336853,0.7478015013878644
205.23140174454136,0.7480006849440817
205.25140285571422,0.7481999913353521
205.27140396688705,0.7483994204645243
205.2914050780599,0.7485989722343893
205.31140618923274,0.7487986465476764
205.33140730040557,0.748998443307056
205.35140841157843,0.7491983624151393
205.37140952275126,0.7493984037744766
205.39141063392412,0.7495985672875602
205.41141174509696,0.7497988528568212
205.4314128562698,0.7499992603846323
205.45141396744265,0.7501997897733066
205.47141507861548,0.7504004409250973
205.49141618978834,0.750601213742199
205.51141730096117,0.7508021081267462
205.531418412134,0.7510031239808147
205.55141952330686,0.7512042612064211
205.5714206344797,0.7514055197055225
205.59142174565255,0.7516068993800175
205.61142285682538,0.7518084001317442
205.63142396799822,0.7520100218624833
205.65142507917108,0.7522117644739559
205.6714261903439,0.7524136278678241
205.69142730151677,0.7526156119456917
205.7114284126896,0.7528177166091022
205.73142952386243,0.7530199417595418
205.7514306350353,0.753222287298438
205.77143174620812,0.753424753127158
205.79143285738098,0.7536273391470119
205.8114339685538,0.7538300452592509
205.83143507972665,0.7540328713650675
205.8514361908995,0.7542358173655962
205.87143730207234,0.7544388831619115
205.8914384132452,0.7546420686550314
205.91143952441803,0.7548453737459144
205.93144063559086,0.7550487983354613
205.95144174676372,0.7552523423245149
205.97144285793655,0.7554560056138582
205.9914439691094,0.7556597881042175
206.01144508028224,0.755863689696261
206.03144619145507,0.7560677102905984
206.05144730262793,0.7562718497877818
206.07144841380077,0.7564761080883042
206.09144952497363,0.7566804850926026
206.11145063614646,0.7568849807010538
206.1314517473193,0.7570895948139788
206.15145285849215,0.7572943273316399
206.17145396966498,0.7574991781542421
206.19145508083784,0.7577041471819328
206.21145619201067,0.7579092343148005
206.2314573031835,0.7581144394528777
206.25145841435636,0.7583197624961386
206.2714595255292,0.7585252033445005
206.29146063670206,0.7587307618978232
206.3114617478749,0.7589364380559076
206.33146285904772,0.7591422317184993
206.35146397022058,0.7593481427852857
206.3714650813934,0.7595541711558977
206.39146619256627,0.7597603167299073
206.4114673037391,0.759966579406831
206.43146841491193,0.7601729590861277
206.4514695260848,0.7603794556672
206.47147063725762,0.7605860690493914
206.49147174843048,0.7607927991319907
206.51147285960332,0.7609996458142286
206.53147397077615,0.7612066089952798
206.551475081949,0.761413688574262
206.57147619312184,0.7616208844502348
206.5914773042947,0.7618281965222029
206.61147841546753,0.7620356246891137
206.63147952664036,0.7622431688498579
206.65148063781322,0.7624508289032703
206.67148174898605,0.7626586047481276
206.6914828601589,0.7628664962831523
206.71148397133175,0.7630745034070081
206.73148508250458,0.7632826260183043
206.75148619367744,0.7634908640155931
206.77148730485027,0.7636992172973706
206.79148841602313,0.763907685762077
206.81148952719596,0.7641162693080953
206.8314906383688,0.7643249678337533
206.85149174954165,0.7645337812373227
206.87149286071448,0.7647427094170192
206.89149397188734,0.7649517522710028
206.91149508306017,0.7651609096973762
206.931496194233,0.7653701815941878
206.95149730540587,0.7655795678594297
206.9714984165787,0.7657890683910383
206.99149952775156,0.7659986830868948
207.0115006389244,0.7662084118448229
207.03150175009722,0.7664182545625928
207.05150286127008,0.7666282111379187
207.0715039724429,0.766838281468458
207.09150508361577,0.7670484654518139
207.1115061947886,0.7672587629855343
207.13150730596146,0.7674691739671116
207.1515084171343,0.7676796982939814
207.17150952830713,0.7678903358635263
207.19151063948,0.7681010865730723
207.21151175065282,0.7683119503198909
207.23151286182568,0.7685229270011986
207.2515139729985,0.7687340165141556
207.27151508417134,0.7689452187558684
207.2915161953442,0.7691565336233883
207.31151730651703,0.7693679610137114
207.3315184176899,0.7695795008237798
207.35151952886272,0.7697911529504788
207.37152064003556,0.7700029172906411
207.39152175120842,0.7702147937410442
207.41152286238125,0.7704267821984097
207.4315239735541,0.7706388825594057
207.45152508472694,0.7708510947206461
207.47152619589977,0.7710634185786893
207.49152730707263,0.7712758540300406
207.51152841824546,0.7714884009711488
207.53152952941832,0.7717010592984102
207.55153064059115,0.7719138289081661
207.57153175176398,0.7721267096967037
207.59153286293684,0.7723397015602566
207.61153397410968,0.7725528043950023
207.63153508528254,0.7727660180970664
207.65153619645537,0.7729793425625198
207.6715373076282,0.7731927776873783
207.69153841880106,0.7734063233676052
207.7115395299739,0.7736199794991092
207.73154064114675,0.7738337459777461
207.75154175231958,0.7740476226993159
207.7715428634924,0.7742616095595667
207.79154397466527,0.7744757064541923
207.8115450858381,0.7746899132788329
207.83154619701097,0.7749042299290755
207.8515473081838,0.7751186563004522
207.87154841935663,0.7753331922884432
207.8915495305295,0.7755478377884746
207.91155064170232,0.775762592695919
207.93155175287518,0.7759774569060964
207.951552864048,0.7761924303142722
207.97155397522084,0.7764075128156596
207.9915550863937,0.7766227043054188
208.01155619756653,0.7768380046786556
208.0315573087394,0.7770534138304239
208.05155841991223,0.7772689316557244
208.07155953108506,0.7774845580495044
208.09156064225792,0.7777002929066594
208.11156175343075,0.7779161361220299
208.1315628646036,0.7781320875904054
208.15156397577644,0.7783481472065221
208.17156508694927,0.7785643148650635
208.19156619812213,0.7787805904606608
208.21156730929496,0.7789969738878915
208.23156842046782,0.7792134650412812
208.25156953164065,0.7794300638153033
208.2715706428135,0.7796467701043786
208.29157175398635,0.7798635838028757
208.31157286515918,0.7800805048051095
208.33157397633204,0.7802975330053445
208.35157508750487,0.7805146682977913
208.3715761986777,0.7807319105766092
208.39157730985056,0.7809492597359055
208.4115784210234,0.7811667156697348
208.43157953219625,0.7813842782721007
208.45158064336908,0.7816019474369529
208.47158175454192,0.7818197230581908
208.49158286571478,0.7820376050296615
208.5115839768876,0.78225559324516
208.53158508806047,0.7824736875984306
208.5515861992333,0.7826918879831635
208.57158731040613,0.7829101942929992
208.591588421579,0.7831286064215264
208.61158953275182,0.7833471242622815
208.63159064392468,0.7835657477087503
208.6515917550975,0.7837844766543657
208.67159286627034,0.7840033109925103
208.6915939774432,0.7842222506165157
208.71159508861604,0.7844412954196606
208.7315961997889,0.7846604452951735
208.75159731096173,0.784879700136232
208.77159842213456,0.7850990598359618
208.79159953330742,0.7853185242874384
208.81160064448025,0.7855380933836845
208.8316017556531,0.7857577670176735
208.85160286682594,0.7859775450823272
208.87160397799877,0.7861974274705164
208.89160508917163,0.7864174140750619
208.91160620034447,0.786637504788732
208.93160731151733,0.786857699504246
208.95160842269016,0.7870779981142708
208.971609533863,0.7872984005114243
208.99161064503585,0.7875189065882731
209.01161175620868,0.7877395162373331
209.03161286738154,0.7879602293510704
209.05161397855437,0.7881810458218993
209.0716150897272,0.7884019655421849
209.09161620090006,0.7886229884042418
209.1116173120729,0.7888441143003342
209.13161842324575,0.7890653431226764
209.1516195344186,0.7892866747634312
209.17162064559142,0.7895081091147128
209.19162175676428,0.7897296460685848
209.2116228679371,0.7899512855170607
209.23162397910997,0.7901730273521049
209.2516250902828,0.7903948714656298
209.27162620145563,0.7906168177494999
209.2916273126285,0.7908388660955298
209.31162842380132,0.7910610163954827
209.33162953497418,0.7912832685410736
209.35163064614702,0.7915056224239677
209.37163175731985,0.7917280779357804
209.3916328684927,0.7919506349680778
209.41163397966554,0.7921732934123755
209.4316350908384,0.7923960531601406
209.45163620201123,0.7926189141027911
209.47163731318406,0.7928418761316948
209.49163842435692,0.7930649391381713
209.51163953552975,0.7932881030134894
209.5316406467026,0.7935113676488701
209.55164175787544,0.7937347329354847
209.57164286904828,0.7939581987644557
209.59164398022114,0.794181765026857
209.61164509139397,0.7944054316137119
209.63164620256683,0.7946291984159971
209.65164731373966,0.794853065324638
209.6716484249125,0.7950770322305131
209.69164953608535,0.7953010990244516
209.71165064725818,0.7955252655972337
209.73165175843104,0.795749531839592
209.75165286960387,0.7959738976422085
209.7716539807767,0.7961983628957183
209.79165509194956,0.796422927490708
209.8116562031224,0.7966475913177149
209.83165731429526,0.7968723542672294
209.8516584254681,0.7970972162296911
209.87165953664092,0.7973221770954936
209.89166064781378,0.7975472367549815
209.9116617589866,0.7977723950984512
209.93166287015947,0.7979976520161518
209.9516639813323,0.7982230073982823
209.97166509250513,0.7984484611349957
209.991666203678,0.7986740131163969
210.01166731485083,0.7988996632325412
210.03166842602369,0.799125411373438
210.05166953719652,0.7993512574290478
210.07167064836935,0.7995772012892841
210.0916717595422,0.7998032428440129
210.11167287071504,0.8000293819830508
210.1316739818879,0.8002556185961688
210.15167509306073,0.8004819525730895
210.17167620423356,0.8007083838034882
210.19167731540642,0.8009349121769935
210.21167842657925,0.8011615375831849
210.23167953775211,0.8013882599115965
210.25168064892495,0.8016150790517134
210.27168176009778,0.8018419948929749
210.29168287127064,0.8020690073247727
210.31168398244347,0.8022961162364514
210.33168509361633,0.8025233215173092
210.35168620478916,0.8027506230565955
210.371687315962,0.8029780207435147
210.39168842713485,0.8032055144672233
210.41168953830768,0.8034331041168317
210.43169064948054,0.8036607895814033
210.45169176065338,0.8038885707499538
210.4716928718262,0.8041164475114535
210.49169398299907,0.8043444197548258
210.5116950941719,0.8045724873689475
210.53169620534476,0.8048006502426492
210.5516973165176,0.8050289082647138
210.57169842769042,0.8052572613238793
210.59169953886328,0.8054857093088373
210.6117006500361,0.8057142521082316
210.63170176120897,0.8059428896106613
210.6517028723818,0.806171621704679
210.67170398355464,0.806400448278791
210.6917050947275,0.8066293692214582
210.71170620590033,0.8068583844210938
210.7317073170732,0.8070874937660667
210.75170842824602,0.8073166971446994
210.77170953941885,0.8075459944452685
210.7917106505917,0.8077753855560056
210.81171176176454,0.8080048703650944
210.8317128729374,0.8082344487606752
210.85171398411023,0.8084641206308417
210.87171509528307,0.8086938858636423
210.89171620645592,0.8089237443470803
210.91171731762876,0.8091536959691117
210.93171842880162,0.8093837406176498
210.95171953997445,0.80961387818056
210.97172065114728,0.809844108545664
210.99172176232014,0.810074431600738
211.01172287349297,0.8103048472335128
211.03172398466583,0.8105353553316748
211.05172509583866,0.8107659557828634
211.0717262070115,0.8109966484746748
211.09172731818435,0.8112274332946598
211.11172842935719,0.8114583101303242
211.13172954053005,0.8116892788691294
211.15173065170288,0.8119203393984905
211.1717317628757,0.8121514916057794
211.19173287404857,0.8123827353783233
211.2117339852214,0.8126140706034033
211.23173509639426,0.8128454971682573
211.2517362075671,0.8130770149600783
211.27173731873992,0.813308623866015
211.29173842991278,0.8135403237731719
211.31173954108561,0.8137721145686074
211.33174065225847,0.8140039961393379
211.3517417634313,0.8142359683723343
211.37174287460414,0.8144680311545236
211.391743985777,0.8147001843727893
211.41174509694983,0.8149324279139691
211.4317462081227,0.8151647616648582
211.45174731929552,0.8153971855122073
211.47174843046835,0.8156296993427234
211.4917495416412,0.8158623030430701
211.51175065281404,0.8160949964998653
211.5317517639869,0.8163277795996855
211.55175287515974,0.8165606522290616
211.57175398633257,0.8167936142744819
211.59175509750543,0.8170266656223912
211.61175620867826,0.8172598061591905
211.63175731985112,0.8174930357712376
211.65175843102395,0.8177263543448456
211.6717595421968,0.8179597617662859
211.69176065336964,0.8181932579217859
211.71176176454247,0.8184268426975295
211.73176287571533,0.8186605159796585
211.75176398688816,0.8188942776542696
211.77176509806102,0.8191281276074178
211.79176620923386,0.8193620657251153
211.8117673204067,0.8195960918933304
211.83176843157955,0.8198302059979896
211.85176954275238,0.8200644079249748
211.87177065392524,0.8202986975601274
211.89177176509807,0.8205330747892433
211.9117728762709,0.820767539498078
211.93177398744376,0.8210020915723435
211.9517750986166,0.8212367308977093
211.97177620978945,0.8214714573598029
211.99177732096229,0.8217062708442076
212.01177843213512,0.8219411712364659
212.03177954330798,0.8221761584220776
212.0517806544808,0.8224112322865
212.07178176565367,0.822646392715149
212.0917828768265,0.8228816395933962
212.11178398799933,0.823116972806573
212.1317850991722,0.8233523922399681
212.15178621034502,0.8235878977788282
212.17178732151788,0.8238234893083586
212.19178843269071,0.8240591667137208
212.21178954386355,0.8242949298800364
212.2317906550364,0.8245307786923852
212.25179176620924,0.8247667130358034
212.2717928773821,0.8250027327952871
212.29179398855493,0.8252388378557904
212.31179509972776,0.8254750281022261
212.33179621090062,0.8257113034194653
212.35179732207345,0.8259476636923364
212.3717984332463,0.8261841088056283
212.39179954441914,0.8264206386440875
212.41180065559197,0.8266572530924196
212.43180176676483,0.8268939520352891
212.45180287793767,0.8271307353573181
212.47180398911053,0.8273676029430894
212.49180510028336,0.8276045546771428
212.5118062114562,0.8278415904439784
212.53180732262905,0.8280787101280553
212.55180843380188,0.8283159136137914
212.57180954497474,0.8285532007855642
212.59181065614757,0.8287905715277086
212.6118117673204,0.8290280257245212
212.63181287849326,0.8292655632602565
212.6518139896661,0.8295031840191287
212.67181510083896,0.8297408878853123
212.6918162120118,0.8299786747429391
212.71181732318462,0.8302165444761024
212.73181843435748,0.8304544969688545
212.7518195455303,0.8306925321052074
212.77182065670317,0.8309306497691333
212.791821767876,0.8311688498445626
212.81182287904883,0.831407132215387
212.8318239902217,0.8316454967654583
212.85182510139452,0.8318839433785865
212.87182621256738,0.8321224719385432
212.89182732374022,0.8323610823290597
212.91182843491305,0.832599774433827
212.9318295460859,0.8328385481364975
212.95183065725874,0.8330774033206814
212.9718317684316,0.8333163398699514
212.99183287960443,0.8335553576678396
213.01183399077726,0.8337944565978388
213.03183510195012,0.8340336365434028
213.05183621312295,0.834272897387944
213.0718373242958,0.8345122390148372
213.09183843546865,0.8347516613074172
213.11183954664148,0.8349911641489796
213.13184065781434,0.835230747422781
213.15184176898717,0.8354704110120377
213.17184288016003,0.8357101547999284
213.19184399133286,0.835949978669591
213.2118451025057,0.8361898825041256
213.23184621367855,0.8364298661865931
213.25184732485138,0.8366699296000154
213.27184843602424,0.8369100726273762
213.29184954719707,0.8371502951516183
213.3118506583699,0.8373905970556479
213.33185176954277,0.8376309782223317
213.3518528807156,0.8378714385344979
213.37185399188846,0.8381119778749364
213.3918551030613,0.8383525961263972
213.41185621423412,0.8385932931715936
213.43185732540698,0.8388340688931994
213.4518584365798,0.8390749231738508
213.47185954775267,0.8393158558961455
213.4918606589255,0.8395568669426419
213.51186177009834,0.8397979561958614
213.5318628812712,0.8400391235382878
213.55186399244403,0.8402803688523648
213.5718651036169,0.8405216920204998
213.59186621478972,0.8407630929250617
213.61186732596255,0.8410045714483817
213.6318684371354,0.8412461274727536
213.65186954830824,0.8414877608804315
213.6718706594811,0.8417294715536339
213.69187177065393,0.8419712593745408
213.71187288182676,0.8422131242252946
213.73187399299962,0.8424550659880009
213.75187510417246,0.8426970845447259
213.77187621534532,0.8429391797775008
213.79187732651815,0.8431813515683169
213.81187843769098,0.8434235997991302
213.83187954886384,0.8436659243518587
213.85188066003667,0.8439083251083833
213.87188177120953,0.8441508019505481
213.89188288238236,0.8443933547601589
213.9118839935552,0.8446359834189854
213.93188510472805,0.8448786878087605
213.95188621590088,0.8451214678111798
213.97188732707374,0.8453643233079027
213.99188843824658,0.8456072541805499
214.0118895494194,0.8458502603107076
214.03189066059227,0.8460933415799242
214.0518917717651,0.8463364978697117
214.07189288293796,0.8465797290615462
214.0918939941108,0.8468230350368652
214.11189510528362,0.847066415677072
214.13189621645648,0.8473098708635329
214.1518973276293,0.8475534004775769
214.17189843880217,0.8477970044004977
214.191899549975,0.8480406825135525
214.21190066114784,0.8482844346979624
214.2319017723207,0.8485282608349131
214.25190288349353,0.8487721608055521
214.2719039946664,0.849016134490993
214.29190510583922,0.8492601817723128
214.31190621701205,0.8495043025305525
214.3319073281849,0.8497484966467181
214.35190843935774,0.8499927640017779
214.3719095505306,0.8502371044766662
214.39191066170343,0.8504815179522814
214.41191177287627,0.850726004309486
214.43191288404913,0.8509705634291077
214.45191399522196,0.8512151951919369
214.47191510639482,0.8514598994787309
214.49191621756765,0.8517046761702094
214.51191732874048,0.8519495251470588
214.53191843991334,0.852194446289929
214.55191955108617,0.8524394394794355
214.57192066225903,0.8526845045961587
214.59192177343186,0.8529296415206427
214.6119228846047,0.8531748501333976
214.63192399577756,0.8534201303148986
214.6519251069504,0.853665481945586
214.67192621812325,0.8539109049058656
214.69192732929608,0.8541563990761067
214.7119284404689,0.8544019643366457
214.73192955164177,0.8546476005677845
214.7519306628146,0.8548933076497884
214.77193177398746,0.8551390854628902
214.7919328851603,0.8553849338872872
214.81193399633312,0.8556308528031427
214.83193510750598,0.855876842090586
214.85193621867882,0.8561229016297105
214.87193732985168,0.856369031300577
214.8919384410245,0.8566152309832116
214.91193955219734,0.856861500557606
214.9319406633702,0.8571078399037191
214.95194177454303,0.8573542489014732
214.9719428857159,0.8576007274307589
214.99194399688872,0.8578472753714322
215.01194510806155,0.8580938926033153
215.0319462192344,0.8583405790061973
215.05194733040724,0.8585873344598315
215.0719484415801,0.8588341588439402
215.09194955275294,0.8590810520382096
215.11195066392577,0.8593280139222943
215.13195177509863,0.8595750443758146
215.15195288627146,0.8598221432783574
215.17195399744432,0.8600693105094771
215.19195510861715,0.8603165459486927
215.21195621978998,0.8605638494754919
215.23195733096284,0.8608112209693285
215.25195844213567,0.8610586603096233
215.27195955330853,0.8613061673757647
215.29196066448137,0.8615537420471059
215.3119617756542,0.8618013842029693
215.33196288682706,0.8620490937226437
215.3519639979999,0.8622968704853853
215.37196510917275,0.8625447143704176
215.39196622034558,0.8627926252569299
215.4119673315184,0.8630406030240808
215.43196844269127,0.863288647550996
215.4519695538641,0.863536758716767
215.47197066503696,0.8637849364004546
215.4919717762098,0.8640331804810866
215.51197288738263,0.8642814908376583
215.5319739985555,0.8645298673491335
215.55197510972832,0.8647783098944418
215.57197622090118,0.8650268183524825
215.591977332074,0.8652753926021222
215.61197844324684,0.8655240325221952
215.6319795544197,0.8657727379915048
215.65198066559253,0.8660215088888201
215.6719817767654,0.8662703450928803
215.69198288793822,0.8665192464823923
215.71198399911106,0.866768212936031
215.73198511028392,0.8670172443324404
215.75198622145675,0.867266340550231
215.7719873326296,0.8675155014679838
215.79198844380244,0.8677647269642462
215.81198955497527,0.8680140169175359
215.83199066614813,0.8682633712063385
215.85199177732096,0.8685127897091081
215.87199288849382,0.8687622723042685
215.89199399966665,0.8690118188702098
215.91199511083948,0.8692614292852936
215.93199622201234,0.869511103427849
215.95199733318518,0.8697608411761744
215.97199844435804,0.8700106424085376
215.99199955553087,0.870260507003174
216.0120006667037,0.8705104348382896
216.03200177787656,0.8707604257920597
216.0520028890494,0.871010479742627
216.07200400022225,0.8712605965681053
216.09200511139508,0.8715107761465771
216.1120062225679,0.8717610183560944
216.13200733374077,0.8720113230746793
216.1520084449136,0.8722616901803215
216.17200955608646,0.8725121195509821
216.1920106672593,0.8727626110645914
216.21201177843216,0.8730131645990499
216.232012889605,0.873263780032226
216.25201400077782,0.8735144572419599
216.27201511195068,0.873765196106061
216.2920162231235,0.8740159965023084
216.31201733429637,0.8742668583084525
216.3320184454692,0.8745177814022113
216.35201955664203,0.8747687656612748
216.3720206678149,0.8750198109633035
216.39202177898773,0.8752709171859261
216.41202289016059,0.8755220842067434
216.43202400133342,0.8757733119033262
216.45202511250625,0.8760246001532156
216.4720262236791,0.8762759488339236
216.49202733485194,0.8765273578229311
216.5120284460248,0.8767788269976915
216.53202955719763,0.8770303562356281
216.55203066837046,0.877281945414135
216.57203177954332,0.8775335944105775
216.59203289071615,0.8777853031022904
216.61203400188901,0.8780370713665808
216.63203511306185,0.8782888990807263
216.65203622423468,0.8785407861219753
216.67203733540754,0.8787927323675482
216.69203844658037,0.8790447376946346
216.71203955775323,0.879296801980398
216.73204066892606,0.87954892510197
216.7520417800989,0.8798011069364561
216.77204289127175,0.8800533473609321
216.79204400244458,0.8803056462524456
216.81204511361744,0.8805580034880159
216.83204622479028,0.8808104189446326
216.8520473359631,0.8810628924992582
216.87204844713597,0.8813154240288263
216.8920495583088,0.8815680134102428
216.91205066948166,0.8818206605203855
216.9320517806545,0.8820733652361022
216.95205289182732,0.8823261274342149
216.97205400300018,0.8825789469915164
216.992055114173,0.882831823784772
217.01205622534587,0.8830847576907195
217.0320573365187,0.8833377485860671
217.05205844769154,0.8835907963474969
217.0720595588644,0.8838439008516635
217.09206067003723,0.884097061975192
217.1120617812101,0.8843502795946814
217.13206289238292,0.884603553586703
217.15206400355575,0.8848568838278003
217.1720651147286,0.8851102701944902
217.19206622590144,0.8853637125632602
217.2120673370743,0.8856172108105725
217.23206844824713,0.8858707648128616
217.25206955941997,0.8861243744465344
217.27207067059283,0.8863780395879715
217.29207178176566,0.8866317601135247
217.31207289293852,0.8868855358995213
217.33207400411135,0.8871393668222589
217.35207511528418,0.8873932527580104
217.37207622645704,0.887647193583021
217.39207733762987,0.8879011891735095
217.41207844880273,0.8881552394056681
217.43207955997556,0.888409344155661
217.4520806711484,0.8886635032996274
217.47208178232125,0.8889177167136796
217.49208289349409,0.8891719842739031
217.51208400466695,0.889426305856358
217.53208511583978,0.8896806813370758
217.5520862270126,0.8899351105920641
217.57208733818547,0.8901895934973033
217.5920884493583,0.8904441299287477
217.61208956053116,0.8906987197623262
217.632090671704,0.8909533628739398
217.65209178287682,0.8912080591394652
217.67209289404968,0.8914628084347537
217.69209400522251,0.8917176106356283
217.71209511639537,0.8919724656178882
217.7320962275682,0.8922273732573067
217.75209733874104,0.892482333429631
217.7720984499139,0.8927373460105833
217.79209956108673,0.8929924108758587
217.8121006722596,0.8932475279011282
217.83210178343242,0.8935026969620373
217.85210289460525,0.8937579179342059
217.8721040057781,0.8940131906932289
217.89210511695094,0.8942685151146748
217.9121062281238,0.8945238910740881
217.93210733929664,0.8947793184469879
217.95210845046947,0.8950347971088681
217.97210956164233,0.8952903269351985
217.99211067281516,0.8955459078014216
218.01211178398802,0.8958015395829579
218.03211289516085,0.8960572221552007
218.05211400633368,0.8963129553935199
218.07211511750654,0.8965687391732604
218.09211622867937,0.8968245733697426
218.11211733985223,0.8970804578582627
218.13211845102506,0.8973363925140907
218.1521195621979,0.8975923772124739
218.17212067337076,0.8978484118286343
218.1921217845436,0.8981044962377702
218.21212289571645,0.898360630315056
218.23212400688928,0.8986168139356396
218.2521251180621,0.8988730469746472
218.27212622923497,0.89912932930718
218.2921273404078,0.899385660808316
218.31212845158066,0.8996420413531068
218.3321295627535,0.8998984708165828
218.35213067392633,0.9001549490737493
218.37213178509919,0.9004114759995886
218.39213289627202,0.9006680514690577
218.41213400744488,0.9009246753570912
218.4321351186177,0.9011813475386002
218.45213622979054,0.9014380678884717
218.4721373409634,0.90169483628157
218.49213845213623,0.9019516525927344
218.5121395633091,0.902208516696782
218.53214067448192,0.902465428468507
218.55214178565475,0.9027223877826793
218.57214289682761,0.9029793945140472
218.59214400800045,0.9032364485373333
218.6121451191733,0.90349354972724
218.63214623034614,0.9037506979584442
218.65214734151897,0.9040078931056015
218.67214845269183,0.9042651350433443
218.69214956386466,0.904522423646282
218.71215067503752,0.9047797587890021
218.73215178621035,0.9050371403460672
218.75215289738318,0.9052945681920195
218.77215400855604,0.9055520422013777
218.79215511972887,0.9058095622486383
218.81215623090173,0.9060671282082758
218.83215734207457,0.9063247399547404
218.8521584532474,0.906582397362462
218.87215956442026,0.9068401003058476
218.8921606755931,0.9070978486592819
218.91216178676595,0.9073556422971281
218.93216289793878,0.9076134810937255
218.9521640091116,0.9078713649233935
218.97216512028447,0.908129293660429
218.9921662314573,0.9083872671791056
219.01216734263016,0.9086452853536767
219.032168453803,0.9089033480583736
219.05216956497583,0.9091614551674055
219.0721706761487,0.9094196065549609
219.09217178732152,0.9096778020952047
219.11217289849438,0.909936041662282
219.1321740096672,0.9101943251303162
219.15217512084004,0.910452652373409
219.1721762320129,0.9107110232656416
219.19217734318573,0.9109694376810716
219.2121784543586,0.911227895493738
219.23217956553142,0.9114863965776573
219.25218067670426,0.9117449408068252
219.27218178787712,0.9120035280552173
219.29218289904995,0.9122621581967858
219.3121840102228,0.9125208311054649
219.33218512139564,0.9127795466551651
219.35218623256847,0.9130383047197784
219.37218734374133,0.9132971051731752
219.39218845491416,0.9135559478892052
219.41218956608702,0.9138148327416985
219.43219067725985,0.9140737596044621
219.45219178843269,0.914332728351285
219.47219289960555,0.9145917388559349
219.49219401077838,0.9148507909921593
219.51219512195124,0.9151098846336857
219.53219623312407,0.91536901965422
219.5521973442969,0.9156281959274494
219.57219845546976,0.9158874133270412
219.5921995666426,0.9161466717266404
219.61220067781545,0.9164059709998746
219.63220178898828,0.9166653110203503
219.65220290016111,0.9169246916616541
219.67220401133397,0.9171841127973539
219.6922051225068,0.9174435743009954
219.71220623367967,0.917703076046107
219.7322073448525,0.9179626179061965
219.75220845602533,0.9182221997547524
219.7722095671982,0.9184818214652443
219.79221067837102,0.9187414829111201
219.81221178954388,0.9190011839658109
219.8322129007167,0.9192609245027272
219.85221401188954,0.9195207043952608
219.8722151230624,0.9197805235167846
219.89221623423524,0.9200403817406505
219.9122173454081,0.9203002789401941
219.93221845658093,0.9205602149887291
219.95221956775376,0.9208201897595526
219.97222067892662,0.9210802031259419
219.99222179009945,0.9213402549611555
220.0122229012723,0.9216003451384339
220.03222401244514,0.921860473530997
220.05222512361797,0.9221206400120479
220.07222623479083,0.9223808444547704
220.09222734596366,0.9226410867323301
220.11222845713652,0.9229013667178746
220.13222956830936,0.9231616842845312
220.1522306794822,0.9234220393054107
220.17223179065505,0.9236824316536052
220.19223290182788,0.9239428612021886
220.21223401300074,0.9242033278242172
220.23223512417357,0.9244638313927273
220.2522362353464,0.9247243717807392
220.27223734651926,0.9249849488612552
220.2922384576921,0.9252455625072578
220.31223956886495,0.9255062125917136
220.33224068003778,0.9257668989875708
220.35224179121062,0.92602762156776
220.37224290238348,0.9262883802051944
220.3922440135563,0.9265491747727684
220.41224512472917,0.9268100051433601
220.432246235902,0.92707087118983
220.45224734707483,0.927331772785021
220.4722484582477,0.9275927098017592
220.49224956942052,0.9278536821128519
220.51225068059338,0.9281146895910907
220.5322517917662,0.9283757321092496
220.55225290293905,0.9286368095400855
220.5722540141119,0.928897921756339
220.59225512528474,0.9291590686307318
220.6122562364576,0.9294202500359711
220.63225734763043,0.9296814658447449
220.65225845880326,0.9299427159297262
220.67225956997612,0.9302040001635709
220.69226068114895,0.9304653184189179
220.7122617923218,0.9307266705683904
220.73226290349464,0.9309880564845932
220.7522640146675,0.9312494760401163
220.77226512584033,0.9315109291075331
220.79226623701317,0.9317724155594
220.81226734818603,0.9320339352682585
220.83226845935886,0.9322954881066315
220.85226957053172,0.9325570739470285
220.87227068170455,0.9328186926619401
220.89227179287738,0.9330803441238431
220.91227290405024,0.9333420282051976
220.93227401522307,0.9336037447784479
220.95227512639593,0.9338654937160228
220.97227623756876,0.9341272748903336
220.9922773487416,0.934389088173778
221.01227845991446,0.934650933438737
221.0322795710873,0.9349128105575762
221.05228068226015,0.9351747194026466
221.07228179343298,0.9354366598462812
221.0922829046058,0.9356986317608001
221.11228401577867,0.9359606350185071
221.1322851269515,0.9362226694916909
221.15228623812436,0.9364847350526253
221.1722873492972,0.9367468315735675
221.19228846047002,0.9370089589267612
221.21228957164288,0.9372711169844351
221.23229068281572,0.9375333056188011
221.25229179398858,0.9377955247020581
221.2722929051614,0.9380577741063895
221.29229401633424,0.9383200537039639
221.3122951275071,0.9385823633669359
221.33229623867993,0.9388447029674435
221.3522973498528,0.9391070723776118
221.37229846102562,0.9393694714695511
221.39229957219845,0.939631900115357
221.4123006833713,0.9398943581871115
221.43230179454414,0.9401568455568802
221.452302905717,0.9404193620967162
221.47230401688984,0.940681907678658
221.49230512806267,0.9409444821747299
221.51230623923553,0.9412070854569428
221.53230735040836,0.9414697173972914
221.55230846158122,0.941732377867759
221.57230957275405,0.9419950667403129
221.59231068392688,0.9422577838869078
221.61231179509974,0.9425205291794847
221.63231290627257,0.9427833024899702
221.65231401744543,0.9430461036902784
221.67231512861827,0.9433089326523075
221.6923162397911,0.9435717892479444
221.71231735096396,0.9438346733490617
221.7323184621368,0.9440975848275186
221.75231957330965,0.9443605235551616
221.77232068448248,0.9446234894038222
221.7923217956553,0.9448864822453205
221.81232290682817,0.9451495019514624
221.832324018001,0.9454125483940419
221.85232512917386,0.9456756214448379
221.8723262403467,0.945938720975618
221.89232735151953,0.9462018468581366
221.9123284626924,0.9464649989641357
221.93232957386522,0.9467281771653425
221.95233068503808,0.9469913813334737
221.9723317962109,0.9472546113402325
221.99233290738374,0.9475178670573093
222.0123340185566,0.9477811483563833
222.03233512972943,0.9480444551091184
222.0523362409023,0.9483077871871687
222.07233735207512,0.9485711444621749
222.09233846324796,0.948834526805766
222.11233957442082,0.9490979340895586
222.13234068559365,0.9493613661851559
222.1523417967665,0.9496248229641511
222.17234290793934,0.9498883042981232
222.19234401911217,0.9501518100586408
222.21234513028503,0.9504153401172604
222.23234624145786,0.950678894345526
222.25234735263072,0.9509424726149712
222.27234846380355,0.9512060747971154
222.29234957497638,0.9514697007634684
222.31235068614924,0.951733350385528
222.33235179732208,0.9519970235347802
222.35235290849494,0.9522607200827004
222.37235401966777,0.9525244399007503
222.3923551308406,0.9527881828603826
222.41235624201346,0.9530519488330379
222.4323573531863,0.9533157376901454
222.45235846435915,0.9535795493031243
222.47235957553198,0.9538433835433803
222.4923606867048,0.95410724028231
222.51236179787767,0.9543711193912994
222.5323629090505,0.9546350207417212
222.55236402022337,0.9548989442049397
222.5723651313962,0.9551628896523073
222.59236624256903,0.9554268569551662
222.6123673537419,0.955690845984848
222.63236846491472,0.9559548566126721
222.65236957608758,0.9562188887099494
222.6723706872604,0.9564829421479796
222.69237179843324,0.9567470167980517
222.7123729096061,0.9570111125314456
222.73237402077893,0.9572752292194283
222.7523751319518,0.9575393667332592
222.77237624312463,0.9578035249441864
222.79237735429746,0.9580677037234481
222.81237846547032,0.9583319029422732
222.83237957664315,0.9585961224718785
222.852380687816,0.9588603621834738
222.87238179898884,0.959124621948256
222.89238291016167,0.9593889016374145
222.91238402133453,0.9596532011221284
222.93238513250736,0.9599175202735669
222.95238624368022,0.9601818589628905
222.97238735485305,0.9604462170612481
222.9923884660259,0.960710594439781
223.01238957719875,0.9609749909696207
223.03239068837158,0.9612394065218891
223.05239179954444,0.9615038409676997
223.07239291071727,0.9617682941781547
223.0923940218901,0.9620327660243492
223.11239513306296,0.962297256377369
223.1323962442358,0.9625617651082892
223.15239735540865,0.9628262920881778
223.17239846658148,0.9630908371880933
223.19239957775432,0.9633554002790852
223.21240068892718,0.9636199812321949
223.2324018001,0.9638845799184534
223.25240291127287,0.9641491962088847
223.2724040224457,0.964413829974504
223.29240513361853,0.9646784810863173
223.3124062447914,0.9649431494153233
223.33240735596422,0.9652078348325103
223.35240846713708,0.9654725372088602
223.3724095783099,0.9657372564153458
223.39241068948274,0.9660019923229319
223.4124118006556,0.9662667448025759
223.43241291182844,0.9665315137252247
223.4524140230013,0.9667962989618204
223.47241513417413,0.9670611003832941
223.49241624534696,0.9673259178605712
223.51241735651982,0.9675907512645684
223.53241846769265,0.9678556004661949
223.5524195788655,0.9681204653363527
223.57242069003834,0.9683853457459342
223.59242180121117,0.9686502415658261
223.61242291238403,0.9689151526669073
223.63242402355687,0.9691800789200489
223.65242513472973,0.9694450201961153
223.67242624590256,0.9697099763659618
223.6924273570754,0.9699749473004381
223.71242846824825,0.9702399328703865
223.73242957942108,0.9705049329466415
223.75243069059394,0.9707699474000321
223.77243180176677,0.9710349761013775
223.7924329129396,0.9713000189214921
223.81243402411246,0.9715650757311839
223.8324351352853,0.9718301464012515
223.85243624645815,0.972095230802489
223.872437357631,0.9723603288056833
223.89243846880382,0.9726254402816145
223.91243957997668,0.9728905651010565
223.9324406911495,0.9731557031347753
223.95244180232237,0.973420854253532
223.9724429134952,0.9736860183280808
223.99244402466803,0.9739511952291696
224.0124451358409,0.9742163848275408
224.03244624701372,0.9744815869939284
224.05244735818658,0.9747468015990625
224.07244846935941,0.9750120285136662
224.09244958053225,0.9752772676084569
224.1124506917051,0.9755425187541465
224.13245180287794,0.9758077818214392
224.1524529140508,0.9760730566810359
224.17245402522363,0.9763383432036292
224.19245513639646,0.9766036412599081
224.21245624756932,0.9768689507205548
224.23245735874215,0.9771342714562468
224.252458469915,0.9773996033376559
224.27245958108784,0.977664946235447
224.29246069226068,0.9779303000202815
224.31246180343354,0.9781956645628149
224.33246291460637,0.9784610397336972
224.35246402577923,0.9787264254035742
224.37246513695206,0.9789918214430845
224.3924662481249,0.9792572277228634
224.41246735929775,0.9795226441135415
224.43246847047058,0.9797880704857423
224.45246958164344,0.9800535067100866
224.47247069281627,0.9803189526571896
224.4924718039891,0.9805844081976618
224.51247291516196,0.9808498732021096
224.5324740263348,0.9811153475411329
224.55247513750766,0.9813808310853291
224.5724762486805,0.9816463237052904
224.59247735985332,0.9819118252716044
224.61247847102618,0.9821773356548552
224.632479582199,0.9824428547256207
224.65248069337187,0.9827083823544761
224.6724818045447,0.9829739184119923
224.69248291571753,0.9832394627687359
224.7124840268904,0.98350501529527
224.73248513806323,0.9837705758621519
224.75248624923609,0.9840361443399374
224.77248736040892,0.984301720599176
224.79248847158175,0.9845673045104154
224.8124895827546,0.9848328959441989
224.83249069392744,0.9850984947710659
224.8524918051003,0.9853641008615531
224.87249291627313,0.9856297140861917
224.89249402744596,0.9858953343155112
224.91249513861882,0.9861609614200373
224.93249624979165,0.986426595270292
224.95249736096451,0.986692235736795
224.97249847213735,0.9869578826900605
224.99249958331018,0.9872235360006018
225.01250069448304,0.9874891955389283
225.03250180565587,0.9877548611755465
225.05250291682873,0.9880205327809601
225.07250402800156,0.9882862102256688
225.0925051391744,0.9885518933801704
225.11250625034725,0.9888175821149607
225.13250736152008,0.9890832763005306
225.15250847269294,0.98934897580737
225.17250958386578,0.9896146805059661
225.1925106950386,0.989880390266803
225.21251180621147,0.9901461049603634
225.2325129173843,0.9904118244571254
225.25251402855716,0.990677548627567
225.27251513973,0.9909432773421627
225.29251625090285,0.9912090104713862
225.31251736207568,0.9914747478857066
225.3325184732485,0.9917404894555928
225.35251958442137,0.9920062350515113
225.3725206955942,0.9922719845439267
225.39252180676706,0.9925377378033019
225.4125229179399,0.9928034947000965
225.43252402911273,0.9930692551047701
225.4525251402856,0.9933350188877803
225.47252625145842,0.9936007859195816
225.49252736263128,0.9938665560706286
225.5125284738041,0.9941323292113736
225.53252958497694,0.9943981052122679
225.5525306961498,0.9946638839437616
225.57253180732263,0.9949296652763016
225.5925329184955,0.9951954490803356
225.61253402966832,0.9954612352263096
225.63253514084116,0.995727023584668
225.65253625201402,0.9959928140258552
225.67253736318685,0.9962586064203124
225.6925384743597,0.9965244006384826
225.71253958553254,0.9967901965508051
225.73254069670537,0.9970559940277207
225.75254180787823,0.9973217929396683
225.77254291905106,0.9975875931570863
225.79254403022392,0.9978533945504134
225.81254514139675,0.9981191969900854
225.83254625256959,0.9983850003465398
225.85254736374245,0.9986508044902127
225.87254847491528,0.99891660929154
225.89254958608814,0.999182414620958
225.91255069726097,0.9994482203489008
225.9325518084338,0.999714026345804
225.95255291960666,0.9999798324821026
225.9725540307795,1.0002456386282317
225.99255514195235,1.0005114446546268
226.01255625312518,1.0007772504317214
226.03255736429801,1.0010430558299515
226.05255847547087,1.001308860719753
226.0725595866437,1.0015746649715598
226.09256069781657,1.0018404684558087
226.1125618089894,1.0021062710429358
226.13256292016223,1.0023720726033778
226.1525640313351,1.0026378730075727
226.17256514250792,1.0029036721259565
226.19256625368078,1.0031694698289686
226.2125673648536,1.0034352659870476
226.23256847602644,1.0037010604706338
226.2525695871993,1.003966853150168
226.27257069837214,1.0042326438960907
226.292571809545,1.0044984325788449
226.31257292071783,1.0047642190688737
226.33257403189066,1.005030003236622
226.35257514306352,1.0052957849525361
226.37257625423635,1.0055615640870612
226.3925773654092,1.0058273405106468
226.41257847658204,1.0060931140937412
226.43257958775487,1.0063588847067957
226.45258069892773,1.0066246522202627
226.47258181010056,1.0068904165045955
226.49258292127342,1.0071561774302507
226.51258403244626,1.0074219348676834
226.5325851436191,1.0076876886873531
226.55258625479195,1.0079534387597202
226.57258736596478,1.0082191849552473
226.59258847713764,1.0084849271443987
226.61258958831047,1.0087506651976395
226.6325906994833,1.0090163989854382
226.65259181065616,1.009282128378266
226.672592921829,1.0095478532465936
226.69259403300185,1.0098135734608962
226.71259514417468,1.0100792888916508
226.73259625534752,1.0103449994093365
226.75259736652038,1.0106107048844355
226.7725984776932,1.0108764051874304
226.79259958886607,1.0111421001888083
226.8126007000389,1.0114077897590583
226.83260181121173,1.0116734737686723
226.8526029223846,1.0119391520881453
226.87260403355742,1.0122048245879733
226.89260514473028,1.012470491138657
226.9126062559031,1.0127361516106992
226.93260736707595,1.013001805874606
226.9526084782488,1.013267453800887
226.97260958942164,1.0135330952600528
226.9926107005945,1.0137987301226201
227.01261181176733,1.0140643582591058
227.03261292294016,1.0143299795400322
227.05261403411302,1.0145955938359246
227.07261514528585,1.0148612010173113
227.0926162564587,1.0151268009547247
227.11261736763154,1.0153923935186993
227.13261847880437,1.0156579785797744
227.15261958997723,1.0159235560084927
227.17262070115007,1.016189125675401
227.19262181232293,1.0164546874510498
227.21262292349576,1.016720241205992
227.2326240346686,1.0169857868107859
227.25262514584145,1.0172513241359935
227.27262625701428,1.0175168530521812
227.29262736818714,1.0177823734299192
227.31262847935997,1.0180478851397805
227.3326295905328,1.0183133880523445
227.35263070170566,1.0185788820381942
227.3726318128785,1.0188443669679157
227.39263292405136,1.0191098427121008
227.4126340352242,1.0193753091413456
227.43263514639702,1.0196407661262508
227.45263625756988,1.019906213537422
227.4726373687427,1.0201716512454675
227.49263847991557,1.020437079121003
227.5126395910884,1.020702497034647
227.53264070226123,1.0209679048570244
227.5526418134341,1.0212333024587645
227.57264292460692,1.0214986897105005
227.59264403577978,1.0217640664828715
227.61264514695262,1.0220294326465222
227.63264625812545,1.022294788072102
227.6526473692983,1.0225601326302658
227.67264848047114,1.0228254661916727
227.692649591644,1.0230907886269887
227.71265070281683,1.0233560998068838
227.73265181398966,1.0236213996020342
227.75265292516252,1.0238866878831223
227.77265403633535,1.024151964520835
227.7926551475082,1.024417229385866
227.81265625868105,1.024682482348913
227.83265736985388,1.024947723280681
227.85265848102674,1.0252129520518805
227.87265959219957,1.025478168533228
227.89266070337243,1.0257433725954461
227.91266181454526,1.0260085641092622
227.9326629257181,1.0262737429454116
227.95266403689095,1.0265389089746353
227.97266514806378,1.026804062067679
227.99266625923664,1.027069202095297
228.01266737040947,1.0273343289282484
228.0326684815823,1.0275994424372994
228.05266959275517,1.0278645424932233
228.072670703928,1.0281296289667978
228.09267181510086,1.0283947017288093
228.1126729262737,1.02865976065005
228.13267403744652,1.0289248056013196
228.15267514861938,1.0291898364534242
228.1726762597922,1.0294548530771754
228.19267737096507,1.0297198553433937
228.2126784821379,1.029984843122906
228.23267959331073,1.0302498162865457
228.2526807044836,1.0305147747051548
228.27268181565643,1.0307797182495801
228.2926829268293,1.0310446467906782
228.31268403800212,1.0313095601993103
228.33268514917495,1.0315744583463475
228.3526862603478,1.0318393411026672
228.37268737152064,1.032104208339154
228.3926884826935,1.032369059926702
228.41268959386633,1.0326338957362091
228.43269070503916,1.0328987156385845
228.45269181621202,1.0331635195047437
228.47269292738486,1.0334283072056103
228.49269403855772,1.0336930786121161
228.51269514973055,1.033957833595199
228.53269626090338,1.0342225720258074
228.55269737207624,1.0344872937748961
228.57269848324907,1.034751998713429
228.59269959442193,1.0350166867123785
228.61270070559476,1.0352813576427229
228.6327018167676,1.035546011375451
228.65270292794045,1.035810647781561
228.67270403911328,1.0360752667320556
228.69270515028614,1.0363398680979496
228.71270626145898,1.0366044517502653
228.7327073726318,1.0368690175600332
228.75270848380467,1.0371335653982938
228.7727095949775,1.0373980951360937
228.79271070615036,1.0376626066444907
228.8127118173232,1.0379270997945511
228.83271292849602,1.0381915744573496
228.85271403966888,1.0384560305039705
228.8727151508417,1.0387204678055062
228.89271626201457,1.0389848862330588
228.9127173731874,1.0392492856577402
228.93271848436024,1.0395136659506714
228.9527195955331,1.039778026982981
228.97272070670593,1.0400423686258091
228.9927218178788,1.040306690750305
229.01272292905162,1.0405709932276257
229.03272404022445,1.0408352759289399
229.0527251513973,1.041099538725425
229.07272626257014,1.0413637814882681
229.092727373743,1.041628004088667
229.11272848491583,1.041892206397827
229.13272959608867,1.042156388286966
229.15273070726153,1.0424205496273098
229.17273181843436,1.0426846902900957
229.19273292960722,1.0429488101465707
229.21273404078005,1.0432129090679907
229.23273515195288,1.0434769869256233
229.25273626312574,1.043741043590746
229.27273737429857,1.0440050789346462
229.29273848547143,1.044269092828623
229.31273959664426,1.0445330851439831
229.3327407078171,1.0447970557520465
229.35274181898995,1.045061004524143
229.3727429301628,1.0453249313316129
229.39274404133565,1.0455888360458077
229.41274515250848,1.0458527185380877
229.4327462636813,1.0461165786798263
229.45274737485417,1.0463804163424075
229.472748486027,1.0466442313972248
229.49274959719986,1.0469080237156838
229.5127507083727,1.0471717931692015
229.53275181954552,1.0474355396292054
229.55275293071838,1.047699262967135
229.57275404189122,1.047962963054439
229.59275515306408,1.04822663976258
229.6127562642369,1.0484902929630304
229.63275737540974,1.048753922527275
229.6527584865826,1.04901752832681
229.67275959775543,1.0492811102331419
229.6927607089283,1.04954466811779
229.71276182010112,1.0498082018522854
229.73276293127395,1.0500717113081706
229.7527640424468,1.050335196357001
229.77276515361964,1.050598656870341
229.7927662647925,1.0508620927197705
229.81276737596534,1.0511255037768785
229.83276848713817,1.0513888899132682
229.85276959831103,1.051652251000554
229.87277070948386,1.0519155869103625
229.89277182065672,1.0521788975143336
229.91277293182955,1.052442182684117
229.9327740430024,1.0527054422913775
229.95277515417524,1.0529686762077912
229.97277626534807,1.0532318843050466
229.99277737652093,1.053495066454846
230.01277848769377,1.0537582225289017
230.03277959886663,1.054021352398942
230.05278071003946,1.0542844559367048
230.0727818212123,1.0545475330139433
230.09278293238515,1.0548105835024224
230.11278404355798,1.0550736072739204
230.13278515473084,1.0553366042002292
230.15278626590367,1.0555995741531514
230.1727873770765,1.0558625170045055
230.19278848824936,1.0561254326261218
230.2127895994222,1.0563883208898444
230.23279071059505,1.0566511816675308
230.2527918217679,1.0569140148310507
230.27279293294072,1.0571768202522887
230.29279404411358,1.0574395978031421
230.3127951552864,1.0577023473555227
230.33279626645927,1.0579650687813553
230.3527973776321,1.0582277619525777
230.37279848880493,1.0584904267411426
230.3927995999778,1.058753063019017
230.41280071115062,1.0590156706581793
230.43280182232348,1.0592782495306243
230.45280293349632,1.05954079950836
230.47280404466915,1.0598033204634087
230.492805155842,1.060065812267807
230.51280626701484,1.0603282747936045
230.5328073781877,1.0605907079128662
230.55280848936053,1.0608531114976714
230.57280960053336,1.0611154854201132
230.59281071170622,1.0613778295523009
230.61281182287905,1.0616401437663547
230.6328129340519,1.0619024279344131
230.65281404522474,1.0621646819286275
230.67281515639758,1.0624269056211642
230.69281626757044,1.0626890988842048
230.71281737874327,1.0629512615899446
230.73281848991613,1.0632133936105952
230.75281960108896,1.0634754948183813
230.7728207122618,1.0637375650855447
230.79282182343465,1.063999604284341
230.81282293460748,1.0642616122870414
230.83282404578034,1.0645235889659328
230.85282515695317,1.0647855341933157
230.872826268126,1.0650474478415073
230.89282737929886,1.06530932978284
230.9128284904717,1.0655711798896617
230.93282960164456,1.065832998034336
230.9528307128174,1.0660947840892407
230.97283182399022,1.066356537926771
230.99283293516308,1.0666182594193367
231.0128340463359,1.066879948439364
231.03283515750877,1.0671416048592954
231.0528362686816,1.0674032285515873
231.07283737985443,1.0676648193887137
231.0928384910273,1.067926377243165
231.11283960220013,1.0681879019874456
231.13284071337299,1.0684493934940782
231.15284182454582,1.0687108516356008
231.17284293571865,1.0689722762845675
231.1928440468915,1.0692336673135496
231.21284515806434,1.0694950245951331
231.2328462692372,1.0697563480019219
231.25284738041003,1.070017637406536
231.27284849158286,1.0702788926816122
231.29284960275572,1.070540113699804
231.31285071392855,1.0708013003337804
231.33285182510141,1.071062452456229
231.35285293627425,1.0713235699398522
231.37285404744708,1.0715846526573711
231.39285515861994,1.0718457004815227
231.41285626979277,1.0721067132850617
231.43285738096563,1.0723676909407598
231.45285849213846,1.0726286333214043
231.4728596033113,1.0728895402998018
231.49286071448415,1.073150411748775
231.51286182565698,1.0734112475411641
231.53286293682984,1.073672047549828
231.55286404800268,1.07393281164764
231.5728651591755,1.0741935397074935
231.59286627034837,1.074454231602299
231.6128673815212,1.0747148872049836
231.63286849269406,1.0749755063884943
231.6528696038669,1.0752360890257926
231.67287071503972,1.07549663498986
231.69287182621258,1.0757571441536968
231.7128729373854,1.076017616390318
231.73287404855827,1.0762780515727592
231.7528751597311,1.0765384495740735
231.77287627090394,1.076798810267332
231.7928773820768,1.0770591335256245
231.81287849324963,1.0773194192220574
231.8328796044225,1.077579667229757
231.85288071559532,1.0778398774218676
231.87288182676815,1.0781000496715516
231.892882937941,1.0783601838519907
231.91288404911384,1.0786202798363838
231.9328851602867,1.0788803374979494
231.95288627145953,1.0791403567099247
231.97288738263236,1.0794003373455652
231.99288849380522,1.079660279278146
232.01288960497806,1.0799201823809597
232.03289071615092,1.0801800465273192
232.05289182732375,1.0804398715905552
232.07289293849658,1.0806996574440182
232.09289404966944,1.0809594039610777
232.11289516084227,1.0812191110151226
232.13289627201513,1.0814787784795612
232.15289738318796,1.0817384062278195
232.1728984943608,1.0819979941333444
232.19289960553365,1.0822575420696023
232.21290071670649,1.0825170499100785
232.23290182787935,1.0827765175282784
232.25290293905218,1.0830359447977254
232.272904050225,1.0832953315919642
232.29290516139787,1.08355467778456
232.3129062725707,1.0838139832490947
232.33290738374356,1.0840732478591728
232.3529084949164,1.084332471488418
232.37290960608922,1.0845916540104734
232.39291071726208,1.0848507952990034
232.41291182843491,1.0851098952276905
232.43291293960777,1.0853689536702391
232.4529140507806,1.085627970500373
232.47291516195344,1.085886945591837
232.4929162731263,1.0861458788183957
232.51291738429913,1.0864047700538335
232.532918495472,1.0866636191719565
232.55291960664482,1.0869224260465904
232.57292071781765,1.0871811905515822
232.5929218289905,1.0874399125607996
232.61292294016334,1.0876985919481295
232.6329240513362,1.0879572285874821
232.65292516250904,1.0882158223527854
232.67292627368187,1.088474373117991
232.69292738485473,1.0887328807570698
232.71292849602756,1.088991345144015
232.73292960720042,1.0892497661528404
232.75293071837325,1.0895081436575798
232.77293182954608,1.0897664775322893
232.79293294071894,1.0900247676510466
232.81293405189177,1.09028301388795
232.83293516306463,1.0905412161171202
232.85293627423746,1.090799374212697
232.8729373854103,1.0910574880488444
232.89293849658316,1.0913155574997464
232.912939607756,1.0915735824396096
232.93294071892885,1.091831562742662
232.95294183010168,1.0920894982831522
232.9729429412745,1.092347388935352
232.99294405244737,1.0926052345735555
233.0129451636202,1.0928630350720765
233.03294627479306,1.0931207903052529
233.0529473859659,1.0933785001474439
233.07294849713873,1.0936361644730308
233.09294960831159,1.0938937831564182
233.11295071948442,1.0941513560720302
233.13295183065728,1.094408883094316
233.1529529418301,1.0946663640977456
233.17295405300294,1.0949237989568124
233.1929551641758,1.0951811875460324
233.21295627534863,1.0954385297399423
233.2329573865215,1.095695825413103
233.25295849769432,1.0959530744400983
233.27295960886715,1.0962102766955337
233.29296072004,1.096467432054039
233.31296183121285,1.0967245403902646
233.3329629423857,1.0969816015788862
233.35296405355854,1.0972386154946003
233.37296516473137,1.0974955820121282
233.39296627590423,1.0977525010062132
233.41296738707706,1.0980093723516227
233.43296849824992,1.098266195923147
233.45296960942275,1.0985229715955984
233.47297072059558,1.0987796992438146
233.49297183176844,1.0990363787426554
233.51297294294127,1.0992930099670044
233.53297405411413,1.0995495927917696
233.55297516528697,1.0998061270918802
233.5729762764598,1.1000626127422917
233.59297738763266,1.1003190496179824
233.6129784988055,1.1005754375939532
233.63297960997835,1.1008317765452305
233.65298072115118,1.1010880663468636
233.672981832324,1.1013443068739264
233.69298294349687,1.1016004980015168
233.7129840546697,1.1018566396047558
233.73298516584256,1.1021127315587893
233.7529862770154,1.1023687737387875
233.77298738818823,1.1026247660199446
233.7929884993611,1.1028807082774803
233.81298961053392,1.1031366003866356
233.83299072170678,1.103392442222679
233.8529918328796,1.1036482336609026
233.87299294405244,1.1039039745766226
233.8929940552253,1.1041596648451808
233.91299516639813,1.1044153043419418
233.932996277571,1.1046708929422973
233.95299738874382,1.1049264305216617
233.97299849991666,1.1051819169554757
233.99299961108952,1.1054373521192047
234.01300072226235,1.1056927358883384
234.0330018334352,1.105948068138393
234.05300294460804,1.1062033487449077
234.07300405578087,1.1064585775834483
234.09300516695373,1.1067137545296057
234.11300627812656,1.106968879458996
234.13300738929942,1.1072239522472611
234.15300850047225,1.1074789727700667
234.17300961164509,1.1077339409031053
234.19301072281795,1.1079888565220952
234.21301183399078,1.10824371950278
234.23301294516364,1.1084985297209287
234.25301405633647,1.1087532870523351
234.2730151675093,1.1090079913728206
234.29301627868216,1.1092626425582321
234.313017389855,1.109517240484441
234.33301850102785,1.1097717850273456
234.35301961220068,1.1100262760628705
234.37302072337351,1.110280713466966
234.39302183454637,1.1105350971156096
234.4130229457192,1.1107894268848022
234.43302405689207,1.111043702650574
234.4530251680649,1.1112979242889798
234.47302627923776,1.1115520916761021
234.4930273904106,1.111806204688048
234.51302850158342,1.1120602632009524
234.53302961275628,1.1123142670909767
234.5530307239291,1.112568216234309
234.57303183510197,1.1128221105071638
234.5930329462748,1.1130759497857816
234.61303405744763,1.1133297339464312
234.6330351686205,1.1135834628654078
234.65303627979333,1.113837136419032
234.6730373909662,1.1140907544836536
234.69303850213902,1.1143443169356482
234.71303961331185,1.1145978236514191
234.7330407244847,1.114851274507397
234.75304183565754,1.115104669380038
234.7730429468304,1.1153580081458272
234.79304405800323,1.115611290681277
234.81304516917606,1.1158645168629266
234.83304628034892,1.116117686567344
234.85304739152176,1.1163707996711216
234.87304850269462,1.1166238560508834
234.89304961386745,1.1168768555832778
234.91305072504028,1.1171297981449824
234.93305183621314,1.1173826836127025
234.95305294738597,1.1176355118631713
234.97305405855883,1.1178882827731502
234.99305516973166,1.1181409962194266
235.0130562809045,1.1183936520788185
235.03305739207735,1.1186462502281702
235.05305850325018,1.1188987905443553
235.07305961442304,1.1191512729042752
235.09306072559588,1.1194036971848582
235.1130618367687,1.1196560632630632
235.13306294794157,1.119908371015876
235.1530640591144,1.120160620320311
235.17306517028726,1.1204128110534122
235.1930662814601,1.1206649430922502
235.21306739263292,1.1209170163139253
235.23306850380578,1.1211690305955675
235.2530696149786,1.1214209858143331
235.27307072615147,1.121672881847409
235.2930718373243,1.121924718572011
235.31307294849714,1.1221764958653826
235.33307405967,1.122428213604798
235.35307517084283,1.1226798716675583
235.3730762820157,1.122931469930995
235.39307739318852,1.1231830082724688
235.41307850436135,1.123434486569369
235.4330796155342,1.1236859046991157
235.45308072670704,1.1239372625391555
235.4730818378799,1.1241885599669668
235.49308294905273,1.1244397968600566
235.51308406022557,1.1246909730959616
235.53308517139843,1.1249420885522483
235.55308628257126,1.1251931431065114
235.57308739374412,1.1254441366363779
235.59308850491695,1.1256950690195013
235.61308961608978,1.1259459401335674
235.63309072726264,1.1261967498562913
235.65309183843547,1.1264474980654173
235.67309294960833,1.1266981846387214
235.69309406078116,1.126948809454007
235.713095171954,1.1271993723891094
235.73309628312686,1.1274498733218938
235.7530973942997,1.1277003121302556
235.77309850547255,1.1279506886921211
235.79309961664538,1.128201002885445
235.8131007278182,1.128451254588214
235.83310183899107,1.128701443678446
235.8531029501639,1.1289515700341863
235.87310406133676,1.1292016335335144
235.8931051725096,1.1294516340545382
235.91310628368242,1.129701571475397
235.93310739485528,1.1299514456742619
235.95310850602812,1.1302012565293318
235.97310961720098,1.1304510039188393
235.9931107283738,1.1307006877210473
236.01311183954664,1.130950307814249
236.0331129507195,1.13119986407677
236.05311406189233,1.1314493563869645
236.0731151730652,1.1316987846232207
236.09311628423802,1.1319481486639562
236.11311739541085,1.1321974483876207
236.1331185065837,1.1324466836726959
236.15311961775654,1.1326958543976922
236.1731207289294,1.1329449604411552
236.19312184010224,1.1331940016816586
236.21312295127507,1.13344297799781
236.23312406244793,1.1336918892682477
236.25312517362076,1.133940735371642
236.27312628479362,1.1341895161866955
236.29312739596645,1.1344382315921409
236.31312850713928,1.134686881466744
236.33312961831214,1.1349354656893027
236.35313072948497,1.1351839841386466
236.37313184065783,1.1354324366936381
236.39313295183067,1.1356808232331697
236.4131340630035,1.1359291436361678
236.43313517417636,1.1361773977815908
236.4531362853492,1.1364255855484289
236.47313739652205,1.136673706815706
236.49313850769488,1.1369217614624758
236.5131396188677,1.137169749367827
236.53314073004057,1.13741767041088
236.5531418412134,1.137665524470787
236.57314295238626,1.1379133114267337
236.5931440635591,1.1381610311579387
236.61314517473193,1.1384086835436524
236.6331462859048,1.1386562684631598
236.65314739707762,1.1389037857957764
236.67314850825048,1.139151235420852
236.6931496194233,1.1393986172177697
236.71315073059614,1.139645931065945
236.733151841769,1.1398931768448273
236.75315295294183,1.1401403544338975
236.7731540641147,1.1403874637126716
236.79315517528752,1.1406345045606978
236.81315628646036,1.1408814768575584
236.83315739763322,1.1411283804828691
236.85315850880605,1.1413752153162777
236.8731596199789,1.1416219812374675
236.89316073115174,1.1418686781261533
236.91316184232457,1.1421153058620852
236.93316295349743,1.1423618643250468
236.95316406467026,1.1426083533948548
236.97316517584312,1.1428547729513607
236.99316628701595,1.143101122874448
237.01316739818878,1.1433474030440365
237.03316850936164,1.1435936133400784
237.05316962053448,1.1438397536425606
237.07317073170734,1.1440858238315046
237.09317184288017,1.1443318237869642
237.113172954053,1.1445777533890293
237.13317406522586,1.1448236125178242
237.1531751763987,1.1450694010535054
237.17317628757155,1.145315118876266
237.19317739874438,1.1455607658663327
237.2131785099172,1.145806341903967
237.23317962109007,1.1460518468694654
237.2531807322629,1.1462972806431573
237.27318184343576,1.1465426431054082
237.2931829546086,1.1467879341366185
237.31318406578143,1.147033153617223
237.3331851769543,1.147278301427692
237.35318628812712,1.1475233774485287
237.37318739929998,1.147768381560274
237.3931885104728,1.1480133136435018
237.41318962164564,1.1482581735788224
237.4331907328185,1.1485029612468813
237.45319184399133,1.1487476765283575
237.4731929551642,1.1489923193039677
237.49319406633703,1.1492368894544616
237.51319517750986,1.1494813868606257
237.53319628868272,1.1497258114032822
237.55319739985555,1.149970162963288
237.5731985110284,1.1502144414215363
237.59319962220124,1.1504586466589548
237.61320073337407,1.1507027785565078
237.63320184454693,1.1509468369951954
237.65320295571976,1.1511908218560531
237.67320406689262,1.151434733020153
237.69320517806545,1.1516785703686017
237.7132062892383,1.1519223337825428
237.73320740041115,1.152166023143156
237.75320851158398,1.152409638331657
237.77320962275684,1.152653179229298
237.79321073392967,1.1528966457173655
237.8132118451025,1.1531400376771845
237.83321295627536,1.1533833549901162
237.8532140674482,1.1536265975375561
237.87321517862105,1.1538697652009384
237.89321628979388,1.1541128578617328
237.91321740096672,1.154355875401446
237.93321851213958,1.1545988177016213
237.9532196233124,1.1548416846438374
237.97322073448527,1.1550844761097112
237.9932218456581,1.1553271919808963
238.01322295683093,1.1555698321390824
238.0332240680038,1.1558123964659972
238.05322517917662,1.1560548848434034
238.07322629034948,1.1562972971531027
238.0932274015223,1.1565396332769333
238.11322851269514,1.15678189309677
238.133229623868,1.157024076494526
238.15323073504084,1.1572661833521498
238.1732318462137,1.1575082135516297
238.19323295738653,1.1577501669749883
238.21323406855936,1.1579920435042883
238.23323517973222,1.158233843021629
238.25323629090505,1.1584755654091468
238.2732374020779,1.158717210549017
238.29323851325074,1.1589587783234503
238.31323962442357,1.159200268614697
238.33324073559643,1.1594416813050443
238.35324184676927,1.159683016276818
238.37324295794213,1.1599242734123818
238.39324406911496,1.1601654525941352
238.4132451802878,1.1604065537045185
238.43324629146065,1.1606475766260091
238.45324740263348,1.1608885212411213
238.47324851380634,1.1611293874324093
238.49324962497917,1.1613701750824643
238.513250736152,1.161610884073917
238.53325184732486,1.1618515142894357
238.5532529584977,1.162092065611726
238.57325406967055,1.162332537923534
238.59325518084339,1.1625729311076431
238.61325629201622,1.162813245046876
238.63325740318908,1.1630534796240937
238.6532585143619,1.1632936347221947
238.67325962553477,1.163533710224118
238.6932607367076,1.1637737060128406
238.71326184788043,1.1640136219713786
238.7332629590533,1.1642534579827875
238.75326407022612,1.1644932139301598
238.77326518139898,1.1647328896966298
238.79326629257181,1.164972485165368
238.81326740374465,1.1652120002195863
238.8332685149175,1.1654514347425349
238.85326962609034,1.1656907886175034
238.8732707372632,1.1659300617278214
238.89327184843603,1.1661692539568556
238.91327295960886,1.1664083651880144
238.93327407078172,1.1666473953047451
238.95327518195455,1.1668863441905344
238.9732762931274,1.1671252117289088
238.99327740430024,1.1673639978034334
239.0132785154731,1.1676027022977142
239.03327962664594,1.1678413250953967
239.05328073781877,1.1680798660801663
239.07328184899163,1.1683183251357485
239.09328296016446,1.1685567021459071
239.11328407133732,1.1687949969944484
239.13328518251015,1.1690332095652163
239.15328629368298,1.1692713397420966
239.17328740485584,1.1695093874090146
239.19328851602867,1.1697473524499358
239.21328962720153,1.1699852347488668
239.23329073837436,1.1702230341898525
239.2532918495472,1.17046075065698
239.27329296072006,1.1706983840343763
239.2932940718929,1.1709359342062091
239.31329518306575,1.171173401056687
239.33329629423858,1.1714107844700574
239.3532974054114,1.1716480843306103
239.37329851658427,1.1718853005226757
239.3932996277571,1.172122432930625
239.41330073892996,1.172359481438869
239.4333018501028,1.1725964459318605
239.45330296127563,1.1728333262940935
239.47330407244849,1.1730701224101028
239.49330518362132,1.173306834164463
239.51330629479418,1.1735434614417914
239.533307405967,1.1737800041267459
239.55330851713984,1.1740164621040257
239.5733096283127,1.1742528352583719
239.59331073948553,1.174489123474565
239.6133118506584,1.1747253266374287
239.63331296183122,1.1749614446318277
239.65331407300405,1.1751974773426683
239.67331518417691,1.175433424654899
239.69331629534975,1.1756692864535077
239.7133174065226,1.1759050626235266
239.73331851769544,1.1761407530500274
239.75331962886827,1.1763763576181254
239.77332074004113,1.176611876212977
239.79332185121396,1.1768473087197802
239.81332296238682,1.1770826550237763
239.83332407355965,1.1773179150102462
239.85332518473248,1.177553088564515
239.87332629590534,1.1777881755719493
239.89332740707817,1.1780231759179576
239.91332851825103,1.1782580894879917
239.93332962942387,1.1784929161675435
239.9533307405967,1.1787276558421493
239.97333185176956,1.1789623083973872
239.9933329629424,1.1791968737188774
240.01333407411525,1.1794313516922839
240.03333518528808,1.1796657422033106
240.0533362964609,1.1799000451377066
240.07333740763377,1.1801342603812635
240.0933385188066,1.1803683878198137
240.11333962997946,1.180602427339234
240.1333407411523,1.180836378825444
240.15334185232513,1.1810702421644057
240.173342963498,1.1813040172421252
240.19334407467082,1.181537703944649
240.21334518584368,1.1817713021580696
240.2333462970165,1.182004811768521
240.25334740818934,1.182238232662181
240.2733485193622,1.1824715647252708
240.29334963053503,1.1827048078440536
240.3133507417079,1.1829379619048372
240.33335185288072,1.183171026793973
240.35335296405356,1.1834040023978551
240.37335407522642,1.1836368886029218
240.39335518639925,1.1838696852956538
240.4133562975721,1.184102392362577
240.43335740874494,1.1843350096902594
240.45335851991777,1.184567537165314
240.47335963109063,1.184799974674397
240.49336074226346,1.1850323221042087
240.51336185343632,1.1852645793414935
240.53336296460915,1.185496746273039
240.55336407578199,1.1857288227856773
240.57336518695485,1.1859608087662845
240.59336629812768,1.1861927041017812
240.61336740930054,1.1864245086791323
240.63336852047337,1.1866562223853454
240.6533696316462,1.1868878451074742
240.67337074281906,1.1871193767326162
240.6933718539919,1.1873508171479126
240.71337296516475,1.1875821662405497
240.73337407633758,1.1878134238977587
240.75337518751041,1.1880445900068144
240.77337629868327,1.1882756644550376
240.7933774098561,1.1885066471297916
240.81337852102897,1.1887375379184866
240.8333796322018,1.1889683367085764
240.85338074337463,1.18919904338756
240.8733818545475,1.1894296578429822
240.89338296572032,1.1896601799624302
240.91338407689318,1.1898906096335389
240.933385188066,1.1901209467439868
240.95338629923884,1.1903511911814981
240.9733874104117,1.1905813428338425
240.99338852158454,1.1908114015888331
241.0133896327574,1.1910413673343312
241.03339074393023,1.1912712399582404
241.05339185510306,1.1915010193485116
241.07339296627592,1.191730705393141
241.09339407744875,1.1919602979801696
241.1133951886216,1.192189796997685
241.13339629979444,1.1924192023338187
241.15339741096727,1.1926485138767495
241.17339852214013,1.1928777315147012
241.19339963331296,1.1931068551359436
241.21340074448582,1.1933358846287927
241.23340185565866,1.193564819881609
241.2534029668315,1.1937936607828
241.27340407800435,1.1940224072208192
241.29340518917718,1.1942510590841662
241.31340630035004,1.1944796162613867
241.33340741152287,1.1947080786410713
241.3534085226957,1.1949364461118586
241.37340963386856,1.1951647185624332
241.3934107450414,1.195392895881524
241.41341185621425,1.195620977957909
241.43341296738708,1.1958489646804111
241.45341407855992,1.1960768559378998
241.47341518973278,1.1963046516192921
241.4934163009056,1.1965323516135498
241.51341741207847,1.1967599558096826
241.5334185232513,1.1969874640967468
241.55341963442413,1.1972148763638455
241.573420745597,1.1974421925001288
241.59342185676982,1.197669412394792
241.61342296794268,1.1978965359370795
241.6334240791155,1.1981235630162814
241.65342519028835,1.1983504935217353
241.6734263014612,1.1985773273428262
241.69342741263404,1.1988040643689848
241.7134285238069,1.199030704489691
241.73342963497973,1.1992572475944698
241.75343074615256,1.1994836935728952
241.77343185732542,1.1997100423145877
241.79343296849825,1.1999362937092155
241.8134340796711,1.200162447646495
241.83343519084394,1.2003885040161877
241.85343630201677,1.2006144627081048
241.87343741318963,1.200840323612105
241.89343852436247,1.201066086618094
241.91343963553533,1.2012917516160257
241.93344074670816,1.2015173184959007
241.953441857881,1.2017427871477688
241.97344296905385,1.2019681574617276
241.99344408022668,1.2021934293279208
242.01344519139954,1.2024186026365422
242.03344630257237,1.202643677277833
242.0534474137452,1.2028686531420822
242.07344852491806,1.2030935301196277
242.0934496360909,1.2033183081008536
242.11345074726376,1.2035429869761947
242.1334518584366,1.203767566636133
242.15345296960942,1.2039920469711987
242.17345408078228,1.2042164278719714
242.1934551919551,1.204440709229077
242.21345630312797,1.2046648909331923
242.2334574143008,1.2048889728750416
242.25345852547363,1.2051129549453978
242.2734596366465,1.2053368370350834
242.29346074781932,1.2055606190349677
242.31346185899218,1.2057843008359708
242.33346297016502,1.20600788232906
242.35346408133785,1.2062313634052528
242.3734651925107,1.206454743955615
242.39346630368354,1.2066780238712616
242.4134674148564,1.2069012030433572
242.43346852602923,1.2071242813631138
242.45346963720206,1.207347258721794
242.47347074837492,1.2075701350107095
242.49347185954775,1.2077929101212208
242.5134729707206,1.2080155839447388
242.53347408189344,1.2082381563727216
242.55347519306628,1.2084606272966787
242.57347630423914,1.2086829966081685
242.59347741541197,1.2089052641987985
242.61347852658483,1.2091274299602273
242.63347963775766,1.2093494937841602
242.6534807489305,1.209571455562355
242.67348186010335,1.2097933151866185
242.69348297127618,1.210015072548806
242.71348408244904,1.2102367275408241
242.73348519362187,1.210458280054629
242.7534863047947,1.2106797299822267
242.77348741596757,1.2109010772156736
242.7934885271404,1.2111223216470748
242.81348963831326,1.2113434631685869
242.8334907494861,1.2115645016724161
242.85349186065892,1.2117854370508194
242.87349297183178,1.2120062691961038
242.8934940830046,1.2122269980006255
242.91349519417747,1.2124476233567922
242.9334963053503,1.212668145157063
242.95349741652313,1.2128885632939448
242.973498527696,1.2131088776599972
242.99349963886883,1.2133290881478296
243.0135007500417,1.2135491946501027
243.03350186121452,1.2137691970595266
243.05350297238735,1.213989095268863
243.0735040835602,1.2142088891709244
243.09350519473304,1.2144285786585742
243.1135063059059,1.214648163624727
243.13350741707873,1.2148676439623465
243.15350852825156,1.2150870195644496
243.17350963942442,1.2153062903241034
243.19351075059726,1.215525456134426
243.21351186177012,1.2157445168885874
243.23351297294295,1.215963472479807
243.25351408411578,1.2161823228013573
243.27351519528864,1.216401067746562
243.29351630646147,1.2166197072087943
243.31351741763433,1.216838241081481
243.33351852880716,1.2170566692580995
243.35351963998,1.2172749916321783
243.37352075115285,1.217493208097299
243.39352186232568,1.2177113185470925
243.41352297349854,1.217929322875243
243.43352408467138,1.218147220975486
243.4535251958442,1.218365012741609
243.47352630701707,1.2185826980674515
243.4935274181899,1.2188002768469035
243.51352852936276,1.2190177489739087
243.5335296405356,1.2192351143424616
243.55353075170845,1.2194523728466102
243.57353186288128,1.2196695243804523
243.5935329740541,1.2198865688381395
243.61353408522697,1.220103506113876
243.6335351963998,1.2203203361019166
243.65353630757267,1.2205370586965691
243.6735374187455,1.2207536737921945
243.69353852991833,1.220970181283205
243.7135396410912,1.2211865810640665
243.73354075226402,1.2214028730292954
243.75354186343688,1.2216190570734629
243.7735429746097,1.2218351330911914
243.79354408578254,1.2220511009771566
243.8135451969554,1.222266960626087
243.83354630812823,1.2224827119327626
243.8535474193011,1.2226983547920178
243.87354853047393,1.222913889098739
243.89354964164676,1.2231293147478657
243.91355075281962,1.2233446316343912
243.93355186399245,1.2235598396533596
243.9535529751653,1.2237749386998709
243.97355408633814,1.2239899286690754
243.99355519751097,1.2242048094561786
244.01355630868383,1.2244195809564387
244.03355741985666,1.2246342430651667
244.05355853102952,1.224848795677728
244.07355964220235,1.22506323868954
244.0935607533752,1.225277571996074
244.11356186454805,1.2254917954928555
244.13356297572088,1.2257059090754625
244.15356408689374,1.225919912639528
244.17356519806657,1.2261338060807363
244.1935663092394,1.2263475892948275
244.21356742041226,1.226561262177595
244.2335685315851,1.2267748246248846
244.25356964275795,1.226988276532598
244.27357075393078,1.2272016177966891
244.29357186510362,1.2274148483131666
244.31357297627648,1.227627967978094
244.3335740874493,1.2278409766875862
244.35357519862217,1.2280538743378144
244.373576309795,1.2282666608250037
244.39357742096783,1.2284793360454325
244.4135785321407,1.228691899895435
244.43357964331352,1.2289043522713974
244.45358075448638,1.229116693069762
244.4735818656592,1.2293289221870247
244.49358297683204,1.2295410395197366
244.5135840880049,1.229753044964503
244.53358519917774,1.2299649384179827
244.5535863103506,1.230176719776891
244.57358742152343,1.2303883889379952
244.59358853269626,1.23059994579812
244.61358964386912,1.2308113902541435
244.63359075504195,1.2310227222029988
244.6535918662148,1.2312339415416742
244.67359297738764,1.2314450481672117
244.69359408856047,1.2316560419767093
244.71359519973333,1.23186692286732
244.73359631090617,1.2320776907362516
244.75359742207903,1.2322883454807676
244.77359853325186,1.2324988869981846
244.7935996444247,1.2327093151858766
244.81360075559755,1.232919629941272
244.83360186677038,1.2331298311618544
244.85360297794324,1.2333399187451637
244.87360408911607,1.2335498925887933
244.8936052002889,1.2337597525903936
244.91360631146176,1.2339694986476704
244.9336074226346,1.2341791306583838
244.95360853380745,1.2343886485203508
244.9736096449803,1.2345980521314437
244.99361075615312,1.2348073413895901
245.01361186732598,1.2350165161927746
245.0336129784988,1.2352255764390352
245.05361408967167,1.2354345220264675
245.0736152008445,1.2356433528532231
245.09361631201733,1.235852068817509
245.1136174231902,1.2360606698175887
245.13361853436302,1.23626915575178
245.15361964553588,1.236477526518459
245.17362075670871,1.236685782016057
245.19362186788155,1.2368939221430615
245.2136229790544,1.2371019467980164
245.23362409022724,1.2373098558795212
245.2536252014001,1.2375176492862332
245.27362631257293,1.237725326916864
245.29362742374576,1.2379328886701835
245.31362853491862,1.238140334445017
245.33362964609145,1.238347664140247
245.3536307572643,1.238554877654813
245.37363186843714,1.238761974887709
245.39363297960998,1.238968955737988
245.41363409078284,1.2391758201047585
245.43363520195567,1.2393825678871861
245.45363631312853,1.2395891989844943
245.47363742430136,1.2397957132959607
245.4936385354742,1.2400021107209225
245.51363964664705,1.2402083911587731
245.53364075781988,1.2404145545089622
245.55364186899274,1.2406206006709972
245.57364298016557,1.240826529544443
245.5936440913384,1.2410323410289206
245.61364520251126,1.24123803502411
245.6336463136841,1.2414436114297456
245.65364742485696,1.2416490701456218
245.6736485360298,1.2418544110715894
245.69364964720262,1.2420596341075565
245.71365075837548,1.2422647391534891
245.7336518695483,1.2424697261094098
245.75365298072117,1.2426745948753994
245.773654091894,1.2428793453515965
245.79365520306683,1.243083977438197
245.8136563142397,1.2432884910354554
245.83365742541253,1.2434928860436818
245.85365853658539,1.2436971623632467
245.87365964775822,1.243901319894576
245.89366075893105,1.2441053585381558
245.9136618701039,1.2443092781945284
245.93366298127674,1.2445130787642953
245.9536640924496,1.244716760148116
245.97366520362243,1.2449203222467062
245.99366631479526,1.2451237649608422
246.01366742596812,1.2453270881913572
246.03366853714095,1.2455302918391429
246.05366964831381,1.24573337580515
246.07367075948665,1.2459363399903856
246.09367187065948,1.2461391842959173
246.11367298183234,1.2463419086228698
246.13367409300517,1.2465445128724268
246.15367520417803,1.2467469969458316
246.17367631535086,1.2469493607443831
246.1936774265237,1.2471516041694417
246.21367853769655,1.247353727122426
246.23367964886938,1.2475557295048114
246.25368076004224,1.2477576112181343
246.27368187121508,1.247959372163989
246.2936829823879,1.2481610122440285
246.31368409356077,1.2483625313599658
246.3336852047336,1.2485639294135706
246.35368631590646,1.248765206306674
246.3736874270793,1.248966361941165
246.39368853825212,1.2491673962189918
246.41368964942498,1.2493683090421623
246.4336907605978,1.2495691003127425
246.45369187177067,1.2497697699328583
246.4736929829435,1.2499703178046953
246.49369409411634,1.2501707438304983
246.5136952052892,1.2503710479125705
246.53369631646203,1.2505712299532754
246.5536974276349,1.2507712898550367
246.57369853880772,1.2509712275203357
246.59369964998055,1.2511710428517149
246.6137007611534,1.2513707357517756
246.63370187232624,1.2515703061231795
246.6537029834991,1.251769753868648
246.67370409467193,1.2519690788909608
246.69370520584476,1.2521682810929593
246.71370631701762,1.2523673603775434
246.73370742819046,1.2525663166476741
246.75370853936332,1.2527651498063719
246.77370965053615,1.2529638597567163
246.79371076170898,1.2531624464018483
246.81371187288184,1.2533609096449685
246.83371298405467,1.2535592493893373
246.85371409522753,1.2537574655382753
246.87371520640036,1.2539555579951642
246.8937163175732,1.2541535266634452
246.91371742874605,1.2543513714466206
246.93371853991889,1.2545490922482514
246.95371965109175,1.2547466889719607
246.97372076226458,1.2549441615214318
246.9937218734374,1.255141509800408
247.01372298461027,1.2553387337126942
247.0337240957831,1.2555358331621538
247.05372520695596,1.2557328080527133
247.0737263181288,1.2559296582883583
247.09372742930162,1.2561263837731362
247.11372854047448,1.256322984411155
247.13372965164731,1.256519460106582
247.15373076282017,1.2567158107636485
247.173731873993,1.2569120362866433
247.19373298516584,1.2571081365799182
247.2137340963387,1.2573041115478862
247.23373520751153,1.2574999610950206
247.2537363186844,1.2576956851258565
247.27373742985722,1.2578912835449891
247.29373854103005,1.2580867562570759
247.3137396522029,1.258282103166835
247.33374076337574,1.2584773241790463
247.3537418745486,1.2586724191985517
247.37374298572144,1.2588673881302521
247.39374409689427,1.2590622308791124
247.41374520806713,1.2592569473501578
247.43374631923996,1.2594515374484756
247.45374743041282,1.2596460010792145
247.47374854158565,1.2598403381475842
247.49374965275848,1.2600345485588569
247.51375076393134,1.2602286322183667
247.53375187510417,1.2604225890315084
247.55375298627703,1.2606164189037394
247.57375409744986,1.2608101217405792
247.5937552086227,1.2610036974476087
247.61375631979556,1.2611971459304714
247.6337574309684,1.2613904670948717
247.65375854214125,1.261583660846577
247.67375965331408,1.2617767270914166
247.6937607644869,1.2619696657352821
247.71376187565977,1.2621624766841273
247.7337629868326,1.262355159843967
247.75376409800546,1.2625477151208808
247.7737652091783,1.2627401424210076
247.79376632035112,1.262932441650551
247.81376743152398,1.2631246127157765
247.83376854269682,1.2633166555230115
247.85376965386968,1.2635085699786468
247.8737707650425,1.2637003559891347
247.89377187621534,1.2638920134609903
247.9137729873882,1.2640835423007926
247.93377409856103,1.2642749424151818
247.9537752097339,1.264466213710862
247.97377632090672,1.2646573560945988
247.99377743207955,1.2648483694732218
248.0137785432524,1.2650392537536228
248.03377965442525,1.265230008842757
248.0537807655981,1.2654206346476429
248.07378187677094,1.2656111310753602
248.0937829879438,1.2658014980330543
248.11378409911663,1.265991735427931
248.13378521028946,1.2661818431672616
248.15378632146232,1.266371821158379
248.17378743263515,1.2665616693086803
248.193788543808,1.266751387525626
248.21378965498084,1.2669409757167385
248.23379076615367,1.267130433789605
248.25379187732653,1.2673197616518754
248.27379298849937,1.2675089592112638
248.29379409967223,1.2676980263755477
248.31379521084506,1.2678869630525667
248.3337963220179,1.2680757691502258
248.35379743319075,1.2682644445764928
248.37379854436358,1.2684529892393994
248.39379965553644,1.2686414030470416
248.41380076670927,1.2688296859075776
248.4338018778821,1.269017837729231
248.45380298905496,1.269205858420289
248.4738041002278,1.2693937478891015
248.49380521140066,1.2695815060440836
248.5138063225735,1.2697691327937146
248.53380743374632,1.2699566280465369
248.55380854491918,1.2701439917111579
248.573809656092,1.270331223696248
248.59381076726487,1.2705183239105429
248.6138118784377,1.2707052922628417
248.63381298961053,1.2708921286620085
248.6538141007834,1.271078833016972
248.67381521195622,1.2712654052367234
248.69381632312908,1.2714518452303203
248.71381743430192,1.2716381529068836
248.73381854547475,1.2718243281755996
248.7538196566476,1.272010370945719
248.77382076782044,1.2721962811265555
248.7938218789933,1.2723820586274899
248.81382299016613,1.2725677033579654
248.83382410133896,1.2727532152274916
248.85382521251182,1.272938594145642
248.87382632368465,1.273123840022055
248.8938274348575,1.2733089527664347
248.91382854603035,1.2734939322885486
248.93382965720318,1.27367877849823
248.95383076837604,1.2738634913053772
248.97383187954887,1.2740480706199535
248.99383299072173,1.2742325163519879
249.01383410189456,1.2744168284115722
249.0338352130674,1.274601006708866
249.05383632424025,1.2747850511540932
249.07383743541308,1.2749689616575421
249.09383854658594,1.2751527381295675
249.11383965775877,1.2753363804805888
249.1338407689316,1.275519888621091
249.15384188010447,1.2757032624616254
249.1738429912773,1.2758865019128063
249.19384410245016,1.2760696068853161
249.213845213623,1.2762525772899016
249.23384632479582,1.2764354130373752
249.25384743596868,1.2766181140386155
249.2738485471415,1.2768006802045657
249.29384965831437,1.2769831114462358
249.3138507694872,1.2771654076747008
249.33385188066003,1.2773475688011022
249.3538529918329,1.2775295947366476
249.37385410300573,1.2777114853926086
249.3938552141786,1.2778932406803252
249.41385632535142,1.2780748605112011
249.43385743652425,1.278256344796708
249.4538585476971,1.2784376934483825
249.47385965886994,1.278618906377828
249.4938607700428,1.2787999834967136
249.51386188121563,1.2789809247167745
249.53386299238846,1.2791617299498121
249.55386410356132,1.2793423991076949
249.57386521473416,1.279522932102357
249.59386632590702,1.279703328845799
249.61386743707985,1.2798835892500877
249.63386854825268,1.280063713227357
249.65386965942554,1.2802437006898066
249.67387077059837,1.280423551549703
249.69387188177123,1.2806032657193802
249.71387299294406,1.2807828431112367
249.7338741041169,1.2809622836377397
249.75387521528975,1.2811415872114225
249.77387632646258,1.281320753744884
249.79387743763544,1.281499783150792
249.81387854880828,1.2816786753418792
249.8338796599811,1.2818574302309464
249.85388077115397,1.2820360477308619
249.8738818823268,1.2822145277545585
249.89388299349966,1.282392870215038
249.9138841046725,1.2825710750253692
249.93388521584532,1.282749142098687
249.95388632701818,1.282927071348195
249.973887438191,1.2831048626871622
249.99388854936387,1.2832825160289256
250.0138896605367,1.2834600312868896
250.03389077170954,1.2836374083745266
250.0538918828824,1.2838146472053742
250.07389299405523,1.2839917476930396
250.0938941052281,1.284168709751197
250.11389521640092,1.2843455332935863
250.13389632757375,1.284522218234017
250.1538974387466,1.2846987644863659
250.17389854991944,1.2848751719645761
250.1938996610923,1.2850514405826603
250.21390077226513,1.2852275702546967
250.23390188343797,1.2854035608948324
250.25390299461083,1.2855794124172826
250.27390410578366,1.2857551247363297
250.29390521695652,1.2859306977663247
250.31390632812935,1.2861061314216848
250.33390743930218,1.2862814256168968
250.35390855047504,1.2864565802665155
250.37390966164787,1.2866315952851624
250.39391077282073,1.286806470587528
250.41391188399356,1.2869812060883707
250.4339129951664,1.2871558017025173
250.45391410633925,1.2873302573448628
250.4739152175121,1.2875045729303696
250.49391632868495,1.287678748374069
250.51391743985778,1.287852783591061
250.5339185510306,1.288026678496513
250.55391966220347,1.2882004330056624
250.5739207733763,1.2883740470338125
250.59392188454916,1.2885475204963375
250.613922995722,1.2887208533086785
250.63392410689482,1.2888940453863464
250.65392521806768,1.2890670966449203
250.67392632924052,1.2892400070000467
250.69392744041338,1.289412776367443
250.7139285515862,1.2895854046628932
250.73392966275904,1.2897578918022512
250.7539307739319,1.2899302377014399
250.77393188510473,1.2901024422764507
250.7939329962776,1.2902745054433438
250.81393410745042,1.2904464271182476
250.83393521862325,1.2906182072173613
250.8539363297961,1.2907898456569515
250.87393744096894,1.2909613423533546
250.8939385521418,1.2911326972229764
250.91393966331464,1.29130391018229
250.93394077448747,1.2914749811478403
250.95394188566033,1.2916459100362394
250.97394299683316,1.2918166967641698
250.99394410800602,1.2919873412483829
251.01394521917885,1.2921578434056988
251.03394633035168,1.2923282031530081
251.05394744152454,1.2924984204072707
251.07394855269737,1.2926684950855145
251.09394966387023,1.2928384271048385
251.11395077504307,1.2930082163824108
251.1339518862159,1.2931778628354689
251.15395299738876,1.2933473663813204
251.1739541085616,1.293516726937341
251.19395521973445,1.2936859444209783
251.21395633090728,1.2938550187497482
251.2339574420801,1.294023949841237
251.25395855325297,1.2941927376131006
251.2739596644258,1.2943613819830642
251.29396077559866,1.2945298828689242
251.3139618867715,1.2946982401885454
251.33396299794433,1.294866453859864
251.3539641091172,1.2950345238008851
251.37396522029002,1.2952024499296848
251.39396633146288,1.295370232164409
251.4139674426357,1.295537870423273
251.43396855380854,1.2957053646245629
251.4539696649814,1.2958727146866353
251.47397077615423,1.2960399205279165
251.4939718873271,1.2962069820669042
251.51397299849992,1.2963738992221643
251.53397410967276,1.2965406719123351
251.55397522084562,1.2967073000561244
251.57397633201845,1.2968737835723108
251.5939774431913,1.2970401223797436
251.61397855436414,1.2972063163973413
251.63397966553697,1.2973723655440943
251.65398077670983,1.297538269739064
251.67398188788266,1.2977040289013808
251.69398299905552,1.2978696429502472
251.71398411022835,1.2980351118049356
251.73398522140118,1.29820043538479
251.75398633257404,1.2983656136092248
251.77398744374688,1.2985306463977244
251.79398855491974,1.2986955336698456
251.81398966609257,1.298860275345215
251.8339907772654,1.2990248713435308
251.85399188843826,1.2991893215845627
251.8739929996111,1.2993536259881493
251.89399411078395,1.2995177844742025
251.91399522195678,1.2996817969627048
251.9339963331296,1.299845663373709
251.95399744430247,1.3000093836273408
251.9739985554753,1.3001729576437946
251.99399966664816,1.300336385343339
252.014000777821,1.3004996666463111
252.03400188899383,1.3006628014731216
252.0540030001667,1.3008257897442514
252.07400411133952,1.3009886313802534
252.09400522251238,1.3011513263017522
252.1140063336852,1.3013138744294424
252.13400744485804,1.3014762756840916
252.1540085560309,1.3016385299865387
252.17400966720373,1.3018006372576942
252.1940107783766,1.3019625974185407
252.21401188954943,1.302124410390131
252.23401300072226,1.3022860760935913
252.25401411189512,1.3024475944501186
252.27401522306795,1.3026089653809825
252.2940163342408,1.302770188807524
252.31401744541364,1.3029312646511553
252.33401855658647,1.303092192833362
252.35401966775933,1.303252973275701
252.37402077893216,1.3034136058998005
252.39402189010502,1.3035740906273618
252.41402300127785,1.303734427380158
252.4340241124507,1.303894616080034
252.45402522362355,1.3040546566489077
252.47402633479638,1.3042145490087678
252.49402744596924,1.3043742930816762
252.51402855714207,1.3045338887897673
252.5340296683149,1.304693336055247
252.55403077948776,1.3048526348003948
252.5740318906606,1.3050117849475609
252.59403300183345,1.3051707864191695
252.61403411300628,1.305329639137716
252.63403522417914,1.305488343025769
252.65403633535198,1.30564689800597
252.6740374465248,1.3058053040010322
252.69403855769767,1.3059635609337428
252.7140396688705,1.3061216687269592
252.73404078004336,1.306279627303614
252.7540418912162,1.3064374365867113
252.77404300238902,1.3065950964993283
252.79404411356188,1.3067526069646154
252.8140452247347,1.3069099679057943
252.83404633590757,1.3070671792461614
252.8540474470804,1.3072242409090853
252.87404855825324,1.307381152818007
252.8940496694261,1.307537914896442
252.91405078059893,1.3076945270679772
252.9340518917718,1.3078509892562735
252.95405300294462,1.3080073013850644
252.97405411411745,1.3081634633781567
252.9940552252903,1.308319475159431
253.01405633646314,1.3084753366528399
253.034057447636,1.308631047782411
253.05405855880883,1.308786608472243
253.07405966998166,1.3089420186465097
253.09406078115452,1.3090972782294577
253.11406189232736,1.3092523871454067
253.13406300350022,1.3094073453187507
253.15406411467305,1.3095621526739558
253.17406522584588,1.3097168091355624
253.19406633701874,1.309871314628185
253.21406744819157,1.3100256690765106
253.23406855936443,1.3101798724053013
253.25406967053726,1.3103339245393908
253.2740707817101,1.3104878254036878
253.29407189288295,1.3106415749231757
253.31407300405579,1.3107951730229088
253.33407411522865,1.310948619628018
253.35407522640148,1.3111019146637066
253.3740763375743,1.3112550580552524
253.39407744874717,1.3114080497280072
253.41407855992,1.3115608896073958
253.43407967109286,1.3117135776189175
253.4540807822657,1.3118661136881462
253.47408189343852,1.3120184977407294
253.49408300461138,1.312170729702389
253.51408411578421,1.3123228094989199
253.53408522695707,1.3124747370561927
253.5540863381299,1.312626512300151
253.57408744930274,1.3127781351568135
253.5940885604756,1.3129296055522734
253.61408967164843,1.3130809234126968
253.6340907828213,1.3132320886643254
253.65409189399412,1.3133831012334745
253.67409300516695,1.3135339610465346
253.6940941163398,1.3136846680299703
253.71409522751264,1.3138352221103204
253.7340963386855,1.3139856232141993
253.75409744985834,1.3141358712682942
253.77409856103117,1.3142859661993684
253.79409967220403,1.3144359079342591
253.81410078337686,1.3145856963998785
253.83410189454972,1.314735331523214
253.85410300572255,1.314884813231326
253.87410411689538,1.3150341414513518
253.89410522806824,1.3151833161105022
253.91410633924107,1.3153323371360628
253.93410745041393,1.315481204455395
253.95410856158676,1.3156299179959345
253.9741096727596,1.3157784776851922
253.99411078393246,1.3159268834507538
254.0141118951053,1.31607513522028
254.03411300627815,1.3162232329215064
254.05411411745098,1.3163711764822443
254.0741152286238,1.3165189658303798
254.09411633979667,1.3166666008938743
254.1141174509695,1.3168140816007639
254.13411856214236,1.3169614078791605
254.1541196733152,1.317108579657251
254.17412078448803,1.3172555968632977
254.19412189566089,1.3174024594256388
254.21412300683372,1.3175491672726862
254.23412411800658,1.3176957203329296
254.2541252291794,1.3178421185349316
254.27412634035224,1.3179883618073323
254.2941274515251,1.3181344500788466
254.31412856269793,1.3182803832782646
254.3341296738708,1.318426161334453
254.35413078504362,1.3185717841763525
254.37413189621645,1.318717251732981
254.3941330073893,1.3188625639334313
254.41413411856215,1.3190077207068724
254.434135229735,1.319152721982549
254.45413634090784,1.3192975676897805
254.47413745208067,1.3194422577579636
254.49413856325353,1.3195867921165703
254.51413967442636,1.3197311706951482
254.53414078559922,1.3198753934233216
254.55414189677205,1.32001946023079
254.57414300794488,1.3201633710473288
254.59414411911774,1.3203071258027907
254.61414523029057,1.3204507244271029
254.63414634146343,1.3205941668502692
254.65414745263627,1.3207374530023706
254.6741485638091,1.3208805828135626
254.69414967498196,1.3210235562140784
254.7141507861548,1.321166373134226
254.73415189732765,1.321309033504391
254.75415300850048,1.3214515372550346
254.7741541196733,1.3215938843166946
254.79415523084617,1.3217360746199849
254.814156342019,1.321878108095596
254.83415745319186,1.3220199846742946
254.8541585643647,1.3221617042869247
254.87415967553753,1.3223032668644057
254.8941607867104,1.3224446723377339
254.91416189788322,1.3225859206379829
254.93416300905608,1.3227270116963021
254.9541641202289,1.3228679454439174
254.97416523140174,1.3230087218121322
254.9941663425746,1.3231493407323263
255.01416745374743,1.3232898021359556
255.0341685649203,1.3234301059545541
255.05416967609312,1.323570252119731
255.07417078726596,1.3237102405631735
255.09417189843882,1.3238500712166457
255.11417300961165,1.3239897440119877
255.1341741207845,1.3241292588811175
255.15417523195734,1.3242686157560297
255.17417634313017,1.3244078145687954
255.19417745430303,1.324546855251564
255.21417856547586,1.3246857377365606
255.23417967664872,1.3248244619560883
255.25418078782155,1.324963027842527
255.27418189899439,1.325101435328334
255.29418301016725,1.325239684346044
255.31418412134008,1.3253777748282676
255.33418523251294,1.3255157067076946
255.35418634368577,1.325653479917091
255.3741874548586,1.3257910943893
255.39418856603146,1.3259285500572433
255.4141896772043,1.3260658468539184
255.43419078837715,1.3262029847124015
255.45419189954998,1.3263399635658457
255.47419301072281,1.3264767833474818
255.49419412189567,1.3266134439906185
255.5141952330685,1.3267499454286409
255.53419634424137,1.3268862875950131
255.5541974554142,1.3270224704232758
255.57419856658703,1.3271584938470478
255.5941996777599,1.3272943578000256
255.61420078893272,1.3274300622159836
255.63420190010558,1.3275656070287738
255.6542030112784,1.3277009921723257
255.67420412245124,1.3278362175806468
255.6942052336241,1.327971283187823
255.71420634479693,1.3281061889280172
255.7342074559698,1.3282409347354711
255.75420856714263,1.3283755205445036
255.77420967831546,1.328509946289512
255.79421078948832,1.3286442119049715
255.81421190066115,1.3287783173254355
255.834213011834,1.3289122624855358
255.85421412300684,1.329046047319981
255.87421523417967,1.3291796717635593
255.89421634535253,1.3293131357511367
255.91421745652536,1.3294464392176568
255.93421856769822,1.329579582098142
255.95421967887106,1.3297125643276928
255.9742207900439,1.3298453858414883
255.99422190121675,1.329978046574786
256.0142230123896,1.3301105464629208
256.0342241235624,1.330242885441307
256.05422523473527,1.3303750634454372
256.07422634590813,1.3305070804108823
256.09422745708093,1.3306389362732909
256.1142285682538,1.330770630968392
256.13422967942665,1.3309021644319916
256.1542307905995,1.3310335365999748
256.1742319017723,1.3311647474083048
256.1942330129452,1.3312957967930248
256.21423412411804,1.3314266846902554
256.23423523529084,1.3315574110361958
256.2542363464637,1.3316879757671256
256.27423745763656,1.3318183788194013
256.29423856880936,1.3319486201294592
256.3142396799822,1.332078699633814
256.3342407911551,1.3322086172690604
256.35424190232794,1.3323383729718696
256.37424301350075,1.332467966678994
256.3942441246736,1.3325973983272643
256.41424523584647,1.3327266678535903
256.43424634701927,1.3328557751949597
256.4542474581921,1.332984720288441
256.474248569365,1.3331135030711811
256.4942496805378,1.3332421234804044
256.51425079171065,1.3333705814534178
256.5342519028835,1.333498876927604
256.55425301405637,1.3336270098404275
256.5742541252292,1.3337549801294297
256.59425523640203,1.333882787732234
256.6142563475749,1.3340104325865405
256.6342574587477,1.33413791463013
256.65425856992056,1.3342652338008625
256.6742596810934,1.3343923900366774
256.6942607922662,1.3345193832755928
256.7142619034391,1.334646213455708
256.73426301461194,1.3347728805151997
256.7542641257848,1.3348993843923256
256.7742652369576,1.3350257250254214
256.79426634813046,1.3351519023529048
256.8142674593033,1.335277916313271
256.8342685704761,1.3354037668450949
256.854269681649,1.3355294538870326
256.87427079282185,1.3356549773778186
256.89427190399465,1.335780337256267
256.9142730151675,1.3359055334612728
256.93427412634037,1.3360305659318104
256.95427523751323,1.3361554346069329
256.97427634868603,1.3362801394257742
256.9942774598589,1.336404680327548
257.01427857103175,1.3365290572515485
257.03427968220456,1.3366532701371479
257.0542807933774,1.336777318923801
257.0742819045503,1.3369012035510401
257.0942830157231,1.3370249239584793
257.11428412689594,1.3371484800858116
257.1342852380688,1.3372718718728112
257.15428634924166,1.3373950992593313
257.17428746041446,1.3375181621853054
257.1942885715873,1.337641060590748
257.2142896827602,1.337763794415753
257.234290793933,1.337886363600495
257.25429190510584,1.3380087680852282
257.2742930162787,1.3381310078102882
257.2942941274515,1.338253082716089
257.31429523862437,1.3383749927431279
257.3342963497972,1.3384967378319794
257.3542974609701,1.3386183179233007
257.3742985721429,1.3387397329578277
257.39429968331575,1.3388609828763784
257.4143007944886,1.3389820676198503
257.4343019056614,1.339102987129221
257.4543030168343,1.3392237413455503
257.47430412800713,1.3393443302099768
257.49430523917994,1.3394647536637203
257.5143063503528,1.3395850116480819
257.53430746152566,1.3397051041044428
257.5543085726985,1.3398250309742643
257.5743096838713,1.3399447921990892
257.5943107950442,1.3400643877205414
257.61431190621704,1.3401838174803244
257.63431301738984,1.340303081420223
257.6543141285627,1.340422179482104
257.67431523973556,1.340541111607913
257.69431635090837,1.3406598777396774
257.7143174620812,1.3407784778195064
257.7343185732541,1.340896911789589
257.75431968442695,1.3410151795921954
257.77432079559975,1.3411332811696763
257.7943219067726,1.3412512164644652
257.81432301794547,1.3413689854190747
257.8343241291183,1.3414865879760995
257.85432524029113,1.3416040240782152
257.874326351464,1.3417212936681786
257.8943274626368,1.341838396688827
257.91432857380966,1.3419553330830805
257.9343296849825,1.3420721027939386
257.9543307961554,1.342188705764483
257.9743319073282,1.3423051419378764
257.99433301850104,1.3424214112573634
258.0143341296739,1.342537513666269
258.0343352408467,1.342653449108
258.05433635201956,1.3427692175260448
258.0743374631924,1.342884818863973
258.0943385743652,1.3430002530654352
258.1143396855381,1.343115520074165
258.13434079671094,1.3432306198339754
258.1543419078838,1.3433455522887623
258.1743430190566,1.3434603173825026
258.19434413022947,1.3435749150592553
258.2143452414023,1.3436893452631606
258.23434635257513,1.34380360793844
258.254347463748,1.3439177030293976
258.27434857492085,1.3440316304804183
258.29434968609365,1.3441453902359695
258.3143507972665,1.3442589822405995
258.3343519084394,1.3443724064389388
258.35435301961223,1.3444856627757
258.37435413078504,1.344598751195677
258.3943552419579,1.344711671643746
258.41435635313076,1.3448244240648641
258.43435746430356,1.3449370084040717
258.4543585754764,1.3450494246064904
258.4743596866493,1.3451616726173237
258.4943607978221,1.345273752381857
258.51436190899494,1.3453856638454584
258.5343630201678,1.345497406953577
258.55436413134066,1.3456089816517451
258.57436524251347,1.345720387885576
258.5943663536863,1.345831625600766
258.6143674648592,1.3459426947430928
258.634368576032,1.346053595258417
258.65436968720485,1.3461643270926806
258.6743707983777,1.3462748901919088
258.6943719095505,1.3463852845022077
258.7143730207234,1.3464955099697677
258.73437413189623,1.3466055665408594
258.7543752430691,1.3467154541618365
258.7743763542419,1.3468251727791354
258.79437746541475,1.3469347223392747
258.8143785765876,1.3470441027888556
258.8343796877604,1.3471533140745606
258.8543807989333,1.3472623561431565
258.87438191010614,1.3473712289414912
258.89438302127894,1.3474799324164954
258.9143841324518,1.3475884665151825
258.93438524362466,1.347696831184649
258.9543863547975,1.3478050263720724
258.9743874659703,1.3479130520247145
258.9943885771432,1.3480209080899188
259.01438968831604,1.3481285945151122
259.03439079948885,1.348236111247803
259.0543919106617,1.348343458235584
259.07439302183457,1.3484506354261292
259.09439413300737,1.3485576427671953
259.11439524418023,1.3486644802066237
259.1343963553531,1.3487711476923365
259.15439746652595,1.3488776451723399
259.17439857769875,1.3489839725947221
259.1943996888716,1.3490901299076552
259.2144008000445,1.3491961170593934
259.2344019112173,1.349301933998274
259.25440302239014,1.3494075806727173
259.274404133563,1.3495130570312273
259.2944052447358,1.3496183630223892
259.31440635590866,1.3497234985948738
259.3344074670815,1.349828463697433
259.3544085782544,1.3499332582789023
259.3744096894272,1.3500378822882002
259.39441080060004,1.3501423356743294
259.4144119117729,1.3502466183863744
259.4344130229457,1.3503507303735027
259.45441413411857,1.3504546715849672
259.4744152452914,1.3505584419701016
259.4944163564643,1.3506620414783244
259.5144174676371,1.3507654700591358
259.53441857880995,1.3508687276621218
259.5544196899828,1.3509718142369493
259.5744208011556,1.35107472973337
259.59442191232847,1.3511774741012186
259.61442302350133,1.3512800472904132
259.63442413467413,1.3513824492509545
259.654425245847,1.3514846799329288
259.67442635701985,1.3515867392865037
259.6944274681927,1.3516886272619315
259.7144285793655,1.3517903438095473
259.7344296905384,1.3518918888797709
259.75443080171124,1.3519932624231044
259.77443191288404,1.352094464390134
259.7944330240569,1.3521954947315302
259.81443413522976,1.352296353398046
259.83443524640256,1.352397040340519
259.8544363575754,1.35249755550987
259.8744374687483,1.352597898857104
259.89443857992114,1.3526980703333087
259.91443969109395,1.352798069889657
259.9344408022668,1.3528978974774044
259.95444191343967,1.3529975530478913
259.97444302461247,1.3530970365525408
259.99444413578533,1.3531963479428613
260.0144452469582,1.3532954871704435
260.034446358131,1.3533944541869625
260.05444746930385,1.3534932489441789
260.0744485804767,1.3535918713939346
260.0944496916496,1.353690321488158
260.1144508028224,1.3537885991788592
260.13445191399524,1.3538867044181346
260.1544530251681,1.3539846371581632
260.1744541363409,1.3540823973512084
260.19445524751376,1.3541799849496177
260.2144563586866,1.354277399905823
260.2344574698594,1.35437464217234
260.2544585810323,1.354471711701769
260.27445969220514,1.3545686084467938
260.294460803378,1.3546653323601836
260.3144619145508,1.3547618833947899
260.33446302572366,1.354858261503551
260.3544641368965,1.3549544666394873
260.3744652480693,1.3550504987557044
260.3944663592422,1.3551463578053928
260.41446747041505,1.3552420437418262
260.43446858158785,1.3553375565183632
260.4544696927607,1.3554328960884474
260.47447080393357,1.355528062405606
260.49447191510643,1.355623055423451
260.51447302627923,1.3557178750956784
260.5344741374521,1.3558125213760697
260.55447524862495,1.3559069942184903
260.57447635979776,1.3560012935768895
260.5944774709706,1.3560954194053025
260.6144785821435,1.3561893716578481
260.6344796933163,1.3562831502887303
260.65448080448914,1.3563767552522372
260.674481915662,1.356470186502742
260.69448302683486,1.3565634439947023
260.71448413800766,1.35665652768266
260.7344852491805,1.3567494375212432
260.7544863603534,1.356842173465163
260.7744874715262,1.356934735469216
260.79448858269905,1.357027123488284
260.8144896938719,1.3571193374773332
260.8344908050447,1.3572113773914138
260.85449191621757,1.3573032431856629
260.87449302739043,1.3573949348153003
260.8944941385633,1.3574864522356322
260.9144952497361,1.3575777954020487
260.93449636090895,1.357668964270026
260.9544974720818,1.357759958795124
260.9744985832546,1.3578507789329877
260.9944996944275,1.3579414246393486
261.01450080560033,1.3580318958700217
261.03450191677314,1.3581221925809075
261.054503027946,1.3582123147279914
261.07450413911886,1.3583022622673446
261.0945052502917,1.3583920351551224
261.1145063614645,1.3584816333475658
261.1345074726374,1.3585710568010012
261.15450858381024,1.3586603054718396
261.17450969498304,1.3587493793165772
261.1945108061559,1.3588382782917963
261.21451191732876,1.3589270023541633
261.23451302850157,1.3590155514604305
261.2545141396744,1.3591039255674353
261.2745152508473,1.3591921246321008
261.29451636202015,1.3592801486114348
261.31451747319295,1.3593679974625301
261.3345185843658,1.3594556711425665
261.35451969553867,1.3595431696088076
261.3745208067115,1.3596304928186032
261.39452191788433,1.359717640729388
261.4145230290572,1.3598046132986832
261.43452414023,1.3598914104840936
261.45452525140286,1.3599780322433115
261.4745263625757,1.3600644785341132
261.4945274737486,1.3601507493143619
261.5145285849214,1.3602368445420046
261.53452969609424,1.3603227641750757
261.5545308072671,1.3604085081716941
261.5745319184399,1.3604940764900644
261.59453302961276,1.3605794690884772
261.6145341407856,1.3606646859253086
261.6345352519584,1.3607497269590199
261.6545363631313,1.3608345921481593
261.67453747430415,1.3609192814513595
261.694538585477,1.3610037948273392
261.7145396966498,1.361088132234903
261.73454080782267,1.3611722936329418
261.7545419189955,1.3612562789804317
261.77454303016833,1.361340088236434
261.7945441413412,1.3614237213600975
261.81454525251405,1.3615071783106554
261.83454636368685,1.3615904590474273
261.8545474748597,1.3616735635298185
261.8745485860326,1.361756491717321
261.89454969720543,1.3618392435695117
261.91455080837824,1.3619218190460538
261.9345519195511,1.3620042181066965
261.95455303072396,1.3620864407112754
261.97455414189676,1.3621684868197115
261.9945552530696,1.3622503563920119
262.0145563642425,1.3623320493882705
262.0345574754153,1.3624135657686658
262.05455858658814,1.3624949054934643
262.074559697761,1.362576068523017
262.09456080893386,1.362657054817762
262.11456192010667,1.3627378643382224
262.1345630312795,1.3628184970450092
262.1545641424524,1.362898952898818
262.1745652536252,1.3629792318604317
262.19456636479805,1.3630593338907184
262.2145674759709,1.3631392589506337
262.2345685871437,1.363219007001218
262.2545696983166,1.3632985780035995
262.27457080948943,1.3633779719189916
262.2945719206623,1.363457188708694
262.3145730318351,1.3635362283340937
262.33457414300796,1.363615090756663
262.3545752541808,1.3636937759379617
262.3745763653536,1.3637722838396344
262.3945774765265,1.363850614423414
262.41457858769934,1.3639287676511183
262.43457969887214,1.3640067434846521
262.454580810045,1.364084541886007
262.47458192121786,1.3641621628172609
262.4945830323907,1.3642396062405777
262.5145841435635,1.3643168721182084
262.5345852547364,1.3643939604124902
262.55458636590924,1.3644708710858475
262.57458747708205,1.36454760410079
262.5945885882549,1.364624159419916
262.61458969942777,1.3647005370059082
262.63459081060057,1.364776736821537
262.65459192177343,1.36485275882966
262.6745930329463,1.3649286029932204
262.69459414411915,1.365004269275249
262.71459525529195,1.365079757638862
262.7345963664648,1.3651550680472644
262.7545974776377,1.365230200463746
262.7745985888105,1.3653051548516841
262.79459969998334,1.3653799311745431
262.8146008111562,1.3654545293958738
262.834601922329,1.3655289494793135
262.85460303350186,1.3656031913885873
262.8746041446747,1.3656772550875063
262.8946052558476,1.3657511405399687
262.9146063670204,1.3658248477099595
262.93460747819324,1.365898376561551
262.9546085893661,1.3659717270589025
262.9746097005389,1.3660448991662586
262.99461081171177,1.3661178928479536
263.0146119228846,1.3661907080684066
263.03461303405743,1.3662633447921242
263.0546141452303,1.3663358029837007
263.07461525640315,1.3664080826078169
263.094616367576,1.3664801836292404
263.1146174787488,1.366552106012826
263.1346185899217,1.3666238497235164
263.15461970109453,1.36669541472634
263.17462081226734,1.3667668009864131
263.1946219234402,1.3668380084689395
263.21462303461306,1.3669090371392096
263.23462414578586,1.3669798869626002
263.2546252569587,1.3670505579045773
263.2746263681316,1.367121049930692
263.29462747930444,1.3671913630065842
263.31462859047724,1.3672614970979797
263.3346297016501,1.3673314521706927
263.35463081282296,1.367401228190624
263.37463192399576,1.3674708251237617
263.3946330351686,1.3675402429361816
263.4146341463415,1.3676094815940467
263.4346352575143,1.3676785410636063
263.45463636868715,1.3677474213111989
263.47463747986,1.3678161223032488
263.49463859103287,1.3678846440062684
263.51463970220567,1.3679529863868574
263.53464081337853,1.368021149411703
263.5546419245514,1.3680891330475793
263.5746430357242,1.3681569372613482
263.59464414689705,1.3682245620199596
263.6146452580699,1.3682920072904499
263.6346463692427,1.3683592730399436
263.6546474804156,1.3684263592356525
263.67464859158844,1.368493265844876
263.6946497027613,1.3685599928350012
263.7146508139341,1.368626540173502
263.73465192510696,1.368692907827941
263.7546530362798,1.3687590957659679
263.7746541474526,1.3688251039553192
263.7946552586255,1.3688909323638203
263.81465636979834,1.3689565809593836
263.83465748097115,1.369022049710009
263.854658592144,1.3690873385837845
263.87465970331687,1.3691524475488857
263.8946608144897,1.3692173765735756
263.91466192566253,1.3692821256262044
263.9346630368354,1.369346694675212
263.95466414800825,1.3694110836891236
263.97466525918105,1.3694752926365539
263.9946663703539,1.3695393214862044
264.01466748152677,1.3696031702068652
264.03466859269963,1.3696668387674134
264.05466970387243,1.3697303271368144
264.0746708150453,1.3697936352841211
264.09467192621815,1.3698567631784748
264.11467303739096,1.369919710789104
264.1346741485638,1.3699824780853256
264.1546752597367,1.3700450650365439
264.1746763709095,1.3701074716122519
264.19467748208234,1.3701696977820295
264.2146785932552,1.3702317435155453
264.23467970442806,1.3702936087825557
264.25468081560086,1.3703552935529044
264.2746819267737,1.3704167977965245
264.2946830379466,1.3704781214834356
264.3146841491194,1.3705392645837462
264.33468526029225,1.3706002270676527
264.3546863714651,1.3706610089054392
264.3746874826379,1.370721610067478
264.39468859381077,1.37078203052423
264.41468970498363,1.3708422702462433
264.4346908161565,1.370902329204155
264.4546919273293,1.370962207368689
264.47469303850215,1.3710219047106589
264.494694149675,1.3710814212009654
264.5146952608478,1.3711407568105978
264.5346963720207,1.3711999115106335
264.55469748319354,1.3712588852722378
264.57469859436634,1.3713176780666645
264.5946997055392,1.3713762898652555
264.61470081671206,1.3714347206394413
264.6347019278849,1.3714929703607397
264.6547030390577,1.3715510390007575
264.6747041502306,1.3716089265311897
264.69470526140344,1.3716666329238199
264.71470637257625,1.3717241581505188
264.7347074837491,1.3717815021832467
264.75470859492196,1.3718386649940515
264.77470970609477,1.3718956465550698
264.7947108172676,1.371952446838526
264.8147119284405,1.372009065816734
264.83471303961335,1.3720655034620948
264.85471415078615,1.3721217597470983
264.874715261959,1.3721778346443232
264.89471637313187,1.3722337281264356
264.9147174843047,1.3722894401661911
264.93471859547753,1.3723449707364335
264.9547197066504,1.3724003198100945
264.9747208178232,1.3724554873601946
264.99472192899606,1.3725104733598432
265.0147230401689,1.3725652777822375
265.0347241513418,1.3726199006006639
265.0547252625146,1.3726743417884961
265.07472637368744,1.3727286013191984
265.0947274848603,1.3727826791663214
265.1147285960331,1.3728365753035054
265.13472970720596,1.37289028970448
265.1547308183788,1.3729438223430614
265.1747319295516,1.3729971731931563
265.1947330407245,1.3730503422287592
265.21473415189735,1.3731033294239532
265.2347352630702,1.3731561347529098
265.254736374243,1.3732087581898897
265.27473748541587,1.373261199709242
265.29473859658873,1.3733134592854048
265.31473970776153,1.373365536892904
265.3347408189344,1.3734174325063555
265.35474193010725,1.3734691461004624
265.37474304128006,1.373520677650018
265.3947441524529,1.3735720271299032
265.4147452636258,1.3736231945150885
265.43474637479864,1.3736741797806324
265.45474748597144,1.3737249829016827
265.4747485971443,1.3737756038534759
265.49474970831716,1.3738260426113371
265.51475081948996,1.3738762991506803
265.5347519306628,1.3739263734470084
265.5547530418357,1.3739762654759136
265.5747541530085,1.3740259752130752
265.59475526418134,1.374075502634264
265.6147563753542,1.3741248477153372
265.63475748652706,1.3741740104322424
265.65475859769987,1.3742229907610153
265.6747597088727,1.3742717886777815
265.6947608200456,1.374320404158754
265.7147619312184,1.3743688371802363
265.73476304239125,1.3744170877186197
265.7547641535641,1.374465155750385
265.7747652647369,1.3745130412521016
265.7947663759098,1.3745607442004284
265.81476748708263,1.374608264572113
265.8347685982555,1.3746556023439918
265.8547697094283,1.3747027574929902
265.87477082060116,1.374749729996123
265.894771931774,1.3747965198304941
265.9147730429468,1.3748431269732957
265.9347741541197,1.3748895514018098
265.95477526529254,1.3749357930934072
265.97477637646534,1.3749818520255475
265.9947774876382,1.37502772817578
266.01477859881106,1.3750734215217424
266.0347797099839,1.375118932041162
266.0547808211567,1.375164259711855
266.0747819323296,1.375209404511727
266.09478304350245,1.3752543664187722
266.11478415467525,1.3752991454110746
266.1347852658481,1.3753437414668068
266.15478637702097,1.375388154564231
266.1747874881938,1.375432384681698
266.19478859936663,1.375476431797649
266.2147897105395,1.3755202958906125
266.23479082171235,1.3755639769392083
266.25479193288515,1.3756074749221434
266.274793044058,1.3756507898182162
266.2947941552309,1.3756939216063122
266.3147952664037,1.3757368702654078
266.33479637757654,1.3757796357745677
266.3547974887494,1.3758222181129467
266.3747985999222,1.3758646172597873
266.39479971109506,1.3759068331944235
266.4148008222679,1.375948865896277
266.4348019334408,1.3759907153448592
266.4548030446136,1.376032381519771
266.47480415578644,1.376073864400703
266.4948052669593,1.3761151639674338
266.5148063781321,1.376156280199833
266.53480748930497,1.3761972130778586
266.5548086004778,1.3762379625815582
266.57480971165063,1.3762785286910686
266.5948108228235,1.3763189113866163
266.61481193399635,1.3763591106485173
266.6348130451692,1.3763991264571764
266.654814156342,1.3764389587930885
266.6748152675149,1.3764786076368376
266.69481637868773,1.3765180729690973
266.71481748986054,1.37655735477063
266.7348186010334,1.3765964530222887
266.75481971220626,1.3766353677050152
266.77482082337906,1.3766740987998405
266.7948219345519,1.3767126462878858
266.8148230457248,1.376751010150361
266.83482415689764,1.3767891903685665
266.85482526807044,1.376827186923891
266.8748263792433,1.3768649997978142
266.89482749041616,1.376902628971904
266.91482860158897,1.3769400744278182
266.9348297127618,1.3769773361473048
266.9548308239347,1.3770144141122005
266.9748319351075,1.377051308304432
266.99483304628035,1.3770880187060155
267.0148341574532,1.377124545299057
267.03483526862607,1.377160888065752
267.05483637979887,1.377197046988385
267.07483749097173,1.3772330220493312
267.0948386021446,1.3772688132310544
267.1148397133174,1.3773044205161085
267.13484082449025,1.3773398438871374
267.1548419356631,1.3773750833268739
267.1748430468359,1.3774101388181408
267.1948441580088,1.377445010343851
267.21484526918164,1.377479697887006
267.2348463803545,1.3775142014306985
267.2548474915273,1.377548520958109
267.27484860270016,1.3775826564525095
267.294849713873,1.377616607897261
267.3148508250458,1.3776503752758134
267.3348519362187,1.3776839585717076
267.35485304739154,1.3777173577685735
267.37485415856435,1.377750572850131
267.3948552697372,1.3777836038001896
267.41485638091007,1.377816450602649
267.4348574920829,1.3778491132414976
267.45485860325573,1.3778815917008147
267.4748597144286,1.377913885964769
267.49486082560145,1.3779459960176188
267.51486193677425,1.3779779218437123
267.5348630479471,1.3780096634274874
267.55486415912,1.378041220753472
267.5748652702928,1.3780725938062839
267.59486638146564,1.3781037825706304
267.6148674926385,1.3781347870313088
267.63486860381136,1.3781656071732065
267.65486971498416,1.3781962429812997
267.674870826157,1.378226694440656
267.6948719373299,1.3782569615364317
267.7148730485027,1.3782870442538735
267.73487415967554,1.3783169425783177
267.7548752708484,1.3783466564951907
267.7748763820212,1.3783761859900088
267.79487749319406,1.3784055310483778
267.8148786043669,1.378434691655994
267.8348797155398,1.3784636677986428
267.8548808267126,1.3784924594622006
267.87488193788545,1.3785210666326329
267.8948830490583,1.378549489295995
267.9148841602311,1.378577727438433
267.93488527140397,1.3786057810461823
267.95488638257683,1.3786336501055683
267.97488749374963,1.3786613346030065
267.9948886049225,1.3786888345250023
268.01488971609535,1.3787161498581515
268.0348908272682,1.3787432805891386
268.054891938441,1.3787702267047397
268.0748930496139,1.3787969881918196
268.09489416078674,1.378823565037334
268.11489527195954,1.378849957228328
268.1348963831324,1.3788761647519372
268.15489749430526,1.3789021875953866
268.17489860547806,1.3789280257459917
268.1948997166509,1.3789536791911583
268.2149008278238,1.3789791479183813
268.23490193899664,1.3790044319152464
268.25490305016945,1.379029531169429
268.2749041613423,1.3790544456686948
268.29490527251517,1.3790791754008993
268.31490638368797,1.3791037203539884
268.33490749486083,1.3791280805159976
268.3549086060337,1.379152255875053
268.3749097172065,1.3791762464193702
268.39491082837935,1.3792000521372554
268.4149119395522,1.3792236730171048
268.4349130507251,1.3792471090474043
268.4549141618979,1.3792703602167307
268.47491527307074,1.3792934265137498
268.4949163842436,1.3793163079272182
268.5149174954164,1.379339004445983
268.53491860658926,1.3793615160589805
268.5549197177621,1.3793838427552378
268.574920828935,1.379405984523872
268.5949219401078,1.37942794135409
268.61492305128064,1.3794497132351893
268.6349241624535,1.3794713001565575
268.6549252736263,1.379492702107672
268.67492638479916,1.3795139190781007
268.694927495972,1.3795349510575017
268.7149286071448,1.3795557980356226
268.7349297183177,1.3795764600023022
268.75493082949055,1.3795969369474692
268.7749319406634,1.3796172288611415
268.7949330518362,1.3796373357334286
268.81493416300907,1.3796572575545294
268.83493527418193,1.3796769943147331
268.85493638535473,1.379696546004419
268.8749374965276,1.3797159126140572
268.89493860770045,1.3797350941342075
268.91493971887326,1.3797540905555197
268.9349408300461,1.3797729018687346
268.954941941219,1.3797915280646824
268.97494305239184,1.3798099691342842
268.99494416356464,1.3798282250685507
269.0149452747375,1.3798462958585835
269.03494638591036,1.3798641814955739
269.05494749708316,1.379881881970804
269.074948608256,1.3798993972756455
269.0949497194289,1.379916727401561
269.1149508306017,1.379933872340103
269.13495194177455,1.3799508320829141
269.1549530529474,1.3799676066217275
269.17495416412027,1.3799841959483667
269.19495527529307,1.3800006000547456
269.21495638646593,1.3800168189328677
269.2349574976388,1.3800328525748273
269.2549586088116,1.3800487009728093
269.27495971998445,1.3800643641190882
269.2949608311573,1.380079842006029
269.3149619423301,1.3800951346260875
269.334963053503,1.3801102419718092
269.35496416467583,1.3801251640358303
269.3749652758487,1.380139900810877
269.3949663870215,1.380154452289766
269.41496749819436,1.3801688184654042
269.4349686093672,1.3801829993307893
269.45496972054,1.3801969948790087
269.4749708317129,1.3802108051032402
269.49497194288574,1.3802244299967525
269.51497305405854,1.380237869552904
269.5349741652314,1.3802511237651438
269.55497527640426,1.3802641926270112
269.5749763875771,1.380277076132136
269.5949774987499,1.3802897742742377
269.6149786099228,1.3803022870471275
269.63497972109565,1.3803146144447056
269.65498083226845,1.3803267564609634
269.6749819434413,1.3803387130899822
269.69498305461417,1.3803504843259338
269.714984165787,1.3803620701630805
269.73498527695983,1.3803734705957749
269.7549863881327,1.38038468561846
269.77498749930555,1.380395715225669
269.79498861047836,1.3804065594120256
269.8149897216512,1.3804172181722438
269.8349908328241,1.3804276915011284
269.8549919439969,1.3804379793935742
269.87499305516974,1.3804480818445661
269.8949941663426,1.38045799884918
269.9149952775154,1.3804677304025819
269.93499638868826,1.3804772765000282
269.9549974998611,1.3804866371368658
269.974998611034,1.3804958123085318
269.9949997222068,1.380504802010554
270.01500083337964,1.3805136062385504
270.0350019445525,1.3805222249882294
270.0550030557253,1.3805306582553898
270.07500416689817,1.380538906035921
270.095005278071,1.3805469683258025
270.11500638924383,1.3805548451211047
270.1350075004167,1.3805625364179879
270.15500861158955,1.3805700422127032
270.1750097227624,1.3805773625015916
270.1950108339352,1.3805844972810852
270.2150119451081,1.3805914465477063
270.23501305628093,1.3805982102980672
270.25501416745374,1.3806047885288713
270.2750152786266,1.3806111812369117
270.29501638979946,1.3806173884190729
270.31501750097226,1.3806234100723287
270.3350186121451,1.3806292461937442
270.355019723318,1.3806348967804745
270.37502083449084,1.3806403618297654
270.39502194566364,1.3806456413389527
270.4150230568365,1.3806507353054633
270.43502416800936,1.380655643726814
270.45502527918217,1.3806603666006123
270.475026390355,1.3806649039245562
270.4950275015279,1.3806692556964337
270.5150286127007,1.3806734219141237
270.53502972387355,1.3806774025755955
270.5550308350464,1.3806811976789088
270.57503194621927,1.3806848072222135
270.5950330573921,1.38068823120375
270.61503416856493,1.38069146962185
270.6350352797378,1.3806945224749345
270.6550363909106,1.3806973897615151
270.67503750208346,1.3807000714801947
270.6950386132563,1.380702567629666
270.7150397244291,1.3807048782087121
270.735040835602,1.380707003216207
270.75504194677484,1.3807089426511145
270.7750430579477,1.3807106965124896
270.7950441691205,1.380712264799477
270.81504528029336,1.3807136475113126
270.8350463914662,1.3807148446473223
270.855047502639,1.3807158562069226
270.8750486138119,1.3807166821896204
270.89504972498474,1.3807173225950131
270.91505083615755,1.3807177774227883
270.9350519473304,1.3807180466727247
270.95505305850327,1.3807181303446907
270.9750541696761,1.3807180284386458
270.99505528084893,1.3807177409546396
271.0150563920218,1.380717267892812
271.03505750319465,1.3807166092533938
271.05505861436745,1.3807157650367061
271.0750597255403,1.3807147352431604
271.0950608367132,1.3807135198732583
271.115061947886,1.3807121189275928
271.13506305905884,1.3807105324068463
271.1550641702317,1.3807087603117925
271.17506528140456,1.380706802643295
271.19506639257736,1.3807046594023078
271.2150675037502,1.3807023305898762
271.2350686149231,1.380699816207135
271.2550697260959,1.3806971162553097
271.27507083726874,1.3806942307357164
271.2950719484416,1.380691159649762
271.3150730596144,1.3806879029989432
271.33507417078727,1.3806844607848474
271.3550752819601,1.3806808330091527
271.375076393133,1.380677019673627
271.3950775043058,1.3806730207801294
271.41507861547865,1.3806688363306092
271.4350797266515,1.3806644663271057
271.4550808378243,1.3806599107717497
271.4750819489972,1.380655169666761
271.49508306017003,1.380650243014451
271.51508417134283,1.380645130817221
271.5350852825157,1.3806398330775633
271.55508639368855,1.3806343497980598
271.5750875048614,1.3806286809813832
271.5950886160342,1.3806228266302973
271.6150897272071,1.3806167867476553
271.63509083837994,1.3806105613364013
271.65509194955274,1.38060415039957
271.6750930607256,1.3805975539402864
271.69509417189846,1.3805907719617656
271.71509528307126,1.3805838044673138
271.7350963942441,1.3805766514603268
271.755097505417,1.3805693129442917
271.77509861658984,1.3805617889227855
271.79509972776265,1.3805540793994755
271.8151008389355,1.3805461843781197
271.83510195010837,1.3805381038625668
271.85510306128117,1.3805298378567552
271.87510417245403,1.3805213863647143
271.8951052836269,1.3805127493905636
271.9151063947997,1.380503926938513
271.93510750597255,1.3804949190128635
271.9551086171454,1.3804857256180054
271.9751097283183,1.38047634675842
271.9951108394911,1.3804667824386792
272.01511195066394,1.3804570326634447
272.0351130618368,1.3804470974374694
272.0551141730096,1.3804369767655957
272.07511528418246,1.3804266706527573
272.0951163953553,1.3804161791039773
272.1151175065281,1.38040550212437
272.135118617701,1.3803946397191398
272.15511972887384,1.3803835918935816
272.1751208400467,1.3803723586530805
272.1951219512195,1.3803609400031118
272.21512306239237,1.380349335949242
272.2351241735652,1.3803375464971268
272.255125284738,1.3803255716525134
272.2751263959109,1.380313411421238
272.29512750708375,1.3803010658092292
272.31512861825655,1.3802885348225038
272.3351297294294,1.3802758184671704
272.35513084060227,1.3802629167494274
272.37513195177513,1.3802498296755634
272.39513306294793,1.380236557251958
272.4151341741208,1.3802230994850806
272.43513528529365,1.3802094563814908
272.45513639646646,1.3801956279478391
272.4751375076393,1.380181614190866
272.4951386188122,1.3801674151174024
272.515139729985,1.3801530307343695
272.53514084115784,1.3801384610487788
272.5551419523307,1.3801237060677325
272.57514306350356,1.3801087657984221
272.59514417467636,1.380093640248131
272.6151452858492,1.3800783294242311
272.6351463970221,1.3800628333341864
272.6551475081949,1.38004715198555
272.67514861936775,1.3800312853859653
272.6951497305406,1.3800152335431668
272.7151508417134,1.3799989964649788
272.73515195288627,1.379982574159316
272.75515306405913,1.3799659666341828
272.775154175232,1.3799491738976748
272.7951552864048,1.3799321959579776
272.81515639757765,1.3799150328233667
272.8351575087505,1.3798976845022084
272.8551586199233,1.3798801510029588
272.8751597310962,1.3798624323341644
272.89516084226904,1.3798445285044623
272.91516195344184,1.3798264395225792
272.9351630646147,1.3798081653973329
272.95516417578756,1.3797897061376303
272.9751652869604,1.3797710617524699
272.9951663981332,1.3797522322509397
273.0151675093061,1.3797332176422175
273.03516862047894,1.379714017935572
273.05516973165174,1.3796946331403623
273.0751708428246,1.379675063266037
273.09517195399746,1.3796553083221355
273.1151730651703,1.379635368318287
273.1351741763431,1.379615243264211
273.155175287516,1.3795949331697177
273.17517639868885,1.3795744380447068
273.19517750986165,1.3795537578991686
273.2151786210345,1.3795328927431834
273.23517973220737,1.3795118425869215
273.2551808433802,1.3794906074406443
273.27518195455303,1.379469187314702
273.2951830657259,1.3794475822195362
273.31518417689875,1.3794257921656778
273.33518528807156,1.3794038171637484
273.3551863992444,1.3793816572244593
273.3751875104173,1.3793593123586123
273.3951886215901,1.3793367825770995
273.41518973276294,1.3793140678909024
273.4351908439358,1.379291168311093
273.4551919551086,1.3792680838488343
273.47519306628146,1.379244814515378
273.4951941774543,1.3792213603220667
273.5151952886272,1.3791977212803328
273.5351963998,1.3791738974016994
273.55519751097285,1.3791498886977789
273.5751986221457,1.3791256951802742
273.5951997333185,1.3791013168609783
273.61520084449137,1.379076753751774
273.63520195566423,1.3790520058646347
273.65520306683703,1.3790270732116237
273.6752041780099,1.3790019558048936
273.69520528918275,1.378976653656688
273.7152064003556,1.3789511667793406
273.7352075115284,1.3789254951852743
273.7552086227013,1.3788996388870027
273.77520973387414,1.3788735978971292
273.79521084504694,1.3788473722283472
273.8152119562198,1.3788209618934402
273.83521306739266,1.378794366905282
273.85521417856546,1.378767587276836
273.8752152897383,1.3787406230211552
273.8952164009112,1.3787134741513836
273.91521751208404,1.3786861406807547
273.93521862325684,1.3786586226225919
273.9552197344297,1.3786309199903086
273.97522084560256,1.3786030327974084
273.99522195677537,1.3785749610574847
274.0152230679482,1.3785467047842206
274.0352241791211,1.3785182639913893
274.0552252902939,1.3784896386928547
274.07522640146675,1.378460828902569
274.0952275126396,1.378431834634576
274.11522862381247,1.3784026559030087
274.1352297349853,1.37837329272209
274.15523084615813,1.3783437451061324
274.175231957331,1.3783140130695388
274.1952330685038,1.3782840966268022
274.21523417967666,1.3782539957925046
274.2352352908495,1.3782237105813189
274.2552364020223,1.378193241008007
274.2752375131952,1.3781625870874215
274.29523862436804,1.3781317488345037
274.3152397355409,1.3781007262642861
274.3352408467137,1.3780695193918902
274.35524195788656,1.3780381282325274
274.3752430690594,1.3780065528014993
274.3952441802322,1.377974793114197
274.4152452914051,1.3779428491861014
274.43524640257795,1.3779107210327834
274.45524751375075,1.3778784086699036
274.4752486249236,1.3778459121132127
274.49524973609647,1.3778132313785503
274.51525084726933,1.3777803664818467
274.53525195844213,1.3777473174391215
274.555253069615,1.3777140842664846
274.57525418078785,1.3776806669801347
274.59525529196065,1.377647065596361
274.6152564031335,1.3776132801315424
274.6352575143064,1.377579310602147
274.6552586254792,1.3775451570247335
274.67525973665204,1.377510819415949
274.6952608478249,1.3774762977925321
274.71526195899776,1.3774415921713092
274.73526307017056,1.3774067025691978
274.7552641813434,1.3773716290032043
274.7752652925163,1.377336371490425
274.7952664036891,1.377300930048046
274.81526751486194,1.3772653046933434
274.8352686260348,1.3772294954436815
274.8552697372076,1.3771935023165163
274.87527084838047,1.3771573253293914
274.8952719595533,1.3771209644999416
274.9152730707262,1.3770844198458905
274.935274181899,1.3770476913850516
274.95527529307185,1.3770107791353277
274.9752764042447,1.3769736831147115
274.9952775154175,1.3769364033412854
275.0152786265904,1.3768989398332205
275.03527973776323,1.3768612926087789
275.05528084893604,1.3768234616863106
275.0752819601089,1.3767854470842567
275.09528307128176,1.3767472488211467
275.1152841824546,1.3767088669156
275.1352852936274,1.376670301386326
275.1552864048003,1.3766315522521226
275.17528751597314,1.3765926195318783
275.19528862714594,1.37655350324457
275.2152897383188,1.376514203409265
275.23529084949166,1.3764747200451195
275.25529196066447,1.3764350531713796
275.2752930718373,1.37639520280738
275.2952941830102,1.3763551689725462
275.31529529418304,1.376314951686392
275.33529640535585,1.376274550968521
275.3552975165287,1.3762339668386263
275.37529862770157,1.3761931993164902
275.39529973887437,1.3761522484219846
275.41530085004723,1.3761111141750706
275.4353019612201,1.3760697965957986
275.4553030723929,1.376028295704309
275.47530418356575,1.3759866115208308
275.4953052947386,1.3759447440656825
275.5153064059115,1.3759026933592722
275.5353075170843,1.3758604594220971
275.55530862825714,1.375818042274744
275.57530973943,1.3757754419378885
275.5953108506028,1.375732658432296
275.61531196177566,1.3756896917788208
275.6353130729485,1.3756465419984072
275.6553141841213,1.3756032091120873
275.6753152952942,1.3755596931409841
275.69531640646704,1.3755159941063089
275.7153175176399,1.3754721120293625
275.7353186288127,1.3754280469315345
275.75531973998557,1.3753837988343047
275.7753208511584,1.3753393677592407
275.79532196233123,1.3752947537280011
275.8153230735041,1.3752499567623317
275.83532418467695,1.3752049768840688
275.85532529584975,1.3751598141151375
275.8753264070226,1.3751144684775523
275.8953275181955,1.375068939993416
275.91532862936833,1.3750232286849213
275.93532974054114,1.3749773345743501
275.955330851714,1.3749312576840729
275.97533196288686,1.3748849980365494
275.99533307405966,1.3748385556543286
276.0153341852325,1.3747919305600487
276.0353352964054,1.374745122776436
276.0553364075782,1.3746981323263077
276.07533751875104,1.374650959232568
276.0953386299239,1.3746036035182114
276.11533974109676,1.374556065206321
276.13534085226956,1.374508344320069
276.1553419634424,1.3744604408827166
276.1753430746153,1.374412354917614
276.1953441857881,1.3743640864482
276.21534529696095,1.374315635498003
276.2353464081338,1.37426700209064
276.2553475193066,1.3742181862498168
276.27534863047947,1.3741691879993285
276.29534974165233,1.3741200073630586
276.3153508528252,1.3740706443649802
276.335351963998,1.3740210990291548
276.35535307517085,1.3739713713797326
276.3753541863437,1.3739214614409532
276.3953552975165,1.3738713692371447
276.4153564086894,1.373821094792724
276.43535751986224,1.3737706381321972
276.45535863103504,1.3737199992801594
276.4753597422079,1.373669178261293
276.49536085338076,1.3736181751003715
276.5153619645536,1.3735669898222551
276.5353630757264,1.3735156224518943
276.5553641868993,1.373464073014327
276.57536529807214,1.373412341534681
276.59536640924495,1.3733604280381728
276.6153675204178,1.3733083325501063
276.63536863159067,1.3732560550958757
276.65536974276347,1.3732035957009632
276.67537085393633,1.3731509543909393
276.6953719651092,1.3730981311914638
276.71537307628205,1.373045126128285
276.73537418745485,1.3729919392272403
276.7553752986277,1.372938570514254
276.7753764098006,1.372885020015341
276.7953775209734,1.3728312877566045
276.81537863214623,1.372777373764235
276.8353797433191,1.372723278064513
276.8553808544919,1.372669000683807
276.87538196566476,1.3726145416485735
276.8953830768376,1.3725599009853588
276.9153841880105,1.3725050787207969
276.9353852991833,1.3724500748816102
276.95538641035614,1.37239488949461
276.975387521529,1.3723395225866961
276.9953886327018,1.3722839741848567
277.01538974387466,1.3722282443161682
277.0353908550475,1.3721723330077957
277.0553919662203,1.372116240286993
277.0753930773932,1.372059966181102
277.09539418856605,1.3720035107175523
277.1153952997389,1.3719468739238636
277.1353964109117,1.371890055827643
277.15539752208457,1.3718330564565855
277.17539863325743,1.3717758758384755
277.19539974443023,1.3717185140011847
277.2154008556031,1.3716609709726741
277.23540196677595,1.3716032467809924
277.25540307794876,1.3715453414542769
277.2754041891216,1.371487255020753
277.2954053002945,1.3714289875087344
277.31540641146734,1.3713705389466233
277.33540752264014,1.3713119093629103
277.355408633813,1.3712530987861729
277.37540974498586,1.3711941072450788
277.39541085615866,1.3711349347683826
277.4154119673315,1.3710755813849274
277.4354130785044,1.3710160471236448
277.4554141896772,1.370956332013554
277.47541530085005,1.370896436083763
277.4954164120229,1.3708363593634671
277.51541752319577,1.3707761018819506
277.53541863436857,1.3707156636685855
277.5554197455414,1.3706550447528318
277.5754208567143,1.3705942451642374
277.5954219678871,1.3705332649324395
277.61542307905995,1.3704721040871615
277.6354241902328,1.3704107626582163
277.65542530140567,1.3703492406755038
277.6754264125785,1.3702875381690132
277.69542752375133,1.3702256551688197
277.7154286349242,1.3701635917050887
277.735429746097,1.3701013478080726
277.75543085726986,1.3700389235081107
277.7754319684427,1.3699763188356322
277.7954330796155,1.3699135338211528
277.8154341907884,1.3698505684952766
277.83543530196124,1.3697874228886953
277.8554364131341,1.3697240970321893
277.8754375243069,1.369660590956626
277.89543863547976,1.3695969046929608
277.9154397466526,1.369533038272237
277.9354408578254,1.3694689917255864
277.9554419689983,1.3694047650842271
277.97544308017115,1.3693403583794665
277.99544419134395,1.369275771642699
278.0154453025168,1.3692110049054067
278.03544641368967,1.3691460581991595
278.05544752486253,1.3690809315556154
278.07544863603533,1.3690156250065202
278.0954497472082,1.3689501385837066
278.11545085838105,1.3688844723190954
278.13545196955386,1.3688186262446953
278.1554530807267,1.3687526003926025
278.1754541918996,1.3686863947950003
278.1954553030724,1.368620009484161
278.21545641424524,1.3685534444924423
278.2354575254181,1.368486699852292
278.25545863659096,1.3684197755962435
278.27545974776376,1.3683526717569192
278.2954608589366,1.3682853883670274
278.3154619701095,1.3682179254593656
278.3354630812823,1.3681502830668175
278.35546419245514,1.3680824612223554
278.375465303628,1.368014459959038
278.3954664148008,1.3679462793100126
278.41546752597367,1.3678779193085124
278.4354686371465,1.3678093799878595
278.4554697483194,1.367740661381463
278.4754708594922,1.3676717635228193
278.49547197066505,1.3676026864455115
278.5154730818379,1.367533430183211
278.5354741930107,1.3674639947696765
278.5554753041836,1.3673943802387531
278.57547641535643,1.3673245866243744
278.59547752652924,1.3672546139605606
278.6154786377021,1.3671844622814193
278.63547974887496,1.367114131621145
278.6554808600478,1.3670436220140205
278.6754819712206,1.3669729334944147
278.6954830823935,1.3669020660967843
278.71548419356634,1.366831019855673
278.73548530473914,1.3667597948057117
278.755486415912,1.3666883909816188
278.77548752708486,1.3666168084181987
278.79548863825767,1.3665450471503449
278.8154897494305,1.3664731072130358
278.8354908606034,1.3664009886413386
278.85549197177625,1.3663286914704065
278.87549308294905,1.3662562157354805
278.8954941941219,1.3661835614718882
278.91549530529477,1.3661107287150442
278.9354964164676,1.3660377175004508
278.95549752764043,1.365964527863696
278.9754986388133,1.3658911598404557
278.9954997499861,1.3658176134664932
279.01550086115896,1.3657438887776572
279.0355019723318,1.3656699858098844
279.0555030835047,1.3655959045991988
279.0755041946775,1.3655216451817103
279.09550530585034,1.3654472075936157
279.1155064170232,1.3653725918711996
279.135507528196,1.3652977980508327
279.15550863936886,1.3652228261689725
279.1755097505417,1.3651476762621633
279.1955108617145,1.3650723483670366
279.2155119728874,1.3649968425203105
279.23551308406024,1.364921158758789
279.2555141952331,1.3648452971193645
279.2755153064059,1.364769257639015
279.29551641757877,1.3646930403548045
279.3155175287516,1.3646166453038853
279.33551863992443,1.3645400725234953
279.3555197510973,1.3644633220509592
279.37552086227015,1.3643863939236884
279.39552197344295,1.3643092881791814
279.4155230846158,1.364232004855022
279.4355241957887,1.364154543988882
279.45552530696153,1.3640769056185185
279.47552641813434,1.3639990897817764
279.4955275293072,1.3639210965165858
279.51552864048006,1.3638429258609641
279.53552975165286,1.3637645778530152
279.5555308628257,1.363686052530929
279.5755319739986,1.3636073499329815
279.5955330851714,1.3635284700975367
279.61553419634424,1.3634494130630432
279.6355353075171,1.363370178868037
279.65553641868996,1.36329076755114
279.67553752986277,1.363211179151061
279.6955386410356,1.3631314137065942
279.7155397522085,1.3630514712566209
279.7355408633813,1.3629713518401088
279.75554197455415,1.3628910554961107
279.775543085727,1.3628105822637666
279.7955441968998,1.3627299321823032
279.81554530807267,1.3626491052910321
279.83554641924553,1.3625681016293516
279.8555475304184,1.3624869212367468
279.8755486415912,1.3624055641527881
279.89554975276405,1.3623240304171327
279.9155508639369,1.3622423200695228
279.9355519751097,1.3621604331497887
279.9555530862826,1.3620783696978442
279.97555419745544,1.361996129753691
279.99555530862824,1.361913713357417
280.0155564198011,1.3618311205491944
280.03555753097396,1.361748351369283
280.0555586421468,1.3616654058580275
280.0755597533196,1.3615822840558596
280.0955608644925,1.3614989860032958
280.11556197566534,1.3614155117409394
280.13556308683815,1.3613318613094794
280.155564198011,1.3612480347496902
280.17556530918387,1.3611640321024323
280.19556642035667,1.3610798534086528
280.21556753152953,1.360995498709383
280.2355686427024,1.3609109680457419
280.25556975387525,1.3608262614589322
280.27557086504805,1.3607413789902445
280.2955719762209,1.3606563206810534
280.3155730873938,1.3605710865728198
280.3355741985666,1.3604856767070914
280.35557530973944,1.3604000911254994
280.3755764209123,1.3603143298697624
280.3955775320851,1.3602283929816839
280.41557864325796,1.3601422805031531
280.4355797544308,1.3600559924761448
280.4555808656037,1.3599695289427196
280.4755819767765,1.3598828899450233
280.49558308794934,1.3597960755252876
280.5155841991222,1.3597090857258292
280.535585310295,1.359621920589051
280.55558642146786,1.3595345801574403
280.5755875326407,1.359447064473571
280.5955886438135,1.3593593735801017
280.6155897549864,1.359271507519777
280.63559086615925,1.3591834663354259
280.6555919773321,1.3590952500699636
280.6755930885049,1.3590068587663908
280.69559419967777,1.3589182924677927
280.71559531085063,1.3588295512173405
280.73559642202343,1.3587406350582905
280.7555975331963,1.3586515440339837
280.77559864436915,1.3585622781878468
280.79559975554196,1.3584728375633925
280.8156008667148,1.3583832222042171
280.8356019778877,1.3582934321540034
280.85560308906054,1.3582034674565182
280.87560420023334,1.3581133281556153
280.8956053114062,1.358023014295231
280.91560642257906,1.3579325259193888
280.93560753375186,1.3578418630721965
280.9556086449247,1.3577510257978467
280.9756097560976,1.3576600141406177
280.9956108672704,1.357568828144872
281.01561197844325,1.3574774678550579
281.0356130896161,1.3573859333157077
281.05561420078897,1.3572942245714397
281.07561531196177,1.3572023416669565
281.09561642313463,1.3571102846470455
281.1156175343075,1.3570180535565792
281.1356186454803,1.3569256484405152
281.15561975665315,1.356833069343895
281.175620867826,1.3567403163118463
281.1956219789988,1.3566473893895803
281.2156230901717,1.3565542886223936
281.23562420134454,1.3564610140556674
281.2556253125174,1.3563675657348675
281.2756264236902,1.3562739437055453
281.29562753486306,1.3561801480133353
281.3156286460359,1.3560861787039578
281.3356297572087,1.3559920358232171
281.3556308683816,1.3558977194170028
281.37563197955444,1.3558032295312883
281.39563309072724,1.3557085662121324
281.4156342019001,1.3556137295056774
281.43563531307296,1.355518719458151
281.4556364242458,1.355423536115865
281.4756375354186,1.3553281795252166
281.4956386465915,1.355232649732685
281.51563975776435,1.3551369467848366
281.53564086893715,1.3550410707283207
281.55564198011,1.3549450216098715
281.57564309128287,1.3548487994763068
281.5956442024557,1.3547524043745303
281.61564531362853,1.3546558363515278
281.6356464248014,1.3545590954543714
281.65564753597425,1.3544621817302167
281.67564864714706,1.3543650952263033
281.6956497583199,1.3542678359899556
281.7156508694928,1.3541704040685811
281.7356519806656,1.354072799509673
281.75565309183844,1.3539750223608071
281.7756542030113,1.3538770726696447
281.7956553141841,1.3537789504839306
281.81565642535696,1.3536806558514933
281.8356575365298,1.353582188820246
281.8556586477027,1.3534835494381854
281.8756597588755,1.3533847377533927
281.89566087004835,1.3532857538140328
281.9156619812212,1.3531865976683546
281.935663092394,1.3530872693646914
281.95566420356687,1.3529877689514591
281.97566531473973,1.3528880964771588
281.99566642591253,1.3527882519903758
282.0156675370854,1.3526882355397771
282.03566864825825,1.352588047174116
282.0556697594311,1.352487686942228
282.0756708706039,1.3523871548930337
282.0956719817768,1.3522864510755352
282.11567309294963,1.352185575538821
282.13567420412244,1.3520845283320617
282.1556753152953,1.351983309504512
282.17567642646816,1.3518819191055096
282.195677537641,1.3517803571844773
282.2156786488138,1.3516786237909204
282.2356797599867,1.3515767189744277
282.25568087115954,1.3514746427846722
282.27568198233234,1.35137239527141
282.2956830935052,1.351269976484481
282.31568420467806,1.351167386473808
282.33568531585087,1.3510646252893985
282.3556864270237,1.3509616929813417
282.3756875381966,1.3508585895998118
282.39568864936945,1.350755315195065
282.41568976054225,1.3506518698174428
282.4356908717151,1.3505482535173674
282.45569198288797,1.3504444663453465
282.4756930940608,1.3503405083519704
282.49569420523363,1.3502363795879124
282.5156953164065,1.350132080103929
282.5356964275793,1.3500276099508608
282.55569753875216,1.3499229691796302
282.575698649925,1.3498181578412436
282.5956997610979,1.3497131759867913
282.6157008722707,1.349608023667445
282.63570198344354,1.3495027009344607
282.6557030946164,1.3493972078391767
282.6757042057892,1.3492915444330158
282.69570531696206,1.3491857107674814
282.7157064281349,1.3490797068941625
282.7357075393077,1.348973532864729
282.7557086504806,1.3488671887309351
282.77570976165345,1.3487606745446168
282.7957108728263,1.3486539903576942
282.8157119839991,1.3485471362221697
282.83571309517197,1.348440112190128
282.8557142063448,1.3483329183137371
282.87571531751763,1.3482255546452486
282.8957164286905,1.348118021236995
282.91571753986335,1.3480103181413932
282.93571865103615,1.3479024454109425
282.955719762209,1.3477944030982236
282.9757208733819,1.347686191255902
282.99572198455473,1.3475778099367237
283.01572309572754,1.3474692591935193
283.0357242069004,1.3473605390792
283.05572531807326,1.3472516496467613
283.07572642924606,1.3471425909492802
283.0957275404189,1.3470333630399167
283.1157286515918,1.3469239659719123
283.1357297627646,1.346814399798593
283.15573087393744,1.3467046645733647
283.1757319851103,1.346594760349718
283.19573309628316,1.3464846871812237
283.21573420745597,1.3463744451215374
283.2357353186288,1.3462640342243946
283.2557364298017,1.3461534545436147
283.2757375409745,1.3460427061330993
283.29573865214735,1.3459317890468308
283.3157397633202,1.3458207033388756
283.335740874493,1.3457094490633814
283.3557419856659,1.3455980262745784
283.37574309683873,1.345486435026778
283.3957442080116,1.3453746753743754
283.4157453191844,1.3452627473718464
283.43574643035726,1.3451506510737496
283.4557475415301,1.345038386534725
283.4757486527029,1.3449259538094962
283.4957497638758,1.344813352952866
283.51575087504864,1.344700584019722
283.53575198622144,1.3445876470650324
283.5557530973943,1.3444745421438469
283.57575420856716,1.344361269311298
283.59575531974,1.3442478286225994
283.6157564309128,1.3441342201330473
283.6357575420857,1.3440204438980186
283.65575865325854,1.343906499972973
283.67575976443135,1.3437923884134515
283.6957608756042,1.3436781092750771
283.71576198677707,1.3435636626135534
283.73576309794987,1.343449048484668
283.75576420912273,1.3433342669442871
283.7757653202956,1.343219318048361
283.79576643146845,1.34310420185292
283.81576754264125,1.3429889184140775
283.8357686538141,1.3428734677880263
283.855769764987,1.3427578500310424
283.8757708761598,1.3426420651994837
283.89577198733264,1.3425261133497868
283.9157730985055,1.3424099945384729
283.9357742096783,1.3422937088221427
283.95577532085116,1.3421772562574787
283.975776432024,1.3420606369012447
283.9957775431969,1.341943850810286
284.0157786543697,1.3418268980415293
284.03577976554254,1.3417097786519818
284.0557808767154,1.3415924926987326
284.0757819878882,1.3414750402389524
284.09578309906107,1.3413574213298913
284.1157842102339,1.3412396360288825
284.13578532140673,1.3411216843933393
284.1557864325796,1.3410035664807565
284.17578754375245,1.3408852823487092
284.1957886549253,1.3407668320548543
284.2157897660981,1.3406482156569302
284.235790877271,1.3405294332127542
284.25579198844383,1.3404104847802267
284.27579309961664,1.340291370417328
284.2957942107895,1.3401720901821197
284.31579532196236,1.3400526441327432
284.33579643313516,1.3399330323274226
284.355797544308,1.3398132548244606
284.3757986554809,1.3396933116822427
284.39579976665374,1.3395732029592335
284.41580087782654,1.33945292871398
284.4358019889994,1.3393324890051077
284.45580310017226,1.339211883891325
284.47580421134506,1.3390911134314194
284.4958053225179,1.3389701776842593
284.5158064336908,1.3388490767087944
284.5358075448636,1.3387278105640543
284.55580865603645,1.338606379309149
284.5758097672093,1.338484783003269
284.59581087838217,1.3383630217056859
284.61581198955497,1.3382410954757513
284.63581310072783,1.3381190043728968
284.6558142119007,1.3379967484566344
284.6758153230735,1.3378743277865581
284.69581643424635,1.3377517424223395
284.7158175454192,1.3376289924237326
284.735818656592,1.3375060778505707
284.7558197677649,1.3373829987627674
284.77582087893774,1.3372597552203165
284.7958219901106,1.3371363472832924
284.8158231012834,1.33701277501185
284.83582421245626,1.336889038466222
284.8558253236291,1.336765137706724
284.8758264348019,1.3366410727937499
284.8958275459748,1.3365168437877746
284.91582865714764,1.3363924507493519
284.93582976832045,1.336267893739117
284.9558308794933,1.3361431728177833
284.97583199066617,1.3360182880461458
284.995833101839,1.335893239485078
285.01583421301183,1.3357680271955346
285.0358353241847,1.3356426512385482
285.05583643535755,1.3355171116752333
285.07583754653035,1.3353914085667828
285.0958386577032,1.33526554197447
285.11583976887607,1.3351395119596463
285.1358408800489,1.335013318583746
285.15584199122173,1.3348869619082793
285.1758431023946,1.3347604419948382
285.19584421356745,1.3346337589050947
285.21584532474026,1.334506912700799
285.2358464359131,1.3343799034437809
285.255847547086,1.3342527311959498
285.2758486582588,1.334125396019296
285.29584976943164,1.3339978979758866
285.3158508806045,1.3338702371278708
285.3358519917773,1.333742413537475
285.35585310295016,1.3336144272670059
285.375854214123,1.3334862783788493
285.3958553252959,1.3333579669354707
285.4158564364687,1.3332294929994146
285.43585754764155,1.3331008566333042
285.4558586588144,1.3329720578998423
285.4758597699872,1.3328430968618115
285.49586088116007,1.3327139735820714
285.51586199233293,1.332584688123563
285.53586310350573,1.3324552405493062
285.5558642146786,1.3323256309223979
285.57586532585145,1.3321958593060157
285.5958664370243,1.3320659257634158
285.6158675481971,1.3319358303579338
285.63586865937,1.3318055731529828
285.65586977054284,1.331675154212056
285.67587088171564,1.3315445735987252
285.6958719928885,1.3314138313766408
285.71587310406136,1.3312829276095315
285.73587421523416,1.3311518623612066
285.755875326407,1.3310206356955512
285.7758764375799,1.3308892476765315
285.79587754875274,1.330757698368192
285.81587865992554,1.3306259878346547
285.8358797710984,1.3304941161401211
285.85588088227126,1.3303620833488707
285.87588199344407,1.3302298895252627
285.8958831046169,1.3300975347337325
285.9158842157898,1.3299650190387966
285.9358853269626,1.3298323425050482
285.95588643813545,1.3296995051971596
285.9758875493083,1.329566507179881
285.99588866048117,1.3294333485180414
286.015889771654,1.3293000292765482
286.03589088282683,1.3291665495203864
286.0558919939997,1.3290329093146196
286.0758931051725,1.3288991087243904
286.09589421634536,1.3287651478149176
286.1158953275182,1.3286310266515
286.135896438691,1.3284967452995147
286.1558975498639,1.3283623038244146
286.17589866103674,1.328227702291733
286.1958997722096,1.32809294076708
286.2159008833824,1.3279580193161449
286.23590199455526,1.3278229380046924
286.2559031057281,1.3276876968985682
286.2759042169009,1.3275522960636943
286.2959053280738,1.3274167355660704
286.31590643924665,1.3272810154717742
286.33590755041945,1.3271451358469624
286.3559086615923,1.327009096757867
286.37590977276517,1.3268728982708002
286.39591088393803,1.3267365404521503
286.41591199511083,1.3266000233683846
286.4359131062837,1.326463347086046
286.45591421745655,1.3263265116717573
286.47591532862936,1.3261895171922182
286.4959164398022,1.326052363714204
286.5159175509751,1.3259150513045705
286.5359186621479,1.325777580030249
286.55591977332074,1.3256399499582487
286.5759208844936,1.325502161155656
286.59592199566646,1.3253642136896358
286.61592310683926,1.3252261076274288
286.6359242180121,1.325087843036354
286.655925329185,1.3249494199838068
286.6759264403578,1.3248108385372617
286.69592755153064,1.3246720987642675
286.7159286627035,1.324533200732453
286.73592977387636,1.3243941445095224
286.75593088504917,1.3242549301632582
286.775931996222,1.324115557761518
286.7959331073949,1.3239760273722385
286.8159342185677,1.3238363390634336
286.83593532974055,1.3236964929031916
286.8559364409134,1.3235564889596807
286.8759375520862,1.323416327301144
286.8959386632591,1.3232760079959023
286.91593977443193,1.323135531112353
286.9359408856048,1.3229948967189709
286.9559419967776,1.3228541048843068
286.97594310795046,1.3227131556769887
286.9959442191233,1.3225720491657205
287.0159453302961,1.322430785419285
287.035946441469,1.322289364506538
287.05594755264184,1.3221477864964153
287.07594866381464,1.3220060514579284
287.0959497749875,1.3218641594601634
287.11595088616036,1.3217221105722858
287.1359519973332,1.3215799048635353
287.155953108506,1.3214375424032299
287.1759542196789,1.3212950232607619
287.19595533085175,1.321152347505602
287.21595644202455,1.3210095152072958
287.2359575531974,1.3208665264354662
287.25595866437027,1.3207233812598114
287.2759597755431,1.3205800797501073
287.29596088671593,1.3204366219762038
287.3159619978888,1.3202930080080293
287.33596310906165,1.3201492379155864
287.35596422023445,1.3200053117689559
287.3759653314073,1.319861229638292
287.3959664425802,1.3197169915938272
287.415967553753,1.3195725977058699
287.43596866492584,1.3194280480448022
287.4559697760987,1.3192833426810846
287.4759708872715,1.3191384816852525
287.49597199844436,1.3189934651279172
287.5159731096172,1.3188482930797654
287.5359742207901,1.3187029656115605
287.5559753319629,1.3185574827941415
287.57597644313574,1.3184118446984225
287.5959775543086,1.3182660513953932
287.6159786654814,1.3181201029561205
287.63597977665427,1.3179739994517443
287.6559808878271,1.3178277409534829
287.67598199899993,1.317681327532628
287.6959831101728,1.3175347592605484
287.71598422134565,1.3173880362086865
287.7359853325185,1.3172411584485622
287.7559864436913,1.3170941260517703
287.7759875548642,1.3169469390899793
287.79598866603703,1.3167995976349354
287.81598977720984,1.3166521017584585
287.8359908883827,1.3165044515324444
287.85599199955556,1.3163566470288635
287.87599311072836,1.316208688319763
287.8959942219012,1.3160605754772632
287.9159953330741,1.3159123085735611
287.93599644424694,1.3157638876809277
287.95599755541974,1.3156153128717105
287.9759986665926,1.31546658421833
287.99599977776546,1.3153177017932838
288.01600088893827,1.3151686656691426
288.0360020001111,1.3150194759185534
288.056003111284,1.314870132614237
288.0760042224568,1.3147206358289902
288.09600533362965,1.314570985635684
288.1160064448025,1.3144211821072636
288.13600755597537,1.3142712253167503
288.15600866714817,1.314121115337239
288.17600977832103,1.3139708522418994
288.1960108894939,1.3138204361039758
288.2160120006667,1.3136698669967886
288.23601311183955,1.31351914499373
288.2560142230124,1.3133682701682692
288.2760153341852,1.3132172425939486
288.2960164453581,1.3130660623443855
288.31601755653094,1.312914729493271
288.3360186677038,1.3127632441143715
288.3560197788766,1.312611606281528
288.37602089004946,1.3124598160686538
288.3960220012223,1.3123078735497389
288.4160231123951,1.3121557787988463
288.436024223568,1.3120035318901129
288.45602533474084,1.3118511328977502
288.47602644591365,1.311698581896045
288.4960275570865,1.3115458789593555
288.51602866825937,1.3113930241621166
288.5360297794322,1.3112400175788352
288.55603089060503,1.311086859284095
288.5760320017779,1.3109335493525494
288.59603311295075,1.3107800878589297
288.61603422412355,1.310626474878039
288.6360353352964,1.3104727104847547
288.6560364464693,1.3103187947540278
288.6760375576421,1.3101647277608843
288.69603866881494,1.3100105095804213
288.7160397799878,1.3098561402878122
288.73604089116066,1.3097016199583034
288.75604200233346,1.3095469486672142
288.7760431135063,1.3093921264899377
288.7960442246792,1.3092371535019407
288.816045335852,1.3090820297787644
288.83604644702484,1.3089267553960213
288.8560475581977,1.3087713304293995
288.8760486693705,1.3086157549546598
288.89604978054336,1.3084600290476356
288.9160508917162,1.3083041527842343
288.9360520028891,1.308148126240437
288.9560531140619,1.3079919494922976
288.97605422523475,1.3078356226159429
288.9960553364076,1.307679145687573
289.0160564475804,1.3075225187834623
289.03605755875327,1.3073657419799558
289.05605866992613,1.307208815353474
289.07605978109893,1.30705173898051
289.0960608922718,1.3068945129376286
289.11606200344465,1.3067371373014687
289.1360631146175,1.3065796121487416
289.1560642257903,1.3064219375562325
289.1760653369632,1.306264113600797
289.19606644813604,1.3061061403593668
289.21606755930884,1.305948017908944
289.2360686704817,1.305789746326604
289.25606978165456,1.3056313256894945
289.27607089282736,1.305472756074838
289.2960720040002,1.3053140375599261
289.3160731151731,1.305155170222126
289.33607422634594,1.3049961541388764
289.35607533751875,1.304836989387688
289.3760764486916,1.3046776760461445
289.39607755986447,1.3045182141919016
289.41607867103727,1.3043586039026887
289.43607978221013,1.3041988452563051
289.456080893383,1.304038938330625
289.4760820045558,1.3038788832035935
289.49608311572865,1.303718679953228
289.5160842269015,1.3035583286576182
289.5360853380744,1.3033978293949264
289.5560864492472,1.3032371822433866
289.57608756042004,1.303076387281305
289.5960886715929,1.3029154445870592
289.6160897827657,1.3027543542391007
289.63609089393856,1.30259311631595
289.6560920051114,1.3024317308962026
289.6760931162842,1.3022701980585247
289.6960942274571,1.3021085178816527
289.71609533862994,1.301946690444398
289.7360964498028,1.3017847158256406
289.7560975609756,1.3016225941043353
289.77609867214846,1.3014603253595054
289.7960997833213,1.3012979096702488
289.8161008944941,1.301135347115733
289.836102005667,1.3009726377751982
289.85610311683985,1.3008097817279551
289.87610422801265,1.300646779053388
289.8961053391855,1.3004836298309495
289.91610645035837,1.3003203341401666
289.93610756153123,1.3001568920606357
289.95610867270403,1.2999933036720266
289.9761097838769,1.2998295690540773
289.99611089504975,1.2996656882866002
290.01611200622256,1.299501661449478
290.0361131173954,1.299337488622663
290.0561142285683,1.2991731698861808
290.0761153397411,1.2990087053201271
290.09611645091394,1.298844095004669
290.1161175620868,1.2986793390200437
290.13611867325966,1.2985144374465611
290.15611978443246,1.298349390364601
290.1761208956053,1.298184197854614
290.1961220067782,1.2980188599971214
290.216123117951,1.2978533768727174
290.23612422912385,1.2976877485620637
290.2561253402967,1.2975219751458955
290.2761264514695,1.2973560567050173
290.29612756264237,1.297189993320305
290.31612867381523,1.2970237850727042
290.3361297849881,1.2968574320432324
290.3561308961609,1.2966909343129778
290.37613200733375,1.2965242919630966
290.3961331185066,1.2963575050748188
290.4161342296794,1.2961905737294428
290.4361353408523,1.2960234980083378
290.45613645202513,1.2958562779929432
290.47613756319794,1.2956889137647705
290.4961386743708,1.295521405405398
290.51613978554366,1.295353752996478
290.5361408967165,1.2951859566197301
290.5561420078893,1.295018016356947
290.5761431190622,1.2948499322899878
290.59614423023504,1.2946817045007846
290.61614534140784,1.2945133330713396
290.6361464525807,1.2943448180837225
290.65614756375356,1.2941761596200756
290.67614867492637,1.29400735776261
290.6961497860992,1.2938384125936069
290.7161508972721,1.2936693241954165
290.73615200844495,1.2935000926504605
290.75615311961775,1.2933307180412292
290.7761542307906,1.2931612004502828
290.79615534196347,1.292991539960251
290.8161564531363,1.2928217366538344
290.83615756430913,1.2926517906138009
290.856158675482,1.2924817019229906
290.8761597866548,1.2923114706643113
290.89616089782766,1.2921410969207408
290.9161620090005,1.2919705807753263
290.9361631201734,1.2917999223111847
290.9561642313462,1.291629121611503
290.97616534251904,1.291458178759535
290.9961664536919,1.2912870938386065
291.0161675648647,1.2911158669321114
291.03616867603756,1.2909444981235128
291.0561697872104,1.290772987496342
291.0761708983832,1.290601335134203
291.0961720095561,1.2904295411207634
291.11617312072894,1.290257605539765
291.1361742319018,1.2900855284750152
291.1561753430746,1.2899133100103928
291.17617645424747,1.2897409502298427
291.1961775654203,1.2895684492173816
291.21617867659313,1.2893958070570934
291.236179787766,1.289223023833131
291.25618089893885,1.2890500996297158
291.27618201011165,1.2888770345311398
291.2961831212845,1.28870382862176
291.3161842324574,1.2885304819860055
291.33618534363023,1.2883569947083733
291.35618645480304,1.2881833668734275
291.3761875659759,1.288009598565802
291.39618867714876,1.2878356898701981
291.41618978832156,1.2876616408713875
291.4361908994944,1.2874874516542074
291.4561920106673,1.287313122303566
291.47619312184014,1.2871386529044382
291.49619423301294,1.286964043541869
291.5161953441858,1.2867892943009682
291.53619645535866,1.2866144052669177
291.55619756653147,1.286439376524965
291.5761986777043,1.2862642081604267
291.5961997888772,1.2860889002586868
291.61620090005,1.2859134529051983
291.63620201122285,1.2857378661854812
291.6562031223957,1.285562140185124
291.67620423356857,1.285386274989783
291.6962053447414,1.2852102706851825
291.71620645591423,1.2850341273571138
291.7362075670871,1.2848578450914365
291.7562086782599,1.2846814239740794
291.77620978943276,1.2845048640910357
291.7962109006056,1.2843281655283691
291.8162120117784,1.28415132837221
291.8362131229513,1.2839743527087557
291.85621423412414,1.2837972386242715
291.876215345297,1.2836199862050905
291.8962164564698,1.2834425955376143
291.91621756764266,1.283265066708308
291.9362186788155,1.283087399803709
291.9562197899883,1.282909594910418
291.9762209011612,1.2827316521151053
291.99622201233404,1.282553571504507
292.01622312350685,1.2823753531654287
292.0362242346797,1.2821969971847396
292.05622534585257,1.282018503649379
292.0762264570254,1.2818398726463514
292.09622756819823,1.2816611042627302
292.1162286793711,1.2814821985856533
292.13622979054395,1.2813031557023278
292.15623090171675,1.2811239757000266
292.1762320128896,1.280944658666089
292.1962331240625,1.2807652046879219
292.2162342352353,1.2805856138529994
292.23623534640814,1.2804058862488605
292.256236457581,1.2802260219631123
292.27623756875386,1.2800460210834288
292.29623867992666,1.2798658836975498
292.3162397910995,1.2796856098932816
292.3362409022724,1.2795051997584967
292.3562420134452,1.2793246533811362
292.37624312461804,1.279143970849204
292.3962442357909,1.2789631522507738
292.4162453469637,1.2787821976739837
292.43624645813657,1.2786011072070385
292.4562475693094,1.2784198809382088
292.4762486804823,1.278238518955833
292.4962497916551,1.278057021348314
292.51625090282795,1.2778753882041214
292.5362520140008,1.27769361961179
292.5562531251736,1.2775117156599236
292.5762542363465,1.2773296764371873
292.59625534751933,1.2771475020323158
292.61625645869213,1.2769651925341097
292.636257569865,1.276782748031432
292.65625868103785,1.2766001686132156
292.6762597922107,1.276417454368456
292.6962609033835,1.276234605386218
292.7162620145564,1.2760516217556273
292.73626312572924,1.2758685035658792
292.75626423690204,1.2756852509062333
292.7762653480749,1.275501863866014
292.79626645924776,1.275318342534612
292.81626757042056,1.2751346870014844
292.8362686815934,1.2749508973561505
292.8562697927663,1.2747669736881984
292.87627090393914,1.2745829160872806
292.89627201511195,1.2743987246431139
292.9162731262848,1.274214399445481
292.93627423745767,1.2740299405842295
292.95627534863047,1.2738453481492735
292.97627645980333,1.2736606222305895
292.9962775709762,1.2734757629182218
293.016278682149,1.2732907703022782
293.03627979332185,1.2731056444729323
293.0562809044947,1.272920385520421
293.0762820156676,1.2727349935350487
293.0962831268404,1.272549468607183
293.11628423801324,1.272363810827256
293.1362853491861,1.2721780202857649
293.1562864603589,1.271992097073273
293.17628757153176,1.2718060412804055
293.1962886827046,1.2716198529978548
293.2162897938774,1.2714335323163777
293.2362909050503,1.2712470793267925
293.25629201622314,1.2710604941199861
293.276293127396,1.270873776786907
293.2962942385688,1.2706869274185704
293.31629534974167,1.2704999461060524
293.3362964609145,1.2703128329404971
293.3562975720873,1.2701255880131113
293.3762986832602,1.2699382114151654
293.39629979443305,1.2697507032379944
293.41630090560585,1.269563063572999
293.4363020167787,1.2693752925116413
293.45630312795157,1.2691873901454493
293.47630423912443,1.2689993565660143
293.49630535029723,1.268811191864993
293.5163064614701,1.2686228961341026
293.53630757264295,1.2684344694651277
293.55630868381576,1.2682459119499159
293.5763097949886,1.2680572236803767
293.5963109061615,1.2678684047484856
293.6163120173343,1.2676794552462807
293.63631312850714,1.2674903752658637
293.65631423968,1.2673011648993997
293.67631535085286,1.267111824239119
293.69631646202566,1.2669223533773137
293.7163175731985,1.2667327524063394
293.7363186843714,1.2665430214186155
293.7563197955442,1.2663531605066263
293.77632090671705,1.2661631697629159
293.7963220178899,1.2659730492800951
293.8163231290627,1.2657827991508366
293.83632424023557,1.2655924194678758
293.85632535140843,1.2654019103240115
293.8763264625813,1.2652112718121062
293.8963275737541,1.2650205040250864
293.91632868492695,1.264829607055938
293.9363297960998,1.2646385809977139
293.9563309072726,1.2644474259435277
293.9763320184455,1.2642561419865563
293.99633312961834,1.2640647292200393
294.01633424079114,1.2638731877372806
294.036335351964,1.2636815176316438
294.05633646313686,1.2634897189965582
294.0763375743097,1.2632977919255135
294.0963386854825,1.2631057365120646
294.1163397966554,1.2629135528498254
294.13634090782824,1.2627212410324753
294.15634201900104,1.2625288011537563
294.1763431301739,1.2623362333074692
294.19634424134676,1.2621435375874819
294.21634535251957,1.261950714087721
294.2363464636924,1.2617577629021777
294.2563475748653,1.2615646841249033
294.27634868603815,1.2613714778500138
294.29634979721095,1.2611781441716856
294.3163509083838,1.2609846831841574
294.33635201955667,1.26079109498173
294.3563531307295,1.260597379658768
294.37635424190233,1.2604035373096938
294.3963553530752,1.2602095680289964
294.416356464248,1.260015471911224
294.43635757542086,1.259821249050987
294.4563586865937,1.2596268995429574
294.4763597977666,1.2594324234818697
294.4963609089394,1.2592378209625208
294.51636202011224,1.2590430920797662
294.5363631312851,1.258848236928526
294.5563642424579,1.258653255603781
294.57636535363076,1.258458148200573
294.5963664648036,1.258262914814005
294.6163675759764,1.258067555539243
294.6363686871493,1.2578720704715123
294.65636979832215,1.2576764597061012
294.676370909495,1.2574807233383578
294.6963720206678,1.257284861463694
294.71637313184067,1.257088874177579
294.73637424301353,1.2568927615755465
294.75637535418633,1.2566965237531897
294.7763764653592,1.2565001608061632
294.79637757653205,1.2563036728301822
294.81637868770486,1.2561070599210242
294.8363797988777,1.255910322174525
294.8563809100506,1.2557134596865835
294.87638202122344,1.2555164725531598
294.89638313239624,1.2553193608702726
294.9163842435691,1.2551221247340028
294.93638535474196,1.254924764240491
294.95638646591476,1.2547272794859405
294.9763875770876,1.2545296705666116
294.9963886882605,1.2543319375788287
295.0163897994333,1.2541340806189747
295.03639091060614,1.2539360997834934
295.056392021779,1.2537379951688883
295.07639313295186,1.2535397668717252
295.09639424412467,1.2533414149886284
295.1163953552975,1.2531429396162825
295.1363964664704,1.2529443408514327
295.1563975776432,1.2527456187908854
295.17639868881605,1.2525467735315052
295.1963997999889,1.2523478051702173
295.2164009111617,1.2521487138040088
295.2364020223346,1.2519494995299234
295.25640313350743,1.2517501624450675
295.2764042446803,1.2515507026466057
295.2964053558531,1.2513511202317646
295.31640646702596,1.251151415297827
295.3364075781988,1.250951587942139
295.3564086893716,1.2507516382621042
295.3764098005445,1.2505515663551865
295.39641091171734,1.250351372318909
295.41641202289014,1.2501510562508562
295.436413134063,1.2499506182486684
295.45641424523586,1.2497500584100487
295.4764153564087,1.2495493768327586
295.4964164675815,1.2493485736146186
295.5164175787544,1.2491476488535083
295.53641868992725,1.2489466026473666
295.55641980110005,1.2487454350941933
295.5764209122729,1.2485441462920437
295.59642202344577,1.2483427363390363
295.61642313461857,1.248141205333346
295.63642424579143,1.2479395533732076
295.6564253569643,1.247737780556914
295.67642646813715,1.2475358869828193
295.69642757930995,1.2473338727493337
295.7164286904828,1.247131737954928
295.7364298016557,1.2469294826981303
295.7564309128285,1.24672710707753
295.77643202400134,1.2465246111917716
295.7964331351742,1.246321995139561
295.816434246347,1.2461192590196626
295.83643535751986,1.2459164029308964
295.8564364686927,1.245713426972145
295.8764375798656,1.2455103312423461
295.8964386910384,1.2453071158404987
295.91643980221124,1.2451037808656564
295.9364409133841,1.2449003264169345
295.9564420245569,1.2446967525935053
295.97644313572977,1.2444930594945987
295.9964442469026,1.244289247219503
296.0164453580755,1.244085315867566
296.0364464692483,1.243881265538192
296.05644758042115,1.243677096330843
296.076448691594,1.24347280834504
296.0964498027668,1.2432684016803623
296.1164509139397,1.243063876436445
296.13645202511253,1.2428592327129828
296.15645313628534,1.242654470609729
296.1764542474582,1.2424495902264907
296.19645535863106,1.2422445916631373
296.2164564698039,1.2420394750195924
296.2364575809767,1.2418342403958402
296.2564586921496,1.2416288878919184
296.27645980332244,1.2414234176079262
296.29646091449524,1.2412178296440175
296.3164620256681,1.241012124100405
296.33646313684096,1.2408063010773578
296.35646424801376,1.2406003606752036
296.3764653591866,1.240394302994325
296.3964664703595,1.240188128135164
296.41646758153234,1.2399818361982187
296.43646869270515,1.2397754272840449
296.456469803878,1.2395689014932547
296.47647091505087,1.2393622589265167
296.49647202622367,1.239155499684559
296.51647313739653,1.2389486238681626
296.5364742485694,1.238741631578169
296.5564753597422,1.2385345229154743
296.57647647091505,1.238327297981032
296.5964775820879,1.2381199568758516
296.6164786932608,1.2379124997010014
296.6364798044336,1.237704926557604
296.65648091560644,1.2374972375468387
296.6764820267793,1.2372894327699422
296.6964831379521,1.2370815123282082
296.71648424912496,1.236873476322984
296.7364853602978,1.2366653248556763
296.7564864714706,1.2364570580277476
296.7764875826435,1.236248675940714
296.79648869381634,1.2360401786961515
296.8164898049892,1.2358315663956887
296.836490916162,1.2356228391410142
296.85649202733487,1.235413997033868
296.8764931385077,1.2352050401760502
296.89649424968053,1.2349959686694145
296.9164953608534,1.2347867826158714
296.93649647202625,1.2345774821173863
296.95649758319905,1.2343680672759825
296.9764986943719,1.2341585381937357
296.9964998055448,1.2339488949727806
297.01650091671763,1.2337391377153053
297.03650202789044,1.2335292665235555
297.0565031390633,1.2333192814998295
297.07650425023616,1.2331091827464835
297.09650536140896,1.2328989703659299
297.1165064725818,1.2326886444606326
297.1365075837547,1.2324782051331153
297.1565086949275,1.232267652485954
297.17650980610034,1.2320569866217812
297.1965109172732,1.2318462076432835
297.21651202844606,1.2316353156532045
297.23651313961886,1.2314243107543414
297.2565142507917,1.2312131930495471
297.2765153619646,1.2310019626417286
297.2965164731374,1.2307906196338496
297.31651758431025,1.2305791641289259
297.3365186954831,1.2303675962300313
297.3565198066559,1.2301559160402922
297.37652091782877,1.2299441236628905
297.39652202900163,1.2297322192010625
297.4165231401745,1.2295202027580991
297.4365242513473,1.229308074437348
297.45652536252015,1.2290958343422067
297.476526473693,1.2288834825761317
297.4965275848658,1.2286710192426318
297.5165286960387,1.2284584444452702
297.53652980721154,1.2282457582876645
297.55653091838434,1.2280329608734886
297.5765320295572,1.2278200523064664
297.59653314073006,1.2276070326903803
297.6165342519029,1.227393902129064
297.6365353630757,1.227180660726408
297.6565364742486,1.2269673085863524
297.67653758542144,1.2267538458128957
297.69653869659425,1.2265402725100893
297.7165398077671,1.226326588782036
297.73654091893997,1.2261127947328956
297.75654203011277,1.2258988904668797
297.77654314128563,1.2256848760882546
297.7965442524585,1.2254707517013388
297.81654536363135,1.225256517410507
297.83654647480415,1.2250421733201855
297.856547585977,1.2248277195348543
297.8765486971499,1.2246131561590468
297.8965498083227,1.2243984832973518
297.91655091949553,1.2241837010544079
297.9365520306684,1.2239688095349104
297.9565531418412,1.2237538088436057
297.97655425301406,1.2235386990852948
297.9965553641869,1.22332348036483
298.0165564753598,1.223108152787119
298.0365575865326,1.2228927164571226
298.05655869770544,1.222677171479851
298.0765598088783,1.2224615179603715
298.0965609200511,1.2222457560038025
298.11656203122396,1.2220298857153151
298.1365631423968,1.2218139072001333
298.1565642535696,1.2215978205635354
298.1765653647425,1.2213816259108492
298.19656647591535,1.2211653233474586
298.2165675870882,1.2209489129787974
298.236568698261,1.220732394910355
298.25656980943387,1.220515769247669
298.27657092060673,1.2202990360963333
298.29657203177953,1.2200821955619925
298.3165731429524,1.2198652477503436
298.33657425412525,1.2196481927671359
298.35657536529806,1.2194310307181722
298.3765764764709,1.2192137617093046
298.3965775876438,1.21899638584644
298.41657869881664,1.2187789032355376
298.43657980998944,1.2185613139826064
298.4565809211623,1.2183436181937086
298.47658203233516,1.2181258159749582
298.49658314350796,1.2179079074325223
298.5165842546808,1.2176898926726167
298.5365853658537,1.2174717718015127
298.5565864770265,1.2172535449255308
298.57658758819935,1.217035212151044
298.5965886993722,1.2168167735844764
298.61658981054507,1.2165982293323052
298.63659092171787,1.2163795795010577
298.6565920328907,1.2161608241973125
298.6765931440636,1.2159419635277
298.6965942552364,1.2157229975989032
298.71659536640925,1.2155039265176544
298.7365964775821,1.2152847503907378
298.7565975887549,1.2150654693249907
298.7765986999278,1.2148460834272976
298.79659981110063,1.214626592804598
298.8166009222735,1.2144069975638798
298.8366020334463,1.2141872978121846
298.85660314461916,1.2139674936566012
298.876604255792,1.213747585204273
298.8966053669648,1.213527572562392
298.9166064781377,1.2133074558382013
298.93660758931054,1.2130872351389952
298.95660870048334,1.2128669105721195
298.9766098116562,1.2126464822449678
298.99661092282906,1.2124259502649872
299.0166120340019,1.2122053147396747
299.0366131451747,1.2119845757765768
299.0566142563476,1.211763733483291
299.07661536752045,1.2115427879674645
299.09661647869325,1.211321739336797
299.1166175898661,1.2111005876990348
299.13661870103897,1.2108793331619783
299.1566198122118,1.2106579758334757
299.17662092338463,1.2104365158214254
299.1966220345575,1.210214953233776
299.21662314573035,1.2099932881785278
299.23662425690316,1.209771520763729
299.256625368076,1.209549651097478
299.2766264792489,1.2093276792879233
299.2966275904217,1.2091056054432645
299.31662870159454,1.2088834296717479
299.3366298127674,1.2086611520816721
299.3566309239402,1.2084387727813861
299.37663203511306,1.208216291879284
299.3966331462859,1.2079937094838147
299.4166342574588,1.2077710257034728
299.4366353686316,1.2075482406468052
299.45663647980444,1.2073253544224047
299.4766375909773,1.2071023671389174
299.4966387021501,1.2068792789050353
299.51663981332297,1.2066560898295016
299.5366409244958,1.2064328000211073
299.55664203566863,1.206209409588695
299.5766431468415,1.2059859186411523
299.59664425801435,1.2057623272874196
299.6166453691872,1.2055386356364837
299.63664648036,1.205314843797383
299.6566475915329,1.205090951879201
299.67664870270573,1.2048669599910729
299.69664981387854,1.2046428682421828
299.7166509250514,1.2044186767417602
299.73665203622426,1.2041943855990875
299.75665314739706,1.2039699949234928
299.7766542585699,1.2037455048243535
299.7966553697428,1.203520915411095
299.81665648091564,1.2032962267931928
299.83665759208844,1.2030714390801691
299.8566587032613,1.2028465523815945
299.87665981443416,1.202621566807088
299.89666092560697,1.2023964824663187
299.9166620367798,1.2021712994689997
299.9366631479527,1.2019460179248964
299.9566642591255,1.2017206379438201
299.97666537029835,1.2014951596356298
299.9966664814712,1.2012695831102342
300.01666759264407,1.2010439084775877
300.0366687038169,1.2008181358476953
300.05666981498973,1.2005922653306056
300.0766709261626,1.2003662970364193
300.0966720373354,1.2001402310752822
300.11667314850826,1.1999140675573883
300.1366742596811,1.1996878065929788
300.1566753708539,1.1994614482923445
300.1766764820268,1.1992349927658195
300.19667759319964,1.1990084401237893
300.2166787043725,1.1987817904766844
300.2366798155453,1.198555043934985
300.25668092671816,1.1983282006092144
300.276682037891,1.1981012606099468
300.2966831490638,1.1978742240478035
300.3166842602367,1.1976470910334496
300.33668537140954,1.1974198616776004
300.35668648258235,1.197192536091017
300.3766875937552,1.196965114384507
300.39668870492807,1.196737596668925
300.4166898161009,1.196509983055174
300.43669092727373,1.1962822736542016
300.4566920384466,1.1960544685770027
300.47669314961945,1.1958265679346192
300.49669426079225,1.1955985718381403
300.5166953719651,1.1953704803986993
300.536696483138,1.195142293727479
300.55669759431083,1.1949140119357058
300.57669870548364,1.194685635134656
300.5966998166565,1.1944571634356473
300.61670092782936,1.194228596950048
300.63670203900216,1.1939999357892719
300.656703150175,1.1937711800647757
300.6767042613479,1.1935423298880663
300.6967053725207,1.1933133853706945
300.71670648369354,1.1930843466242573
300.7367075948664,1.1928552137603974
300.75670870603926,1.1926259868908047
300.77670981721207,1.1923966661272136
300.7967109283849,1.1921672515814046
300.8167120395578,1.1919377433652034
300.8367131507306,1.191708141590484
300.85671426190345,1.191478446369161
300.8767153730763,1.1912486578131998
300.8967164842491,1.191018776034608
300.91671759542197,1.19078880114544
300.93671870659483,1.1905587332577945
300.9567198177677,1.1903285724838168
300.9767209289405,1.1900983189356982
300.99672204011335,1.1898679727256714
301.0167231512862,1.1896375339660186
301.036724262459,1.189407002769065
301.0567253736319,1.189176379247181
301.07672648480474,1.1889456635127817
301.09672759597754,1.1887148556783294
301.1167287071504,1.1884839558563272
301.13672981832326,1.188252964159327
301.1567309294961,1.1880218806999225
301.1767320406689,1.1877907055907557
301.1967331518418,1.1875594389445085
301.21673426301464,1.1873280808739113
301.23673537418745,1.1870966314917388
301.2567364853603,1.1868650909108065
301.27673759653317,1.1866334592439793
301.29673870770597,1.1864017366041635
301.31673981887883,1.18616992310431
301.3367409300517,1.1859380188574145
301.35674204122455,1.1857060239765174
301.37674315239735,1.1854739385747026
301.3967442635702,1.1852417627650982
301.4167453747431,1.185009496660876
301.4367464859159,1.1847771403752536
301.45674759708874,1.1845446940214892
301.4767487082616,1.1843121577128886
301.4967498194344,1.184079531562799
301.51675093060726,1.1838468156846125
301.5367520417801,1.1836140101917636
301.556753152953,1.1833811151977325
301.5767542641258,1.183148130816043
301.59675537529864,1.1829150571602591
301.6167564864715,1.1826818943439923
301.6367575976443,1.1824486424808955
301.65675870881716,1.1822153016846657
301.67675981999,1.181981872069042
301.6967609311628,1.18174835374781
301.7167620423357,1.1815147468347935
301.73676315350855,1.1812810514438643
301.7567642646814,1.1810472676889343
301.7767653758542,1.1808133956839613
301.79676648702707,1.1805794355429418
301.81676759819993,1.1803453873799197
301.83676870937273,1.180111251308979
301.8567698205456,1.179877027444248
301.87677093171845,1.1796427158998966
301.89677204289126,1.1794083167901392
301.9167731540641,1.17917383022923
301.936774265237,1.1789392563314687
301.95677537640984,1.178704595211197
301.97677648758264,1.178469846982798
301.9967775987555,1.178235011760698
302.01677870992836,1.1780000896593645
302.03677982110116,1.1777650807933107
302.056780932274,1.177529985277087
302.0767820434469,1.1772948032252912
302.0967831546197,1.1770595347525596
302.11678426579255,1.1768241799735726
302.1367853769654,1.1765887390030507
302.15678648813827,1.1763532119557596
302.17678759931107,1.176117598946504
302.19678871048393,1.175881900090132
302.2167898216568,1.175646115501532
302.2367909328296,1.1754102452956376
302.25679204400245,1.1751742895874193
302.2767931551753,1.1749382484918929
302.2967942663481,1.1747021221241158
302.316795377521,1.174465910599184
302.33679648869384,1.1742296140322384
302.3567975998667,1.1739932325384588
302.3767987110395,1.173756766233069
302.39679982221236,1.1735202152313304
302.4168009333852,1.17328357964855
302.436802044558,1.1730468596000727
302.4568031557309,1.1728100552012863
302.47680426690374,1.1725731665676185
302.49680537807654,1.1723361938145402
302.5168064892494,1.1720991370575602
302.53680760042226,1.1718619964122303
302.5568087115951,1.1716247719941442
302.5768098227679,1.171387463918934
302.5968109339408,1.1711500723022734
302.61681204511365,1.1709125972598768
302.63681315628645,1.1706750389075016
302.6568142674593,1.1704373973609405
302.67681537863217,1.1701996727360326
302.696816489805,1.1699618651486539
302.71681760097783,1.1697239747147217
302.7368187121507,1.1694860015501933
302.75681982332355,1.169247945771068
302.77682093449636,1.1690098074933837
302.7968220456692,1.168771586833219
302.8168231568421,1.1685332839066918
302.8368242680149,1.168294898829963
302.85682537918774,1.168056431719229
302.8768264903606,1.1678178826907302
302.8968276015334,1.167579251860746
302.91682871270626,1.1673405393455931
302.9368298238791,1.167101745261632
302.956830935052,1.1668628697252592
302.9768320462248,1.1666239128529148
302.99683315739765,1.166384874761074
303.0168342685705,1.166145755566256
303.0368353797433,1.1659065553850168
303.05683649091617,1.1656672743339525
303.07683760208903,1.165427912529698
303.09683871326183,1.1651884700889303
303.1168398244347,1.1649489471283616
303.13684093560755,1.1647093437647467
303.1568420467804,1.1644696601148776
303.1768431579532,1.1642298962955877
303.1968442691261,1.1639900524237456
303.21684538029893,1.1637501286162626
303.23684649147174,1.1635101249900888
303.2568476026446,1.1632700416622095
303.27684871381746,1.1630298787496534
303.29684982499026,1.1627896363694852
303.3168509361631,1.1625493146388093
303.336852047336,1.162308913674768
303.35685315850884,1.162068433594544
303.37685426968164,1.1618278745153565
303.3968553808545,1.1615872365544646
303.41685649202736,1.1613465198291646
303.43685760320017,1.1611057244567935
303.456858714373,1.160864850554723
303.4768598255459,1.1606238982403667
303.4968609367187,1.1603828676311743
303.51686204789155,1.1601417588446339
303.5368631590644,1.1599005719982731
303.55686427023727,1.159659307209655
303.5768653814101,1.1594179645963847
303.59686649258293,1.1591765442760997
303.6168676037558,1.1589350463664803
303.6368687149286,1.1586934709852423
303.65686982610146,1.1584518182501398
303.6768709372743,1.1582100882789637
303.6968720484471,1.1579682811895449
303.71687315962,1.1577263970997484
303.73687427079284,1.1574844361274803
303.7568753819657,1.1572423983906812
303.7768764931385,1.1570002840073323
303.79687760431136,1.1567580930954482
303.8168787154842,1.1565158257730839
303.836879826657,1.1562734821583318
303.8568809378299,1.1560310623693182
303.87688204900275,1.15578856652421
303.89688316017555,1.15554599474121
303.9168842713484,1.1553033471385572
303.93688538252127,1.155060623834528
303.9568864936941,1.154817824947437
303.97688760486693,1.1545749505956342
303.9968887160398,1.1543320008975064
304.01688982721265,1.1540889759714772
304.03689093838545,1.1538458759360088
304.0568920495583,1.1536027009095962
304.0768931607312,1.1533594510107743
304.096894271904,1.1531161263581136
304.11689538307684,1.15287272707022
304.1368964942497,1.1526292532657363
304.15689760542256,1.1523857050633424
304.17689871659536,1.1521420825817552
304.1968998277682,1.151898385939724
304.2169009389411,1.1516546152560387
304.2369020501139,1.1514107706495227
304.25690316128674,1.1511668522390361
304.2769042724596,1.1509228601434744
304.2969053836324,1.1506787944817716
304.31690649480527,1.1504346553728928
304.3369076059781,1.1501904429358436
304.356908717151,1.149946157289662
304.3769098283238,1.1497017985534255
304.39691093949665,1.1494573668462418
304.4169120506695,1.1492128622872593
304.4369131618423,1.148968284995659
304.4569142730152,1.1487236350906584
304.47691538418803,1.1484789126915094
304.49691649536084,1.1482341179175015
304.5169176065337,1.147989250887956
304.53691871770656,1.1477443117222323
304.5569198288794,1.147499300539725
304.5769209400522,1.1472542174598617
304.5969220512251,1.1470090626021063
304.61692316239794,1.1467638360859576
304.63692427357074,1.1465185380309504
304.6569253847436,1.1462731685566512
304.67692649591646,1.146027727782665
304.69692760708926,1.1457822158286295
304.7169287182621,1.1455366328142176
304.736929829435,1.1452909788591359
304.75693094060784,1.145045254083128
304.77693205178065,1.1447994586059695
304.7969331629535,1.1445535925474715
304.81693427412637,1.1443076560274799
304.83693538529917,1.1440616491658742
304.85693649647203,1.1438155720825685
304.8769376076449,1.1435694248975106
304.8969387188177,1.1433232077306845
304.91693982999055,1.1430769207021045
304.9369409411634,1.1428305639318233
304.9569420523363,1.142584137539924
304.9769431635091,1.1423376416465272
304.99694427468194,1.1420910763717829
305.0169453858548,1.1418444418358789
305.0369464970276,1.1415977381590352
305.05694760820046,1.141350965461505
305.0769487193733,1.1411041238635753
305.0969498305462,1.1408572134855677
305.116950941719,1.140610234447838
305.13695205289184,1.1403631868707713
305.1569531640647,1.1401160708747913
305.1769542752375,1.1398688865803517
305.19695538641037,1.1396216341079408
305.2169564975832,1.1393743135780792
305.23695760875603,1.1391269251113232
305.2569587199289,1.1388794688282575
305.27695983110175,1.1386319448495048
305.2969609422746,1.1383843532957176
305.3169620534474,1.1381366942875841
305.3369631646203,1.137888967945821
305.35696427579313,1.137641174391183
305.37696538696594,1.137393313744454
305.3969664981388,1.1371453861264518
305.41696760931165,1.136897391658026
305.43696872048446,1.1366493304600616
305.4569698316573,1.1364012026534716
305.4769709428302,1.1361530083592049
305.49697205400304,1.1359047476982425
305.51697316517584,1.1356564207915965
305.5369742763487,1.135408027760312
305.55697538752156,1.1351595687254654
305.57697649869436,1.134911043808168
305.5969776098672,1.134662453129559
305.6169787210401,1.1344137968108134
305.6369798322129,1.1341650749731365
305.65698094338575,1.1339162877377655
305.6769820545586,1.1336674352259692
305.69698316573147,1.13341851755905
305.71698427690427,1.1331695348583404
305.73698538807713,1.1329204872452048
305.75698649925,1.1326713748410389
305.7769876104228,1.1324221977672724
305.79698872159565,1.1321729561453622
305.8169898327685,1.1319236500968004
305.8369909439413,1.1316742797431107
305.8569920551142,1.1314248452058437
305.87699316628704,1.1311753466065866
305.8969942774599,1.130925784066954
305.9169953886327,1.1306761577085953
305.93699649980556,1.130426467653186
305.9569976109784,1.1301767140224377
305.9769987221512,1.12992689693809
305.9969998333241,1.1296770165219145
306.01700094449694,1.1294270728957123
306.03700205566975,1.129177066181319
306.0570031668426,1.128926996500595
306.07700427801547,1.128676863975437
306.0970053891883,1.1284266687277698
306.11700650036113,1.1281764108795491
306.137007611534,1.1279260905527608
306.15700872270685,1.127675707869421
306.17700983387965,1.1274252629515786
306.1970109450525,1.1271747559213086
306.21701205622537,1.1269241869007203
306.2370131673982,1.126673556011951
306.25701427857103,1.1264228633771687
306.2770153897439,1.126172109118571
306.29701650091675,1.1259212933583873
306.31701761208956,1.125670416218875
306.3370187232624,1.1254194778223225
306.3570198344353,1.1251684782910467
306.3770209456081,1.1249174177473973
306.39702205678094,1.1246662963137493
306.4170231679538,1.124415114112511
306.4370242791266,1.1241638712661204
306.45702539029946,1.1239125678970414
306.4770265014723,1.1236612041277718
306.4970276126452,1.1234097800808356
306.517028723818,1.1231582958787891
306.53702983499085,1.1229067516442137
306.5570309461637,1.122655147499725
306.5770320573365,1.1224034835679644
306.59703316850937,1.1221517599716033
306.61703427968223,1.1218999768333422
306.63703539085503,1.1216481342759126
306.6570365020279,1.1213962324220703
306.67703761320075,1.121144271394605
306.6970387243736,1.1208922513163315
306.7170398355464,1.1206401723100974
306.7370409467193,1.1203880344987736
306.75704205789214,1.1201358380052642
306.77704316906494,1.1198835829525016
306.7970442802378,1.1196312694634427
306.81704539141066,1.1193788976610781
306.83704650258346,1.1191264676684232
306.8570476137563,1.1188739796085234
306.8770487249292,1.1186214336044513
306.89704983610204,1.1183688297793095
306.91705094727484,1.1181161682562275
306.9370520584477,1.1178634491583626
306.95705316962056,1.1176106726089003
306.97705428079337,1.1173578387310565
306.9970553919662,1.1171049476480706
307.0170565031391,1.116851999483214
307.0370576143119,1.1165989943597836
307.05705872548475,1.1163459324011042
307.0770598366576,1.1160928137305304
307.09706094783047,1.115839638471441
307.1170620590033,1.1155864067472467
307.13706317017613,1.1153331186813804
307.157064281349,1.1150797743973075
307.1770653925218,1.1148263740185178
307.19706650369466,1.1145729176685295
307.2170676148675,1.114319405470887
307.2370687260403,1.1140658375491648
307.2570698372132,1.11381221402696
307.27707094838604,1.1135585350279014
307.2970720595589,1.1133048006756412
307.3170731707317,1.1130510110938625
307.33707428190456,1.1127971664062701
307.3570753930774,1.1125432667366002
307.3770765042502,1.1122893122086153
307.3970776154231,1.1120353029461008
307.41707872659595,1.1117812390728734
307.43707983776875,1.1115271207127742
307.4570809489416,1.1112729479896708
307.47708206011447,1.1110187210274571
307.49708317128733,1.1107644399500556
307.51708428246013,1.1105101048814126
307.537085393633,1.1102557159455015
307.55708650480585,1.110001273266322
307.57708761597866,1.109746776967902
307.5970887271515,1.1094922271742909
307.6170898383244,1.1092376240095687
307.6370909494972,1.1089829675978395
307.65709206067004,1.1087282580632336
307.6770931718429,1.108473495529906
307.69709428301576,1.1082186801220395
307.71709539418856,1.1079638119638433
307.7370965053614,1.107708891179548
307.7570976165343,1.1074539178934149
307.7770987277071,1.1071988922297278
307.79709983887994,1.106943814312797
307.8171009500528,1.1066886842669577
307.8371020612256,1.1064335022165728
307.85710317239847,1.106178268286026
307.8771042835713,1.1059229825997312
307.8971053947442,1.1056676452821241
307.917106505917,1.105412256457669
307.93710761708985,1.10515681625085
307.9571087282627,1.1049013247861816
307.9771098394355,1.1046457821882005
307.9971109506084,1.1043901885814686
308.01711206178123,1.1041345440905728
308.03711317295404,1.1038788488401265
308.0571142841269,1.103623102954764
308.07711539529976,1.1033673065591478
308.0971165064726,1.1031114597779643
308.1171176176454,1.1028555627359233
308.1371187288183,1.10259961555776
308.15711983999114,1.1023436183682331
308.17712095116394,1.1020875712921283
308.1971220623368,1.101831474454251
308.21712317350966,1.1015753279794356
308.23712428468247,1.101319131992538
308.2571253958553,1.1010628866184389
308.2771265070282,1.1008065919820424
308.29712761820105,1.1005502482082785
308.31712872937385,1.1002938554220993
308.3371298405467,1.100037413748481
308.35713095171957,1.0997809233124252
308.3771320628924,1.099524384238955
308.39713317406523,1.0992677966531192
308.4171342852381,1.099011160679988
308.4371353964109,1.0987544764446588
308.45713650758375,1.0984977440722477
308.4771376187566,1.0982409636878987
308.4971387299295,1.097984135416776
308.5171398411023,1.0977272593840708
308.53714095227514,1.0974703357149922
308.557142063448,1.0972133645347777
308.5771431746208,1.0969563459686853
308.59714428579366,1.0966992801419966
308.6171453969665,1.0964421671800153
308.6371465081393,1.0961850072080717
308.6571476193122,1.0959278003515132
308.67714873048504,1.0956705467357148
308.6971498416579,1.0954132464860733
308.7171509528307,1.0951558997280069
308.73715206400357,1.0948985065869574
308.7571531751764,1.0946410671883882
308.77715428634923,1.0943835816577883
308.7971553975221,1.094126050120664
308.81715650869495,1.0938684727025492
308.83715761986775,1.0936108495289971
308.8571587310406,1.0933531807255843
308.8771598422135,1.0930954664179087
308.89716095338633,1.0928377067315922
308.91716206455914,1.0925799017922773
308.937163175732,1.0923220517256287
308.95716428690486,1.0920641566573328
308.97716539807766,1.0918062167131004
308.9971665092505,1.09154823201866
309.0171676204234,1.091290202699765
309.0371687315962,1.0910321288821914
309.05716984276904,1.0907740106917323
309.0771709539419,1.0905158482542077
309.09717206511476,1.090257641695455
309.11717317628757,1.0899993911413373
309.1371742874604,1.089741096717734
309.1571753986333,1.0894827585505507
309.1771765098061,1.0892243767657115
309.19717762097895,1.0889659514891625
309.2171787321518,1.0887074828468706
309.2371798433246,1.088448970964826
309.25718095449747,1.0881904159690359
309.27718206567033,1.0879318179855324
309.2971831768432,1.0876731771403663
309.317184288016,1.0874144935596115
309.33718539918885,1.0871557673693588
309.3571865103617,1.0868969986957235
309.3771876215345,1.0866381876648417
309.3971887327074,1.086379334402866
309.41718984388024,1.0861204390359744
309.43719095505304,1.0858615016903628
309.4571920662259,1.085602522492248
309.47719317739876,1.085343501567867
309.4971942885716,1.0850844390434784
309.5171953997444,1.0848253350453596
309.5371965109173,1.084566189699809
309.55719762209014,1.0843070031331439
309.57719873326295,1.084047775471705
309.5971998444358,1.083788506841848
309.61720095560867,1.0835291973699528
309.6372020667815,1.083269847182418
309.65720317795433,1.0830104564056615
309.6772042891272,1.082751025166121
309.69720540030005,1.0824915535902537
309.71720651147285,1.082232041804539
309.7372076226457,1.081972489935471
309.7572087338186,1.0817128981095683
309.7772098449914,1.081453266453366
309.79721095616424,1.0811935950934197
309.8172120673371,1.0809338841563034
309.83721317850996,1.0806741337686123
309.85721428968276,1.0804143440569594
309.8772154008556,1.0801545151479768
309.8972165120285,1.0798946471683153
309.9172176232013,1.0796347402446476
309.93721873437414,1.0793747945036605
309.957219845547,1.079114810072064
309.9772209567198,1.0788547870765866
309.99722206789266,1.0785947256439716
310.0172231790655,1.0783346259009863
310.0372242902384,1.0780744879744126
310.0572254014112,1.0778143119910548
310.07722651258405,1.0775540980777307
310.0972276237569,1.0772938463612818
310.1172287349297,1.077033556968565
310.13722984610257,1.076773230026456
310.15723095727543,1.0765128656618488
310.17723206844823,1.0762524640016577
310.1972331796211,1.0759920251728108
310.21723429079395,1.0757315493022588
310.2372354019668,1.0754710365169675
310.2572365131396,1.0752104869439236
310.2772376243125,1.0749499007101273
310.29723873548534,1.0746892779426005
310.31723984665814,1.0744286187683834
310.337240957831,1.074167923314529
310.35724206900386,1.0739071917081136
310.37724318017666,1.073646424076228
310.3972442913495,1.0733856205459813
310.4172454025224,1.0731247812444993
310.43724651369524,1.0728639062989274
310.45724762486805,1.0726029958364265
310.4772487360409,1.0723420499841754
310.49724984721377,1.072081068869369
310.51725095838657,1.0718200526192228
310.53725206955943,1.0715590013609642
310.5572531807323,1.0712979152218427
310.5772542919051,1.071036794329122
310.59725540307795,1.0707756388100833
310.6172565142508,1.0705144487920242
310.6372576254237,1.0702532244022602
310.6572587365965,1.0699919657681245
310.67725984776934,1.069730673016963
310.6972609589422,1.0694693462761424
310.717262070115,1.0692079856730439
310.73726318128786,1.0689465913350658
310.7572642924607,1.0686851633896215
310.7772654036335,1.0684237019641445
310.7972665148064,1.0681622071860792
310.81726762597924,1.067900679182891
310.8372687371521,1.0676391180820586
310.8572698483249,1.0673775240110797
310.87727095949776,1.0671158970974637
310.8972720706706,1.0668542374687395
310.9172731818434,1.0665925452524527
310.9372742930163,1.0663308205761604
310.95727540418915,1.06606906356744
310.97727651536195,1.0658072743538825
310.9972776265348,1.0655454530630946
311.01727873770767,1.0652835998226984
311.03727984888053,1.0650217147603338
311.05728096005333,1.0647597980036536
311.0772820712262,1.0644978496803272
311.09728318239905,1.0642358699180385
311.11728429357186,1.0639738588444896
311.1372854047447,1.0637118165873927
311.1572865159176,1.0634497432744803
311.1772876270904,1.0631876390334976
311.19728873826324,1.0629255039922048
311.2172898494361,1.062663338278377
311.23729096060896,1.0624011420198056
311.25729207178176,1.0621389153442973
311.2772931829546,1.0618766583796697
311.2972942941275,1.06161437125376
311.3172954053003,1.061352054094417
311.33729651647315,1.0610897070295053
311.357297627646,1.0608273301869033
311.3772987388188,1.0605649236945065
311.39729984999167,1.06030248768022
311.4173009611645,1.0600400222719681
311.4373020723374,1.0597775275976864
311.4573031835102,1.0595150037853276
311.47730429468305,1.0592524509628543
311.4973054058559,1.0589898692582478
311.5173065170287,1.0587272587995007
311.5373076282016,1.0584646197146201
311.55730873937443,1.0582019521316273
311.57730985054724,1.057939256178559
311.5973109617201,1.0576765319834618
311.61731207289296,1.0574137796743996
311.6373131840658,1.0571509993794501
311.6573142952386,1.0568881912267023
311.6773154064115,1.05662535534426
311.69731651758434,1.05636249186024
311.71731762875714,1.0560996009027745
311.73731873993,1.0558366826000056
311.75731985110286,1.0555737370800926
311.77732096227567,1.055310764471205
311.7973220734485,1.0550477649015273
311.8173231846214,1.0547847384992555
311.83732429579425,1.0545216853926012
311.85732540696705,1.054258605709787
311.8773265181399,1.053995499579048
311.89732762931277,1.0537323671286347
311.9173287404856,1.0534692084868083
311.93732985165843,1.053206023781843
311.9573309628313,1.052942813142026
311.9773320740041,1.052679576695659
311.99733318517696,1.0524163145710517
312.0173342963498,1.0521530268965311
312.0373354075227,1.0518897138004335
312.0573365186955,1.0516263754111108
312.07733762986834,1.0513630118569224
312.0973387410412,1.0510996232662446
312.117339852214,1.0508362097674637
312.13734096338686,1.0505727714889785
312.1573420745597,1.050309308559199
312.1773431857325,1.0500458211065502
312.1973442969054,1.0497823092594645
312.21734540807824,1.0495187731463895
312.2373465192511,1.0492552128957848
312.2573476304239,1.04899162863612
312.27734874159677,1.0487280204958773
312.2973498527696,1.0484643886035494
312.31735096394243,1.0482007330876437
312.3373520751153,1.0479370540766741
312.35735318628815,1.0476733516991714
312.37735429746095,1.047409626083674
312.3973554086338,1.0471458773587332
312.4173565198067,1.04688210565291
312.43735763097953,1.04661831109478
312.45735874215234,1.0463544938129263
312.4773598533252,1.046090653935945
312.49736096449806,1.0458267915924417
312.51736207567086,1.0455629069110364
312.5373631868437,1.0452990000203544
312.5573642980166,1.0450350710490368
312.5773654091894,1.044771120125735
312.59736652036224,1.0445071473791068
312.6173676315351,1.0442431529378258
312.63736874270796,1.0439791369305726
312.65736985388077,1.0437150994860418
312.6773709650536,1.0434510407329334
312.6973720762265,1.043186960799963
312.7173731873993,1.0429228598158535
312.73737429857215,1.0426587379093388
312.757375409745,1.0423945952091622
312.7773765209178,1.0421304318440803
312.7973776320907,1.0418662479428544
312.81737874326353,1.041602043634261
312.8373798544364,1.0413378190470832
312.8573809656092,1.041073574310117
312.87738207678206,1.0408093095521636
312.8973831879549,1.040545024902038
312.9173842991277,1.0402807204885653
312.9373854103006,1.040016396440576
312.95738652147344,1.0397520528869144
312.97738763264624,1.039487689956432
312.9973887438191,1.0392233077779907
313.01738985499196,1.0389589064804605
313.0373909661648,1.038694486192723
313.0573920773376,1.0384300470436676
313.0773931885105,1.0381655891621924
313.09739429968334,1.037901112677205
313.11739541085615,1.0376366177176242
313.137396522029,1.0373721044123734
313.15739763320187,1.037107572890389
313.17739874437467,1.0368430232806156
313.19739985554753,1.0365784557120035
313.2174009667204,1.036313870313516
313.23740207789325,1.0360492672141217
313.25740318906605,1.0357846465428013
313.2774043002389,1.0355200084285394
313.2974054114118,1.0352553530003339
313.3174065225846,1.034990680387188
313.33740763375744,1.0347259907181146
313.3574087449303,1.0344612841221335
313.3774098561031,1.034196560728276
313.39741096727596,1.0339318206655768
313.4174120784488,1.0336670640630832
313.4374131896217,1.0334022910498475
313.4574143007945,1.0331375017549331
313.47741541196734,1.0328726963074066
313.4974165231402,1.0326078748363472
313.517417634313,1.0323430374708407
313.53741874548587,1.0320781843399776
313.5574198566587,1.0318133155728604
313.57742096783153,1.0315484312985965
313.5974220790044,1.0312835316463018
313.61742319017725,1.0310186167450988
313.6374243013501,1.0307536867241192
313.6574254125229,1.0304887417125008
313.6774265236958,1.0302237818393887
313.69742763486863,1.029958807233935
313.71742874604143,1.029693818025301
313.7374298572143,1.0294288143426513
313.75743096838715,1.0291637963151619
313.77743207955996,1.0288987640720129
313.7974331907328,1.0286337177423919
313.8174343019057,1.0283686574554933
313.83743541307854,1.028103583340519
313.85743652425134,1.027838495526679
313.8774376354242,1.0275733941431853
313.89743874659706,1.0273082793192612
313.91743985776986,1.0270431511841347
313.9374409689427,1.02677800986704
313.9574420801156,1.0265128554972176
313.9774431912884,1.0262476882039169
313.99744430246125,1.0259825081163887
314.0174454136341,1.025717315363895
314.03744652480697,1.0254521100757008
314.05744763597977,1.02518689238108
314.07744874715263,1.0249216624093085
314.0974498583255,1.0246564202896722
314.1174509694983,1.0243911661514606
314.13745208067115,1.02412590012397
314.157453191844,1.0238606223365012
314.1774543030169,1.0235953329183627
314.1974554141897,1.023330031998869
314.21745652536254,1.023064719707336
314.2374576365354,1.0227993961730901
314.2574587477082,1.0225340615254608
314.27745985888106,1.0222687158937829
314.2974609700539,1.0220033594073967
314.3174620812267,1.0217379921956502
314.3374631923996,1.0214726143878914
314.35746430357244,1.0212072261134788
314.3774654147453,1.0209418275017725
314.3974665259181,1.020676418682141
314.41746763709097,1.020410999783953
314.4374687482638,1.020145570936586
314.4574698594366,1.0198801322694229
314.4774709706095,1.0196146839118463
314.49747208178235,1.0193492259932495
314.51747319295515,1.019083758643027
314.537474304128,1.0188182819905787
314.55747541530087,1.0185527961653085
314.57747652647373,1.0182873012966265
314.59747763764653,1.0180217975139454
314.6174787488194,1.017756284946683
314.63747985999225,1.0174907637242607
314.65748097116506,1.0172252339761065
314.6774820823379,1.0169596958316482
314.6974831935108,1.0166941494203223
314.7174843046836,1.0164285948715666
314.73748541585644,1.0161630323148232
314.7574865270293,1.0158974618795382
314.77748763820216,1.0156318836951623
314.79748874937496,1.0153662978911508
314.8174898605478,1.015100704596959
314.8374909717207,1.0148351039420496
314.8574920828935,1.0145694960558873
314.87749319406635,1.0143038810679403
314.8974943052392,1.0140382591076802
314.917495416412,1.013772630304584
314.93749652758487,1.0135069947881277
314.95749763875773,1.0132413526877955
314.9774987499306,1.0129757041330707
314.9974998611034,1.0127100492534438
315.01750097227625,1.0124443881784035
315.0375020834491,1.0121787210374464
315.0575031946219,1.0119130479600686
315.0775043057948,1.011647369075771
315.09750541696764,1.0113816845140553
315.11750652814044,1.01111599440443
315.1375076393133,1.0108502988764003
315.15750875048616,1.010584598059479
315.177509861659,1.0103188920831805
315.1975109728318,1.0100531810770206
315.2175120840047,1.0097874651705177
315.23751319517754,1.009521744493192
315.25751430635034,1.0092560191745696
315.2775154175232,1.0089902893441731
315.29751652869606,1.0087245551315325
315.31751763986887,1.008458816666177
315.3375187510417,1.0081930740776388
315.3575198622146,1.0079273274954514
315.37752097338745,1.007661577049152
315.39752208456025,1.007395822868278
315.4175231957331,1.0071300650823685
315.43752430690597,1.0068643038209664
315.4575254180788,1.0065985392136139
315.47752652925163,1.0063327713898562
315.4975276404245,1.006067000479239
315.5175287515973,1.0058012266113119
315.53752986277016,1.005535449915622
315.557530973943,1.0052696705217217
315.5775320851159,1.005003888559162
315.5975331962887,1.0047381041574976
315.61753430746154,1.004472317446281
315.6375354186344,1.0042065285550696
315.6575365298072,1.0039407376134195
315.67753764098006,1.0036749447508881
315.6975387521529,1.0034091500970335
315.7175398633257,1.003143353781417
315.7375409744986,1.0028775559335965
315.75754208567145,1.002611756683134
315.7775431968443,1.0023459561595924
315.7975443080171,1.002080154492533
315.81754541918997,1.001814351811519
315.83754653036283,1.0015485482461126
315.85754764153563,1.0012827439258802
315.8775487527085,1.001016938980383
315.89754986388135,1.0007511335391877
315.91755097505416,1.000485327731858
315.937552086227,1.0002195216879592
315.9575531973999,0.9999537155370556
315.97755430857273,0.9996879094087134
315.99755541974554,0.9994221034324973
316.0175565309184,0.9991562977379721
316.03755764209126,0.9988904924547021
316.05755875326406,0.9986246877122538
316.0775598644369,0.9983588836401891
316.0975609756098,0.9980930803680734
316.1175620867826,0.9978272780254717
316.13756319795544,0.9975614767419444
316.1575643091283,0.9972956766470564
316.17756542030116,0.9970298778703685
316.19756653147397,0.9967640805414439
316.2175676426468,0.9964982847898411
316.2375687538197,0.9962324907451221
316.2575698649925,0.9959666985368452
316.27757097616535,0.9957009082945686
316.2975720873382,0.9954351201478493
316.317573198511,0.9951693342262453
316.3375743096839,0.9949035506593095
316.35757542085673,0.9946377695765976
316.3775765320296,0.9943719911076614
316.3975776432024,0.9941062153820543
316.41757875437526,0.993840442529324
316.4375798655481,0.9935746726790208
316.4575809767209,0.9933089059606932
316.4775820878938,0.9930431425038845
316.49758319906664,0.992777382438141
316.51758431023944,0.9925116258930046
316.5375854214123,0.9922458729980161
316.55758653258516,0.9919801238827142
316.577587643758,0.9917143786766374
316.5975887549308,0.9914486375093204
316.6175898661037,0.9911829005102966
316.63759097727655,0.9909171678090968
316.65759208844935,0.9906514395352521
316.6775931996222,0.9903857158182872
316.69759431079507,0.990119996787728
316.71759542196787,0.9898542825730988
316.73759653314073,0.989588573303917
316.7575976443136,0.9893228691097027
316.77759875548645,0.9890571701199695
316.79759986665925,0.9887914764642327
316.8176009778321,0.9885257882719997
316.837602089005,0.9882601056727801
316.8576032001778,0.987994428796078
316.87760431135064,0.9877287577713957
316.8976054225235,0.9874630927282314
316.9176065336963,0.9871974337960838
316.93760764486916,0.9869317811044432
316.957608756042,0.9866661347828023
316.9776098672149,0.9864004949606465
316.9976109783877,0.986134861767462
317.01761208956054,0.9858692353327271
317.0376132007334,0.9856036157859203
317.0576143119062,0.9853380032565171
317.07761542307907,0.9850723978739857
317.0976165342519,0.9848067997677954
317.11761764542473,0.9845412090674089
317.1376187565976,0.9842756259022865
317.15761986777045,0.9840100504018838
317.1776209789433,0.9837444826956548
317.1976220901161,0.9834789229130478
317.217623201289,0.9832133711835077
317.23762431246183,0.982947827636475
317.25762542363464,0.9826822924013887
317.2776265348075,0.9824167656076791
317.29762764598036,0.9821512473847772
317.31762875715316,0.9818857378621071
317.337629868326,0.9816202371690892
317.3576309794989,0.981354745435139
317.37763209067174,0.9810892627896692
317.39763320184454,0.9808237893620884
317.4176343130174,0.9805583252817966
317.43763542419026,0.9802928706781946
317.45763653536306,0.9800274256806752
317.4776376465359,0.9797619904186274
317.4976387577088,0.979496565021435
317.5176398688816,0.9792311496184793
317.53764098005445,0.9789657443391325
317.5576420912273,0.9787003493127661
317.57764320240017,0.9784349646687434
317.59764431357297,0.978169590536426
317.61764542474583,0.977904227045166
317.6376465359187,0.9776388743243145
317.6576476470915,0.977373532503215
317.67764875826435,0.9771082017112062
317.6976498694372,0.9768428820776207
317.71765098061,0.976577573731788
317.7376520917829,0.9763122768030297
317.75765320295574,0.976046991420662
317.7776543141286,0.9757817177139976
317.7976554253014,0.9755164558123413
317.81765653647426,0.9752512058449928
317.8376576476471,0.9749859679412456
317.8576587588199,0.9747207422303897
317.8776598699928,0.9744555288417046
317.89766098116564,0.9741903279044684
317.91766209233845,0.9739251395479506
317.9376632035113,0.973659963901415
317.95766431468417,0.9733948010941188
317.977665425857,0.9731296512553143
317.99766653702983,0.9728645145142477
318.0176676482027,0.9725993910001552
318.03766875937555,0.9723342808422714
318.05766987054835,0.9720691841698211
318.0776709817212,0.9718041011120238
318.0976720928941,0.9715390317980913
318.1176732040669,0.9712739763572317
318.13767431523974,0.9710089349186413
318.1576754264126,0.9707439076115145
318.17767653758546,0.9704788945650354
318.19767764875826,0.9702138959083846
318.2176787599311,0.9699489117707307
318.237679871104,0.9696839422812403
318.2576809822768,0.96941898756907
318.27768209344964,0.9691540477633697
318.2976832046225,0.9688891229932816
318.3176843157953,0.9686242133879432
318.33768542696816,0.9683593190764799
318.357686538141,0.9680944401880135
318.3776876493139,0.9678295768516579
318.3976887604867,0.967564729196518
318.41768987165955,0.9672998973516916
318.4376909828324,0.9670350814462682
318.4576920940052,0.9667702816093322
318.47769320517807,0.9665054979699554
318.49769431635093,0.9662407306572067
318.51769542752373,0.965975979800144
318.5376965386966,0.9657112455278181
318.55769764986945,0.9654465279692707
318.5776987610423,0.9651818272535377
318.5976998722151,0.9649171435096449
318.617700983388,0.9646524768666099
318.63770209456084,0.964387827453442
318.65770320573364,0.9641231953991443
318.6777043169065,0.9638585808327069
318.69770542807936,0.9635939838831155
318.7177065392522,0.9633294046793462
318.737707650425,0.9630648433503656
318.7577087615979,0.962800300025132
318.77770987277074,0.962535774832594
318.79771098394355,0.9622712679016945
318.8177120951164,0.9620067793613626
318.83771320628927,0.9617423093405232
318.85771431746207,0.9614778579680893
318.87771542863493,0.9612134253729656
318.8977165398078,0.9609490116840471
318.91771765098065,0.9606846170302215
318.93771876215345,0.960420241540365
318.9577198733263,0.9601558853433454
318.9777209844992,0.9598915485680204
318.997722095672,0.9596272313432402
319.01772320684483,0.9593629337978434
319.0377243180177,0.9590986560606591
319.0577254291905,0.9588343982605094
319.07772654036336,0.9585701605262019
319.0977276515362,0.9583059429865393
319.1177287627091,0.9580417457703108
319.1377298738819,0.9577775690062993
319.15773098505474,0.9575134128232731
319.1777320962276,0.9572492773499949
319.1977332074004,0.9569851627152147
319.21773431857326,0.9567210690476733
319.2377354297461,0.9564569964761002
319.2577365409189,0.9561929451292175
319.2777376520918,0.9559289151357323
319.29773876326465,0.9556649066243452
319.3177398744375,0.9554009197237456
319.3377409856103,0.9551369545626114
319.35774209678317,0.9548730112696101
319.37774320795603,0.9546090899733982
319.39774431912883,0.9543451908026239
319.4177454303017,0.9540813138859201
319.43774654147455,0.9538174593519136
319.45774765264736,0.9535536273292176
319.4777487638202,0.9532898179464346
319.4977498749931,0.9530260313321559
319.51775098616594,0.9527622676149635
319.53775209733874,0.9524985269234263
319.5577532085116,0.9522348093861025
319.57775431968446,0.9519711151315384
319.59775543085726,0.9517074442882718
319.6177565420301,0.9514437969848243
319.637757653203,0.9511801733497098
319.6577587643758,0.950916573511431
319.67775987554865,0.9506529975984749
319.6977609867215,0.9503894457393214
319.71776209789437,0.9501259180624354
319.73776320906717,0.9498624146962734
319.75776432024,0.9495989357692753
319.7777654314129,0.949335481409874
319.7977665425857,0.9490720517464873
319.81776765375855,0.9488086469075221
319.8377687649314,0.9485452670213721
319.8577698761042,0.9482819122164218
319.8777709872771,0.9480185826210388
319.89777209844993,0.9477552783635829
319.9177732096228,0.9474919995723984
319.9377743207956,0.9472287463758204
319.95777543196846,0.9469655189021671
319.9777765431413,0.9467023172797476
319.9977776543141,0.946439141636859
320.017778765487,0.9461759921017815
320.03777987665984,0.9459128688027871
320.05778098783264,0.9456497718681327
320.0777820990055,0.9453867014260626
320.09778321017836,0.9451236576048078
320.1177843213512,0.9448606405325881
320.137785432524,0.9445976503376087
320.1577865436969,0.9443346871480618
320.17778765486975,0.9440717510921263
320.19778876604255,0.9438088422979699
320.2177898772154,0.9435459608937431
320.23779098838827,0.9432831070075864
320.2577920995611,0.9430202807676275
320.27779321073393,0.9427574823019759
320.2977943219068,0.9424947117387328
320.31779543307965,0.9422319692059822
320.33779654425246,0.9419692548317979
320.3577976554253,0.9417065687442353
320.3777987665982,0.9414439110713406
320.397799877771,0.9411812819411436
320.41780098894384,0.9409186814816606
320.4378021001167,0.9406561098208935
320.4578032112895,0.9403935670868327
320.47780432246236,0.9401310534074502
320.4978054336352,0.9398685689107077
320.5178065448081,0.9396061137245503
320.5378076559809,0.9393436879769114
320.55780876715374,0.9390812917957057
320.5778098783266,0.9388189253088375
320.5978109894994,0.9385565886441966
320.61781210067227,0.9382942819296543
320.6378132118451,0.9380320052930717
320.65781432301793,0.937769758862293
320.6778154341908,0.937507542765148
320.69781654536365,0.9372453571294513
320.7178176565365,0.9369832020830045
320.7378187677093,0.9367210777535921
320.7578198788822,0.9364589842689849
320.77782099005503,0.9361969217569373
320.79782210122784,0.9359348903451916
320.8178232124007,0.9356728901614704
320.83782432357356,0.9354109213334854
320.85782543474636,0.9351489839889308
320.8778265459192,0.9348870782554856
320.8978276570921,0.9346252042608132
320.91782876826494,0.9343633621325625
320.93782987943774,0.9341015519983678
320.9578309906106,0.9338397739858436
320.97783210178346,0.9335780282225936
320.99783321295627,0.933316314836203
321.0178343241291,0.9330546339542418
321.037835435302,0.9327929857042637
321.0578365464748,0.9325313702138089
321.07783765764765,0.9322697876103974
321.0978387688205,0.9320082380215371
321.11783987999337,0.9317467215747174
321.1378409911662,0.9314852383974142
321.15784210233903,0.9312237886170825
321.1778432135119,0.9309623723611663
321.1978443246847,0.9307009897570899
321.21784543585756,0.9304396409322624
321.2378465470304,0.9301783260140754
321.2578476582032,0.929917045129906
321.2778487693761,0.929655798407113
321.29784988054894,0.9293945859730383
321.3178509917218,0.929133407955009
321.3378521028946,0.9288722644803338
321.35785321406746,0.9286111556763049
321.3778543252403,0.9283500816701971
321.3978554364131,0.9280890425892706
321.417856547586,0.9278280385607645
321.43785765875884,0.9275670697119048
321.45785876993165,0.9273061361698982
321.4778598811045,0.9270452380619347
321.49786099227737,0.9267843755151863
321.5178621034502,0.926523548656809
321.53786321462303,0.926262757613942
321.5578643257959,0.9260020025137032
321.57786543696875,0.9257412834831977
321.59786654814155,0.9254806006495102
321.6178676593144,0.9252199541397085
321.6378687704873,0.9249593440808419
321.6578698816601,0.9246987705999447
321.67787099283294,0.9244382338240287
321.6978721040058,0.9241777338800924
321.71787321517866,0.9239172708951133
321.73787432635146,0.9236568449960538
321.7578754375243,0.9233964563098539
321.7778765486972,0.9231361049634399
321.79787765987,0.9228757910837172
321.81787877104284,0.922615514797574
321.8378798822157,0.9223552762318791
321.8578809933885,0.9220950755134856
321.87788210456137,0.9218349127692237
321.8978832157342,0.921574788125909
321.9178843269071,0.9213147017103378
321.9378854380799,0.9210546536492864
321.95788654925275,0.9207946440695134
321.9778876604256,0.9205346730977575
321.9978887715984,0.9202747408607415
322.01788988277127,0.9200148474851647
322.03789099394413,0.919754993097712
322.05789210511693,0.9194951778250468
322.0778932162898,0.9192354017938138
322.09789432746265,0.9189756651306381
322.1178954386355,0.9187159679621277
322.1378965498083,0.9184563104148693
322.1578976609812,0.9181966926154307
322.17789877215404,0.9179371146903599
322.19789988332684,0.9176775767661882
322.2179009944997,0.9174180789694226
322.23790210567256,0.9171586214265545
322.25790321684536,0.9168992042640557
322.2779043280182,0.9166398276083744
322.2979054391911,0.9163804915859437
322.31790655036394,0.9161211963231736
322.33790766153675,0.9158619419464573
322.3579087727096,0.915602728582164
322.37790988388247,0.9153435563566467
322.39791099505527,0.9150844253962365
322.41791210622813,0.9148253358272445
322.437913217401,0.9145662877759614
322.4579143285738,0.9143072813686599
322.47791543974665,0.914048316731588
322.4979165509195,0.913789393990978
322.5179176620924,0.9135305132730384
322.5379187732652,0.9132716747039598
322.55791988443804,0.9130128784099103
322.5779209956109,0.9127541245170375
322.5979221067837,0.9124954131514709
322.61792321795656,0.9122367444393147
322.6379243291294,0.9119781185066567
322.6579254403022,0.9117195354795614
322.6779265514751,0.9114609954840732
322.69792766264794,0.9112024986462146
322.7179287738208,0.9109440450919892
322.7379298849936,0.9106856349473773
322.75793099616646,0.9104272683383391
322.7779321073393,0.9101689453908125
322.7979332185121,0.9099106662307169
322.817934329685,0.909652430983946
322.83793544085785,0.9093942397763756
322.85793655203065,0.9091360927338603
322.8779376632035,0.9088779899822292
322.89793877437637,0.9086199316472946
322.91793988554923,0.9083619178548433
322.93794099672203,0.9081039487306444
322.9579421078949,0.9078460244004399
322.97794321906775,0.9075881449899551
322.99794433024056,0.9073303106248907
323.0179454414134,0.9070725214309259
323.0379465525863,0.9068147775337172
323.0579476637591,0.906557079058902
323.07794877493194,0.9062994261320907
323.0979498861048,0.9060418188788759
323.11795099727766,0.9057842574248253
323.13795210845046,0.9055267418954867
323.1579532196233,0.9052692724163816
323.1779543307962,0.9050118491130127
323.197955441969,0.9047544721108602
323.21795655314185,0.904497141535378
323.2379576643147,0.9042398575120016
323.25795877548757,0.903982620166141
323.27795988666037,0.903725429623186
323.29796099783323,0.9034682860084999
323.3179621090061,0.9032111894474272
323.3379632201789,0.9029541400652866
323.35796433135175,0.9026971379873752
323.3779654425246,0.9024401833389656
323.3979665536974,0.9021832762453104
323.4179676648703,0.9019264168316342
323.43796877604314,0.9016696052231432
323.457969887216,0.9014128415450168
323.4779709983888,0.9011561259224143
323.49797210956166,0.900899458480467
323.5179732207345,0.900642839344287
323.5379743319073,0.9003862686389622
323.5579754430802,0.9001297464895536
323.57797655425304,0.8998732730211026
323.59797766542584,0.8996168483586247
323.6179787765987,0.8993604726271118
323.63797988777156,0.8991041459515319
323.6579809989444,0.8988478684568304
323.6779821101172,0.8985916402679271
323.6979832212901,0.8983354615097187
323.71798433246295,0.8980793323070764
323.73798544363575,0.8978232527848504
323.7579865548086,0.8975672230678622
323.77798766598147,0.8973112432809126
323.7979887771543,0.8970553135487783
323.81798988832713,0.8967994339962074
323.8379909995,0.8965436047479286
323.85799211067285,0.8962878259286422
323.87799322184566,0.8960320976630277
323.8979943330185,0.8957764200757352
323.9179954441914,0.8955207932913946
323.9379965553642,0.8952652174346083
323.95799766653704,0.895009692629955
323.9779987777099,0.8947542190019875
323.9979998888827,0.8944987966752362
324.01800100005556,0.8942434257742022
324.0380021112284,0.8939881064233659
324.0580032224013,0.8937328387471795
324.0780043335741,0.8934776228700729
324.09800544474695,0.8932224589164466
324.1180065559198,0.8929673470106796
324.1380076670926,0.8927122872771253
324.15800877826547,0.8924572798401079
324.17800988943833,0.8922023248239308
324.19801100061113,0.8919474223528693
324.218012111784,0.8916925725511732
324.23801322295685,0.8914377755430666
324.2580143341297,0.8911830314527496
324.2780154453025,0.8909283404043943
324.2980165564754,0.890673702522148
324.31801766764823,0.8904191179301311
324.33801877882104,0.8901645867524409
324.3580198899939,0.889910109113144
324.37802100116676,0.8896556851362855
324.39802211233956,0.8894013149458815
324.4180232235124,0.8891469986659227
324.4380243346853,0.8888927364203731
324.45802544585814,0.8886385283331714
324.47802655703094,0.8883843745282304
324.4980276682038,0.888130275129433
324.51802877937666,0.8878762302606397
324.53802989054947,0.887622240045682
324.5580310017223,0.8873683046083656
324.5780321128952,0.8871144240724683
324.598033224068,0.8868605985617444
324.61803433524085,0.8866068281999164
324.6380354464137,0.8863531131106847
324.65803655758657,0.8860994534177191
324.6780376687594,0.8858458492446661
324.69803877993223,0.8855923007151406
324.7180398911051,0.8853388079527347
324.7380410022779,0.8850853710810105
324.75804211345076,0.884831990223504
324.7780432246236,0.8845786655037229
324.7980443357964,0.8843253970451498
324.8180454469693,0.8840721849712376
324.83804655814214,0.8838190294054119
324.858047669315,0.8835659304710727
324.8780487804878,0.8833128882915902
324.89804989166066,0.883059902990308
324.9180510028335,0.882806974690541
324.9380521140063,0.8825541035155792
324.9580532251792,0.8823012895886798
324.97805433635205,0.8820485330330771
324.99805544752485,0.8817958339719744
325.0180565586977,0.881543192528548
325.03805766987057,0.8812906088259451
325.0580587810434,0.8810380829872866
325.07805989221623,0.8807856151356652
325.0980610033891,0.8805332053941418
325.11806211456195,0.8802808538857536
325.13806322573475,0.8800285607335065
325.1580643369076,0.8797763260603789
325.1780654480805,0.8795241499893199
325.1980665592533,0.8792720326432527
325.21806767042614,0.8790199741450672
325.238068781599,0.8787679746176292
325.25806989277186,0.8785160341837727
325.27807100394466,0.8782641529663059
325.2980721151175,0.8780123310880038
325.3180732262904,0.8777605686716168
325.3380743374632,0.8775088658398639
325.35807544863604,0.8772572227154356
325.3780765598089,0.8770056394209926
325.3980776709817,0.8767541160791693
325.41807878215457,0.8765026528125661
325.4380798933274,0.8762512497437579
325.4580810045003,0.87599990699529
325.4780821156731,0.8757486246896764
325.49808322684595,0.8754974029494031
325.5180843380188,0.8752462418969252
325.5380854491916,0.8749951416546712
325.5580865603645,0.8747441023450353
325.57808767153733,0.8744931240903865
325.59808878271014,0.8742422070130614
325.618089893883,0.8739913512353679
325.63809100505586,0.8737405568795825
325.6580921162287,0.8734898240679546
325.6780932274015,0.873239152922701
325.6980943385744,0.8729885435660096
325.71809544974724,0.8727379961200371
325.73809656092004,0.8724875107069128
325.7580976720929,0.8722370874487313
325.77809878326576,0.8719867264675606
325.79809989443856,0.8717364278854385
325.8181010056114,0.8714861918243685
325.8381021167843,0.8712360184063281
325.85810322795714,0.870985907753261
325.87810433912995,0.8707358599870836
325.8981054503028,0.8704858752296771
325.91810656147567,0.8702359536028966
325.93810767264847,0.8699860952285636
325.95810878382133,0.8697363002284697
325.9781098949942,0.8694865687243747
325.998111006167,0.8692369008380102
326.01811211733985,0.8689872966910723
326.0381132285127,0.8687377564052305
326.0581143396856,0.8684882801021199
326.0781154508584,0.8682388679033468
326.09811656203124,0.867989519930485
326.1181176732041,0.8677402363050761
326.1381187843769,0.8674910171486336
326.15811989554976,0.8672418625826347
326.1781210067226,0.8669927727285297
326.1981221178954,0.866743747707735
326.2181232290683,0.8664947876416356
326.23812434024114,0.8662458926515847
326.258125451414,0.8659970628589053
326.2781265625868,0.8657482983848869
326.29812767375967,0.8654995993507877
326.3181287849325,0.8652509658778336
326.33812989610533,0.8650023980872206
326.3581310072782,0.8647538961001088
326.37813211845105,0.8645054600376297
326.39813322962385,0.8642570900208828
326.4181343407967,0.8640087861709315
326.4381354519696,0.8637605486088112
326.45813656314243,0.8635123774555225
326.47813767431524,0.8632642728320361
326.4981387854881,0.863016234859286
326.51813989666095,0.8627682636581784
326.53814100783376,0.862520359349584
326.5581421190066,0.8622725220543421
326.5781432301795,0.8620247518932582
326.5981443413523,0.8617770489871078
326.61814545252514,0.8615294134566291
326.638146563698,0.8612818454225322
326.65814767487086,0.8610343450054907
326.67814878604366,0.8607869123261486
326.6981498972165,0.8605395475051124
326.7181510083894,0.8602922506629596
326.7381521195622,0.860045021920234
326.75815323073505,0.8597978613974431
326.7781543419079,0.8595507692150649
326.7981554530807,0.8593037454935422
326.81815656425357,0.8590567903532844
326.83815767542643,0.8588099039146675
326.8581587865993,0.8585630862980353
326.8781598977721,0.8583163376236966
326.89816100894495,0.8580696580119271
326.9181621201178,0.8578230475829682
326.9381632312906,0.8575765064570299
326.9581643424635,0.8573300347542843
326.97816545363634,0.8570836325948739
326.99816656480914,0.8568373000989049
327.018167675982,0.85659103738645
327.03816878715486,0.8563448445775476
327.0581698983277,0.8560987217922027
327.0781710095005,0.8558526691503874
327.0981721206734,0.8556066867720356
327.11817323184624,0.8553607747770511
327.13817434301905,0.8551149332853013
327.1581754541919,0.8548691624166196
327.17817656536477,0.8546234622908044
327.19817767653757,0.8543778330276223
327.21817878771043,0.8541322747468005
327.2381798988833,0.8538867875680367
327.25818101005615,0.8536413716109901
327.27818212122895,0.8533960269952887
327.2981832324018,0.8531507538405214
327.31818434357467,0.8529055522662463
327.3381854547475,0.8526604223919846
327.35818656592033,0.852415364337222
327.3781876770932,0.8521703782214114
327.398188788266,0.8519254641639689
327.41818989943886,0.8516806222842757
327.4381910106117,0.8514358527016774
327.4581921217846,0.8511911555354863
327.4781932329574,0.8509465309049775
327.49819434413024,0.8507019789293911
327.5181954553031,0.8504574997279317
327.5381965664759,0.8502130934197704
327.55819767764876,0.8499687601240387
327.5781987888216,0.8497244999598366
327.5981998999944,0.8494803130462263
327.6182010111673,0.8492361995022347
327.63820212234015,0.8489921594468525
327.658203233513,0.8487481929990356
327.6782043446858,0.8485043002777046
327.69820545585867,0.8482604814017409
327.71820656703153,0.8480167364899936
327.73820767820433,0.8477730656612739
327.7582087893772,0.8475294690343569
327.77820990055005,0.8472859467279814
327.7982110117229,0.8470424988608516
327.8182121228957,0.8467991255516335
327.8382132340686,0.8465558269189577
327.85821434524144,0.8463126030814172
327.87821545641424,0.8460694541575717
327.8982165675871,0.8458263802659396
327.91821767875996,0.8455833815250072
327.93821878993276,0.8453404580532218
327.9582199011056,0.8450976099689942
327.9782210122785,0.8448548373906983
327.99822212345134,0.8446121404366724
328.01822323462414,0.8443695192252183
328.038224345797,0.8441269738745972
328.05822545696986,0.843884504503038
328.07822656814267,0.8436421112287296
328.0982276793155,0.8433997941698248
328.1182287904884,0.8431575534444384
328.1382299016612,0.8429153891706507
328.15823101283405,0.8426733014665002
328.1782321240069,0.8424312904499924
328.19823323517977,0.8421893562390925
328.2182343463526,0.8419474989517313
328.23823545752543,0.8417057187057975
328.2582365686983,0.8414640156191471
328.2782376798711,0.8412223898095954
328.29823879104396,0.8409808413949212
328.3182399022168,0.8407393704928647
328.3382410133896,0.8404979772211307
328.3582421245625,0.8402566616973821
328.37824323573534,0.8400154240392474
328.3982443469082,0.8397742643643166
328.418245458081,0.8395331827901404
328.43824656925386,0.8392921794342321
328.4582476804267,0.8390512544140662
328.4782487915995,0.8388104078470816
328.4982499027724,0.8385696398506746
328.51825101394525,0.8383289505422074
328.53825212511805,0.8380883400390015
328.5582532362909,0.8378478084583405
328.57825434746377,0.837607355917469
328.59825545863663,0.8373669825335944
328.61825656980943,0.837126688423886
328.6382576809823,0.8368864737054706
328.65825879215515,0.836646338495441
328.67825990332796,0.8364062829108485
328.6982610145008,0.8361663070687063
328.7182621256737,0.8359264110859881
328.7382632368465,0.835686595079631
328.75826434801934,0.8354468591665289
328.7782654591922,0.8352072034635413
328.79826657036506,0.834967628087485
328.81826768153786,0.834728133155141
328.8382687927107,0.8344887187832467
328.8582699038836,0.8342493850885047
328.8782710150564,0.8340101321875755
328.89827212622924,0.8337709601970811
328.9182732374021,0.8335318692336033
328.9382743485749,0.833292859413687
328.95827545974777,0.8330539308538332
328.9782765709206,0.8328150836705069
328.9982776820935,0.8325763179801329
329.0182787932663,0.8323376338990949
329.03827990443915,0.8320990315437375
329.058281015612,0.8318605110303653
329.0782821267848,0.8316220724752446
329.0982832379577,0.8313837159945981
329.11828434913053,0.8311454417046127
329.13828546030334,0.8309072497214325
329.1582865714762,0.8306691401611623
329.17828768264906,0.8304311131398663
329.1982887938219,0.83019316877357
329.2182899049947,0.8299553071782566
329.2382910161676,0.8297175284698701
329.25829212734044,0.8294798327643133
329.27829323851324,0.8292422201774506
329.2982943496861,0.8290046908251023
329.31829546085896,0.828767244823051
329.33829657203177,0.8285298822870394
329.3582976832046,0.8282926033327653
329.3782987943775,0.8280554080758905
329.39829990555035,0.8278182966320325
329.41830101672315,0.8275812691167712
329.438302127896,0.8273443256456416
329.45830323906887,0.8271074663341415
329.4783043502417,0.8268706912977254
329.49830546141453,0.8266340006518076
329.5183065725874,0.8263973945117604
329.5383076837602,0.8261608729929173
329.55830879493305,0.8259244362105665
329.5783099061059,0.825688084279959
329.5983110172788,0.8254518173163015
329.6183121284516,0.8252156354347615
329.63831323962444,0.8249795387504636
329.6583143507973,0.8247435273784904
329.6783154619701,0.8245076014338858
329.69831657314296,0.8242717610316475
329.7183176843158,0.8240360062867356
329.7383187954886,0.8238003373140667
329.7583199066615,0.8235647542285154
329.77832101783434,0.8233292571449143
329.7983221290072,0.8230938461780559
329.81832324018,0.8228585214426887
329.83832435135287,0.8226232830535198
329.8583254625257,0.8223881311252138
329.87832657369853,0.8221530657723953
329.8983276848714,0.8219180871096428
329.91832879604425,0.8216831952514957
329.93832990721705,0.8214483903124516
329.9583310183899,0.8212136724069619
329.9783321295628,0.8209790416494395
329.99833324073563,0.8207444981542523
330.01833435190844,0.8205100420357285
330.0383354630813,0.8202756734081493
330.05833657425416,0.8200413923857578
330.07833768542696,0.8198071990827516
330.0983387965998,0.8195730936132866
330.1183399077727,0.8193390760914747
330.1383410189455,0.8191051466313881
330.15834213011834,0.8188713053470511
330.1783432412912,0.8186375523524497
330.19834435246406,0.8184038877615237
330.21834546363687,0.8181703116881729
330.2383465748097,0.8179368242462497
330.2583476859826,0.8177034255495668
330.2783487971554,0.8174701157118937
330.29834990832825,0.817236894846953
330.3183510195011,0.8170037630684284
330.3383521306739,0.8167707204899572
330.35835324184677,0.8165377672251344
330.37835435301963,0.8163049033875105
330.3983554641925,0.8160721290905943
330.4183565753653,0.8158394444478492
330.43835768653815,0.8156068495726955
330.458358797711,0.815374344578509
330.4783599088838,0.8151419295786243
330.4983610200567,0.8149096046863278
330.51836213122954,0.8146773700148663
330.53836324240234,0.8144452256774399
330.5583643535752,0.8142131717872059
330.57836546474806,0.8139812084572761
330.5983665759209,0.81374933580072
330.6183676870937,0.8135175539305631
330.6383687982666,0.8132858629597834
330.65836990943944,0.8130542630013187
330.67837102061225,0.8128227541680597
330.6983721317851,0.8125913365728537
330.71837324295797,0.8123600103285026
330.73837435413077,0.8121287755477664
330.75837546530363,0.8118976323433563
330.7783765764765,0.8116665808279431
330.79837768764935,0.8114356211141496
330.81837879882215,0.8112047533145572
330.838379909995,0.810973977541698
330.8583810211679,0.8107432939080639
330.8783821323407,0.8105127025260989
330.89838324351354,0.8102822035082025
330.9183843546864,0.8100517969667307
330.9383854658592,0.8098214830139929
330.95838657703206,0.8095912617622536
330.9783876882049,0.8093611333237318
330.9983887993778,0.809131097810603
331.0183899105506,0.8089011553349955
331.03839102172344,0.808671306008993
331.0583921328963,0.808441549944633
331.0783932440691,0.8082118872539101
331.09839435524196,0.8079823180487693
331.1183954664148,0.8077528424411139
331.1383965775876,0.8075234605427994
331.1583976887605,0.8072941724656362
331.17839879993335,0.8070649783213882
331.1983999111062,0.806835878221775
331.218401022279,0.8066068722784709
331.23840213345187,0.8063779606031005
331.25840324462473,0.8061491433072467
331.27840435579753,0.8059204205024442
331.2984054669704,0.805691792300182
331.31840657814325,0.8054632588119024
331.33840768931606,0.8052348201490043
331.3584088004889,0.8050064764228357
331.3784099116618,0.8047782277447028
331.39841102283464,0.8045500742258623
331.41841213400744,0.8043220159775277
331.4384132451803,0.8040940531108618
331.45841435635316,0.8038661857369851
331.47841546752596,0.8036384139669689
331.4984165786988,0.8034107379118389
331.5184176898717,0.8031831576825734
331.5384188010445,0.8029556733901064
331.55841991221735,0.8027282851453208
331.5784210233902,0.8025009930590564
331.59842213456307,0.8022737972421055
331.61842324573587,0.8020466978052123
331.63842435690873,0.8018196948590747
331.6584254680816,0.8015927885143427
331.6784265792544,0.8013659788816219
331.69842769042725,0.8011392660714665
331.7184288016001,0.8009126501943874
331.7384299127729,0.8006861313608463
331.7584310239458,0.800459709681258
331.77843213511863,0.8002333852659893
331.7984332462915,0.8000071582253614
331.8184343574643,0.7997810286696464
331.83843546863716,0.7995549967090692
331.85843657981,0.7993290624538065
331.8784376909828,0.7991032260139903
331.8984388021557,0.7988774874997002
331.91843991332854,0.798651847020972
331.93844102450134,0.7984263046877933
331.9584421356742,0.7982008606101005
331.97844324684706,0.7979755148977866
331.9984443580199,0.7977502676606931
332.0184454691927,0.797525119008617
332.0384465803656,0.7973000690513026
332.05844769153845,0.7970751178984505
332.07844880271125,0.7968502656597108
332.0984499138841,0.7966255124446862
332.11845102505697,0.7964008583629298
332.1384521362298,0.7961763035239494
332.15845324740263,0.7959518480372002
332.1784543585755,0.7957274920120924
332.19845546974835,0.795503235557987
332.21845658092116,0.7952790787841956
332.238457692094,0.7950550217999813
332.2584588032669,0.7948310647145588
332.2784599144397,0.7946072076370956
332.29846102561254,0.7943834506767067
332.3184621367854,0.7941597939424626
332.33846324795826,0.7939362375433817
332.35846435913106,0.7937127815884365
332.3784654703039,0.7934894261865466
332.3984665814768,0.7932661714465864
332.4184676926496,0.7930430174773792
332.43846880382245,0.7928199643876994
332.4584699149953,0.7925970122862722
332.4784710261681,0.7923741612817753
332.49847213734097,0.7921514114828334
332.5184732485138,0.7919287629980254
332.5384743596867,0.7917062159358799
332.5584754708595,0.7914837704048752
332.57847658203235,0.7912614265134406
332.5984776932052,0.7910391843699551
332.618478804378,0.7908170440827509
332.6384799155509,0.790595005760106
332.65848102672373,0.7903730695102531
332.67848213789654,0.7901512354413724
332.6984832490694,0.7899295036615954
332.71848436024226,0.7897078742790028
332.7384854714151,0.7894863474016272
332.7584865825879,0.7892649231374496
332.7784876937608,0.7890436015944015
332.79848880493364,0.7888223828803637
332.81848991610644,0.7886012671031691
332.8384910272793,0.7883802543705968
332.85849213845216,0.7881593447903785
332.87849324962497,0.7879385384701962
332.8984943607978,0.7877178355176779
332.9184954719707,0.7874972360404051
332.93849658314355,0.7872767401459062
332.95849769431635,0.7870563479416617
332.9784988054892,0.7868360595350979
332.99849991666207,0.7866158750335943
333.0185010278349,0.7863957945444775
333.03850213900773,0.7861758181750239
333.0585032501806,0.7859559460324588
333.0785043613534,0.7857361782239587
333.09850547252626,0.7855165148566455
333.1185065836991,0.785296956037594
333.138507694872,0.7850775018738252
333.1585088060448,0.7848581524723119
333.17850991721764,0.7846389079399723
333.1985110283905,0.7844197683836762
333.2185121395633,0.7842007339102427
333.23851325073616,0.7839818046264361
333.258514361909,0.7837629806389734
333.2785154730818,0.7835442620545181
333.2985165842547,0.7833256489796828
333.31851769542754,0.7831071415210281
333.3385188066004,0.7828887397850649
333.3585199177732,0.7826704438782508
333.37852102894607,0.7824522539069924
333.3985221401189,0.7822341699776441
333.41852325129173,0.7820161921965108
333.4385243624646,0.7817983206698418
333.45852547363745,0.781580555503838
333.47852658481025,0.7813628968046484
333.4985276959831,0.7811453446783667
333.518528807156,0.7809278992310387
333.53852991832883,0.7807105605686553
333.55853102950164,0.7804933287971582
333.5785321406745,0.7802762040224329
333.59853325184736,0.780059186350317
333.61853436302016,0.7798422758865935
333.638535474193,0.7796254727369935
333.6585365853659,0.7794087770071954
333.6785376965387,0.7791921888028277
333.69853880771154,0.7789757082294622
333.7185399188844,0.7787593353926222
333.73854103005726,0.778543070397776
333.75854214123007,0.7783269133503418
333.7785432524029,0.7781108643556814
333.7985443635758,0.7778949235191074
333.8185454747486,0.7776790909458794
333.83854658592145,0.7774633667412011
333.8585476970943,0.7772477510102271
333.8785488082671,0.7770322438580572
333.89854991944,0.7768168453897385
333.91855103061283,0.7766015557102648
333.9385521417857,0.7763863749245783
333.9585532529585,0.7761713031375668
333.97855436413136,0.7759563404540651
333.9985554753042,0.7757414869788547
334.018556586477,0.7755267428166657
334.0385576976499,0.7753121080721713
334.05855880882274,0.7750975828499952
334.07855991999554,0.7748831672547054
334.0985610311684,0.774668861390817
334.11856214234126,0.7744546653627913
334.1385632535141,0.7742405792750368
334.1585643646869,0.7740266032319092
334.1785654758598,0.7738127373377073
334.19856658703264,0.7735989816966798
334.21856769820545,0.7733853364130199
334.2385688093783,0.7731718015908672
334.25856992055117,0.7729583773343068
334.27857103172397,0.7727450637473725
334.29857214289683,0.7725318609340399
334.3185732540697,0.7723187689982349
334.33857436524255,0.7721057880438262
334.35857547641535,0.7718929181746315
334.3785765875882,0.77168015949441
334.3985776987611,0.7714675121068713
334.4185788099339,0.7712549761156676
334.43857992110674,0.7710425516243977
334.4585810322796,0.7708302387366073
334.4785821434524,0.770618037555786
334.49858325462526,0.7704059481853694
334.5185843657981,0.7701939707287385
334.538585476971,0.769982105289221
334.5585865881438,0.7697703519700884
334.57858769931664,0.7695587108745582
334.5985888104895,0.7693471821057927
334.6185899216623,0.7691357657669013
334.63859103283517,0.7689244619609354
334.658592144008,0.7687132707908948
334.67859325518083,0.7685021923597224
334.6985943663537,0.7682912267703066
334.71859547752655,0.7680803741254806
334.7385965886994,0.767869634528023
334.7585976998722,0.7676590080806587
334.7785988110451,0.7674484948860532
334.79859992221793,0.7672380950468215
334.81860103339073,0.7670278086655206
334.8386021445636,0.7668176358446529
334.85860325573645,0.766607576686665
334.87860436690926,0.7663976312939501
334.8986054780821,0.7661877997688424
334.918606589255,0.765978082213624
334.93860770042784,0.7657684787305191
334.95860881160064,0.765558989421699
334.9786099227735,0.7653496143892751
334.99861103394636,0.7651403537353074
335.01861214511916,0.7649312075617978
335.038613256292,0.7647221759706928
335.0586143674649,0.7645132590638829
335.0786154786377,0.7643044569432044
335.09861658981055,0.764095769710434
335.1186177009834,0.7638871974672959
335.13861881215627,0.7636787403154575
335.15861992332907,0.7634703983565289
335.17862103450193,0.7632621716920647
335.1986221456748,0.7630540604235629
335.2186232568476,0.7628460646524673
335.23862436802045,0.7626381844801615
335.2586254791933,0.7624304200079768
335.2786265903661,0.7622227713371856
335.298627701539,0.7620152385690049
335.31862881271184,0.761807821804594
335.3386299238847,0.7616005211450578
335.3586310350575,0.7613933366914428
335.37863214623036,0.7611862685447395
335.3986332574032,0.7609793168058808
335.418634368576,0.7607724815757455
335.4386354797489,0.7605657629551517
335.45863659092174,0.7603591610448636
335.47863770209455,0.7601526759455888
335.4986388132674,0.7599463077579747
335.51863992444027,0.7597400565826155
335.5386410356131,0.7595339225200455
335.5586421467859,0.7593279056707447
335.5786432579588,0.7591220061351323
335.59864436913165,0.7589162240135738
335.61864548030445,0.7587105594063759
335.6386465914773,0.758505012413788
335.65864770265017,0.7582995831360015
335.678648813823,0.7580942716731534
335.69864992499583,0.7578890781253185
335.7186510361687,0.7576840025925181
335.73865214734155,0.7574790451747151
335.75865325851436,0.7572742059718138
335.7786543696872,0.7570694850836615
335.7986554808601,0.7568648826100471
335.8186565920329,0.7566603986507042
335.83865770320574,0.7564560333053046
335.8586588143786,0.7562517866734663
335.8786599255514,0.756047658854747
335.89866103672426,0.7558436499486473
335.9186621478971,0.7556397600546091
335.93866325907,0.7554359892720179
335.9586643702428,0.7552323377001999
335.97866548141565,0.7550288054384231
335.9986665925885,0.7548253925858972
336.0186677037613,0.754622099241776
336.03866881493417,0.7544189255051508
336.05866992610703,0.7542158714750583
336.07867103727983,0.7540129372504765
336.0986721484527,0.753810122930322
336.11867325962555,0.7536074286134564
336.1386743707984,0.7534048543986809
336.1586754819712,0.7532024003847396
336.1786765931441,0.7530000666703154
336.19867770431694,0.7527978533540358
336.21867881548974,0.7525957605344674
336.2386799266626,0.7523937883101188
336.25868103783546,0.7521919367794393
336.27868214900826,0.7519902060408212
336.2986832601811,0.7517885961925947
336.318684371354,0.7515871073330342
336.33868548252684,0.7513857395603531
336.35868659369964,0.7511844929727077
336.3786877048725,0.7509833676681923
336.39868881604536,0.7507823637448447
336.41868992721817,0.7505814813006437
336.438691038391,0.7503807204335058
336.4586921495639,0.7501800812412918
336.4786932607367,0.7499795638218012
336.49869437190955,0.7497791682727746
336.5186954830824,0.7495788946918926
336.53869659425527,0.7493787431767782
336.5586977054281,0.7491787138249929
336.57869881660093,0.7489788067340395
336.5986999277738,0.7487790220013608
336.6187010389466,0.7485793597243415
336.63870215011946,0.7483798200003033
336.6587032612923,0.7481804029265122
336.6787043724651,0.7479811086001718
336.698705483638,0.7477819371184262
336.71870659481084,0.7475828885783596
336.7387077059837,0.7473839630769974
336.7587088171565,0.7471851607113049
336.77870992832936,0.7469864815781848
336.7987110395022,0.7467879257744834
336.818712150675,0.7465894933969843
336.8387132618479,0.746391184542412
336.85871437302075,0.7461929993074301
336.8787154841936,0.7459949377886432
336.8987165953664,0.7457970000825944
336.91871770653927,0.7455991862857669
336.93871881771213,0.745401496494583
336.95871992888493,0.7452039308054063
336.9787210400578,0.7450064893145367
336.99872215123065,0.7448091721182166
337.01872326240346,0.7446119793126277
337.0387243735763,0.7444149109938879
337.0587254847492,0.7442179672580582
337.07872659592203,0.7440211482011361
337.09872770709484,0.7438244539190612
337.1187288182677,0.7436278845077083
337.13872992944056,0.7434314400628954
337.15873104061336,0.743235120680377
337.1787321517862,0.7430389264558475
337.1987332629591,0.7428428574849397
337.2187343741319,0.7426469138632275
337.23873548530474,0.7424510956862198
337.2587365964776,0.7422554030493683
337.27873770765046,0.7420598360480608
337.29873881882327,0.7418643947776262
337.3187399299961,0.7416690793333289
337.338741041169,0.741473889810375
337.3587421523418,0.7412788263039087
337.37874326351465,0.7410838889090106
337.3987443746875,0.7408890777207027
337.4187454858603,0.7406943928339433
337.4387465970332,0.7404998343436306
337.45874770820603,0.7403054023445996
337.4787488193789,0.7401110969316259
337.4987499305517,0.7399169181994215
337.51875104172456,0.7397228662426374
337.5387521528974,0.739528941155862
337.5587532640702,0.7393351430336241
337.5787543752431,0.739141471970387
337.59875548641594,0.7389479280605558
337.61875659758874,0.7387545113984713
337.6387577087616,0.7385612220784128
337.65875881993446,0.7383680601945973
337.6787599311073,0.7381750258411806
337.6987610422801,0.7379821191122564
337.718762153453,0.7377893401018538
337.73876326462585,0.7375966889039429
337.75876437579865,0.7374041656124295
337.7787654869715,0.7372117703211574
337.79876659814437,0.7370195031239077
337.81876770931717,0.7368273641144011
337.83876882049003,0.7366353533862922
337.8587699316629,0.7364434710331764
337.87877104283575,0.7362517171485845
337.89877215400855,0.7360600918259868
337.9187732651814,0.7358685951587873
337.9387743763543,0.7356772272403314
337.9587754875271,0.7354859881638991
337.97877659869994,0.735294878022708
337.9987777098728,0.7351038969099142
338.0187788210456,0.7349130449186093
338.03877993221846,0.7347223221418226
338.0587810433913,0.7345317286725201
338.0787821545642,0.7343412646036059
338.098783265737,0.7341509300279196
338.11878437690984,0.7339607250382385
338.1387854880827,0.7337706497272758
338.1587865992555,0.7335807041876837
338.17878771042837,0.7333908885120478
338.1987888216012,0.7332012027928936
338.21878993277403,0.7330116471226815
338.2387910439469,0.7328222215938087
338.25879215511975,0.7326329262986089
338.2787932662926,0.7324437613293528
338.2987943774654,0.7322547267782487
338.3187954886383,0.7320658227374377
338.33879659981113,0.731877049299001
338.35879771098394,0.7316884065549546
338.3787988221568,0.7314998945972506
338.39879993332966,0.7313115135177772
338.41880104450246,0.7311232634083608
338.4388021556753,0.7309351443607603
338.4588032668482,0.7307471564666744
338.47880437802104,0.7305592998177354
338.49880548919384,0.7303715745055138
338.5188066003667,0.730183980621513
338.53880771153956,0.7299965182571755
338.55880882271236,0.729809187503878
338.5788099338852,0.7296219884529331
338.5988110450581,0.7294349211955894
338.6188121562309,0.7292479858230325
338.63881326740375,0.7290611824263806
338.6588143785766,0.7288745110966905
338.67881548974947,0.7286879719249544
338.69881660092227,0.7285015650020986
338.71881771209513,0.7283152904189858
338.738818823268,0.7281291482664134
338.7588199344408,0.7279431386351163
338.77882104561365,0.7277572616157617
338.7988221567865,0.7275715172989554
338.8188232679593,0.7273859057752362
338.8388243791322,0.7272004271350792
338.85882549030504,0.7270150814688938
338.8788266014779,0.7268298688670263
338.8988277126507,0.7266447894197567
338.91882882382356,0.7264598432173004
338.9388299349964,0.7262750303498076
338.9588310461692,0.7260903509073651
338.9788321573421,0.7259058049799916
338.99883326851494,0.7257213926576436
339.01883437968775,0.7255371140302121
339.0388354908606,0.7253529691875207
339.05883660203347,0.7251689582193305
339.0788377132063,0.7249850812153353
339.09883882437913,0.7248013382651658
339.118839935552,0.7246177294583844
339.13884104672485,0.7244342548844909
339.15884215789765,0.7242509146329181
339.1788432690705,0.7240677087930338
339.1988443802434,0.7238846374541397
339.2188454914162,0.723701700705474
339.23884660258904,0.7235188986362058
339.2588477137619,0.7233362313354412
339.27884882493476,0.7231536988922209
339.29884993610756,0.722971301395518
339.3188510472804,0.7227890389342408
339.3388521584533,0.7226069115972313
339.3588532696261,0.7224249194732674
339.37885438079894,0.7222430626510576
339.3988554919718,0.7220613412192484
339.4188566031446,0.7218797552664176
339.43885771431746,0.721698304881078
339.4588588254903,0.7215169901516756
339.4788599366632,0.721335811166592
339.498861047836,0.7211547680141405
339.51886215900885,0.7209738607825695
339.5388632701817,0.7207930895600603
339.5588643813545,0.7206124544347297
339.57886549252737,0.7204319554946249
339.59886660370023,0.7202515928277298
339.61886771487303,0.7200713665219616
339.6388688260459,0.7198912766651682
339.65886993721875,0.7197113233451344
339.6788710483916,0.7195315066495762
339.6988721595644,0.7193518266661452
339.7188732707373,0.7191722834824229
339.73887438191014,0.7189928771859277
339.75887549308294,0.7188136078641094
339.7788766042558,0.7186344756043515
339.79887771542866,0.7184554804939697
339.81887882660146,0.7182766226202154
339.8388799377743,0.7180979020702696
339.8588810489472,0.7179193189312496
339.87888216012004,0.7177408732902033
339.89888327129285,0.7175625652341141
339.9188843824657,0.7173843948498949
339.93888549363857,0.7172063622243945
339.95888660481137,0.7170284674443941
339.97888771598423,0.7168507105966055
339.9988888271571,0.7166730917676762
340.0188899383299,0.7164956110441847
340.03889104950275,0.7163182685126422
340.0588921606756,0.7161410642594929
340.0788932718485,0.7159639983711142
340.0988943830213,0.7157870709338152
340.11889549419413,0.7156102820338376
340.138896605367,0.7154336317573553
340.1588977165398,0.7152571201904767
340.17889882771266,0.7150807474192387
340.1988999388855,0.7149045135296145
340.2189010500583,0.7147284186075072
340.2389021612312,0.7145524627387532
340.25890327240404,0.7143766460091199
340.2789043835769,0.7142009685043085
340.2989054947497,0.7140254303099525
340.31890660592256,0.7138500315116145
340.3389077170954,0.7136747721947931
340.3589088282682,0.7134996524449161
340.3789099394411,0.7133246723473445
340.39891105061395,0.7131498319873705
340.41891216178675,0.7129751314502198
340.4389132729596,0.7128005708210472
340.45891438413247,0.7126261501849421
340.47891549530533,0.7124518696269238
340.49891660647813,0.7122777292319448
340.518917717651,0.7121037290848871
340.53891882882385,0.7119298692705663
340.55891993999666,0.7117561498737301
340.5789210511695,0.7115825709790546
340.5989221623424,0.7114091326711511
340.6189232735152,0.7112358350345601
340.63892438468804,0.7110626781537541
340.6589254958609,0.7108896621131366
340.67892660703376,0.7107167869970439
340.69892771820656,0.710544052889742
340.7189288293794,0.7103714598754288
340.7389299405523,0.710199008038233
340.7589310517251,0.7100266974622162
340.77893216289795,0.709854528231368
340.7989332740708,0.7096825004296122
340.8189343852436,0.7095106141408021
340.83893549641647,0.7093388694487222
340.8589366075893,0.7091672664370874
340.8789377187622,0.7089958051895451
340.898938829935,0.7088244857896733
340.91893994110785,0.7086533083209785
340.9389410522807,0.7084822728669014
340.9589421634535,0.7083113795108111
340.9789432746264,0.7081406283360083
340.99894438579923,0.7079700194257239
341.01894549697204,0.7077995528631214
341.0389466081449,0.7076292287312911
341.05894771931776,0.7074590471132577
341.0789488304906,0.707289008091974
341.0989499416634,0.7071191117503256
341.1189510528363,0.7069493581711253
341.13895216400914,0.7067797474371191
341.15895327518194,0.7066102796309826
341.1789543863548,0.706440954835321
341.19895549752766,0.70627177313267
341.21895660870047,0.7061027346054972
341.2389577198733,0.7059338393361976
341.2589588310462,0.7057650874070982
341.27895994221905,0.7055964789004567
341.29896105339185,0.7054280138984593
341.3189621645647,0.705259692483223
341.33896327573757,0.7050915147367942
341.3589643869104,0.7049234807411511
341.37896549808323,0.7047555905781989
341.3989666092561,0.7045878443297756
341.41896772042895,0.7044202420776469
341.43896883160176,0.7042527839035104
341.4589699427746,0.7040854698889905
341.4789710539475,0.7039183001156445
341.4989721651203,0.7037512746649575
341.51897327629314,0.7035843936183447
341.538974387466,0.7034176570571504
341.5589754986388,0.7032510650626501
341.57897660981166,0.7030846177160471
341.5989777209845,0.7029183150984746
341.6189788321574,0.702752157290996
341.6389799433302,0.7025861443746035
341.65898105450304,0.7024202764302188
341.6789821656759,0.7022545535386922
341.6989832768487,0.7020889757808053
341.71898438802157,0.7019235432372661
341.7389854991944,0.7017582559887148
341.75898661036723,0.7015931141157186
341.7789877215401,0.7014281176987747
341.79898883271295,0.7012632668183088
341.8189899438858,0.7010985615546768
341.8389910550586,0.7009340019881636
341.8589921662315,0.7007695881989808
341.87899327740433,0.7006053202672718
341.89899438857714,0.7004411982731075
341.91899549975,0.7002772222964877
341.93899661092286,0.7001133924173406
341.95899772209566,0.6999497087155253
341.9789988332685,0.6997861712708262
341.9989999444414,0.6996227801629598
342.01900105561424,0.6994595354715688
342.03900216678704,0.6992964372762268
342.0590032779599,0.6991334856564331
342.07900438913276,0.6989706806916183
342.09900550030557,0.6988080224611402
342.1190066114784,0.698645511044285
342.1390077226513,0.6984831465202672
342.1590088338241,0.6983209289682315
342.17900994499695,0.6981588584672478
342.1990110561698,0.6979969350963169
342.21901216734267,0.6978351589343673
342.2390132785155,0.6976735300602555
342.25901438968833,0.6975120485527657
342.2790155008612,0.6973507144906108
342.299016612034,0.6971895279524327
342.31901772320685,0.6970284890167991
342.3390188343797,0.6968675977622083
342.3590199455525,0.6967068542670849
342.3790210567254,0.6965462586097823
342.39902216789824,0.6963858108685808
342.4190232790711,0.6962255111216906
342.4390243902439,0.6960653594472477
342.45902550141676,0.695905355923317
342.4790266125896,0.6957455006278908
342.4990277237624,0.6955857936388898
342.5190288349353,0.6954262350341609
342.53902994610814,0.6952668248914803
342.55903105728095,0.6951075632885518
342.5790321684538,0.6949484503030049
342.59903327962667,0.6947894860123989
342.6190343907995,0.6946306704942191
342.63903550197233,0.6944720038258798
342.6590366131452,0.6943134860847204
342.67903772431805,0.6941551173480103
342.69903883549085,0.6939968976929445
342.7190399466637,0.693838827196646
342.7390410578366,0.6936809059361648
342.7590421690094,0.6935231339884793
342.77904328018224,0.6933655114304926
342.7990443913551,0.6932080383390375
342.81904550252796,0.6930507147908733
342.83904661370076,0.6928935408626857
342.8590477248736,0.6927365166310879
342.8790488360465,0.6925796421726197
342.8990499472193,0.6924229175637495
342.91905105839214,0.6922663428808699
342.939052169565,0.692109918200303
342.9590532807378,0.6919536435982967
342.97905439191067,0.6917975191510255
342.9990555030835,0.6916415449345907
343.0190566142564,0.6914857210250216
343.0390577254292,0.6913300474982729
343.05905883660205,0.6911745244302261
343.0790599477749,0.6910191518966897
343.0990610589477,0.6908639299733997
343.11906217012057,0.6907088587360164
343.13906328129343,0.6905539382601288
343.15906439246623,0.6903991686212523
343.1790655036391,0.6902445498948266
343.19906661481195,0.6900900821562206
343.2190677259848,0.6899357654807277
343.2390688371576,0.6897815999435691
343.2590699483305,0.6896275856198905
343.27907105950334,0.6894737225847657
343.29907217067614,0.6893200109131938
343.319073281849,0.6891664506801005
343.33907439302186,0.6890130419603367
343.35907550419466,0.6888597848286818
343.3790766153675,0.6887066793598381
343.3990777265404,0.6885537256284366
343.41907883771324,0.6884009237090329
343.43907994888605,0.6882482736761102
343.4590810600589,0.6880957756040749
343.47908217123177,0.6879434295672615
343.49908328240457,0.687791235639931
343.51908439357743,0.6876391938962675
343.5390855047503,0.6874873044103835
343.5590866159231,0.6873355672563162
343.57908772709595,0.6871839825080286
343.5990888382688,0.6870325502394088
343.6190899494417,0.6868812705242724
343.6390910606145,0.6867301434363589
343.65909217178734,0.6865791690493339
343.6790932829602,0.6864283474367885
343.699094394133,0.6862776786722405
343.71909550530586,0.6861271628291308
343.7390966164787,0.6859767999808282
343.7590977276515,0.6858265902006253
343.7790988388244,0.685676533561741
343.79909994999724,0.6855266301373186
343.8191010611701,0.6853768800004278
343.8391021723429,0.6852272832240638
343.85910328351576,0.685077839881145
343.8791043946886,0.6849285500445172
343.8991055058614,0.6847794137869505
343.9191066170343,0.6846304311811399
343.93910772820715,0.6844816022997056
343.95910883937995,0.6843329272151939
343.9791099505528,0.6841844060000741
343.99911106172567,0.6840360387267428
344.01911217289853,0.6838878254675194
344.03911328407133,0.6837397662946507
344.0591143952442,0.6835918612803052
344.07911550641705,0.6834441104965789
344.09911661758986,0.6832965140154925
344.1191177287627,0.6831490719089894
344.1391188399356,0.6830017842489398
344.1591199511084,0.6828546511071378
344.17912106228124,0.6827076725553021
344.1991221734541,0.682560848665076
344.21912328462696,0.6824141795080285
344.23912439579976,0.6822676651556516
344.2591255069726,0.6821213056793627
344.2791266181455,0.6819751011505033
344.2991277293183,0.6818290516403406
344.31912884049115,0.6816831572200638
344.339129951664,0.6815374179607891
344.3591310628368,0.6813918339335556
344.37913217400967,0.6812464052093271
344.39913328518253,0.6811011318589912
344.4191343963554,0.6809560139533606
344.4391355075282,0.6808110515631727
344.45913661870105,0.6806662447590868
344.4791377298739,0.6805215936116888
344.4991388410467,0.6803770981914874
344.5191399522196,0.6802327585689159
344.53914106339244,0.6800885748143308
344.55914217456524,0.6799445469980148
344.5791432857381,0.6798006751901714
344.59914439691096,0.679656959460931
344.6191455080838,0.6795133998803458
344.6391466192566,0.6793699965183939
344.6591477304295,0.6792267494449749
344.67914884160234,0.6790836587299143
344.69914995277514,0.6789407244429602
344.719151063948,0.6787979466537846
344.73915217512086,0.6786553254319834
344.75915328629367,0.678512860847077
344.7791543974665,0.6783705529685073
344.7991555086394,0.6782284018656417
344.81915661981225,0.6780864076077713
344.83915773098505,0.6779445702641094
344.8591588421579,0.6778028899037936
344.87915995333077,0.6776613665958844
344.8991610645036,0.6775200004093674
344.91916217567643,0.677378791413149
344.9391632868493,0.6772377396760614
344.9591643980221,0.6770968452668588
344.97916550919496,0.676956108254219
344.9991666203678,0.676815528706743
345.0191677315407,0.6766751066929555
345.0391688427135,0.6765348422813041
345.05916995388634,0.6763947355401594
345.0791710650592,0.676254786537815
345.099172176232,0.6761149953424885
345.11917328740486,0.6759753620223199
345.1391743985777,0.6758358866453718
345.1591755097505,0.6756965692796315
345.1791766209234,0.6755574099930066
345.19917773209625,0.6754184088533304
345.2191788432691,0.6752795659283573
345.2391799544419,0.6751408812857658
345.25918106561477,0.6750023549931555
345.27918217678763,0.6748639871180511
345.29918328796043,0.6747257777278983
345.3191843991333,0.6745877268900663
345.33918551030615,0.6744498346718466
345.35918662147895,0.6743121011404545
345.3791877326518,0.6741745263630259
345.3991888438247,0.6740371104066212
345.41918995499753,0.673899853338223
345.43919106617034,0.6737627552247358
345.4591921773432,0.6736258161329869
345.47919328851606,0.6734890361297261
345.49919439968886,0.6733524152816266
345.5191955108617,0.6732159536552818
345.5391966220346,0.6730796513172095
345.5591977332074,0.6729435083338495
345.57919884438024,0.672807524771563
345.5991999555531,0.6726717006966343
345.61920106672596,0.6725360361752699
345.63920217789877,0.6724005312735984
345.6592032890716,0.6722651860576705
345.6792044002445,0.6721300005934588
345.6992055114173,0.6719949749468594
345.71920662259015,0.6718601091836882
345.739207733763,0.6717254033696849
345.7592088449358,0.6715908575705116
345.7792099561087,0.6714564718517502
345.79921106728153,0.671322246278907
345.8192121784544,0.6711881809174085
345.8392132896272,0.6710542758326046
345.85921440080006,0.6709205310897652
345.8792155119729,0.6707869467540839
345.8992166231457,0.6706535228906751
345.9192177343186,0.6705202595645753
345.93921884549144,0.670387156840742
345.9592199566643,0.670254214784056
345.9792210678371,0.6701214334593185
345.99922217900996,0.6699888129312526
346.0192232901828,0.6698563532645027
346.0392244013556,0.6697240545236363
346.0592255125285,0.6695919167731401
346.07922662370135,0.6694599400774242
346.09922773487415,0.6693281245008201
346.119228846047,0.6691964701075792
346.13922995721987,0.6690649769618762
346.1592310683927,0.6689336451278058
346.17923217956553,0.6688024746693856
346.1992332907384,0.6686714656505522
346.21923440191125,0.6685406181351661
346.23923551308405,0.6684099321870073
346.2592366242569,0.6682794078697778
346.2792377354298,0.6681490452471002
346.2992388466026,0.6680188443825198
346.31923995777544,0.6678888053395006
346.3392410689483,0.6677589281814297
346.35924218012116,0.667629212971615
346.37924329129396,0.6674996597732851
346.3992444024668,0.6673702686495893
346.4192455136397,0.6672410396635982
346.4392466248125,0.6671119728783041
346.45924773598534,0.6669830683566187
346.4792488471582,0.6668543261613762
346.499249958331,0.6667257463553304
346.51925106950387,0.6665973290011571
346.5392521806767,0.6664690741614515
346.5592532918496,0.6663409818987311
346.5792544030224,0.6662130522754335
346.59925551419525,0.6660852853539165
346.6192566253681,0.6659576811964589
346.6392577365409,0.6658302398652616
346.6592588477138,0.665702961422443
346.67925995888663,0.665575845930045
346.69926107005944,0.6654488934500297
346.7192621812323,0.6653221040442776
346.73926329240516,0.6651954777745921
346.759264403578,0.6650690147026959
346.7792655147508,0.6649427148902328
346.7992666259237,0.6648165783987658
346.81926773709654,0.6646906052897801
346.83926884826934,0.6645647956246796
346.8592699594422,0.6644391494647894
346.87927107061506,0.6643136668713546
346.89927218178786,0.6641883479055415
346.9192732929607,0.6640631926284344
346.9392744041336,0.6639382011010404
346.95927551530644,0.6638133733842848
346.97927662647925,0.663688709539015
346.9992777376521,0.6635642096259962
347.01927884882497,0.6634398737059153
347.03927995999777,0.6633157018393794
347.05928107117063,0.663191694086914
347.0792821823435,0.6630678505089669
347.0992832935163,0.6629441711659039
347.11928440468915,0.6628206561180117
347.139285515862,0.6626973054254963
347.1592866270349,0.6625741191484849
347.1792877382077,0.662451097347023
347.19928884938054,0.6623282400810768
347.2192899605534,0.6622055474105318
347.2392910717262,0.6620830193951944
347.25929218289906,0.6619606560947888
347.2792932940719,0.6618384575689608
347.2992944052447,0.6617164238772748
347.3192955164176,0.6615945550792153
347.33929662759044,0.6614728512341856
347.3592977387633,0.66135131240151
347.3792988499361,0.6612299386404321
347.39929996110897,0.6611087300101133
347.4193010722818,0.6609876865696367
347.43930218345463,0.6608668083780036
347.4593032946275,0.6607460954941353
347.47930440580035,0.6606255479768718
347.49930551697315,0.6605051658849741
347.519306628146,0.6603849492771201
347.5393077393189,0.6602648982119095
347.55930885049173,0.6601450127478595
347.57930996166453,0.6600252929434085
347.5993110728374,0.6599057388569113
347.61931218401025,0.6597863505466446
347.63931329518306,0.6596671280708036
347.6593144063559,0.6595480714875013
347.6793155175288,0.6594291808547716
347.6993166287016,0.6593104562305669
347.71931773987444,0.6591918976727581
347.7393188510473,0.6590735052391355
347.75931996222016,0.6589552789874092
347.77932107339296,0.6588372189752074
347.7993221845658,0.6587193252600774
347.8193232957387,0.658601597899485
347.8393244069115,0.6584840369508169
347.85932551808435,0.6583666424713757
347.8793266292572,0.6582494145183853
347.89932774043,0.6581323531489873
347.91932885160287,0.6580154584202424
347.93932996277573,0.6578987303891296
347.9593310739486,0.6577821691125474
347.9793321851214,0.6576657746473131
347.99933329629425,0.6575495470501613
348.0193344074671,0.6574334863777471
348.0393355186399,0.6573175926866428
348.0593366298128,0.6572018660333401
348.07933774098564,0.6570863064742485
348.09933885215844,0.6569709140656977
348.1193399633313,0.6568556888639336
348.13934107450416,0.6567406309251225
348.159342185677,0.6566257403053481
348.1793432968498,0.6565110170606137
348.1993444080227,0.6563964612468389
348.21934551919554,0.6562820729198643
348.23934663036835,0.6561678521354469
348.2593477415412,0.656053798949263
348.27934885271407,0.6559399134169063
348.29934996388687,0.6558261955938904
348.3193510750597,0.6557126455356452
348.3393521862326,0.65559926329752
348.35935329740545,0.6554860489347827
348.37935440857825,0.6553730025026182
348.3993555197511,0.6552601240561302
348.41935663092397,0.6551474136503399
348.4393577420968,0.6550348713401883
348.45935885326963,0.6549224971805319
348.4793599644425,0.6548102912261473
348.4993610756153,0.6546982535317283
348.51936218678816,0.6545863841518869
348.539363297961,0.6544746831411523
348.5593644091339,0.6543631505539732
348.5793655203067,0.6542517864447148
348.59936663147954,0.6541405908676605
348.6193677426524,0.6540295638770117
348.6393688538252,0.6539187055268881
348.65936996499806,0.6538080158713264
348.6793710761709,0.6536974949642811
348.6993721873437,0.6535871428596254
348.7193732985166,0.6534769596111487
348.73937440968945,0.6533669452725599
348.7593755208623,0.6532570998974836
348.7793766320351,0.6531474235394642
348.79937774320797,0.6530379162519614
348.81937885438083,0.6529285780883545
348.83937996555363,0.652819409101939
348.8593810767265,0.6527104093459288
348.87938218789935,0.6526015788734547
348.89938329907216,0.6524929177375657
348.919384410245,0.6523844259912269
348.9393855214179,0.6522761036873224
348.95938663259074,0.6521679508786532
348.97938774376354,0.6520599676179373
348.9993888549364,0.6519521539578101
349.01938996610926,0.6518445099508244
349.03939107728206,0.6517370356494513
349.0593921884549,0.651629731106077
349.0793932996278,0.6515225963730072
349.0993944108006,0.6514156315024636
349.11939552197344,0.6513088365465853
349.1393966331463,0.6512022115574284
349.15939774431916,0.6510957565869671
349.17939885549197,0.6509894716870914
349.1993999666648,0.6508833569096092
349.2194010778377,0.6507774123062452
349.2394021890105,0.6506716379286418
349.25940330018335,0.650566033828357
349.2794044113562,0.6504606000568671
349.299405522529,0.6503553366655654
349.3194066337019,0.6502502437057609
349.33940774487473,0.650145321228681
349.3594088560476,0.6500405692854687
349.3794099672204,0.6499359879271853
349.39941107839326,0.6498315772048071
349.4194121895661,0.6497273371692293
349.4394133007389,0.6496232678712623
349.4594144119118,0.6495193693616339
349.47941552308464,0.6494156416909884
349.49941663425744,0.6493120849098879
349.5194177454303,0.6492086990688092
349.53941885660316,0.6491054842181476
349.559419967776,0.649002440408214
349.5794210789488,0.6488995676892368
349.5994221901217,0.6487968661113597
349.61942330129455,0.6486943357246442
349.63942441246735,0.6485919765790685
349.6594255236402,0.6484897887245256
349.67942663481307,0.648387772210827
349.6994277459859,0.6482859270876995
349.71942885715873,0.6481842534047868
349.7394299683316,0.6480827512116485
349.75943107950445,0.6479814205577618
349.77943219067726,0.647880261492519
349.7994333018501,0.6477792740652294
349.819434413023,0.6476784583251183
349.8394355241958,0.6475778143213282
349.85943663536864,0.6474773421029163
349.8794377465415,0.6473770417188578
349.8994388577143,0.6472769132180427
349.91943996888716,0.647176956649278
349.93944108006,0.647077172061287
349.9594421912329,0.6469775595027085
349.9794433024057,0.6468781190220986
349.99944441357854,0.6467788506679277
350.0194455247514,0.6466797544885843
350.0394466359242,0.6465808305323715
350.05944774709707,0.646482078847509
350.0794488582699,0.6463834994821326
350.09944996944273,0.6462850924842944
350.1194510806156,0.6461868579019616
350.13945219178845,0.646088795783018
350.1594533029613,0.6459909061752631
350.1794544141341,0.6458931891264131
350.199455525307,0.6457956446840982
350.21945663647983,0.6456982728958665
350.23945774765264,0.6456010738091813
350.2594588588255,0.6455040474714206
350.27945996999836,0.64540719392988
350.29946108117116,0.6453105132317696
350.319462192344,0.6452140054242155
350.3394633035169,0.6451176705542596
350.35946441468974,0.6450215086688602
350.37946552586254,0.64492551981489
350.3994666370354,0.6448297040391384
350.41946774820826,0.6447340613883095
350.43946885938107,0.6446385919090244
350.4594699705539,0.644543295647818
350.4794710817268,0.6444481726511424
350.49947219289965,0.6443532229653639
350.51947330407245,0.644258446636766
350.5394744152453,0.6441638437115453
350.55947552641817,0.6440694142358161
350.579476637591,0.6439751582556077
350.59947774876383,0.6438810758168633
350.6194788599367,0.6437871669654435
350.6394799711095,0.643693431747123
350.65948108228235,0.6435998702075925
350.6794821934552,0.6435064823924574
350.6994833046281,0.6434132683472396
350.7194844158009,0.6433202281173749
350.73948552697374,0.6432273617482154
350.7594866381466,0.6431346692850276
350.7794877493194,0.6430421507729944
350.79948886049226,0.6429498062572125
350.8194899716651,0.642857635782695
350.8394910828379,0.6427656393943694
350.8594921940108,0.6426738171370786
350.87949330518364,0.6425821690555806
350.8994944163565,0.6424906951945486
350.9194955275293,0.6423993955985713
350.93949663870217,0.642308270312151
350.959497749875,0.6422173193797067
350.97949886104783,0.6421265428455715
350.9994999722207,0.6420359407539937
351.01950108339355,0.6419455131491363
351.03950219456635,0.6418552600750782
351.0595033057392,0.6417651815758116
351.0795044169121,0.6416752776952455
351.09950552808493,0.641585548477202
351.11950663925774,0.6414959939654196
351.1395077504306,0.6414066142035502
351.15950886160346,0.6413174092351617
351.17950997277626,0.6412283791037368
351.1995110839491,0.6411395238526715
351.219512195122,0.6410508435252783
351.2395133062948,0.6409623381647835
351.25951441746764,0.6408740078143285
351.2795155286405,0.6407858525169687
351.29951663981336,0.6406978723156753
351.31951775098617,0.6406100672533335
351.339518862159,0.6405224373727427
351.3595199733319,0.6404349827166177
351.3795210845047,0.640347703327588
351.39952219567755,0.6402605992481962
351.4195233068504,0.6401736705209014
351.4395244180232,0.6400869171880759
351.45952552919607,0.6400003392920071
351.47952664036893,0.6399139368748963
351.4995277515418,0.6398277099788601
351.5195288627146,0.6397416586459294
351.53952997388745,0.6396557829180484
351.5595310850603,0.6395700828370772
351.5795321962331,0.6394845584447892
351.599533307406,0.6393992097828729
351.61953441857884,0.6393140368929306
351.63953552975164,0.6392290398164795
351.6595366409245,0.6391442185949502
351.67953775209736,0.6390595732696884
351.6995388632702,0.6389751038819538
351.719539974443,0.6388908104729207
351.7395410856159,0.6388066930836764
351.75954219678874,0.6387227517552241
351.77954330796155,0.6386389865284797
351.7995444191344,0.6385553974442744
351.81954553030727,0.6384719845433523
351.83954664148007,0.6383887478663735
351.85954775265293,0.6383056874539097
351.8795488638258,0.638222803346449
351.89954997499865,0.6381400955843923
351.91955108617145,0.6380575642080549
351.9395521973443,0.637975209257666
351.9595533085172,0.6378930307733688
351.97955441969,0.6378110287952208
351.99955553086284,0.6377292033631927
352.0195566420357,0.6376475545171703
352.0395577532085,0.6375660822969523
352.05955886438136,0.6374847867422517
352.0795599755542,0.6374036678926953
352.0995610867271,0.637322725787824
352.1195621978999,0.6372419604670925
352.13956330907274,0.6371613719698689
352.1595644202456,0.6370809603354355
352.1795655314184,0.6370007256029884
352.19956664259126,0.6369206678116374
352.2195677537641,0.6368407870004058
352.2395688649369,0.6367610832082313
352.2595699761098,0.6366815564739644
352.27957108728265,0.6366022068363701
352.2995721984555,0.6365230343341264
352.3195733096283,0.6364440390058261
352.33957442080117,0.6363652208899737
352.35957553197403,0.6362865800249893
352.37957664314683,0.6362081164492055
352.3995777543197,0.6361298302008688
352.41957886549255,0.6360517213181389
352.43957997666536,0.63597378983909
352.4595810878382,0.6358960358017083
352.4795821990111,0.6358184592438949
352.49958331018394,0.6357410602034641
352.51958442135674,0.6356638387181432
352.5395855325296,0.6355867948255731
352.55958664370246,0.6355099285633081
352.57958775487526,0.6354332399688167
352.5995888660481,0.6353567290794793
352.619589977221,0.635280395932591
352.6395910883938,0.6352042405653598
352.65959219956665,0.6351282630149069
352.6795933107395,0.6350524633182668
352.69959442191237,0.6349768415123879
352.71959553308517,0.6349013976341311
352.73959664425803,0.6348261317202709
352.7595977554309,0.634751043807495
352.7795988666037,0.6346761339324051
352.79959997777655,0.6346014021315143
352.8196010889494,0.6345268484412507
352.8396022001222,0.6344524728979551
352.8596033112951,0.6343782755378807
352.87960442246793,0.6343042563971948
352.8996055336408,0.6342304155119771
352.9196066448136,0.6341567529182215
352.93960775598646,0.6340832686518332
352.9596088671593,0.6340099627486322
352.9796099783321,0.6339368352443507
352.999611089505,0.6338638861746342
353.01961220067784,0.6337911155750409
353.03961331185064,0.6337185234810426
353.0596144230235,0.6336461099280233
353.07961553419636,0.6335738749512808
353.0996166453692,0.6335018185860252
353.119617756542,0.6334299408673802
353.1396188677149,0.6333582418303814
353.15961997888775,0.6332867215099782
353.17962109006055,0.6332153799410332
353.1996222012334,0.6331442171583203
353.21962331240627,0.6330732331965279
353.2396244235791,0.6330024280902562
353.25962553475193,0.6329318018740187
353.2796266459248,0.6328613545822415
353.29962775709765,0.632791086249264
353.31962886827046,0.6327209969093375
353.3396299794433,0.6326510865966265
353.3596310906162,0.6325813553452082
353.379632201789,0.6325118031890731
353.39963331296184,0.632442430162123
353.4196344241347,0.6323732362981738
353.4396355353075,0.6323042216309533
353.45963664648036,0.6322353861941021
353.4796377576532,0.6321667300211737
353.4996388688261,0.6320982531456338
353.5196399799989,0.6320299556008613
353.53964109117175,0.6319618374201466
353.5596422023446,0.6318938986366938
353.5796433135174,0.6318261392836191
353.59964442469027,0.6317585593939512
353.6196455358631,0.6316911590006311
353.63964664703593,0.6316239381365134
353.6596477582088,0.6315568968343634
353.67964886938165,0.6314900351268605
353.6996499805545,0.6314233530465955
353.7196510917273,0.6313568506260725
353.7396522029002,0.631290527897707
353.75965331407303,0.6312243848938279
353.77965442524584,0.6311584216466763
353.7996555364187,0.6310926381884048
353.81965664759156,0.6310270345510793
353.83965775876436,0.630961610766678
353.8596588699372,0.630896366867091
353.8796599811101,0.6308313028841208
353.89966109228294,0.6307664188494826
353.91966220345574,0.6307017147948035
353.9396633146286,0.6306371907516228
353.95966442580146,0.6305728467513925
353.97966553697427,0.6305086828254765
353.9996666481471,0.6304446990051507
354.01966775932,0.6303808953216037
354.0396688704928,0.6303172718059363
354.05966998166565,0.6302538284891611
354.0796710928385,0.6301905654022029
354.09967220401137,0.6301274825758989
354.1196733151842,0.6300645800409985
354.13967442635703,0.6300018578281628
354.1596755375299,0.6299393159679654
354.1796766487027,0.6298769544908918
354.19967775987556,0.6298147734273395
354.2196788710484,0.629752772807618
354.2396799822212,0.6296909526619496
354.2596810933941,0.6296293130204674
354.27968220456694,0.6295678539132175
354.2996833157398,0.6295065753701574
354.3196844269126,0.6294454774211574
354.33968553808546,0.6293845600959984
354.3596866492583,0.6293238234243748
354.3796877604311,0.6292632674358917
354.399688871604,0.6292028921600669
354.41968998277684,0.6291426976263295
354.43969109394965,0.6290826838640214
354.4596922051225,0.6290228509023954
354.47969331629537,0.6289631987706166
354.4996944274682,0.6289037274977622
354.51969553864103,0.628844437112821
354.5396966498139,0.6287853276446934
354.55969776098675,0.6287263991221919
354.57969887215955,0.628667651574041
354.5996999833324,0.6286090850288761
354.6197010945053,0.6285506995152457
354.6397022056781,0.6284924950616091
354.65970331685094,0.6284344716963374
354.6797044280238,0.6283766294477138
354.69970553919666,0.6283189683439327
354.71970665036946,0.6282614884131015
354.7397077615423,0.6282041896832371
354.7597088727152,0.6281470721822702
354.779709983888,0.628090135938042
354.79971109506084,0.6280333809783055
354.8197122062337,0.6279768073307255
354.8397133174065,0.6279204150228785
354.85971442857937,0.6278642040822523
354.8797155397522,0.6278081745362467
354.8997166509251,0.6277523264121725
354.9197177620979,0.627696659737253
354.93971887327075,0.6276411745386217
354.9597199844436,0.6275858708433251
354.9797210956164,0.6275307486783201
354.9997222067893,0.6274758080704759
355.01972331796213,0.6274210490465726
355.039724429135,0.6273664716333021
355.0597255403078,0.6273120758572679
355.07972665148066,0.6272578617449844
355.0997277626535,0.6272038293228784
355.1197288738263,0.6271499786172872
355.1397299849992,0.62709630965446
355.15973109617204,0.6270428224605571
355.17973220734484,0.6269895170616507
355.1997333185177,0.6269363934837238
355.21973442969056,0.6268834517526714
355.2397355408634,0.6268306918942992
355.2597366520362,0.6267781139343249
355.2797377632091,0.6267257178983769
355.29973887438194,0.6266735038119955
355.31973998555475,0.6266214717006318
355.3397410967276,0.6265696215896486
355.35974220790047,0.6265179535043195
355.37974331907327,0.6264664674698304
355.39974443024613,0.6264151635112769
355.419745541419,0.6263640416536671
355.43974665259185,0.6263131019219201
355.45974776376465,0.6262623443408661
355.4797488749375,0.6262117689352462
355.4997499861104,0.6261613757297129
355.5197510972832,0.6261111647488303
355.53975220845604,0.6260611360170731
355.5597533196289,0.6260112895588276
355.5797544308017,0.6259616253983908
355.59975554197456,0.6259121435599714
355.6197566531474,0.6258628440676886
355.6397577643203,0.6258137269455732
355.6597588754931,0.6257647922175671
355.67975998666594,0.625716039907523
355.6997610978388,0.6256674700392046
355.7197622090116,0.6256190826362874
355.73976332018447,0.6255708777223571
355.7597644313573,0.6255228553209108
355.77976554253013,0.6254750154553569
355.799766653703,0.6254273581490142
355.81976776487585,0.625379883425113
355.8397688760487,0.6253325913067945
355.8597699872215,0.6252854818171112
355.8797710983944,0.6252385549790256
355.89977220956723,0.6251918108154122
355.91977332074003,0.6251452493490561
355.9397744319129,0.6250988706026532
355.95977554308575,0.6250526745988104
355.97977665425856,0.6250066613600459
355.9997777654314,0.624960830908788
356.0197788766043,0.6249151832673765
356.03977998777714,0.6248697184580623
356.05978109894994,0.6248244365030067
356.0797822101228,0.6247793374242819
356.09978332129566,0.624734421243871
356.11978443246846,0.6246896879836686
356.1397855436413,0.6246451376654789
356.1597866548142,0.6246007703110179
356.179787765987,0.6245565859419122
356.19978887715985,0.6245125845796988
356.2197899883327,0.6244687662458261
356.23979109950557,0.624425130961653
356.25979221067837,0.6243816787484491
356.27979332185123,0.6243384096273947
356.2997944330241,0.624295323619581
356.3197955441969,0.6242524207460103
356.33979665536975,0.6242097010275948
356.3597977665426,0.6241671644851581
356.3797988777154,0.6241248111394343
356.3997999888883,0.6240826410110681
356.41980110006114,0.6240406541206152
356.439802211234,0.6239988504885415
356.4598033224068,0.6239572301352243
356.47980443357966,0.6239157930809505
356.4998055447525,0.6238745393459186
356.5198066559253,0.6238334689502374
356.5398077670982,0.6237925819139265
356.55980887827104,0.6237518782569154
356.57980998944385,0.6237113579990454
356.5998111006167,0.6236710211600673
356.61981221178957,0.6236308677596434
356.6398133229624,0.6235908978173458
356.6598144341352,0.6235511113526577
356.6798155453081,0.6235115083849727
356.69981665648095,0.6234720889335947
356.71981776765375,0.6234328530177389
356.7398188788266,0.62339380065653
356.75981998999947,0.6233549318690041
356.7798211011723,0.6233162466741073
356.79982221234513,0.6232777450906967
356.819823323518,0.623239427137539
356.83982443469085,0.6232012928333126
356.85982554586366,0.6231633421966054
356.8798266570365,0.6231255752459163
356.8998277682094,0.6230879919996544
356.9198288793822,0.6230505924761394
356.93982999055504,0.6230133766936012
356.9598311017279,0.6229763446701808
356.9798322129007,0.6229394964239288
356.99983332407356,0.6229028319728065
357.0198344352464,0.6228663513346859
357.0398355464193,0.6228300545273493
357.0598366575921,0.6227939415684891
357.07983776876495,0.6227580124757083
357.0998388799378,0.6227222672665202
357.1198399911106,0.6226867059583487
357.13984110228347,0.6226513285685278
357.15984221345633,0.6226161351143017
357.17984332462913,0.6225811256128255
357.199844435802,0.622546300081164
357.21984554697485,0.6225116585362929
357.2398466581477,0.6224772009950978
357.2598477693205,0.6224429274743748
357.2798488804934,0.6224088379908301
357.29984999166624,0.6223749325610807
357.31985110283904,0.6223412112016533
357.3398522140119,0.622307673928985
357.35985332518476,0.6222743207594233
357.37985443635756,0.6222411517092262
357.3998555475304,0.6222081667945616
357.4198566587033,0.6221753660315074
357.43985776987614,0.6221427494360524
357.45985888104894,0.6221103170240954
357.4798599922218,0.6220780688114449
357.49986110339466,0.6220460048138203
357.51986221456747,0.6220141250468512
357.5398633257403,0.6219824295260765
357.5598644369132,0.6219509182669464
357.579865548086,0.6219195912848208
357.59986665925885,0.6218884485949696
357.6198677704317,0.6218574902125731
357.63986888160457,0.6218267161527216
357.6598699927774,0.6217961264304162
357.67987110395023,0.6217657210605668
357.6998722151231,0.6217355000579949
357.7198733262959,0.6217054634374314
357.73987443746876,0.6216756112135171
357.7598755486416,0.6216459434008035
357.7798766598144,0.6216164600137519
357.7998777709873,0.6215871610667336
357.81987888216014,0.6215580465740302
357.839879993333,0.6215291165498333
357.8598811045058,0.621500371008245
357.87988221567866,0.6214718099632764
357.8998833268515,0.6214434334288499
357.9198844380243,0.6214152414187972
357.9398855491972,0.6213872339468602
357.95988666037005,0.6213594110266911
357.97988777154285,0.6213317726718519
357.9998888827157,0.6213043188958145
358.01988999388857,0.6212770497119613
358.03989110506143,0.6212499651335843
358.05989221623423,0.6212230651738857
358.0798933274071,0.6211963498459778
358.09989443857995,0.6211698191628824
358.11989554975275,0.6211434731375322
358.1398966609256,0.6211173117827689
358.1598977720985,0.6210913351113447
358.1798988832713,0.621065543135922
358.19989999444414,0.6210399358690726
358.219901105617,0.6210145133232787
358.23990221678986,0.6209892755109323
358.25990332796266,0.6209642224443355
358.2799044391355,0.6209393541357
358.2999055503084,0.6209146705971478
358.3199066614812,0.6208901718407105
358.33990777265404,0.6208658578783302
358.3599088838269,0.6208417287218579
358.3799099949997,0.620817784383056
358.39991110617257,0.6207940248735953
358.4199122173454,0.6207704502050575
358.4399133285183,0.6207470603889338
358.4599144396911,0.6207238554366254
358.47991555086395,0.6207008353594434
358.4999166620368,0.6206780001686087
358.5199177732096,0.6206553498752523
358.5399188843825,0.6206328844904145
358.55991999555533,0.6206106040250462
358.57992110672814,0.6205885084900078
358.599922217901,0.6205665978960695
358.61992332907386,0.6205448722539115
358.6399244402467,0.6205233315741239
358.6599255514195,0.6205019758672063
358.6799266625924,0.6204808051435685
358.69992777376524,0.62045981941353
358.71992888493804,0.6204390186873202
358.7399299961109,0.620418402975078
358.75993110728376,0.6203979722868527
358.77993221845657,0.6203777266326027
358.7999333296294,0.620357666022197
358.8199344408023,0.6203377904654136
358.83993555197515,0.6203180999719409
358.85993666314795,0.6202985945513768
358.8799377743208,0.6202792742132293
358.89993888549367,0.6202601389669153
358.91993999666647,0.6202411888217629
358.93994110783933,0.6202224237870089
358.9599422190122,0.6202038438717998
358.979943330185,0.6201854490851928
358.99994444135785,0.6201672394361539
359.0199455525307,0.6201492149335595
359.0399466637036,0.6201313755861952
359.0599477748764,0.620113721402757
359.07994888604924,0.6200962523918501
359.0999499972221,0.6200789685619896
359.1199511083949,0.6200618699216005
359.13995221956776,0.6200449564790173
359.1599533307406,0.6200282282424843
359.1799544419134,0.6200116852201556
359.1999555530863,0.6199953274200949
359.21995666425914,0.6199791548502758
359.239957775432,0.6199631675185813
359.2599588866048,0.6199473654328045
359.27995999777767,0.6199317486006478
359.2999611089505,0.6199163170297237
359.31996222012333,0.6199010707275542
359.3399633312962,0.6198860097015708
359.35996444246905,0.619871133959115
359.37996555364185,0.6198564435074377
359.3999666648147,0.6198419383536999
359.4199677759876,0.6198276185049719
359.43996888716043,0.6198134839682339
359.45996999833324,0.6197995347503754
359.4799711095061,0.6197857708581961
359.49997222067896,0.6197721922984049
359.51997333185176,0.6197587990776208
359.5399744430246,0.6197455912023719
359.5599755541975,0.6197325686790964
359.57997666537034,0.6197197315141423
359.59997777654314,0.6197070797137667
359.619978887716,0.6196946132841366
359.63997999888886,0.6196823322313287
359.65998111006166,0.6196702365613294
359.6799822212345,0.6196583262800346
359.6999833324074,0.6196466013932497
359.7199844435802,0.6196350619066902
359.73998555475305,0.6196237078259806
359.7599866659259,0.6196125391566556
359.77998777709877,0.6196015559041592
359.79998888827157,0.6195907580738451
359.81998999944443,0.6195801456709767
359.8399911106173,0.6195697187007269
359.8599922217901,0.619559477168178
359.87999333296295,0.6195494210783226
359.8999944441358,0.6195395504360619
359.9199955553086,0.6195298652462078
359.9399966664815,0.6195203655134809
359.95999777765434,0.6195110512425119
359.9799988888272,0.6195019224378411
360.0,0.6194929791039181
