# Combined CdTe spectra from all Background runs
#  PSF radius Mirror/Leses(cm), 0.075
# Observation Time (s), 10000
# Bin (keV), 0.1 Bin_center(keV),cnts(total)
5.000000e-02,0.000000e+00
1.500000e-01,0.000000e+00
2.500000e-01,0.000000e+00
3.500000e-01,0.000000e+00
4.500000e-01,0.000000e+00
5.500000e-01,0.000000e+00
6.500000e-01,1.000000e+00
7.500000e-01,0.000000e+00
8.500000e-01,0.000000e+00
9.500000e-01,0.000000e+00
1.050000e+00,0.000000e+00
1.150000e+00,0.000000e+00
1.250000e+00,0.000000e+00
1.350000e+00,0.000000e+00
1.450000e+00,0.000000e+00
1.550000e+00,0.000000e+00
1.650000e+00,0.000000e+00
1.750000e+00,0.000000e+00
1.850000e+00,0.000000e+00
1.950000e+00,0.000000e+00
2.050000e+00,0.000000e+00
2.150000e+00,0.000000e+00
2.250000e+00,0.000000e+00
2.350000e+00,0.000000e+00
2.450000e+00,0.000000e+00
2.550000e+00,0.000000e+00
2.650000e+00,1.000000e+00
2.750000e+00,0.000000e+00
2.850000e+00,0.000000e+00
2.950000e+00,0.000000e+00
3.050000e+00,0.000000e+00
3.150000e+00,0.000000e+00
3.250000e+00,0.000000e+00
3.350000e+00,0.000000e+00
3.450000e+00,0.000000e+00
3.550000e+00,0.000000e+00
3.650000e+00,0.000000e+00
3.750000e+00,0.000000e+00
3.850000e+00,0.000000e+00
3.950000e+00,0.000000e+00
4.050000e+00,1.100000e+01
4.150000e+00,9.000000e+00
4.250000e+00,1.200000e+01
4.350000e+00,1.000000e+01
4.450000e+00,1.700000e+01
4.550000e+00,5.000000e+00
4.650000e+00,1.400000e+01
4.750000e+00,1.300000e+01
4.850000e+00,9.000000e+00
4.950000e+00,1.000000e+01
5.050000e+00,0.000000e+00
5.150000e+00,6.000000e+00
5.250000e+00,8.000000e+00
5.350000e+00,6.000000e+00
5.450000e+00,1.100000e+01
5.550000e+00,8.000000e+00
5.650000e+00,5.000000e+00
5.750000e+00,7.000000e+00
5.850000e+00,5.000000e+00
5.950000e+00,7.000000e+00
6.050000e+00,4.000000e+00
6.150000e+00,5.000000e+00
6.250000e+00,6.000000e+00
6.350000e+00,9.000000e+00
6.450000e+00,6.000000e+00
6.550000e+00,1.000000e+00
6.650000e+00,4.000000e+00
6.750000e+00,3.000000e+00
6.850000e+00,3.000000e+00
6.950000e+00,1.100000e+01
7.050000e+00,3.000000e+00
7.150000e+00,6.000000e+00
7.250000e+00,2.000000e+00
7.350000e+00,9.000000e+00
7.450000e+00,7.000000e+00
7.550000e+00,2.000000e+00
7.650000e+00,5.000000e+00
7.750000e+00,5.000000e+00
7.850000e+00,2.000000e+00
7.950000e+00,5.000000e+00
8.050000e+00,4.000000e+00
8.150000e+00,1.000000e+00
8.250000e+00,2.000000e+00
8.350000e+00,7.000000e+00
8.450000e+00,5.000000e+00
8.550000e+00,7.000000e+00
8.650000e+00,5.000000e+00
8.750000e+00,3.000000e+00
8.850000e+00,1.000000e+00
8.950000e+00,3.000000e+00
9.050000e+00,3.000000e+00
9.150000e+00,5.000000e+00
9.250000e+00,3.000000e+00
9.350000e+00,5.000000e+00
9.450000e+00,5.000000e+00
9.550000e+00,7.000000e+00
9.650000e+00,1.000000e+00
9.750000e+00,4.000000e+00
9.850000e+00,4.000000e+00
9.950000e+00,6.000000e+00
1.005000e+01,3.000000e+00
1.015000e+01,3.000000e+00
1.025000e+01,4.000000e+00
1.035000e+01,3.000000e+00
1.045000e+01,7.000000e+00
1.055000e+01,4.000000e+00
1.065000e+01,3.000000e+00
1.075000e+01,2.000000e+00
1.085000e+01,1.000000e+00
1.095000e+01,1.000000e+00
1.105000e+01,2.000000e+00
1.115000e+01,5.000000e+00
1.125000e+01,3.000000e+00
1.135000e+01,5.000000e+00
1.145000e+01,1.000000e+00
1.155000e+01,3.000000e+00
1.165000e+01,1.000000e+00
1.175000e+01,3.000000e+00
1.185000e+01,0.000000e+00
1.195000e+01,0.000000e+00
1.205000e+01,1.000000e+00
1.215000e+01,2.000000e+00
1.225000e+01,5.000000e+00
1.235000e+01,1.000000e+00
1.245000e+01,4.000000e+00
1.255000e+01,2.000000e+00
1.265000e+01,0.000000e+00
1.275000e+01,0.000000e+00
1.285000e+01,8.000000e+00
1.295000e+01,0.000000e+00
1.305000e+01,3.000000e+00
1.315000e+01,2.000000e+00
1.325000e+01,1.000000e+00
1.335000e+01,2.000000e+00
1.345000e+01,7.000000e+00
1.355000e+01,4.000000e+00
1.365000e+01,2.000000e+00
1.375000e+01,2.000000e+00
1.385000e+01,0.000000e+00
1.395000e+01,2.000000e+00
1.405000e+01,3.000000e+00
1.415000e+01,2.000000e+00
1.425000e+01,1.000000e+00
1.435000e+01,1.000000e+00
1.445000e+01,3.000000e+00
1.455000e+01,4.000000e+00
1.465000e+01,2.000000e+00
1.475000e+01,3.000000e+00
1.485000e+01,0.000000e+00
1.495000e+01,3.000000e+00
1.505000e+01,2.000000e+00
1.515000e+01,0.000000e+00
1.525000e+01,3.000000e+00
1.535000e+01,2.000000e+00
1.545000e+01,5.000000e+00
1.555000e+01,1.000000e+00
1.565000e+01,2.000000e+00
1.575000e+01,2.000000e+00
1.585000e+01,1.000000e+00
1.595000e+01,3.000000e+00
1.605000e+01,1.000000e+00
1.615000e+01,2.000000e+00
1.625000e+01,2.000000e+00
1.635000e+01,2.000000e+00
1.645000e+01,0.000000e+00
1.655000e+01,1.000000e+00
1.665000e+01,1.000000e+00
1.675000e+01,2.000000e+00
1.685000e+01,0.000000e+00
1.695000e+01,2.000000e+00
1.705000e+01,2.000000e+00
1.715000e+01,0.000000e+00
1.725000e+01,0.000000e+00
1.735000e+01,2.000000e+00
1.745000e+01,2.000000e+00
1.755000e+01,0.000000e+00
1.765000e+01,4.000000e+00
1.775000e+01,3.000000e+00
1.785000e+01,3.000000e+00
1.795000e+01,0.000000e+00
1.805000e+01,1.000000e+00
1.815000e+01,0.000000e+00
1.825000e+01,3.000000e+00
1.835000e+01,0.000000e+00
1.845000e+01,2.000000e+00
1.855000e+01,0.000000e+00
1.865000e+01,5.000000e+00
1.875000e+01,4.000000e+00
1.885000e+01,0.000000e+00
1.895000e+01,1.000000e+00
1.905000e+01,1.000000e+00
1.915000e+01,1.000000e+00
1.925000e+01,2.000000e+00
1.935000e+01,0.000000e+00
1.945000e+01,1.000000e+00
1.955000e+01,3.000000e+00
1.965000e+01,1.000000e+00
1.975000e+01,2.000000e+00
1.985000e+01,4.000000e+00
1.995000e+01,4.000000e+00
2.005000e+01,2.000000e+00
2.015000e+01,1.000000e+00
2.025000e+01,0.000000e+00
2.035000e+01,1.000000e+00
2.045000e+01,2.000000e+00
2.055000e+01,0.000000e+00
2.065000e+01,1.000000e+00
2.075000e+01,1.000000e+00
2.085000e+01,2.000000e+00
2.095000e+01,2.000000e+00
2.105000e+01,0.000000e+00
2.115000e+01,3.000000e+00
2.125000e+01,1.000000e+00
2.135000e+01,1.000000e+00
2.145000e+01,2.000000e+00
2.155000e+01,1.000000e+00
2.165000e+01,3.000000e+00
2.175000e+01,2.000000e+00
2.185000e+01,0.000000e+00
2.195000e+01,5.000000e+00
2.205000e+01,0.000000e+00
2.215000e+01,2.000000e+00
2.225000e+01,1.000000e+00
2.235000e+01,1.000000e+00
2.245000e+01,3.000000e+00
2.255000e+01,0.000000e+00
2.265000e+01,0.000000e+00
2.275000e+01,1.000000e+00
2.285000e+01,0.000000e+00
2.295000e+01,1.000000e+00
2.305000e+01,1.000000e+00
2.315000e+01,2.000000e+00
2.325000e+01,1.000000e+00
2.335000e+01,0.000000e+00
2.345000e+01,0.000000e+00
2.355000e+01,1.000000e+00
2.365000e+01,5.000000e+00
2.375000e+01,0.000000e+00
2.385000e+01,0.000000e+00
2.395000e+01,2.000000e+00
2.405000e+01,0.000000e+00
2.415000e+01,1.000000e+00
2.425000e+01,2.000000e+00
2.435000e+01,2.000000e+00
2.445000e+01,2.000000e+00
2.455000e+01,3.000000e+00
2.465000e+01,3.000000e+00
2.475000e+01,2.000000e+00
2.485000e+01,5.000000e+00
2.495000e+01,2.000000e+00
2.505000e+01,2.000000e+00
2.515000e+01,4.000000e+00
2.525000e+01,0.000000e+00
2.535000e+01,1.000000e+00
2.545000e+01,0.000000e+00
2.555000e+01,0.000000e+00
2.565000e+01,3.000000e+00
2.575000e+01,0.000000e+00
2.585000e+01,1.000000e+00
2.595000e+01,0.000000e+00
2.605000e+01,0.000000e+00
2.615000e+01,1.000000e+00
2.625000e+01,0.000000e+00
2.635000e+01,2.000000e+00
2.645000e+01,0.000000e+00
2.655000e+01,3.000000e+00
2.665000e+01,0.000000e+00
2.675000e+01,0.000000e+00
2.685000e+01,0.000000e+00
2.695000e+01,1.000000e+00
2.705000e+01,2.000000e+00
2.715000e+01,2.000000e+00
2.725000e+01,0.000000e+00
2.735000e+01,0.000000e+00
2.745000e+01,1.000000e+00
2.755000e+01,1.000000e+00
2.765000e+01,3.000000e+00
2.775000e+01,0.000000e+00
2.785000e+01,1.000000e+00
2.795000e+01,1.000000e+00
2.805000e+01,1.000000e+00
2.815000e+01,0.000000e+00
2.825000e+01,1.000000e+00
2.835000e+01,1.000000e+00
2.845000e+01,1.000000e+00
2.855000e+01,0.000000e+00
2.865000e+01,1.000000e+00
2.875000e+01,1.000000e+00
2.885000e+01,1.000000e+00
2.895000e+01,1.000000e+00
2.905000e+01,1.000000e+00
2.915000e+01,1.000000e+00
2.925000e+01,0.000000e+00
2.935000e+01,0.000000e+00
2.945000e+01,0.000000e+00
2.955000e+01,0.000000e+00
2.965000e+01,2.000000e+00
2.975000e+01,0.000000e+00
2.985000e+01,1.000000e+00
2.995000e+01,0.000000e+00
3.005000e+01,1.000000e+00
3.015000e+01,0.000000e+00
3.025000e+01,1.000000e+00
3.035000e+01,0.000000e+00
3.045000e+01,0.000000e+00
3.055000e+01,1.000000e+00
3.065000e+01,0.000000e+00
3.075000e+01,1.000000e+00
3.085000e+01,3.000000e+00
3.095000e+01,0.000000e+00
3.105000e+01,3.000000e+00
3.115000e+01,0.000000e+00
3.125000e+01,1.000000e+00
3.135000e+01,1.000000e+00
3.145000e+01,1.000000e+00
3.155000e+01,0.000000e+00
3.165000e+01,0.000000e+00
3.175000e+01,0.000000e+00
3.185000e+01,1.000000e+00
3.195000e+01,0.000000e+00
3.205000e+01,2.000000e+00
3.215000e+01,3.000000e+00
3.225000e+01,0.000000e+00
3.235000e+01,0.000000e+00
3.245000e+01,1.000000e+00
3.255000e+01,1.000000e+00
3.265000e+01,0.000000e+00
3.275000e+01,0.000000e+00
3.285000e+01,0.000000e+00
3.295000e+01,0.000000e+00
3.305000e+01,0.000000e+00
3.315000e+01,1.000000e+00
3.325000e+01,0.000000e+00
3.335000e+01,0.000000e+00
3.345000e+01,0.000000e+00
3.355000e+01,0.000000e+00
3.365000e+01,1.000000e+00
3.375000e+01,0.000000e+00
3.385000e+01,0.000000e+00
3.395000e+01,0.000000e+00
3.405000e+01,1.000000e+00
3.415000e+01,1.000000e+00
3.425000e+01,0.000000e+00
3.435000e+01,0.000000e+00
3.445000e+01,0.000000e+00
3.455000e+01,0.000000e+00
3.465000e+01,0.000000e+00
3.475000e+01,0.000000e+00
3.485000e+01,0.000000e+00
3.495000e+01,2.000000e+00
3.505000e+01,0.000000e+00
3.515000e+01,1.000000e+00
3.525000e+01,1.000000e+00
3.535000e+01,1.000000e+00
3.545000e+01,0.000000e+00
3.555000e+01,1.000000e+00
3.565000e+01,0.000000e+00
3.575000e+01,0.000000e+00
3.585000e+01,0.000000e+00
3.595000e+01,0.000000e+00
3.605000e+01,0.000000e+00
3.615000e+01,0.000000e+00
3.625000e+01,0.000000e+00
3.635000e+01,0.000000e+00
3.645000e+01,0.000000e+00
3.655000e+01,0.000000e+00
3.665000e+01,1.000000e+00
3.675000e+01,0.000000e+00
3.685000e+01,0.000000e+00
3.695000e+01,2.000000e+00
3.705000e+01,1.000000e+00
3.715000e+01,0.000000e+00
3.725000e+01,1.000000e+00
3.735000e+01,1.000000e+00
3.745000e+01,0.000000e+00
3.755000e+01,0.000000e+00
3.765000e+01,1.000000e+00
3.775000e+01,0.000000e+00
3.785000e+01,1.000000e+00
3.795000e+01,0.000000e+00
3.805000e+01,0.000000e+00
3.815000e+01,0.000000e+00
3.825000e+01,1.000000e+00
3.835000e+01,0.000000e+00
3.845000e+01,0.000000e+00
3.855000e+01,0.000000e+00
3.865000e+01,0.000000e+00
3.875000e+01,0.000000e+00
3.885000e+01,0.000000e+00
3.895000e+01,0.000000e+00
3.905000e+01,1.000000e+00
3.915000e+01,0.000000e+00
3.925000e+01,1.000000e+00
3.935000e+01,1.000000e+00
3.945000e+01,0.000000e+00
3.955000e+01,0.000000e+00
3.965000e+01,0.000000e+00
3.975000e+01,2.000000e+00
3.985000e+01,0.000000e+00
3.995000e+01,1.000000e+00
4.005000e+01,0.000000e+00
4.015000e+01,0.000000e+00
4.025000e+01,1.000000e+00
4.035000e+01,1.000000e+00
4.045000e+01,0.000000e+00
4.055000e+01,0.000000e+00
4.065000e+01,0.000000e+00
4.075000e+01,0.000000e+00
4.085000e+01,0.000000e+00
4.095000e+01,2.000000e+00
4.105000e+01,0.000000e+00
4.115000e+01,0.000000e+00
4.125000e+01,0.000000e+00
4.135000e+01,3.000000e+00
4.145000e+01,0.000000e+00
4.155000e+01,2.000000e+00
4.165000e+01,0.000000e+00
4.175000e+01,0.000000e+00
4.185000e+01,1.000000e+00
4.195000e+01,0.000000e+00
4.205000e+01,1.000000e+00
4.215000e+01,1.000000e+00
4.225000e+01,1.000000e+00
4.235000e+01,0.000000e+00
4.245000e+01,0.000000e+00
4.255000e+01,0.000000e+00
4.265000e+01,0.000000e+00
4.275000e+01,0.000000e+00
4.285000e+01,0.000000e+00
4.295000e+01,0.000000e+00
4.305000e+01,0.000000e+00
4.315000e+01,0.000000e+00
4.325000e+01,0.000000e+00
4.335000e+01,0.000000e+00
4.345000e+01,1.000000e+00
4.355000e+01,0.000000e+00
4.365000e+01,0.000000e+00
4.375000e+01,0.000000e+00
4.385000e+01,0.000000e+00
4.395000e+01,0.000000e+00
4.405000e+01,0.000000e+00
4.415000e+01,0.000000e+00
4.425000e+01,0.000000e+00
4.435000e+01,1.000000e+00
4.445000e+01,0.000000e+00
4.455000e+01,0.000000e+00
4.465000e+01,1.000000e+00
4.475000e+01,0.000000e+00
4.485000e+01,0.000000e+00
4.495000e+01,0.000000e+00
4.505000e+01,0.000000e+00
4.515000e+01,0.000000e+00
4.525000e+01,0.000000e+00
4.535000e+01,0.000000e+00
4.545000e+01,0.000000e+00
4.555000e+01,2.000000e+00
4.565000e+01,1.000000e+00
4.575000e+01,0.000000e+00
4.585000e+01,0.000000e+00
4.595000e+01,0.000000e+00
4.605000e+01,0.000000e+00
4.615000e+01,0.000000e+00
4.625000e+01,0.000000e+00
4.635000e+01,0.000000e+00
4.645000e+01,1.000000e+00
4.655000e+01,1.000000e+00
4.665000e+01,1.000000e+00
4.675000e+01,1.000000e+00
4.685000e+01,0.000000e+00
4.695000e+01,0.000000e+00
4.705000e+01,0.000000e+00
4.715000e+01,0.000000e+00
4.725000e+01,0.000000e+00
4.735000e+01,0.000000e+00
4.745000e+01,0.000000e+00
4.755000e+01,0.000000e+00
4.765000e+01,0.000000e+00
4.775000e+01,0.000000e+00
4.785000e+01,0.000000e+00
4.795000e+01,0.000000e+00
4.805000e+01,1.000000e+00
4.815000e+01,0.000000e+00
4.825000e+01,2.000000e+00
4.835000e+01,0.000000e+00
4.845000e+01,1.000000e+00
4.855000e+01,1.000000e+00
4.865000e+01,0.000000e+00
4.875000e+01,2.000000e+00
4.885000e+01,0.000000e+00
4.895000e+01,0.000000e+00
4.905000e+01,0.000000e+00
4.915000e+01,0.000000e+00
4.925000e+01,0.000000e+00
4.935000e+01,0.000000e+00
4.945000e+01,0.000000e+00
4.955000e+01,0.000000e+00
4.965000e+01,0.000000e+00
4.975000e+01,0.000000e+00
4.985000e+01,0.000000e+00
4.995000e+01,1.000000e+00
5.005000e+01,0.000000e+00
5.015000e+01,0.000000e+00
5.025000e+01,0.000000e+00
5.035000e+01,0.000000e+00
5.045000e+01,0.000000e+00
5.055000e+01,0.000000e+00
5.065000e+01,0.000000e+00
5.075000e+01,0.000000e+00
5.085000e+01,1.000000e+00
5.095000e+01,1.000000e+00
5.105000e+01,0.000000e+00
5.115000e+01,0.000000e+00
5.125000e+01,0.000000e+00
5.135000e+01,0.000000e+00
5.145000e+01,0.000000e+00
5.155000e+01,0.000000e+00
5.165000e+01,0.000000e+00
5.175000e+01,0.000000e+00
5.185000e+01,0.000000e+00
5.195000e+01,0.000000e+00
5.205000e+01,0.000000e+00
5.215000e+01,0.000000e+00
5.225000e+01,0.000000e+00
5.235000e+01,0.000000e+00
5.245000e+01,0.000000e+00
5.255000e+01,1.000000e+00
5.265000e+01,0.000000e+00
5.275000e+01,1.000000e+00
5.285000e+01,0.000000e+00
5.295000e+01,0.000000e+00
5.305000e+01,1.000000e+00
5.315000e+01,0.000000e+00
5.325000e+01,3.000000e+00
5.335000e+01,0.000000e+00
5.345000e+01,0.000000e+00
5.355000e+01,0.000000e+00
5.365000e+01,0.000000e+00
5.375000e+01,0.000000e+00
5.385000e+01,1.000000e+00
5.395000e+01,0.000000e+00
5.405000e+01,0.000000e+00
5.415000e+01,0.000000e+00
5.425000e+01,1.000000e+00
5.435000e+01,1.000000e+00
5.445000e+01,1.000000e+00
5.455000e+01,0.000000e+00
5.465000e+01,0.000000e+00
5.475000e+01,1.000000e+00
5.485000e+01,1.000000e+00
5.495000e+01,0.000000e+00
5.505000e+01,0.000000e+00
5.515000e+01,0.000000e+00
5.525000e+01,1.000000e+00
5.535000e+01,0.000000e+00
5.545000e+01,0.000000e+00
5.555000e+01,0.000000e+00
5.565000e+01,0.000000e+00
5.575000e+01,0.000000e+00
5.585000e+01,0.000000e+00
5.595000e+01,0.000000e+00
5.605000e+01,0.000000e+00
5.615000e+01,0.000000e+00
5.625000e+01,0.000000e+00
5.635000e+01,0.000000e+00
5.645000e+01,1.000000e+00
5.655000e+01,0.000000e+00
5.665000e+01,0.000000e+00
5.675000e+01,0.000000e+00
5.685000e+01,0.000000e+00
5.695000e+01,0.000000e+00
5.705000e+01,0.000000e+00
5.715000e+01,0.000000e+00
5.725000e+01,0.000000e+00
5.735000e+01,1.000000e+00
5.745000e+01,1.000000e+00
5.755000e+01,0.000000e+00
5.765000e+01,1.000000e+00
5.775000e+01,0.000000e+00
5.785000e+01,1.000000e+00
5.795000e+01,0.000000e+00
5.805000e+01,0.000000e+00
5.815000e+01,0.000000e+00
5.825000e+01,0.000000e+00
5.835000e+01,0.000000e+00
5.845000e+01,0.000000e+00
5.855000e+01,0.000000e+00
5.865000e+01,0.000000e+00
5.875000e+01,1.000000e+00
5.885000e+01,0.000000e+00
5.895000e+01,0.000000e+00
5.905000e+01,0.000000e+00
5.915000e+01,0.000000e+00
5.925000e+01,0.000000e+00
5.935000e+01,0.000000e+00
5.945000e+01,1.000000e+00
5.955000e+01,0.000000e+00
5.965000e+01,0.000000e+00
5.975000e+01,0.000000e+00
5.985000e+01,1.000000e+00
5.995000e+01,0.000000e+00
6.005000e+01,0.000000e+00
6.015000e+01,0.000000e+00
6.025000e+01,0.000000e+00
6.035000e+01,0.000000e+00
6.045000e+01,0.000000e+00
6.055000e+01,0.000000e+00
6.065000e+01,0.000000e+00
6.075000e+01,0.000000e+00
6.085000e+01,0.000000e+00
6.095000e+01,0.000000e+00
6.105000e+01,0.000000e+00
6.115000e+01,1.000000e+00
6.125000e+01,0.000000e+00
6.135000e+01,0.000000e+00
6.145000e+01,0.000000e+00
6.155000e+01,0.000000e+00
6.165000e+01,0.000000e+00
6.175000e+01,1.000000e+00
6.185000e+01,0.000000e+00
6.195000e+01,0.000000e+00
6.205000e+01,0.000000e+00
6.215000e+01,1.000000e+00
6.225000e+01,1.000000e+00
6.235000e+01,1.000000e+00
6.245000e+01,0.000000e+00
6.255000e+01,0.000000e+00
6.265000e+01,0.000000e+00
6.275000e+01,1.000000e+00
6.285000e+01,0.000000e+00
6.295000e+01,0.000000e+00
6.305000e+01,0.000000e+00
6.315000e+01,0.000000e+00
6.325000e+01,0.000000e+00
6.335000e+01,0.000000e+00
6.345000e+01,0.000000e+00
6.355000e+01,1.000000e+00
6.365000e+01,0.000000e+00
6.375000e+01,0.000000e+00
6.385000e+01,0.000000e+00
6.395000e+01,0.000000e+00
6.405000e+01,0.000000e+00
6.415000e+01,1.000000e+00
6.425000e+01,1.000000e+00
6.435000e+01,0.000000e+00
6.445000e+01,0.000000e+00
6.455000e+01,0.000000e+00
6.465000e+01,0.000000e+00
6.475000e+01,0.000000e+00
6.485000e+01,0.000000e+00
6.495000e+01,0.000000e+00
6.505000e+01,0.000000e+00
6.515000e+01,0.000000e+00
6.525000e+01,0.000000e+00
6.535000e+01,1.000000e+00
6.545000e+01,1.000000e+00
6.555000e+01,0.000000e+00
6.565000e+01,1.000000e+00
6.575000e+01,0.000000e+00
6.585000e+01,0.000000e+00
6.595000e+01,0.000000e+00
6.605000e+01,0.000000e+00
6.615000e+01,0.000000e+00
6.625000e+01,0.000000e+00
6.635000e+01,0.000000e+00
6.645000e+01,0.000000e+00
6.655000e+01,0.000000e+00
6.665000e+01,0.000000e+00
6.675000e+01,0.000000e+00
6.685000e+01,0.000000e+00
6.695000e+01,0.000000e+00
6.705000e+01,0.000000e+00
6.715000e+01,0.000000e+00
6.725000e+01,0.000000e+00
6.735000e+01,0.000000e+00
6.745000e+01,0.000000e+00
6.755000e+01,1.000000e+00
6.765000e+01,0.000000e+00
6.775000e+01,0.000000e+00
6.785000e+01,0.000000e+00
6.795000e+01,0.000000e+00
6.805000e+01,0.000000e+00
6.815000e+01,0.000000e+00
6.825000e+01,1.000000e+00
6.835000e+01,0.000000e+00
6.845000e+01,0.000000e+00
6.855000e+01,0.000000e+00
6.865000e+01,0.000000e+00
6.875000e+01,0.000000e+00
6.885000e+01,0.000000e+00
6.895000e+01,0.000000e+00
6.905000e+01,0.000000e+00
6.915000e+01,0.000000e+00
6.925000e+01,0.000000e+00
6.935000e+01,0.000000e+00
6.945000e+01,0.000000e+00
6.955000e+01,0.000000e+00
6.965000e+01,0.000000e+00
6.975000e+01,0.000000e+00
6.985000e+01,0.000000e+00
6.995000e+01,0.000000e+00
7.005000e+01,0.000000e+00
7.015000e+01,0.000000e+00
7.025000e+01,0.000000e+00
7.035000e+01,0.000000e+00
7.045000e+01,0.000000e+00
7.055000e+01,0.000000e+00
7.065000e+01,0.000000e+00
7.075000e+01,0.000000e+00
7.085000e+01,0.000000e+00
7.095000e+01,0.000000e+00
7.105000e+01,0.000000e+00
7.115000e+01,0.000000e+00
7.125000e+01,0.000000e+00
7.135000e+01,2.000000e+00
7.145000e+01,0.000000e+00
7.155000e+01,0.000000e+00
7.165000e+01,0.000000e+00
7.175000e+01,0.000000e+00
7.185000e+01,0.000000e+00
7.195000e+01,0.000000e+00
7.205000e+01,0.000000e+00
7.215000e+01,0.000000e+00
7.225000e+01,0.000000e+00
7.235000e+01,0.000000e+00
7.245000e+01,0.000000e+00
7.255000e+01,0.000000e+00
7.265000e+01,0.000000e+00
7.275000e+01,0.000000e+00
7.285000e+01,0.000000e+00
7.295000e+01,0.000000e+00
7.305000e+01,1.000000e+00
7.315000e+01,1.000000e+00
7.325000e+01,0.000000e+00
7.335000e+01,0.000000e+00
7.345000e+01,0.000000e+00
7.355000e+01,0.000000e+00
7.365000e+01,0.000000e+00
7.375000e+01,1.000000e+00
7.385000e+01,0.000000e+00
7.395000e+01,0.000000e+00
7.405000e+01,0.000000e+00
7.415000e+01,0.000000e+00
7.425000e+01,0.000000e+00
7.435000e+01,0.000000e+00
7.445000e+01,0.000000e+00
7.455000e+01,1.000000e+00
7.465000e+01,0.000000e+00
7.475000e+01,0.000000e+00
7.485000e+01,0.000000e+00
7.495000e+01,0.000000e+00
7.505000e+01,0.000000e+00
7.515000e+01,1.000000e+00
7.525000e+01,0.000000e+00
7.535000e+01,1.000000e+00
7.545000e+01,0.000000e+00
7.555000e+01,0.000000e+00
7.565000e+01,1.000000e+00
7.575000e+01,0.000000e+00
7.585000e+01,0.000000e+00
7.595000e+01,0.000000e+00
7.605000e+01,0.000000e+00
7.615000e+01,0.000000e+00
7.625000e+01,0.000000e+00
7.635000e+01,0.000000e+00
7.645000e+01,0.000000e+00
7.655000e+01,0.000000e+00
7.665000e+01,0.000000e+00
7.675000e+01,0.000000e+00
7.685000e+01,0.000000e+00
7.695000e+01,0.000000e+00
7.705000e+01,0.000000e+00
7.715000e+01,0.000000e+00
7.725000e+01,1.000000e+00
7.735000e+01,0.000000e+00
7.745000e+01,0.000000e+00
7.755000e+01,0.000000e+00
7.765000e+01,0.000000e+00
7.775000e+01,0.000000e+00
7.785000e+01,0.000000e+00
7.795000e+01,0.000000e+00
7.805000e+01,0.000000e+00
7.815000e+01,0.000000e+00
7.825000e+01,0.000000e+00
7.835000e+01,0.000000e+00
7.845000e+01,0.000000e+00
7.855000e+01,0.000000e+00
7.865000e+01,1.000000e+00
7.875000e+01,0.000000e+00
7.885000e+01,0.000000e+00
7.895000e+01,0.000000e+00
7.905000e+01,0.000000e+00
7.915000e+01,0.000000e+00
7.925000e+01,0.000000e+00
7.935000e+01,0.000000e+00
7.945000e+01,0.000000e+00
7.955000e+01,0.000000e+00
7.965000e+01,0.000000e+00
7.975000e+01,1.000000e+00
7.985000e+01,0.000000e+00
7.995000e+01,0.000000e+00
8.005000e+01,0.000000e+00
8.015000e+01,0.000000e+00
8.025000e+01,0.000000e+00
8.035000e+01,0.000000e+00
8.045000e+01,0.000000e+00
8.055000e+01,0.000000e+00
8.065000e+01,0.000000e+00
8.075000e+01,0.000000e+00
8.085000e+01,0.000000e+00
8.095000e+01,0.000000e+00
8.105000e+01,0.000000e+00
8.115000e+01,0.000000e+00
8.125000e+01,0.000000e+00
8.135000e+01,0.000000e+00
8.145000e+01,0.000000e+00
8.155000e+01,0.000000e+00
8.165000e+01,0.000000e+00
8.175000e+01,0.000000e+00
8.185000e+01,0.000000e+00
8.195000e+01,0.000000e+00
8.205000e+01,0.000000e+00
8.215000e+01,0.000000e+00
8.225000e+01,0.000000e+00
8.235000e+01,0.000000e+00
8.245000e+01,0.000000e+00
8.255000e+01,1.000000e+00
8.265000e+01,0.000000e+00
8.275000e+01,0.000000e+00
8.285000e+01,0.000000e+00
8.295000e+01,0.000000e+00
8.305000e+01,0.000000e+00
8.315000e+01,0.000000e+00
8.325000e+01,0.000000e+00
8.335000e+01,0.000000e+00
8.345000e+01,0.000000e+00
8.355000e+01,0.000000e+00
8.365000e+01,0.000000e+00
8.375000e+01,0.000000e+00
8.385000e+01,0.000000e+00
8.395000e+01,0.000000e+00
8.405000e+01,0.000000e+00
8.415000e+01,0.000000e+00
8.425000e+01,0.000000e+00
8.435000e+01,0.000000e+00
8.445000e+01,0.000000e+00
8.455000e+01,0.000000e+00
8.465000e+01,0.000000e+00
8.475000e+01,0.000000e+00
8.485000e+01,0.000000e+00
8.495000e+01,0.000000e+00
8.505000e+01,0.000000e+00
8.515000e+01,0.000000e+00
8.525000e+01,0.000000e+00
8.535000e+01,0.000000e+00
8.545000e+01,0.000000e+00
8.555000e+01,0.000000e+00
8.565000e+01,0.000000e+00
8.575000e+01,0.000000e+00
8.585000e+01,0.000000e+00
8.595000e+01,0.000000e+00
8.605000e+01,0.000000e+00
8.615000e+01,0.000000e+00
8.625000e+01,0.000000e+00
8.635000e+01,0.000000e+00
8.645000e+01,0.000000e+00
8.655000e+01,0.000000e+00
8.665000e+01,0.000000e+00
8.675000e+01,0.000000e+00
8.685000e+01,0.000000e+00
8.695000e+01,0.000000e+00
8.705000e+01,0.000000e+00
8.715000e+01,1.000000e+00
8.725000e+01,0.000000e+00
8.735000e+01,0.000000e+00
8.745000e+01,0.000000e+00
8.755000e+01,0.000000e+00
8.765000e+01,0.000000e+00
8.775000e+01,0.000000e+00
8.785000e+01,0.000000e+00
8.795000e+01,0.000000e+00
8.805000e+01,0.000000e+00
8.815000e+01,0.000000e+00
8.825000e+01,0.000000e+00
8.835000e+01,0.000000e+00
8.845000e+01,0.000000e+00
8.855000e+01,0.000000e+00
8.865000e+01,0.000000e+00
8.875000e+01,0.000000e+00
8.885000e+01,0.000000e+00
8.895000e+01,0.000000e+00
8.905000e+01,0.000000e+00
8.915000e+01,0.000000e+00
8.925000e+01,0.000000e+00
8.935000e+01,0.000000e+00
8.945000e+01,0.000000e+00
8.955000e+01,0.000000e+00
8.965000e+01,1.000000e+00
8.975000e+01,0.000000e+00
8.985000e+01,0.000000e+00
8.995000e+01,0.000000e+00
9.005000e+01,0.000000e+00
9.015000e+01,0.000000e+00
9.025000e+01,0.000000e+00
9.035000e+01,0.000000e+00
9.045000e+01,0.000000e+00
9.055000e+01,0.000000e+00
9.065000e+01,0.000000e+00
9.075000e+01,1.000000e+00
9.085000e+01,1.000000e+00
9.095000e+01,0.000000e+00
9.105000e+01,0.000000e+00
9.115000e+01,0.000000e+00
9.125000e+01,0.000000e+00
9.135000e+01,1.000000e+00
9.145000e+01,0.000000e+00
9.155000e+01,0.000000e+00
9.165000e+01,0.000000e+00
9.175000e+01,0.000000e+00
9.185000e+01,1.000000e+00
9.195000e+01,0.000000e+00
9.205000e+01,0.000000e+00
9.215000e+01,0.000000e+00
9.225000e+01,0.000000e+00
9.235000e+01,0.000000e+00
9.245000e+01,1.000000e+00
9.255000e+01,0.000000e+00
9.265000e+01,0.000000e+00
9.275000e+01,0.000000e+00
9.285000e+01,0.000000e+00
9.295000e+01,0.000000e+00
9.305000e+01,0.000000e+00
9.315000e+01,0.000000e+00
9.325000e+01,0.000000e+00
9.335000e+01,0.000000e+00
9.345000e+01,0.000000e+00
9.355000e+01,0.000000e+00
9.365000e+01,0.000000e+00
9.375000e+01,0.000000e+00
9.385000e+01,0.000000e+00
9.395000e+01,0.000000e+00
9.405000e+01,0.000000e+00
9.415000e+01,0.000000e+00
9.425000e+01,0.000000e+00
9.435000e+01,0.000000e+00
9.445000e+01,0.000000e+00
9.455000e+01,1.000000e+00
9.465000e+01,0.000000e+00
9.475000e+01,0.000000e+00
9.485000e+01,0.000000e+00
9.495000e+01,0.000000e+00
9.505000e+01,0.000000e+00
9.515000e+01,0.000000e+00
9.525000e+01,0.000000e+00
9.535000e+01,0.000000e+00
9.545000e+01,0.000000e+00
9.555000e+01,0.000000e+00
9.565000e+01,0.000000e+00
9.575000e+01,0.000000e+00
9.585000e+01,0.000000e+00
9.595000e+01,0.000000e+00
9.605000e+01,0.000000e+00
9.615000e+01,0.000000e+00
9.625000e+01,1.000000e+00
9.635000e+01,0.000000e+00
9.645000e+01,0.000000e+00
9.655000e+01,0.000000e+00
9.665000e+01,0.000000e+00
9.675000e+01,0.000000e+00
9.685000e+01,0.000000e+00
9.695000e+01,0.000000e+00
9.705000e+01,0.000000e+00
9.715000e+01,0.000000e+00
9.725000e+01,0.000000e+00
9.735000e+01,0.000000e+00
9.745000e+01,0.000000e+00
9.755000e+01,0.000000e+00
9.765000e+01,0.000000e+00
9.775000e+01,0.000000e+00
9.785000e+01,0.000000e+00
9.795000e+01,1.000000e+00
9.805000e+01,0.000000e+00
9.815000e+01,0.000000e+00
9.825000e+01,0.000000e+00
9.835000e+01,0.000000e+00
9.845000e+01,0.000000e+00
9.855000e+01,0.000000e+00
9.865000e+01,0.000000e+00
9.875000e+01,0.000000e+00
9.885000e+01,0.000000e+00
9.895000e+01,0.000000e+00
9.905000e+01,0.000000e+00
9.915000e+01,0.000000e+00
9.925000e+01,0.000000e+00
9.935000e+01,0.000000e+00
9.945000e+01,0.000000e+00
9.955000e+01,1.000000e+00
9.965000e+01,0.000000e+00
9.975000e+01,0.000000e+00
9.985000e+01,0.000000e+00
9.995000e+01,0.000000e+00
1.000500e+02,0.000000e+00
1.001500e+02,0.000000e+00
1.002500e+02,0.000000e+00
1.003500e+02,0.000000e+00
1.004500e+02,0.000000e+00
1.005500e+02,0.000000e+00
1.006500e+02,0.000000e+00
1.007500e+02,1.000000e+00
1.008500e+02,0.000000e+00
1.009500e+02,0.000000e+00
1.010500e+02,0.000000e+00
1.011500e+02,0.000000e+00
1.012500e+02,0.000000e+00
1.013500e+02,0.000000e+00
1.014500e+02,0.000000e+00
1.015500e+02,0.000000e+00
1.016500e+02,0.000000e+00
1.017500e+02,0.000000e+00
1.018500e+02,0.000000e+00
1.019500e+02,0.000000e+00
1.020500e+02,0.000000e+00
1.021500e+02,0.000000e+00
1.022500e+02,0.000000e+00
1.023500e+02,0.000000e+00
1.024500e+02,0.000000e+00
1.025500e+02,0.000000e+00
1.026500e+02,0.000000e+00
1.027500e+02,0.000000e+00
1.028500e+02,0.000000e+00
1.029500e+02,0.000000e+00
1.030500e+02,0.000000e+00
1.031500e+02,0.000000e+00
1.032500e+02,0.000000e+00
1.033500e+02,0.000000e+00
1.034500e+02,1.000000e+00
1.035500e+02,1.000000e+00
1.036500e+02,0.000000e+00
1.037500e+02,0.000000e+00
1.038500e+02,0.000000e+00
1.039500e+02,0.000000e+00
1.040500e+02,0.000000e+00
1.041500e+02,0.000000e+00
1.042500e+02,0.000000e+00
1.043500e+02,1.000000e+00
1.044500e+02,0.000000e+00
1.045500e+02,0.000000e+00
1.046500e+02,0.000000e+00
1.047500e+02,0.000000e+00
1.048500e+02,0.000000e+00
1.049500e+02,0.000000e+00
1.050500e+02,0.000000e+00
1.051500e+02,0.000000e+00
1.052500e+02,0.000000e+00
1.053500e+02,0.000000e+00
1.054500e+02,0.000000e+00
1.055500e+02,0.000000e+00
1.056500e+02,0.000000e+00
1.057500e+02,0.000000e+00
1.058500e+02,0.000000e+00
1.059500e+02,0.000000e+00
1.060500e+02,0.000000e+00
1.061500e+02,0.000000e+00
1.062500e+02,0.000000e+00
1.063500e+02,0.000000e+00
1.064500e+02,0.000000e+00
1.065500e+02,0.000000e+00
1.066500e+02,0.000000e+00
1.067500e+02,0.000000e+00
1.068500e+02,0.000000e+00
1.069500e+02,0.000000e+00
1.070500e+02,0.000000e+00
1.071500e+02,0.000000e+00
1.072500e+02,0.000000e+00
1.073500e+02,0.000000e+00
1.074500e+02,0.000000e+00
1.075500e+02,1.000000e+00
1.076500e+02,0.000000e+00
1.077500e+02,0.000000e+00
1.078500e+02,0.000000e+00
1.079500e+02,0.000000e+00
1.080500e+02,0.000000e+00
1.081500e+02,0.000000e+00
1.082500e+02,0.000000e+00
1.083500e+02,0.000000e+00
1.084500e+02,0.000000e+00
1.085500e+02,0.000000e+00
1.086500e+02,0.000000e+00
1.087500e+02,1.000000e+00
1.088500e+02,0.000000e+00
1.089500e+02,0.000000e+00
1.090500e+02,0.000000e+00
1.091500e+02,0.000000e+00
1.092500e+02,0.000000e+00
1.093500e+02,0.000000e+00
1.094500e+02,0.000000e+00
1.095500e+02,0.000000e+00
1.096500e+02,0.000000e+00
1.097500e+02,0.000000e+00
1.098500e+02,1.000000e+00
1.099500e+02,0.000000e+00
1.100500e+02,0.000000e+00
1.101500e+02,0.000000e+00
1.102500e+02,0.000000e+00
1.103500e+02,0.000000e+00
1.104500e+02,0.000000e+00
1.105500e+02,0.000000e+00
1.106500e+02,0.000000e+00
1.107500e+02,0.000000e+00
1.108500e+02,0.000000e+00
1.109500e+02,0.000000e+00
1.110500e+02,0.000000e+00
1.111500e+02,0.000000e+00
1.112500e+02,0.000000e+00
1.113500e+02,0.000000e+00
1.114500e+02,0.000000e+00
1.115500e+02,0.000000e+00
1.116500e+02,0.000000e+00
1.117500e+02,0.000000e+00
1.118500e+02,0.000000e+00
1.119500e+02,0.000000e+00
1.120500e+02,0.000000e+00
1.121500e+02,0.000000e+00
1.122500e+02,0.000000e+00
1.123500e+02,0.000000e+00
1.124500e+02,0.000000e+00
1.125500e+02,0.000000e+00
1.126500e+02,0.000000e+00
1.127500e+02,0.000000e+00
1.128500e+02,0.000000e+00
1.129500e+02,0.000000e+00
1.130500e+02,0.000000e+00
1.131500e+02,0.000000e+00
1.132500e+02,0.000000e+00
1.133500e+02,0.000000e+00
1.134500e+02,0.000000e+00
1.135500e+02,0.000000e+00
1.136500e+02,0.000000e+00
1.137500e+02,0.000000e+00
1.138500e+02,0.000000e+00
1.139500e+02,0.000000e+00
1.140500e+02,0.000000e+00
1.141500e+02,0.000000e+00
1.142500e+02,0.000000e+00
1.143500e+02,0.000000e+00
1.144500e+02,0.000000e+00
1.145500e+02,0.000000e+00
1.146500e+02,0.000000e+00
1.147500e+02,0.000000e+00
1.148500e+02,0.000000e+00
1.149500e+02,0.000000e+00
1.150500e+02,0.000000e+00
1.151500e+02,0.000000e+00
1.152500e+02,1.000000e+00
1.153500e+02,0.000000e+00
1.154500e+02,0.000000e+00
1.155500e+02,0.000000e+00
1.156500e+02,0.000000e+00
1.157500e+02,0.000000e+00
1.158500e+02,0.000000e+00
1.159500e+02,0.000000e+00
1.160500e+02,0.000000e+00
1.161500e+02,0.000000e+00
1.162500e+02,0.000000e+00
1.163500e+02,0.000000e+00
1.164500e+02,0.000000e+00
1.165500e+02,0.000000e+00
1.166500e+02,0.000000e+00
1.167500e+02,0.000000e+00
1.168500e+02,0.000000e+00
1.169500e+02,0.000000e+00
1.170500e+02,0.000000e+00
1.171500e+02,0.000000e+00
1.172500e+02,0.000000e+00
1.173500e+02,0.000000e+00
1.174500e+02,0.000000e+00
1.175500e+02,0.000000e+00
1.176500e+02,0.000000e+00
1.177500e+02,0.000000e+00
1.178500e+02,0.000000e+00
1.179500e+02,0.000000e+00
1.180500e+02,1.000000e+00
1.181500e+02,0.000000e+00
1.182500e+02,0.000000e+00
1.183500e+02,0.000000e+00
1.184500e+02,0.000000e+00
1.185500e+02,0.000000e+00
1.186500e+02,0.000000e+00
1.187500e+02,0.000000e+00
1.188500e+02,0.000000e+00
1.189500e+02,0.000000e+00
1.190500e+02,0.000000e+00
1.191500e+02,0.000000e+00
1.192500e+02,0.000000e+00
1.193500e+02,0.000000e+00
1.194500e+02,0.000000e+00
1.195500e+02,0.000000e+00
1.196500e+02,0.000000e+00
1.197500e+02,0.000000e+00
1.198500e+02,0.000000e+00
1.199500e+02,0.000000e+00
1.200500e+02,0.000000e+00
1.201500e+02,0.000000e+00
1.202500e+02,0.000000e+00
1.203500e+02,0.000000e+00
1.204500e+02,0.000000e+00
1.205500e+02,0.000000e+00
1.206500e+02,1.000000e+00
1.207500e+02,0.000000e+00
1.208500e+02,0.000000e+00
1.209500e+02,0.000000e+00
1.210500e+02,0.000000e+00
1.211500e+02,0.000000e+00
1.212500e+02,0.000000e+00
1.213500e+02,0.000000e+00
1.214500e+02,0.000000e+00
1.215500e+02,0.000000e+00
1.216500e+02,0.000000e+00
1.217500e+02,0.000000e+00
1.218500e+02,0.000000e+00
1.219500e+02,0.000000e+00
1.220500e+02,1.000000e+00
1.221500e+02,0.000000e+00
1.222500e+02,0.000000e+00
1.223500e+02,0.000000e+00
1.224500e+02,0.000000e+00
1.225500e+02,0.000000e+00
1.226500e+02,0.000000e+00
1.227500e+02,0.000000e+00
1.228500e+02,0.000000e+00
1.229500e+02,0.000000e+00
1.230500e+02,0.000000e+00
1.231500e+02,0.000000e+00
1.232500e+02,0.000000e+00
1.233500e+02,0.000000e+00
1.234500e+02,0.000000e+00
1.235500e+02,0.000000e+00
1.236500e+02,0.000000e+00
1.237500e+02,0.000000e+00
1.238500e+02,0.000000e+00
1.239500e+02,0.000000e+00
1.240500e+02,0.000000e+00
1.241500e+02,0.000000e+00
1.242500e+02,0.000000e+00
1.243500e+02,0.000000e+00
1.244500e+02,0.000000e+00
1.245500e+02,0.000000e+00
1.246500e+02,0.000000e+00
1.247500e+02,0.000000e+00
1.248500e+02,0.000000e+00
1.249500e+02,0.000000e+00
1.250500e+02,0.000000e+00
1.251500e+02,0.000000e+00
1.252500e+02,0.000000e+00
1.253500e+02,0.000000e+00
1.254500e+02,0.000000e+00
1.255500e+02,0.000000e+00
1.256500e+02,0.000000e+00
1.257500e+02,0.000000e+00
1.258500e+02,0.000000e+00
1.259500e+02,0.000000e+00
1.260500e+02,0.000000e+00
1.261500e+02,0.000000e+00
1.262500e+02,0.000000e+00
1.263500e+02,0.000000e+00
1.264500e+02,0.000000e+00
1.265500e+02,0.000000e+00
1.266500e+02,1.000000e+00
1.267500e+02,0.000000e+00
1.268500e+02,0.000000e+00
1.269500e+02,0.000000e+00
1.270500e+02,0.000000e+00
1.271500e+02,0.000000e+00
1.272500e+02,0.000000e+00
1.273500e+02,0.000000e+00
1.274500e+02,0.000000e+00
1.275500e+02,0.000000e+00
1.276500e+02,0.000000e+00
1.277500e+02,0.000000e+00
1.278500e+02,0.000000e+00
1.279500e+02,0.000000e+00
1.280500e+02,0.000000e+00
1.281500e+02,0.000000e+00
1.282500e+02,0.000000e+00
1.283500e+02,0.000000e+00
1.284500e+02,0.000000e+00
1.285500e+02,0.000000e+00
1.286500e+02,0.000000e+00
1.287500e+02,0.000000e+00
1.288500e+02,0.000000e+00
1.289500e+02,0.000000e+00
1.290500e+02,0.000000e+00
1.291500e+02,0.000000e+00
1.292500e+02,0.000000e+00
1.293500e+02,0.000000e+00
1.294500e+02,0.000000e+00
1.295500e+02,0.000000e+00
1.296500e+02,0.000000e+00
1.297500e+02,0.000000e+00
1.298500e+02,0.000000e+00
1.299500e+02,0.000000e+00
1.300500e+02,0.000000e+00
1.301500e+02,0.000000e+00
1.302500e+02,0.000000e+00
1.303500e+02,0.000000e+00
1.304500e+02,0.000000e+00
1.305500e+02,0.000000e+00
1.306500e+02,0.000000e+00
1.307500e+02,0.000000e+00
1.308500e+02,0.000000e+00
1.309500e+02,0.000000e+00
1.310500e+02,0.000000e+00
1.311500e+02,0.000000e+00
1.312500e+02,0.000000e+00
1.313500e+02,0.000000e+00
1.314500e+02,0.000000e+00
1.315500e+02,0.000000e+00
1.316500e+02,0.000000e+00
1.317500e+02,0.000000e+00
1.318500e+02,0.000000e+00
1.319500e+02,0.000000e+00
1.320500e+02,0.000000e+00
1.321500e+02,0.000000e+00
1.322500e+02,0.000000e+00
1.323500e+02,0.000000e+00
1.324500e+02,0.000000e+00
1.325500e+02,0.000000e+00
1.326500e+02,0.000000e+00
1.327500e+02,0.000000e+00
1.328500e+02,0.000000e+00
1.329500e+02,0.000000e+00
1.330500e+02,0.000000e+00
1.331500e+02,0.000000e+00
1.332500e+02,0.000000e+00
1.333500e+02,0.000000e+00
1.334500e+02,0.000000e+00
1.335500e+02,0.000000e+00
1.336500e+02,0.000000e+00
1.337500e+02,0.000000e+00
1.338500e+02,0.000000e+00
1.339500e+02,0.000000e+00
1.340500e+02,0.000000e+00
1.341500e+02,0.000000e+00
1.342500e+02,0.000000e+00
1.343500e+02,0.000000e+00
1.344500e+02,0.000000e+00
1.345500e+02,0.000000e+00
1.346500e+02,0.000000e+00
1.347500e+02,0.000000e+00
1.348500e+02,0.000000e+00
1.349500e+02,0.000000e+00
1.350500e+02,0.000000e+00
1.351500e+02,0.000000e+00
1.352500e+02,0.000000e+00
1.353500e+02,0.000000e+00
1.354500e+02,0.000000e+00
1.355500e+02,0.000000e+00
1.356500e+02,0.000000e+00
1.357500e+02,0.000000e+00
1.358500e+02,0.000000e+00
1.359500e+02,0.000000e+00
1.360500e+02,0.000000e+00
1.361500e+02,0.000000e+00
1.362500e+02,1.000000e+00
1.363500e+02,0.000000e+00
1.364500e+02,0.000000e+00
1.365500e+02,0.000000e+00
1.366500e+02,0.000000e+00
1.367500e+02,0.000000e+00
1.368500e+02,0.000000e+00
1.369500e+02,0.000000e+00
1.370500e+02,0.000000e+00
1.371500e+02,0.000000e+00
1.372500e+02,0.000000e+00
1.373500e+02,0.000000e+00
1.374500e+02,0.000000e+00
1.375500e+02,0.000000e+00
1.376500e+02,0.000000e+00
1.377500e+02,0.000000e+00
1.378500e+02,0.000000e+00
1.379500e+02,0.000000e+00
1.380500e+02,0.000000e+00
1.381500e+02,0.000000e+00
1.382500e+02,0.000000e+00
1.383500e+02,0.000000e+00
1.384500e+02,0.000000e+00
1.385500e+02,0.000000e+00
1.386500e+02,0.000000e+00
1.387500e+02,0.000000e+00
1.388500e+02,0.000000e+00
1.389500e+02,0.000000e+00
1.390500e+02,0.000000e+00
1.391500e+02,0.000000e+00
1.392500e+02,0.000000e+00
1.393500e+02,0.000000e+00
1.394500e+02,0.000000e+00
1.395500e+02,0.000000e+00
1.396500e+02,0.000000e+00
1.397500e+02,0.000000e+00
1.398500e+02,0.000000e+00
1.399500e+02,0.000000e+00
1.400500e+02,0.000000e+00
1.401500e+02,0.000000e+00
1.402500e+02,0.000000e+00
1.403500e+02,0.000000e+00
1.404500e+02,0.000000e+00
1.405500e+02,0.000000e+00
1.406500e+02,0.000000e+00
1.407500e+02,0.000000e+00
1.408500e+02,0.000000e+00
1.409500e+02,0.000000e+00
1.410500e+02,0.000000e+00
1.411500e+02,0.000000e+00
1.412500e+02,0.000000e+00
1.413500e+02,1.000000e+00
1.414500e+02,0.000000e+00
1.415500e+02,0.000000e+00
1.416500e+02,0.000000e+00
1.417500e+02,0.000000e+00
1.418500e+02,0.000000e+00
1.419500e+02,0.000000e+00
1.420500e+02,0.000000e+00
1.421500e+02,0.000000e+00
1.422500e+02,0.000000e+00
1.423500e+02,0.000000e+00
1.424500e+02,0.000000e+00
1.425500e+02,0.000000e+00
1.426500e+02,0.000000e+00
1.427500e+02,0.000000e+00
1.428500e+02,0.000000e+00
1.429500e+02,0.000000e+00
1.430500e+02,0.000000e+00
1.431500e+02,0.000000e+00
1.432500e+02,1.000000e+00
1.433500e+02,0.000000e+00
1.434500e+02,0.000000e+00
1.435500e+02,0.000000e+00
1.436500e+02,0.000000e+00
1.437500e+02,0.000000e+00
1.438500e+02,0.000000e+00
1.439500e+02,0.000000e+00
1.440500e+02,0.000000e+00
1.441500e+02,0.000000e+00
1.442500e+02,0.000000e+00
1.443500e+02,0.000000e+00
1.444500e+02,0.000000e+00
1.445500e+02,0.000000e+00
1.446500e+02,0.000000e+00
1.447500e+02,0.000000e+00
1.448500e+02,0.000000e+00
1.449500e+02,0.000000e+00
1.450500e+02,0.000000e+00
1.451500e+02,0.000000e+00
1.452500e+02,0.000000e+00
1.453500e+02,0.000000e+00
1.454500e+02,0.000000e+00
1.455500e+02,0.000000e+00
1.456500e+02,0.000000e+00
1.457500e+02,0.000000e+00
1.458500e+02,0.000000e+00
1.459500e+02,0.000000e+00
1.460500e+02,0.000000e+00
1.461500e+02,0.000000e+00
1.462500e+02,0.000000e+00
1.463500e+02,0.000000e+00
1.464500e+02,0.000000e+00
1.465500e+02,0.000000e+00
1.466500e+02,0.000000e+00
1.467500e+02,0.000000e+00
1.468500e+02,0.000000e+00
1.469500e+02,0.000000e+00
1.470500e+02,0.000000e+00
1.471500e+02,0.000000e+00
1.472500e+02,0.000000e+00
1.473500e+02,0.000000e+00
1.474500e+02,0.000000e+00
1.475500e+02,0.000000e+00
1.476500e+02,0.000000e+00
1.477500e+02,1.000000e+00
1.478500e+02,0.000000e+00
1.479500e+02,0.000000e+00
1.480500e+02,0.000000e+00
1.481500e+02,0.000000e+00
1.482500e+02,0.000000e+00
1.483500e+02,0.000000e+00
1.484500e+02,0.000000e+00
1.485500e+02,0.000000e+00
1.486500e+02,0.000000e+00
1.487500e+02,0.000000e+00
1.488500e+02,0.000000e+00
1.489500e+02,0.000000e+00
1.490500e+02,0.000000e+00
1.491500e+02,0.000000e+00
1.492500e+02,0.000000e+00
1.493500e+02,0.000000e+00
1.494500e+02,0.000000e+00
1.495500e+02,0.000000e+00
1.496500e+02,0.000000e+00
1.497500e+02,0.000000e+00
1.498500e+02,0.000000e+00
1.499500e+02,0.000000e+00
1.500500e+02,0.000000e+00
1.501500e+02,0.000000e+00
1.502500e+02,0.000000e+00
1.503500e+02,0.000000e+00
1.504500e+02,0.000000e+00
1.505500e+02,0.000000e+00
1.506500e+02,0.000000e+00
1.507500e+02,0.000000e+00
1.508500e+02,0.000000e+00
1.509500e+02,0.000000e+00
1.510500e+02,1.000000e+00
1.511500e+02,0.000000e+00
1.512500e+02,0.000000e+00
1.513500e+02,0.000000e+00
1.514500e+02,0.000000e+00
1.515500e+02,0.000000e+00
1.516500e+02,0.000000e+00
1.517500e+02,0.000000e+00
1.518500e+02,0.000000e+00
1.519500e+02,0.000000e+00
1.520500e+02,0.000000e+00
1.521500e+02,0.000000e+00
1.522500e+02,0.000000e+00
1.523500e+02,0.000000e+00
1.524500e+02,0.000000e+00
1.525500e+02,0.000000e+00
1.526500e+02,0.000000e+00
1.527500e+02,0.000000e+00
1.528500e+02,0.000000e+00
1.529500e+02,0.000000e+00
1.530500e+02,0.000000e+00
1.531500e+02,0.000000e+00
1.532500e+02,0.000000e+00
1.533500e+02,0.000000e+00
1.534500e+02,0.000000e+00
1.535500e+02,0.000000e+00
1.536500e+02,0.000000e+00
1.537500e+02,0.000000e+00
1.538500e+02,0.000000e+00
1.539500e+02,0.000000e+00
1.540500e+02,0.000000e+00
1.541500e+02,0.000000e+00
1.542500e+02,0.000000e+00
1.543500e+02,0.000000e+00
1.544500e+02,0.000000e+00
1.545500e+02,0.000000e+00
1.546500e+02,0.000000e+00
1.547500e+02,0.000000e+00
1.548500e+02,0.000000e+00
1.549500e+02,0.000000e+00
1.550500e+02,0.000000e+00
1.551500e+02,0.000000e+00
1.552500e+02,0.000000e+00
1.553500e+02,0.000000e+00
1.554500e+02,0.000000e+00
1.555500e+02,0.000000e+00
1.556500e+02,0.000000e+00
1.557500e+02,0.000000e+00
1.558500e+02,0.000000e+00
1.559500e+02,0.000000e+00
1.560500e+02,0.000000e+00
1.561500e+02,0.000000e+00
1.562500e+02,0.000000e+00
1.563500e+02,0.000000e+00
1.564500e+02,0.000000e+00
1.565500e+02,0.000000e+00
1.566500e+02,0.000000e+00
1.567500e+02,0.000000e+00
1.568500e+02,0.000000e+00
1.569500e+02,0.000000e+00
1.570500e+02,0.000000e+00
1.571500e+02,0.000000e+00
1.572500e+02,0.000000e+00
1.573500e+02,0.000000e+00
1.574500e+02,0.000000e+00
1.575500e+02,0.000000e+00
1.576500e+02,0.000000e+00
1.577500e+02,0.000000e+00
1.578500e+02,0.000000e+00
1.579500e+02,0.000000e+00
1.580500e+02,0.000000e+00
1.581500e+02,0.000000e+00
1.582500e+02,0.000000e+00
1.583500e+02,0.000000e+00
1.584500e+02,0.000000e+00
1.585500e+02,0.000000e+00
1.586500e+02,0.000000e+00
1.587500e+02,0.000000e+00
1.588500e+02,0.000000e+00
1.589500e+02,0.000000e+00
1.590500e+02,0.000000e+00
1.591500e+02,0.000000e+00
1.592500e+02,0.000000e+00
1.593500e+02,0.000000e+00
1.594500e+02,0.000000e+00
1.595500e+02,0.000000e+00
1.596500e+02,0.000000e+00
1.597500e+02,0.000000e+00
1.598500e+02,0.000000e+00
1.599500e+02,0.000000e+00
1.600500e+02,0.000000e+00
1.601500e+02,0.000000e+00
1.602500e+02,0.000000e+00
1.603500e+02,0.000000e+00
1.604500e+02,0.000000e+00
1.605500e+02,0.000000e+00
1.606500e+02,0.000000e+00
1.607500e+02,0.000000e+00
1.608500e+02,0.000000e+00
1.609500e+02,0.000000e+00
1.610500e+02,0.000000e+00
1.611500e+02,0.000000e+00
1.612500e+02,0.000000e+00
1.613500e+02,0.000000e+00
1.614500e+02,0.000000e+00
1.615500e+02,0.000000e+00
1.616500e+02,0.000000e+00
1.617500e+02,0.000000e+00
1.618500e+02,0.000000e+00
1.619500e+02,0.000000e+00
1.620500e+02,0.000000e+00
1.621500e+02,0.000000e+00
1.622500e+02,0.000000e+00
1.623500e+02,0.000000e+00
1.624500e+02,0.000000e+00
1.625500e+02,0.000000e+00
1.626500e+02,0.000000e+00
1.627500e+02,0.000000e+00
1.628500e+02,0.000000e+00
1.629500e+02,0.000000e+00
1.630500e+02,0.000000e+00
1.631500e+02,0.000000e+00
1.632500e+02,0.000000e+00
1.633500e+02,0.000000e+00
1.634500e+02,0.000000e+00
1.635500e+02,0.000000e+00
1.636500e+02,0.000000e+00
1.637500e+02,0.000000e+00
1.638500e+02,0.000000e+00
1.639500e+02,0.000000e+00
1.640500e+02,0.000000e+00
1.641500e+02,0.000000e+00
1.642500e+02,0.000000e+00
1.643500e+02,1.000000e+00
1.644500e+02,0.000000e+00
1.645500e+02,0.000000e+00
1.646500e+02,0.000000e+00
1.647500e+02,0.000000e+00
1.648500e+02,0.000000e+00
1.649500e+02,0.000000e+00
1.650500e+02,0.000000e+00
1.651500e+02,0.000000e+00
1.652500e+02,0.000000e+00
1.653500e+02,0.000000e+00
1.654500e+02,0.000000e+00
1.655500e+02,0.000000e+00
1.656500e+02,0.000000e+00
1.657500e+02,0.000000e+00
1.658500e+02,0.000000e+00
1.659500e+02,0.000000e+00
1.660500e+02,0.000000e+00
1.661500e+02,0.000000e+00
1.662500e+02,0.000000e+00
1.663500e+02,0.000000e+00
1.664500e+02,0.000000e+00
1.665500e+02,0.000000e+00
1.666500e+02,0.000000e+00
1.667500e+02,0.000000e+00
1.668500e+02,0.000000e+00
1.669500e+02,0.000000e+00
1.670500e+02,0.000000e+00
1.671500e+02,0.000000e+00
1.672500e+02,0.000000e+00
1.673500e+02,0.000000e+00
1.674500e+02,0.000000e+00
1.675500e+02,0.000000e+00
1.676500e+02,0.000000e+00
1.677500e+02,0.000000e+00
1.678500e+02,0.000000e+00
1.679500e+02,0.000000e+00
1.680500e+02,0.000000e+00
1.681500e+02,0.000000e+00
1.682500e+02,0.000000e+00
1.683500e+02,0.000000e+00
1.684500e+02,0.000000e+00
1.685500e+02,0.000000e+00
1.686500e+02,0.000000e+00
1.687500e+02,0.000000e+00
1.688500e+02,0.000000e+00
1.689500e+02,0.000000e+00
1.690500e+02,0.000000e+00
1.691500e+02,0.000000e+00
1.692500e+02,0.000000e+00
1.693500e+02,0.000000e+00
1.694500e+02,0.000000e+00
1.695500e+02,0.000000e+00
1.696500e+02,0.000000e+00
1.697500e+02,0.000000e+00
1.698500e+02,0.000000e+00
1.699500e+02,0.000000e+00
1.700500e+02,0.000000e+00
1.701500e+02,0.000000e+00
1.702500e+02,0.000000e+00
1.703500e+02,0.000000e+00
1.704500e+02,0.000000e+00
1.705500e+02,0.000000e+00
1.706500e+02,0.000000e+00
1.707500e+02,0.000000e+00
1.708500e+02,0.000000e+00
1.709500e+02,0.000000e+00
1.710500e+02,0.000000e+00
1.711500e+02,0.000000e+00
1.712500e+02,0.000000e+00
1.713500e+02,0.000000e+00
1.714500e+02,0.000000e+00
1.715500e+02,0.000000e+00
1.716500e+02,0.000000e+00
1.717500e+02,0.000000e+00
1.718500e+02,0.000000e+00
1.719500e+02,0.000000e+00
1.720500e+02,0.000000e+00
1.721500e+02,0.000000e+00
1.722500e+02,0.000000e+00
1.723500e+02,0.000000e+00
1.724500e+02,0.000000e+00
1.725500e+02,0.000000e+00
1.726500e+02,0.000000e+00
1.727500e+02,0.000000e+00
1.728500e+02,0.000000e+00
1.729500e+02,0.000000e+00
1.730500e+02,0.000000e+00
1.731500e+02,0.000000e+00
1.732500e+02,0.000000e+00
1.733500e+02,0.000000e+00
1.734500e+02,0.000000e+00
1.735500e+02,0.000000e+00
1.736500e+02,0.000000e+00
1.737500e+02,0.000000e+00
1.738500e+02,0.000000e+00
1.739500e+02,0.000000e+00
1.740500e+02,0.000000e+00
1.741500e+02,0.000000e+00
1.742500e+02,0.000000e+00
1.743500e+02,0.000000e+00
1.744500e+02,0.000000e+00
1.745500e+02,0.000000e+00
1.746500e+02,0.000000e+00
1.747500e+02,0.000000e+00
1.748500e+02,0.000000e+00
1.749500e+02,0.000000e+00
1.750500e+02,0.000000e+00
1.751500e+02,0.000000e+00
1.752500e+02,0.000000e+00
1.753500e+02,0.000000e+00
1.754500e+02,0.000000e+00
1.755500e+02,0.000000e+00
1.756500e+02,0.000000e+00
1.757500e+02,0.000000e+00
1.758500e+02,0.000000e+00
1.759500e+02,0.000000e+00
1.760500e+02,0.000000e+00
1.761500e+02,0.000000e+00
1.762500e+02,0.000000e+00
1.763500e+02,0.000000e+00
1.764500e+02,0.000000e+00
1.765500e+02,0.000000e+00
1.766500e+02,0.000000e+00
1.767500e+02,0.000000e+00
1.768500e+02,0.000000e+00
1.769500e+02,0.000000e+00
1.770500e+02,0.000000e+00
1.771500e+02,0.000000e+00
1.772500e+02,0.000000e+00
1.773500e+02,0.000000e+00
1.774500e+02,0.000000e+00
1.775500e+02,0.000000e+00
1.776500e+02,0.000000e+00
1.777500e+02,0.000000e+00
1.778500e+02,0.000000e+00
1.779500e+02,0.000000e+00
1.780500e+02,0.000000e+00
1.781500e+02,0.000000e+00
1.782500e+02,0.000000e+00
1.783500e+02,0.000000e+00
1.784500e+02,0.000000e+00
1.785500e+02,0.000000e+00
1.786500e+02,0.000000e+00
1.787500e+02,0.000000e+00
1.788500e+02,0.000000e+00
1.789500e+02,0.000000e+00
1.790500e+02,0.000000e+00
1.791500e+02,0.000000e+00
1.792500e+02,0.000000e+00
1.793500e+02,0.000000e+00
1.794500e+02,0.000000e+00
1.795500e+02,0.000000e+00
1.796500e+02,0.000000e+00
1.797500e+02,0.000000e+00
1.798500e+02,0.000000e+00
1.799500e+02,0.000000e+00
1.800500e+02,0.000000e+00
1.801500e+02,0.000000e+00
1.802500e+02,0.000000e+00
1.803500e+02,0.000000e+00
1.804500e+02,0.000000e+00
1.805500e+02,0.000000e+00
1.806500e+02,0.000000e+00
1.807500e+02,0.000000e+00
1.808500e+02,0.000000e+00
1.809500e+02,0.000000e+00
1.810500e+02,0.000000e+00
1.811500e+02,0.000000e+00
1.812500e+02,0.000000e+00
1.813500e+02,0.000000e+00
1.814500e+02,0.000000e+00
1.815500e+02,0.000000e+00
1.816500e+02,0.000000e+00
1.817500e+02,0.000000e+00
1.818500e+02,0.000000e+00
1.819500e+02,0.000000e+00
1.820500e+02,0.000000e+00
1.821500e+02,0.000000e+00
1.822500e+02,0.000000e+00
1.823500e+02,0.000000e+00
1.824500e+02,0.000000e+00
1.825500e+02,0.000000e+00
1.826500e+02,0.000000e+00
1.827500e+02,0.000000e+00
1.828500e+02,0.000000e+00
1.829500e+02,0.000000e+00
1.830500e+02,0.000000e+00
1.831500e+02,0.000000e+00
1.832500e+02,0.000000e+00
1.833500e+02,0.000000e+00
1.834500e+02,0.000000e+00
1.835500e+02,0.000000e+00
1.836500e+02,0.000000e+00
1.837500e+02,0.000000e+00
1.838500e+02,0.000000e+00
1.839500e+02,0.000000e+00
1.840500e+02,0.000000e+00
1.841500e+02,0.000000e+00
1.842500e+02,0.000000e+00
1.843500e+02,0.000000e+00
1.844500e+02,0.000000e+00
1.845500e+02,0.000000e+00
1.846500e+02,0.000000e+00
1.847500e+02,0.000000e+00
1.848500e+02,0.000000e+00
1.849500e+02,0.000000e+00
1.850500e+02,0.000000e+00
1.851500e+02,0.000000e+00
1.852500e+02,0.000000e+00
1.853500e+02,0.000000e+00
1.854500e+02,0.000000e+00
1.855500e+02,0.000000e+00
1.856500e+02,0.000000e+00
1.857500e+02,0.000000e+00
1.858500e+02,0.000000e+00
1.859500e+02,0.000000e+00
1.860500e+02,0.000000e+00
1.861500e+02,0.000000e+00
1.862500e+02,0.000000e+00
1.863500e+02,0.000000e+00
1.864500e+02,0.000000e+00
1.865500e+02,0.000000e+00
1.866500e+02,0.000000e+00
1.867500e+02,0.000000e+00
1.868500e+02,0.000000e+00
1.869500e+02,0.000000e+00
1.870500e+02,0.000000e+00
1.871500e+02,0.000000e+00
1.872500e+02,0.000000e+00
1.873500e+02,0.000000e+00
1.874500e+02,0.000000e+00
1.875500e+02,0.000000e+00
1.876500e+02,0.000000e+00
1.877500e+02,0.000000e+00
1.878500e+02,0.000000e+00
1.879500e+02,0.000000e+00
1.880500e+02,0.000000e+00
1.881500e+02,0.000000e+00
1.882500e+02,0.000000e+00
1.883500e+02,0.000000e+00
1.884500e+02,0.000000e+00
1.885500e+02,0.000000e+00
1.886500e+02,0.000000e+00
1.887500e+02,0.000000e+00
1.888500e+02,0.000000e+00
1.889500e+02,0.000000e+00
1.890500e+02,0.000000e+00
1.891500e+02,0.000000e+00
1.892500e+02,0.000000e+00
1.893500e+02,0.000000e+00
1.894500e+02,0.000000e+00
1.895500e+02,0.000000e+00
1.896500e+02,0.000000e+00
1.897500e+02,0.000000e+00
1.898500e+02,0.000000e+00
1.899500e+02,0.000000e+00
1.900500e+02,0.000000e+00
1.901500e+02,0.000000e+00
1.902500e+02,0.000000e+00
1.903500e+02,0.000000e+00
1.904500e+02,0.000000e+00
1.905500e+02,0.000000e+00
1.906500e+02,0.000000e+00
1.907500e+02,0.000000e+00
1.908500e+02,0.000000e+00
1.909500e+02,0.000000e+00
1.910500e+02,0.000000e+00
1.911500e+02,0.000000e+00
1.912500e+02,0.000000e+00
1.913500e+02,0.000000e+00
1.914500e+02,0.000000e+00
1.915500e+02,0.000000e+00
1.916500e+02,0.000000e+00
1.917500e+02,0.000000e+00
1.918500e+02,0.000000e+00
1.919500e+02,0.000000e+00
1.920500e+02,0.000000e+00
1.921500e+02,0.000000e+00
1.922500e+02,0.000000e+00
1.923500e+02,0.000000e+00
1.924500e+02,0.000000e+00
1.925500e+02,0.000000e+00
1.926500e+02,0.000000e+00
1.927500e+02,0.000000e+00
1.928500e+02,0.000000e+00
1.929500e+02,0.000000e+00
1.930500e+02,0.000000e+00
1.931500e+02,0.000000e+00
1.932500e+02,0.000000e+00
1.933500e+02,0.000000e+00
1.934500e+02,0.000000e+00
1.935500e+02,0.000000e+00
1.936500e+02,0.000000e+00
1.937500e+02,0.000000e+00
1.938500e+02,0.000000e+00
1.939500e+02,0.000000e+00
1.940500e+02,0.000000e+00
1.941500e+02,0.000000e+00
1.942500e+02,0.000000e+00
1.943500e+02,0.000000e+00
1.944500e+02,0.000000e+00
1.945500e+02,0.000000e+00
1.946500e+02,0.000000e+00
1.947500e+02,0.000000e+00
1.948500e+02,0.000000e+00
1.949500e+02,1.000000e+00
1.950500e+02,0.000000e+00
1.951500e+02,0.000000e+00
1.952500e+02,0.000000e+00
1.953500e+02,0.000000e+00
1.954500e+02,0.000000e+00
1.955500e+02,0.000000e+00
1.956500e+02,0.000000e+00
1.957500e+02,0.000000e+00
1.958500e+02,0.000000e+00
1.959500e+02,0.000000e+00
1.960500e+02,0.000000e+00
1.961500e+02,0.000000e+00
1.962500e+02,0.000000e+00
1.963500e+02,0.000000e+00
1.964500e+02,0.000000e+00
1.965500e+02,0.000000e+00
1.966500e+02,0.000000e+00
1.967500e+02,0.000000e+00
1.968500e+02,0.000000e+00
1.969500e+02,0.000000e+00
1.970500e+02,0.000000e+00
1.971500e+02,0.000000e+00
1.972500e+02,0.000000e+00
1.973500e+02,0.000000e+00
1.974500e+02,0.000000e+00
1.975500e+02,0.000000e+00
1.976500e+02,0.000000e+00
1.977500e+02,0.000000e+00
1.978500e+02,0.000000e+00
1.979500e+02,0.000000e+00
1.980500e+02,0.000000e+00
1.981500e+02,0.000000e+00
1.982500e+02,0.000000e+00
1.983500e+02,0.000000e+00
1.984500e+02,0.000000e+00
1.985500e+02,0.000000e+00
1.986500e+02,0.000000e+00
1.987500e+02,0.000000e+00
1.988500e+02,0.000000e+00
1.989500e+02,0.000000e+00
1.990500e+02,0.000000e+00
1.991500e+02,0.000000e+00
1.992500e+02,0.000000e+00
1.993500e+02,0.000000e+00
1.994500e+02,0.000000e+00
1.995500e+02,0.000000e+00
1.996500e+02,0.000000e+00
1.997500e+02,0.000000e+00
1.998500e+02,0.000000e+00
1.999500e+02,0.000000e+00
2.000500e+02,0.000000e+00
2.001500e+02,0.000000e+00
2.002500e+02,0.000000e+00
2.003500e+02,0.000000e+00
2.004500e+02,0.000000e+00
2.005500e+02,0.000000e+00
2.006500e+02,0.000000e+00
2.007500e+02,0.000000e+00
2.008500e+02,0.000000e+00
2.009500e+02,0.000000e+00
2.010500e+02,0.000000e+00
2.011500e+02,0.000000e+00
2.012500e+02,0.000000e+00
2.013500e+02,0.000000e+00
2.014500e+02,0.000000e+00
2.015500e+02,0.000000e+00
2.016500e+02,0.000000e+00
2.017500e+02,0.000000e+00
2.018500e+02,0.000000e+00
2.019500e+02,0.000000e+00
2.020500e+02,0.000000e+00
2.021500e+02,0.000000e+00
2.022500e+02,0.000000e+00
2.023500e+02,0.000000e+00
2.024500e+02,0.000000e+00
2.025500e+02,0.000000e+00
2.026500e+02,0.000000e+00
2.027500e+02,0.000000e+00
2.028500e+02,0.000000e+00
2.029500e+02,0.000000e+00
2.030500e+02,0.000000e+00
2.031500e+02,0.000000e+00
2.032500e+02,0.000000e+00
2.033500e+02,0.000000e+00
2.034500e+02,0.000000e+00
2.035500e+02,0.000000e+00
2.036500e+02,0.000000e+00
2.037500e+02,0.000000e+00
2.038500e+02,0.000000e+00
2.039500e+02,0.000000e+00
2.040500e+02,0.000000e+00
2.041500e+02,0.000000e+00
2.042500e+02,0.000000e+00
2.043500e+02,0.000000e+00
2.044500e+02,0.000000e+00
2.045500e+02,0.000000e+00
2.046500e+02,0.000000e+00
2.047500e+02,0.000000e+00
2.048500e+02,0.000000e+00
2.049500e+02,0.000000e+00
2.050500e+02,0.000000e+00
2.051500e+02,0.000000e+00
2.052500e+02,0.000000e+00
2.053500e+02,0.000000e+00
2.054500e+02,0.000000e+00
2.055500e+02,0.000000e+00
2.056500e+02,0.000000e+00
2.057500e+02,0.000000e+00
2.058500e+02,0.000000e+00
2.059500e+02,0.000000e+00
2.060500e+02,0.000000e+00
2.061500e+02,0.000000e+00
2.062500e+02,0.000000e+00
2.063500e+02,0.000000e+00
2.064500e+02,0.000000e+00
2.065500e+02,0.000000e+00
2.066500e+02,0.000000e+00
2.067500e+02,0.000000e+00
2.068500e+02,0.000000e+00
2.069500e+02,0.000000e+00
2.070500e+02,0.000000e+00
2.071500e+02,0.000000e+00
2.072500e+02,0.000000e+00
2.073500e+02,0.000000e+00
2.074500e+02,0.000000e+00
2.075500e+02,0.000000e+00
2.076500e+02,0.000000e+00
2.077500e+02,0.000000e+00
2.078500e+02,0.000000e+00
2.079500e+02,0.000000e+00
2.080500e+02,0.000000e+00
2.081500e+02,0.000000e+00
2.082500e+02,0.000000e+00
2.083500e+02,0.000000e+00
2.084500e+02,0.000000e+00
2.085500e+02,0.000000e+00
2.086500e+02,0.000000e+00
2.087500e+02,0.000000e+00
2.088500e+02,0.000000e+00
2.089500e+02,0.000000e+00
2.090500e+02,0.000000e+00
2.091500e+02,0.000000e+00
2.092500e+02,0.000000e+00
2.093500e+02,0.000000e+00
2.094500e+02,0.000000e+00
2.095500e+02,0.000000e+00
2.096500e+02,0.000000e+00
2.097500e+02,0.000000e+00
2.098500e+02,0.000000e+00
2.099500e+02,0.000000e+00
2.100500e+02,0.000000e+00
2.101500e+02,0.000000e+00
2.102500e+02,0.000000e+00
2.103500e+02,0.000000e+00
2.104500e+02,0.000000e+00
2.105500e+02,0.000000e+00
2.106500e+02,0.000000e+00
2.107500e+02,0.000000e+00
2.108500e+02,0.000000e+00
2.109500e+02,0.000000e+00
2.110500e+02,0.000000e+00
2.111500e+02,0.000000e+00
2.112500e+02,0.000000e+00
2.113500e+02,0.000000e+00
2.114500e+02,0.000000e+00
2.115500e+02,0.000000e+00
2.116500e+02,0.000000e+00
2.117500e+02,0.000000e+00
2.118500e+02,0.000000e+00
2.119500e+02,0.000000e+00
2.120500e+02,0.000000e+00
2.121500e+02,0.000000e+00
2.122500e+02,0.000000e+00
2.123500e+02,0.000000e+00
2.124500e+02,0.000000e+00
2.125500e+02,0.000000e+00
2.126500e+02,0.000000e+00
2.127500e+02,0.000000e+00
2.128500e+02,0.000000e+00
2.129500e+02,0.000000e+00
2.130500e+02,0.000000e+00
2.131500e+02,0.000000e+00
2.132500e+02,0.000000e+00
2.133500e+02,0.000000e+00
2.134500e+02,0.000000e+00
2.135500e+02,0.000000e+00
2.136500e+02,0.000000e+00
2.137500e+02,0.000000e+00
2.138500e+02,0.000000e+00
2.139500e+02,0.000000e+00
2.140500e+02,0.000000e+00
2.141500e+02,0.000000e+00
2.142500e+02,0.000000e+00
2.143500e+02,0.000000e+00
2.144500e+02,0.000000e+00
2.145500e+02,0.000000e+00
2.146500e+02,0.000000e+00
2.147500e+02,0.000000e+00
2.148500e+02,0.000000e+00
2.149500e+02,0.000000e+00
2.150500e+02,0.000000e+00
2.151500e+02,0.000000e+00
2.152500e+02,0.000000e+00
2.153500e+02,0.000000e+00
2.154500e+02,0.000000e+00
2.155500e+02,0.000000e+00
2.156500e+02,0.000000e+00
2.157500e+02,0.000000e+00
2.158500e+02,0.000000e+00
2.159500e+02,0.000000e+00
2.160500e+02,0.000000e+00
2.161500e+02,0.000000e+00
2.162500e+02,0.000000e+00
2.163500e+02,0.000000e+00
2.164500e+02,0.000000e+00
2.165500e+02,0.000000e+00
2.166500e+02,0.000000e+00
2.167500e+02,0.000000e+00
2.168500e+02,0.000000e+00
2.169500e+02,0.000000e+00
2.170500e+02,0.000000e+00
2.171500e+02,0.000000e+00
2.172500e+02,0.000000e+00
2.173500e+02,0.000000e+00
2.174500e+02,0.000000e+00
2.175500e+02,0.000000e+00
2.176500e+02,0.000000e+00
2.177500e+02,0.000000e+00
2.178500e+02,0.000000e+00
2.179500e+02,0.000000e+00
2.180500e+02,0.000000e+00
2.181500e+02,0.000000e+00
2.182500e+02,0.000000e+00
2.183500e+02,0.000000e+00
2.184500e+02,0.000000e+00
2.185500e+02,0.000000e+00
2.186500e+02,0.000000e+00
2.187500e+02,0.000000e+00
2.188500e+02,0.000000e+00
2.189500e+02,0.000000e+00
2.190500e+02,0.000000e+00
2.191500e+02,0.000000e+00
2.192500e+02,0.000000e+00
2.193500e+02,0.000000e+00
2.194500e+02,0.000000e+00
2.195500e+02,0.000000e+00
2.196500e+02,0.000000e+00
2.197500e+02,0.000000e+00
2.198500e+02,0.000000e+00
2.199500e+02,1.000000e+00
2.200500e+02,0.000000e+00
2.201500e+02,0.000000e+00
2.202500e+02,0.000000e+00
2.203500e+02,0.000000e+00
2.204500e+02,0.000000e+00
2.205500e+02,0.000000e+00
2.206500e+02,0.000000e+00
2.207500e+02,0.000000e+00
2.208500e+02,0.000000e+00
2.209500e+02,0.000000e+00
2.210500e+02,0.000000e+00
2.211500e+02,0.000000e+00
2.212500e+02,0.000000e+00
2.213500e+02,0.000000e+00
2.214500e+02,0.000000e+00
2.215500e+02,0.000000e+00
2.216500e+02,0.000000e+00
2.217500e+02,0.000000e+00
2.218500e+02,0.000000e+00
2.219500e+02,0.000000e+00
2.220500e+02,0.000000e+00
2.221500e+02,0.000000e+00
2.222500e+02,0.000000e+00
2.223500e+02,0.000000e+00
2.224500e+02,0.000000e+00
2.225500e+02,0.000000e+00
2.226500e+02,0.000000e+00
2.227500e+02,0.000000e+00
2.228500e+02,0.000000e+00
2.229500e+02,0.000000e+00
2.230500e+02,0.000000e+00
2.231500e+02,0.000000e+00
2.232500e+02,0.000000e+00
2.233500e+02,0.000000e+00
2.234500e+02,0.000000e+00
2.235500e+02,0.000000e+00
2.236500e+02,0.000000e+00
2.237500e+02,0.000000e+00
2.238500e+02,0.000000e+00
2.239500e+02,0.000000e+00
2.240500e+02,0.000000e+00
2.241500e+02,0.000000e+00
2.242500e+02,0.000000e+00
2.243500e+02,0.000000e+00
2.244500e+02,0.000000e+00
2.245500e+02,0.000000e+00
2.246500e+02,0.000000e+00
2.247500e+02,0.000000e+00
2.248500e+02,0.000000e+00
2.249500e+02,0.000000e+00
2.250500e+02,0.000000e+00
2.251500e+02,0.000000e+00
2.252500e+02,0.000000e+00
2.253500e+02,0.000000e+00
2.254500e+02,0.000000e+00
2.255500e+02,0.000000e+00
2.256500e+02,0.000000e+00
2.257500e+02,0.000000e+00
2.258500e+02,0.000000e+00
2.259500e+02,0.000000e+00
2.260500e+02,0.000000e+00
2.261500e+02,0.000000e+00
2.262500e+02,0.000000e+00
2.263500e+02,0.000000e+00
2.264500e+02,0.000000e+00
2.265500e+02,0.000000e+00
2.266500e+02,0.000000e+00
2.267500e+02,0.000000e+00
2.268500e+02,0.000000e+00
2.269500e+02,0.000000e+00
2.270500e+02,0.000000e+00
2.271500e+02,0.000000e+00
2.272500e+02,0.000000e+00
2.273500e+02,0.000000e+00
2.274500e+02,0.000000e+00
2.275500e+02,1.000000e+00
2.276500e+02,0.000000e+00
2.277500e+02,0.000000e+00
2.278500e+02,0.000000e+00
2.279500e+02,0.000000e+00
2.280500e+02,0.000000e+00
2.281500e+02,0.000000e+00
2.282500e+02,0.000000e+00
2.283500e+02,0.000000e+00
2.284500e+02,0.000000e+00
2.285500e+02,0.000000e+00
2.286500e+02,0.000000e+00
2.287500e+02,0.000000e+00
2.288500e+02,0.000000e+00
2.289500e+02,0.000000e+00
2.290500e+02,0.000000e+00
2.291500e+02,0.000000e+00
2.292500e+02,0.000000e+00
2.293500e+02,0.000000e+00
2.294500e+02,0.000000e+00
2.295500e+02,0.000000e+00
2.296500e+02,0.000000e+00
2.297500e+02,0.000000e+00
2.298500e+02,0.000000e+00
2.299500e+02,0.000000e+00
2.300500e+02,0.000000e+00
2.301500e+02,0.000000e+00
2.302500e+02,0.000000e+00
2.303500e+02,0.000000e+00
2.304500e+02,0.000000e+00
2.305500e+02,0.000000e+00
2.306500e+02,0.000000e+00
2.307500e+02,0.000000e+00
2.308500e+02,0.000000e+00
2.309500e+02,0.000000e+00
2.310500e+02,0.000000e+00
2.311500e+02,0.000000e+00
2.312500e+02,0.000000e+00
2.313500e+02,0.000000e+00
2.314500e+02,0.000000e+00
2.315500e+02,0.000000e+00
2.316500e+02,0.000000e+00
2.317500e+02,0.000000e+00
2.318500e+02,0.000000e+00
2.319500e+02,0.000000e+00
2.320500e+02,0.000000e+00
2.321500e+02,0.000000e+00
2.322500e+02,0.000000e+00
2.323500e+02,0.000000e+00
2.324500e+02,0.000000e+00
2.325500e+02,0.000000e+00
2.326500e+02,0.000000e+00
2.327500e+02,0.000000e+00
2.328500e+02,0.000000e+00
2.329500e+02,0.000000e+00
2.330500e+02,0.000000e+00
2.331500e+02,0.000000e+00
2.332500e+02,0.000000e+00
2.333500e+02,0.000000e+00
2.334500e+02,0.000000e+00
2.335500e+02,0.000000e+00
2.336500e+02,0.000000e+00
2.337500e+02,0.000000e+00
2.338500e+02,0.000000e+00
2.339500e+02,0.000000e+00
2.340500e+02,0.000000e+00
2.341500e+02,0.000000e+00
2.342500e+02,0.000000e+00
2.343500e+02,0.000000e+00
2.344500e+02,0.000000e+00
2.345500e+02,0.000000e+00
2.346500e+02,0.000000e+00
2.347500e+02,0.000000e+00
2.348500e+02,0.000000e+00
2.349500e+02,0.000000e+00
2.350500e+02,0.000000e+00
2.351500e+02,0.000000e+00
2.352500e+02,0.000000e+00
2.353500e+02,0.000000e+00
2.354500e+02,0.000000e+00
2.355500e+02,0.000000e+00
2.356500e+02,0.000000e+00
2.357500e+02,0.000000e+00
2.358500e+02,0.000000e+00
2.359500e+02,0.000000e+00
2.360500e+02,0.000000e+00
2.361500e+02,0.000000e+00
2.362500e+02,0.000000e+00
2.363500e+02,0.000000e+00
2.364500e+02,0.000000e+00
2.365500e+02,0.000000e+00
2.366500e+02,0.000000e+00
2.367500e+02,0.000000e+00
2.368500e+02,0.000000e+00
2.369500e+02,0.000000e+00
2.370500e+02,0.000000e+00
2.371500e+02,0.000000e+00
2.372500e+02,0.000000e+00
2.373500e+02,0.000000e+00
2.374500e+02,0.000000e+00
2.375500e+02,0.000000e+00
2.376500e+02,0.000000e+00
2.377500e+02,0.000000e+00
2.378500e+02,0.000000e+00
2.379500e+02,0.000000e+00
2.380500e+02,0.000000e+00
2.381500e+02,0.000000e+00
2.382500e+02,0.000000e+00
2.383500e+02,0.000000e+00
2.384500e+02,0.000000e+00
2.385500e+02,0.000000e+00
2.386500e+02,0.000000e+00
2.387500e+02,0.000000e+00
2.388500e+02,0.000000e+00
2.389500e+02,0.000000e+00
2.390500e+02,0.000000e+00
2.391500e+02,0.000000e+00
2.392500e+02,0.000000e+00
2.393500e+02,0.000000e+00
2.394500e+02,0.000000e+00
2.395500e+02,0.000000e+00
2.396500e+02,0.000000e+00
2.397500e+02,0.000000e+00
2.398500e+02,0.000000e+00
2.399500e+02,0.000000e+00
2.400500e+02,0.000000e+00
2.401500e+02,0.000000e+00
2.402500e+02,0.000000e+00
2.403500e+02,0.000000e+00
2.404500e+02,0.000000e+00
2.405500e+02,0.000000e+00
2.406500e+02,0.000000e+00
2.407500e+02,0.000000e+00
2.408500e+02,0.000000e+00
2.409500e+02,0.000000e+00
2.410500e+02,0.000000e+00
2.411500e+02,0.000000e+00
2.412500e+02,0.000000e+00
2.413500e+02,0.000000e+00
2.414500e+02,0.000000e+00
2.415500e+02,0.000000e+00
2.416500e+02,0.000000e+00
2.417500e+02,0.000000e+00
2.418500e+02,0.000000e+00
2.419500e+02,0.000000e+00
2.420500e+02,0.000000e+00
2.421500e+02,0.000000e+00
2.422500e+02,0.000000e+00
2.423500e+02,0.000000e+00
2.424500e+02,0.000000e+00
2.425500e+02,0.000000e+00
2.426500e+02,0.000000e+00
2.427500e+02,0.000000e+00
2.428500e+02,0.000000e+00
2.429500e+02,0.000000e+00
2.430500e+02,0.000000e+00
2.431500e+02,0.000000e+00
2.432500e+02,0.000000e+00
2.433500e+02,1.000000e+00
2.434500e+02,0.000000e+00
2.435500e+02,0.000000e+00
2.436500e+02,0.000000e+00
2.437500e+02,0.000000e+00
2.438500e+02,0.000000e+00
2.439500e+02,0.000000e+00
2.440500e+02,0.000000e+00
2.441500e+02,0.000000e+00
2.442500e+02,0.000000e+00
2.443500e+02,0.000000e+00
2.444500e+02,0.000000e+00
2.445500e+02,0.000000e+00
2.446500e+02,0.000000e+00
2.447500e+02,0.000000e+00
2.448500e+02,0.000000e+00
2.449500e+02,0.000000e+00
2.450500e+02,0.000000e+00
2.451500e+02,0.000000e+00
2.452500e+02,0.000000e+00
2.453500e+02,0.000000e+00
2.454500e+02,0.000000e+00
2.455500e+02,0.000000e+00
2.456500e+02,0.000000e+00
2.457500e+02,0.000000e+00
2.458500e+02,0.000000e+00
2.459500e+02,0.000000e+00
2.460500e+02,0.000000e+00
2.461500e+02,0.000000e+00
2.462500e+02,0.000000e+00
2.463500e+02,0.000000e+00
2.464500e+02,0.000000e+00
2.465500e+02,0.000000e+00
2.466500e+02,0.000000e+00
2.467500e+02,0.000000e+00
2.468500e+02,0.000000e+00
2.469500e+02,0.000000e+00
2.470500e+02,0.000000e+00
2.471500e+02,0.000000e+00
2.472500e+02,0.000000e+00
2.473500e+02,0.000000e+00
2.474500e+02,0.000000e+00
2.475500e+02,0.000000e+00
2.476500e+02,0.000000e+00
2.477500e+02,0.000000e+00
2.478500e+02,0.000000e+00
2.479500e+02,0.000000e+00
2.480500e+02,0.000000e+00
2.481500e+02,0.000000e+00
2.482500e+02,0.000000e+00
2.483500e+02,0.000000e+00
2.484500e+02,0.000000e+00
2.485500e+02,0.000000e+00
2.486500e+02,0.000000e+00
2.487500e+02,0.000000e+00
2.488500e+02,0.000000e+00
2.489500e+02,0.000000e+00
2.490500e+02,0.000000e+00
2.491500e+02,0.000000e+00
2.492500e+02,0.000000e+00
2.493500e+02,0.000000e+00
2.494500e+02,0.000000e+00
2.495500e+02,0.000000e+00
2.496500e+02,0.000000e+00
2.497500e+02,0.000000e+00
2.498500e+02,0.000000e+00
2.499500e+02,0.000000e+00
2.500500e+02,0.000000e+00
2.501500e+02,0.000000e+00
2.502500e+02,0.000000e+00
2.503500e+02,0.000000e+00
2.504500e+02,0.000000e+00
2.505500e+02,0.000000e+00
2.506500e+02,0.000000e+00
2.507500e+02,0.000000e+00
2.508500e+02,0.000000e+00
2.509500e+02,0.000000e+00
2.510500e+02,0.000000e+00
2.511500e+02,0.000000e+00
2.512500e+02,0.000000e+00
2.513500e+02,0.000000e+00
2.514500e+02,0.000000e+00
2.515500e+02,0.000000e+00
2.516500e+02,0.000000e+00
2.517500e+02,0.000000e+00
2.518500e+02,0.000000e+00
2.519500e+02,0.000000e+00
2.520500e+02,0.000000e+00
2.521500e+02,0.000000e+00
2.522500e+02,0.000000e+00
2.523500e+02,0.000000e+00
2.524500e+02,0.000000e+00
2.525500e+02,0.000000e+00
2.526500e+02,0.000000e+00
2.527500e+02,0.000000e+00
2.528500e+02,0.000000e+00
2.529500e+02,0.000000e+00
2.530500e+02,0.000000e+00
2.531500e+02,0.000000e+00
2.532500e+02,0.000000e+00
2.533500e+02,0.000000e+00
2.534500e+02,0.000000e+00
2.535500e+02,0.000000e+00
2.536500e+02,0.000000e+00
2.537500e+02,0.000000e+00
2.538500e+02,0.000000e+00
2.539500e+02,0.000000e+00
2.540500e+02,0.000000e+00
2.541500e+02,0.000000e+00
2.542500e+02,0.000000e+00
2.543500e+02,0.000000e+00
2.544500e+02,0.000000e+00
2.545500e+02,0.000000e+00
2.546500e+02,0.000000e+00
2.547500e+02,0.000000e+00
2.548500e+02,0.000000e+00
2.549500e+02,0.000000e+00
2.550500e+02,0.000000e+00
2.551500e+02,0.000000e+00
2.552500e+02,0.000000e+00
2.553500e+02,0.000000e+00
2.554500e+02,0.000000e+00
2.555500e+02,0.000000e+00
2.556500e+02,0.000000e+00
2.557500e+02,0.000000e+00
2.558500e+02,0.000000e+00
2.559500e+02,0.000000e+00
2.560500e+02,0.000000e+00
2.561500e+02,0.000000e+00
2.562500e+02,0.000000e+00
2.563500e+02,0.000000e+00
2.564500e+02,0.000000e+00
2.565500e+02,0.000000e+00
2.566500e+02,0.000000e+00
2.567500e+02,0.000000e+00
2.568500e+02,0.000000e+00
2.569500e+02,0.000000e+00
2.570500e+02,0.000000e+00
2.571500e+02,0.000000e+00
2.572500e+02,0.000000e+00
2.573500e+02,0.000000e+00
2.574500e+02,0.000000e+00
2.575500e+02,0.000000e+00
2.576500e+02,0.000000e+00
2.577500e+02,0.000000e+00
2.578500e+02,0.000000e+00
2.579500e+02,0.000000e+00
2.580500e+02,0.000000e+00
2.581500e+02,0.000000e+00
2.582500e+02,0.000000e+00
2.583500e+02,0.000000e+00
2.584500e+02,0.000000e+00
2.585500e+02,0.000000e+00
2.586500e+02,0.000000e+00
2.587500e+02,0.000000e+00
2.588500e+02,0.000000e+00
2.589500e+02,0.000000e+00
2.590500e+02,0.000000e+00
2.591500e+02,0.000000e+00
2.592500e+02,0.000000e+00
2.593500e+02,0.000000e+00
2.594500e+02,0.000000e+00
2.595500e+02,0.000000e+00
2.596500e+02,0.000000e+00
2.597500e+02,0.000000e+00
2.598500e+02,0.000000e+00
2.599500e+02,0.000000e+00
2.600500e+02,0.000000e+00
2.601500e+02,0.000000e+00
2.602500e+02,0.000000e+00
2.603500e+02,0.000000e+00
2.604500e+02,0.000000e+00
2.605500e+02,0.000000e+00
2.606500e+02,0.000000e+00
2.607500e+02,0.000000e+00
2.608500e+02,0.000000e+00
2.609500e+02,0.000000e+00
2.610500e+02,0.000000e+00
2.611500e+02,0.000000e+00
2.612500e+02,0.000000e+00
2.613500e+02,0.000000e+00
2.614500e+02,0.000000e+00
2.615500e+02,0.000000e+00
2.616500e+02,0.000000e+00
2.617500e+02,0.000000e+00
2.618500e+02,0.000000e+00
2.619500e+02,0.000000e+00
2.620500e+02,0.000000e+00
2.621500e+02,0.000000e+00
2.622500e+02,0.000000e+00
2.623500e+02,0.000000e+00
2.624500e+02,0.000000e+00
2.625500e+02,0.000000e+00
2.626500e+02,0.000000e+00
2.627500e+02,0.000000e+00
2.628500e+02,0.000000e+00
2.629500e+02,0.000000e+00
2.630500e+02,0.000000e+00
2.631500e+02,0.000000e+00
2.632500e+02,0.000000e+00
2.633500e+02,0.000000e+00
2.634500e+02,0.000000e+00
2.635500e+02,0.000000e+00
2.636500e+02,0.000000e+00
2.637500e+02,0.000000e+00
2.638500e+02,0.000000e+00
2.639500e+02,0.000000e+00
2.640500e+02,0.000000e+00
2.641500e+02,0.000000e+00
2.642500e+02,0.000000e+00
2.643500e+02,0.000000e+00
2.644500e+02,0.000000e+00
2.645500e+02,0.000000e+00
2.646500e+02,0.000000e+00
2.647500e+02,0.000000e+00
2.648500e+02,0.000000e+00
2.649500e+02,0.000000e+00
2.650500e+02,0.000000e+00
2.651500e+02,0.000000e+00
2.652500e+02,0.000000e+00
2.653500e+02,0.000000e+00
2.654500e+02,0.000000e+00
2.655500e+02,0.000000e+00
2.656500e+02,0.000000e+00
2.657500e+02,0.000000e+00
2.658500e+02,0.000000e+00
2.659500e+02,0.000000e+00
2.660500e+02,0.000000e+00
2.661500e+02,0.000000e+00
2.662500e+02,0.000000e+00
2.663500e+02,0.000000e+00
2.664500e+02,0.000000e+00
2.665500e+02,0.000000e+00
2.666500e+02,0.000000e+00
2.667500e+02,0.000000e+00
2.668500e+02,0.000000e+00
2.669500e+02,0.000000e+00
2.670500e+02,0.000000e+00
2.671500e+02,0.000000e+00
2.672500e+02,0.000000e+00
2.673500e+02,0.000000e+00
2.674500e+02,0.000000e+00
2.675500e+02,0.000000e+00
2.676500e+02,0.000000e+00
2.677500e+02,0.000000e+00
2.678500e+02,0.000000e+00
2.679500e+02,0.000000e+00
2.680500e+02,0.000000e+00
2.681500e+02,0.000000e+00
2.682500e+02,0.000000e+00
2.683500e+02,0.000000e+00
2.684500e+02,0.000000e+00
2.685500e+02,0.000000e+00
2.686500e+02,0.000000e+00
2.687500e+02,0.000000e+00
2.688500e+02,0.000000e+00
2.689500e+02,0.000000e+00
2.690500e+02,0.000000e+00
2.691500e+02,0.000000e+00
2.692500e+02,0.000000e+00
2.693500e+02,0.000000e+00
2.694500e+02,0.000000e+00
2.695500e+02,0.000000e+00
2.696500e+02,0.000000e+00
2.697500e+02,0.000000e+00
2.698500e+02,0.000000e+00
2.699500e+02,0.000000e+00
2.700500e+02,0.000000e+00
2.701500e+02,0.000000e+00
2.702500e+02,0.000000e+00
2.703500e+02,0.000000e+00
2.704500e+02,0.000000e+00
2.705500e+02,0.000000e+00
2.706500e+02,0.000000e+00
2.707500e+02,0.000000e+00
2.708500e+02,0.000000e+00
2.709500e+02,0.000000e+00
2.710500e+02,0.000000e+00
2.711500e+02,0.000000e+00
2.712500e+02,0.000000e+00
2.713500e+02,0.000000e+00
2.714500e+02,0.000000e+00
2.715500e+02,0.000000e+00
2.716500e+02,0.000000e+00
2.717500e+02,0.000000e+00
2.718500e+02,0.000000e+00
2.719500e+02,0.000000e+00
2.720500e+02,0.000000e+00
2.721500e+02,0.000000e+00
2.722500e+02,0.000000e+00
2.723500e+02,0.000000e+00
2.724500e+02,0.000000e+00
2.725500e+02,0.000000e+00
2.726500e+02,0.000000e+00
2.727500e+02,0.000000e+00
2.728500e+02,0.000000e+00
2.729500e+02,0.000000e+00
2.730500e+02,0.000000e+00
2.731500e+02,0.000000e+00
2.732500e+02,0.000000e+00
2.733500e+02,0.000000e+00
2.734500e+02,0.000000e+00
2.735500e+02,0.000000e+00
2.736500e+02,0.000000e+00
2.737500e+02,0.000000e+00
2.738500e+02,0.000000e+00
2.739500e+02,0.000000e+00
2.740500e+02,0.000000e+00
2.741500e+02,0.000000e+00
2.742500e+02,0.000000e+00
2.743500e+02,0.000000e+00
2.744500e+02,0.000000e+00
2.745500e+02,0.000000e+00
2.746500e+02,0.000000e+00
2.747500e+02,0.000000e+00
2.748500e+02,0.000000e+00
2.749500e+02,0.000000e+00
2.750500e+02,0.000000e+00
2.751500e+02,0.000000e+00
2.752500e+02,0.000000e+00
2.753500e+02,0.000000e+00
2.754500e+02,0.000000e+00
2.755500e+02,0.000000e+00
2.756500e+02,0.000000e+00
2.757500e+02,0.000000e+00
2.758500e+02,0.000000e+00
2.759500e+02,0.000000e+00
2.760500e+02,0.000000e+00
2.761500e+02,0.000000e+00
2.762500e+02,0.000000e+00
2.763500e+02,0.000000e+00
2.764500e+02,0.000000e+00
2.765500e+02,0.000000e+00
2.766500e+02,0.000000e+00
2.767500e+02,0.000000e+00
2.768500e+02,0.000000e+00
2.769500e+02,0.000000e+00
2.770500e+02,0.000000e+00
2.771500e+02,0.000000e+00
2.772500e+02,0.000000e+00
2.773500e+02,0.000000e+00
2.774500e+02,0.000000e+00
2.775500e+02,0.000000e+00
2.776500e+02,0.000000e+00
2.777500e+02,0.000000e+00
2.778500e+02,0.000000e+00
2.779500e+02,0.000000e+00
2.780500e+02,0.000000e+00
2.781500e+02,0.000000e+00
2.782500e+02,0.000000e+00
2.783500e+02,0.000000e+00
2.784500e+02,0.000000e+00
2.785500e+02,0.000000e+00
2.786500e+02,0.000000e+00
2.787500e+02,0.000000e+00
2.788500e+02,0.000000e+00
2.789500e+02,0.000000e+00
2.790500e+02,0.000000e+00
2.791500e+02,0.000000e+00
2.792500e+02,0.000000e+00
2.793500e+02,0.000000e+00
2.794500e+02,0.000000e+00
2.795500e+02,0.000000e+00
2.796500e+02,0.000000e+00
2.797500e+02,0.000000e+00
2.798500e+02,0.000000e+00
2.799500e+02,0.000000e+00
2.800500e+02,0.000000e+00
2.801500e+02,0.000000e+00
2.802500e+02,0.000000e+00
2.803500e+02,0.000000e+00
2.804500e+02,0.000000e+00
2.805500e+02,0.000000e+00
2.806500e+02,0.000000e+00
2.807500e+02,0.000000e+00
2.808500e+02,0.000000e+00
2.809500e+02,0.000000e+00
2.810500e+02,0.000000e+00
2.811500e+02,0.000000e+00
2.812500e+02,0.000000e+00
2.813500e+02,0.000000e+00
2.814500e+02,0.000000e+00
2.815500e+02,0.000000e+00
2.816500e+02,0.000000e+00
2.817500e+02,0.000000e+00
2.818500e+02,0.000000e+00
2.819500e+02,0.000000e+00
2.820500e+02,0.000000e+00
2.821500e+02,0.000000e+00
2.822500e+02,0.000000e+00
2.823500e+02,0.000000e+00
2.824500e+02,0.000000e+00
2.825500e+02,0.000000e+00
2.826500e+02,0.000000e+00
2.827500e+02,0.000000e+00
2.828500e+02,0.000000e+00
2.829500e+02,0.000000e+00
2.830500e+02,0.000000e+00
2.831500e+02,0.000000e+00
2.832500e+02,0.000000e+00
2.833500e+02,0.000000e+00
2.834500e+02,0.000000e+00
2.835500e+02,0.000000e+00
2.836500e+02,0.000000e+00
2.837500e+02,0.000000e+00
2.838500e+02,0.000000e+00
2.839500e+02,0.000000e+00
2.840500e+02,0.000000e+00
2.841500e+02,0.000000e+00
2.842500e+02,0.000000e+00
2.843500e+02,0.000000e+00
2.844500e+02,0.000000e+00
2.845500e+02,0.000000e+00
2.846500e+02,0.000000e+00
2.847500e+02,0.000000e+00
2.848500e+02,0.000000e+00
2.849500e+02,0.000000e+00
2.850500e+02,0.000000e+00
2.851500e+02,0.000000e+00
2.852500e+02,0.000000e+00
2.853500e+02,0.000000e+00
2.854500e+02,0.000000e+00
2.855500e+02,0.000000e+00
2.856500e+02,0.000000e+00
2.857500e+02,0.000000e+00
2.858500e+02,0.000000e+00
2.859500e+02,0.000000e+00
2.860500e+02,0.000000e+00
2.861500e+02,0.000000e+00
2.862500e+02,0.000000e+00
2.863500e+02,0.000000e+00
2.864500e+02,0.000000e+00
2.865500e+02,0.000000e+00
2.866500e+02,0.000000e+00
2.867500e+02,0.000000e+00
2.868500e+02,0.000000e+00
2.869500e+02,0.000000e+00
2.870500e+02,0.000000e+00
2.871500e+02,0.000000e+00
2.872500e+02,0.000000e+00
2.873500e+02,0.000000e+00
2.874500e+02,0.000000e+00
2.875500e+02,0.000000e+00
2.876500e+02,0.000000e+00
2.877500e+02,0.000000e+00
2.878500e+02,0.000000e+00
2.879500e+02,0.000000e+00
2.880500e+02,0.000000e+00
2.881500e+02,0.000000e+00
2.882500e+02,0.000000e+00
2.883500e+02,0.000000e+00
2.884500e+02,0.000000e+00
2.885500e+02,0.000000e+00
2.886500e+02,0.000000e+00
2.887500e+02,0.000000e+00
2.888500e+02,0.000000e+00
2.889500e+02,0.000000e+00
2.890500e+02,0.000000e+00
2.891500e+02,0.000000e+00
2.892500e+02,0.000000e+00
2.893500e+02,0.000000e+00
2.894500e+02,0.000000e+00
2.895500e+02,0.000000e+00
2.896500e+02,0.000000e+00
2.897500e+02,0.000000e+00
2.898500e+02,0.000000e+00
2.899500e+02,0.000000e+00
2.900500e+02,0.000000e+00
2.901500e+02,0.000000e+00
2.902500e+02,0.000000e+00
2.903500e+02,0.000000e+00
2.904500e+02,0.000000e+00
2.905500e+02,0.000000e+00
2.906500e+02,0.000000e+00
2.907500e+02,0.000000e+00
2.908500e+02,0.000000e+00
2.909500e+02,0.000000e+00
2.910500e+02,0.000000e+00
2.911500e+02,0.000000e+00
2.912500e+02,0.000000e+00
2.913500e+02,0.000000e+00
2.914500e+02,0.000000e+00
2.915500e+02,0.000000e+00
2.916500e+02,0.000000e+00
2.917500e+02,0.000000e+00
2.918500e+02,0.000000e+00
2.919500e+02,0.000000e+00
2.920500e+02,0.000000e+00
2.921500e+02,0.000000e+00
2.922500e+02,0.000000e+00
2.923500e+02,0.000000e+00
2.924500e+02,0.000000e+00
2.925500e+02,0.000000e+00
2.926500e+02,0.000000e+00
2.927500e+02,0.000000e+00
2.928500e+02,0.000000e+00
2.929500e+02,0.000000e+00
2.930500e+02,0.000000e+00
2.931500e+02,0.000000e+00
2.932500e+02,0.000000e+00
2.933500e+02,0.000000e+00
2.934500e+02,0.000000e+00
2.935500e+02,0.000000e+00
2.936500e+02,0.000000e+00
2.937500e+02,0.000000e+00
2.938500e+02,0.000000e+00
2.939500e+02,0.000000e+00
2.940500e+02,0.000000e+00
2.941500e+02,0.000000e+00
2.942500e+02,0.000000e+00
2.943500e+02,0.000000e+00
2.944500e+02,0.000000e+00
2.945500e+02,0.000000e+00
2.946500e+02,0.000000e+00
2.947500e+02,0.000000e+00
2.948500e+02,0.000000e+00
2.949500e+02,0.000000e+00
2.950500e+02,0.000000e+00
2.951500e+02,0.000000e+00
2.952500e+02,0.000000e+00
2.953500e+02,0.000000e+00
2.954500e+02,0.000000e+00
2.955500e+02,0.000000e+00
2.956500e+02,0.000000e+00
2.957500e+02,0.000000e+00
2.958500e+02,0.000000e+00
2.959500e+02,0.000000e+00
2.960500e+02,0.000000e+00
2.961500e+02,0.000000e+00
2.962500e+02,0.000000e+00
2.963500e+02,0.000000e+00
2.964500e+02,0.000000e+00
2.965500e+02,0.000000e+00
2.966500e+02,0.000000e+00
2.967500e+02,0.000000e+00
2.968500e+02,0.000000e+00
2.969500e+02,0.000000e+00
2.970500e+02,0.000000e+00
2.971500e+02,0.000000e+00
2.972500e+02,0.000000e+00
2.973500e+02,0.000000e+00
2.974500e+02,0.000000e+00
2.975500e+02,0.000000e+00
2.976500e+02,0.000000e+00
2.977500e+02,0.000000e+00
2.978500e+02,0.000000e+00
2.979500e+02,0.000000e+00
2.980500e+02,0.000000e+00
2.981500e+02,0.000000e+00
2.982500e+02,0.000000e+00
2.983500e+02,0.000000e+00
2.984500e+02,0.000000e+00
2.985500e+02,0.000000e+00
2.986500e+02,0.000000e+00
2.987500e+02,0.000000e+00
2.988500e+02,0.000000e+00
2.989500e+02,0.000000e+00
2.990500e+02,0.000000e+00
2.991500e+02,0.000000e+00
2.992500e+02,0.000000e+00
2.993500e+02,0.000000e+00
2.994500e+02,0.000000e+00
2.995500e+02,0.000000e+00
2.996500e+02,0.000000e+00
2.997500e+02,0.000000e+00
2.998500e+02,0.000000e+00
2.999500e+02,0.000000e+00
3.000500e+02,0.000000e+00
3.001500e+02,0.000000e+00
3.002500e+02,0.000000e+00
3.003500e+02,0.000000e+00
3.004500e+02,0.000000e+00
3.005500e+02,0.000000e+00
3.006500e+02,0.000000e+00
3.007500e+02,0.000000e+00
3.008500e+02,0.000000e+00
3.009500e+02,0.000000e+00
3.010500e+02,0.000000e+00
3.011500e+02,0.000000e+00
3.012500e+02,0.000000e+00
3.013500e+02,0.000000e+00
3.014500e+02,0.000000e+00
3.015500e+02,0.000000e+00
3.016500e+02,0.000000e+00
3.017500e+02,0.000000e+00
3.018500e+02,0.000000e+00
3.019500e+02,0.000000e+00
3.020500e+02,0.000000e+00
3.021500e+02,0.000000e+00
3.022500e+02,0.000000e+00
3.023500e+02,0.000000e+00
3.024500e+02,0.000000e+00
3.025500e+02,0.000000e+00
3.026500e+02,0.000000e+00
3.027500e+02,0.000000e+00
3.028500e+02,0.000000e+00
3.029500e+02,0.000000e+00
3.030500e+02,0.000000e+00
3.031500e+02,0.000000e+00
3.032500e+02,0.000000e+00
3.033500e+02,0.000000e+00
3.034500e+02,0.000000e+00
3.035500e+02,0.000000e+00
3.036500e+02,0.000000e+00
3.037500e+02,0.000000e+00
3.038500e+02,0.000000e+00
3.039500e+02,0.000000e+00
3.040500e+02,0.000000e+00
3.041500e+02,0.000000e+00
3.042500e+02,0.000000e+00
3.043500e+02,0.000000e+00
3.044500e+02,0.000000e+00
3.045500e+02,0.000000e+00
3.046500e+02,0.000000e+00
3.047500e+02,0.000000e+00
3.048500e+02,0.000000e+00
3.049500e+02,0.000000e+00
3.050500e+02,0.000000e+00
3.051500e+02,0.000000e+00
3.052500e+02,0.000000e+00
3.053500e+02,0.000000e+00
3.054500e+02,0.000000e+00
3.055500e+02,0.000000e+00
3.056500e+02,0.000000e+00
3.057500e+02,0.000000e+00
3.058500e+02,0.000000e+00
3.059500e+02,0.000000e+00
3.060500e+02,0.000000e+00
3.061500e+02,0.000000e+00
3.062500e+02,0.000000e+00
3.063500e+02,0.000000e+00
3.064500e+02,0.000000e+00
3.065500e+02,0.000000e+00
3.066500e+02,0.000000e+00
3.067500e+02,0.000000e+00
3.068500e+02,0.000000e+00
3.069500e+02,0.000000e+00
3.070500e+02,0.000000e+00
3.071500e+02,0.000000e+00
3.072500e+02,0.000000e+00
3.073500e+02,0.000000e+00
3.074500e+02,0.000000e+00
3.075500e+02,0.000000e+00
3.076500e+02,0.000000e+00
3.077500e+02,0.000000e+00
3.078500e+02,0.000000e+00
3.079500e+02,0.000000e+00
3.080500e+02,0.000000e+00
3.081500e+02,0.000000e+00
3.082500e+02,0.000000e+00
3.083500e+02,0.000000e+00
3.084500e+02,0.000000e+00
3.085500e+02,0.000000e+00
3.086500e+02,0.000000e+00
3.087500e+02,0.000000e+00
3.088500e+02,0.000000e+00
3.089500e+02,0.000000e+00
3.090500e+02,0.000000e+00
3.091500e+02,0.000000e+00
3.092500e+02,0.000000e+00
3.093500e+02,0.000000e+00
3.094500e+02,0.000000e+00
3.095500e+02,0.000000e+00
3.096500e+02,0.000000e+00
3.097500e+02,0.000000e+00
3.098500e+02,0.000000e+00
3.099500e+02,0.000000e+00
3.100500e+02,0.000000e+00
3.101500e+02,0.000000e+00
3.102500e+02,0.000000e+00
3.103500e+02,0.000000e+00
3.104500e+02,0.000000e+00
3.105500e+02,0.000000e+00
3.106500e+02,0.000000e+00
3.107500e+02,0.000000e+00
3.108500e+02,0.000000e+00
3.109500e+02,0.000000e+00
3.110500e+02,0.000000e+00
3.111500e+02,0.000000e+00
3.112500e+02,0.000000e+00
3.113500e+02,0.000000e+00
3.114500e+02,0.000000e+00
3.115500e+02,0.000000e+00
3.116500e+02,0.000000e+00
3.117500e+02,0.000000e+00
3.118500e+02,0.000000e+00
3.119500e+02,0.000000e+00
3.120500e+02,0.000000e+00
3.121500e+02,0.000000e+00
3.122500e+02,0.000000e+00
3.123500e+02,0.000000e+00
3.124500e+02,0.000000e+00
3.125500e+02,0.000000e+00
3.126500e+02,0.000000e+00
3.127500e+02,0.000000e+00
3.128500e+02,0.000000e+00
3.129500e+02,0.000000e+00
3.130500e+02,0.000000e+00
3.131500e+02,0.000000e+00
3.132500e+02,0.000000e+00
3.133500e+02,0.000000e+00
3.134500e+02,0.000000e+00
3.135500e+02,0.000000e+00
3.136500e+02,0.000000e+00
3.137500e+02,0.000000e+00
3.138500e+02,0.000000e+00
3.139500e+02,0.000000e+00
3.140500e+02,0.000000e+00
3.141500e+02,0.000000e+00
3.142500e+02,0.000000e+00
3.143500e+02,0.000000e+00
3.144500e+02,0.000000e+00
3.145500e+02,0.000000e+00
3.146500e+02,0.000000e+00
3.147500e+02,0.000000e+00
3.148500e+02,0.000000e+00
3.149500e+02,0.000000e+00
3.150500e+02,0.000000e+00
3.151500e+02,0.000000e+00
3.152500e+02,0.000000e+00
3.153500e+02,0.000000e+00
3.154500e+02,0.000000e+00
3.155500e+02,0.000000e+00
3.156500e+02,0.000000e+00
3.157500e+02,0.000000e+00
3.158500e+02,0.000000e+00
3.159500e+02,0.000000e+00
3.160500e+02,0.000000e+00
3.161500e+02,0.000000e+00
3.162500e+02,0.000000e+00
3.163500e+02,0.000000e+00
3.164500e+02,0.000000e+00
3.165500e+02,0.000000e+00
3.166500e+02,0.000000e+00
3.167500e+02,0.000000e+00
3.168500e+02,0.000000e+00
3.169500e+02,0.000000e+00
3.170500e+02,0.000000e+00
3.171500e+02,0.000000e+00
3.172500e+02,0.000000e+00
3.173500e+02,0.000000e+00
3.174500e+02,0.000000e+00
3.175500e+02,0.000000e+00
3.176500e+02,0.000000e+00
3.177500e+02,0.000000e+00
3.178500e+02,0.000000e+00
3.179500e+02,0.000000e+00
3.180500e+02,0.000000e+00
3.181500e+02,0.000000e+00
3.182500e+02,0.000000e+00
3.183500e+02,0.000000e+00
3.184500e+02,0.000000e+00
3.185500e+02,0.000000e+00
3.186500e+02,0.000000e+00
3.187500e+02,0.000000e+00
3.188500e+02,0.000000e+00
3.189500e+02,0.000000e+00
3.190500e+02,0.000000e+00
3.191500e+02,0.000000e+00
3.192500e+02,0.000000e+00
3.193500e+02,0.000000e+00
3.194500e+02,0.000000e+00
3.195500e+02,0.000000e+00
3.196500e+02,0.000000e+00
3.197500e+02,0.000000e+00
3.198500e+02,0.000000e+00
3.199500e+02,0.000000e+00
3.200500e+02,0.000000e+00
3.201500e+02,0.000000e+00
3.202500e+02,0.000000e+00
3.203500e+02,0.000000e+00
3.204500e+02,0.000000e+00
3.205500e+02,0.000000e+00
3.206500e+02,0.000000e+00
3.207500e+02,0.000000e+00
3.208500e+02,0.000000e+00
3.209500e+02,0.000000e+00
3.210500e+02,0.000000e+00
3.211500e+02,0.000000e+00
3.212500e+02,0.000000e+00
3.213500e+02,0.000000e+00
3.214500e+02,0.000000e+00
3.215500e+02,0.000000e+00
3.216500e+02,0.000000e+00
3.217500e+02,0.000000e+00
3.218500e+02,0.000000e+00
3.219500e+02,0.000000e+00
3.220500e+02,0.000000e+00
3.221500e+02,0.000000e+00
3.222500e+02,0.000000e+00
3.223500e+02,0.000000e+00
3.224500e+02,0.000000e+00
3.225500e+02,0.000000e+00
3.226500e+02,0.000000e+00
3.227500e+02,0.000000e+00
3.228500e+02,0.000000e+00
3.229500e+02,0.000000e+00
3.230500e+02,0.000000e+00
3.231500e+02,0.000000e+00
3.232500e+02,0.000000e+00
3.233500e+02,0.000000e+00
3.234500e+02,0.000000e+00
3.235500e+02,0.000000e+00
3.236500e+02,0.000000e+00
3.237500e+02,0.000000e+00
3.238500e+02,0.000000e+00
3.239500e+02,0.000000e+00
3.240500e+02,0.000000e+00
3.241500e+02,0.000000e+00
3.242500e+02,0.000000e+00
3.243500e+02,0.000000e+00
3.244500e+02,0.000000e+00
3.245500e+02,0.000000e+00
3.246500e+02,0.000000e+00
3.247500e+02,0.000000e+00
3.248500e+02,0.000000e+00
3.249500e+02,0.000000e+00
3.250500e+02,0.000000e+00
3.251500e+02,0.000000e+00
3.252500e+02,0.000000e+00
3.253500e+02,0.000000e+00
3.254500e+02,0.000000e+00
3.255500e+02,0.000000e+00
3.256500e+02,0.000000e+00
3.257500e+02,0.000000e+00
3.258500e+02,0.000000e+00
3.259500e+02,0.000000e+00
3.260500e+02,0.000000e+00
3.261500e+02,0.000000e+00
3.262500e+02,0.000000e+00
3.263500e+02,0.000000e+00
3.264500e+02,0.000000e+00
3.265500e+02,0.000000e+00
3.266500e+02,0.000000e+00
3.267500e+02,0.000000e+00
3.268500e+02,0.000000e+00
3.269500e+02,0.000000e+00
3.270500e+02,0.000000e+00
3.271500e+02,0.000000e+00
3.272500e+02,0.000000e+00
3.273500e+02,0.000000e+00
3.274500e+02,0.000000e+00
3.275500e+02,0.000000e+00
3.276500e+02,0.000000e+00
3.277500e+02,0.000000e+00
3.278500e+02,0.000000e+00
3.279500e+02,0.000000e+00
3.280500e+02,0.000000e+00
3.281500e+02,0.000000e+00
3.282500e+02,0.000000e+00
3.283500e+02,0.000000e+00
3.284500e+02,0.000000e+00
3.285500e+02,0.000000e+00
3.286500e+02,0.000000e+00
3.287500e+02,0.000000e+00
3.288500e+02,0.000000e+00
3.289500e+02,0.000000e+00
3.290500e+02,0.000000e+00
3.291500e+02,0.000000e+00
3.292500e+02,0.000000e+00
3.293500e+02,0.000000e+00
3.294500e+02,0.000000e+00
3.295500e+02,0.000000e+00
3.296500e+02,0.000000e+00
3.297500e+02,0.000000e+00
3.298500e+02,0.000000e+00
3.299500e+02,0.000000e+00
3.300500e+02,0.000000e+00
3.301500e+02,0.000000e+00
3.302500e+02,0.000000e+00
3.303500e+02,0.000000e+00
3.304500e+02,0.000000e+00
3.305500e+02,0.000000e+00
3.306500e+02,0.000000e+00
3.307500e+02,0.000000e+00
3.308500e+02,0.000000e+00
3.309500e+02,0.000000e+00
3.310500e+02,0.000000e+00
3.311500e+02,0.000000e+00
3.312500e+02,0.000000e+00
3.313500e+02,0.000000e+00
3.314500e+02,0.000000e+00
3.315500e+02,0.000000e+00
3.316500e+02,0.000000e+00
3.317500e+02,0.000000e+00
3.318500e+02,0.000000e+00
3.319500e+02,0.000000e+00
3.320500e+02,0.000000e+00
3.321500e+02,0.000000e+00
3.322500e+02,0.000000e+00
3.323500e+02,0.000000e+00
3.324500e+02,0.000000e+00
3.325500e+02,0.000000e+00
3.326500e+02,0.000000e+00
3.327500e+02,0.000000e+00
3.328500e+02,0.000000e+00
3.329500e+02,0.000000e+00
3.330500e+02,0.000000e+00
3.331500e+02,0.000000e+00
3.332500e+02,0.000000e+00
3.333500e+02,0.000000e+00
3.334500e+02,0.000000e+00
3.335500e+02,0.000000e+00
3.336500e+02,0.000000e+00
3.337500e+02,0.000000e+00
3.338500e+02,0.000000e+00
3.339500e+02,0.000000e+00
3.340500e+02,0.000000e+00
3.341500e+02,0.000000e+00
3.342500e+02,0.000000e+00
3.343500e+02,0.000000e+00
3.344500e+02,0.000000e+00
3.345500e+02,0.000000e+00
3.346500e+02,0.000000e+00
3.347500e+02,0.000000e+00
3.348500e+02,0.000000e+00
3.349500e+02,0.000000e+00
3.350500e+02,0.000000e+00
3.351500e+02,0.000000e+00
3.352500e+02,0.000000e+00
3.353500e+02,0.000000e+00
3.354500e+02,0.000000e+00
3.355500e+02,0.000000e+00
3.356500e+02,0.000000e+00
3.357500e+02,0.000000e+00
3.358500e+02,0.000000e+00
3.359500e+02,0.000000e+00
3.360500e+02,0.000000e+00
3.361500e+02,0.000000e+00
3.362500e+02,0.000000e+00
3.363500e+02,0.000000e+00
3.364500e+02,0.000000e+00
3.365500e+02,0.000000e+00
3.366500e+02,0.000000e+00
3.367500e+02,0.000000e+00
3.368500e+02,0.000000e+00
3.369500e+02,0.000000e+00
3.370500e+02,0.000000e+00
3.371500e+02,0.000000e+00
3.372500e+02,0.000000e+00
3.373500e+02,0.000000e+00
3.374500e+02,0.000000e+00
3.375500e+02,0.000000e+00
3.376500e+02,0.000000e+00
3.377500e+02,0.000000e+00
3.378500e+02,0.000000e+00
3.379500e+02,0.000000e+00
3.380500e+02,0.000000e+00
3.381500e+02,0.000000e+00
3.382500e+02,0.000000e+00
3.383500e+02,0.000000e+00
3.384500e+02,0.000000e+00
3.385500e+02,0.000000e+00
3.386500e+02,0.000000e+00
3.387500e+02,0.000000e+00
3.388500e+02,0.000000e+00
3.389500e+02,0.000000e+00
3.390500e+02,0.000000e+00
3.391500e+02,0.000000e+00
3.392500e+02,0.000000e+00
3.393500e+02,0.000000e+00
3.394500e+02,0.000000e+00
3.395500e+02,0.000000e+00
3.396500e+02,0.000000e+00
3.397500e+02,0.000000e+00
3.398500e+02,0.000000e+00
3.399500e+02,0.000000e+00
3.400500e+02,0.000000e+00
3.401500e+02,0.000000e+00
3.402500e+02,0.000000e+00
3.403500e+02,0.000000e+00
3.404500e+02,0.000000e+00
3.405500e+02,0.000000e+00
3.406500e+02,0.000000e+00
3.407500e+02,0.000000e+00
3.408500e+02,0.000000e+00
3.409500e+02,0.000000e+00
3.410500e+02,0.000000e+00
3.411500e+02,0.000000e+00
3.412500e+02,0.000000e+00
3.413500e+02,0.000000e+00
3.414500e+02,0.000000e+00
3.415500e+02,0.000000e+00
3.416500e+02,0.000000e+00
3.417500e+02,0.000000e+00
3.418500e+02,0.000000e+00
3.419500e+02,0.000000e+00
3.420500e+02,0.000000e+00
3.421500e+02,0.000000e+00
3.422500e+02,0.000000e+00
3.423500e+02,0.000000e+00
3.424500e+02,0.000000e+00
3.425500e+02,0.000000e+00
3.426500e+02,0.000000e+00
3.427500e+02,0.000000e+00
3.428500e+02,0.000000e+00
3.429500e+02,0.000000e+00
3.430500e+02,0.000000e+00
3.431500e+02,0.000000e+00
3.432500e+02,0.000000e+00
3.433500e+02,0.000000e+00
3.434500e+02,0.000000e+00
3.435500e+02,0.000000e+00
3.436500e+02,0.000000e+00
3.437500e+02,0.000000e+00
3.438500e+02,0.000000e+00
3.439500e+02,0.000000e+00
3.440500e+02,0.000000e+00
3.441500e+02,0.000000e+00
3.442500e+02,0.000000e+00
3.443500e+02,0.000000e+00
3.444500e+02,0.000000e+00
3.445500e+02,0.000000e+00
3.446500e+02,0.000000e+00
3.447500e+02,0.000000e+00
3.448500e+02,0.000000e+00
3.449500e+02,0.000000e+00
3.450500e+02,0.000000e+00
3.451500e+02,0.000000e+00
3.452500e+02,0.000000e+00
3.453500e+02,0.000000e+00
3.454500e+02,0.000000e+00
3.455500e+02,0.000000e+00
3.456500e+02,0.000000e+00
3.457500e+02,0.000000e+00
3.458500e+02,0.000000e+00
3.459500e+02,0.000000e+00
3.460500e+02,0.000000e+00
3.461500e+02,0.000000e+00
3.462500e+02,0.000000e+00
3.463500e+02,0.000000e+00
3.464500e+02,0.000000e+00
3.465500e+02,0.000000e+00
3.466500e+02,0.000000e+00
3.467500e+02,0.000000e+00
3.468500e+02,0.000000e+00
3.469500e+02,0.000000e+00
3.470500e+02,0.000000e+00
3.471500e+02,0.000000e+00
3.472500e+02,0.000000e+00
3.473500e+02,0.000000e+00
3.474500e+02,0.000000e+00
3.475500e+02,0.000000e+00
3.476500e+02,0.000000e+00
3.477500e+02,0.000000e+00
3.478500e+02,0.000000e+00
3.479500e+02,0.000000e+00
3.480500e+02,0.000000e+00
3.481500e+02,0.000000e+00
3.482500e+02,0.000000e+00
3.483500e+02,0.000000e+00
3.484500e+02,0.000000e+00
3.485500e+02,0.000000e+00
3.486500e+02,0.000000e+00
3.487500e+02,0.000000e+00
3.488500e+02,0.000000e+00
3.489500e+02,0.000000e+00
3.490500e+02,0.000000e+00
3.491500e+02,0.000000e+00
3.492500e+02,0.000000e+00
3.493500e+02,0.000000e+00
3.494500e+02,0.000000e+00
3.495500e+02,0.000000e+00
3.496500e+02,0.000000e+00
3.497500e+02,0.000000e+00
3.498500e+02,0.000000e+00
3.499500e+02,0.000000e+00
3.500500e+02,0.000000e+00
3.501500e+02,0.000000e+00
3.502500e+02,0.000000e+00
3.503500e+02,0.000000e+00
3.504500e+02,0.000000e+00
3.505500e+02,0.000000e+00
3.506500e+02,0.000000e+00
3.507500e+02,0.000000e+00
3.508500e+02,0.000000e+00
3.509500e+02,0.000000e+00
3.510500e+02,0.000000e+00
3.511500e+02,0.000000e+00
3.512500e+02,0.000000e+00
3.513500e+02,0.000000e+00
3.514500e+02,0.000000e+00
3.515500e+02,0.000000e+00
3.516500e+02,0.000000e+00
3.517500e+02,0.000000e+00
3.518500e+02,0.000000e+00
3.519500e+02,0.000000e+00
3.520500e+02,0.000000e+00
3.521500e+02,0.000000e+00
3.522500e+02,0.000000e+00
3.523500e+02,0.000000e+00
3.524500e+02,0.000000e+00
3.525500e+02,0.000000e+00
3.526500e+02,0.000000e+00
3.527500e+02,0.000000e+00
3.528500e+02,0.000000e+00
3.529500e+02,0.000000e+00
3.530500e+02,0.000000e+00
3.531500e+02,0.000000e+00
3.532500e+02,0.000000e+00
3.533500e+02,0.000000e+00
3.534500e+02,0.000000e+00
3.535500e+02,0.000000e+00
3.536500e+02,0.000000e+00
3.537500e+02,0.000000e+00
3.538500e+02,0.000000e+00
3.539500e+02,0.000000e+00
3.540500e+02,0.000000e+00
3.541500e+02,0.000000e+00
3.542500e+02,0.000000e+00
3.543500e+02,0.000000e+00
3.544500e+02,0.000000e+00
3.545500e+02,0.000000e+00
3.546500e+02,0.000000e+00
3.547500e+02,0.000000e+00
3.548500e+02,0.000000e+00
3.549500e+02,0.000000e+00
3.550500e+02,0.000000e+00
3.551500e+02,0.000000e+00
3.552500e+02,0.000000e+00
3.553500e+02,0.000000e+00
3.554500e+02,0.000000e+00
3.555500e+02,0.000000e+00
3.556500e+02,0.000000e+00
3.557500e+02,0.000000e+00
3.558500e+02,0.000000e+00
3.559500e+02,0.000000e+00
3.560500e+02,0.000000e+00
3.561500e+02,0.000000e+00
3.562500e+02,0.000000e+00
3.563500e+02,0.000000e+00
3.564500e+02,0.000000e+00
3.565500e+02,0.000000e+00
3.566500e+02,0.000000e+00
3.567500e+02,0.000000e+00
3.568500e+02,0.000000e+00
3.569500e+02,0.000000e+00
3.570500e+02,0.000000e+00
3.571500e+02,0.000000e+00
3.572500e+02,0.000000e+00
3.573500e+02,0.000000e+00
3.574500e+02,0.000000e+00
3.575500e+02,0.000000e+00
3.576500e+02,0.000000e+00
3.577500e+02,0.000000e+00
3.578500e+02,0.000000e+00
3.579500e+02,0.000000e+00
3.580500e+02,0.000000e+00
3.581500e+02,0.000000e+00
3.582500e+02,0.000000e+00
3.583500e+02,0.000000e+00
3.584500e+02,0.000000e+00
3.585500e+02,0.000000e+00
3.586500e+02,0.000000e+00
3.587500e+02,0.000000e+00
3.588500e+02,0.000000e+00
3.589500e+02,0.000000e+00
3.590500e+02,0.000000e+00
3.591500e+02,0.000000e+00
3.592500e+02,0.000000e+00
3.593500e+02,0.000000e+00
3.594500e+02,0.000000e+00
3.595500e+02,0.000000e+00
3.596500e+02,0.000000e+00
3.597500e+02,0.000000e+00
3.598500e+02,0.000000e+00
3.599500e+02,0.000000e+00
3.600500e+02,0.000000e+00
3.601500e+02,0.000000e+00
3.602500e+02,0.000000e+00
3.603500e+02,0.000000e+00
3.604500e+02,0.000000e+00
3.605500e+02,0.000000e+00
3.606500e+02,0.000000e+00
3.607500e+02,0.000000e+00
3.608500e+02,0.000000e+00
3.609500e+02,0.000000e+00
3.610500e+02,0.000000e+00
3.611500e+02,0.000000e+00
3.612500e+02,0.000000e+00
3.613500e+02,0.000000e+00
3.614500e+02,0.000000e+00
3.615500e+02,0.000000e+00
3.616500e+02,0.000000e+00
3.617500e+02,0.000000e+00
3.618500e+02,0.000000e+00
3.619500e+02,0.000000e+00
3.620500e+02,0.000000e+00
3.621500e+02,0.000000e+00
3.622500e+02,0.000000e+00
3.623500e+02,0.000000e+00
3.624500e+02,0.000000e+00
3.625500e+02,0.000000e+00
3.626500e+02,0.000000e+00
3.627500e+02,0.000000e+00
3.628500e+02,0.000000e+00
3.629500e+02,0.000000e+00
3.630500e+02,0.000000e+00
3.631500e+02,0.000000e+00
3.632500e+02,0.000000e+00
3.633500e+02,0.000000e+00
3.634500e+02,0.000000e+00
3.635500e+02,0.000000e+00
3.636500e+02,0.000000e+00
3.637500e+02,0.000000e+00
3.638500e+02,0.000000e+00
3.639500e+02,0.000000e+00
3.640500e+02,0.000000e+00
3.641500e+02,0.000000e+00
3.642500e+02,0.000000e+00
3.643500e+02,0.000000e+00
3.644500e+02,0.000000e+00
3.645500e+02,0.000000e+00
3.646500e+02,0.000000e+00
3.647500e+02,0.000000e+00
3.648500e+02,0.000000e+00
3.649500e+02,0.000000e+00
3.650500e+02,0.000000e+00
3.651500e+02,0.000000e+00
3.652500e+02,0.000000e+00
3.653500e+02,0.000000e+00
3.654500e+02,0.000000e+00
3.655500e+02,0.000000e+00
3.656500e+02,0.000000e+00
3.657500e+02,0.000000e+00
3.658500e+02,0.000000e+00
3.659500e+02,0.000000e+00
3.660500e+02,0.000000e+00
3.661500e+02,0.000000e+00
3.662500e+02,0.000000e+00
3.663500e+02,0.000000e+00
3.664500e+02,0.000000e+00
3.665500e+02,0.000000e+00
3.666500e+02,0.000000e+00
3.667500e+02,0.000000e+00
3.668500e+02,0.000000e+00
3.669500e+02,0.000000e+00
3.670500e+02,0.000000e+00
3.671500e+02,0.000000e+00
3.672500e+02,0.000000e+00
3.673500e+02,0.000000e+00
3.674500e+02,0.000000e+00
3.675500e+02,0.000000e+00
3.676500e+02,0.000000e+00
3.677500e+02,0.000000e+00
3.678500e+02,0.000000e+00
3.679500e+02,0.000000e+00
3.680500e+02,0.000000e+00
3.681500e+02,0.000000e+00
3.682500e+02,0.000000e+00
3.683500e+02,0.000000e+00
3.684500e+02,0.000000e+00
3.685500e+02,0.000000e+00
3.686500e+02,0.000000e+00
3.687500e+02,0.000000e+00
3.688500e+02,0.000000e+00
3.689500e+02,0.000000e+00
3.690500e+02,0.000000e+00
3.691500e+02,0.000000e+00
3.692500e+02,0.000000e+00
3.693500e+02,0.000000e+00
3.694500e+02,0.000000e+00
3.695500e+02,0.000000e+00
3.696500e+02,0.000000e+00
3.697500e+02,0.000000e+00
3.698500e+02,0.000000e+00
3.699500e+02,0.000000e+00
3.700500e+02,0.000000e+00
3.701500e+02,0.000000e+00
3.702500e+02,0.000000e+00
3.703500e+02,0.000000e+00
3.704500e+02,0.000000e+00
3.705500e+02,0.000000e+00
3.706500e+02,0.000000e+00
3.707500e+02,0.000000e+00
3.708500e+02,0.000000e+00
3.709500e+02,0.000000e+00
3.710500e+02,0.000000e+00
3.711500e+02,0.000000e+00
3.712500e+02,0.000000e+00
3.713500e+02,0.000000e+00
3.714500e+02,0.000000e+00
3.715500e+02,0.000000e+00
3.716500e+02,0.000000e+00
3.717500e+02,0.000000e+00
3.718500e+02,0.000000e+00
3.719500e+02,0.000000e+00
3.720500e+02,0.000000e+00
3.721500e+02,0.000000e+00
3.722500e+02,0.000000e+00
3.723500e+02,0.000000e+00
3.724500e+02,0.000000e+00
3.725500e+02,0.000000e+00
3.726500e+02,0.000000e+00
3.727500e+02,0.000000e+00
3.728500e+02,0.000000e+00
3.729500e+02,0.000000e+00
3.730500e+02,0.000000e+00
3.731500e+02,0.000000e+00
3.732500e+02,0.000000e+00
3.733500e+02,0.000000e+00
3.734500e+02,0.000000e+00
3.735500e+02,0.000000e+00
3.736500e+02,0.000000e+00
3.737500e+02,0.000000e+00
3.738500e+02,0.000000e+00
3.739500e+02,0.000000e+00
3.740500e+02,0.000000e+00
3.741500e+02,0.000000e+00
3.742500e+02,0.000000e+00
3.743500e+02,0.000000e+00
3.744500e+02,0.000000e+00
3.745500e+02,0.000000e+00
3.746500e+02,0.000000e+00
3.747500e+02,0.000000e+00
3.748500e+02,0.000000e+00
3.749500e+02,0.000000e+00
3.750500e+02,0.000000e+00
3.751500e+02,0.000000e+00
3.752500e+02,0.000000e+00
3.753500e+02,0.000000e+00
3.754500e+02,0.000000e+00
3.755500e+02,0.000000e+00
3.756500e+02,0.000000e+00
3.757500e+02,0.000000e+00
3.758500e+02,0.000000e+00
3.759500e+02,0.000000e+00
3.760500e+02,0.000000e+00
3.761500e+02,0.000000e+00
3.762500e+02,0.000000e+00
3.763500e+02,0.000000e+00
3.764500e+02,0.000000e+00
3.765500e+02,0.000000e+00
3.766500e+02,0.000000e+00
3.767500e+02,0.000000e+00
3.768500e+02,0.000000e+00
3.769500e+02,0.000000e+00
3.770500e+02,0.000000e+00
3.771500e+02,0.000000e+00
3.772500e+02,0.000000e+00
3.773500e+02,0.000000e+00
3.774500e+02,0.000000e+00
3.775500e+02,0.000000e+00
3.776500e+02,0.000000e+00
3.777500e+02,0.000000e+00
3.778500e+02,0.000000e+00
3.779500e+02,0.000000e+00
3.780500e+02,0.000000e+00
3.781500e+02,0.000000e+00
3.782500e+02,0.000000e+00
3.783500e+02,0.000000e+00
3.784500e+02,0.000000e+00
3.785500e+02,0.000000e+00
3.786500e+02,0.000000e+00
3.787500e+02,0.000000e+00
3.788500e+02,0.000000e+00
3.789500e+02,0.000000e+00
3.790500e+02,0.000000e+00
3.791500e+02,0.000000e+00
3.792500e+02,0.000000e+00
3.793500e+02,0.000000e+00
3.794500e+02,0.000000e+00
3.795500e+02,0.000000e+00
3.796500e+02,0.000000e+00
3.797500e+02,0.000000e+00
3.798500e+02,0.000000e+00
3.799500e+02,0.000000e+00
3.800500e+02,0.000000e+00
3.801500e+02,0.000000e+00
3.802500e+02,0.000000e+00
3.803500e+02,0.000000e+00
3.804500e+02,0.000000e+00
3.805500e+02,0.000000e+00
3.806500e+02,0.000000e+00
3.807500e+02,0.000000e+00
3.808500e+02,0.000000e+00
3.809500e+02,0.000000e+00
3.810500e+02,0.000000e+00
3.811500e+02,0.000000e+00
3.812500e+02,0.000000e+00
3.813500e+02,0.000000e+00
3.814500e+02,0.000000e+00
3.815500e+02,0.000000e+00
3.816500e+02,0.000000e+00
3.817500e+02,0.000000e+00
3.818500e+02,0.000000e+00
3.819500e+02,0.000000e+00
3.820500e+02,0.000000e+00
3.821500e+02,0.000000e+00
3.822500e+02,0.000000e+00
3.823500e+02,0.000000e+00
3.824500e+02,0.000000e+00
3.825500e+02,0.000000e+00
3.826500e+02,0.000000e+00
3.827500e+02,0.000000e+00
3.828500e+02,0.000000e+00
3.829500e+02,0.000000e+00
3.830500e+02,0.000000e+00
3.831500e+02,0.000000e+00
3.832500e+02,0.000000e+00
3.833500e+02,0.000000e+00
3.834500e+02,0.000000e+00
3.835500e+02,0.000000e+00
3.836500e+02,0.000000e+00
3.837500e+02,0.000000e+00
3.838500e+02,0.000000e+00
3.839500e+02,0.000000e+00
3.840500e+02,0.000000e+00
3.841500e+02,0.000000e+00
3.842500e+02,0.000000e+00
3.843500e+02,0.000000e+00
3.844500e+02,0.000000e+00
3.845500e+02,0.000000e+00
3.846500e+02,0.000000e+00
3.847500e+02,0.000000e+00
3.848500e+02,0.000000e+00
3.849500e+02,0.000000e+00
3.850500e+02,0.000000e+00
3.851500e+02,0.000000e+00
3.852500e+02,0.000000e+00
3.853500e+02,0.000000e+00
3.854500e+02,0.000000e+00
3.855500e+02,0.000000e+00
3.856500e+02,0.000000e+00
3.857500e+02,0.000000e+00
3.858500e+02,0.000000e+00
3.859500e+02,0.000000e+00
3.860500e+02,0.000000e+00
3.861500e+02,0.000000e+00
3.862500e+02,0.000000e+00
3.863500e+02,0.000000e+00
3.864500e+02,0.000000e+00
3.865500e+02,0.000000e+00
3.866500e+02,0.000000e+00
3.867500e+02,0.000000e+00
3.868500e+02,0.000000e+00
3.869500e+02,0.000000e+00
3.870500e+02,0.000000e+00
3.871500e+02,0.000000e+00
3.872500e+02,0.000000e+00
3.873500e+02,0.000000e+00
3.874500e+02,0.000000e+00
3.875500e+02,0.000000e+00
3.876500e+02,0.000000e+00
3.877500e+02,0.000000e+00
3.878500e+02,0.000000e+00
3.879500e+02,0.000000e+00
3.880500e+02,0.000000e+00
3.881500e+02,0.000000e+00
3.882500e+02,0.000000e+00
3.883500e+02,0.000000e+00
3.884500e+02,0.000000e+00
3.885500e+02,0.000000e+00
3.886500e+02,0.000000e+00
3.887500e+02,0.000000e+00
3.888500e+02,0.000000e+00
3.889500e+02,0.000000e+00
3.890500e+02,0.000000e+00
3.891500e+02,0.000000e+00
3.892500e+02,0.000000e+00
3.893500e+02,0.000000e+00
3.894500e+02,0.000000e+00
3.895500e+02,0.000000e+00
3.896500e+02,0.000000e+00
3.897500e+02,0.000000e+00
3.898500e+02,0.000000e+00
3.899500e+02,0.000000e+00
3.900500e+02,0.000000e+00
3.901500e+02,0.000000e+00
3.902500e+02,0.000000e+00
3.903500e+02,0.000000e+00
3.904500e+02,0.000000e+00
3.905500e+02,0.000000e+00
3.906500e+02,0.000000e+00
3.907500e+02,0.000000e+00
3.908500e+02,0.000000e+00
3.909500e+02,0.000000e+00
3.910500e+02,0.000000e+00
3.911500e+02,0.000000e+00
3.912500e+02,0.000000e+00
3.913500e+02,0.000000e+00
3.914500e+02,0.000000e+00
3.915500e+02,0.000000e+00
3.916500e+02,0.000000e+00
3.917500e+02,0.000000e+00
3.918500e+02,0.000000e+00
3.919500e+02,0.000000e+00
3.920500e+02,0.000000e+00
3.921500e+02,0.000000e+00
3.922500e+02,0.000000e+00
3.923500e+02,0.000000e+00
3.924500e+02,0.000000e+00
3.925500e+02,0.000000e+00
3.926500e+02,0.000000e+00
3.927500e+02,0.000000e+00
3.928500e+02,0.000000e+00
3.929500e+02,0.000000e+00
3.930500e+02,0.000000e+00
3.931500e+02,0.000000e+00
3.932500e+02,0.000000e+00
3.933500e+02,0.000000e+00
3.934500e+02,0.000000e+00
3.935500e+02,0.000000e+00
3.936500e+02,0.000000e+00
3.937500e+02,0.000000e+00
3.938500e+02,0.000000e+00
3.939500e+02,0.000000e+00
3.940500e+02,0.000000e+00
3.941500e+02,0.000000e+00
3.942500e+02,0.000000e+00
3.943500e+02,0.000000e+00
3.944500e+02,0.000000e+00
3.945500e+02,0.000000e+00
3.946500e+02,0.000000e+00
3.947500e+02,0.000000e+00
3.948500e+02,0.000000e+00
3.949500e+02,0.000000e+00
3.950500e+02,0.000000e+00
3.951500e+02,0.000000e+00
3.952500e+02,0.000000e+00
3.953500e+02,0.000000e+00
3.954500e+02,0.000000e+00
3.955500e+02,0.000000e+00
3.956500e+02,0.000000e+00
3.957500e+02,0.000000e+00
3.958500e+02,0.000000e+00
3.959500e+02,0.000000e+00
3.960500e+02,0.000000e+00
3.961500e+02,0.000000e+00
3.962500e+02,0.000000e+00
3.963500e+02,0.000000e+00
3.964500e+02,0.000000e+00
3.965500e+02,0.000000e+00
3.966500e+02,0.000000e+00
3.967500e+02,0.000000e+00
3.968500e+02,0.000000e+00
3.969500e+02,0.000000e+00
3.970500e+02,0.000000e+00
3.971500e+02,0.000000e+00
3.972500e+02,0.000000e+00
3.973500e+02,0.000000e+00
3.974500e+02,0.000000e+00
3.975500e+02,0.000000e+00
3.976500e+02,0.000000e+00
3.977500e+02,0.000000e+00
3.978500e+02,0.000000e+00
3.979500e+02,0.000000e+00
3.980500e+02,0.000000e+00
3.981500e+02,0.000000e+00
3.982500e+02,0.000000e+00
3.983500e+02,0.000000e+00
3.984500e+02,0.000000e+00
3.985500e+02,0.000000e+00
3.986500e+02,0.000000e+00
3.987500e+02,0.000000e+00
3.988500e+02,0.000000e+00
3.989500e+02,0.000000e+00
3.990500e+02,0.000000e+00
3.991500e+02,0.000000e+00
3.992500e+02,0.000000e+00
3.993500e+02,0.000000e+00
3.994500e+02,0.000000e+00
3.995500e+02,0.000000e+00
3.996500e+02,0.000000e+00
3.997500e+02,0.000000e+00
3.998500e+02,0.000000e+00
3.999500e+02,0.000000e+00
4.000500e+02,0.000000e+00
4.001500e+02,0.000000e+00
4.002500e+02,0.000000e+00
4.003500e+02,0.000000e+00
4.004500e+02,0.000000e+00
4.005500e+02,0.000000e+00
4.006500e+02,0.000000e+00
4.007500e+02,0.000000e+00
4.008500e+02,0.000000e+00
4.009500e+02,0.000000e+00
4.010500e+02,0.000000e+00
4.011500e+02,0.000000e+00
4.012500e+02,0.000000e+00
4.013500e+02,0.000000e+00
4.014500e+02,0.000000e+00
4.015500e+02,0.000000e+00
4.016500e+02,0.000000e+00
4.017500e+02,0.000000e+00
4.018500e+02,0.000000e+00
4.019500e+02,0.000000e+00
4.020500e+02,0.000000e+00
4.021500e+02,0.000000e+00
4.022500e+02,0.000000e+00
4.023500e+02,0.000000e+00
4.024500e+02,0.000000e+00
4.025500e+02,0.000000e+00
4.026500e+02,0.000000e+00
4.027500e+02,0.000000e+00
4.028500e+02,0.000000e+00
4.029500e+02,0.000000e+00
4.030500e+02,0.000000e+00
4.031500e+02,0.000000e+00
4.032500e+02,0.000000e+00
4.033500e+02,0.000000e+00
4.034500e+02,0.000000e+00
4.035500e+02,0.000000e+00
4.036500e+02,0.000000e+00
4.037500e+02,0.000000e+00
4.038500e+02,0.000000e+00
4.039500e+02,0.000000e+00
4.040500e+02,0.000000e+00
4.041500e+02,0.000000e+00
4.042500e+02,0.000000e+00
4.043500e+02,0.000000e+00
4.044500e+02,0.000000e+00
4.045500e+02,0.000000e+00
4.046500e+02,0.000000e+00
4.047500e+02,0.000000e+00
4.048500e+02,0.000000e+00
4.049500e+02,0.000000e+00
4.050500e+02,0.000000e+00
4.051500e+02,0.000000e+00
4.052500e+02,0.000000e+00
4.053500e+02,0.000000e+00
4.054500e+02,0.000000e+00
4.055500e+02,0.000000e+00
4.056500e+02,0.000000e+00
4.057500e+02,0.000000e+00
4.058500e+02,0.000000e+00
4.059500e+02,0.000000e+00
4.060500e+02,0.000000e+00
4.061500e+02,0.000000e+00
4.062500e+02,0.000000e+00
4.063500e+02,0.000000e+00
4.064500e+02,0.000000e+00
4.065500e+02,0.000000e+00
4.066500e+02,0.000000e+00
4.067500e+02,0.000000e+00
4.068500e+02,0.000000e+00
4.069500e+02,0.000000e+00
4.070500e+02,0.000000e+00
4.071500e+02,0.000000e+00
4.072500e+02,0.000000e+00
4.073500e+02,0.000000e+00
4.074500e+02,0.000000e+00
4.075500e+02,0.000000e+00
4.076500e+02,0.000000e+00
4.077500e+02,0.000000e+00
4.078500e+02,0.000000e+00
4.079500e+02,0.000000e+00
4.080500e+02,0.000000e+00
4.081500e+02,0.000000e+00
4.082500e+02,0.000000e+00
4.083500e+02,0.000000e+00
4.084500e+02,0.000000e+00
4.085500e+02,0.000000e+00
4.086500e+02,0.000000e+00
4.087500e+02,0.000000e+00
4.088500e+02,0.000000e+00
4.089500e+02,0.000000e+00
4.090500e+02,0.000000e+00
4.091500e+02,0.000000e+00
4.092500e+02,0.000000e+00
4.093500e+02,0.000000e+00
4.094500e+02,0.000000e+00
4.095500e+02,0.000000e+00
4.096500e+02,0.000000e+00
4.097500e+02,0.000000e+00
4.098500e+02,0.000000e+00
4.099500e+02,0.000000e+00
4.100500e+02,0.000000e+00
4.101500e+02,0.000000e+00
4.102500e+02,0.000000e+00
4.103500e+02,0.000000e+00
4.104500e+02,0.000000e+00
4.105500e+02,0.000000e+00
4.106500e+02,0.000000e+00
4.107500e+02,0.000000e+00
4.108500e+02,0.000000e+00
4.109500e+02,0.000000e+00
4.110500e+02,0.000000e+00
4.111500e+02,0.000000e+00
4.112500e+02,0.000000e+00
4.113500e+02,0.000000e+00
4.114500e+02,0.000000e+00
4.115500e+02,0.000000e+00
4.116500e+02,0.000000e+00
4.117500e+02,0.000000e+00
4.118500e+02,0.000000e+00
4.119500e+02,0.000000e+00
4.120500e+02,0.000000e+00
4.121500e+02,0.000000e+00
4.122500e+02,0.000000e+00
4.123500e+02,0.000000e+00
4.124500e+02,0.000000e+00
4.125500e+02,0.000000e+00
4.126500e+02,0.000000e+00
4.127500e+02,0.000000e+00
4.128500e+02,0.000000e+00
4.129500e+02,0.000000e+00
4.130500e+02,0.000000e+00
4.131500e+02,0.000000e+00
4.132500e+02,0.000000e+00
4.133500e+02,0.000000e+00
4.134500e+02,0.000000e+00
4.135500e+02,0.000000e+00
4.136500e+02,0.000000e+00
4.137500e+02,0.000000e+00
4.138500e+02,0.000000e+00
4.139500e+02,0.000000e+00
4.140500e+02,0.000000e+00
4.141500e+02,0.000000e+00
4.142500e+02,0.000000e+00
4.143500e+02,0.000000e+00
4.144500e+02,0.000000e+00
4.145500e+02,0.000000e+00
4.146500e+02,0.000000e+00
4.147500e+02,0.000000e+00
4.148500e+02,0.000000e+00
4.149500e+02,0.000000e+00
4.150500e+02,0.000000e+00
4.151500e+02,0.000000e+00
4.152500e+02,0.000000e+00
4.153500e+02,0.000000e+00
4.154500e+02,0.000000e+00
4.155500e+02,0.000000e+00
4.156500e+02,0.000000e+00
4.157500e+02,0.000000e+00
4.158500e+02,0.000000e+00
4.159500e+02,0.000000e+00
4.160500e+02,0.000000e+00
4.161500e+02,0.000000e+00
4.162500e+02,0.000000e+00
4.163500e+02,0.000000e+00
4.164500e+02,0.000000e+00
4.165500e+02,0.000000e+00
4.166500e+02,0.000000e+00
4.167500e+02,0.000000e+00
4.168500e+02,0.000000e+00
4.169500e+02,0.000000e+00
4.170500e+02,0.000000e+00
4.171500e+02,0.000000e+00
4.172500e+02,0.000000e+00
4.173500e+02,0.000000e+00
4.174500e+02,0.000000e+00
4.175500e+02,0.000000e+00
4.176500e+02,0.000000e+00
4.177500e+02,0.000000e+00
4.178500e+02,0.000000e+00
4.179500e+02,0.000000e+00
4.180500e+02,0.000000e+00
4.181500e+02,0.000000e+00
4.182500e+02,0.000000e+00
4.183500e+02,0.000000e+00
4.184500e+02,0.000000e+00
4.185500e+02,0.000000e+00
4.186500e+02,0.000000e+00
4.187500e+02,0.000000e+00
4.188500e+02,0.000000e+00
4.189500e+02,0.000000e+00
4.190500e+02,0.000000e+00
4.191500e+02,0.000000e+00
4.192500e+02,0.000000e+00
4.193500e+02,0.000000e+00
4.194500e+02,0.000000e+00
4.195500e+02,0.000000e+00
4.196500e+02,0.000000e+00
4.197500e+02,0.000000e+00
4.198500e+02,0.000000e+00
4.199500e+02,0.000000e+00
4.200500e+02,0.000000e+00
4.201500e+02,0.000000e+00
4.202500e+02,0.000000e+00
4.203500e+02,0.000000e+00
4.204500e+02,0.000000e+00
4.205500e+02,0.000000e+00
4.206500e+02,0.000000e+00
4.207500e+02,0.000000e+00
4.208500e+02,0.000000e+00
4.209500e+02,0.000000e+00
4.210500e+02,0.000000e+00
4.211500e+02,0.000000e+00
4.212500e+02,0.000000e+00
4.213500e+02,0.000000e+00
4.214500e+02,0.000000e+00
4.215500e+02,0.000000e+00
4.216500e+02,0.000000e+00
4.217500e+02,0.000000e+00
4.218500e+02,0.000000e+00
4.219500e+02,0.000000e+00
4.220500e+02,0.000000e+00
4.221500e+02,0.000000e+00
4.222500e+02,0.000000e+00
4.223500e+02,0.000000e+00
4.224500e+02,0.000000e+00
4.225500e+02,0.000000e+00
4.226500e+02,0.000000e+00
4.227500e+02,0.000000e+00
4.228500e+02,0.000000e+00
4.229500e+02,0.000000e+00
4.230500e+02,0.000000e+00
4.231500e+02,0.000000e+00
4.232500e+02,0.000000e+00
4.233500e+02,0.000000e+00
4.234500e+02,0.000000e+00
4.235500e+02,0.000000e+00
4.236500e+02,0.000000e+00
4.237500e+02,0.000000e+00
4.238500e+02,0.000000e+00
4.239500e+02,0.000000e+00
4.240500e+02,0.000000e+00
4.241500e+02,0.000000e+00
4.242500e+02,0.000000e+00
4.243500e+02,0.000000e+00
4.244500e+02,0.000000e+00
4.245500e+02,0.000000e+00
4.246500e+02,0.000000e+00
4.247500e+02,0.000000e+00
4.248500e+02,0.000000e+00
4.249500e+02,0.000000e+00
4.250500e+02,0.000000e+00
4.251500e+02,0.000000e+00
4.252500e+02,0.000000e+00
4.253500e+02,0.000000e+00
4.254500e+02,0.000000e+00
4.255500e+02,0.000000e+00
4.256500e+02,0.000000e+00
4.257500e+02,0.000000e+00
4.258500e+02,0.000000e+00
4.259500e+02,0.000000e+00
4.260500e+02,0.000000e+00
4.261500e+02,0.000000e+00
4.262500e+02,0.000000e+00
4.263500e+02,0.000000e+00
4.264500e+02,0.000000e+00
4.265500e+02,0.000000e+00
4.266500e+02,0.000000e+00
4.267500e+02,0.000000e+00
4.268500e+02,0.000000e+00
4.269500e+02,0.000000e+00
4.270500e+02,0.000000e+00
4.271500e+02,0.000000e+00
4.272500e+02,0.000000e+00
4.273500e+02,0.000000e+00
4.274500e+02,0.000000e+00
4.275500e+02,0.000000e+00
4.276500e+02,0.000000e+00
4.277500e+02,0.000000e+00
4.278500e+02,0.000000e+00
4.279500e+02,0.000000e+00
4.280500e+02,0.000000e+00
4.281500e+02,0.000000e+00
4.282500e+02,0.000000e+00
4.283500e+02,0.000000e+00
4.284500e+02,0.000000e+00
4.285500e+02,0.000000e+00
4.286500e+02,0.000000e+00
4.287500e+02,0.000000e+00
4.288500e+02,0.000000e+00
4.289500e+02,0.000000e+00
4.290500e+02,0.000000e+00
4.291500e+02,0.000000e+00
4.292500e+02,0.000000e+00
4.293500e+02,0.000000e+00
4.294500e+02,0.000000e+00
4.295500e+02,0.000000e+00
4.296500e+02,0.000000e+00
4.297500e+02,0.000000e+00
4.298500e+02,0.000000e+00
4.299500e+02,0.000000e+00
4.300500e+02,0.000000e+00
4.301500e+02,0.000000e+00
4.302500e+02,0.000000e+00
4.303500e+02,0.000000e+00
4.304500e+02,0.000000e+00
4.305500e+02,0.000000e+00
4.306500e+02,0.000000e+00
4.307500e+02,0.000000e+00
4.308500e+02,0.000000e+00
4.309500e+02,0.000000e+00
4.310500e+02,0.000000e+00
4.311500e+02,0.000000e+00
4.312500e+02,0.000000e+00
4.313500e+02,0.000000e+00
4.314500e+02,0.000000e+00
4.315500e+02,0.000000e+00
4.316500e+02,0.000000e+00
4.317500e+02,0.000000e+00
4.318500e+02,0.000000e+00
4.319500e+02,0.000000e+00
4.320500e+02,0.000000e+00
4.321500e+02,0.000000e+00
4.322500e+02,0.000000e+00
4.323500e+02,0.000000e+00
4.324500e+02,0.000000e+00
4.325500e+02,0.000000e+00
4.326500e+02,0.000000e+00
4.327500e+02,0.000000e+00
4.328500e+02,0.000000e+00
4.329500e+02,0.000000e+00
4.330500e+02,0.000000e+00
4.331500e+02,0.000000e+00
4.332500e+02,0.000000e+00
4.333500e+02,0.000000e+00
4.334500e+02,0.000000e+00
4.335500e+02,0.000000e+00
4.336500e+02,0.000000e+00
4.337500e+02,0.000000e+00
4.338500e+02,0.000000e+00
4.339500e+02,0.000000e+00
4.340500e+02,0.000000e+00
4.341500e+02,0.000000e+00
4.342500e+02,0.000000e+00
4.343500e+02,0.000000e+00
4.344500e+02,0.000000e+00
4.345500e+02,0.000000e+00
4.346500e+02,0.000000e+00
4.347500e+02,0.000000e+00
4.348500e+02,0.000000e+00
4.349500e+02,0.000000e+00
4.350500e+02,0.000000e+00
4.351500e+02,0.000000e+00
4.352500e+02,0.000000e+00
4.353500e+02,0.000000e+00
4.354500e+02,0.000000e+00
4.355500e+02,0.000000e+00
4.356500e+02,0.000000e+00
4.357500e+02,0.000000e+00
4.358500e+02,0.000000e+00
4.359500e+02,0.000000e+00
4.360500e+02,0.000000e+00
4.361500e+02,0.000000e+00
4.362500e+02,0.000000e+00
4.363500e+02,0.000000e+00
4.364500e+02,0.000000e+00
4.365500e+02,0.000000e+00
4.366500e+02,0.000000e+00
4.367500e+02,0.000000e+00
4.368500e+02,0.000000e+00
4.369500e+02,0.000000e+00
4.370500e+02,0.000000e+00
4.371500e+02,0.000000e+00
4.372500e+02,0.000000e+00
4.373500e+02,0.000000e+00
4.374500e+02,0.000000e+00
4.375500e+02,0.000000e+00
4.376500e+02,0.000000e+00
4.377500e+02,0.000000e+00
4.378500e+02,0.000000e+00
4.379500e+02,0.000000e+00
4.380500e+02,0.000000e+00
4.381500e+02,0.000000e+00
4.382500e+02,0.000000e+00
4.383500e+02,0.000000e+00
4.384500e+02,0.000000e+00
4.385500e+02,0.000000e+00
4.386500e+02,0.000000e+00
4.387500e+02,0.000000e+00
4.388500e+02,0.000000e+00
4.389500e+02,0.000000e+00
4.390500e+02,0.000000e+00
4.391500e+02,0.000000e+00
4.392500e+02,0.000000e+00
4.393500e+02,0.000000e+00
4.394500e+02,0.000000e+00
4.395500e+02,0.000000e+00
4.396500e+02,0.000000e+00
4.397500e+02,0.000000e+00
4.398500e+02,0.000000e+00
4.399500e+02,0.000000e+00
4.400500e+02,0.000000e+00
4.401500e+02,0.000000e+00
4.402500e+02,0.000000e+00
4.403500e+02,0.000000e+00
4.404500e+02,0.000000e+00
4.405500e+02,0.000000e+00
4.406500e+02,0.000000e+00
4.407500e+02,0.000000e+00
4.408500e+02,0.000000e+00
4.409500e+02,0.000000e+00
4.410500e+02,0.000000e+00
4.411500e+02,0.000000e+00
4.412500e+02,0.000000e+00
4.413500e+02,0.000000e+00
4.414500e+02,0.000000e+00
4.415500e+02,0.000000e+00
4.416500e+02,0.000000e+00
4.417500e+02,0.000000e+00
4.418500e+02,0.000000e+00
4.419500e+02,0.000000e+00
4.420500e+02,0.000000e+00
4.421500e+02,0.000000e+00
4.422500e+02,0.000000e+00
4.423500e+02,0.000000e+00
4.424500e+02,0.000000e+00
4.425500e+02,0.000000e+00
4.426500e+02,0.000000e+00
4.427500e+02,0.000000e+00
4.428500e+02,0.000000e+00
4.429500e+02,0.000000e+00
4.430500e+02,0.000000e+00
4.431500e+02,0.000000e+00
4.432500e+02,0.000000e+00
4.433500e+02,0.000000e+00
4.434500e+02,0.000000e+00
4.435500e+02,0.000000e+00
4.436500e+02,0.000000e+00
4.437500e+02,0.000000e+00
4.438500e+02,0.000000e+00
4.439500e+02,0.000000e+00
4.440500e+02,0.000000e+00
4.441500e+02,0.000000e+00
4.442500e+02,0.000000e+00
4.443500e+02,0.000000e+00
4.444500e+02,0.000000e+00
4.445500e+02,0.000000e+00
4.446500e+02,0.000000e+00
4.447500e+02,0.000000e+00
4.448500e+02,0.000000e+00
4.449500e+02,0.000000e+00
4.450500e+02,0.000000e+00
4.451500e+02,0.000000e+00
4.452500e+02,0.000000e+00
4.453500e+02,0.000000e+00
4.454500e+02,0.000000e+00
4.455500e+02,0.000000e+00
4.456500e+02,0.000000e+00
4.457500e+02,0.000000e+00
4.458500e+02,0.000000e+00
4.459500e+02,0.000000e+00
4.460500e+02,0.000000e+00
4.461500e+02,0.000000e+00
4.462500e+02,0.000000e+00
4.463500e+02,0.000000e+00
4.464500e+02,0.000000e+00
4.465500e+02,0.000000e+00
4.466500e+02,0.000000e+00
4.467500e+02,0.000000e+00
4.468500e+02,0.000000e+00
4.469500e+02,0.000000e+00
4.470500e+02,0.000000e+00
4.471500e+02,0.000000e+00
4.472500e+02,0.000000e+00
4.473500e+02,0.000000e+00
4.474500e+02,0.000000e+00
4.475500e+02,0.000000e+00
4.476500e+02,0.000000e+00
4.477500e+02,0.000000e+00
4.478500e+02,0.000000e+00
4.479500e+02,0.000000e+00
4.480500e+02,0.000000e+00
4.481500e+02,0.000000e+00
4.482500e+02,0.000000e+00
4.483500e+02,0.000000e+00
4.484500e+02,0.000000e+00
4.485500e+02,0.000000e+00
4.486500e+02,0.000000e+00
4.487500e+02,0.000000e+00
4.488500e+02,0.000000e+00
4.489500e+02,0.000000e+00
4.490500e+02,0.000000e+00
4.491500e+02,0.000000e+00
4.492500e+02,0.000000e+00
4.493500e+02,0.000000e+00
4.494500e+02,0.000000e+00
4.495500e+02,0.000000e+00
4.496500e+02,0.000000e+00
4.497500e+02,0.000000e+00
4.498500e+02,0.000000e+00
4.499500e+02,0.000000e+00
4.500500e+02,0.000000e+00
4.501500e+02,0.000000e+00
4.502500e+02,0.000000e+00
4.503500e+02,0.000000e+00
4.504500e+02,0.000000e+00
4.505500e+02,0.000000e+00
4.506500e+02,0.000000e+00
4.507500e+02,0.000000e+00
4.508500e+02,0.000000e+00
4.509500e+02,0.000000e+00
4.510500e+02,0.000000e+00
4.511500e+02,0.000000e+00
4.512500e+02,0.000000e+00
4.513500e+02,0.000000e+00
4.514500e+02,0.000000e+00
4.515500e+02,0.000000e+00
4.516500e+02,0.000000e+00
4.517500e+02,0.000000e+00
4.518500e+02,0.000000e+00
4.519500e+02,0.000000e+00
4.520500e+02,0.000000e+00
4.521500e+02,0.000000e+00
4.522500e+02,0.000000e+00
4.523500e+02,0.000000e+00
4.524500e+02,0.000000e+00
4.525500e+02,0.000000e+00
4.526500e+02,0.000000e+00
4.527500e+02,0.000000e+00
4.528500e+02,0.000000e+00
4.529500e+02,0.000000e+00
4.530500e+02,0.000000e+00
4.531500e+02,0.000000e+00
4.532500e+02,0.000000e+00
4.533500e+02,0.000000e+00
4.534500e+02,0.000000e+00
4.535500e+02,0.000000e+00
4.536500e+02,0.000000e+00
4.537500e+02,0.000000e+00
4.538500e+02,0.000000e+00
4.539500e+02,0.000000e+00
4.540500e+02,0.000000e+00
4.541500e+02,0.000000e+00
4.542500e+02,0.000000e+00
4.543500e+02,0.000000e+00
4.544500e+02,0.000000e+00
4.545500e+02,0.000000e+00
4.546500e+02,0.000000e+00
4.547500e+02,0.000000e+00
4.548500e+02,0.000000e+00
4.549500e+02,0.000000e+00
4.550500e+02,0.000000e+00
4.551500e+02,0.000000e+00
4.552500e+02,0.000000e+00
4.553500e+02,0.000000e+00
4.554500e+02,0.000000e+00
4.555500e+02,0.000000e+00
4.556500e+02,0.000000e+00
4.557500e+02,0.000000e+00
4.558500e+02,0.000000e+00
4.559500e+02,0.000000e+00
4.560500e+02,0.000000e+00
4.561500e+02,0.000000e+00
4.562500e+02,0.000000e+00
4.563500e+02,0.000000e+00
4.564500e+02,0.000000e+00
4.565500e+02,0.000000e+00
4.566500e+02,0.000000e+00
4.567500e+02,0.000000e+00
4.568500e+02,0.000000e+00
4.569500e+02,0.000000e+00
4.570500e+02,0.000000e+00
4.571500e+02,0.000000e+00
4.572500e+02,0.000000e+00
4.573500e+02,0.000000e+00
4.574500e+02,0.000000e+00
4.575500e+02,0.000000e+00
4.576500e+02,0.000000e+00
4.577500e+02,0.000000e+00
4.578500e+02,0.000000e+00
4.579500e+02,0.000000e+00
4.580500e+02,0.000000e+00
4.581500e+02,0.000000e+00
4.582500e+02,0.000000e+00
4.583500e+02,0.000000e+00
4.584500e+02,0.000000e+00
4.585500e+02,0.000000e+00
4.586500e+02,0.000000e+00
4.587500e+02,0.000000e+00
4.588500e+02,0.000000e+00
4.589500e+02,0.000000e+00
4.590500e+02,0.000000e+00
4.591500e+02,0.000000e+00
4.592500e+02,0.000000e+00
4.593500e+02,0.000000e+00
4.594500e+02,0.000000e+00
4.595500e+02,0.000000e+00
4.596500e+02,0.000000e+00
4.597500e+02,0.000000e+00
4.598500e+02,0.000000e+00
4.599500e+02,0.000000e+00
4.600500e+02,0.000000e+00
4.601500e+02,0.000000e+00
4.602500e+02,0.000000e+00
4.603500e+02,0.000000e+00
4.604500e+02,0.000000e+00
4.605500e+02,0.000000e+00
4.606500e+02,0.000000e+00
4.607500e+02,0.000000e+00
4.608500e+02,0.000000e+00
4.609500e+02,0.000000e+00
4.610500e+02,0.000000e+00
4.611500e+02,0.000000e+00
4.612500e+02,0.000000e+00
4.613500e+02,0.000000e+00
4.614500e+02,0.000000e+00
4.615500e+02,0.000000e+00
4.616500e+02,0.000000e+00
4.617500e+02,0.000000e+00
4.618500e+02,0.000000e+00
4.619500e+02,0.000000e+00
4.620500e+02,0.000000e+00
4.621500e+02,0.000000e+00
4.622500e+02,0.000000e+00
4.623500e+02,0.000000e+00
4.624500e+02,0.000000e+00
4.625500e+02,0.000000e+00
4.626500e+02,0.000000e+00
4.627500e+02,0.000000e+00
4.628500e+02,0.000000e+00
4.629500e+02,0.000000e+00
4.630500e+02,0.000000e+00
4.631500e+02,0.000000e+00
4.632500e+02,0.000000e+00
4.633500e+02,0.000000e+00
4.634500e+02,0.000000e+00
4.635500e+02,0.000000e+00
4.636500e+02,0.000000e+00
4.637500e+02,0.000000e+00
4.638500e+02,0.000000e+00
4.639500e+02,0.000000e+00
4.640500e+02,0.000000e+00
4.641500e+02,0.000000e+00
4.642500e+02,0.000000e+00
4.643500e+02,0.000000e+00
4.644500e+02,0.000000e+00
4.645500e+02,0.000000e+00
4.646500e+02,0.000000e+00
4.647500e+02,0.000000e+00
4.648500e+02,0.000000e+00
4.649500e+02,0.000000e+00
4.650500e+02,0.000000e+00
4.651500e+02,0.000000e+00
4.652500e+02,0.000000e+00
4.653500e+02,0.000000e+00
4.654500e+02,0.000000e+00
4.655500e+02,0.000000e+00
4.656500e+02,0.000000e+00
4.657500e+02,0.000000e+00
4.658500e+02,0.000000e+00
4.659500e+02,0.000000e+00
4.660500e+02,0.000000e+00
4.661500e+02,0.000000e+00
4.662500e+02,0.000000e+00
4.663500e+02,0.000000e+00
4.664500e+02,0.000000e+00
4.665500e+02,0.000000e+00
4.666500e+02,0.000000e+00
4.667500e+02,0.000000e+00
4.668500e+02,0.000000e+00
4.669500e+02,0.000000e+00
4.670500e+02,0.000000e+00
4.671500e+02,0.000000e+00
4.672500e+02,0.000000e+00
4.673500e+02,0.000000e+00
4.674500e+02,0.000000e+00
4.675500e+02,0.000000e+00
4.676500e+02,0.000000e+00
4.677500e+02,0.000000e+00
4.678500e+02,0.000000e+00
4.679500e+02,0.000000e+00
4.680500e+02,0.000000e+00
4.681500e+02,0.000000e+00
4.682500e+02,0.000000e+00
4.683500e+02,0.000000e+00
4.684500e+02,0.000000e+00
4.685500e+02,0.000000e+00
4.686500e+02,0.000000e+00
4.687500e+02,0.000000e+00
4.688500e+02,0.000000e+00
4.689500e+02,0.000000e+00
4.690500e+02,0.000000e+00
4.691500e+02,0.000000e+00
4.692500e+02,0.000000e+00
4.693500e+02,0.000000e+00
4.694500e+02,0.000000e+00
4.695500e+02,0.000000e+00
4.696500e+02,0.000000e+00
4.697500e+02,0.000000e+00
4.698500e+02,0.000000e+00
4.699500e+02,0.000000e+00
4.700500e+02,0.000000e+00
4.701500e+02,0.000000e+00
4.702500e+02,0.000000e+00
4.703500e+02,0.000000e+00
4.704500e+02,0.000000e+00
4.705500e+02,0.000000e+00
4.706500e+02,0.000000e+00
4.707500e+02,0.000000e+00
4.708500e+02,0.000000e+00
4.709500e+02,0.000000e+00
4.710500e+02,0.000000e+00
4.711500e+02,0.000000e+00
4.712500e+02,0.000000e+00
4.713500e+02,0.000000e+00
4.714500e+02,0.000000e+00
4.715500e+02,0.000000e+00
4.716500e+02,0.000000e+00
4.717500e+02,0.000000e+00
4.718500e+02,0.000000e+00
4.719500e+02,0.000000e+00
4.720500e+02,0.000000e+00
4.721500e+02,0.000000e+00
4.722500e+02,0.000000e+00
4.723500e+02,0.000000e+00
4.724500e+02,0.000000e+00
4.725500e+02,0.000000e+00
4.726500e+02,0.000000e+00
4.727500e+02,0.000000e+00
4.728500e+02,0.000000e+00
4.729500e+02,0.000000e+00
4.730500e+02,0.000000e+00
4.731500e+02,0.000000e+00
4.732500e+02,0.000000e+00
4.733500e+02,0.000000e+00
4.734500e+02,0.000000e+00
4.735500e+02,0.000000e+00
4.736500e+02,0.000000e+00
4.737500e+02,0.000000e+00
4.738500e+02,0.000000e+00
4.739500e+02,0.000000e+00
4.740500e+02,0.000000e+00
4.741500e+02,0.000000e+00
4.742500e+02,0.000000e+00
4.743500e+02,0.000000e+00
4.744500e+02,0.000000e+00
4.745500e+02,0.000000e+00
4.746500e+02,0.000000e+00
4.747500e+02,0.000000e+00
4.748500e+02,0.000000e+00
4.749500e+02,0.000000e+00
4.750500e+02,0.000000e+00
4.751500e+02,0.000000e+00
4.752500e+02,0.000000e+00
4.753500e+02,0.000000e+00
4.754500e+02,0.000000e+00
4.755500e+02,0.000000e+00
4.756500e+02,0.000000e+00
4.757500e+02,0.000000e+00
4.758500e+02,0.000000e+00
4.759500e+02,0.000000e+00
4.760500e+02,0.000000e+00
4.761500e+02,0.000000e+00
4.762500e+02,0.000000e+00
4.763500e+02,0.000000e+00
4.764500e+02,0.000000e+00
4.765500e+02,0.000000e+00
4.766500e+02,0.000000e+00
4.767500e+02,0.000000e+00
4.768500e+02,0.000000e+00
4.769500e+02,0.000000e+00
4.770500e+02,0.000000e+00
4.771500e+02,0.000000e+00
4.772500e+02,0.000000e+00
4.773500e+02,0.000000e+00
4.774500e+02,0.000000e+00
4.775500e+02,0.000000e+00
4.776500e+02,0.000000e+00
4.777500e+02,0.000000e+00
4.778500e+02,0.000000e+00
4.779500e+02,0.000000e+00
4.780500e+02,0.000000e+00
4.781500e+02,0.000000e+00
4.782500e+02,0.000000e+00
4.783500e+02,0.000000e+00
4.784500e+02,0.000000e+00
4.785500e+02,0.000000e+00
4.786500e+02,0.000000e+00
4.787500e+02,0.000000e+00
4.788500e+02,0.000000e+00
4.789500e+02,0.000000e+00
4.790500e+02,0.000000e+00
4.791500e+02,0.000000e+00
4.792500e+02,0.000000e+00
4.793500e+02,0.000000e+00
4.794500e+02,0.000000e+00
4.795500e+02,0.000000e+00
4.796500e+02,0.000000e+00
4.797500e+02,0.000000e+00
4.798500e+02,0.000000e+00
4.799500e+02,0.000000e+00
4.800500e+02,0.000000e+00
4.801500e+02,0.000000e+00
4.802500e+02,0.000000e+00
4.803500e+02,0.000000e+00
4.804500e+02,0.000000e+00
4.805500e+02,0.000000e+00
4.806500e+02,0.000000e+00
4.807500e+02,0.000000e+00
4.808500e+02,0.000000e+00
4.809500e+02,0.000000e+00
4.810500e+02,0.000000e+00
4.811500e+02,0.000000e+00
4.812500e+02,0.000000e+00
4.813500e+02,0.000000e+00
4.814500e+02,0.000000e+00
4.815500e+02,0.000000e+00
4.816500e+02,0.000000e+00
4.817500e+02,0.000000e+00
4.818500e+02,0.000000e+00
4.819500e+02,0.000000e+00
4.820500e+02,0.000000e+00
4.821500e+02,0.000000e+00
4.822500e+02,0.000000e+00
4.823500e+02,0.000000e+00
4.824500e+02,0.000000e+00
4.825500e+02,0.000000e+00
4.826500e+02,0.000000e+00
4.827500e+02,0.000000e+00
4.828500e+02,0.000000e+00
4.829500e+02,0.000000e+00
4.830500e+02,0.000000e+00
4.831500e+02,0.000000e+00
4.832500e+02,0.000000e+00
4.833500e+02,0.000000e+00
4.834500e+02,0.000000e+00
4.835500e+02,0.000000e+00
4.836500e+02,0.000000e+00
4.837500e+02,0.000000e+00
4.838500e+02,0.000000e+00
4.839500e+02,0.000000e+00
4.840500e+02,0.000000e+00
4.841500e+02,0.000000e+00
4.842500e+02,0.000000e+00
4.843500e+02,0.000000e+00
4.844500e+02,0.000000e+00
4.845500e+02,0.000000e+00
4.846500e+02,0.000000e+00
4.847500e+02,0.000000e+00
4.848500e+02,0.000000e+00
4.849500e+02,0.000000e+00
4.850500e+02,0.000000e+00
4.851500e+02,0.000000e+00
4.852500e+02,0.000000e+00
4.853500e+02,0.000000e+00
4.854500e+02,0.000000e+00
4.855500e+02,0.000000e+00
4.856500e+02,0.000000e+00
4.857500e+02,0.000000e+00
4.858500e+02,0.000000e+00
4.859500e+02,0.000000e+00
4.860500e+02,0.000000e+00
4.861500e+02,0.000000e+00
4.862500e+02,0.000000e+00
4.863500e+02,0.000000e+00
4.864500e+02,0.000000e+00
4.865500e+02,0.000000e+00
4.866500e+02,0.000000e+00
4.867500e+02,0.000000e+00
4.868500e+02,0.000000e+00
4.869500e+02,0.000000e+00
4.870500e+02,0.000000e+00
4.871500e+02,0.000000e+00
4.872500e+02,0.000000e+00
4.873500e+02,0.000000e+00
4.874500e+02,0.000000e+00
4.875500e+02,0.000000e+00
4.876500e+02,0.000000e+00
4.877500e+02,0.000000e+00
4.878500e+02,0.000000e+00
4.879500e+02,0.000000e+00
4.880500e+02,0.000000e+00
4.881500e+02,0.000000e+00
4.882500e+02,0.000000e+00
4.883500e+02,0.000000e+00
4.884500e+02,0.000000e+00
4.885500e+02,0.000000e+00
4.886500e+02,0.000000e+00
4.887500e+02,0.000000e+00
4.888500e+02,0.000000e+00
4.889500e+02,0.000000e+00
4.890500e+02,0.000000e+00
4.891500e+02,0.000000e+00
4.892500e+02,0.000000e+00
4.893500e+02,0.000000e+00
4.894500e+02,0.000000e+00
4.895500e+02,0.000000e+00
4.896500e+02,0.000000e+00
4.897500e+02,0.000000e+00
4.898500e+02,0.000000e+00
4.899500e+02,0.000000e+00
4.900500e+02,0.000000e+00
4.901500e+02,0.000000e+00
4.902500e+02,0.000000e+00
4.903500e+02,0.000000e+00
4.904500e+02,0.000000e+00
4.905500e+02,0.000000e+00
4.906500e+02,0.000000e+00
4.907500e+02,0.000000e+00
4.908500e+02,0.000000e+00
4.909500e+02,0.000000e+00
4.910500e+02,0.000000e+00
4.911500e+02,0.000000e+00
4.912500e+02,0.000000e+00
4.913500e+02,0.000000e+00
4.914500e+02,0.000000e+00
4.915500e+02,0.000000e+00
4.916500e+02,0.000000e+00
4.917500e+02,0.000000e+00
4.918500e+02,0.000000e+00
4.919500e+02,0.000000e+00
4.920500e+02,0.000000e+00
4.921500e+02,0.000000e+00
4.922500e+02,0.000000e+00
4.923500e+02,0.000000e+00
4.924500e+02,0.000000e+00
4.925500e+02,0.000000e+00
4.926500e+02,0.000000e+00
4.927500e+02,0.000000e+00
4.928500e+02,0.000000e+00
4.929500e+02,0.000000e+00
4.930500e+02,0.000000e+00
4.931500e+02,0.000000e+00
4.932500e+02,0.000000e+00
4.933500e+02,0.000000e+00
4.934500e+02,0.000000e+00
4.935500e+02,0.000000e+00
4.936500e+02,0.000000e+00
4.937500e+02,0.000000e+00
4.938500e+02,0.000000e+00
4.939500e+02,0.000000e+00
4.940500e+02,0.000000e+00
4.941500e+02,0.000000e+00
4.942500e+02,0.000000e+00
4.943500e+02,0.000000e+00
4.944500e+02,0.000000e+00
4.945500e+02,0.000000e+00
4.946500e+02,0.000000e+00
4.947500e+02,0.000000e+00
4.948500e+02,0.000000e+00
4.949500e+02,0.000000e+00
4.950500e+02,0.000000e+00
4.951500e+02,0.000000e+00
4.952500e+02,0.000000e+00
4.953500e+02,0.000000e+00
4.954500e+02,0.000000e+00
4.955500e+02,0.000000e+00
4.956500e+02,0.000000e+00
4.957500e+02,0.000000e+00
4.958500e+02,0.000000e+00
4.959500e+02,0.000000e+00
4.960500e+02,0.000000e+00
4.961500e+02,0.000000e+00
4.962500e+02,0.000000e+00
4.963500e+02,0.000000e+00
4.964500e+02,0.000000e+00
4.965500e+02,0.000000e+00
4.966500e+02,0.000000e+00
4.967500e+02,0.000000e+00
4.968500e+02,0.000000e+00
4.969500e+02,0.000000e+00
4.970500e+02,0.000000e+00
4.971500e+02,0.000000e+00
4.972500e+02,0.000000e+00
4.973500e+02,0.000000e+00
4.974500e+02,0.000000e+00
4.975500e+02,0.000000e+00
4.976500e+02,0.000000e+00
4.977500e+02,0.000000e+00
4.978500e+02,0.000000e+00
4.979500e+02,0.000000e+00
4.980500e+02,0.000000e+00
4.981500e+02,0.000000e+00
4.982500e+02,0.000000e+00
4.983500e+02,0.000000e+00
4.984500e+02,0.000000e+00
4.985500e+02,0.000000e+00
4.986500e+02,0.000000e+00
4.987500e+02,0.000000e+00
4.988500e+02,0.000000e+00
4.989500e+02,0.000000e+00
4.990500e+02,0.000000e+00
4.991500e+02,0.000000e+00
4.992500e+02,0.000000e+00
4.993500e+02,0.000000e+00
4.994500e+02,0.000000e+00
4.995500e+02,0.000000e+00
4.996500e+02,0.000000e+00
4.997500e+02,0.000000e+00
4.998500e+02,0.000000e+00
