Phi_fit,Counts_fit
0.0,0.6349864639740856
0.020001111172842936,0.6349788825544967
0.04000222234568587,0.6349714790615353
0.06000333351852881,0.6349642534988099
0.08000444469137175,0.6349572058698427
0.10000555586421468,0.6349503361780691
0.12000666703705762,0.6349436444268376
0.14000777820990057,0.63493713061941
0.1600088893827435,0.6349307947589613
0.1800100005555864,0.6349246368485802
0.20001111172842936,0.6349186568912681
0.22001222290127231,0.6349128548899399
0.24001333407411524,0.6349072308474237
0.26001444524695816,0.634901784766461
0.28001555641980114,0.6348965166497064
0.30001666759264406,0.6348914264997276
0.320017778765487,0.6348865143190061
0.3400188899383299,0.6348817801099362
0.3600200011111728,0.6348772238748255
0.3800211122840158,0.6348728456158949
0.4000222234568587,0.6348686453352784
0.42002333462970165,0.6348646230350237
0.44002444580254463,0.6348607787170912
0.46002555697538755,0.634857112383355
0.4800266681482305,0.634853624035602
0.5000277793210735,0.6348503136755326
0.5200288904939163,0.6348471813047605
0.5400300016667593,0.6348442269248125
0.5600311128396023,0.6348414505371287
0.5800322240124451,0.6348388521430625
0.6000333351852881,0.6348364317438804
0.620034446358131,0.6348341893407621
0.640035557530974,0.6348321249348008
0.6600366687038169,0.6348302385270027
0.6800377798766598,0.6348285301182873
0.7000388910495028,0.6348269997094875
0.7200400022223457,0.634825647301349
0.7400411133951886,0.6348244728945314
0.7600422245680316,0.6348234764896068
0.7800433357408745,0.6348226580870611
0.8000444469137175,0.6348220176872932
0.8200455580865604,0.6348215552906151
0.8400466692594033,0.6348212708972524
0.8600477804322463,0.6348211645073436
0.8800488916050893,0.6348212361209407
0.9000500027779321,0.6348214857380085
0.9200511139507751,0.6348219133584256
0.940052225123618,0.6348225189819834
0.960053336296461,0.6348233026083869
0.9800544474693039,0.6348242642372539
1.000055558642147,0.6348254038681158
1.0200566698149898,0.6348267215004171
1.0400577809878326,0.6348282171335153
1.0600588921606757,0.6348298907666817
1.0800600033335186,0.6348317423991003
1.1000611145063615,0.6348337720298687
1.1200622256792045,0.6348359796579973
1.1400633368520474,0.6348383652824102
1.1600644480248903,0.6348409289019445
1.1800655591977331,0.6348436705153506
1.2000666703705762,0.6348465901212922
1.220067781543419,0.634849687718346
1.240068892716262,0.6348529633050023
1.260070003889105,0.6348564168796642
1.280071115061948,0.6348600484406485
1.3000722262347908,0.6348638579861849
1.3200733374076339,0.6348678455144164
1.3400744485804768,0.6348720110233995
1.3600755597533196,0.6348763545111037
1.3800766709261627,0.6348808759754117
1.4000777820990056,0.6348855754141196
1.4200788932718484,0.6348904528249368
1.4400800044446913,0.6348955082054857
1.4600811156175344,0.6349007415533021
1.4800822267903773,0.6349061528658352
1.5000833379632201,0.6349117421404471
1.5200844491360632,0.6349175093744135
1.540085560308906,0.6349234545649232
1.560086671481749,0.6349295777090782
1.580087782654592,0.6349358788038938
1.600088893827435,0.6349423578462987
1.6200900050002778,0.6349490148331346
1.6400911161731209,0.6349558497611567
1.6600922273459637,0.6349628626270334
1.6800933385188066,0.6349700534273461
1.7000944496916497,0.63497742215859
1.7200955608644926,0.6349849688171733
1.7400966720373354,0.634992693399417
1.7600977832101785,0.6350005959015563
1.7800988943830214,0.6350086763197389
1.8001000055558642,0.6350169346500263
1.8201011167287071,0.6350253708883927
1.8401022279015502,0.6350339850307263
1.860103339074393,0.635042777072828
1.880104450247236,0.635051747010412
1.900105561420079,0.6350608948391064
1.920106672592922,0.6350702205544521
1.9401077837657648,0.635079724151903
1.9601088949386078,0.6350894056268268
1.9801100061114507,0.6350992649745045
2.000111117284294,0.6351093021901302
2.0201122284571364,0.6351195172688112
2.0401133396299795,0.6351299102055683
2.0601144508028226,0.6351404809953357
2.0801155619756653,0.6351512296329606
2.1001166731485084,0.6351621561132036
2.1201177843213515,0.6351732604307387
2.140118895494194,0.6351845425801534
2.160120006667037,0.6351960025559481
2.1801211178398803,0.6352076403525369
2.200122229012723,0.6352194559642468
2.220123340185566,0.6352314493853184
2.240124451358409,0.6352436206099058
2.2601255625312517,0.6352559696320762
2.280126673704095,0.6352684964458101
2.3001277848769375,0.6352812010450013
2.3201288960497806,0.6352940834234573
2.3401300072226237,0.6353071435748985
2.3601311183954663,0.6353203814929589
2.3801322295683094,0.6353337971711857
2.4001333407411525,0.6353473906030396
2.420134451913995,0.6353611617818946
2.440135563086838,0.6353751107010381
2.4601366742596813,0.6353892373536707
2.480137785432524,0.6354035417329065
2.500138896605367,0.635418023831773
2.52014000777821,0.635432683643211
2.5401411189510528,0.6354475211600747
2.560142230123896,0.6354625363751316
2.580143341296739,0.6354777292810627
2.6001444524695816,0.6354930998704623
2.6201455636424247,0.6355086481358383
2.6401466748152678,0.6355243740696115
2.6601477859881104,0.6355402776641168
2.6801488971609535,0.6355563589116018
2.7001500083337966,0.635572617804228
2.7201511195066392,0.6355890543340701
2.7401522306794823,0.6356056684931162
2.7601533418523254,0.6356224602732681
2.780154453025168,0.6356394296663403
2.800155564198011,0.6356565766640616
2.8201566753708542,0.6356739012580737
2.840157786543697,0.6356914034399318
2.86015889771654,0.6357090832011048
2.8801600088893826,0.6357269405329746
2.9001611200622257,0.635744975426837
2.920162231235069,0.6357631878739008
2.9401633424079114,0.6357815778652889
2.9601644535807545,0.6358001453920368
2.9801655647535976,0.6358188904450941
3.0001666759264403,0.6358378130153236
3.0201677870992834,0.6358569130935017
3.0401688982721264,0.6358761906703183
3.060170009444969,0.6358956457363767
3.080171120617812,0.6359152782821935
3.1001722317906553,0.635935088298199
3.120173342963498,0.6359550757747371
3.140174454136341,0.635975240702065
3.160175565309184,0.6359955830703535
3.1801766764820267,0.6360161028696869
3.20017778765487,0.6360368000900629
3.220178898827713,0.6360576747213929
3.2401800100005556,0.6360787267535015
3.2601811211733986,0.6360999561761274
3.2801822323462417,0.6361213629789221
3.3001833435190844,0.6361429471514514
3.3201844546919275,0.6361647086831941
3.3401855658647706,0.6361866475635427
3.360186677037613,0.6362087637818032
3.3801877882104563,0.6362310573271954
3.4001888993832994,0.6362535281888524
3.420190010556142,0.6362761763558209
3.440191121728985,0.6362990018170613
3.460192232901828,0.6363220045614476
3.480193344074671,0.6363451845777671
3.500194455247514,0.6363685418547211
3.520195566420357,0.6363920763809241
3.5401966775931997,0.6364157881449044
3.5601977887660428,0.6364396771351041
3.5801988999388854,0.6364637433398784
3.6002000111117285,0.6364879867474966
3.6202011222845716,0.6365124073461415
3.6402022334574142,0.6365370051239092
3.6602033446302573,0.6365617800688099
3.6802044558031004,0.6365867321687675
3.700205566975943,0.6366118614116187
3.720206678148786,0.636637167785115
3.7402077893216292,0.6366626512769209
3.760208900494472,0.6366883118746145
3.780210011667315,0.6367141495656877
3.800211122840158,0.6367401643375463
3.8202122340130007,0.6367663561775097
3.840213345185844,0.6367927250728106
3.860214456358687,0.636819271010596
3.8802155675315295,0.636845993977926
3.9002166787043726,0.6368728939617749
3.9202177898772157,0.6368999709490304
3.9402189010500583,0.6369272249264941
3.9602200122229014,0.6369546558808814
3.9802211233957445,0.6369822637988211
4.000222234568588,0.637010048666856
4.02022334574143,0.6370380104714426
4.040224456914273,0.6370661491989511
4.060225568087116,0.6370944648356656
4.080226679259959,0.6371229573677838
4.100227790432802,0.6371516267814172
4.120228901605645,0.6371804730625912
4.1402300127784875,0.637209496197245
4.1602311239513305,0.6372386961712313
4.180232235124174,0.6372680729703168
4.200233346297017,0.6372976265801823
4.22023445746986,0.6373273569864218
4.240235568642703,0.6373572641745437
4.260236679815545,0.6373873481299699
4.280237790988388,0.6374176088380361
4.300238902161231,0.637448046283992
4.320240013334074,0.6374786604530012
4.3402411245069175,0.6375094513301411
4.3602422356797605,0.6375404189004028
4.380243346852603,0.6375715631486915
4.400244458025446,0.637602884059826
4.420245569198289,0.6376343816185395
4.440246680371132,0.6376660558094787
4.460247791543975,0.6376979066172038
4.480248902716818,0.6377299340261899
4.50025001388966,0.6377621380208254
4.5202511250625035,0.6377945185854126
4.540252236235347,0.637827075704168
4.56025334740819,0.6378598093612217
4.580254458581033,0.637892719540618
4.600255569753875,0.6379258062263152
4.620256680926718,0.6379590694021854
4.640257792099561,0.6379925090520147
4.660258903272404,0.6380261251595032
4.680260014445247,0.6380599177082651
4.70026112561809,0.6380938866818283
4.720262236790933,0.6381280320636351
4.740263347963776,0.6381623538370416
4.760264459136619,0.6381968519853176
4.780265570309462,0.6382315264916478
4.800266681482305,0.6382663773391299
4.820267792655148,0.6383014045107764
4.84026890382799,0.6383366079895135
4.860270015000833,0.6383719877581815
4.880271126173676,0.6384075437995349
4.9002722373465195,0.6384432760962423
4.920273348519363,0.6384791846308859
4.940274459692206,0.6385152693859628
4.960275570865048,0.6385515303438836
4.980276682037891,0.638587967486973
5.000277793210734,0.6386245807974703
5.020278904383577,0.6386613702575284
5.04028001555642,0.6386983358492149
5.060281126729263,0.6387354775545107
5.0802822379021055,0.638772795355312
5.100283349074949,0.6388102892334279
5.120284460247792,0.6388479591705828
5.140285571420635,0.6388858051484145
5.160286682593478,0.6389238271484754
5.18028779376632,0.6389620251522321
5.200288904939163,0.6390003991410651
5.220290016112006,0.6390389490962693
5.240291127284849,0.6390776749990539
5.2602922384576924,0.6391165768305422
5.2802933496305355,0.639155654571772
5.300294460803378,0.639194908203695
5.320295571976221,0.6392343377071774
5.340296683149064,0.6392739430629995
5.360297794321907,0.6393137242518562
5.38029890549475,0.6393536812543562
5.400300016667593,0.6393938140510229
5.420301127840435,0.6394341226222939
5.4403022390132785,0.6394746069485213
5.460303350186122,0.6395152670099711
5.480304461358965,0.6395561027868238
5.500305572531808,0.6395971142591745
5.520306683704651,0.6396383014070326
5.540307794877493,0.6396796642103214
5.560308906050336,0.6397212026488792
5.580310017223179,0.6397629167024583
5.600311128396022,0.6398048063507257
5.620312239568865,0.6398468715732624
5.6403133507417085,0.6398891123495642
5.660314461914551,0.639931528659041
5.680315573087394,0.6399741204810174
5.700316684260237,0.6400168877947325
5.72031779543308,0.6400598305793397
5.740318906605923,0.6401029488139065
5.760320017778765,0.6401462424774157
5.780321128951608,0.6401897115487639
5.800322240124451,0.6402333560067626
5.8203233512972945,0.6402771758301374
5.840324462470138,0.640321170997529
5.860325573642981,0.6403653414874922
5.880326684815823,0.6404096872784965
5.900327795988666,0.6404542083489257
5.920328907161509,0.6404989046770785
5.940330018334352,0.640543776241168
5.960331129507195,0.640588823019322
5.980332240680038,0.6406340449895827
6.0003333518528805,0.6406794421299069
6.020334463025724,0.6407250144181664
6.040335574198567,0.6407707618321472
6.06033668537141,0.6408166843495501
6.080337796544253,0.6408627819479905
6.100338907717096,0.6409090546049986
6.120340018889938,0.6409555022980191
6.140341130062781,0.6410021250044116
6.160342241235624,0.6410489227014498
6.180343352408467,0.641095895366323
6.2003444635813105,0.6411430429761344
6.220345574754154,0.6411903655079026
6.240346685926996,0.6412378629385604
6.260347797099839,0.6412855352449557
6.280348908272682,0.6413333824038508
6.300350019445525,0.6413814043919233
6.320351130618368,0.6414296011857648
6.340352241791211,0.6414779727618827
6.3603533529640535,0.6415265190966981
6.3803544641368966,0.641575240166548
6.40035557530974,0.6416241359476833
6.420356686482583,0.6416732064162705
6.440357797655426,0.6417224515483904
6.460358908828268,0.6417718713200387
6.480360020001111,0.6418214657071264
6.500361131173954,0.641871234685479
6.520362242346797,0.6419211782308369
6.54036335351964,0.6419712963188559
6.5603644646924835,0.6420215889251057
6.580365575865326,0.6420720560250723
6.600366687038169,0.6421226975941554
6.620367798211012,0.6421735136076703
6.640368909383855,0.6422245040408472
6.660370020556698,0.6422756688688311
6.680371131729541,0.6423270080666823
6.700372242902383,0.6423785216093757
6.720373354075226,0.6424302094718017
6.7403744652480695,0.6424820716287653
6.760375576420913,0.6425341080549867
6.780376687593756,0.6425863187251011
6.800377798766599,0.6426387036136589
6.820378909939441,0.6426912626951256
6.840380021112284,0.6427439959438817
6.860381132285127,0.6427969033342225
6.88038224345797,0.642849984840359
6.900383354630813,0.642903240436417
6.920384465803656,0.6429566700964375
6.940385576976499,0.6430102737943765
6.960386688149342,0.6430640515041055
6.980387799322185,0.6431180031994108
7.000388910495028,0.6431721288539942
7.020390021667871,0.6432264284414725
7.040391132840714,0.6432809019353778
7.060392244013556,0.6433355493091576
7.080393355186399,0.6433903705361743
7.100394466359242,0.6434453655897057
7.1203955775320855,0.6435005344429451
7.140396688704929,0.6435558770690006
7.160397799877771,0.6436113934408962
7.180398911050614,0.6436670835315708
7.200400022223457,0.6437229473138784
7.2204011333963,0.643778984760589
7.240402244569143,0.6438351958443875
7.260403355741986,0.6438915805378742
7.2804044669148285,0.6439481388135648
7.3004055780876715,0.6440048706438907
7.320406689260515,0.644061776001198
7.340407800433358,0.644118854857749
7.360408911606201,0.6441761071857208
7.380410022779044,0.6442335329572064
7.400411133951886,0.644291132144214
7.420412245124729,0.6443489047186672
7.440413356297572,0.6444068506524054
7.460414467470415,0.6444649699171834
7.4804155786432585,0.6445232624846711
7.5004166898161015,0.6445817283264546
7.520417800988944,0.644640367414035
7.540418912161787,0.6446991797188292
7.56042002333463,0.6447581652121696
7.580421134507473,0.6448173238653041
7.600422245680316,0.6448766556493964
7.620423356853159,0.6449361605355257
7.640424468026001,0.6449958384946869
7.6604255791988445,0.6450556894977902
7.680426690371688,0.645115713515662
7.700427801544531,0.6451759105190438
7.720428912717374,0.6452362804785932
7.740430023890216,0.6452968233648833
7.760431135063059,0.645357539148403
7.780432246235902,0.6454184277995569
7.800433357408745,0.6454794892886653
7.820434468581588,0.6455407235859641
7.840435579754431,0.6456021306616054
7.860436690927274,0.6456637104856566
7.880437802100117,0.6457254630281013
7.90043891327296,0.6457873882588384
7.920440024445803,0.6458494861476833
7.940441135618646,0.6459117566643666
7.960442246791489,0.6459741997785351
7.980443357964331,0.6460368154597517
8.000444469137175,0.6460996036774944
8.020445580310017,0.6461625644011579
8.04044669148286,0.6462256976000527
8.060447802655704,0.6462890032434044
8.080448913828546,0.6463524813003556
8.10045002500139,0.6464161317399645
8.120451136174232,0.646479954531205
8.140452247347076,0.646543949642967
8.160453358519918,0.6466081170440572
8.18045446969276,0.6466724567031972
8.200455580865604,0.6467369685890252
8.220456692038447,0.6468016526700955
8.24045780321129,0.6468665089148785
8.260458914384133,0.6469315372917603
8.280460025556975,0.6469967377690435
8.300461136729819,0.6470621103149465
8.320462247902661,0.6471276548976042
8.340463359075505,0.6471933714850671
8.360464470248347,0.6472592600453024
8.38046558142119,0.6473253205461933
8.400466692594033,0.647391552955539
8.420467803766876,0.647457957241055
8.44046891493972,0.6475245333703732
8.460470026112562,0.6475912813110414
8.480471137285406,0.6476582010305241
8.500472248458248,0.6477252924962018
8.52047335963109,0.647792555675371
8.540474470803934,0.6478599905352451
8.560475581976776,0.6479275970429534
8.58047669314962,0.6479953751655416
8.600477804322463,0.648063324869972
8.620478915495305,0.6481314461231229
8.640480026668149,0.6481997388917891
8.660481137840991,0.648268203142682
8.680482249013835,0.648336838842429
8.700483360186677,0.6484056459575744
8.720484471359521,0.6484746244545787
8.740485582532363,0.6485437742998187
8.760486693705205,0.648613095459588
8.78048780487805,0.6486825879000966
8.800488916050892,0.6487522515874709
8.820490027223736,0.6488220864877539
8.840491138396578,0.648892092566905
8.86049224956942,0.6489622697908006
8.880493360742264,0.6490326181252333
8.900494471915106,0.649103137535912
8.92049558308795,0.649173827988463
8.940496694260792,0.6492446894484286
8.960497805433636,0.649315721881268
8.980498916606479,0.6493869252523571
9.00050002777932,0.6494582995269882
9.020501138952165,0.6495298446703706
9.040502250125007,0.64960156064763
9.060503361297851,0.6496734474238094
9.080504472470693,0.6497455049638678
9.100505583643535,0.6498177332326815
9.12050669481638,0.6498901321950434
9.140507805989222,0.6499627018156633
9.160508917162066,0.6500354420591676
9.180510028334908,0.6501083528900995
9.20051113950775,0.6501814342729195
9.220512250680594,0.6502546861720044
9.240513361853436,0.6503281085516484
9.26051447302628,0.6504017013760621
9.280515584199122,0.6504754646093733
9.300516695371966,0.650549398215627
9.320517806544808,0.6506235021587845
9.34051891771765,0.6506977764027244
9.360520028890495,0.6507722209112428
9.380521140063337,0.6508468356480517
9.40052225123618,0.6509216205767812
9.420523362409023,0.6509965756609778
9.440524473581865,0.6510717008641052
9.46052558475471,0.6511469961495443
9.480526695927551,0.651222461480593
9.500527807100395,0.6512980968204662
9.520528918273238,0.6513739021322964
9.540530029446082,0.6514498773791326
9.560531140618924,0.6515260225239414
9.580532251791766,0.6516023375296063
9.60053336296461,0.6516788223589283
9.620534474137452,0.6517554769746255
9.640535585310296,0.6518323013393332
9.660536696483138,0.6519092954156039
9.68053780765598,0.6519864591659076
9.700538918828824,0.6520637925526312
9.720540030001667,0.6521412955380794
9.74054114117451,0.6522189680844739
9.760542252347353,0.6522968101539539
9.780543363520195,0.6523748217085759
9.800544474693039,0.6524530027103135
9.820545585865881,0.6525313531210584
9.840546697038725,0.6526098729026191
9.860547808211567,0.6526885620167217
9.880548919384411,0.65276742042501
9.900550030557254,0.652846448089045
9.920551141730096,0.6529256449703054
9.94055225290294,0.6530050110301873
9.960553364075782,0.6530845462300041
9.980554475248626,0.6531642505309874
10.000555586421468,0.6532441238942857
10.02055669759431,0.6533241662809652
10.040557808767154,0.6534043776520104
10.060558919939997,0.6534847579683225
10.08056003111284,0.6535653071907208
10.100561142285683,0.6536460252799425
10.120562253458527,0.6537269121966418
10.140563364631369,0.6538079679013913
10.160564475804211,0.653889192354681
10.180565586977055,0.6539705855169187
10.200566698149897,0.6540521473484298
10.220567809322741,0.6541338778094579
10.240568920495583,0.6542157768601637
10.260570031668426,0.6542978444606268
10.28057114284127,0.6543800805708435
10.300572254014112,0.6544624851507286
10.320573365186956,0.6545450581601147
10.340574476359798,0.6546277995587522
10.36057558753264,0.6547107093063096
10.380576698705484,0.654793787362373
10.400577809878326,0.6548770336864467
10.42057892105117,0.654960448237953
10.440580032224013,0.6550440309762322
10.460581143396857,0.6551277818605424
10.480582254569699,0.6552117008500602
10.500583365742541,0.6552957879038797
10.520584476915385,0.6553800429810133
10.540585588088227,0.6554644660403917
10.560586699261071,0.6555490570408635
10.580587810433913,0.6556338159411954
10.600588921606755,0.6557187427000725
10.6205900327796,0.6558038372760979
10.640591143952442,0.6558890996277927
10.660592255125286,0.6559745297135968
10.680593366298128,0.6560601274918678
10.700594477470972,0.6561458929208819
10.720595588643814,0.6562318259588331
10.740596699816656,0.6563179265638344
10.7605978109895,0.6564041946939164
10.780598922162342,0.6564906303070287
10.800600033335186,0.6565772333610388
10.820601144508029,0.6566640038137327
10.84060225568087,0.656750941622815
10.860603366853715,0.6568380467459083
10.880604478026557,0.6569253191405541
10.900605589199401,0.6570127587642121
10.920606700372243,0.6571003655742605
10.940607811545085,0.6571881395279963
10.96060892271793,0.6572760805826345
10.980610033890772,0.6573641886953091
11.000611145063615,0.6574524638230725
11.020612256236458,0.6575409059228956
11.040613367409302,0.657629514951668
11.060614478582144,0.657718290866198
11.080615589754986,0.6578072336232126
11.10061670092783,0.6578963431793572
11.120617812100672,0.6579856194911962
11.140618923273516,0.6580750625152123
11.160620034446358,0.6581646722078075
11.1806211456192,0.6582544485253021
11.200622256792045,0.6583443914239355
11.220623367964887,0.6584345008598655
11.24062447913773,0.6585247767891693
11.260625590310573,0.6586152191678425
11.280626701483417,0.6587058279517997
11.30062781265626,0.6587966030968742
11.320628923829101,0.6588875445588185
11.340630035001945,0.6589786522933039
11.360631146174788,0.6590699262559208
11.380632257347632,0.6591613664021782
11.400633368520474,0.6592529726875045
11.420634479693316,0.6593447450672467
11.44063559086616,0.6594366834966716
11.460636702039002,0.6595287879309639
11.480637813211846,0.6596210583252287
11.500638924384688,0.6597134946344889
11.52064003555753,0.6598060968136875
11.540641146730374,0.6598988648176864
11.560642257903217,0.6599917986012663
11.58064336907606,0.6600848981191276
11.600644480248903,0.6601781633258895
11.620645591421747,0.6602715941760908
11.640646702594589,0.6603651906241892
11.660647813767431,0.6604589526245619
11.680648924940275,0.6605528801315056
11.700650036113117,0.6606469730992357
11.720651147285961,0.6607412314818877
11.740652258458804,0.6608356552335157
11.760653369631646,0.660930244308094
11.78065448080449,0.6610249986595157
11.800655591977332,0.6611199182415937
11.820656703150176,0.6612150030080599
11.840657814323018,0.6613102529125663
11.860658925495862,0.6614056679086839
11.880660036668704,0.6615012479499036
11.900661147841546,0.6615969929896356
11.92066225901439,0.6616929029812098
11.940663370187233,0.6617889778778754
11.960664481360077,0.6618852176328016
11.980665592532919,0.6619816221990773
12.000666703705761,0.6620781915297105
12.020667814878605,0.6621749255776295
12.040668926051447,0.662271824295682
12.060670037224291,0.6623688876366355
12.080671148397133,0.6624661155531772
12.100672259569977,0.6625635079979143
12.12067337074282,0.6626610649233735
12.140674481915662,0.6627587862820012
12.160675593088506,0.6628566720261645
12.180676704261348,0.6629547221081493
12.200677815434192,0.6630529364801621
12.220678926607034,0.6631513150943289
12.240680037779876,0.663249857902696
12.26068114895272,0.6633485648572293
12.280682260125563,0.663447435909815
12.300683371298406,0.6635464710122594
12.320684482471249,0.6636456701162883
12.340685593644091,0.6637450331735479
12.360686704816935,0.6638445601356049
12.380687815989777,0.6639442509539452
12.400688927162621,0.6640441055799755
12.420690038335463,0.6641441239650224
12.440691149508307,0.6642443060603329
12.46069226068115,0.6643446518170738
12.480693371853992,0.6644451611863325
12.500694483026836,0.6645458341191166
12.520695594199678,0.6646466705663536
12.540696705372522,0.6647476704788919
12.560697816545364,0.6648488338074997
12.580698927718206,0.6649501605028658
12.60070003889105,0.6650516505155992
12.620701150063892,0.6651533037962296
12.640702261236736,0.665255120295207
12.660703372409579,0.6653570999629014
12.680704483582423,0.6654592427496039
12.700705594755265,0.6655615486055256
12.720706705928107,0.6656640174807986
12.740707817100951,0.6657666493254751
12.760708928273793,0.6658694440895281
12.780710039446637,0.665972401722851
12.80071115061948,0.666075522175258
12.820712261792321,0.6661788053964839
12.840713372965165,0.6662822513361839
12.860714484138008,0.6663858599439345
12.880715595310852,0.6664896311692321
12.900716706483694,0.6665935649614947
12.920717817656536,0.6666976612700601
12.94071892882938,0.6668019200441877
12.960720040002222,0.6669063412330573
12.980721151175066,0.6670109247857696
13.000722262347908,0.6671156706513464
13.020723373520752,0.6672205787787298
13.040724484693595,0.6673256491167834
13.060725595866437,0.6674308816142914
13.08072670703928,0.6675362762199593
13.100727818212123,0.667641832882413
13.120728929384967,0.6677475515502
13.14073004055781,0.6678534321717884
13.160731151730651,0.6679594746955677
13.180732262903495,0.6680656790698483
13.200733374076338,0.6681720452428616
13.220734485249181,0.6682785731627603
13.240735596422024,0.6683852627776183
13.260736707594868,0.6684921140354306
13.28073781876771,0.6685991268841134
13.300738929940552,0.668706301271504
13.320740041113396,0.6688136371453611
13.340741152286238,0.668921134453365
13.360742263459082,0.6690287931431167
13.380743374631924,0.6691366131621388
13.400744485804767,0.6692445944578755
13.42074559697761,0.6693527369776922
13.440746708150453,0.6694610406688755
13.460747819323297,0.6695695054786335
13.480748930496139,0.6696781313540964
13.500750041668981,0.6697869182423148
13.520751152841825,0.6698958660902621
13.540752264014667,0.6700049748448318
13.560753375187511,0.6701142444528402
13.580754486360354,0.6702236748610244
13.600755597533198,0.6703332660160437
13.62075670870604,0.6704430178644786
13.640757819878882,0.6705529303528315
13.660758931051726,0.6706630034275263
13.680760042224568,0.670773237034909
13.700761153397412,0.6708836311212469
13.720762264570254,0.6709941856327294
13.740763375743096,0.6711049005154675
13.76076448691594,0.6712157757154942
13.780765598088783,0.6713268111787642
13.800766709261627,0.6714380068511543
13.820767820434469,0.6715493626784628
13.840768931607313,0.6716608786064104
13.860770042780155,0.6717725545806394
13.880771153952997,0.6718843905467144
13.900772265125841,0.6719963864501218
13.920773376298683,0.67210854223627
13.940774487471527,0.6722208578504896
13.96077559864437,0.6723333332380333
13.980776709817212,0.672445968344076
14.000777820990056,0.6725587631137143
14.020778932162898,0.6726717174919675
14.040780043335742,0.6727848314237768
14.060781154508584,0.6728981048540059
14.080782265681428,0.6730115377274403
14.10078337685427,0.6731251299887882
14.120784488027113,0.67323888158268
14.140785599199956,0.6733527924536683
14.160786710372799,0.6734668625462282
14.180787821545643,0.6735810918047571
14.200788932718485,0.673695480173575
14.220790043891327,0.673810027596924
14.240791155064171,0.6739247340189691
14.260792266237013,0.6740395993837973
14.280793377409857,0.6741546236354187
14.3007944885827,0.6742698067177654
14.320795599755542,0.6743851485746925
14.340796710928386,0.6745006491499773
14.360797822101228,0.6746163083873202
14.380798933274072,0.6747321262303441
14.400800044446914,0.6748481026225942
14.420801155619758,0.6749642375075389
14.4408022667926,0.6750805308285692
14.460803377965442,0.675196982528999
14.480804489138286,0.6753135925520644
14.500805600311129,0.6754303608409251
14.520806711483973,0.6755472873386634
14.540807822656815,0.6756643719882842
14.560808933829657,0.6757816147327158
14.5808100450025,0.6758990155148088
14.600811156175343,0.6760165742773374
14.620812267348187,0.6761342909629984
14.64081337852103,0.6762521655144118
14.660814489693873,0.6763701978741206
14.680815600866715,0.6764883879845907
14.700816712039558,0.6766067357882114
14.720817823212402,0.6767252412272952
14.740818934385244,0.6768439042440771
14.760820045558088,0.6769627247807164
14.78082115673093,0.6770817027792944
14.800822267903772,0.6772008381818164
14.820823379076616,0.677320130930211
14.840824490249458,0.6774395809663296
14.860825601422302,0.6775591882319476
14.880826712595145,0.677678952668763
14.900827823767987,0.6777988742183979
14.92082893494083,0.6779189528223972
14.940830046113673,0.6780391884222299
14.960831157286517,0.6781595809592877
14.98083226845936,0.6782801303748867
15.000833379632203,0.6784008366102656
15.020834490805045,0.6785216996065873
15.040835601977887,0.6786427193049382
15.060836713150731,0.6787638956463281
15.080837824323574,0.6788852285716905
15.100838935496418,0.6790067180218828
15.12084004666926,0.6791283639376859
15.140841157842102,0.6792501662598043
15.160842269014946,0.6793721249288667
15.180843380187788,0.6794942398854249
15.200844491360632,0.6796165110699555
15.220845602533474,0.6797389384228578
15.240846713706318,0.6798615218844561
15.26084782487916,0.6799842613949978
15.280848936052003,0.6801071568946545
15.300850047224847,0.6802302083235219
15.320851158397689,0.6803534156216193
15.340852269570533,0.6804767787288907
15.360853380743375,0.6806002975852034
15.380854491916217,0.6807239721303492
15.400855603089061,0.6808478023040438
15.420856714261904,0.6809717880459276
15.440857825434747,0.6810959292955643
15.46085893660759,0.6812202259924425
15.480860047780432,0.6813446780759747
15.500861158953276,0.6814692854854976
15.520862270126118,0.6815940481602724
15.540863381298962,0.6817189660394847
15.560864492471804,0.6818440390622439
15.580865603644648,0.6819692671675845
15.60086671481749,0.6820946502944649
15.620867825990333,0.6822201883817682
15.640868937163177,0.6823458813683018
15.660870048336019,0.6824717291927975
15.680871159508863,0.6825977317939121
15.700872270681705,0.6827238891102265
15.720873381854547,0.6828502010802462
15.740874493027391,0.6829766676424016
15.760875604200233,0.6831032887350474
15.780876715373077,0.6832300642964635
15.80087782654592,0.6833569942648539
15.820878937718764,0.6834840785783475
15.840880048891606,0.6836113171749982
15.860881160064448,0.6837387099927847
15.880882271237292,0.6838662569696103
15.900883382410134,0.6839939580433032
15.920884493582978,0.6841218131516165
15.94088560475582,0.6842498222322284
15.960886715928662,0.6843779852227416
15.980887827101506,0.6845063020606844
16.00088893827435,0.6846347726835096
16.020890049447193,0.6847633970285953
16.040891160620035,0.6848921750332445
16.060892271792877,0.6850211066346856
16.08089338296572,0.6851501917700716
16.100894494138565,0.6852794303764813
16.120895605311407,0.685408822390918
16.14089671648425,0.6855383677503111
16.16089782765709,0.6856680663915143
16.180898938829934,0.6857979182513073
16.20090005000278,0.6859279232663948
16.22090116117562,0.6860580813734067
16.240902272348464,0.6861883925088987
16.260903383521306,0.6863188566093517
16.280904494694152,0.6864494736111717
16.300905605866994,0.6865802434506909
16.320906717039836,0.6867111660641663
16.34090782821268,0.6868422413877806
16.36090893938552,0.6869734693576426
16.380910050558366,0.687104849909786
16.40091116173121,0.6872363829801706
16.42091227290405,0.6873680685046815
16.440913384076893,0.6874999064191296
16.460914495249735,0.6876318966592516
16.48091560642258,0.6877640391607098
16.500916717595423,0.6878963338590928
16.520917828768265,0.6880287806899141
16.540918939941108,0.6881613795886139
16.56092005111395,0.6882941304905578
16.580921162286796,0.6884270333310375
16.600922273459638,0.6885600880452704
16.62092338463248,0.6886932945684003
16.640924495805322,0.6888266528354964
16.660925606978164,0.6889601627815546
16.68092671815101,0.6890938243414964
16.700927829323852,0.6892276374501696
16.720928940496695,0.6893616020423481
16.740930051669537,0.6894957180527317
16.76093116284238,0.6896299854159469
16.780932274015225,0.689764404066546
16.800933385188067,0.6898989739390078
16.82093449636091,0.690033694967737
16.84093560753375,0.6901685670870654
16.860936718706597,0.6903035902312502
16.88093782987944,0.6904387643344758
16.90093894105228,0.6905740893308524
16.920940052225124,0.6907095651544171
16.940941163397966,0.6908451917391332
16.96094227457081,0.6909809690188906
16.980943385743654,0.6911168969275058
17.000944496916496,0.6912529753987218
17.020945608089338,0.6913892043662082
17.04094671926218,0.6915255837635612
17.060947830435026,0.6916621135243041
17.08094894160787,0.6917987935818861
17.10095005278071,0.691935623869684
17.120951163953553,0.6920726043210006
17.140952275126395,0.6922097348690663
17.16095338629924,0.6923470154470375
17.180954497472083,0.6924844459879982
17.200955608644925,0.6926220264249585
17.220956719817767,0.6927597566908565
17.24095783099061,0.6928976367185564
17.260958942163455,0.6930356664408498
17.280960053336297,0.693173845790455
17.30096116450914,0.6933121747000178
17.320962275681982,0.6934506531021107
17.340963386854824,0.6935892809292337
17.36096449802767,0.6937280581138137
17.380965609200512,0.6938669845882046
17.400966720373354,0.6940060602846883
17.420967831546196,0.6941452851354728
17.440968942719042,0.694284659072695
17.460970053891884,0.6944241820284172
17.480971165064727,0.6945638539346306
17.50097227623757,0.6947036747232533
17.52097338741041,0.6948436443261305
17.540974498583257,0.6949837626750353
17.5609756097561,0.6951240297016681
17.58097672092894,0.6952644453376569
17.600977832101783,0.695405009514557
17.620978943274626,0.6955457221638517
17.64098005444747,0.6956865832169518
17.660981165620314,0.6958275926051956
17.680982276793156,0.6959687502598491
17.700983387965998,0.6961100561121063
17.72098449913884,0.6962515100930888
17.740985610311686,0.696393112133846
17.760986721484528,0.6965348621653549
17.78098783265737,0.6966767601185209
17.800988943830212,0.6968188059241767
17.820990055003055,0.6969609995130832
17.8409911661759,0.6971033408159295
17.860992277348743,0.6972458297633324
17.880993388521585,0.6973884662858367
17.900994499694427,0.6975312503139153
17.920995610867273,0.6976741817779697
17.940996722040115,0.6978172606083286
17.960997833212957,0.6979604867352495
17.9809989443858,0.698103860088918
18.00100005555864,0.698247380599448
18.021001166731487,0.6983910481968815
18.04100227790433,0.6985348628111888
18.06100338907717,0.6986788243722688
18.081004500250014,0.6988229328099484
18.101005611422856,0.6989671880539832
18.121006722595702,0.6991115900340571
18.141007833768544,0.6992561386797825
18.161008944941386,0.6994008339207004
18.18101005611423,0.6995456756862801
18.20101116728707,0.6996906639059197
18.221012278459916,0.6998357985089461
18.24101338963276,0.6999810794246142
18.2610145008056,0.7001265065821081
18.281015611978443,0.7002720799105406
18.301016723151285,0.7004177993389532
18.32101783432413,0.700563664796316
18.341018945496973,0.7007096762115279
18.361020056669815,0.7008558335134172
18.381021167842658,0.7010021366307404
18.4010222790155,0.7011485854921833
18.421023390188346,0.7012951800263605
18.441024501361188,0.7014419201618156
18.46102561253403,0.7015888058270215
18.481026723706872,0.7017358369503801
18.501027834879718,0.7018830134602216
18.52102894605256,0.7020303352848067
18.541030057225402,0.7021778023523242
18.561031168398245,0.7023254145908926
18.581032279571087,0.7024731719285593
18.601033390743932,0.7026210742933012
18.621034501916775,0.7027691216130247
18.641035613089617,0.7029173138155651
18.66103672426246,0.7030656508286874
18.6810378354353,0.7032141325800858
18.701038946608147,0.7033627589973842
18.72104005778099,0.7035115300081358
18.74104116895383,0.7036604455398232
18.761042280126674,0.7038095055198588
18.781043391299516,0.7039587098755846
18.80104450247236,0.7041080585342723
18.821045613645204,0.7042575514231226
18.841046724818046,0.7044071884692668
18.861047835990888,0.7045569695997653
18.88104894716373,0.7047068947416085
18.901050058336576,0.7048569638217167
18.92105116950942,0.7050071767669399
18.94105228068226,0.7051575335040579
18.961053391855103,0.7053080339597806
18.981054503027945,0.7054586780607476
19.00105561420079,0.705609465733529
19.021056725373633,0.7057603969046241
19.041057836546475,0.7059114715004631
19.061058947719317,0.7060626894474056
19.081060058892163,0.7062140506717418
19.101061170065005,0.7063655550996917
19.121062281237847,0.706517202657406
19.14106339241069,0.706668993270965
19.161064503583532,0.7068209268663797
19.181065614756378,0.7069730033695912
19.20106672592922,0.7071252227064713
19.221067837102062,0.7072775848028214
19.241068948274904,0.7074300895843744
19.261070059447746,0.7075827369767926
19.281071170620592,0.7077355269056694
19.301072281793434,0.7078884592965287
19.321073392966277,0.7080415340748245
19.34107450413912,0.7081947511659421
19.36107561531196,0.7083481104951969
19.381076726484807,0.708501611987835
19.40107783765765,0.7086552555690335
19.42107894883049,0.7088090411639001
19.441080060003333,0.708962968697473
19.461081171176176,0.7091170380947216
19.48108228234902,0.709271249280546
19.501083393521863,0.7094256021797772
19.521084504694706,0.7095800967171771
19.541085615867548,0.7097347328174386
19.56108672704039,0.7098895104051856
19.581087838213236,0.7100444294049727
19.601088949386078,0.7101994897412864
19.62109006055892,0.7103546913385432
19.641091171731762,0.7105100341210918
19.661092282904608,0.7106655180132113
19.68109339407745,0.7108211429391126
19.701094505250293,0.7109769088229373
19.721095616423135,0.7111328155887586
19.741096727595977,0.7112888631605812
19.761097838768823,0.7114450514623407
19.781098949941665,0.7116013804179045
19.801100061114507,0.7117578499510715
19.82110117228735,0.7119144599855713
19.84110228346019,0.712071210445066
19.861103394633037,0.7122281012531491
19.88110450580588,0.7123851323333448
19.90110561697872,0.7125423036091099
19.921106728151564,0.7126996150038326
19.941107839324406,0.7128570664408325
19.961108950497252,0.7130146578433614
19.981110061670094,0.7131723891346023
20.001111172842936,0.7133302602376708
20.02111228401578,0.7134882710756134
20.04111339518862,0.7136464215714092
20.061114506361466,0.7138047116479691
20.08111561753431,0.7139631412281358
20.10111672870715,0.7141217102346837
20.121117839879993,0.7142804185903204
20.141118951052835,0.714439266217684
20.16112006222568,0.7145982530393462
20.181121173398523,0.7147573789778093
20.201122284571365,0.7149166439555094
20.221123395744208,0.7150760478948137
20.241124506917053,0.715235590718022
20.261125618089896,0.7153952723473666
20.281126729262738,0.7155550927050118
20.30112784043558,0.7157150517130545
20.321128951608422,0.715875149293524
20.341130062781268,0.716035385368382
20.36113117395411,0.7161957598595227
20.381132285126952,0.7163562726887728
20.401133396299794,0.7165169237778914
20.421134507472637,0.716677713048571
20.441135618645482,0.7168386404224356
20.461136729818325,0.7169997058210427
20.481137840991167,0.7171609091658822
20.50113895216401,0.7173222503783767
20.52114006333685,0.7174837293798819
20.541141174509697,0.7176453460916862
20.56114228568254,0.7178071004350106
20.58114339685538,0.7179689923310093
20.601144508028224,0.7181310217007694
20.621145619201066,0.718293188465311
20.64114673037391,0.7184554925455873
20.661147841546754,0.7186179338624843
20.681148952719596,0.7187805123368214
20.701150063892438,0.7189432278893508
20.72115117506528,0.7191060804407585
20.741152286238126,0.7192690699116631
20.76115339741097,0.7194321962226167
20.78115450858381,0.7195954592941046
20.801155619756653,0.7197588590465456
20.8211567309295,0.7199223954002919
20.84115784210234,0.7200860682756288
20.861158953275183,0.7202498775927755
20.881160064448025,0.7204138232718841
20.901161175620867,0.720577905233041
20.921162286793713,0.7207421233962654
20.941163397966555,0.7209064776815108
20.961164509139397,0.7210709680086638
20.98116562031224,0.721235594297545
21.001166731485082,0.7214003564679086
21.021167842657928,0.7215652544394424
21.04116895383077,0.7217302881317686
21.061170065003612,0.7218954574644426
21.081171176176454,0.7220607623569539
21.101172287349296,0.7222262027287262
21.121173398522142,0.7223917784991165
21.141174509694984,0.7225574895874166
21.161175620867827,0.7227233359128518
21.18117673204067,0.7228893173945814
21.20117784321351,0.7230554339516995
21.221178954386357,0.7232216855032336
21.2411800655592,0.7233880719681458
21.26118117673204,0.7235545932653324
21.281182287904883,0.7237212493136239
21.301183399077726,0.7238880400317851
21.32118451025057,0.7240549653385152
21.341185621423413,0.7242220251524478
21.361186732596256,0.7243892193921511
21.381187843769098,0.7245565479761271
21.401188954941944,0.7247240108228133
21.421190066114786,0.7248916078505813
21.441191177287628,0.7250593389777368
21.46119228846047,0.7252272041225212
21.481193399633312,0.7253952032031094
21.501194510806158,0.7255633361376121
21.521195621979,0.7257316028440738
21.541196733151843,0.7259000032404745
21.561197844324685,0.7260685372447289
21.581198955497527,0.726237204774686
21.601200066670373,0.7264060057481306
21.621201177843215,0.7265749400827818
21.641202289016057,0.726744007696294
21.6612034001889,0.7269132085062564
21.68120451136174,0.7270825424301935
21.701205622534587,0.727252009385565
21.72120673370743,0.7274216092897653
21.74120784488027,0.7275913420601243
21.761208956053114,0.7277612076139074
21.781210067225956,0.7279312058683147
21.801211178398802,0.7281013367404822
21.821212289571644,0.7282716001474807
21.841213400744486,0.7284419960063166
21.86121451191733,0.7286125242339323
21.88121562309017,0.7287831847472046
21.901216734263016,0.7289539774629467
21.92121784543586,0.7291249022979069
21.9412189566087,0.7292959591687693
21.961220067781543,0.7294671479921537
21.98122117895439,0.7296384686846156
22.00122229012723,0.7298099211626456
22.021223401300073,0.7299815053426711
22.041224512472915,0.7301532211410544
22.061225623645758,0.7303250684740942
22.081226734818603,0.7304970472580248
22.101227845991446,0.7306691574090165
22.121228957164288,0.7308413988431757
22.14123006833713,0.7310137714765446
22.161231179509972,0.7311862752251015
22.181232290682818,0.7313589100047609
22.20123340185566,0.7315316757313733
22.221234513028502,0.7317045723207256
22.241235624201344,0.7318775996885405
22.261236735374187,0.7320507577504771
22.281237846547032,0.7322240464221315
22.301238957719875,0.7323974656190347
22.321240068892717,0.7325710152566555
22.34124118006556,0.7327446952503982
22.3612422912384,0.732918505515604
22.381243402411247,0.7330924459675505
22.40124451358409,0.7332665165214518
22.42124562475693,0.7334407170924586
22.441246735929774,0.7336150475956582
22.461247847102616,0.7337895079460746
22.48124895827546,0.7339640980586684
22.501250069448304,0.7341388178483372
22.521251180621146,0.734313667229915
22.541252291793988,0.7344886461181732
22.561253402966834,0.7346637544278194
22.581254514139676,0.734838992073499
22.60125562531252,0.7350143589697931
22.62125673648536,0.7351898550312208
22.641257847658203,0.7353654801722381
22.66125895883105,0.7355412343072378
22.68126007000389,0.73571711735055
22.701261181176733,0.7358931292164419
22.721262292349575,0.7360692698191178
22.741263403522417,0.7362455390727196
22.761264514695263,0.7364219368913261
22.781265625868105,0.7365984631889535
22.801266737040947,0.7367751178795557
22.82126784821379,0.7369519008770236
22.841268959386632,0.7371288120951859
22.861270070559478,0.7373058514478086
22.88127118173232,0.7374830188485951
22.901272292905162,0.7376603142111868
22.921273404078004,0.7378377374491624
22.941274515250846,0.7380152884760383
22.961275626423692,0.7381929672052687
22.981276737596534,0.7383707735502456
23.001277848769377,0.7385487074242987
23.02127895994222,0.7387267687406955
23.04128007111506,0.7389049574126414
23.061281182287907,0.73908327335328
23.08128229346075,0.739261716475692
23.10128340463359,0.7394402866928977
23.121284515806433,0.7396189839178535
23.14128562697928,0.7397978080634556
23.16128673815212,0.7399767590425371
23.181287849324963,0.74015583676787
23.201288960497806,0.7403350411521643
23.221290071670648,0.7405143721080683
23.241291182843494,0.7406938295481684
23.261292294016336,0.7408734133849896
23.281293405189178,0.7410531235309952
23.30129451636202,0.7412329598985867
23.321295627534862,0.7414129224001047
23.341296738707708,0.7415930109478277
23.36129784988055,0.7417732254539728
23.381298961053393,0.7419535658306963
23.401300072226235,0.7421340319900924
23.421301183399077,0.7423146238441944
23.441302294571923,0.7424953413049743
23.461303405744765,0.7426761842843428
23.481304516917607,0.7428571526941492
23.50130562809045,0.7430382464461824
23.52130673926329,0.7432194654521692
23.541307850436137,0.7434008096237761
23.56130896160898,0.7435822788726083
23.58131007278182,0.7437638731102099
23.601311183954664,0.7439455922480643
23.62131229512751,0.7441274361975944
23.641313406300352,0.7443094048701611
23.661314517473194,0.7444914981770658
23.681315628646036,0.7446737160295482
23.70131673981888,0.7448560583387879
23.721317850991724,0.7450385250159035
23.741318962164566,0.7452211159719531
23.76132007333741,0.7454038311179341
23.78132118451025,0.7455866703647835
23.801322295683093,0.745769633623378
23.82132340685594,0.7459527208045333
23.84132451802878,0.7461359318190053
23.861325629201623,0.7463192665774889
23.881326740374465,0.7465027249906195
23.901327851547308,0.7466863069689713
23.921328962720153,0.7468700124230591
23.941330073892996,0.7470538412633367
23.961331185065838,0.7472377934001988
23.98133229623868,0.7474218687439789
24.001333407411522,0.7476060672049512
24.021334518584368,0.7477903886933296
24.04133562975721,0.7479748331192679
24.061336740930052,0.7481594003928604
24.081337852102894,0.748344090424141
24.101338963275737,0.7485289031230842
24.121340074448582,0.7487138383996045
24.141341185621425,0.7488988961635565
24.161342296794267,0.7490840763247355
24.18134340796711,0.7492693787928768
24.201344519139955,0.7494548034776563
24.221345630312797,0.74964035028869
24.24134674148564,0.7498260191355348
24.26134785265848,0.7500118099276878
24.281348963831324,0.7501977225745868
24.30135007500417,0.7503837569856102
24.32135118617701,0.750569913070077
24.341352297349854,0.7507561907372469
24.361353408522696,0.7509425898963202
24.381354519695538,0.7511291104564382
24.401355630868384,0.7513157523266831
24.421356742041226,0.7515025154160775
24.44135785321407,0.7516893996335856
24.46135896438691,0.7518764048881118
24.481360075559753,0.7520635310885022
24.5013611867326,0.7522507781435435
24.52136229790544,0.7524381459619637
24.541363409078283,0.7526256344524316
24.561364520251125,0.7528132435235577
24.581365631423967,0.7530009730838934
24.601366742596813,0.7531888230419314
24.621367853769655,0.7533767933061056
24.641368964942497,0.7535648837847917
24.66137007611534,0.7537530943863062
24.681371187288182,0.7539414250189074
24.701372298461028,0.7541298755907954
24.72137340963387,0.7543184460101109
24.741374520806712,0.754507136184937
24.761375631979554,0.7546959460232985
24.7813767431524,0.7548848754331611
24.801377854325242,0.7550739243224329
24.821378965498084,0.7552630925989634
24.841380076670927,0.7554523801705442
24.86138118784377,0.7556417869449085
24.881382299016614,0.7558313128297314
24.901383410189457,0.7560209577326301
24.9213845213623,0.7562107215611638
24.94138563253514,0.7564006042228333
24.961386743707983,0.7565906056250823
24.98138785488083,0.7567807256752956
25.00138896605367,0.7569709642808014
25.021390077226513,0.7571613213488686
25.041391188399356,0.7573517967867098
25.061392299572198,0.7575423905014791
25.081393410745044,0.7577331024002729
25.101394521917886,0.7579239323901303
25.121395633090728,0.758114880378033
25.14139674426357,0.7583059462709048
25.161397855436412,0.7584971299756118
25.181398966609258,0.7586884313989635
25.2014000777821,0.7588798504477114
25.221401188954943,0.7590713870285497
25.241402300127785,0.7592630410481155
25.261403411300627,0.7594548124129886
25.281404522473473,0.7596467010296917
25.301405633646315,0.75983870680469
25.321406744819157,0.760030829644392
25.341407855992,0.7602230694551487
25.361408967164845,0.7604154261432546
25.381410078337687,0.760607899614947
25.40141118951053,0.760800489776406
25.42141230068337,0.7609931965337553
25.441413411856214,0.7611860197930613
25.46141452302906,0.7613789594603342
25.481415634201902,0.7615720154415266
25.501416745374744,0.7617651876425352
25.521417856547586,0.7619584759691999
25.54141896772043,0.7621518803273034
25.561420078893274,0.7623454006225728
25.581421190066116,0.7625390367606778
25.60142230123896,0.7627327886472323
25.6214234124118,0.7629266561877932
25.641424523584643,0.7631206392878616
25.66142563475749,0.7633147378528818
25.68142674593033,0.7635089517882421
25.701427857103173,0.7637032809992743
25.721428968276015,0.7638977253912544
25.741430079448858,0.764092284869402
25.761431190621703,0.7642869593388804
25.781432301794545,0.7644817487047975
25.801433412967388,0.7646766528722042
25.82143452414023,0.7648716717460965
25.841435635313072,0.7650668052314139
25.861436746485918,0.7652620532330402
25.88143785765876,0.7654574156558032
25.901438968831602,0.765652892404475
25.921440080004444,0.7658484833837721
25.94144119117729,0.7660441884983553
25.961442302350132,0.7662400076528296
25.981443413522975,0.7664359407517446
26.001444524695817,0.7666319876995942
26.02144563586866,0.7668281484008169
26.041446747041505,0.7670244227597959
26.061447858214347,0.7672208106808585
26.08144896938719,0.7674173120682773
26.10145008056003,0.7676139268262689
26.121451191732874,0.7678106548589956
26.14145230290572,0.7680074960705633
26.16145341407856,0.7682044503650236
26.181454525251404,0.7684015176463727
26.201455636424246,0.7685986978185516
26.221456747597088,0.7687959907854465
26.241457858769934,0.7689933964508886
26.261458969942776,0.769190914718654
26.28146008111562,0.7693885454924638
26.30146119228846,0.7695862886759848
26.321462303461303,0.7697841441728284
26.34146341463415,0.7699821118865519
26.36146452580699,0.7701801917206569
26.381465636979833,0.7703783835785915
26.401466748152675,0.7705766873637485
26.421467859325517,0.7707751029794662
26.441468970498363,0.7709736303290287
26.461470081671205,0.7711722693156652
26.481471192844047,0.7713710198425509
26.50147230401689,0.7715698818128063
26.521473415189735,0.7717688551294978
26.541474526362578,0.7719679396956374
26.56147563753542,0.772167135414183
26.581476748708262,0.7723664421880381
26.601477859881104,0.7725658599200523
26.62147897105395,0.7727653885130211
26.641480082226792,0.772965027869686
26.661481193399634,0.7731647778927339
26.681482304572476,0.7733646384847985
26.70148341574532,0.7735646095484595
26.721484526918164,0.7737646909862426
26.741485638091007,0.7739648827006194
26.76148674926385,0.7741651845940083
26.78148786043669,0.7743655965687737
26.801488971609533,0.7745661185272262
26.82149008278238,0.7747667503716236
26.84149119395522,0.7749674920041687
26.861492305128063,0.775168343327012
26.881493416300906,0.7753693042422498
26.901494527473748,0.7755703746519259
26.921495638646594,0.7757715544580298
26.941496749819436,0.775972843562498
26.961497860992278,0.7761742418672136
26.98149897216512,0.776375749274007
27.001500083337962,0.7765773656846546
27.021501194510808,0.7767790910008805
27.04150230568365,0.7769809251243549
27.061503416856493,0.7771828679566957
27.081504528029335,0.7773849193994671
27.10150563920218,0.7775870793541811
27.121506750375023,0.7777893477222964
27.141507861547865,0.7779917244052186
27.161508972720707,0.7781942093043012
27.18151008389355,0.7783968023208443
27.201511195066395,0.7785995033560957
27.221512306239237,0.7788023123112503
27.24151341741208,0.7790052290874505
27.26151452858492,0.7792082535857863
27.281515639757764,0.7794113857072947
27.30151675093061,0.7796146253529609
27.321517862103452,0.7798179724237172
27.341518973276294,0.7800214268204436
27.361520084449136,0.780224988443968
27.38152119562198,0.780428657195066
27.401522306794824,0.7806324329744607
27.421523417967666,0.7808363156828235
27.44152452914051,0.7810403052207731
27.46152564031335,0.7812444014888766
27.481526751486193,0.7814486043876488
27.50152786265904,0.7816529138175528
27.52152897383188,0.7818573296789995
27.541530085004723,0.7820618518723479
27.561531196177565,0.7822664802979056
27.581532307350408,0.7824712148559276
27.601533418523253,0.7826760554466182
27.621534529696095,0.7828810019701293
27.641535640868938,0.7830860543265613
27.66153675204178,0.783291212415963
27.681537863214626,0.7834964761383321
27.701538974387468,0.7837018453936138
27.72154008556031,0.783907320081703
27.741541196733152,0.7841129001024426
27.761542307905994,0.7843185853556244
27.78154341907884,0.7845243757409883
27.801544530251682,0.784730271158224
27.821545641424525,0.784936271506969
27.841546752597367,0.7851423766868102
27.86154786377021,0.7853485865972833
27.881548974943055,0.7855549011378731
27.901550086115897,0.7857613202080128
27.92155119728874,0.7859678437070854
27.94155230846158,0.7861744715344228
27.961553419634424,0.7863812035893053
27.98155453080727,0.7865880397709637
28.00155564198011,0.786794979978577
28.021556753152954,0.787002024111274
28.041557864325796,0.7872091720681325
28.061558975498638,0.78741642374818
28.081560086671484,0.7876237790503935
28.101561197844326,0.7878312378736989
28.12156230901717,0.7880388001169725
28.14156342019001,0.7882464656790394
28.161564531362856,0.7884542344586749
28.1815656425357,0.7886621063546038
28.20156675370854,0.7888700812655003
28.221567864881383,0.7890781590899888
28.241568976054225,0.7892863397266436
28.26157008722707,0.7894946230739887
28.281571198399913,0.789703009030498
28.301572309572755,0.7899114974945952
28.321573420745597,0.7901200883646546
28.34157453191844,0.7903287815390001
28.361575643091285,0.7905375769159059
28.381576754264128,0.7907464743935964
28.40157786543697,0.790955473870246
28.421578976609812,0.7911645752439798
28.441580087782654,0.7913737784128728
28.4615811989555,0.791583083274951
28.481582310128342,0.7917924897281898
28.501583421301184,0.7920019976705163
28.521584532474026,0.792211606999807
28.54158564364687,0.7924213176138899
28.561586754819714,0.792631129410543
28.581587865992557,0.7928410422874954
28.6015889771654,0.7930510561424267
28.62159008833824,0.7932611708729672
28.641591199511083,0.7934713863766982
28.66159231068393,0.793681702551152
28.68159342185677,0.7938921192938115
28.701594533029613,0.7941026365021107
28.721595644202456,0.7943132540734348
28.7415967553753,0.7945239719051197
28.761597866548144,0.7947347898944532
28.781598977720986,0.794945707938673
28.801600088893828,0.7951567259349697
28.82160120006667,0.7953678437804833
28.841602311239516,0.7955790613723069
28.861603422412358,0.7957903786074836
28.8816045335852,0.7960017953830087
28.901605644758043,0.796213311595829
28.921606755930885,0.7964249271428423
28.94160786710373,0.7966366419208984
28.961608978276573,0.7968484558267988
28.981610089449415,0.7970603687572962
29.001611200622257,0.7972723806090954
29.0216123117951,0.7974844912788533
29.041613422967945,0.7976967006631777
29.061614534140787,0.7979090086586292
29.08161564531363,0.7981214151617197
29.10161675648647,0.7983339200689136
29.121617867659314,0.7985465232766269
29.14161897883216,0.798759224681228
29.161620090005,0.7989720241790371
29.181621201177844,0.7991849216663272
29.201622312350686,0.7993979170393226
29.22162342352353,0.7996110101942006
29.241624534696374,0.7998242010270908
29.261625645869216,0.8000374894340748
29.28162675704206,0.8002508753111872
29.3016278682149,0.8004643585544144
29.321628979387746,0.8006779390596961
29.34163009056059,0.8008916167229235
29.36163120173343,0.801105391439942
29.381632312906273,0.801319263106548
29.401633424079115,0.8015332316184921
29.42163453525196,0.8017472968714767
29.441635646424803,0.8019614587611577
29.461636757597645,0.8021757171831433
29.481637868770488,0.8023900720329951
29.50163897994333,0.8026045232062273
29.521640091116176,0.8028190705983078
29.541641202289018,0.803033714104657
29.56164231346186,0.8032484536206483
29.581643424634702,0.8034632890416094
29.601644535807544,0.8036782202628197
29.62164564698039,0.8038932471795133
29.641646758153232,0.8041083696868765
29.661647869326075,0.8043235876800499
29.681648980498917,0.8045389010541273
29.70165009167176,0.8047543097041556
29.721651202844605,0.8049698135251359
29.741652314017447,0.8051854124120223
29.76165342519029,0.805401106259723
29.78165453636313,0.8056168949630995
29.801655647535974,0.805832778416968
29.82165675870882,0.806048756516097
29.84165786988166,0.8062648291552104
29.861658981054504,0.8064809962289846
29.881660092227346,0.8066972576320512
29.90166120340019,0.8069136132589954
29.921662314573034,0.8071300630043561
29.941663425745876,0.8073466067626266
29.96166453691872,0.8075632444282546
29.98166564809156,0.8077799758956414
30.001666759264406,0.8079968010591434
30.02166787043725,0.8082137198130707
30.04166898161009,0.8084307320516878
30.061670092782933,0.8086478376692143
30.081671203955775,0.8088650365598233
30.10167231512862,0.8090823286176435
30.121673426301463,0.809299713736757
30.141674537474305,0.8095171918112017
30.161675648647147,0.8097347627349691
30.18167675981999,0.8099524264020065
30.201677870992835,0.8101701827062153
30.221678982165677,0.8103880315414519
30.24168009333852,0.8106059728015276
30.261681204511362,0.8108240063802087
30.281682315684204,0.8110421321712165
30.30168342685705,0.8112603500682273
30.321684538029892,0.8114786599648726
30.341685649202734,0.8116970617547387
30.361686760375576,0.8119155553313679
30.38168787154842,0.8121341405882567
30.401688982721264,0.812352817418858
30.421690093894107,0.8125715857165791
30.44169120506695,0.8127904453747833
30.46169231623979,0.8130093962867893
30.481693427412637,0.813228438345871
30.50169453858548,0.8134475714452583
30.52169564975832,0.8136667954781365
30.541696760931163,0.8138861103376465
30.561697872104006,0.814105515916885
30.58169898327685,0.8143250121089047
30.601700094449694,0.8145445988067137
30.621701205622536,0.8147642759032765
30.641702316795378,0.8149840432915129
30.66170342796822,0.8152039008642995
30.681704539141066,0.8154238485144678
30.701705650313908,0.8156438861348069
30.72170676148675,0.8158640136180605
30.741707872659592,0.8160842308569296
30.761708983832435,0.8163045377440711
30.78171009500528,0.8165249341720979
30.801711206178123,0.8167454200335797
30.821712317350965,0.8169659952210425
30.841713428523807,0.8171866596269686
30.86171453969665,0.8174074131437967
30.881715650869495,0.8176282556639228
30.901716762042337,0.8178491870796983
30.92171787321518,0.8180702072834326
30.94171898438802,0.8182913161673905
30.961720095560864,0.8185125136237947
30.98172120673371,0.8187337995448243
31.00172231790655,0.818955173822615
31.021723429079394,0.8191766363492597
31.041724540252236,0.8193981870168086
31.061725651425082,0.8196198257172681
31.081726762597924,0.8198415523426025
31.101727873770766,0.8200633667847328
31.12172898494361,0.8202852689355372
31.14173009611645,0.8205072586868518
31.161731207289296,0.8207293359304688
31.18173231846214,0.820951500558139
31.20173342963498,0.8211737524615695
31.221734540807823,0.821396091532426
31.241735651980665,0.8216185176623304
31.26173676315351,0.8218410307428634
31.281737874326353,0.8220636306655624
31.301738985499195,0.8222863173219231
31.321740096672038,0.8225090906033987
31.34174120784488,0.8227319504013999
31.361742319017726,0.8229548966072957
31.381743430190568,0.8231779291124126
31.40174454136341,0.8234010478080354
31.421745652536252,0.8236242525854062
31.441746763709094,0.8238475433357263
31.46174787488194,0.8240709199501537
31.481748986054782,0.8242943823198059
31.501750097227625,0.8245179303357575
31.521751208400467,0.8247415638890419
31.54175231957331,0.8249652828706509
31.561753430746155,0.8251890871715343
31.581754541918997,0.8254129766826005
31.60175565309184,0.8256369512947164
31.62175676426468,0.8258610108987073
31.641757875437527,0.8260851553853572
31.66175898661037,0.8263093846454086
31.68176009778321,0.8265336985695626
31.701761208956054,0.8267580970484797
31.721762320128896,0.826982579972778
31.74176343130174,0.8272071472330356
31.761764542474584,0.8274317987197886
31.781765653647426,0.8276565343235327
31.801766764820268,0.8278813539347221
31.82176787599311,0.8281062574437704
31.841768987165956,0.8283312447410502
31.8617700983388,0.8285563157168934
31.88177120951164,0.8287814702615905
31.901772320684483,0.8290067082653922
31.921773431857325,0.8292320296185077
31.94177454303017,0.8294574342111061
31.961775654203013,0.8296829219333156
31.981776765375855,0.829908492675224
32.0017778765487,0.830134146326879
32.02177898772154,0.8303598827782869
32.041780098894385,0.8305857019194148
32.061781210067224,0.8308116036401887
32.08178232124007,0.8310375878304946
32.101783432412915,0.8312636543801786
32.121784543585754,0.8314898031790461
32.1417856547586,0.8317160341168628
32.16178676593144,0.8319423470833539
32.181787877104284,0.8321687419682056
32.20178898827713,0.832395218661063
32.22179009944997,0.832621777051532
32.241791210622814,0.8328484170291783
32.26179232179565,0.8330751384835285
32.2817934329685,0.8333019413040689
32.301794544141345,0.8335288253802462
32.32179565531418,0.8337557906014673
32.34179676648703,0.8339828368571004
32.36179787765987,0.834209964036473
32.38179898883271,0.8344371720288741
32.40180010000556,0.834664460723553
32.4218012111784,0.8348918300097196
32.44180232235124,0.8351192797765447
32.46180343352409,0.8353468099131593
32.48180454469693,0.8355744203086561
32.501805655869774,0.8358021108520881
32.52180676704261,0.8360298814324691
32.54180787821546,0.8362577319387745
32.561808989388304,0.8364856622599404
32.58181010056114,0.8367136722848635
32.60181121173399,0.8369417619024029
32.62181232290683,0.8371699310013774
32.64181343407967,0.8373981794705682
32.66181454525252,0.8376265071987173
32.68181565642536,0.8378549140745283
32.7018167675982,0.8380833999866659
32.72181787877104,0.8383119648237565
32.74181898994389,0.8385406084743883
32.76182010111673,0.8387693308271102
32.78182121228957,0.8389981317704339
32.80182232346242,0.8392270111928317
32.821823434635256,0.8394559689827387
32.8418245458081,0.8396850050285508
32.86182565698095,0.8399141192186266
32.881826768153786,0.8401433114412857
32.90182787932663,0.8403725815848108
32.92182899049947,0.8406019295374453
32.941830101672316,0.8408313551873958
32.96183121284516,0.8410608584228307
32.981832324018,0.8412904391318803
33.001833435190846,0.8415200972026374
33.021834546363685,0.8417498325231568
33.04183565753653,0.8419796449814563
33.06183676870938,0.8422095344655152
33.081837879882215,0.8424395008632758
33.10183899105506,0.8426695440626428
33.1218401022279,0.8428996639514837
33.141841213400745,0.8431298604176283
33.16184232457359,0.8433601333488692
33.18184343574643,0.8435904826329614
33.201844546919276,0.8438209081576235
33.221845658092114,0.844051409810536
33.24184676926496,0.8442819874793428
33.261847880437806,0.8445126410516508
33.281848991610644,0.8447433704150294
33.30185010278349,0.844974175457012
33.32185121395633,0.8452050560650941
33.341852325129175,0.845436012126735
33.36185343630202,0.8456670435293567
33.38185454747486,0.8458981501603451
33.401855658647705,0.8461293319070491
33.42185676982054,0.8463605886567809
33.44185788099339,0.8465919202968162
33.461858992166235,0.8468233267143943
33.48186010333907,0.8470548077967182
33.50186121451192,0.8472863634309539
33.52186232568476,0.8475179935042316
33.541863436857604,0.8477496979036452
33.56186454803045,0.8479814765162523
33.58186565920329,0.8482133292290739
33.601866770376134,0.8484452559290956
33.62186788154898,0.8486772565032665
33.64186899272182,0.8489093308384996
33.661870103894664,0.8491414788216725
33.6818712150675,0.849373700339626
33.70187232624035,0.849605995279166
33.721873437413194,0.8498383635270621
33.74187454858603,0.850070804970048
33.76187565975888,0.8503033194948223
33.78187677093172,0.8505359069880475
33.80187788210456,0.8507685673363508
33.82187899327741,0.8510013004263236
33.84188010445025,0.851234106144522
33.86188121562309,0.8514669843774669
33.88188232679593,0.8516999350116435
33.90188343796878,0.8519329579335021
33.92188454914162,0.8521660530294572
33.94188566031446,0.8523992201858888
33.96188677148731,0.8526324592891412
33.981887882660146,0.852865770225524
34.00188899383299,0.8530991528813114
34.02189010500584,0.8533326071427433
34.041891216178676,0.853566132896024
34.06189232735152,0.8537997300273232
34.08189343852436,0.854033398422776
34.10189454969721,0.8542671379684826
34.12189566087005,0.8545009485505085
34.14189677204289,0.8547348300548845
34.16189788321574,0.8549687823676071
34.181898994388575,0.8552028053746378
34.20190010556142,0.8554368989619044
34.22190121673427,0.8556710630152996
34.241902327907106,0.8559052974206819
34.26190343907995,0.8561396020638758
34.28190455025279,0.8563739768306713
34.301905661425636,0.8566084216068244
34.32190677259848,0.8568429362780567
34.34190788377132,0.8570775207300559
34.361908994944166,0.8573121748484759
34.381910106117004,0.8575468985189362
34.40191121728985,0.8577816916270227
34.421912328462696,0.8580165540582874
34.441913439635535,0.8582514856982484
34.46191455080838,0.8584864864323902
34.48191566198122,0.8587215561461636
34.501916773154065,0.8589566947249858
34.52191788432691,0.8591919020542402
34.54191899549975,0.859427178019277
34.561920106672595,0.8596625225054129
34.581921217845434,0.8598979353979308
34.60192232901828,0.8601334165820809
34.621923440191125,0.8603689659430795
34.641924551363964,0.8606045833661101
34.66192566253681,0.860840268736323
34.68192677370965,0.8610760219388349
34.701927884882494,0.8613118428587302
34.72192899605534,0.8615477313810596
34.74193010722818,0.861783687390841
34.761931218401024,0.8620197107730599
34.78193232957387,0.8622558014126684
34.80193344074671,0.8624919591945859
34.821934551919554,0.8627281840036993
34.84193566309239,0.8629644757248627
34.86193677426524,0.8632008342428976
34.881937885438084,0.863437259442593
34.90193899661092,0.8636737512087049
34.92194010778377,0.863910309425958
34.94194121895661,0.8641469339790433
34.96194233012945,0.8643836247526202
34.9819434413023,0.8646203816313158
35.00194455247514,0.8648572044997248
35.02194566364798,0.8650940932424097
35.04194677482082,0.865331047743901
35.06194788599367,0.8655680678886972
35.08194899716651,0.8658051535612648
35.10195010833935,0.8660423046460378
35.1219512195122,0.8662795210274195
35.14195233068504,0.86651680258978
35.16195344185788,0.866754149217459
35.18195455303073,0.8669915607947632
35.20195566420357,0.8672290372059684
35.22195677537641,0.8674665783353188
35.24195788654925,0.8677041840670265
35.2619589977221,0.8679418542852729
35.28196010889494,0.8681795888742074
35.30196122006778,0.868417387717948
35.32196233124063,0.8686552507005818
35.341963442413466,0.8688931777061641
35.36196455358631,0.8691311686187195
35.38196566475916,0.8693692233222413
35.401966775931996,0.8696073417006914
35.42196788710484,0.8698455236380013
35.44196899827768,0.8700837690180705
35.461970109450526,0.8703220777247688
35.48197122062337,0.8705604496419341
35.50197233179621,0.8707988846533742
35.521973442969056,0.8710373826428657
35.541974554141895,0.8712759434941545
35.56197566531474,0.8715145670909564
35.581976776487586,0.8717532533169561
35.601977887660425,0.8719920020558077
35.62197899883327,0.8722308131911353
35.64198011000611,0.872469686606532
35.661981221178955,0.8727086221855614
35.6819823323518,0.8729476198117558
35.70198344352464,0.8731866793686177
35.721984554697485,0.8734258007396198
35.741985665870324,0.8736649838082039
35.76198677704317,0.8739042284577824
35.781987888216015,0.8741435345717372
35.801988999388854,0.8743829020334206
35.8219901105617,0.8746223307261549
35.841991221734546,0.8748618205332324
35.861992332907384,0.8751013713379155
35.88199344408023,0.8753409830234375
35.90199455525307,0.8755806554730012
35.921995666425914,0.8758203885697804
35.94199677759876,0.8760601821969191
35.9619978887716,0.8763000362375317
35.981998999944445,0.8765399505747035
36.00200011111728,0.8767799250914898
36.02200122229013,0.8770199596709174
36.042002333462975,0.877260054195983
36.06200344463581,0.8775002085496545
36.08200455580866,0.8777404226148707
36.1020056669815,0.8779806962745411
36.12200677815434,0.8782210294115462
36.14200788932719,0.8784614219087378
36.16200900050003,0.878701873648938
36.182010111672874,0.8789423845149409
36.20201122284571,0.8791829543895112
36.22201233401856,0.8794235831553853
36.242013445191404,0.8796642706952703
36.26201455636424,0.8799050168918451
36.28201566753709,0.88014582162776
36.30201677870993,0.8803866847856366
36.32201788988277,0.8806276062480681
36.34201900105562,0.8808685858976192
36.36202011222846,0.8811096236168262
36.3820212234013,0.8813507192881975
36.40202233457414,0.8815918727942126
36.42202344574699,0.8818330840173233
36.44202455691983,0.8820743528399532
36.46202566809267,0.8823156791444975
36.48202677926552,0.8825570628133239
36.502027890438356,0.8827985037287717
36.5220290016112,0.8830400017731524
36.54203011278405,0.88328155682875
36.562031223956886,0.88352316877782
36.58203233512973,0.8837648375025908
36.60203344630257,0.884006562885263
36.622034557475416,0.8842483448080094
36.64203566864826,0.8844901831529755
36.6620367798211,0.8847320778022786
36.682037890993946,0.8849740286380097
36.702039002166785,0.8852160355422314
36.72204011333963,0.8854580983969796
36.74204122451248,0.8857002170842627
36.762042335685315,0.8859423914860617
36.78204344685816,0.8861846214843307
36.802044558031,0.8864269069609967
36.822045669203845,0.8866692477979594
36.84204678037669,0.886911643877092
36.86204789154953,0.8871540950802401
36.882049002722376,0.8873966012892232
36.902050113895214,0.8876391623858331
36.92205122506806,0.8878817782518357
36.942052336240906,0.8881244487689698
36.962053447413744,0.8883671738189475
36.98205455858659,0.8886099532834544
37.002055669759436,0.8888527870441496
37.022056780932274,0.8890956749826658
37.04205789210512,0.8893386169806092
37.06205900327796,0.8895816129195596
37.082060114450805,0.8898246626810706
37.10206122562365,0.8900677661466696
37.12206233679649,0.8903109231978577
37.142063447969335,0.8905541337161098
37.16206455914217,0.890797397582875
37.18206567031502,0.8910407146795765
37.202066781487865,0.891284084887611
37.222067892660704,0.8915275080883496
37.24206900383355,0.8917709841631379
37.26207011500639,0.8920145129932953
37.282071226179234,0.8922580944601155
37.30207233735208,0.8925017284448669
37.32207344852492,0.8927454148287918
37.342074559697764,0.8929891534931074
37.3620756708706,0.8932329443190051
37.38207678204345,0.8934767871876511
37.402077893216294,0.8937206819801863
37.42207900438913,0.8939646285777257
37.44208011556198,0.8942086268613599
37.46208122673482,0.8944526767121537
37.48208233790766,0.894696778011147
37.50208344908051,0.8949409306393545
37.52208456025335,0.8951851344777659
37.54208567142619,0.8954293894073463
37.56208678259903,0.8956736953090352
37.58208789377188,0.895918052063748
37.60208900494472,0.8961624595523746
37.62209011611756,0.8964069176557807
37.64209122729041,0.8966514262548072
37.662092338463246,0.8968959852302703
37.68209344963609,0.8971405944629616
37.70209456080894,0.8973852538336484
37.722095671981776,0.8976299632230733
37.74209678315462,0.8978747225119549
37.76209789432746,0.8981195315809869
37.78209900550031,0.8983643903108394
37.80210011667315,0.8986092985821578
37.82210122784599,0.8988542562755635
37.84210233901884,0.8990992632716539
37.862103450191675,0.8993443194510022
37.88210456136452,0.8995894246941579
37.90210567253737,0.8998345788816464
37.922106783710205,0.9000797818939691
37.94210789488305,0.9003250336116038
37.96210900605589,0.9005703339150044
37.982110117228736,0.9008156826846015
38.00211122840158,0.9010610798008016
38.02211233957442,0.9013065251439879
38.042113450747266,0.9015520185945199
38.062114561920104,0.901797560032734
38.08211567309295,0.902043149338943
38.102116784265796,0.9022887863934361
38.122117895438635,0.9025344710764795
38.14211900661148,0.9027802032683165
38.162120117784326,0.9030259828491667
38.182121228957165,0.9032718096992266
38.20212234013001,0.9035176836986702
38.22212345130285,0.9037636047276479
38.242124562475695,0.9040095726662878
38.26212567364854,0.9042555873946945
38.28212678482138,0.9045016487929501
38.302127895994225,0.9047477567411142
38.322129007167064,0.9049939111192231
38.34213011833991,0.905240111807291
38.362131229512755,0.9054863586853095
38.382132340685594,0.9057326516332472
38.40213345185844,0.9059789905310507
38.42213456303128,0.9062253752586441
38.442135674204124,0.9064718056959292
38.46213678537697,0.9067182817227855
38.48213789654981,0.9069648032190698
38.502139007722654,0.9072113700646176
38.52214011889549,0.9074579821392417
38.54214123006834,0.9077046393227332
38.562142341241184,0.9079513414948608
38.58214345241402,0.9081980885353714
38.60214456358687,0.9084448803239905
38.62214567475971,0.908691716740421
38.64214678593255,0.908938597664345
38.6621478971054,0.9091855229754219
38.68214900827824,0.90943249255329
38.70215011945108,0.9096795062775661
38.72215123062392,0.9099265640278452
38.74215234179677,0.9101736656837011
38.76215345296961,0.910420811124686
38.78215456414245,0.9106680002303307
38.8021556753153,0.9109152328801451
38.82215678648814,0.9111625089536174
38.84215789766098,0.911409828330215
38.86215900883383,0.9116571908893841
38.88216012000667,0.9119045965105496
38.90216123117951,0.9121520450731156
38.92216234235235,0.9123995364564655
38.9421634535252,0.9126470705399614
38.96216456469804,0.9128946472029451
38.98216567587088,0.9131422663247368
39.00216678704373,0.913389927784637
39.022167898216566,0.9136376314619248
39.04216900938941,0.9138853772358594
39.06217012056226,0.9141331649856788
39.082171231735096,0.9143809945906006
39.10217234290794,0.9146288659298228
39.12217345408078,0.9148767788825223
39.142174565253626,0.9151247333278557
39.16217567642647,0.9153727291449598
39.18217678759931,0.9156207662129509
39.202177898772156,0.9158688444109254
39.222179009944995,0.9161169636179595
39.24218012111784,0.9163651237131095
39.262181232290686,0.9166133245754119
39.282182343463525,0.9168615660838829
39.30218345463637,0.9171098481175193
39.322184565809216,0.917358170555298
39.342185676982055,0.9176065332761761
39.3621867881549,0.9178549361590915
39.38218789932774,0.9181033790829618
39.402189010500585,0.9183518619266857
39.42219012167343,0.9186003845691422
39.44219123284627,0.9188489468891909
39.462192344019115,0.9190975487656721
39.482193455191954,0.9193461900774067
39.5021945663648,0.9195948707031967
39.522195677537646,0.9198435905218246
39.542196788710484,0.9200923494120538
39.56219789988333,0.9203411472526288
39.58219901105617,0.9205899839222753
39.602200122229014,0.9208388592996997
39.62220123340186,0.9210877732635896
39.6422023445747,0.9213367256926139
39.662203455747544,0.9215857164654229
39.68220456692038,0.9218347454606479
39.70220567809323,0.9220838125569017
39.722206789266075,0.9223329176327786
39.74220790043891,0.9225820605668542
39.76220901161176,0.922831241237686
39.7822101227846,0.9230804595238127
39.80221123395744,0.9233297153037547
39.82221234513029,0.9235790084560146
39.84221345630313,0.9238283388590762
39.862214567475974,0.9240777063914055
39.88221567864881,0.9243271109314501
39.90221678982166,0.92457655235764
39.922217900994504,0.924826030548387
39.94221901216734,0.9250755453820846
39.96222012334019,0.925325096737109
39.98222123451303,0.9255746844918185
40.00222234568587,0.9258243085245534
40.02222345685872,0.9260739687136366
40.04222456803156,0.9263236649373728
40.0622256792044,0.9265733970740502
40.08222679037724,0.9268231650019384
40.10222790155009,0.9270729685992902
40.12222901272293,0.927322807744341
40.14223012389577,0.9275726823153082
40.16223123506862,0.9278225921903931
40.182232346241456,0.9280725372477785
40.2022334574143,0.9283225173656311
40.22223456858715,0.9285725324220999
40.242235679759986,0.9288225822953171
40.26223679093283,0.929072666863398
40.28223790210567,0.9293227860044405
40.302239013278516,0.9295729395965265
40.32224012445136,0.9298231275177204
40.3422412356242,0.9300733496460701
40.362242346797046,0.9303236058596069
40.382243457969885,0.9305738960363452
40.40224456914273,0.9308242200542834
40.42224568031558,0.9310745777914028
40.442246791488415,0.9313249691256684
40.46224790266126,0.9315753939350293
40.48224901383411,0.9318258520974179
40.502250125006945,0.93207634349075
40.52225123617979,0.9323268679929259
40.54225234735263,0.9325774254818291
40.562253458525475,0.9328280158353278
40.58225456969832,0.9330786389312735
40.60225568087116,0.9333292946475019
40.622256792044006,0.9335799828618331
40.642257903216844,0.9338307034520709
40.66225901438969,0.9340814562960037
40.682260125562536,0.9343322412714039
40.702261236735374,0.9345830582560284
40.72226234790822,0.9348339071276187
40.74226345908106,0.9350847877639001
40.762264570253905,0.9353357000425833
40.78226568142675,0.9355866438413628
40.80226679259959,0.9358376190379182
40.822267903772435,0.9360886255099135
40.84226901494527,0.9363396631349976
40.86227012611812,0.9365907317908043
40.882271237290965,0.9368418313549524
40.902272348463804,0.937092961705045
40.92227345963665,0.937344122718671
40.94227457080949,0.9375953142734035
40.962275681982334,0.9378465362468018
40.98227679315518,0.9380977885164093
41.00227790432802,0.9383490709597552
41.022279015500864,0.9386003834543539
41.0422801266737,0.9388517258777052
41.06228123784655,0.9391030981072942
41.082282349019394,0.9393545000205914
41.10228346019223,0.9396059314950531
41.12228457136508,0.939857392408121
41.14228568253792,0.9401088826372225
41.16228679371076,0.9403604020597706
41.18228790488361,0.9406119505531642
41.20228901605645,0.9408635279947881
41.22229012722929,0.9411151342620128
41.24229123840213,0.9413667692321948
41.26229234957498,0.9416184327826767
41.28229346074782,0.9418701247907871
41.30229457192066,0.9421218451338408
41.32229568309351,0.9423735936891386
41.342296794266346,0.9426253703339678
41.36229790543919,0.9428771749456019
41.38229901661204,0.9431290074013006
41.402300127784876,0.9433808675783102
41.42230123895772,0.9436327553538637
41.44230235013056,0.9438846706051801
41.46230346130341,0.9441366132094657
41.48230457247625,0.9443885830439128
41.50230568364909,0.9446405799857007
41.52230679482194,0.9448926039119958
41.54230790599478,0.9451446546999507
41.56230901716762,0.9453967322267054
41.58231012834047,0.9456488363693867
41.602311239513305,0.9459009670051085
41.62231235068615,0.9461531240109718
41.642313461859,0.9464053072640646
41.662314573031836,0.946657516641462
41.68231568420468,0.946909752020227
41.70231679537752,0.9471620132774089
41.722317906550366,0.9474143002900455
41.74231901772321,0.9476666129351613
41.76232012889605,0.9479189510897683
41.782321240068896,0.9481713146308668
41.802322351241735,0.9484237034354437
41.82232346241458,0.9486761173804743
41.842324573587426,0.9489285563429216
41.862325684760265,0.9491810201997359
41.88232679593311,0.9494335088278559
41.90232790710595,0.949686022104208
41.922329018278795,0.9499385599057069
41.94233012945164,0.9501911221092546
41.96233124062448,0.9504437085917419
41.982332351797325,0.9506963192300475
42.002333462970164,0.9509489539010384
42.02233457414301,0.95120161248157
42.042335685315855,0.9514542948484855
42.062336796488694,0.9517070008786171
42.08233790766154,0.9519597304487855
42.10233901883438,0.9522124834357993
42.122340130007224,0.9524652597164563
42.14234124118007,0.9527180591675428
42.16234235235291,0.9529708816658334
42.182343463525754,0.9532237270880922
42.20234457469859,0.9534765953110714
42.22234568587144,0.9537294862115125
42.242346797044284,0.953982399666146
42.26234790821712,0.954235335551691
42.28234901938997,0.9544882937448561
42.30235013056281,0.9547412741223388
42.32235124173565,0.9549942765608258
42.3423523529085,0.9552473009369932
42.36235346408134,0.9555003471275061
42.38235457525418,0.9557534150090193
42.40235568642702,0.9560065044581768
42.42235679759987,0.9562596153516124
42.44235790877271,0.956512747565949
42.46235901994555,0.9567659009777992
42.4823601311184,0.9570190754637656
42.50236124229124,0.9572722709004404
42.52236235346408,0.9575254871644053
42.54236346463693,0.9577787241322322
42.56236457580977,0.9580319816804825
42.58236568698261,0.9582852596857083
42.60236679815545,0.9585385580244508
42.6223679093283,0.9587918765732419
42.64236902050114,0.9590452152086038
42.66237013167398,0.9592985738070481
42.68237124284683,0.9595519522450775
42.70237235401967,0.9598053503991846
42.72237346519251,0.9600587681458524
42.74237457636536,0.9603122053615548
42.762375687538196,0.9605656619227555
42.78237679871104,0.9608191377059092
42.80237790988389,0.9610726325874612
42.822379021056726,0.9613261464438475
42.84238013222957,0.9615796791514948
42.86238124340241,0.9618332305868204
42.882382354575256,0.9620868006262328
42.9023834657481,0.9623403891461315
42.92238457692094,0.9625939960229064
42.942385688093786,0.9628476211329392
42.962386799266625,0.9631012643526022
42.98238791043947,0.9633549255582593
43.002389021612316,0.9636086046262651
43.022390132785155,0.9638623014329656
43.042391243958,0.9641160158546987
43.06239235513084,0.9643697477677932
43.082393466303685,0.9646234970485694
43.10239457747653,0.9648772635733395
43.12239568864937,0.9651310472184066
43.142396799822215,0.9653848478600664
43.162397910995054,0.9656386653746054
43.1823990221679,0.9658924996383025
43.202400133340745,0.9661463505274281
43.222401244513584,0.9664002179182448
43.24240235568643,0.9666541016870067
43.26240346685927,0.9669080017099603
43.282404578032114,0.9671619178633442
43.30240568920496,0.9674158500233889
43.3224068003778,0.967669798066317
43.342407911550644,0.9679237618683438
43.36240902272348,0.9681777413056766
43.38241013389633,0.9684317362545153
43.402411245069175,0.9686857465910519
43.42241235624201,0.968939772191471
43.44241346741486,0.9691938129319501
43.4624145785877,0.969447868688659
43.48241568976054,0.96970193933776
43.50241680093339,0.9699560247554089
43.52241791210623,0.9702101248177533
43.54241902327907,0.9704642394009344
43.56242013445191,0.970718368381086
43.58242124562476,0.9709725116343351
43.602422356797604,0.9712266690368014
43.62242346797044,0.971480840464598
43.64242457914329,0.9717350257938311
43.66242569031613,0.9719892249006
43.68242680148897,0.9722434376609975
43.70242791266182,0.9724976639511096
43.72242902383466,0.9727519036470156
43.7424301350075,0.9730061566247884
43.76243124618034,0.9732604227604945
43.78243235735319,0.9735147019301941
43.80243346852603,0.9737689940099404
43.82243457969887,0.9740232988757811
43.84243569087172,0.9742776164037572
43.86243680204456,0.9745319464699038
43.8824379132174,0.9747862889502494
43.90243902439025,0.9750406437208172
43.922440135563086,0.9752950106576237
43.94244124673593,0.97554938963668
43.96244235790878,0.9758037805339909
43.982443469081616,0.9760581832255556
44.00244458025446,0.9763125975873677
44.0224456914273,0.9765670234954148
44.042446802600146,0.9768214608256791
44.06244791377299,0.9770759094541371
44.08244902494583,0.9773303692567599
44.10245013611868,0.9775848401095132
44.122451247291515,0.9778393218883569
44.14245235846436,0.9780938144692463
44.16245346963721,0.9783483177281307
44.182454580810045,0.9786028315409546
44.20245569198289,0.9788573557836574
44.22245680315573,0.9791118903321732
44.242457914328575,0.979366435062431
44.26245902550142,0.9796209898503555
44.28246013667426,0.9798755545718655
44.302461247847106,0.9801301291028757
44.322462359019944,0.9803847133192956
44.34246347019279,0.9806393070970304
44.362464581365636,0.9808939103119803
44.382465692538474,0.9811485228400407
44.40246680371132,0.9814031445571033
44.42246791488416,0.9816577753390544
44.442469026057005,0.9819124150617765
44.46247013722985,0.9821670636011472
44.48247124840269,0.9824217208330404
44.502472359575535,0.9826763866333253
44.52247347074837,0.9829310608778671
44.54247458192122,0.983185743442527
44.562475693094065,0.9834404342031617
44.5824768042669,0.9836951330356246
44.60247791543975,0.9839498398157647
44.62247902661259,0.984204554419427
44.642480137785434,0.9844592767224531
44.66248124895828,0.9847140066006808
44.68248236013112,0.9849687439299436
44.702483471303964,0.9852234885860721
44.7224845824768,0.9854782404448931
44.74248569364965,0.9857329993822298
44.762486804822494,0.985987765273902
44.78248791599533,0.9862425379957259
44.80248902716818,0.9864973174235149
44.82249013834102,0.9867521034330785
44.84249124951386,0.9870068959002236
44.86249236068671,0.9872616947007534
44.88249347185955,0.9875164997104684
44.90249458303239,0.9877713108051658
44.92249569420523,0.9880261278606401
44.94249680537808,0.9882809507526827
44.96249791655092,0.9885357793570823
44.98249902772376,0.9887906135496245
45.00250013889661,0.9890454532060927
45.02250125006945,0.9893002982022672
45.04250236124229,0.9895551484139258
45.06250347241514,0.9898100037168439
45.082504583587976,0.9900648639867943
45.10250569476082,0.9903197290995472
45.12250680593367,0.9905745989308711
45.14250791710651,0.9908294733565312
45.16250902827935,0.9910843522522914
45.18251013945219,0.9913392354939127
45.20251125062504,0.9915941229571545
45.22251236179788,0.9918490145177741
45.24251347297072,0.9921039100515263
45.26251458414357,0.9923588094341645
45.282515695316405,0.9926137125414399
45.30251680648925,0.9928686192491022
45.3225179176621,0.9931235294328992
45.342519028834936,0.9933784429685766
45.36252014000778,0.9936333597318792
45.38252125118062,0.9938882795985496
45.402522362353466,0.9941432024443295
45.42252347352631,0.9943981281449584
45.44252458469915,0.994653056576175
45.462525695871996,0.9949079876137165
45.482526807044835,0.9951629211333187
45.50252791821768,0.9954178570107165
45.522529029390526,0.9956727951216432
45.542530140563365,0.9959277353418312
45.56253125173621,0.9961826775470123
45.58253236290905,0.9964376216129166
45.602533474081895,0.9966925674152738
45.62253458525474,0.9969475148298126
45.64253569642758,0.997202463732261
45.662536807600425,0.997457413998346
45.682537918773264,0.9977123655037942
45.70253902994611,0.9979673181243316
45.722540141118955,0.9982222717356837
45.742541252291794,0.9984772262135749
45.76254236346464,0.9987321814337303
45.78254347463748,0.9989871372718736
45.802544585810324,0.9992420936037288
45.82254569698317,0.9994970503050195
45.84254680815601,0.9997520072514687
45.862547919328854,1.0000069643188003
45.88254903050169,1.000261921382737
45.90255014167454,1.0005168783190024
45.922551252847384,1.0007718350033195
45.94255236402022,1.0010267913114117
45.96255347519307,1.001281747119003
45.98255458636591,1.0015367023018165
46.00255569753875,1.001791656735577
46.0225568087116,1.0020466102960086
46.04255791988444,1.0023015628588365
46.06255903105728,1.0025565142997859
46.08256014223012,1.0028114644945827
46.10256125340297,1.0030664133189537
46.12256236457581,1.0033213606486262
46.14256347574865,1.0035763063593277
46.1625645869215,1.0038312503267874
46.18256569809434,1.0040861924267348
46.20256680926718,1.0043411325349003
46.22256792044003,1.0045960705270154
46.24256903161287,1.0048510062788125
46.26257014278571,1.0051059396660253
46.28257125395856,1.005360870564389
46.3025723651314,1.0056157988496388
46.32257347630424,1.0058707243975127
46.34257458747708,1.0061256470837485
46.36257569864993,1.0063805667840868
46.38257680982277,1.0066354833742688
46.40257792099561,1.0068903967300373
46.42257903216846,1.007145306727137
46.442580143341296,1.007400213241314
46.46258125451414,1.0076551161483163
46.48258236568699,1.0079100153238933
46.502583476859826,1.0081649106437967
46.52258458803267,1.0084198019837793
46.54258569920551,1.008674689219597
46.562586810378356,1.0089295722270066
46.5825879215512,1.0091844508817676
46.60258903272404,1.0094393250596414
46.622590143896886,1.0096941946363915
46.642591255069725,1.009949059487784
46.66259236624257,1.010203919489587
46.682593477415416,1.010458774517571
46.702594588588255,1.0107136244475088
46.7225956997611,1.010968469155176
46.74259681093394,1.0112233085163504
46.762597922106785,1.0114781424068129
46.78259903327963,1.0117329707023466
46.80260014445247,1.0119877932787373
46.822601255625315,1.012242610011774
46.842602366798154,1.0124974207772484
46.862603477971,1.0127522254509547
46.882604589143845,1.0130070239086908
46.902605700316684,1.0132618160262568
46.92260681148953,1.0135166016794568
46.94260792266237,1.013771380744097
46.962609033835214,1.0140261530959878
46.98261014500806,1.0142809186109423
47.0026112561809,1.014535677164777
47.022612367353744,1.0147904286333125
47.04261347852658,1.0150451728923713
47.06261458969943,1.0152999098177808
47.082615700872275,1.0155546392853716
47.10261681204511,1.0158093611709778
47.12261792321796,1.016064075350437
47.1426190343908,1.0163187816995911
47.16262014556364,1.0165734800942856
47.18262125673649,1.0168281704103694
47.20262236790933,1.0170828525236961
47.22262347908217,1.0173375263101228
47.24262459025502,1.0175921916455108
47.26262570142786,1.0178468484057257
47.282626812600704,1.0181014964666368
47.30262792377354,1.018356135704118
47.32262903494639,1.0186107659940475
47.342630146119234,1.018865387212308
47.36263125729207,1.019119999234786
47.38263236846492,1.0193746019373733
47.40263347963776,1.0196291951959655
47.4226345908106,1.0198837788864634
47.44263570198345,1.0201383528847723
47.46263681315629,1.0203929170668018
47.48263792432913,1.020647471308467
47.50263903550197,1.020902015485687
47.52264014667482,1.0211565494743868
47.54264125784766,1.0214110731504955
47.5626423690205,1.0216655863899475
47.58264348019335,1.0219200890686826
47.602644591366186,1.0221745810626455
47.62264570253903,1.0224290622477858
47.64264681371188,1.0226835325000594
47.662647924884716,1.0229379916954258
47.68264903605756,1.0231924397098515
47.7026501472304,1.0234468764193079
47.722651258403246,1.0237013016997716
47.74265236957609,1.0239557154272254
47.76265348074893,1.0242101174776568
47.782654591921776,1.02446450772706
47.802655703094615,1.0247188860514342
47.82265681426746,1.0249732523267852
47.84265792544031,1.0252276064291237
47.862659036613145,1.025481948234467
47.88266014778599,1.0257362776188381
47.90266125895883,1.0259905944582666
47.922662370131675,1.0262448986287873
47.94266348130452,1.0264991900064417
47.96266459247736,1.0267534684672779
47.982665703650206,1.0270077338873496
48.002666814823044,1.027261986142717
48.02266792599589,1.0275162251094472
48.042669037168736,1.0277704506636132
48.062670148341574,1.028024662681295
48.08267125951442,1.028278861038579
48.10267237068726,1.0285330456115578
48.122673481860105,1.0287872162763316
48.14267459303295,1.029041372909007
48.16267570420579,1.029295515385697
48.182676815378635,1.0295496435825222
48.20267792655147,1.0298037573756096
48.22267903772432,1.0300578566410938
48.242680148897165,1.0303119412551158
48.26268126007,1.0305660110938242
48.28268237124285,1.0308200660333746
48.30268348241569,1.0310741059499302
48.322684593588534,1.0313281307196611
48.34268570476138,1.0315821402187448
48.36268681593422,1.0318361343233666
48.382687927107064,1.0320901129097193
48.40268903827991,1.0323440758540028
48.42269014945275,1.0325980230324248
48.442691260625594,1.032851954321201
48.46269237179843,1.0331058695965545
48.48269348297128,1.0333597687347165
48.502694594144124,1.0336136516119254
48.52269570531696,1.0338675181044286
48.54269681648981,1.0341213680884809
48.56269792766265,1.0343752014403444
48.58269903883549,1.0346290180362911
48.60270015000834,1.0348828177525995
48.62270126118118,1.0351366004655569
48.64270237235402,1.0353903660514594
48.66270348352686,1.0356441143866104
48.68270459469971,1.0358978453473227
48.70270570587255,1.0361515588099173
48.72270681704539,1.0364052546507232
48.74270792821824,1.0366589327460787
48.762709039391076,1.0369125929723302
48.78271015056392,1.0371662352058333
48.80271126173677,1.0374198593229518
48.822712372909606,1.037673465200059
48.84271348408245,1.0379270527135365
48.86271459525529,1.038180621739775
48.88271570642814,1.0384341721551749
48.90271681760098,1.0386877038361442
48.92271792877382,1.0389412166591017
48.94271903994667,1.0391947105004742
48.962720151119505,1.039448185236698
48.98272126229235,1.0397016407442192
49.0027223734652,1.0399550768994927
49.022723484638036,1.0402084935789833
49.04272459581088,1.040461890659165
49.06272570698372,1.0407152680165213
49.082726818156566,1.0409686255275454
49.10272792932941,1.0412219630687405
49.12272904050225,1.041475280516619
49.142730151675096,1.0417285777477032
49.162731262847934,1.0419818546385258
49.18273237402078,1.0422351110656287
49.202733485193626,1.0424883469055641
49.222734596366465,1.042741562034894
49.24273570753931,1.0429947563301913
49.26273681871215,1.0432479296680381
49.282737929884995,1.0435010819250272
49.30273904105784,1.0437542129777613
49.32274015223068,1.044007322702854
49.342741263403525,1.0442604109769287
49.362742374576364,1.0445134776766196
49.38274348574921,1.0447665226785716
49.402744596922055,1.0450195458594398
49.422745708094894,1.04527254709589
49.44274681926774,1.0455255262645986
49.46274793044058,1.0457784832422534
49.482749041613424,1.046031417905552
49.50275015278627,1.0462843301312041
49.52275126395911,1.0465372197959293
49.542752375131954,1.0467900867764581
49.5627534863048,1.0470429309495333
49.58275459747764,1.0472957521919075
49.602755708650484,1.0475485503803452
49.62275681982332,1.0478013253916216
49.64275793099617,1.0480540771025242
49.662759042169014,1.048306805389851
49.68276015334185,1.048559510130411
49.7027612645147,1.048812191201026
49.72276237568754,1.0490648484785283
49.74276348686038,1.0493174818397624
49.76276459803323,1.0495700911615837
49.78276570920607,1.0498226763208602
49.80276682037891,1.0500752371944713
49.82276793155175,1.050327773659308
49.8427690427246,1.0505802855922735
49.86277015389744,1.0508327728702829
49.88277126507028,1.0510852353702633
49.90277237624313,1.051337672969154
49.92277348741597,1.051590085543906
49.94277459858881,1.051842472971483
49.96277570976166,1.0520948351288608
49.9827768209345,1.0523471718930273
50.00277793210734,1.0525994831409833
50.02277904328018,1.0528517687497412
50.04278015445303,1.053104028596327
50.06278126562587,1.0533562625577781
50.08278237679871,1.0536084705111453
50.10278348797156,1.053860652333492
50.122784599144396,1.054112807901894
50.14278571031724,1.05436493709344
50.16278682149009,1.054617039785232
50.182787932662926,1.054869115854384
50.20278904383577,1.055121165178024
50.22279015500861,1.0553731876332924
50.242791266181456,1.0556251830973429
50.2627923773543,1.0558771514473424
50.28279348852714,1.0561290925604707
50.302794599699986,1.0563810063139214
50.322795710872825,1.056632892584901
50.34279682204567,1.0568847512506294
50.362797933218516,1.0571365821883405
50.382799044391355,1.057388385275281
50.4028001555642,1.0576401603887116
50.42280126673704,1.0578919074059066
50.442802377909885,1.0581436262041537
50.46280348908273,1.058395316660755
50.48280460025557,1.0586469786530255
50.502805711428415,1.0588986120582948
50.522806822601254,1.0591502167539062
50.5428079337741,1.0594017926172172
50.562809044946945,1.059653339525599
50.582810156119784,1.059904857356437
50.60281126729263,1.0601563459871308
50.62281237846547,1.0604078052950943
50.642813489638314,1.060659235157756
50.66281460081116,1.060910635452558
50.682815711984,1.061162006056957
50.702816823156844,1.0614133468484255
50.72281793432969,1.0616646577044484
50.74281904550253,1.0619159385025265
50.762820156675375,1.0621671891201752
50.78282126784821,1.062418409434924
50.80282237902106,1.062669599324318
50.822823490193905,1.0629207586659166
50.84282460136674,1.063171887337294
50.86282571253959,1.0634229852160395
50.88282682371243,1.0636740521797576
50.90282793488527,1.0639250881060678
50.92282904605812,1.0641760928726045
50.94283015723096,1.0644270663570172
50.962831268403804,1.0646780084369716
50.98283237957664,1.0649289189901472
51.00283349074949,1.06517979789424
51.022834601922334,1.0654306450269613
51.04283571309517,1.0656814602660372
51.06283682426802,1.0659322434892102
51.08283793544086,1.0661829945742376
51.1028390466137,1.0664337133988933
51.12284015778655,1.0666843998409663
51.14284126895939,1.0669350537782611
51.16284238013223,1.0671856750885989
51.18284349130507,1.0674362636498158
51.20284460247792,1.0676868193397653
51.22284571365076,1.0679373420363152
51.2428468248236,1.0681878316173503
51.26284793599645,1.068438287960772
51.282849047169286,1.068688710944497
51.30285015834213,1.0689391004464583
51.32285126951498,1.0691894563446063
51.342852380687816,1.069439778516906
51.36285349186066,1.0696900668413412
51.3828546030335,1.0699403211959095
51.402855714206346,1.0701905414586272
51.42285682537919,1.0704407275075265
51.44285793655203,1.0706908792206558
51.462859047724876,1.0709409964760805
51.482860158897715,1.0711910791518835
51.50286127007056,1.071441127126164
51.52286238124341,1.0716911402770375
51.542863492416245,1.0719411184826375
51.56286460358909,1.072191061621114
51.58286571476193,1.0724409695706343
51.602866825934775,1.072690842209383
51.62286793710762,1.0729406794155611
51.64286904828046,1.073190481067388
51.662870159453306,1.0734402470430995
51.682871270626144,1.0736899772209494
51.70287238179899,1.0739396714792087
51.722873492971836,1.0741893296961658
51.742874604144674,1.074438951750127
51.76287571531752,1.0746885375194157
51.782876826490366,1.0749380868823737
51.802877937663204,1.0751875997173597
51.82287904883605,1.075437075902751
51.84288016000889,1.0756865153169424
51.862881271181735,1.0759359178383467
51.88288238235458,1.0761852833453944
51.90288349352742,1.0764346117165344
51.922884604700265,1.0766839028302337
51.9428857158731,1.0769331565649771
51.96288682704595,1.077182372799268
51.982887938218795,1.0774315514116282
52.002889049391634,1.077680692280597
52.02289016056448,1.077929795284733
52.04289127173732,1.0781788603026128
52.062892382910164,1.078427887212832
52.08289349408301,1.0786768758940042
52.10289460525585,1.0789258262247616
52.122895716428694,1.0791747380837555
52.14289682760153,1.079423611349656
52.16289793877438,1.079672445901152
52.182899049947224,1.0799212416169506
52.20290016112006,1.0801699983757782
52.22290127229291,1.080418716056381
52.24290238346575,1.080667394537523
52.26290349463859,1.080916033697988
52.28290460581144,1.0811646334165788
52.30290571698428,1.0814131935721174
52.32290682815712,1.0816617140434455
52.34290793932996,1.0819101947094234
52.36290905050281,1.0821586354489312
52.38291016167565,1.0824070361408689
52.40291127284849,1.0826553966641548
52.42291238402134,1.0829037168977282
52.442913495194176,1.083151996720547
52.46291460636702,1.0834002360115895
52.48291571753987,1.0836484346498534
52.502916828712706,1.0838965925143558
52.52291793988555,1.0841447094841345
52.54291905105839,1.084392785438247
52.56292016223124,1.0846408202557705
52.58292127340408,1.0848888138158024
52.60292238457692,1.08513676599746
52.62292349574977,1.0853846766798814
52.642924606922605,1.0856325457422242
52.66292571809545,1.0858803730636668
52.6829268292683,1.0861281585234077
52.702927940441135,1.0863759020006658
52.72292905161398,1.0866236033746806
52.74293016278682,1.086871262524712
52.762931273959666,1.0871188793300406
52.78293238513251,1.0873664536699674
52.80293349630535,1.0876139854238143
52.822934607478196,1.087861474470924
52.842935718651034,1.08810892069066
52.86293682982388,1.0883563239624068
52.882937940996726,1.088603684165569
52.902939052169565,1.0888510011795736
52.92294016334241,1.0890982748838673
52.942941274515256,1.0893455051579188
52.962942385688095,1.0895926918812175
52.98294349686094,1.0898398349332745
53.00294460803378,1.0900869341936217
53.022945719206625,1.0903339895418127
53.04294683037947,1.0905810008574222
53.06294794155231,1.0908279680200463
53.082949052725155,1.091074890909303
53.102950163897994,1.091321769404832
53.12295127507084,1.0915686033862941
53.142952386243685,1.091815392733372
53.162953497416524,1.0920621373257702
53.18295460858937,1.092308837043215
53.20295571976221,1.092555491765455
53.222956830935054,1.0928021013722597
53.2429579421079,1.0930486657434217
53.26295905328074,1.0932951847587549
53.282960164453584,1.0935416582980957
53.30296127562642,1.0937880862413025
53.32296238679927,1.094034468468256
53.342963497972114,1.094280804858859
53.36296460914495,1.094527095293037
53.3829657203178,1.0947733396507378
53.40296683149064,1.0950195378119312
53.42296794266348,1.09526568965661
53.44296905383633,1.0955117950647897
53.46297016500917,1.0957578539165076
53.48297127618201,1.096003866091825
53.50297238735485,1.0962498314708247
53.5229734985277,1.0964957499336132
53.54297460970054,1.0967416213603192
53.56297572087338,1.0969874456310948
53.58297683204623,1.097233222626115
53.60297794321907,1.0974789522255775
53.62297905439191,1.0977246343097038
53.64298016556476,1.0979702687587376
53.6629812767376,1.0982158554529466
53.68298238791044,1.0984613942726218
53.70298349908328,1.0987068850980768
53.72298461025613,1.0989523278096494
53.74298572142897,1.0991977222877003
53.76298683260181,1.099443068412614
53.78298794377466,1.0996883660647985
53.802989054947496,1.0999336151246855
53.82299016612034,1.10017881547273
53.84299127729319,1.1004239669894116
53.862992388466026,1.1006690695552326
53.88299349963887,1.10091412305072
53.90299461081171,1.1011591273564243
53.922995721984556,1.10140408235292
53.9429968331574,1.1016489879208065
53.96299794433024,1.1018938439407053
53.982999055503086,1.1021386502932644
54.003000166675925,1.1023834068591543
54.02300127784877,1.1026281135190705
54.043002389021616,1.1028727701537326
54.063003500194455,1.1031173766438849
54.0830046113673,1.1033619328702957
54.103005722540146,1.1036064387137583
54.123006833712985,1.10385089405509
54.14300794488583,1.1040952987751331
54.16300905605867,1.1043396527547544
54.183010167231515,1.1045839558748458
54.20301127840436,1.1048282080163232
54.2230123895772,1.1050724090601283
54.243013500750045,1.105316558887227
54.263014611922884,1.1055606573786105
54.28301572309573,1.105804704415295
54.303016834268576,1.1060486998783214
54.323017945441414,1.1062926436487566
54.34301905661426,1.1065365356076917
54.3630201677871,1.1067803756362438
54.383021278959944,1.107024163615555
54.40302239013279,1.1072678994267924
54.42302350130563,1.1075115829511495
54.443024612478474,1.1077552140698443
54.46302572365131,1.1079987926641208
54.48302683482416,1.108242318615249
54.503027945997005,1.1084857918045237
54.52302905716984,1.1087292121132657
54.54303016834269,1.108972579422822
54.56303127951553,1.109215893614565
54.58303239068837,1.1094591545698935
54.60303350186122,1.1097023621702315
54.62303461303406,1.1099455162970295
54.643035724206904,1.110188616831764
54.66303683537974,1.1104316636559377
54.68303794655259,1.110674656651079
54.703039057725434,1.1109175956987434
54.72304016889827,1.1111604806805115
54.74304128007112,1.111403311477992
54.76304239124396,1.1116460879728178
54.7830435024168,1.1118888100466504
54.80304461358965,1.1121314775811764
54.82304572476249,1.1123740904581094
54.84304683593533,1.1126166485591897
54.86304794710817,1.1128591517661846
54.88304905828102,1.1131015999608875
54.90305016945386,1.1133439930251194
54.9230512806267,1.1135863308407272
54.94305239179955,1.1138286132895856
54.963053502972386,1.114070840253596
54.98305461414523,1.1143130116146864
55.00305572531808,1.1145551272548129
55.023056836490916,1.1147971870559577
55.04305794766376,1.1150391909001307
55.0630590588366,1.1152811386693693
55.083060170009446,1.115523030245738
55.10306128118229,1.1157648655113284
55.12306239235513,1.11600664434826
55.143063503527976,1.1162483666386798
55.163064614700815,1.116490032264762
55.18306572587366,1.1167316411087085
55.20306683704651,1.1169731930527493
55.223067948219345,1.1172146879791416
55.24306905939219,1.117456125770171
55.26307017056504,1.11769750630815
55.283071281737875,1.1179388294754198
55.30307239291072,1.1181800951543497
55.32307350408356,1.1184213032273362
55.343074615256405,1.1186624535768046
55.36307572642925,1.1189035460852081
55.38307683760209,1.1191445806350282
55.403077948774936,1.1193855571087743
55.423079059947774,1.1196264753889842
55.44308017112062,1.1198673353582245
55.463081282293466,1.12010813689909
55.483082393466304,1.1203488798942036
55.50308350463915,1.1205895642262171
55.52308461581199,1.1208301897778112
55.543085726984835,1.1210707564316946
55.56308683815768,1.121311264070605
55.58308794933052,1.1215517125773091
55.603089060503365,1.1217921018346018
55.6230901716762,1.1220324317253076
55.64309128284905,1.1222727021322796
55.663092394021895,1.1225129129383997
55.68309350519473,1.1227530640265793
55.70309461636758,1.1229931552797587
55.72309572754042,1.1232331865809069
55.743096838713264,1.123473157813023
55.76309794988611,1.1237130688591348
55.78309906105895,1.1239529196022997
55.803100172231794,1.1241927099256042
55.82310128340463,1.1244324397121643
55.84310239457748,1.124672108845126
55.863103505750324,1.1249117172076641
55.88310461692316,1.1251512646829838
55.90310572809601,1.1253907511543193
55.92310683926885,1.125630176504935
55.94310795044169,1.125869540618125
55.96310906161454,1.1261088433772128
55.98311017278738,1.1263480846655525
56.00311128396022,1.126587264366528
56.02311239513306,1.1268263823635525
56.04311350630591,1.1270654385400705
56.06311461747875,1.1273044327795554
56.08311572865159,1.1275433649655118
56.10311683982444,1.127782234981474
56.123117950997276,1.1280210427110064
56.14311906217012,1.1282597880377045
56.16312017334297,1.1284984708451937
56.183121284515806,1.12873709101713
56.20312239568865,1.1289756484371996
56.22312350686149,1.1292141429891198
56.24312461803434,1.1294525745566386
56.26312572920718,1.129690943023534
56.28312684038002,1.1299292482736154
56.30312795155287,1.1301674901907228
56.32312906272571,1.1304056686587272
56.34313017389855,1.13064378356153
56.3631312850714,1.1308818347830645
56.383132396244235,1.1311198222072942
56.40313350741708,1.131357745718214
56.42313461858993,1.1315956051998504
56.443135729762766,1.1318334005362602
56.46313684093561,1.1320711316115324
56.48313795210845,1.1323087983097864
56.503139063281296,1.132546400515174
56.52314017445414,1.1327839381118776
56.54314128562698,1.1330214109841112
56.563142396799826,1.133258819016121
56.583143507972665,1.133496162092184
56.60314461914551,1.1337334400966095
56.623145730318356,1.1339706529137379
56.643146841491195,1.134207800427942
56.66314795266404,1.134444882523626
56.68314906383688,1.134681899085226
56.703150175009725,1.1349188499972105
56.72315128618257,1.1351557351440795
56.74315239735541,1.1353925544103651
56.763153508528255,1.1356293076806319
56.783154619701094,1.1358659948394763
56.80315573087394,1.1361026157715268
56.823156842046785,1.136339170361445
56.843157953219624,1.1365756584939235
56.86315906439247,1.1368120800536885
56.88316017556531,1.1370484349254981
56.903161286738154,1.137284722994143
56.923162397911,1.1375209441444467
56.94316350908384,1.1377570982612648
56.963164620256684,1.137993185229486
56.98316573142952,1.1382292049340315
57.00316684260237,1.1384651572598554
57.023167953775214,1.1387010420919448
57.04316906494805,1.138936859315319
57.0631701761209,1.1391726088150314
57.08317128729374,1.1394082904761675
57.10317239846658,1.1396439041838464
57.12317350963943,1.1398794498232196
57.14317462081227,1.1401149272794726
57.16317573198511,1.140350336437824
57.18317684315795,1.1405856771835248
57.2031779543308,1.1408209494018609
57.22317906550364,1.14105615297815
57.24318017667648,1.1412912877977441
57.26318128784933,1.1415263537460292
57.28318239902217,1.1417613507084237
57.30318351019501,1.1419962785703803
57.32318462136786,1.1422311372173857
57.3431857325407,1.1424659265349593
57.36318684371354,1.1427006464086553
57.38318795488638,1.1429352967240614
57.40318906605923,1.1431698773667989
57.42319017723207,1.1434043882225235
57.44319128840491,1.143638829176925
57.46319239957776,1.1438732001157268
57.4831935107506,1.1441075009246866
57.50319462192344,1.1443417314895963
57.52319573309629,1.1445758916962825
57.543196844269126,1.144809981430605
57.56319795544197,1.1450440005784592
57.58319906661482,1.145277949025774
57.603200177787656,1.1455118266585134
57.6232012889605,1.1457456333626754
57.64320240013334,1.1459793690242928
57.663203511306186,1.146213033529433
57.68320462247903,1.1464466267641984
57.70320573365187,1.1466801486147253
57.723206844824716,1.146913598967186
57.743207955997555,1.1471469777077863
57.7632090671704,1.147380284722768
57.783210178343246,1.1476135198984077
57.803211289516085,1.1478466831210161
57.82321240068893,1.1480797742769402
57.84321351186177,1.1483127932525614
57.863214623034615,1.1485457399342964
57.88321573420746,1.1487786142085972
57.9032168453803,1.149011415961951
57.923217956553145,1.1492441450808812
57.943219067725984,1.1494768014519448
57.96322017889883,1.149709384961736
57.983221290071675,1.1499418954968832
58.003222401244514,1.1501743329440517
58.02322351241736,1.1504066971899414
58.0432246235902,1.1506389881212882
58.063225734763044,1.1508712056248638
58.08322684593589,1.1511033495874754
58.10322795710873,1.1513354198959667
58.123229068281574,1.1515674164372165
58.14323017945441,1.15179933909814
58.16323129062726,1.1520311877656888
58.183232401800105,1.1522629623268497
58.20323351297294,1.1524946626686456
58.22323462414579,1.152726288678137
58.24323573531863,1.152957840242419
58.26323684649147,1.153189317248624
58.28323795766432,1.1534207195839201
58.30323906883716,1.153652047135512
58.32324018001,1.1538832997906414
58.34324129118284,1.1541144774365857
58.36324240235569,1.1543455799606592
58.383243513528534,1.1545766072502128
58.40324462470137,1.1548075591926343
58.42324573587422,1.1550384356753478
58.44324684704706,1.1552692365858146
58.4632479582199,1.1554999618115325
58.48324906939275,1.1557306112400363
58.50325018056559,1.1559611847588978
58.52325129173843,1.1561916822557259
58.54325240291127,1.1564221036181666
58.56325351408412,1.1566524487339023
58.58325462525696,1.1568827174906535
58.6032557364298,1.1571129097761776
58.62325684760265,1.1573430254782688
58.64325795877549,1.1575730644847595
58.66325906994833,1.1578030266835189
58.68326018112118,1.1580329119624535
58.703261292294016,1.1582627202095077
58.72326240346686,1.1584924513126638
58.74326351463971,1.1587221051599406
58.763264625812546,1.158951681639395
58.78326573698539,1.1591811806391223
58.80326684815823,1.159410602047255
58.823267959331076,1.1596399457519633
58.84326907050392,1.1598692116414553
58.86327018167676,1.1600983996039775
58.88327129284961,1.1603275095278138
58.903272404022445,1.1605565413012866
58.92327351519529,1.160785494812756
58.94327462636814,1.1610143699506208
58.963275737540975,1.1612431666033172
58.98327684871382,1.1614718846593202
59.00327795988666,1.161700524007143
59.023279071059505,1.1619290845353374
59.04328018223235,1.1621575661324934
59.06328129340519,1.162385968687239
59.083282404578036,1.1626142920882419
59.103283515750874,1.1628425362242072
59.12328462692372,1.1630707009838792
59.143285738096566,1.1632987862560409
59.163286849269404,1.1635267919295138
59.18328796044225,1.1637547178931587
59.20328907161509,1.163982564035874
59.223290182787935,1.1642103302465994
59.24329129396078,1.1644380164143109
59.26329240513362,1.164665622428025
59.283293516306465,1.1648931481767972
59.3032946274793,1.1651205935497215
59.32329573865215,1.1653479584359319
59.343296849824995,1.165575242724601
59.36329796099783,1.1658024463049408
59.38329907217068,1.1660295690662028
59.40330018334352,1.1662566108976777
59.423301294516364,1.1664835716886963
59.44330240568921,1.1667104513286277
59.46330351686205,1.1669372497068815
59.483304628034894,1.1671639667129068
59.50330573920773,1.167390602236192
59.52330685038058,1.1676171561662654
59.543307961553424,1.1678436283926954
59.56330907272626,1.1680700188050896
59.58331018389911,1.168296327293096
59.60331129507195,1.1685225537464021
59.62331240624479,1.168748698054736
59.64331351741764,1.168974760107865
59.66331462859048,1.1692007397955972
59.68331573976332,1.1694266370077808
59.70331685093616,1.1696524516343036
59.72331796210901,1.1698781835650944
59.74331907328185,1.1701038326901219
59.76332018445469,1.170329398899395
59.78332129562754,1.1705548820829637
59.80332240680038,1.1707802821309174
59.82332351797322,1.1710055989333872
59.84332462914607,1.171230832380544
59.863325740318906,1.1714559823625998
59.88332685149175,1.1716810487698066
59.9033279626646,1.1719060314924579
59.92332907383744,1.1721309304208876
59.94333018501028,1.1723557454454705
59.96333129618312,1.1725804764566223
59.98333240735597,1.1728051233447996
60.00333351852881,1.1730296860005003
60.02333462970165,1.1732541643142627
60.0433357408745,1.1734785581766671
60.063336852047335,1.173702867478334
60.08333796322018,1.1739270921099263
60.10333907439303,1.1741512319621472
60.123340185565866,1.1743752869257411
60.14334129673871,1.1745992568914947
60.16334240791155,1.1748231417502355
60.183343519084396,1.1750469413928326
60.20334463025724,1.1752706557101966
60.22334574143008,1.1754942845932799
60.243346852602926,1.175717827933076
60.263347963775765,1.175941285620621
60.28334907494861,1.176164657546992
60.303350186121456,1.176387943603308
60.323351297294295,1.17661114368073
60.34335240846714,1.1768342576704613
60.36335351963998,1.1770572854637464
60.383354630812825,1.1772802269518723
60.40335574198567,1.177503082026168
60.42335685315851,1.1777258505780044
60.443357964331355,1.177948532498795
60.463359075504194,1.178171127679995
60.48336018667704,1.1783936360131024
60.503361297849885,1.1786160573896571
60.523362409022724,1.1788383917012417
60.54336352019557,1.179060638839481
60.56336463136841,1.1792827986960426
60.583365742541254,1.1795048711626366
60.6033668537141,1.179726856131015
60.62336796488694,1.1799487534929731
60.643369076059784,1.1801705631403492
60.66337018723262,1.1803922849650237
60.68337129840547,1.1806139188589202
60.703372409578314,1.180835464714005
60.72337352075115,1.181056922422287
60.743374631924,1.1812782918758191
60.76337574309684,1.181499572966696
60.78337685426968,1.181720765587056
60.80337796544253,1.1819418696290809
60.82337907661537,1.1821628849849948
60.84338018778821,1.182383811547066
60.86338129896105,1.182604649207605
60.8833824101339,1.1828253978589671
60.90338352130674,1.1830460573935497
60.92338463247958,1.1832666277037938
60.94338574365243,1.1834871086821845
60.96338685482527,1.18370750022125
60.98338796599811,1.1839278022135622
61.00338907717096,1.184148014551737
61.0233901883438,1.184368137128433
61.04339129951664,1.1845881698363536
61.06339241068949,1.1848081125682457
61.08339352186233,1.1850279652168998
61.10339463303517,1.1852477276751503
61.12339574420801,1.185467399835876
61.14339685538086,1.1856869815919997
61.1633979665537,1.1859064728364879
61.18339907772654,1.1861258734623508
61.20340018889939,1.1863451833626437
61.223401300072226,1.186564402430466
61.24340241124507,1.1867835305589607
61.26340352241792,1.1870025676413158
61.283404633590756,1.1872215135707633
61.3034057447636,1.1874403682405799
61.32340685593644,1.1876591315440865
61.343407967109286,1.1878778033746489
61.36340907828213,1.1880963836256768
61.38341018945497,1.1883148721906254
61.403411300627816,1.188533268962994
61.423412411800655,1.1887515738363268
61.4434135229735,1.188969786704213
61.463414634146346,1.189187907460287
61.483415745319185,1.1894059359982263
61.50341685649203,1.1896238722117556
61.52341796766487,1.1898417159946433
61.543419078837715,1.1900594672407034
61.56342019001056,1.1902771258437945
61.5834213011834,1.190494691697821
61.603422412356245,1.1907121646967318
61.623423523529084,1.1909295447345218
61.64342463470193,1.1911468317052305
61.663425745874775,1.1913640255029432
61.683426857047614,1.1915811260217906
61.70342796822046,1.1917981331559488
61.7234290793933,1.192015046799639
61.743430190566144,1.1922318668471292
61.76343130173899,1.1924485931927316
61.78343241291183,1.1926652257308048
61.803433524084674,1.1928817643557528
61.82343463525751,1.193098208962026
61.84343574643036,1.19331455944412
61.863436857603205,1.1935308156965763
61.88343796877604,1.1937469776139829
61.90343907994889,1.1939630450909728
61.92344019112173,1.1941790180222263
61.94344130229457,1.194394896302469
61.96344241346742,1.1946106798264724
61.98344352464026,1.1948263684890545
62.0034446358131,1.1950419621850803
62.02344574698595,1.1952574608094597
62.04344685815879,1.1954728642571497
62.063447969331634,1.195688172423154
62.08344908050447,1.1959033852025218
62.10345019167732,1.19611850249035
62.123451302850164,1.1963335241817807
62.143452414023,1.1965484501720038
62.16345352519585,1.1967632803562551
62.18345463636869,1.1969780146298175
62.20345574754153,1.1971926528880203
62.22345685871438,1.19740719502624
62.24345796988722,1.1976216409398994
62.26345908106006,1.197835990524469
62.2834601922329,1.1980502436754656
62.30346130340575,1.1982644002884533
62.32346241457859,1.198478460259043
62.34346352575143,1.198692423482893
62.36346463692428,1.1989062898557088
62.383465748097116,1.1991200592732425
62.40346685926996,1.1993337316312942
62.42346797044281,1.1995473068257112
62.443469081615646,1.1997607847523875
62.46347019278849,1.1999741653072653
62.48347130396133,1.200187448386334
62.503472415134176,1.2004006338856301
62.52347352630702,1.2006137217012387
62.54347463747986,1.200826711729291
62.563475748652706,1.2010396038659674
62.583476859825545,1.2012523980074952
62.60347797099839,1.2014650940501492
62.62347908217124,1.201677691890253
62.643480193344075,1.201890191424177
62.66348130451692,1.2021025925483402
62.68348241568976,1.2023148951592093
62.703483526862605,1.2025270991532993
62.72348463803545,1.2027392044271727
62.74348574920829,1.2029512108774405
62.763486860381136,1.2031631184007625
62.783487971553974,1.2033749268938452
62.80348908272682,1.2035866362534449
62.823490193899666,1.2037982463763652
62.843491305072504,1.2040097571594583
62.86349241624535,1.2042211684996256
62.88349352741819,1.2044324802938156
62.903494638591035,1.2046436924390265
62.92349574976388,1.2048548048323047
62.94349686093672,1.2050658173707447
62.963497972109565,1.2052767299514904
62.9834990832824,1.205487542471734
63.00350019445525,1.2056982548287172
63.023501305628095,1.205908866919729
63.04350241680093,1.206119378642109
63.06350352797378,1.2063297898932446
63.08350463914662,1.2065401005705725
63.103505750319464,1.2067503105715787
63.12350686149231,1.2069604197937975
63.14350797266515,1.2071704281348135
63.163509083837994,1.2073803354922594
63.18351019501084,1.2075901417638175
63.20351130618368,1.2077998468472195
63.223512417356524,1.2080094506402466
63.24351352852936,1.2082189530407286
63.26351463970221,1.2084283539465455
63.283515750875054,1.2086376532556267
63.30351686204789,1.2088468508659505
63.32351797322074,1.2090559466755455
63.34351908439358,1.2092649405824893
63.36352019556642,1.2094738324849101
63.38352130673927,1.2096826222809847
63.40352241791211,1.2098913098689403
63.42352352908495,1.2100998951470539
63.44352464025779,1.2103083780136519
63.46352575143064,1.2105167583671115
63.48352686260348,1.2107250361058592
63.50352797377632,1.2109332111283715
63.52352908494917,1.2111412833331752
63.543530196122006,1.2113492526188474
63.56353130729485,1.2115571188840148
63.5835324184677,1.211764882027355
63.603533529640536,1.211972541947595
63.62353464081338,1.2121800985435134
63.64353575198622,1.2123875517139378
63.66353686315907,1.2125949013577468
63.68353797433191,1.21280214737387
63.70353908550475,1.2130092896612863
63.7235401966776,1.2132163281190262
63.743541307850435,1.2134232626461707
63.76354241902328,1.2136300931418509
63.78354353019613,1.2138368195052487
63.803544641368966,1.2140434416355974
63.82354575254181,1.2142499594321807
63.84354686371465,1.2144563727943327
63.863547974887496,1.2146626816214394
63.88354908606034,1.214868885812937
63.90355019723318,1.2150749852683127
63.923551308406026,1.2152809798871054
63.943552419578864,1.2154868695689043
63.96355353075171,1.2156926542133502
63.983554641924556,1.215898333720135
64.0035557530974,1.2161039079890021
64.02355686427023,1.2163093769197455
64.04355797544308,1.2165147404122116
64.06355908661592,1.2167199983662975
64.08356019778877,1.2169251506819514
64.10356130896162,1.2171301972591737
64.12356242013445,1.217335137998016
64.1435635313073,1.2175399727985816
64.16356464248014,1.2177447015610259
64.18356575365299,1.2179493241855548
64.20356686482583,1.218153840572427
64.22356797599866,1.2183582506219524
64.24356908717151,1.2185625542344931
64.26357019834435,1.218766751310463
64.2835713095172,1.2189708417503278
64.30357242069005,1.2191748254546053
64.32357353186288,1.219378702323865
64.34357464303572,1.219582472258729
64.36357575420857,1.2197861351598716
64.38357686538141,1.2199896909280183
64.40357797655426,1.2201931394639478
64.42357908772709,1.2203964806684904
64.44358019889994,1.2205997144425296
64.46358131007278,1.2208028406870004
64.48358242124563,1.2210058593028907
64.50358353241847,1.2212087701912404
64.5235846435913,1.2214115732531425
64.54358575476415,1.2216142683897424
64.563586865937,1.2218168555022375
64.58358797710984,1.2220193344918786
64.60358908828269,1.2222217052599689
64.62359019945552,1.2224239677078643
64.64359131062837,1.2226261217369738
64.66359242180121,1.2228281672487589
64.68359353297406,1.2230301041447342
64.7035946441469,1.223231932326467
64.72359575531974,1.223433651695578
64.74359686649258,1.2236352621537405
64.76359797766543,1.2238367636026812
64.78359908883827,1.22403815594418
64.80360020001112,1.2242394390800693
64.82360131118395,1.2244406129122356
64.8436024223568,1.2246416773426185
64.86360353352964,1.2248426322732104
64.88360464470249,1.2250434776060577
64.90360575587533,1.2252442132432597
64.92360686704818,1.2254448390869694
64.94360797822101,1.2256453550393935
64.96360908939386,1.2258457610027922
64.9836102005667,1.226046056879479
65.00361131173955,1.2262462425718215
65.0236124229124,1.2264463179822405
65.04361353408522,1.2266462830132108
65.06361464525807,1.2268461375672615
65.08361575643092,1.2270458815469747
65.10361686760376,1.2272455148549868
65.12361797877661,1.2274450373939885
65.14361908994944,1.2276444490667235
65.16362020112228,1.2278437497759909
65.18362131229513,1.2280429394246428
65.20362242346798,1.2282420179155857
65.22362353464082,1.2284409851517804
65.24362464581365,1.228639841036242
65.2636257569865,1.2288385854720398
65.28362686815935,1.2290372183622975
65.30362797933219,1.229235739610193
65.32362909050504,1.2294341491189589
65.34363020167787,1.2296324467918813
65.36363131285071,1.2298306325323025
65.38363242402356,1.2300287062436182
65.4036335351964,1.2302266678292786
65.42363464636925,1.2304245171927892
65.44363575754208,1.2306222542377097
65.46363686871493,1.230819878867655
65.48363797988777,1.2310173909862945
65.50363909106062,1.2312147904973527
65.52364020223347,1.2314120773046082
65.5436413134063,1.2316092513118957
65.56364242457914,1.231806312423104
65.58364353575199,1.2320032605421771
65.60364464692483,1.2322000955731147
65.62364575809768,1.2323968174199709
65.64364686927051,1.2325934259868547
65.66364798044336,1.2327899211779318
65.6836490916162,1.2329863028974215
65.70365020278905,1.2331825710495994
65.7236513139619,1.2333787255387958
65.74365242513473,1.233574766269397
65.76365353630757,1.2337706931458445
65.78365464748042,1.2339665060726355
65.80365575865326,1.2341622049543224
65.82365686982611,1.2343577896955134
65.84365798099894,1.2345532602008717
65.86365909217179,1.2347486163751176
65.88366020334463,1.234943858123026
65.90366131451748,1.2351389853494277
65.92366242569032,1.2353339979592097
65.94366353686316,1.2355288958573145
65.963664648036,1.2357236789487407
65.98366575920885,1.235918347138543
66.00366687038169,1.236112900331832
66.02366798155454,1.236307338433774
66.04366909272737,1.2365016613495916
66.06367020390022,1.2366958689845642
66.08367131507306,1.2368899612440263
66.10367242624591,1.2370839380333696
66.12367353741875,1.2372777992580415
66.14367464859158,1.2374715448235456
66.16367575976443,1.2376651746354426
66.18367687093728,1.237858688599349
66.20367798211012,1.2380520866209381
66.22367909328297,1.2382453686059394
66.2436802044558,1.238438534460139
66.26368131562865,1.2386315840893802
66.28368242680149,1.2388245173995622
66.30368353797434,1.2390173342966415
66.32368464914718,1.2392100346866306
66.34368576032001,1.2394026184755993
66.36368687149286,1.2395950855696745
66.3836879826657,1.2397874358750394
66.40368909383855,1.2399796692979344
66.4236902050114,1.240171785744657
66.44369131618423,1.2403637851215614
66.46369242735707,1.2405556673350593
66.48369353852992,1.2407474322916188
66.50369464970277,1.240939079897766
66.52369576087561,1.2411306100600836
66.54369687204844,1.2413220226852117
66.56369798322129,1.241513317679848
66.58369909439413,1.2417044949507472
66.60370020556698,1.2418955544047214
66.62370131673983,1.2420864959486404
66.64370242791266,1.2422773194894308
66.6637035390855,1.2424680249340774
66.68370465025835,1.2426586121896226
66.7037057614312,1.242849081163166
66.72370687260404,1.243039431761865
66.74370798377687,1.2432296638929345
66.76370909494972,1.243419777463648
66.78371020612256,1.2436097723813355
66.80371131729541,1.2437996485533858
66.82371242846826,1.2439894058872454
66.84371353964109,1.244179044290418
66.86371465081393,1.2443685636704667
66.88371576198678,1.2445579639350113
66.90371687315962,1.24474724499173
66.92371798433247,1.24493640674836
66.9437190955053,1.245125449112695
66.96372020667815,1.2453143719925885
66.98372131785099,1.2455031752959513
67.00372242902384,1.2456918589307526
67.02372354019668,1.2458804228050202
67.04372465136952,1.2460688668268403
67.06372576254236,1.246257190904357
67.08372687371521,1.2464453949457734
67.10372798488805,1.2466334788593514
67.1237290960609,1.2468214425534103
67.14373020723374,1.247009285936329
67.16373131840658,1.2471970089165447
67.18373242957942,1.2473846114025535
67.20373354075227,1.2475720933029097
67.22373465192511,1.2477594545262272
67.24373576309796,1.247946694981178
67.26373687427079,1.2481338145764933
67.28373798544364,1.248320813220963
67.30373909661648,1.2485076908234363
67.32374020778933,1.2486944472928212
67.34374131896217,1.2488810825380847
67.363742430135,1.2490675964682527
67.38374354130785,1.249253988992411
67.4037446524807,1.2494402600197037
67.42374576365354,1.2496264094593346
67.44374687482639,1.2498124372205663
67.46374798599922,1.2499983432127215
67.48374909717207,1.2501841273451815
67.50375020834491,1.2503697895273878
67.52375131951776,1.25055532966884
67.5437524306906,1.250740747679099
67.56375354186343,1.2509260434677836
67.58375465303628,1.2511112169445733
67.60375576420913,1.2512962680192063
67.62375687538197,1.2514811966014812
67.64375798655482,1.251666002601256
67.66375909772765,1.2518506859284484
67.6837602089005,1.2520352464930362
67.70376132007334,1.2522196842050568
67.72376243124619,1.2524039989746074
67.74376354241903,1.2525881907118452
67.76376465359186,1.2527722593269874
67.78376576476471,1.2529562047303116
67.80376687593755,1.2531400268321544
67.8237679871104,1.2533237255429137
67.84376909828325,1.2535073007730468
67.86377020945608,1.2536907524330716
67.88377132062892,1.253874080433566
67.90377243180177,1.2540572846851683
67.92377354297462,1.254240365098577
67.94377465414746,1.2544233215845506
67.96377576532029,1.254606154053909
67.98377687649314,1.2547888624175316
68.00377798766598,1.254971446586359
68.02377909883883,1.255153906471392
68.04378021001168,1.2553362419836915
68.0637813211845,1.25551845303438
68.08378243235735,1.2557005395346401
68.1037835435302,1.255882501395715
68.12378465470304,1.256064338528909
68.14378576587589,1.2562460508455868
68.16378687704872,1.2564276382571744
68.18378798822157,1.2566091006751585
68.20378909939441,1.2567904380110868
68.22379021056726,1.2569716501765678
68.2437913217401,1.2571527370832707
68.26379243291294,1.2573336986429262
68.28379354408578,1.2575145347673267
68.30379465525863,1.2576952453683243
68.32379576643147,1.2578758303578335
68.34379687760432,1.2580562896478296
68.36379798877715,1.2582366231503488
68.38379909995,1.2584168307774892
68.40380021112284,1.2585969124414103
68.42380132229569,1.2587768680543323
68.44380243346853,1.2589566975285376
68.46380354464137,1.2591364007763692
68.48380465581421,1.2593159777102327
68.50380576698706,1.259495428242595
68.5238068781599,1.2596747522859837
68.54380798933275,1.2598539497529895
68.56380910050558,1.260033020556263
68.58381021167843,1.2602119646085184
68.60381132285127,1.2603907818225306
68.62381243402412,1.2605694721111367
68.64381354519696,1.2607480353872353
68.6638146563698,1.2609264715637871
68.68381576754264,1.2611047805538151
68.70381687871549,1.261282962270404
68.72381798988833,1.2614610166267004
68.74381910106118,1.2616389435359132
68.76382021223401,1.2618167429113132
68.78382132340685,1.2619944146662336
68.8038224345797,1.2621719587140698
68.82382354575255,1.2623493749682795
68.84382465692539,1.2625266633423822
68.86382576809822,1.2627038237499604
68.88382687927107,1.2628808561046585
68.90382799044392,1.2630577603201836
68.92382910161676,1.2632345363103052
68.9438302127896,1.2634111839888549
68.96383132396244,1.2635877032697276
68.98383243513528,1.2637640940668802
69.00383354630813,1.2639403562943325
69.02383465748098,1.264116489866167
69.04383576865382,1.2642924946965288
69.06383687982665,1.2644683706996251
69.0838379909995,1.2646441177897274
69.10383910217234,1.2648197358811688
69.12384021334519,1.2649952248883456
69.14384132451804,1.265170584725717
69.16384243569087,1.2653458153078059
69.18384354686371,1.2655209165491967
69.20384465803656,1.2656958883645384
69.2238457692094,1.265870730668542
69.24384688038225,1.2660454433759818
69.26384799155508,1.266220026401696
69.28384910272793,1.2663944796605853
69.30385021390077,1.2665688030676137
69.32385132507362,1.266742996537809
69.34385243624646,1.2669170599862616
69.3638535474193,1.2670909933281258
69.38385465859214,1.2672647964786192
69.40385576976499,1.267438469353023
69.42385688093783,1.2676120118666814
69.44385799211068,1.2677854239350028
69.46385910328353,1.2679587054734587
69.48386021445636,1.2681318563975843
69.5038613256292,1.268304876622979
69.52386243680205,1.268477766065305
69.5438635479749,1.268650524640289
69.56386465914774,1.2688231522637212
69.58386577032057,1.2689956488514553
69.60386688149342,1.2691680143194097
69.62386799266626,1.269340248583566
69.64386910383911,1.26951235155997
69.66387021501195,1.2696843231647315
69.68387132618479,1.2698561633140244
69.70387243735763,1.270027871924086
69.72387354853048,1.2701994489112194
69.74387465970332,1.27037089419179
69.76387577087617,1.2705422076822281
69.783876882049,1.2707133892990286
69.80387799322185,1.2708844389587504
69.82387910439469,1.2710553565780167
69.84388021556754,1.2712261420735151
69.86388132674038,1.2713967953619973
69.88388243791321,1.2715673163602799
69.90388354908606,1.2717377049852439
69.9238846602589,1.2719079611538344
69.94388577143175,1.272078084783062
69.9638868826046,1.2722480757900005
69.98388799377743,1.2724179340917898
70.00388910495028,1.2725876596056338
70.02389021612312,1.2727572522488007
70.04389132729597,1.272926711938624
70.06389243846881,1.2730960385925023
70.08389354964164,1.2732652321278985
70.10389466081449,1.2734342924623405
70.12389577198734,1.273603219513421
70.14389688316018,1.2737720131987984
70.16389799433303,1.273940673436195
70.18389910550586,1.2741092001433991
70.2039002166787,1.2742775932382635
70.22390132785155,1.2744458526387066
70.2439024390244,1.2746139782627113
70.26390355019724,1.2747819700283263
70.28390466137007,1.2749498278536653
70.30390577254292,1.2751175516569075
70.32390688371576,1.2752851413562973
70.34390799488861,1.2754525968701442
70.36390910606146,1.2756199181168235
70.38391021723429,1.2757871050147755
70.40391132840713,1.2759541574825068
70.42391243957998,1.2761210754385885
70.44391355075282,1.2762878588016584
70.46391466192567,1.2764545074904188
70.4839157730985,1.276621021423638
70.50391688427135,1.2767874005201505
70.5239179954442,1.276953644698856
70.54391910661704,1.2771197538787202
70.56392021778989,1.2772857279787742
70.58392132896272,1.2774515669181155
70.60392244013556,1.2776172706159072
70.62392355130841,1.2777828389913783
70.64392466248125,1.2779482719638242
70.6639257736541,1.2781135694526051
70.68392688482693,1.2782787313771486
70.70392799599978,1.278443757656948
70.72392910717262,1.2786086482115624
70.74393021834547,1.2787734029606168
70.76393132951831,1.2789380218238033
70.78393244069115,1.2791025047208797
70.80393355186399,1.2792668515716699
70.82393466303684,1.2794310622960647
70.84393577420968,1.2795951368140206
70.86393688538253,1.2797590750455607
70.88393799655536,1.279922876910775
70.9039391077282,1.2800865423298193
70.92394021890105,1.2802500712229161
70.9439413300739,1.280413463510355
70.96394244124674,1.2805767191124913
70.98394355241957,1.2807398379497474
71.00394466359242,1.2809028199426127
71.02394577476527,1.2810656650116425
71.04394688593811,1.2812283730774596
71.06394799711096,1.281390944060753
71.08394910828379,1.2815533778822787
71.10395021945664,1.28171567446286
71.12395133062948,1.2818778337233865
71.14395244180233,1.282039855584815
71.16395355297517,1.282201739968169
71.183954664148,1.2823634867945397
71.20395577532085,1.2825250959850847
71.2239568864937,1.2826865674610288
71.24395799766654,1.2828479011436642
71.26395910883939,1.28300909695435
71.28396022001222,1.2831701548145122
71.30396133118506,1.2833310746456452
71.32396244235791,1.2834918563693094
71.34396355353076,1.2836524999071333
71.3639646647036,1.283813005180812
71.38396577587643,1.283973372112109
71.40396688704928,1.2841336006228545
71.42396799822212,1.2842936906349465
71.44396910939497,1.2844536420703505
71.46397022056782,1.2846134548510992
71.48397133174065,1.284773128899293
71.5039724429135,1.2849326641371004
71.52397355408634,1.285092060486757
71.54397466525919,1.2852513178705667
71.56397577643203,1.2854104362109005
71.58397688760486,1.285569415430197
71.60397799877771,1.285728255450964
71.62397910995055,1.2858869561957755
71.6439802211234,1.2860455175872745
71.66398133229625,1.2862039395481708
71.68398244346909,1.2863622220012436
71.70398355464192,1.2865203648693393
71.72398466581477,1.2866783680753722
71.74398577698761,1.2868362315423247
71.76398688816046,1.2869939551932483
71.7839879993333,1.287151538951261
71.80398911050614,1.28730898273955
71.82399022167898,1.2874662864813713
71.84399133285183,1.2876234501000476
71.86399244402467,1.2877804735189713
71.88399355519752,1.2879373566616024
71.90399466637035,1.2880940994514691
71.9239957775432,1.288250701812169
71.94399688871604,1.2884071636673673
71.96399799988889,1.2885634849407979
71.98399911106173,1.2887196655562632
72.00400022223457,1.288875705437634
72.02400133340741,1.2890316045088503
72.04400244458026,1.2891873626939203
72.0640035557531,1.2893429799169205
72.08400466692595,1.289498456101997
72.10400577809878,1.289653791173364
72.12400688927163,1.2898089850553047
72.14400800044447,1.289964037672171
72.16400911161732,1.2901189489483837
72.18401022279016,1.2902737188084328
72.204011333963,1.2904283471768765
72.22401244513584,1.290582833978343
72.24401355630869,1.2907371791375284
72.26401466748153,1.290891382579199
72.28401577865438,1.291045444228189
72.30401688982721,1.2911993640094024
72.32401800100006,1.2913531418478124
72.3440191121729,1.2915067776684612
72.36402022334575,1.2916602713964602
72.3840213345186,1.29181362295699
72.40402244569142,1.2919668322753008
72.42402355686427,1.292119899276712
72.44402466803712,1.292272823886612
72.46402577920996,1.292425606030459
72.48402689038281,1.2925782456337809
72.50402800155564,1.2927307426221741
72.52402911272848,1.2928830969213059
72.54403022390133,1.293035308456912
72.56403133507418,1.2931873771547981
72.58403244624702,1.2933393029408398
72.60403355741985,1.2934910857409818
72.6240346685927,1.2936427254812388
72.64403577976555,1.2937942220876952
72.66403689093839,1.2939455754865055
72.68403800211124,1.2940967856038934
72.70403911328407,1.2942478523661527
72.72404022445691,1.2943987756996473
72.74404133562976,1.294549555530811
72.7640424468026,1.294700191786147
72.78404355797545,1.294850684392229
72.80404466914828,1.2950010332757005
72.82404578032113,1.295151238363275
72.84404689149397,1.295301299581737
72.86404800266682,1.2954512168579395
72.88404911383967,1.2956009901188068
72.9040502250125,1.295750619291333
72.92405133618534,1.295900104302583
72.94405244735819,1.296049445079691
72.96405355853103,1.2961986415498625
72.98405466970388,1.2963476936403724
73.00405578087671,1.2964966012785668
73.02405689204956,1.2966453643918616
73.0440580032224,1.2967939829077437
73.06405911439525,1.2969424567537702
73.0840602255681,1.2970907858575682
73.10406133674093,1.2972389701468363
73.12406244791377,1.2973870095493434
73.14406355908662,1.2975349039929285
73.16406467025946,1.2976826534055017
73.18406578143231,1.297830257715044
73.20406689260514,1.2979777168496065
73.22406800377799,1.2981250307373116
73.24406911495083,1.2982721993063524
73.26407022612368,1.2984192224849926
73.28407133729652,1.2985661002015672
73.30407244846936,1.2987128323844812
73.3240735596422,1.298859418962212
73.34407467081505,1.2990058598633065
73.36407578198789,1.2991521550163836
73.38407689316074,1.299298304350133
73.40407800433357,1.2994443077933147
73.42407911550642,1.2995901652747612
73.44408022667926,1.2997358767233753
73.46408133785211,1.2998814420681308
73.48408244902495,1.3000268612380734
73.50408356019778,1.3001721341623194
73.52408467137063,1.3003172607700568
73.54408578254348,1.3004622409905449
73.56408689371632,1.3006070747531142
73.58408800488917,1.3007517619871665
73.604089116062,1.3008963026221751
73.62409022723484,1.3010406965876853
73.64409133840769,1.3011849438133127
73.66409244958054,1.301329044228746
73.68409356075338,1.3014729977637436
73.70409467192621,1.3016168043481373
73.72409578309906,1.3017604639118296
73.7440968942719,1.3019039763847946
73.76409800544475,1.3020473416970781
73.7840991166176,1.3021905597787984
73.80410022779043,1.3023336305601445
73.82410133896327,1.3024765539713778
73.84410245013612,1.3026193299428315
73.86410356130897,1.3027619584049108
73.88410467248181,1.3029044392880922
73.90410578365464,1.3030467725229244
73.92410689482749,1.303188958040029
73.94410800600033,1.303330995770098
73.96410911717318,1.3034728856438966
73.98411022834603,1.3036146275922618
74.00411133951887,1.3037562215461025
74.0241124506917,1.3038976674363996
74.04411356186455,1.304038965194207
74.0641146730374,1.3041801147506495
74.08411578421024,1.3043211160369257
74.10411689538309,1.304461968984305
74.12411800655592,1.30460267352413
74.14411911772876,1.3047432295878154
74.16412022890161,1.3048836371068484
74.18412134007446,1.3050238960127882
74.2041224512473,1.305164006237267
74.22412356242013,1.3053039677119889
74.24412467359298,1.3054437803687309
74.26412578476582,1.3055834441393426
74.28412689593867,1.3057229589557457
74.30412800711152,1.3058623247499352
74.32412911828435,1.306001541453978
74.34413022945719,1.3061406090000143
74.36413134063004,1.3062795273202568
74.38413245180288,1.3064182963469904
74.40413356297573,1.3065569160125738
74.42413467414856,1.3066953862494375
74.44413578532141,1.3068337069900855
74.46413689649425,1.3069718781670945
74.4841380076671,1.307109899713114
74.50413911883994,1.3072477715608668
74.52414023001278,1.3073854936431477
74.54414134118562,1.3075230658928256
74.56414245235847,1.3076604882428422
74.58414356353131,1.3077977606262117
74.60414467470416,1.307934882976022
74.62414578587699,1.3080718552254336
74.64414689704984,1.3082086773076806
74.66414800822268,1.3083453491560706
74.68414911939553,1.3084818707039836
74.70415023056837,1.308618241884873
74.7241513417412,1.3087544626322665
74.74415245291405,1.3088905328797638
74.7641535640869,1.3090264525610387
74.78415467525974,1.309162221609838
74.80415578643259,1.3092978399599826
74.82415689760542,1.3094333075453661
74.84415800877827,1.3095686242999562
74.86415911995111,1.3097037901577937
74.88416023112396,1.309838805052993
74.9041613422968,1.309973668919742
74.92416245346963,1.310108381692303
74.94416356464248,1.3102429433050107
74.96416467581533,1.3103773536922743
74.98416578698817,1.3105116127885765
75.00416689816102,1.310645720528474
75.02416800933385,1.310779676846597
75.0441691205067,1.310913481677649
75.06417023167954,1.311047134956409
75.08417134285239,1.3111806366177279
75.10417245402523,1.3113139865965315
75.12417356519806,1.3114471848278195
75.14417467637091,1.3115802312466658
75.16417578754375,1.3117131257882177
75.1841768987166,1.3118458683876968
75.20417800988945,1.3119784589803989
75.22417912106228,1.3121108975016935
75.24418023223512,1.3122431838870248
75.26418134340797,1.3123753180719107
75.28418245458082,1.3125072999919434
75.30418356575366,1.3126391295827897
75.32418467692649,1.31277080678019
75.34418578809934,1.3129023315199593
75.36418689927218,1.3130337037379873
75.38418801044503,1.3131649233702372
75.40418912161788,1.313295990352747
75.4241902327907,1.3134269046216296
75.44419134396355,1.3135576661130715
75.4641924551364,1.3136882747633343
75.48419356630924,1.3138187305087539
75.50419467748209,1.3139490332857404
75.52419578865492,1.3140791830307788
75.54419689982777,1.3142091796804287
75.56419801100061,1.3143390231713243
75.58419912217346,1.3144687134401747
75.6042002333463,1.314598250423763
75.62420134451914,1.3147276340589475
75.64420245569198,1.3148568642826617
75.66420356686483,1.3149859410319125
75.68420467803767,1.315114864243783
75.70420578921052,1.3152436338554305
75.72420690038335,1.3153722498040872
75.7442080115562,1.3155007120270605
75.76420912272904,1.3156290204617325
75.78421023390189,1.31575717504556
75.80421134507473,1.3158851757160752
75.82421245624757,1.3160130224108855
75.84421356742041,1.3161407150676725
75.86421467859326,1.3162682536241939
75.8842157897661,1.3163956380182817
75.90421690093895,1.3165228681878438
75.92421801211178,1.3166499440708623
75.94421912328463,1.3167768656053958
75.96422023445747,1.3169036327295767
75.98422134563032,1.3170302453816138
76.00422245680316,1.3171567034997909
76.024223567976,1.3172830070224664
76.04422467914884,1.3174091558880754
76.06422579032169,1.317535150035127
76.08422690149453,1.3176609894022067
76.10422801266738,1.317786673927975
76.12422912384021,1.3179122035511681
76.14423023501305,1.3180375782105975
76.1642313461859,1.3181627978451504
76.18423245735875,1.3182878623937895
76.20423356853159,1.318412771795553
76.22423467970442,1.3185375259895546
76.24423579087727,1.3186621249149841
76.26423690205011,1.3187865685111069
76.28423801322296,1.3189108567172638
76.3042391243958,1.3190349894728715
76.32424023556865,1.3191589667174224
76.34424134674148,1.3192827883904847
76.36424245791433,1.319406454431703
76.38424356908718,1.3195299647807968
76.40424468026002,1.3196533193775624
76.42424579143287,1.319776518161871
76.4442469026057,1.3198995610736706
76.46424801377854,1.3200224480529852
76.48424912495139,1.3201451790399141
76.50425023612424,1.3202677539746335
76.52425134729708,1.3203901727973948
76.54425245846991,1.320512435448526
76.56425356964276,1.3206345418684313
76.5842546808156,1.320756491997591
76.60425579198845,1.3208782857765613
76.6242569031613,1.3209999231459748
76.64425801433413,1.3211214040465404
76.66425912550697,1.321242728419043
76.68426023667982,1.3213638962043444
76.70426134785266,1.321484907343382
76.72426245902551,1.32160576177717
76.74426357019834,1.3217264594467988
76.76426468137119,1.3218470002934355
76.78426579254403,1.3219673842583233
76.80426690371688,1.3220876112827817
76.82426801488973,1.3222076813082075
76.84426912606256,1.3223275942760733
76.8642702372354,1.3224473501279284
76.88427134840825,1.3225669488053988
76.9042724595811,1.3226863902501873
76.92427357075394,1.3228056744040728
76.94427468192677,1.3229248012089112
76.96427579309962,1.3230437706066356
76.98427690427246,1.3231625825392548
77.00427801544531,1.323281236948855
77.02427912661815,1.323399733777599
77.04428023779099,1.3235180729677265
77.06428134896383,1.3236362544615543
77.08428246013668,1.3237542782014755
77.10428357130952,1.3238721441299601
77.12428468248237,1.323989852189556
77.1442857936552,1.3241074023228867
77.16428690482805,1.3242247944726535
77.18428801600089,1.3243420285816347
77.20428912717374,1.3244591045926855
77.22429023834658,1.3245760224487377
77.24429134951941,1.3246927820928012
77.26429246069226,1.3248093834679622
77.2842935718651,1.324925826517384
77.30429468303795,1.3250421111843078
77.3242957942108,1.3251582374120514
77.34429690538363,1.32527420514401
77.36429801655648,1.325390014323656
77.38429912772932,1.3255056648945394
77.40430023890217,1.325621156800287
77.42430135007501,1.3257364899846031
77.44430246124784,1.3258516643912694
77.46430357242069,1.3259666799641456
77.48430468359354,1.3260815366471679
77.50430579476638,1.3261962343843503
77.52430690593923,1.3263107731197843
77.54430801711206,1.326425152797639
77.5643091282849,1.3265393733621609
77.58431023945775,1.3266534347576742
77.6043113506306,1.3267673369285806
77.62431246180344,1.326881079819359
77.64431357297627,1.3269946633745668
77.66431468414912,1.3271080875388386
77.68431579532196,1.3272213522568863
77.70431690649481,1.3273344574735002
77.72431801766766,1.3274474031335481
77.74431912884049,1.3275601891819753
77.76432024001333,1.3276728155638056
77.78432135118618,1.3277852822241396
77.80432246235902,1.3278975891081566
77.82432357353187,1.3280097361611136
77.8443246847047,1.328121723328345
77.86432579587755,1.3282335505552643
77.8843269070504,1.3283452177873616
77.90432801822324,1.328456724970206
77.92432912939609,1.3285680720494437
77.94433024056892,1.3286792589707996
77.96433135174176,1.328790285680077
77.98433246291461,1.3289011521231564
78.00433357408745,1.3290118582459969
78.0243346852603,1.3291224039946359
78.04433579643313,1.3292327893151883
78.06433690760598,1.329343014153848
78.08433801877882,1.3294530784568868
78.10433912995167,1.3295629821706547
78.12434024112451,1.3296727252415796
78.14434135229735,1.3297823076161688
78.16434246347019,1.3298917292410068
78.18434357464304,1.3300009900627572
78.20434468581588,1.3301100900281613
78.22434579698873,1.3302190290840397
78.24434690816156,1.3303278071772902
78.2643480193344,1.3304364242548905
78.28434913050725,1.3305448802638957
78.3043502416801,1.3306531751514399
78.32435135285294,1.3307613088647356
78.34435246402577,1.3308692813510739
78.36435357519862,1.3309770925578244
78.38435468637147,1.3310847424324355
78.40435579754431,1.331192230922434
78.42435690871716,1.3312995579754257
78.44435801988999,1.3314067235390947
78.46435913106284,1.331513727561204
78.48436024223568,1.3316205699895955
78.50436135340853,1.3317272507721896
78.52436246458137,1.3318337698569855
78.54436357575422,1.3319401271920617
78.56436468692705,1.3320463227255745
78.5843657980999,1.3321523564057605
78.60436690927274,1.332258228180934
78.62436802044559,1.3323639379994887
78.64436913161843,1.3324694858098973
78.66437024279126,1.332574871560711
78.68437135396411,1.3326800952005609
78.70437246513696,1.3327851566781561
78.7243735763098,1.3328900559422858
78.74437468748265,1.3329947929418169
78.76437579865548,1.3330993676256968
78.78437690982832,1.3332037799429513
78.80437802100117,1.3333080298426854
78.82437913217402,1.3334121172740832
78.84438024334686,1.333516042186408
78.8643813545197,1.333619804529003
78.88438246569254,1.3337234042512895
78.90438357686538,1.333826841302769
78.92438468803823,1.3339301156330217
78.94438579921108,1.3340332271917075
78.96438691038391,1.3341361759285653
78.98438802155675,1.3342389617934138
79.0043891327296,1.3343415847361508
79.02439024390245,1.3344440447067534
79.04439135507529,1.3345463416552785
79.06439246624812,1.334648475531862
79.08439357742097,1.33475044628672
79.10439468859381,1.3348522538701473
79.12439579976666,1.3349538982325186
79.1443969109395,1.3350553793242885
79.16439802211234,1.3351566970959907
79.18439913328518,1.3352578514982385
79.20440024445803,1.335358842481725
79.22440135563087,1.3354596699972232
79.24440246680372,1.3355603339955855
79.26440357797655,1.3356608344277436
79.2844046891494,1.33576117124471
79.30440580032224,1.3358613443975758
79.32440691149509,1.3359613538375128
79.34440802266793,1.3360611995157718
79.36440913384077,1.336160881383684
79.38441024501361,1.3362603993926605
79.40441135618646,1.3363597534941918
79.4244124673593,1.3364589436398486
79.44441357853215,1.3365579697812815
79.46441468970498,1.3366568318702206
79.48441580087783,1.336755529858477
79.50441691205067,1.336854063697941
79.52441802322352,1.3369524333405824
79.54441913439636,1.3370506387384526
79.5644202455692,1.3371486798436816
79.58442135674204,1.3372465566084804
79.60442246791489,1.3373442689851394
79.62442357908773,1.3374418169260298
79.64442469026058,1.3375392003836026
79.66442580143341,1.3376364193103887
79.68442691260626,1.3377334736589999
79.7044280237791,1.3378303633821276
79.72442913495195,1.3379270884325436
79.7444302461248,1.3380236487631003
79.76443135729762,1.33812004432673
79.78443246847047,1.3382162750764457
79.80443357964332,1.33831234096534
79.82443469081616,1.3384082419465868
79.84443580198901,1.3385039779734396
79.86443691316184,1.3385995489992326
79.88443802433468,1.338694954977381
79.90443913550753,1.3387901958613795
79.92444024668038,1.3388852716048036
79.94444135785322,1.3389801821613099
79.96444246902605,1.3390749274846343
79.9844435801989,1.3391695075285943
80.00444469137175,1.339263922247088
80.02444580254459,1.339358171594093
80.04444691371744,1.3394522555236685
80.06444802489027,1.3395461739899543
80.08444913606311,1.3396399269471702
80.10445024723596,1.3397335143496174
80.1244513584088,1.339826936151677
80.14445246958165,1.3399201923078121
80.16445358075448,1.3400132827725648
80.18445469192733,1.3401062075005594
80.20445580310017,1.3401989664465004
80.22445691427302,1.3402915595651732
80.24445802544587,1.3403839868114442
80.2644591366187,1.3404762481402601
80.28446024779154,1.340568343506649
80.30446135896439,1.34066027286572
80.32446247013723,1.3407520361726626
80.34446358131008,1.3408436333827476
80.36446469248291,1.3409350644513265
80.38446580365576,1.3410263293338323
80.4044669148286,1.3411174279857783
80.42446802600145,1.3412083603627596
80.4444691371743,1.3412991264204515
80.46447024834713,1.341389726114611
80.48447135951997,1.3414801594010761
80.50447247069282,1.3415704262357657
80.52447358186566,1.34166052657468
80.54447469303851,1.3417504603739001
80.56447580421134,1.3418402275895889
80.58447691538419,1.3419298281779897
80.60447802655703,1.3420192620954277
80.62447913772988,1.342108529298309
80.64448024890272,1.3421976297431208
80.66448136007556,1.342286563386432
80.6844824712484,1.3423753301848926
80.70448358242125,1.342463930095234
80.72448469359409,1.3425523630742684
80.74448580476694,1.3426406290788904
80.76448691593977,1.3427287280660751
80.78448802711262,1.34281665999288
80.80448913828546,1.3429044248164423
80.82449024945831,1.3429920224939826
80.84449136063115,1.3430794529828018
80.864492471804,1.3431667162402827
80.88449358297683,1.3432538122238895
80.90449469414968,1.343340740891168
80.92449580532252,1.3434275021997453
80.94449691649537,1.3435140961073304
80.96449802766821,1.343600522571714
80.98449913884104,1.3436867815507678
81.00450025001389,1.343772873002446
81.02450136118674,1.3438587968847837
81.04450247235958,1.3439445531558982
81.06450358353243,1.3440301417739882
81.08450469470526,1.344115562697334
81.1045058058781,1.3442008158842982
81.12450691705095,1.3442859012933246
81.1445080282238,1.344370818882939
81.16450913939664,1.3444555686117492
81.18451025056947,1.3445401504384442
81.20451136174232,1.344624564321796
81.22451247291517,1.344708810220657
81.24451358408801,1.3447928880939624
81.26451469526086,1.3448767979007294
81.28451580643369,1.3449605396000566
81.30451691760653,1.3450441131511246
81.32451802877938,1.3451275185131966
81.34451913995223,1.345210755645617
81.36452025112507,1.3452938245078123
81.3845213622979,1.3453767250592918
81.40452247347075,1.345459457259646
81.4245235846436,1.3455420210685478
81.44452469581644,1.3456244164457523
81.46452580698929,1.345706643351096
81.48452691816212,1.3457887017444985
81.50452802933496,1.345870591585961
81.52452914050781,1.345952312835567
81.54453025168065,1.346033865453482
81.5645313628535,1.346115249399954
81.58453247402633,1.3461964646353128
81.60453358519918,1.346277511119971
81.62453469637202,1.3463583888144228
81.64453580754487,1.3464390976792453
81.66453691871772,1.3465196376750974
81.68453802989055,1.3466000087627206
81.70453914106339,1.3466802109029385
81.72454025223624,1.3467602440566577
81.74454136340908,1.3468401081848662
81.76454247458193,1.346919803248635
81.78454358575476,1.3469993292091174
81.80454469692761,1.3470786860275492
81.82454580810045,1.3471578736652483
81.8445469192733,1.3472368920836155
81.86454803044614,1.347315741244134
81.88454914161898,1.347394421108369
81.90455025279182,1.3474729316379692
81.92455136396467,1.3475512727946648
81.94455247513751,1.3476294445402694
81.96455358631036,1.3477074468366785
81.98455469748319,1.3477852796458705
82.00455580865604,1.3478629429299067
82.02455691982888,1.3479404366509307
82.04455803100173,1.3480177607711685
82.06455914217457,1.3480949152529293
82.0845602533474,1.3481719000586048
82.10456136452025,1.3482487151506692
82.1245624756931,1.3483253604916798
82.14456358686594,1.3484018360442764
82.16456469803879,1.3484781417711815
82.18456580921162,1.3485542776352004
82.20456692038447,1.3486302435992215
82.22456803155731,1.3487060396262156
82.24456914273016,1.3487816656792369
82.264570253903,1.3488571217214218
82.28457136507583,1.3489324077159897
82.30457247624868,1.3490075236262433
82.32457358742153,1.3490824694155679
82.34457469859437,1.3491572450474316
82.36457580976722,1.349231850485386
82.38457692094005,1.3493062856930649
82.4045780321129,1.3493805506341858
82.42457914328574,1.3494546452725484
82.44458025445859,1.349528569572036
82.46458136563143,1.3496023234966152
82.48458247680426,1.3496759070103348
82.50458358797711,1.3497493200773272
82.52458469914995,1.349822562661808
82.5445858103228,1.3498956347280753
82.56458692149565,1.349968536240511
82.58458803266848,1.3500412671635798
82.60458914384132,1.3501138274618294
82.62459025501417,1.350186217099891
82.64459136618702,1.350258436042479
82.66459247735986,1.3503304842543906
82.68459358853269,1.3504023617005068
82.70459469970554,1.350474068345791
82.72459581087838,1.350545604155291
82.74459692205123,1.3506169690941368
82.76459803322408,1.350688163127542
82.7845991443969,1.3507591862208042
82.80460025556975,1.350830038339303
82.8246013667426,1.350900719448503
82.84460247791544,1.3509712295139507
82.86460358908829,1.3510415685012767
82.88460470026112,1.3511117363761944
82.90460581143397,1.3511817331045017
82.92460692260681,1.3512515586520788
82.94460803377966,1.35132121298489
82.9646091449525,1.3513906960689828
82.98461025612534,1.3514600078704881
83.00461136729818,1.3515291483556204
83.02461247847103,1.3515981174906782
83.04461358964387,1.3516669152420424
83.06461470081672,1.3517355415761787
83.08461581198956,1.3518039964596351
83.1046169231624,1.3518722798590443
83.12461803433524,1.351940391741122
83.14461914550809,1.3520083320726672
83.16462025668093,1.3520761008205637
83.18462136785378,1.3521436979517776
83.20462247902661,1.3522111234333591
83.22462359019946,1.352278377232443
83.2446247013723,1.352345459316246
83.26462581254515,1.35241236965207
83.284626923718,1.3524791082072998
83.30462803489083,1.3525456749494045
83.32462914606367,1.3526120698459367
83.34463025723652,1.3526782928645327
83.36463136840936,1.3527443439729123
83.38463247958221,1.3528102231388797
83.40463359075504,1.3528759303303226
83.42463470192789,1.3529414655152125
83.44463581310073,1.353006828661605
83.46463692427358,1.3530720197376391
83.48463803544642,1.353137038711538
83.50463914661925,1.3532018855516088
83.5246402577921,1.3532665602262424
83.54464136896495,1.3533310627039135
83.56464248013779,1.353395392953181
83.58464359131064,1.3534595509426877
83.60464470248347,1.3535235366411602
83.62464581365631,1.3535873500174092
83.64464692482916,1.3536509910403294
83.664648036002,1.3537144596788995
83.68464914717485,1.3537777559021822
83.70465025834768,1.3538408796793242
83.72465136952053,1.3539038309795564
83.74465248069338,1.3539666097721936
83.76465359186622,1.354029216026635
83.78465470303907,1.3540916497123634
83.8046558142119,1.3541539107989462
83.82465692538474,1.3542159992560348
83.84465803655759,1.3542779150533644
83.86465914773044,1.354339658160755
83.88466025890328,1.35440122854811
83.90466137007611,1.3544626261854176
83.92466248124896,1.35452385104275
83.9446635924218,1.3545849030902637
83.96466470359465,1.3546457822981992
83.9846658147675,1.3547064886368816
84.00466692594033,1.35476702207672
84.02466803711317,1.354827382588208
84.04466914828602,1.3548875701419232
84.06467025945886,1.3549475847085275
84.08467137063171,1.3550074262587677
84.10467248180454,1.355067094763474
84.12467359297739,1.355126590193562
84.14467470415023,1.3551859125200307
84.16467581532308,1.3552450617139642
84.18467692649592,1.3553040377465306
84.20467803766876,1.3553628405889824
84.2246791488416,1.3554214702126566
84.24468026001445,1.3554799265889748
84.2646813711873,1.3555382096894428
84.28468248236014,1.355596319485651
84.30468359353297,1.3556542559492746
84.32468470470582,1.3557120190520724
84.34468581587866,1.3557696087658884
84.36468692705151,1.3558270250626512
84.38468803822435,1.3558842679143732
84.40468914939719,1.3559413372931521
84.42469026057003,1.3559982331711702
84.44469137174288,1.3560549555206936
84.46469248291572,1.3561115043140737
84.48469359408857,1.356167879523746
84.5046947052614,1.356224081122231
84.52469581643425,1.356280109082134
84.54469692760709,1.3563359633761438
84.56469803877994,1.3563916439770354
84.58469914995278,1.3564471508576676
84.60470026112561,1.3565024839909838
84.62470137229846,1.3565576433500124
84.6447024834713,1.3566126289078666
84.66470359464415,1.356667440637744
84.684704705817,1.3567220785129268
84.70470581698983,1.3567765425067826
84.72470692816268,1.356830832592763
84.74470803933552,1.356884948744405
84.76470915050837,1.3569388909353302
84.78471026168121,1.3569926591392445
84.80471137285404,1.3570462533299394
84.82471248402689,1.3570996734812908
84.84471359519974,1.3571529195672594
84.86471470637258,1.3572059915618906
84.88471581754543,1.3572588894393152
84.90471692871826,1.3573116131737484
84.9247180398911,1.3573641627394903
84.94471915106395,1.3574165381109264
84.9647202622368,1.3574687392625266
84.98472137340964,1.3575207661688458
85.00472248458247,1.3575726188045238
85.02472359575532,1.3576242971442856
85.04472470692816,1.3576758011629408
85.06472581810101,1.3577271308353847
85.08472692927386,1.3577782861365966
85.10472804044669,1.3578292670416412
85.12472915161953,1.3578800735256686
85.14473026279238,1.3579307055639134
85.16473137396522,1.3579811631316954
85.18473248513807,1.3580314462044194
85.2047335963109,1.3580815547575753
85.22473470748375,1.3581314887667386
85.2447358186566,1.3581812482075688
85.26473692982944,1.358230833055811
85.28473804100229,1.3582802432872958
85.30473915217512,1.3583294788779385
85.32474026334796,1.3583785398037396
85.34474137452081,1.3584274260407847
85.36474248569365,1.3584761375652445
85.3847435968665,1.3585246743533754
85.40474470803935,1.3585730363815178
85.42474581921218,1.3586212236260986
85.44474693038502,1.358669236063629
85.46474804155787,1.358717073670706
85.48474915273071,1.3587647364240114
85.50475026390356,1.358812224300312
85.52475137507639,1.358859537276461
85.54475248624924,1.3589066753293952
85.56475359742208,1.3589536384361383
85.58475470859493,1.359000426573798
85.60475581976777,1.3590470397195682
85.6247569309406,1.3590934778507273
85.64475804211345,1.3591397409446395
85.6647591532863,1.3591858289787544
85.68476026445914,1.3592317419306066
85.70476137563199,1.3592774797778164
85.72476248680482,1.3593230424980889
85.74476359797767,1.3593684300692153
85.76476470915051,1.3594136424690715
85.78476582032336,1.3594586796756192
85.8047669314962,1.3595035416669052
85.82476804266904,1.3595482284210623
85.84476915384188,1.359592739916308
85.86477026501473,1.3596370761309453
85.88477137618757,1.3596812370433635
85.90477248736042,1.3597252226320362
85.92477359853325,1.359769032875523
85.9447747097061,1.3598126677524691
85.96477582087894,1.3598561272416052
85.98477693205179,1.3598994113217469
86.00477804322463,1.359942519971796
86.02477915439746,1.3599854531707396
86.04478026557031,1.36002821089765
86.06478137674316,1.3600707931316856
86.084782487916,1.3601131998520897
86.10478359908885,1.3601554310381916
86.12478471026168,1.360197486669406
86.14478582143452,1.3602393667252333
86.16478693260737,1.3602810711852595
86.18478804378022,1.360322600029156
86.20478915495306,1.3603639532366798
86.2247902661259,1.3604051307876737
86.24479137729874,1.360446132662066
86.26479248847158,1.360486958839871
86.28479359964443,1.3605276093011875
86.30479471081728,1.3605680840262016
86.32479582199011,1.3606083829951836
86.34479693316295,1.3606485061884905
86.3647980443358,1.3606884535865647
86.38479915550865,1.3607282251699335
86.40480026668149,1.3607678209192113
86.42480137785432,1.3608072408150969
86.44480248902717,1.3608464848383757
86.46480360020001,1.3608855529699182
86.48480471137286,1.3609244451906815
86.5048058225457,1.3609631614817073
86.52480693371854,1.3610017018241238
86.54480804489138,1.3610400661991453
86.56480915606423,1.3610782545880709
86.58481026723707,1.361116266972286
86.60481137840992,1.361154103333262
86.62481248958275,1.3611917636525557
86.6448136007556,1.36122924791181
86.66481471192844,1.3612665560927533
86.68481582310129,1.3613036881772
86.70481693427413,1.3613406441470508
86.72481804544697,1.3613774239842913
86.74481915661981,1.3614140276709938
86.76482026779266,1.361450455189316
86.7848213789655,1.3614867065215017
86.80482249013835,1.3615227816498803
86.82482360131118,1.3615586805568671
86.84482471248403,1.361594403224964
86.86482582365687,1.3616299496367579
86.88482693482972,1.361665319774922
86.90482804600256,1.3617005136222156
86.9248291571754,1.3617355311614834
86.94483026834824,1.361770372375657
86.96483137952109,1.3618050372477524
86.98483249069393,1.3618395257608733
87.00483360186678,1.3618738378982083
87.02483471303961,1.361907973643032
87.04483582421246,1.3619419329787052
87.0648369353853,1.3619757158886754
87.08483804655815,1.3620093223564744
87.10483915773099,1.362042752365722
87.12484026890382,1.3620760059001218
87.14484138007667,1.3621090829434657
87.16484249124952,1.36214198347963
87.18484360242236,1.362174707492578
87.20484471359521,1.3622072549663582
87.22484582476804,1.362239625885106
87.24484693594088,1.362271820233042
87.26484804711373,1.3623038379944736
87.28484915828658,1.3623356791537942
87.30485026945942,1.3623673436954826
87.32485138063225,1.3623988316041045
87.3448524918051,1.3624301428643113
87.36485360297795,1.3624612774608404
87.38485471415079,1.3624922353785158
87.40485582532364,1.3625230166022473
87.42485693649647,1.3625536211170306
87.44485804766931,1.362584048907948
87.46485915884216,1.3626142999601674
87.484860270015,1.3626443742589434
87.50486138118785,1.3626742717896165
87.52486249236068,1.3627039925376132
87.54486360353353,1.362733536488447
87.56486471470637,1.362762903627716
87.58486582587922,1.3627920939411062
87.60486693705207,1.3628211074143886
87.62486804822491,1.3628499440334207
87.64486915939774,1.362878603784147
87.66487027057059,1.3629070866525965
87.68487138174343,1.3629353926248866
87.70487249291628,1.362963521687219
87.72487360408913,1.3629914738258826
87.74487471526196,1.3630192490272521
87.7648758264348,1.3630468472777895
87.78487693760765,1.3630742685640413
87.8048780487805,1.3631015128726418
87.82487915995334,1.3631285801903108
87.84488027112617,1.3631554705038547
87.86488138229902,1.3631821838001656
87.88488249347186,1.3632087200662228
87.90488360464471,1.3632350792890913
87.92488471581756,1.3632612614559225
87.94488582699039,1.363287266553954
87.96488693816323,1.3633130945705096
87.98488804933608,1.3633387454930002
88.00488916050892,1.3633642193089222
88.02489027168177,1.3633895160058584
88.0448913828546,1.3634146355714782
88.06489249402745,1.3634395779935378
88.08489360520029,1.3634643432598783
88.10489471637314,1.3634889313584289
88.12489582754598,1.3635133422772037
88.14489693871882,1.3635375760043043
88.16489804989166,1.3635616325279178
88.18489916106451,1.3635855118363183
88.20490027223735,1.3636092139178657
88.2249013834102,1.363632738761007
88.24490249458303,1.3636560863542746
88.26490360575588,1.3636792566862888
88.28490471692872,1.3637022497457547
88.30490582810157,1.3637250655214648
88.32490693927441,1.3637477040022976
88.34490805044724,1.3637701651772183
88.36490916162009,1.363792449035278
88.38491027279294,1.3638145555656154
88.40491138396578,1.3638364847574538
88.42491249513863,1.3638582366001049
88.44491360631146,1.3638798110829655
88.4649147174843,1.3639012081955195
88.48491582865715,1.3639224279273368
88.50491693983,1.3639434702680742
88.52491805100284,1.3639643352074746
88.54491916217567,1.3639850227353678
88.56492027334852,1.3640055328416696
88.58492138452137,1.3640258655163828
88.60492249569421,1.364046020749596
88.62492360686706,1.364065998531485
88.64492471803989,1.3640857988523116
88.66492582921273,1.3641054217024244
88.68492694038558,1.3641248670722583
88.70492805155843,1.364144134952335
88.72492916273127,1.3641632253332625
88.7449302739041,1.3641821382057353
88.76493138507695,1.3642008735605342
88.7849324962498,1.3642194313885272
88.80493360742264,1.3642378116806684
88.82493471859549,1.364256014427998
88.84493582976832,1.3642740396216437
88.86493694094116,1.3642918872528194
88.88493805211401,1.3643095573128248
88.90493916328685,1.3643270497930473
88.9249402744597,1.36434436468496
88.94494138563253,1.3643615019801232
88.96494249680538,1.364378461670183
88.98494360797822,1.3643952437468732
89.00494471915107,1.364411848202013
89.02494583032392,1.3644282750275087
89.04494694149675,1.3644445242153533
89.06494805266959,1.3644605957576266
89.08494916384244,1.364476489646494
89.10495027501528,1.3644922058742086
89.12495138618813,1.3645077444331095
89.14495249736096,1.3645231053156226
89.1649536085338,1.3645382885142603
89.18495471970665,1.3645532940216218
89.2049558308795,1.3645681218303927
89.22495694205234,1.3645827719333452
89.24495805322518,1.3645972443233383
89.26495916439802,1.3646115389933176
89.28496027557087,1.3646256559363152
89.30496138674371,1.3646395951454502
89.32496249791656,1.3646533566139278
89.34496360908939,1.3646669403350398
89.36496472026224,1.3646803463021655
89.38496583143508,1.3646935745087698
89.40496694260793,1.364706624948405
89.42496805378077,1.3647194976147095
89.4449691649536,1.3647321925014089
89.46497027612645,1.364744709602315
89.4849713872993,1.3647570489113265
89.50497249847214,1.364769210422429
89.52497360964499,1.364781194129694
89.54497472081782,1.36479300002728
89.56497583199067,1.364804628109433
89.58497694316351,1.3648160783704846
89.60497805433636,1.3648273508048532
89.6249791655092,1.3648384454070446
89.64498027668203,1.3648493621716504
89.66498138785488,1.3648601010933499
89.68498249902773,1.364870662166908
89.70498361020057,1.3648810453871767
89.72498472137342,1.3648912507490953
89.74498583254625,1.364901278247689
89.7649869437191,1.36491112787807
89.78498805489194,1.3649207996354369
89.80498916606479,1.3649302935150756
89.82499027723763,1.3649396095123585
89.84499138841046,1.3649487476227442
89.86499249958331,1.3649577078417785
89.88499361075615,1.3649664901650942
89.904994721929,1.36497509458841
89.92499583310185,1.3649835211075318
89.94499694427469,1.3649917697183525
89.96499805544752,1.3649998404168509
89.98499916662037,1.3650077331990933
90.00500027779321,1.3650154480612322
90.02500138896606,1.3650229849995075
90.0450025001389,1.3650303440102447
90.06500361131174,1.3650375250898574
90.08500472248458,1.365044528234845
90.10500583365743,1.3650513534417934
90.12500694483028,1.3650580007073765
90.14500805600312,1.3650644700283536
90.16500916717595,1.3650707614015714
90.1850102783488,1.3650768748239634
90.20501138952164,1.3650828102925494
90.22501250069449,1.3650885678044364
90.24501361186734,1.3650941473568179
90.26501472304017,1.365099548946974
90.28501583421301,1.365104772572272
90.30501694538586,1.3651098182301655
90.3250180565587,1.3651146859181953
90.34501916773155,1.3651193756339883
90.36502027890438,1.365123887375259
90.38502139007723,1.3651282211398077
90.40502250125007,1.3651323769255221
90.42502361242292,1.3651363547303768
90.44502472359576,1.3651401545524324
90.4650258347686,1.365143776389837
90.48502694594144,1.3651472202408252
90.50502805711429,1.3651504861037183
90.52502916828713,1.365153573976924
90.54503027945998,1.3651564838589376
90.56503139063281,1.3651592157483405
90.58503250180566,1.365161769643801
90.6050336129785,1.3651641455440744
90.62503472415135,1.3651663434480024
90.6450358353242,1.365168363354514
90.66503694649703,1.3651702052626242
90.68503805766987,1.3651718691714354
90.70503916884272,1.3651733550801364
90.72504028001556,1.365174662988003
90.74504139118841,1.3651757928943977
90.76504250236124,1.3651767447987697
90.78504361353409,1.365177518700655
90.80504472470693,1.3651781145996762
90.82504583587978,1.3651785324955432
90.84504694705262,1.3651787723880522
90.86504805822545,1.3651788342770859
90.8850491693983,1.3651787181626145
90.90505028057115,1.3651784240446947
90.92505139174399,1.3651779519234695
90.94505250291684,1.365177301799169
90.96505361408967,1.3651764736721104
90.98505472526251,1.3651754675426975
91.00505583643536,1.3651742834114202
91.0250569476082,1.3651729212788561
91.04505805878105,1.365171381145669
91.06505916995388,1.3651696630126098
91.08506028112673,1.3651677668805158
91.10506139229958,1.365165692750311
91.12506250347242,1.3651634406230073
91.14506361464527,1.3651610104997016
91.1650647258181,1.3651584023815786
91.18506583699094,1.36515561626991
91.20506694816379,1.3651526521660535
91.22506805933664,1.3651495100714541
91.24506917050948,1.3651461899876436
91.26507028168231,1.3651426919162397
91.28507139285516,1.365139015858948
91.305072504028,1.3651351618175604
91.32507361520085,1.3651311297939555
91.3450747263737,1.3651269197900984
91.36507583754653,1.3651225318080413
91.38507694871937,1.3651179658499233
91.40507805989222,1.3651132219179698
91.42507917106506,1.3651083000144935
91.44508028223791,1.3651032001418932
91.46508139341074,1.3650979223026551
91.48508250458359,1.3650924664993518
91.50508361575643,1.3650868327346424
91.52508472692928,1.3650810210112732
91.54508583810212,1.3650750313320772
91.56508694927496,1.3650688636999737
91.5850880604478,1.3650625181179696
91.60508917162065,1.3650559945891574
91.6250902827935,1.3650492931167175
91.64509139396634,1.3650424137039159
91.66509250513917,1.3650353563541064
91.68509361631202,1.365028121070729
91.70509472748486,1.36502070785731
91.72509583865771,1.3650131167174635
91.74509694983055,1.3650053476548893
91.76509806100339,1.3649974006733747
91.78509917217623,1.3649892757767932
91.80510028334908,1.3649809729691054
91.82510139452192,1.3649724922543582
91.84510250569477,1.3649638336366856
91.8651036168676,1.364954997120308
91.88510472804045,1.3649459827095332
91.90510583921329,1.3649367904087546
91.92510695038614,1.364927420222453
91.94510806155898,1.3649178721551962
91.96510917273181,1.3649081462116381
91.98511028390466,1.3648982423965195
92.0051113950775,1.364888160714668
92.02511250625035,1.3648779011709977
92.0451136174232,1.3648674637705096
92.06511472859603,1.3648568485182915
92.08511583976887,1.3648460554195176
92.10511695094172,1.3648350844794488
92.12511806211457,1.3648239357034329
92.14511917328741,1.3648126090969044
92.16512028446024,1.364801104665384
92.18512139563309,1.3647894224144799
92.20512250680594,1.3647775623498861
92.22512361797878,1.364765524477384
92.24512472915163,1.3647533088028414
92.26512584032447,1.3647409153322123
92.2851269514973,1.3647283440715383
92.30512806267015,1.364715595026947
92.325129173843,1.3647026682046526
92.34513028501584,1.3646895636109564
92.36513139618869,1.3646762812522462
92.38513250736152,1.364662821134996
92.40513361853436,1.3646491832657672
92.42513472970721,1.3646353676512073
92.44513584088006,1.3646213742980509
92.4651369520529,1.3646072032131185
92.48513806322573,1.364592854403318
92.50513917439858,1.3645783278756434
92.52514028557142,1.3645636236371756
92.54514139674427,1.3645487416950823
92.56514250791712,1.3645336820566172
92.58514361908995,1.3645184447291214
92.6051447302628,1.3645030297200218
92.62514584143564,1.3644874370368327
92.64514695260848,1.3644716666871544
92.66514806378133,1.364455718678674
92.68514917495416,1.3644395930191655
92.70515028612701,1.364423289716489
92.72515139729985,1.3644068087785914
92.7451525084727,1.3643901502135063
92.76515361964555,1.3643733140293537
92.78515473081838,1.3643563002343402
92.80515584199122,1.3643391088367594
92.82515695316407,1.3643217398449905
92.84515806433691,1.3643041932675006
92.86515917550976,1.364286469112842
92.88516028668259,1.3642685673896546
92.90516139785544,1.3642504881066644
92.92516250902828,1.3642322312726838
92.94516362020113,1.3642137968966122
92.96516473137397,1.364195184987435
92.9851658425468,1.3641763955542245
93.00516695371965,1.36415742860614
93.0251680648925,1.3641382841524259
93.04516917606534,1.3641189622024146
93.06517028723819,1.364099462765524
93.08517139841102,1.3640797858512597
93.10517250958387,1.3640599314692123
93.12517362075671,1.36403989962906
93.14517473192956,1.364019690340567
93.1651758431024,1.3639993036135842
93.18517695427524,1.3639787394580494
93.20517806544808,1.3639579978839855
93.22517917662093,1.3639370789015037
93.24518028779377,1.3639159825208003
93.26518139896662,1.3638947087521587
93.28518251013945,1.3638732576059487
93.3051836213123,1.3638516290926264
93.32518473248514,1.3638298232227344
93.34518584365799,1.3638078400069018
93.36518695483083,1.3637856794558443
93.38518806600366,1.3637633415803638
93.40518917717651,1.3637408263913486
93.42519028834936,1.363718133899774
93.4451913995222,1.3636952641167004
93.46519251069505,1.3636722170532765
93.48519362186788,1.3636489927207356
93.50519473304072,1.3636255911303987
93.52519584421357,1.3636020122936725
93.54519695538642,1.3635782562220502
93.56519806655926,1.3635543229271119
93.5851991777321,1.3635302124205235
93.60520028890494,1.3635059247140373
93.62520140007778,1.3634814598194924
93.64520251125063,1.363456817748814
93.66520362242348,1.3634319985140135
93.68520473359631,1.3634070021271891
93.70520584476915,1.3633818286005246
93.725206955942,1.3633564779462912
93.74520806711485,1.3633309501768456
93.76520917828769,1.363305245304631
93.78521028946052,1.3632793633421774
93.80521140063337,1.3632533043021005
93.82521251180621,1.3632270681971024
93.84521362297906,1.363200655039972
93.8652147341519,1.3631740648435842
93.88521584532474,1.3631472976208998
93.90521695649758,1.3631203533849665
93.92521806767043,1.3630932321489182
93.94521917884327,1.3630659339259747
93.96522029001612,1.3630384587294426
93.98522140118895,1.363010806572714
94.0052225123618,1.362982977469268
94.02522362353464,1.3629549714326699
94.04522473470749,1.3629267884765706
94.06522584588033,1.362898428614708
94.08522695705317,1.3628698918609055
94.10522806822601,1.3628411782290735
94.12522917939886,1.3628122877332078
94.1452302905717,1.3627832203873913
94.16523140174455,1.3627539762057925
94.18523251291738,1.362724555202666
94.20523362409023,1.3626949573923532
94.22523473526307,1.3626651827892813
94.24523584643592,1.3626352314079633
94.26523695760876,1.3626051032629989
94.2852380687816,1.3625747983690741
94.30523917995444,1.3625443167409605
94.32524029112729,1.3625136583935162
94.34524140230013,1.3624828233416855
94.36524251347298,1.3624518116004984
94.38524362464581,1.3624206231850717
94.40524473581866,1.3623892581106078
94.4252458469915,1.3623577163923952
94.44524695816435,1.362325998045809
94.46524806933719,1.3622941030863094
94.48524918051004,1.362262031529444
94.50525029168287,1.3622297833908457
94.52525140285572,1.3621973586862333
94.54525251402856,1.3621647574314122
94.56525362520141,1.3621319796422737
94.58525473637425,1.3620990253347949
94.60525584754708,1.3620658945250392
94.62525695871993,1.3620325872291557
94.64525806989278,1.36199910346338
94.66525918106562,1.3619654432440338
94.68526029223847,1.361931606587524
94.7052614034113,1.3618975935103441
94.72526251458414,1.3618634040290738
94.74526362575699,1.3618290381603781
94.76526473692984,1.3617944959210084
94.78526584810268,1.3617597773278025
94.80526695927551,1.3617248823976833
94.82526807044836,1.3616898111476603
94.8452691816212,1.3616545635948283
94.86527029279405,1.3616191397563688
94.8852714039669,1.3615835396495486
94.90527251513973,1.361547763291721
94.92527362631257,1.3615118107003248
94.94527473748542,1.3614756818928846
94.96527584865827,1.3614393768870112
94.98527695983111,1.3614028957004014
95.00527807100394,1.3613662383508376
95.02527918217679,1.3613294048561877
95.04528029334963,1.3612923952344063
95.06528140452248,1.3612552095035335
95.08528251569533,1.361217847681695
95.10528362686816,1.3611803097871025
95.125284738041,1.3611425958380536
95.14528584921385,1.3611047058529318
95.1652869603867,1.361066639850206
95.18528807155954,1.3610283978484314
95.20528918273237,1.3609899798662486
95.22529029390522,1.3609513859223843
95.24529140507806,1.3609126160356508
95.26529251625091,1.360873670224946
95.28529362742375,1.3608345485092537
95.30529473859659,1.3607952509076437
95.32529584976943,1.3607557774392713
95.34529696094228,1.3607161281233773
95.36529807211512,1.3606763029792885
95.38529918328797,1.3606363020264176
95.4053002944608,1.3605961252842624
95.42530140563365,1.360555772772407
95.44530251680649,1.3605152445105206
95.46530362797934,1.3604745405183587
95.48530473915218,1.3604336608157621
95.50530585032502,1.360392605422657
95.52530696149786,1.3603513743590558
95.54530807267071,1.360309967645056
95.56530918384355,1.3602683853008415
95.5853102950164,1.3602266273466808
95.60531140618923,1.3601846938029283
95.62531251736208,1.3601425846900248
95.64531362853492,1.3601003000284957
95.66531473970777,1.360057839838952
95.68531585088061,1.3600152041420914
95.70531696205344,1.3599723929586955
95.72531807322629,1.3599294063096328
95.74531918439914,1.3598862442158566
95.76532029557198,1.3598429066984061
95.78532140674483,1.3597993937784052
95.80532251791766,1.3597557054770648
95.8253236290905,1.35971184181568
95.84532474026335,1.3596678028156317
95.8653258514362,1.3596235884983865
95.88532696260904,1.3595791988854962
95.90532807378187,1.359534633998598
95.92532918495472,1.3594898938594153
95.94533029612757,1.3594449784897558
95.96533140730041,1.3593998879115134
95.98533251847326,1.3593546221466668
96.00533362964609,1.3593091812172808
96.02533474081893,1.3592635651455052
96.04533585199178,1.3592177739535751
96.06533696316463,1.3591718076638108
96.08533807433747,1.3591256662986186
96.1053391855103,1.3590793498804894
96.12534029668315,1.3590328584320002
96.145341407856,1.3589861919758124
96.16534251902884,1.3589393505346734
96.18534363020169,1.3588923341314159
96.20534474137452,1.3588451427889572
96.22534585254736,1.358797776530301
96.24534696372021,1.358750235378535
96.26534807489305,1.3587025193568327
96.2853491860659,1.3586546284884535
96.30535029723873,1.358606562796741
96.32535140841158,1.3585583223051245
96.34535251958442,1.3585099070371185
96.36535363075727,1.3584613170163227
96.38535474193012,1.3584125522664217
96.40535585310295,1.3583636128111856
96.42535696427579,1.3583144986744695
96.44535807544864,1.358265209880214
96.46535918662148,1.3582157464524438
96.48536029779433,1.3581661084152703
96.50536140896716,1.3581162957928887
96.52536252014,1.3580663086095799
96.54536363131285,1.3580161468897098
96.5653647424857,1.357965810657729
96.58536585365854,1.3579152999381738
96.60536696483138,1.3578646147556652
96.62536807600422,1.3578137551349094
96.64536918717707,1.3577627211006973
96.66537029834991,1.3577115126779051
96.68537140952276,1.3576601298914939
96.70537252069559,1.3576085727665101
96.72537363186844,1.3575568413280843
96.74537474304128,1.357504935601433
96.76537585421413,1.357452855611857
96.78537696538697,1.3574006013847426
96.80537807655982,1.3573481729455603
96.82537918773265,1.3572955703198661
96.8453802989055,1.3572427935333007
96.86538141007834,1.3571898426115898
96.88538252125119,1.357136717580544
96.90538363242403,1.3570834184660585
96.92538474359687,1.3570299452941135
96.94538585476971,1.356976298090774
96.96538696594256,1.3569224768821901
96.9853880771154,1.3568684816945966
97.00538918828825,1.3568143125543126
97.02539029946108,1.356759969487743
97.04539141063393,1.3567054525213764
97.06539252180677,1.3566507616817867
97.08539363297962,1.3565958969956329
97.10539474415246,1.356540858489658
97.1253958553253,1.3564856461906902
97.14539696649814,1.3564302601256424
97.16539807767099,1.3563747003215116
97.18539918884383,1.3563189668053808
97.20540030001668,1.3562630596044163
97.22540141118951,1.3562069787458695
97.24540252236235,1.356150724257077
97.2654036335352,1.3560942961654594
97.28540474470805,1.356037694498522
97.30540585588089,1.355980919283855
97.32540696705372,1.355923970549133
97.34540807822657,1.355866848322115
97.36540918939941,1.3558095526306453
97.38541030057226,1.3557520835026518
97.4054114117451,1.355694440966147
97.42541252291794,1.3556366250492293
97.44541363409078,1.3555786357800799
97.46541474526363,1.3555204731869652
97.48541585643648,1.3554621372982365
97.50541696760932,1.3554036281423287
97.52541807878215,1.355344945747762
97.545419189955,1.3552860901431403
97.56542030112784,1.3552270613571524
97.58542141230069,1.3551678594185719
97.60542252347354,1.3551084843562555
97.62542363464637,1.3550489361991458
97.64542474581921,1.3549892149762688
97.66542585699206,1.354929320716735
97.6854269681649,1.3548692534497395
97.70542807933775,1.3548090132045614
97.72542919051058,1.3547486000105649
97.74543030168343,1.3546880138971975
97.76543141285627,1.3546272548939913
97.78543252402912,1.354566323030563
97.80543363520196,1.3545052183366133
97.8254347463748,1.3544439408419273
97.84543585754764,1.3543824905763742
97.86543696872049,1.3543208675699072
97.88543807989333,1.3542590718525642
97.90543919106618,1.354197103454467
97.92544030223901,1.3541349624058214
97.94544141341186,1.354072648736918
97.9654425245847,1.3540101624781307
97.98544363575755,1.353947503659918
98.0054447469304,1.3538846723128222
98.02544585810323,1.3538216684674707
98.04544696927607,1.3537584921545733
98.06544808044892,1.3536951434049254
98.08544919162176,1.3536316222494058
98.10545030279461,1.353567928718977
98.12545141396744,1.3535040628446864
98.14545252514029,1.3534400246576646
98.16545363631313,1.3533758141891266
98.18545474748598,1.353311431470371
98.20545585865882,1.353246876532781
98.22545696983165,1.3531821494078233
98.2454580810045,1.3531172501270485
98.26545919217735,1.3530521787220915
98.28546030335019,1.3529869352246706
98.30546141452304,1.3529215196665882
98.32546252569587,1.3528559320797309
98.34546363686871,1.3527901724960683
98.36546474804156,1.352724240947655
98.3854658592144,1.3526581374666282
98.40546697038725,1.35259186208521
98.42546808156008,1.3525254148357058
98.44546919273293,1.3524587957505045
98.46547030390578,1.352392004862079
98.48547141507862,1.3523250422029862
98.50547252625147,1.3522579078058665
98.5254736374243,1.352190601703444
98.54547474859714,1.3521231239285265
98.56547585976999,1.3520554745140054
98.58547697094284,1.351987653492856
98.60547808211568,1.3519196608981372
98.62547919328851,1.3518514967629913
98.64548030446136,1.3517831611206443
98.6654814156342,1.351714654004406
98.68548252680705,1.3516459754476695
98.7054836379799,1.351577125483912
98.72548474915273,1.3515081041466932
98.74548586032557,1.3514389114696577
98.76548697149842,1.3513695474865324
98.78548808267126,1.3513000122311285
98.80548919384411,1.3512303057373403
98.82549030501694,1.3511604280391456
98.84549141618979,1.351090379170606
98.86549252736263,1.351020159165866
98.88549363853548,1.3509497680591538
98.90549474970832,1.3508792058847812
98.92549586088116,1.350808472677143
98.945496972054,1.3507375684707175
98.96549808322685,1.3506664933000663
98.9854991943997,1.3505952471998346
99.00550030557254,1.3505238302047509
99.02550141674539,1.3504522423496264
99.04550252791822,1.3503804836693565
99.06550363909106,1.350308554198919
99.08550475026391,1.3502364539733755
99.10550586143675,1.350164183027871
99.1255069726096,1.3500917413976328
99.14550808378243,1.3500191291179724
99.16550919495528,1.349946346224284
99.18551030612812,1.3498733927520448
99.20551141730097,1.3498002687368158
99.22551252847381,1.3497269742142404
99.24551363964665,1.3496535092200457
99.26551475081949,1.349579873790041
99.28551586199234,1.3495060679601203
99.30551697316518,1.3494320917662588
99.32551808433803,1.349357945244516
99.34551919551086,1.349283628431034
99.3655203066837,1.349209141362038
99.38552141785655,1.349134484073836
99.4055225290294,1.3490596566028188
99.42552364020224,1.348984658985461
99.44552475137507,1.3489094912583195
99.46552586254792,1.348834153458034
99.48552697372077,1.3487586456213272
99.50552808489361,1.3486829677850052
99.52552919606646,1.3486071199859562
99.54553030723929,1.3485311022611517
99.56553141841214,1.3484549146476459
99.58553252958498,1.3483785571825762
99.60553364075783,1.3483020299031618
99.62553475193067,1.348225332846706
99.6455358631035,1.3481484660505936
99.66553697427635,1.3480714295522929
99.6855380854492,1.347994223389355
99.70553919662204,1.3479168475994128
99.72554030779489,1.347839302220183
99.74554141896772,1.3477615872894646
99.76554253014056,1.3476837028451387
99.78554364131341,1.3476056489251698
99.80554475248626,1.3475274255676042
99.8255458636591,1.3474490328105717
99.84554697483193,1.3473704706922842
99.86554808600478,1.347291739251036
99.88554919717762,1.3472128385252042
99.90555030835047,1.347133768553248
99.92555141952332,1.3470545293737102
99.94555253069615,1.3469751210252143
99.965553641869,1.3468955435464682
99.98555475304184,1.3468157969762606
100.00555586421468,1.3467358813534638
100.02555697538753,1.3466557967170318
100.04555808656036,1.3465755431060014
100.06555919773321,1.3464951205594913
100.08556030890605,1.346414529116703
100.1055614200789,1.34633376881692
100.12556253125175,1.3462528396995084
100.14556364242458,1.3461717418039167
100.16556475359742,1.346090475169675
100.18556586477027,1.3460090398363964
100.20556697594311,1.3459274358437756
100.22556808711596,1.34584566323159
100.24556919828879,1.345763722039699
100.26557030946164,1.3456816123080442
100.28557142063448,1.345599334076649
100.30557253180733,1.3455168873856196
100.32557364298017,1.3454342722751442
100.345574754153,1.3453514887854925
100.36557586532585,1.3452685369570165
100.3855769764987,1.345185416830151
100.40557808767154,1.3451021284454117
100.42557919884439,1.345018671843397
100.44558031001722,1.3449350470647874
100.46558142119007,1.3448512541503448
100.48558253236291,1.3447672931409136
100.50558364353576,1.3446831640774197
100.5255847547086,1.3445988670008715
100.54558586588143,1.3445144019523587
100.56558697705428,1.344429768973053
100.58558808822713,1.3443449681042083
100.60558919939997,1.34425999938716
100.62559031057282,1.3441748628633254
100.64559142174565,1.3440895585742036
100.6655925329185,1.3440040865613758
100.68559364409134,1.3439184468665042
100.70559475526419,1.3438326395313334
100.72559586643703,1.3437466645976894
100.74559697760986,1.3436605221074802
100.76559808878271,1.3435742121026952
100.78559919995556,1.3434877346254053
100.8056003111284,1.3434010897177635
100.82560142230125,1.3433142774220042
100.84560253347408,1.3432272977804431
100.86560364464692,1.343140150835478
100.88560475581977,1.343052836629588
100.90560586699262,1.3429653552053331
100.92560697816546,1.3428777066053563
100.9456080893383,1.3427898908723808
100.96560920051114,1.3427019080492115
100.98561031168398,1.3426137581787352
101.00561142285683,1.3425254413039198
101.02561253402968,1.3424369574678146
101.04561364520251,1.3423483067135504
101.06561475637535,1.3422594890843391
101.0856158675482,1.3421705046234744
101.10561697872105,1.342081353374331
101.12561808989389,1.3419920353803647
101.14561920106672,1.3419025506851132
101.16562031223957,1.3418128993321952
101.18562142341241,1.34172308136531
101.20562253458526,1.341633096828239
101.2256236457581,1.3415429457648447
101.24562475693094,1.34145262821907
101.26562586810378,1.3413621442349397
101.28562697927663,1.3412714938565595
101.30562809044947,1.341180677128116
101.32562920162232,1.3410896940938775
101.34563031279517,1.3409985447981927
101.365631423968,1.3409072292854916
101.38563253514084,1.340815747600285
101.40563364631369,1.3407240997871654
101.42563475748653,1.3406322858908055
101.44563586865938,1.3405403059559593
101.46563697983221,1.3404481600274618
101.48563809100506,1.3403558481502285
101.5056392021779,1.3402633703692564
101.52564031335075,1.3401707267296228
101.5456414245236,1.3400779172764863
101.56564253569643,1.339984942055086
101.58564364686927,1.339891801110742
101.60564475804212,1.339798494488855
101.62564586921496,1.3397050222349067
101.64564698038781,1.3396113843944595
101.66564809156064,1.339517581013156
101.68564920273349,1.3394236121367205
101.70565031390633,1.3393294778109568
101.72565142507918,1.3392351780817504
101.74565253625202,1.3391407129950665
101.76565364742486,1.3390460825969517
101.7856547585977,1.3389512869335327
101.80565586977055,1.3388563260510171
101.82565698094339,1.3387611999956923
101.84565809211624,1.3386659088139274
101.86565920328907,1.3385704525521709
101.88566031446192,1.3384748312569523
101.90566142563476,1.3383790449748811
101.92566253680761,1.3382830937526482
101.94566364798045,1.3381869776370239
101.96566475915328,1.3380906966748594
101.98566587032613,1.3379942509130855
102.00566698149898,1.3378976403987148
102.02566809267182,1.3378008651788387
102.04566920384467,1.3377039253006298
102.0656703150175,1.3376068208113405
102.08567142619034,1.3375095517583038
102.10567253736319,1.3374121181889325
102.12567364853604,1.33731452015072
102.14567475970888,1.3372167576912393
102.16567587088171,1.3371188308581445
102.18567698205456,1.337020739699169
102.2056780932274,1.3369224842621263
102.22567920440025,1.3368240645949108
102.2456803155731,1.3367254807454958
102.26568142674593,1.3366267327619354
102.28568253791877,1.3365278206923639
102.30568364909162,1.3364287445849945
102.32568476026447,1.3363295044881216
102.34568587143731,1.336230100450119
102.36568698261014,1.33613053251944
102.38568809378299,1.3360308007446182
102.40568920495583,1.3359309051742676
102.42569031612868,1.335830845857081
102.44569142730153,1.3357306228418317
102.46569253847436,1.3356302361773726
102.4856936496472,1.3355296859126364
102.50569476082005,1.3354289720966355
102.5256958719929,1.335328094778462
102.54569698316574,1.3352270540072877
102.56569809433857,1.3351258498323644
102.58569920551142,1.335024482303023
102.60570031668426,1.3349229514686742
102.62570142785711,1.3348212573788087
102.64570253902995,1.3347194000829963
102.66570365020279,1.3346173796308864
102.68570476137563,1.3345151960722084
102.70570587254848,1.3344128494567706
102.72570698372132,1.334310339834461
102.74570809489417,1.3342076672552472
102.765709206067,1.3341048317691762
102.78571031723985,1.3340018334263744
102.80571142841269,1.3338986722770472
102.82571253958554,1.3337953483714797
102.84571365075838,1.3336918617600366
102.86571476193122,1.3335882124931617
102.88571587310406,1.3334844006213775
102.9057169842769,1.3333804261952866
102.92571809544975,1.3332762892655707
102.9457192066226,1.33317198988299
102.96572031779543,1.3330675280983848
102.98572142896828,1.3329629039626743
103.00572254014112,1.3328581175268561
103.02572365131397,1.3327531688420078
103.04572476248681,1.332648057959286
103.06572587365964,1.332542784929926
103.08572698483249,1.3324373498052424
103.10572809600534,1.3323317526366285
103.12572920717818,1.3322259934755571
103.14573031835103,1.3321200723735793
103.16573142952386,1.3320139893823257
103.1857325406967,1.3319077445535057
103.20573365186955,1.331801337938907
103.2257347630424,1.3316947695903973
103.24573587421524,1.3315880395599224
103.26573698538807,1.3314811478995066
103.28573809656092,1.3313740946612536
103.30573920773377,1.3312668798973455
103.32574031890661,1.3311595036600437
103.34574143007946,1.3310519660016873
103.36574254125229,1.3309442669746954
103.38574365242513,1.3308364066315643
103.40574476359798,1.3307283850248701
103.42574587477083,1.3306202022072668
103.44574698594367,1.3305118582314877
103.4657480971165,1.3304033531503436
103.48574920828935,1.330294687016725
103.5057503194622,1.3301858598835996
103.52575143063504,1.3300768718040152
103.54575254180789,1.3299677228310967
103.56575365298073,1.329858413018048
103.58575476415356,1.3297489424181512
103.60575587532641,1.3296393110847669
103.62575698649925,1.3295295190713339
103.6457580976721,1.32941956643137
103.66575920884495,1.3293094532184697
103.68576032001778,1.3291991794863078
103.70576143119062,1.3290887452886362
103.72576254236347,1.3289781506792846
103.74576365353632,1.3288673957121617
103.76576476470916,1.3287564804412544
103.78576587588199,1.3286454049206273
103.80576698705484,1.3285341692044232
103.82576809822768,1.3284227733468632
103.84576920940053,1.3283112174022462
103.86577032057338,1.3281995014249492
103.8857714317462,1.3280876254694274
103.90577254291905,1.327975589590214
103.9257736540919,1.3278633938419195
103.94577476526474,1.3277510382792332
103.96577587643759,1.3276385229569219
103.98577698761042,1.3275258479298302
104.00577809878327,1.3274130132528805
104.02577920995611,1.3273000189810735
104.04578032112896,1.3271868651694874
104.0657814323018,1.3270735518732775
104.08578254347464,1.326960079147678
104.10578365464748,1.3268464470480004
104.12578476582033,1.326732655629633
104.14578587699317,1.3266187049480433
104.16578698816602,1.3265045950587755
104.18578809933885,1.3263903260174512
104.2057892105117,1.3262758978797704
104.22579032168454,1.3261613107015098
104.24579143285739,1.326046564538524
104.26579254403023,1.3259316594467454
104.28579365520307,1.3258165954821832
104.30579476637591,1.3257013727009248
104.32579587754876,1.3255859911591346
104.3457969887216,1.325470450913054
104.36579809989445,1.3253547520190023
104.38579921106728,1.3252388945333764
104.40580032224013,1.3251228785126499
104.42580143341297,1.3250067040133735
104.44580254458582,1.324890371092176
104.46580365575866,1.3247738798057629
104.4858047669315,1.3246572302109167
104.50580587810434,1.3245404223644974
104.52580698927719,1.3244234563234423
104.54580810045003,1.3243063321447652
104.56580921162288,1.3241890498855575
104.58581032279571,1.3240716096029879
104.60581143396855,1.323954011354301
104.6258125451414,1.3238362551968195
104.64581365631425,1.3237183411879425
104.66581476748709,1.3236002693851467
104.68581587865992,1.323482039845985
104.70581698983277,1.3233636526280872
104.72581810100561,1.3232451077891605
104.74581921217846,1.3231264053869884
104.7658203233513,1.323007545479432
104.78582143452414,1.3228885281244278
104.80582254569698,1.3227693533799902
104.82582365686983,1.3226500213042103
104.84582476804268,1.3225305319552554
104.86582587921552,1.3224108853913692
104.88582699038835,1.322291081670873
104.9058281015612,1.3221711208521638
104.92582921273404,1.322051002993716
104.94583032390689,1.3219307281540795
104.96583143507974,1.3218102963918816
104.98583254625257,1.321689707765826
105.00583365742541,1.3215689623346922
105.02583476859826,1.321448060157337
105.0458358797711,1.3213270012926932
105.06583699094395,1.3212057857997697
105.08583810211678,1.3210844137376523
105.10583921328963,1.3209628851655024
105.12584032446247,1.3208412001425587
105.14584143563532,1.3207193587281352
105.16584254680816,1.3205973609816226
105.185843657981,1.320475206962488
105.20584476915384,1.320352896730274
105.22584588032669,1.3202304303446
105.24584699149953,1.3201078078651611
105.26584810267238,1.3199850293517288
105.28584921384521,1.3198620948641504
105.30585032501806,1.3197390044623494
105.3258514361909,1.3196157582063253
105.34585254736375,1.3194923561561531
105.3658536585366,1.3193687983719848
105.38585476970943,1.3192450849140471
105.40585588088227,1.3191212158426433
105.42585699205512,1.3189971912181526
105.44585810322796,1.3188730111010296
105.46585921440081,1.318748675551805
105.48586032557364,1.3186241846310849
105.50586143674649,1.3184995383995517
105.52586254791933,1.3183747369179633
105.54586365909218,1.318249780247153
105.56586477026502,1.31812466844803
105.58586588143785,1.3179994015815786
105.6058669926107,1.3178739797088599
105.62586810378355,1.3177484028910091
105.64586921495639,1.3176226711892383
105.66587032612924,1.3174967846648338
105.68587143730207,1.3173707433791584
105.70587254847491,1.3172445473936496
105.72587365964776,1.317118196769821
105.7458747708206,1.3169916915692608
105.76587588199345,1.316865031853633
105.78587699316628,1.3167382176846774
105.80587810433913,1.3166112491242077
105.82587921551197,1.3164841262341143
105.84588032668482,1.3163568490763622
105.86588143785767,1.3162294177129914
105.88588254903051,1.3161018322061175
105.90588366020334,1.315974092617931
105.92588477137619,1.3158461990106973
105.94588588254904,1.3157181514467575
105.96588699372188,1.315589949988527
105.98588810489473,1.315461594698497
106.00588921606756,1.3153330856392331
106.0258903272404,1.3152044228733757
106.04589143841325,1.3150756064636409
106.0658925495861,1.3149466364728186
106.08589366075894,1.3148175129637747
106.10589477193177,1.3146882359994496
106.12589588310462,1.3145588056428579
106.14589699427746,1.3144292219570894
106.16589810545031,1.314299485005309
106.18589921662316,1.3141695948507555
106.20590032779599,1.3140395515567431
106.22590143896883,1.3139093551866603
106.24590255014168,1.3137790058039702
106.26590366131452,1.3136485034722107
106.28590477248737,1.313517848254994
106.3059058836602,1.313387040216007
106.32590699483305,1.3132560794190113
106.3459081060059,1.3131249659278421
106.36590921717874,1.31299369980641
106.38591032835159,1.3128622811186996
106.40591143952442,1.31273070992877
106.42591255069726,1.3125989863007541
106.44591366187011,1.3124671102988599
106.46591477304295,1.3123350819873694
106.4859158842158,1.3122029014306382
106.50591699538863,1.3120705686930973
106.52591810656148,1.3119380838392511
106.54591921773432,1.3118054469336777
106.56592032890717,1.3116726580410307
106.58592144008001,1.3115397172260364
106.60592255125285,1.311406624553496
106.62592366242569,1.3112733800882845
106.64592477359854,1.3111399838953508
106.66592588477138,1.3110064360397178
106.68592699594423,1.3108727365864823
106.70592810711706,1.3107388856008149
106.7259292182899,1.3106048831479604
106.74593032946275,1.3104707292932372
106.7659314406356,1.3103364241020374
106.78593255180844,1.310201967639827
106.80593366298127,1.3100673599721462
106.82593477415412,1.3099326011646077
106.84593588532697,1.309797691282899
106.86593699649981,1.309662630392781
106.88593810767266,1.3095274185600876
106.90593921884549,1.309392055850727
106.92594033001834,1.3092565423306806
106.94594144119118,1.3091208780660035
106.96594255236403,1.3089850631228241
106.98594366353687,1.3088490975673444
107.0059447747097,1.3087129814658394
107.02594588588255,1.308576714884658
107.0459469970554,1.3084402978902225
107.06594810822824,1.308303730549028
107.08594921940109,1.308167012927643
107.10595033057392,1.3080301450927099
107.12595144174676,1.3078931271109433
107.14595255291961,1.3077559590491319
107.16595366409246,1.307618640974137
107.1859547752653,1.3074811729528935
107.20595588643813,1.3073435550524086
107.22595699761098,1.3072057873397633
107.24595810878382,1.3070678698821112
107.26595921995667,1.3069298027466796
107.28596033112952,1.3067915860007675
107.30596144230235,1.3066532197117482
107.3259625534752,1.3065147039470668
107.34596366464804,1.3063760387742418
107.36596477582088,1.3062372242608644
107.38596588699373,1.3060982604745988
107.40596699816656,1.3059591474831818
107.42596810933941,1.3058198853544225
107.44596922051225,1.3056804741562036
107.4659703316851,1.3055409139564798
107.48597144285795,1.3054012048232784
107.50597255403078,1.3052613468246999
107.52597366520362,1.3051213400289168
107.54597477637647,1.3049811845041739
107.56597588754931,1.3048408803187894
107.58597699872216,1.3047004275411533
107.60597810989499,1.3045598262397284
107.62597922106784,1.3044190764830492
107.64598033224068,1.3042781783397235
107.66598144341353,1.3041371318784305
107.68598255458637,1.3039959371679224
107.7059836657592,1.3038545942770239
107.72598477693205,1.3037131032746307
107.7459858881049,1.3035714642297118
107.76598699927774,1.3034296772113083
107.78598811045059,1.3032877422885327
107.80598922162342,1.3031456595305704
107.82599033279627,1.303003429006678
107.84599144396911,1.302861050786185
107.86599255514196,1.3027185249384925
107.8859936663148,1.3025758515330736
107.90599477748763,1.3024330306394734
107.92599588866048,1.3022900623273086
107.94599699983333,1.302146946666268
107.96599811100617,1.3020036837261122
107.98599922217902,1.3018602735766738
108.00600033335185,1.3017167162878567
108.0260014445247,1.3015730119296365
108.04600255569754,1.3014291605720611
108.06600366687039,1.3012851622852497
108.08600477804323,1.3011410171393931
108.10600588921608,1.3009967252047536
108.12600700038891,1.3008522865516654
108.14600811156176,1.3007077012505335
108.1660092227346,1.300562969371835
108.18601033390745,1.3004180909861187
108.20601144508029,1.3002730661640038
108.22601255625312,1.300127894976182
108.24601366742597,1.2999825774934157
108.26601477859882,1.2998371137865385
108.28601588977166,1.2996915039264558
108.30601700094451,1.2995457479841441
108.32601811211734,1.2993998460306506
108.34601922329018,1.299253798137094
108.36602033446303,1.2991076043746643
108.38602144563588,1.298961264814623
108.40602255680872,1.2988147795283012
108.42602366798155,1.2986681485871028
108.4460247791544,1.2985213720625013
108.46602589032724,1.2983744500260421
108.48602700150009,1.2982273825493413
108.50602811267294,1.2980801697040851
108.52602922384577,1.297932811562032
108.54603033501861,1.2977853081950101
108.56603144619146,1.297637659674919
108.5860325573643,1.2974898660737286
108.60603366853715,1.2973419274634796
108.62603477970998,1.297193843916284
108.64603589088283,1.2970456155043233
108.66603700205567,1.2968972422998504
108.68603811322852,1.296748724375189
108.70603922440137,1.2966000618027327
108.7260403355742,1.2964512546549458
108.74604144674704,1.2963023030043637
108.76604255791989,1.2961532069235908
108.78604366909273,1.2960039664853036
108.80604478026558,1.2958545817622475
108.82604589143841,1.2957050528272396
108.84604700261126,1.295555379753166
108.8660481137841,1.295405562612984
108.88604922495695,1.2952556014797205
108.9060503361298,1.295105496426473
108.92605144730263,1.2949552475264092
108.94605255847547,1.2948048548527662
108.96605366964832,1.2946543184788522
108.98605478082116,1.2945036384780446
109.00605589199401,1.2943528149237915
109.02605700316684,1.2942018478896105
109.04605811433969,1.2940507374490893
109.06605922551253,1.2938994836758853
109.08606033668538,1.2937480866437259
109.10606144785822,1.2935965464264088
109.12606255903106,1.2934448630978008
109.1460636702039,1.2932930367318385
109.16606478137675,1.2931410674025288
109.18606589254959,1.292988955183948
109.20606700372244,1.2928367001502417
109.22606811489527,1.2926843023756256
109.24606922606812,1.2925317619343843
109.26607033724096,1.2923790789008733
109.28607144841381,1.292226253349516
109.30607255958665,1.292073285354806
109.32607367075948,1.291920174991307
109.34607478193233,1.2917669223336508
109.36607589310518,1.2916135274565392
109.38607700427802,1.2914599904347437
109.40607811545087,1.2913063113431043
109.4260792266237,1.2911524902565308
109.44608033779654,1.2909985272500022
109.46608144896939,1.2908444223985662
109.48608256014224,1.2906901757773401
109.50608367131508,1.2905357874615104
109.52608478248791,1.2903812575263327
109.54608589366076,1.2902265860471305
109.5660870048336,1.2900717730992979
109.58608811600645,1.289916818758297
109.6060892271793,1.2897617230996588
109.62609033835213,1.2896064861989842
109.64609144952497,1.2894511081319413
109.66609256069782,1.2892955889742683
109.68609367187067,1.2891399288017718
109.70609478304351,1.288984127690327
109.72609589421634,1.2888281857158783
109.74609700538919,1.288672102954438
109.76609811656203,1.288515879482087
109.78609922773488,1.2883595153749758
109.80610033890773,1.2882030107093227
109.82610145008056,1.288046365561415
109.8461025612534,1.2878895800076071
109.86610367242625,1.2877326541243237
109.8861047835991,1.287575587988057
109.90610589477194,1.2874183816753675
109.92610700594477,1.2872610352628842
109.94610811711762,1.2871035488273042
109.96610922829046,1.286945922445393
109.98611033946331,1.2867881561939845
110.00611145063615,1.2866302501499804
110.02611256180899,1.2864722043903514
110.04611367298183,1.2863140189921347
110.06611478415468,1.286155694032437
110.08611589532752,1.2859972295884323
110.10611700650037,1.2858386257373633
110.1261181176732,1.2856798825565396
110.14611922884605,1.2855210001233397
110.16612034001889,1.2853619785152095
110.18612145119174,1.2852028178096626
110.20612256236458,1.285043518084281
110.22612367353742,1.2848840794167136
110.24612478471026,1.284724501884678
110.2661258958831,1.2845647855659585
110.28612700705595,1.2844049305384078
110.3061281182288,1.2842449368799458
110.32612922940163,1.2840848046685607
110.34613034057448,1.2839245339823069
110.36613145174732,1.2837641248993075
110.38613256292017,1.2836035774977526
110.40613367409301,1.2834428918558995
110.42613478526586,1.2832820680520733
110.44613589643869,1.2831211061646666
110.46613700761154,1.2829600062721385
110.48613811878438,1.282798768453016
110.50613922995723,1.282637392785893
110.52614034113007,1.2824758793494313
110.5461414523029,1.282314228222359
110.56614256347575,1.2821524394834718
110.5861436746486,1.2819905132116318
110.60614478582144,1.2818284494857692
110.62614589699429,1.2816662483848806
110.64614700816712,1.2815039099880299
110.66614811933997,1.281341434374347
110.68614923051281,1.2811788216230298
110.70615034168566,1.2810160718133423
110.7261514528585,1.2808531850246159
110.74615256403133,1.2806901613362482
110.76615367520418,1.2805270008277039
110.78615478637703,1.2803637035785143
110.80615589754987,1.2802002696682773
110.82615700872272,1.2800366991766576
110.84615811989555,1.2798729921833862
110.8661592310684,1.2797091487682608
110.88616034224124,1.2795451690111457
110.90616145341409,1.2793810529919711
110.92616256458693,1.2792168007907343
110.94616367575976,1.279052412487499
110.96616478693261,1.2788878881623944
110.98616589810545,1.2787232278956169
111.0061670092783,1.278558431767429
111.02616812045115,1.278393499858159
111.04616923162398,1.2782284322482016
111.06617034279682,1.2780632290180178
111.08617145396967,1.2778978902481346
111.10617256514251,1.2777324160191452
111.12617367631536,1.2775668064117083
111.14617478748819,1.2774010615065494
111.16617589866104,1.2772351813844591
111.18617700983388,1.277069166126295
111.20617812100673,1.276903015812979
111.22617923217958,1.2767367305255004
111.2461803433524,1.2765703103449135
111.26618145452525,1.2764037553523386
111.2861825656981,1.2762370656289614
111.30618367687094,1.2760702412560334
111.32618478804379,1.275903282314872
111.34618589921662,1.2757361888868601
111.36618701038947,1.2755689610534457
111.38618812156231,1.275401598896143
111.40618923273516,1.275234102496531
111.426190343908,1.2750664719362548
111.44619145508084,1.2748987072970246
111.46619256625368,1.2747308086606157
111.48619367742653,1.2745627761088691
111.50619478859937,1.274394609723691
111.52619589977222,1.2742263095870525
111.54619701094505,1.2740578757809904
111.5661981221179,1.2738893083876062
111.58619923329074,1.2737206074890668
111.60620034446359,1.273551773167604
111.62620145563643,1.2733828055055152
111.64620256680927,1.2732137045851621
111.66620367798211,1.2730444704889714
111.68620478915496,1.272875103299435
111.7062059003278,1.2727056030991095
111.72620701150065,1.2725359699706165
111.74620812267348,1.2723662039966426
111.76620923384633,1.2721963052599385
111.78621034501917,1.27202627384332
111.80621145619202,1.2718561098296677
111.82621256736486,1.2716858133019266
111.8462136785377,1.2715153843431066
111.86621478971054,1.2713448230362816
111.88621590088339,1.2711741294645904
111.90621701205623,1.2710033037112365
111.92621812322908,1.2708323458594872
111.94621923440191,1.270661255992675
111.96622034557475,1.2704900341941958
111.9862214567476,1.2703186805475104
112.00622256792045,1.270147195136144
112.02622367909329,1.2699755780436857
112.04622479026612,1.2698038293537888
112.06622590143897,1.2696319491501706
112.08622701261181,1.2694599375166131
112.10622812378466,1.269287794536962
112.1262292349575,1.269115520295127
112.14623034613034,1.2689431148750816
112.16623145730318,1.2687705783608636
112.18623256847603,1.2685979108365744
112.20623367964888,1.2684251123863794
112.22623479082172,1.268252183094508
112.24623590199455,1.2680791230452533
112.2662370131674,1.2679059323229718
112.28623812434024,1.267732611012084
112.30623923551309,1.2675591591970738
112.32624034668594,1.2673855769624893
112.34624145785877,1.2672118643929418
112.36624256903161,1.2670380215731054
112.38624368020446,1.266864048587719
112.4062447913773,1.266689945521584
112.42624590255015,1.2665157124595663
112.44624701372298,1.2663413494865936
112.46624812489583,1.2661668566876578
112.48624923606867,1.2659922341478145
112.50625034724152,1.2658174819521817
112.52625145841436,1.2656426001859409
112.5462525695872,1.2654675889343372
112.56625368076004,1.2652924482826782
112.58625479193289,1.2651171783163346
112.60625590310573,1.2649417791207407
112.62625701427858,1.2647662507813933
112.64625812545142,1.2645905933838524
112.66625923662426,1.2644148070137406
112.6862603477971,1.2642388917567435
112.70626145896995,1.2640628476986098
112.7262625701428,1.2638866749251507
112.74626368131564,1.2637103735222404
112.76626479248847,1.2635339435758153
112.78626590366132,1.2633573851718747
112.80626701483416,1.2631806983964808
112.82626812600701,1.2630038833357584
112.84626923717985,1.262826940075894
112.86627034835269,1.2626498687031378
112.88627145952553,1.2624726693038015
112.90627257069838,1.2622953419642593
112.92627368187122,1.2621178867709484
112.94627479304407,1.2619403038103676
112.9662759042169,1.2617625931690788
112.98627701538975,1.2615847549337051
113.00627812656259,1.2614067891909324
113.02627923773544,1.261228696027509
113.04628034890828,1.2610504755302445
113.06628146008111,1.2608721277860118
113.08628257125396,1.2606936528817443
113.1062836824268,1.2605150509044385
113.12628479359965,1.2603363219411525
113.1462859047725,1.2601574660790065
113.16628701594533,1.2599784834051821
113.18628812711817,1.2597993740069229
113.20628923829102,1.2596201379715346
113.22629034946387,1.259440775386384
113.24629146063671,1.2592612863389006
113.26629257180954,1.2590816709165744
113.28629368298239,1.2589019292069576
113.30629479415524,1.258722061297664
113.32629590532808,1.2585420672763683
113.34629701650093,1.2583619472308076
113.36629812767376,1.2581817012487801
113.3862992388466,1.2580013294181451
113.40630035001945,1.2578208318268231
113.4263014611923,1.2576402085627967
113.44630257236514,1.2574594597141089
113.46630368353797,1.2572785853688646
113.48630479471082,1.257097585615229
113.50630590588366,1.2569164605414296
113.52630701705651,1.256735210235754
113.54630812822936,1.2565538347865515
113.56630923940219,1.256372334282232
113.58631035057503,1.2561907088112663
113.60631146174788,1.2560089584621863
113.62631257292072,1.255827083323585
113.64631368409357,1.2556450834841155
113.6663147952664,1.255462959032493
113.68631590643925,1.2552807100574919
113.7063170176121,1.2550983366479482
113.72631812878494,1.2549158388927586
113.74631923995778,1.2547332168808798
113.76632035113062,1.2545504707013295
113.78632146230346,1.254367600443186
113.80632257347631,1.2541846061955881
113.82632368464915,1.2540014880477346
113.846324795822,1.2538182460888851
113.86632590699483,1.2536348804083595
113.88632701816768,1.2534513910955376
113.90632812934052,1.2532677782398602
113.92632924051337,1.2530840419308276
113.94633035168621,1.252900182258001
113.96633146285905,1.252716199311001
113.98633257403189,1.2525320931795085
114.00633368520474,1.2523478639532648
114.02633479637758,1.252163511722071
114.04633590755043,1.2519790365757881
114.06633701872326,1.2517944386043371
114.0863381298961,1.2516097178976986
114.10633924106895,1.2514248745459133
114.1263403522418,1.2512399086390817
114.14634146341464,1.2510548202673637
114.16634257458747,1.2508696095209797
114.18634368576032,1.2506842764902086
114.20634479693317,1.2504988212653896
114.22634590810601,1.2503132439369218
114.24634701927886,1.2501275445952629
114.26634813045169,1.249941723330931
114.28634924162454,1.2497557802345027
114.30635035279738,1.2495697153966148
114.32635146397023,1.2493835289079631
114.34635257514307,1.2491972208593025
114.3663536863159,1.2490107913414479
114.38635479748875,1.2488242404452723
114.4063559086616,1.2486375682617086
114.42635701983444,1.2484507748817486
114.44635813100729,1.2482638603964435
114.46635924218012,1.2480768248969034
114.48636035335296,1.2478896684742966
114.50636146452581,1.2477023912198515
114.52636257569866,1.2475149932248548
114.5463636868715,1.2473274745806524
114.56636479804433,1.2471398353786483
114.58636590921718,1.2469520757103059
114.60636702039002,1.2467641956671471
114.62636813156287,1.246576195340753
114.64636924273572,1.2463880748227623
114.66637035390855,1.246199834204873
114.6863714650814,1.2460114735788417
114.70637257625424,1.2458229930364826
114.72637368742708,1.2456343926696698
114.74637479859993,1.245445672570335
114.76637590977276,1.2452568328304678
114.78637702094561,1.245067873542117
114.80637813211845,1.2448787947973892
114.8263792432913,1.244689596688449
114.84638035446415,1.2445002793075204
114.86638146563698,1.2443108427468839
114.88638257680982,1.2441212870988787
114.90638368798267,1.2439316124559026
114.92638479915551,1.243741818910411
114.94638591032836,1.243551906554917
114.9663870215012,1.243361875481992
114.98638813267404,1.2431717257842654
115.00638924384688,1.2429814575544236
115.02639035501973,1.2427910708852115
115.04639146619257,1.2426005658694317
115.06639257736542,1.2424099425999444
115.08639368853825,1.2422192011696673
115.1063947997111,1.2420283416715758
115.12639591088394,1.2418373641987028
115.14639702205679,1.2416462688441388
115.16639813322963,1.2414550557010315
115.18639924440247,1.2412637248625866
115.20640035557531,1.2410722764220665
115.22640146674816,1.2408807104727912
115.246402577921,1.240689027108138
115.26640368909385,1.240497226421542
115.28640480026668,1.2403053085064941
115.30640591143953,1.2401132734565432
115.32640702261237,1.2399211213652959
115.34640813378522,1.2397288523264145
115.36640924495806,1.2395364664336195
115.3864103561309,1.2393439637806878
115.40641146730374,1.239151344461453
115.42641257847659,1.238958608569806
115.44641368964943,1.2387657561996948
115.46641480082228,1.2385727874451227
115.48641591199511,1.238379702400152
115.50641702316796,1.2381865011588997
115.5264181343408,1.23799318381554
115.54641924551365,1.2377997504643046
115.56642035668649,1.2376062011994808
115.58642146785932,1.2374125361154125
115.60642257903217,1.2372187553065002
115.62642369020502,1.2370248588672008
115.64642480137786,1.2368308468920277
115.66642591255071,1.2366367194755503
115.68642702372354,1.236442476712395
115.70642813489638,1.2362481186972432
115.72642924606923,1.2360536455248332
115.74643035724208,1.23585905728996
115.76643146841492,1.2356643540874734
115.78643257958775,1.2354695360122805
115.8064336907606,1.2352746031593436
115.82643480193344,1.2350795556236807
115.84643591310629,1.2348843935003666
115.86643702427914,1.2346891168845318
115.88643813545197,1.2344937258713617
115.90643924662481,1.2342982205560986
115.92644035779766,1.23410260103404
115.9464414689705,1.2339068674005382
115.96644258014335,1.2337110197510033
115.98644369131618,1.233515058180899
116.00644480248903,1.2333189827857447
116.02644591366187,1.2331227936611167
116.04644702483472,1.2329264909026454
116.06644813600757,1.232730074606017
116.0864492471804,1.2325335448669732
116.10645035835324,1.2323369017813108
116.12645146952609,1.2321401454448817
116.14645258069893,1.2319432759535935
116.16645369187178,1.2317462934034085
116.18645480304461,1.2315491978903446
116.20645591421746,1.2313519895104736
116.2264570253903,1.231154668359924
116.24645813656315,1.2309572345348778
116.266459247736,1.2307596881315732
116.28646035890883,1.2305620292463022
116.30646147008167,1.230364257975412
116.32646258125452,1.2301663744153046
116.34646369242736,1.2299683786624371
116.36646480360021,1.2297702708133205
116.38646591477304,1.2295720509645214
116.40646702594589,1.2293737192126601
116.42646813711873,1.2291752756544119
116.44646924829158,1.2289767203865067
116.46647035946442,1.2287780535057282
116.48647147063726,1.2285792751089157
116.5064725818101,1.2283803852929616
116.52647369298295,1.2281813841548133
116.54647480415579,1.2279822717914723
116.56647591532864,1.2277830482999945
116.58647702650147,1.2275837137774896
116.60647813767432,1.2273842683211216
116.62647924884716,1.227184712028109
116.64648036002,1.2269850449957231
116.66648147119285,1.2267852673212905
116.68648258236568,1.2265853791021917
116.70648369353853,1.22638538043586
116.72648480471138,1.226185271419783
116.74648591588422,1.2259850521515028
116.76648702705707,1.2257847227286143
116.7864881382299,1.2255842832487667
116.80648924940274,1.2253837338096623
116.82649036057559,1.2251830745090577
116.84649147174844,1.2249823054447626
116.86649258292128,1.2247814267146402
116.88649369409411,1.224580438416607
116.90649480526696,1.2243793406486334
116.9264959164398,1.2241781335087432
116.94649702761265,1.2239768170950125
116.9664981387855,1.2237753915055716
116.98649924995833,1.2235738568386043
117.00650036113117,1.2233722131923468
117.02650147230402,1.2231704606650884
117.04650258347687,1.222968599355172
117.06650369464971,1.2227666293609931
117.08650480582254,1.2225645507810006
117.10650591699539,1.2223623637136962
117.12650702816823,1.2221600682576337
117.14650813934108,1.221957664511421
117.16650925051393,1.2217551525737183
117.18651036168676,1.2215525325432381
117.2065114728596,1.2213498045187459
117.22651258403245,1.22114696859906
117.2465136952053,1.2209440248830508
117.26651480637814,1.2207409734696422
117.28651591755099,1.2205378144578094
117.30651702872382,1.2203345479465812
117.32651813989666,1.2201311740350378
117.34651925106951,1.2199276928223126
117.36652036224235,1.2197241044075902
117.3865214734152,1.219520408890109
117.40652258458803,1.2193166063691583
117.42652369576088,1.2191126969440798
117.44652480693372,1.2189086807142675
117.46652591810657,1.2187045577791682
117.48652702927942,1.2185003282382791
117.50652814045225,1.2182959921911514
117.52652925162509,1.2180915497373859
117.54653036279794,1.2178870009766367
117.56653147397078,1.2176823460086101
117.58653258514363,1.2174775849330628
117.60653369631646,1.2172727178498046
117.6265348074893,1.2170677448586955
117.64653591866215,1.2168626660596487
117.666537029835,1.2166574815526279
117.68653814100784,1.2164521914376487
117.70653925218068,1.2162467958147782
117.72654036335352,1.2160412947841344
117.74654147452637,1.2158356884458879
117.76654258569921,1.2156299769002592
117.78654369687206,1.2154241602475209
117.80654480804489,1.2152182385879973
117.82654591921774,1.2150122120220626
117.84654703039058,1.2148060806501426
117.86654814156343,1.2145998445727153
117.88654925273627,1.2143935038903078
117.9065503639091,1.2141870587035
117.92655147508195,1.2139805091129214
117.9465525862548,1.2137738552192536
117.96655369742764,1.2135670971232277
117.98655480860049,1.2133602349256267
118.00655591977332,1.2131532687272841
118.02655703094617,1.212946198629083
118.04655814211901,1.2127390247319594
118.06655925329186,1.2125317471368973
118.0865603644647,1.212324365944933
118.10656147563753,1.2121168812571532
118.12656258681038,1.2119092931746944
118.14656369798323,1.2117016017987434
118.16656480915607,1.2114938072305383
118.18656592032892,1.2112859095713662
118.20656703150175,1.2110779089225658
118.2265681426746,1.2108698053855251
118.24656925384744,1.2106615990616822
118.26657036502029,1.210453290052526
118.28657147619313,1.2102448784595952
118.30657258736596,1.210036364384478
118.32657369853881,1.2098277479288129
118.34657480971165,1.2096190291942888
118.3665759208845,1.2094102082826432
118.38657703205735,1.209201285295665
118.40657814323018,1.2089922603351917
118.42657925440302,1.2087831335031107
118.44658036557587,1.208573904901359
118.46658147674871,1.2083645746319243
118.48658258792156,1.208155142796842
118.50658369909439,1.2079456094981986
118.52658481026724,1.2077359748381293
118.54658592144008,1.2075262389188186
118.56658703261293,1.2073164018425007
118.58658814378578,1.2071064637114592
118.6065892549586,1.2068964246280267
118.62659036613145,1.2066862846945847
118.6465914773043,1.206476044013565
118.66659258847714,1.2062657026874466
118.68659369964999,1.20605526081876
118.70659481082282,1.2058447185100825
118.72659592199567,1.2056340758640416
118.74659703316851,1.205423332983313
118.76659814434136,1.2052124899706222
118.7865992555142,1.2050015469287427
118.80660036668704,1.2047905039604971
118.82660147785988,1.2045793611687565
118.84660258903273,1.2043681186564406
118.86660370020557,1.2041567765265182
118.88660481137842,1.203945334882006
118.90660592255125,1.20373379382597
118.9266070337241,1.2035221534615235
118.94660814489694,1.2033104138918296
118.96660925606979,1.2030985752200987
118.98661036724263,1.20288663754959
119.00661147841546,1.202674600983611
119.02661258958831,1.2024624656255165
119.04661370076116,1.2022502315787111
119.066614811934,1.2020378989466458
119.08661592310685,1.2018254678328208
119.10661703427968,1.2016129383407845
119.12661814545253,1.201400310574132
119.14661925662537,1.201187584636507
119.16662036779822,1.2009747606316012
119.18662147897106,1.200761838663154
119.2066225901439,1.200548818834953
119.22662370131674,1.2003357012508318
119.24662481248959,1.2001224860146742
119.26662592366243,1.1999091732304092
119.28662703483528,1.199695763002015
119.30662814600811,1.199482255433517
119.32662925718095,1.199268650628987
119.3466303683538,1.1990549486925453
119.36663147952665,1.1988411497283589
119.38663259069949,1.1986272538406428
119.40663370187232,1.198413261133659
119.42663481304517,1.1981991717117164
119.44663592421801,1.1979849856791707
119.46663703539086,1.1977707031404257
119.4866381465637,1.1975563241999312
119.50663925773655,1.1973418489621852
119.52664036890938,1.1971272775317316
119.54664148008223,1.1969126100131613
119.56664259125507,1.1966978465111122
119.58664370242792,1.1964829871302698
119.60664481360077,1.196268031975365
119.6266459247736,1.196052981151176
119.64664703594644,1.1958378347625278
119.66664814711929,1.1956225929142916
119.68664925829214,1.1954072557113853
119.70665036946498,1.1951918232587735
119.72665148063781,1.194976295661467
119.74665259181066,1.1947606730245226
119.7666537029835,1.1945449554530445
119.78665481415635,1.1943291430521819
119.8066559253292,1.1941132359271314
119.82665703650203,1.1938972341831349
119.84665814767487,1.1936811379254804
119.86665925884772,1.1934649472595027
119.88666037002056,1.1932486622905822
119.90666148119341,1.193032283124145
119.92666259236624,1.1928158098656643
119.94666370353909,1.192599242620657
119.96666481471193,1.1923825814946878
119.98666592588478,1.1921658265933663
120.00666703705762,1.1919489780223476
120.02666814823046,1.1917320358873336
120.0466692594033,1.19151500029407
120.06667037057615,1.1912978713483502
120.086671481749,1.1910806491560109
120.10667259292184,1.190863333822936
120.12667370409467,1.190645925455054
120.14667481526752,1.1904284241583385
120.16667592644036,1.1902108300388095
120.18667703761321,1.1899931432025306
120.20667814878605,1.1897753637556119
120.22667925995889,1.1895574918042089
120.24668037113173,1.1893395274545207
120.26668148230458,1.1891214708127924
120.28668259347742,1.1889033219853145
120.30668370465027,1.188685081078421
120.3266848158231,1.1884667481984927
120.34668592699595,1.1882483234519534
120.36668703816879,1.188029806945273
120.38668814934164,1.1878111987849653
120.40668926051448,1.1875924990775895
120.42669037168731,1.1873737079297488
120.44669148286016,1.1871548254480908
120.466692594033,1.1869358517393087
120.48669370520585,1.1867167869101392
120.5066948163787,1.1864976310673634
120.52669592755153,1.1862783843178075
120.54669703872437,1.1860590467683416
120.56669814989722,1.1858396185258795
120.58669926107007,1.1856200996973805
120.60670037224291,1.1854004903898465
120.62670148341574,1.1851807907103251
120.64670259458859,1.1849610007659066
120.66670370576144,1.184741120663726
120.68670481693428,1.1845211505109619
120.70670592810713,1.1843010904148374
120.72670703927996,1.184080940482619
120.7467081504528,1.1838607008216164
120.76670926162565,1.1836403715391846
120.7867103727985,1.1834199527427205
120.80671148397134,1.183199444539666
120.82671259514417,1.1829788470375062
120.84671370631702,1.182758160343769
120.86671481748986,1.1825373845660265
120.88671592866271,1.1823165198118946
120.90671703983556,1.1820955661890313
120.92671815100839,1.1818745238051396
120.94671926218123,1.1816533927679642
120.96672037335408,1.1814321731852937
120.98672148452692,1.1812108651649598
121.00672259569977,1.1809894688148377
121.0267237068726,1.1807679842428451
121.04672481804545,1.1805464115569424
121.0667259292183,1.1803247508651342
121.08672704039114,1.1801030022754668
121.10672815156398,1.17988116589603
121.12672926273682,1.1796592418349559
121.14673037390966,1.1794372302004197
121.16673148508251,1.179215131100639
121.18673259625535,1.1789929446438747
121.2067337074282,1.1787706709384296
121.22673481860103,1.1785483100926493
121.24673592977388,1.1783258622149217
121.26673704094672,1.1781033274136772
121.28673815211957,1.1778807057973888
121.30673926329241,1.1776579974745713
121.32674037446525,1.1774352025537826
121.34674148563809,1.1772123211436218
121.36674259681094,1.1769893533527311
121.38674370798378,1.176766299289794
121.40674481915663,1.1765431590635367
121.42674593032946,1.176319932782727
121.4467470415023,1.1760966205561745
121.46674815267515,1.175873222492731
121.486749263848,1.175649738701291
121.50675037502084,1.1754261692907888
121.52675148619367,1.175202514370202
121.54675259736652,1.1749787740485496
121.56675370853937,1.1747549484348914
121.58675481971221,1.17453103763833
121.60675593088506,1.1743070417680086
121.62675704205789,1.1740829609331125
121.64675815323073,1.1738587952428674
121.66675926440358,1.1736345448065422
121.68676037557643,1.173410209733445
121.70676148674927,1.1731857901329268
121.7267625979221,1.1729612861143788
121.74676370909495,1.1727366977872333
121.7667648202678,1.172512025260965
121.78676593144064,1.172287268645088
121.80676704261349,1.1720624280491583
121.82676815378633,1.171837503582773
121.84676926495916,1.1716124953555695
121.86677037613201,1.171387403477226
121.88677148730486,1.171162228057462
121.9067725984777,1.1709369692060374
121.92677370965055,1.170711627032753
121.94677482082338,1.17048620164745
121.96677593199622,1.1702606931600097
121.98677704316907,1.170035101680355
122.00677815434192,1.1698094273184485
122.02677926551476,1.1695836701842932
122.0467803766876,1.1693578303879328
122.06678148786044,1.1691319080394513
122.08678259903328,1.1689059032489721
122.10678371020613,1.16867981612666
122.12678482137898,1.1684536467827193
122.14678593255181,1.1682273953273943
122.16678704372465,1.1680010618709693
122.1867881548975,1.167774646523769
122.20678926607034,1.1675481493961577
122.22679037724319,1.1673215705985396
122.24679148841602,1.1670949102413588
122.26679259958887,1.1668681684350988
122.28679371076171,1.1666413452902833
122.30679482193456,1.1664144409174755
122.3267959331074,1.166187455427278
122.34679704428024,1.1659603889303332
122.36679815545308,1.1657332415373227
122.38679926662593,1.1655060133589674
122.40680037779877,1.1652787045060287
122.42680148897162,1.1650513150893056
122.44680260014445,1.1648238452196378
122.4668037113173,1.1645962950079034
122.48680482249014,1.1643686645650202
122.50680593366299,1.1641409540019443
122.52680704483583,1.1639131634296722
122.54680815600867,1.163685292959238
122.56680926718151,1.1634573427017154
122.58681037835436,1.1632293127682172
122.6068114895272,1.1630012032698942
122.62681260070005,1.1627730143179371
122.64681371187288,1.162544746023575
122.66681482304573,1.1623163984980749
122.68681593421857,1.162087971852743
122.70681704539142,1.1618594661989246
122.72681815656426,1.161630881648002
122.7468192677371,1.161402218311398
122.76682037890994,1.1611734763005717
122.78682149008279,1.1609446557270224
122.80682260125563,1.1607157567022863
122.82682371242848,1.160486779337939
122.84682482360131,1.1602577237455933
122.86682593477416,1.1600285900369
122.886827045947,1.1597993783235494
122.90682815711985,1.1595700887172684
122.92682926829269,1.1593407213298224
122.94683037946552,1.1591112762730151
122.96683149063837,1.1588817536586875
122.98683260181122,1.1586521535987182
123.00683371298406,1.1584224762050244
123.02683482415691,1.1581927215895598
123.04683593532974,1.1579628898643175
123.06683704650258,1.1577329811413264
123.08683815767543,1.1575029955326535
123.10683926884828,1.157272933150404
123.12684038002112,1.1570427941067198
123.14684149119395,1.1568125785137804
123.1668426023668,1.1565822864838022
123.18684371353964,1.1563519181290398
123.20684482471249,1.1561214735617835
123.22684593588534,1.1558909528943628
123.24684704705817,1.1556603562391423
123.26684815823101,1.155429683708525
123.28684926940386,1.15519893541495
123.3068503805767,1.1549681114708938
123.32685149174955,1.1547372119888697
123.34685260292238,1.1545062370814283
123.36685371409523,1.1542751868611558
123.38685482526807,1.154044061440676
123.40685593644092,1.153812860932649
123.42685704761377,1.1535815854497722
123.4468581587866,1.1533502351047784
123.46685926995944,1.1531188100104375
123.48686038113229,1.1528873102795565
123.50686149230513,1.152655736024977
123.52686260347798,1.152424087359579
123.54686371465081,1.1521923643962775
123.56686482582366,1.1519605672480235
123.5868659369965,1.151728696027805
123.60686704816935,1.1514967508486462
123.6268681593422,1.1512647318236064
123.64686927051503,1.151032639065782
123.66687038168787,1.1508004726883039
123.68687149286072,1.1505682328043403
123.70687260403356,1.1503359195270946
123.72687371520641,1.150103532969806
123.74687482637924,1.1498710732457496
123.76687593755209,1.1496385404682354
123.78687704872493,1.149405934750611
123.80687815989778,1.1491732562062567
123.82687927107062,1.1489405049485908
123.84688038224346,1.148707681091066
123.8668814934163,1.1484747847471695
123.88688260458915,1.1482418160304255
123.90688371576199,1.148008775054393
123.92688482693484,1.1477756619326653
123.94688593810767,1.147542476778872
123.96688704928052,1.1473092197066774
123.98688816045336,1.1470758908297802
124.0068892716262,1.1468424902619152
124.02689038279905,1.1466090181168513
124.0468914939719,1.146375474508393
124.06689260514473,1.1461418595503792
124.08689371631758,1.1459081733566836
124.10689482749042,1.1456744160412144
124.12689593866327,1.1454405877179152
124.14689704983611,1.1452066885007632
124.16689816100894,1.1449727185037712
124.18689927218179,1.144738677840986
124.20690038335464,1.1445045666264884
124.22690149452748,1.144270384974394
124.24690260570033,1.1440361329988535
124.26690371687316,1.1438018108140509
124.286904828046,1.1435674185342042
124.30690593921885,1.1433329562735666
124.3269070503917,1.1430984241464242
124.34690816156454,1.1428638222670986
124.36690927273737,1.1426291507499442
124.38691038391022,1.1423944097093497
124.40691149508307,1.1421595992597375
124.42691260625591,1.141924719515565
124.44691371742876,1.1416897705913214
124.46691482860159,1.1414547526015315
124.48691593977443,1.1412196656607527
124.50691705094728,1.1409845098835756
124.52691816212013,1.1407492853846257
124.54691927329297,1.1405139922785614
124.5669203844658,1.1402786306800743
124.58692149563865,1.140043200703889
124.6069226068115,1.1398077024647646
124.62692371798434,1.1395721360774924
124.64692482915719,1.139336501656898
124.66692594033002,1.1391007993178388
124.68692705150286,1.1388650291752063
124.70692816267571,1.1386291913439246
124.72692927384855,1.1383932859389516
124.7469303850214,1.1381573130752765
124.76693149619423,1.1379212728679236
124.78693260736708,1.1376851654319478
124.80693371853992,1.137448990882438
124.82693482971277,1.137212749334516
124.84693594088561,1.1369764409033354
124.86693705205845,1.1367400657040831
124.88693816323129,1.1365036238519781
124.90693927440414,1.1362671154622725
124.92694038557698,1.13603054065025
124.94694149674983,1.1357938995312273
124.96694260792266,1.1355571922205534
124.9869437190955,1.1353204188336088
125.00694483026835,1.1350835794858076
125.0269459414412,1.1348466742925942
125.04694705261404,1.134609703369447
125.06694816378688,1.1343726668318757
125.08694927495972,1.1341355647954214
125.10695038613257,1.1338983973756576
125.12695149730541,1.1336611646881898
125.14695260847826,1.133423866848655
125.16695371965109,1.1331865039727225
125.18695483082394,1.1329490761760925
125.20695594199678,1.1327115835744976
125.22695705316963,1.1324740262837016
125.24695816434247,1.1322364044195
125.2669592755153,1.1319987180977196
125.28696038668815,1.1317609674342182
125.306961497861,1.1315231525448863
125.32696260903384,1.1312852735456442
125.34696372020669,1.1310473305524447
125.36696483137952,1.1308093236812709
125.38696594255237,1.1305712530481373
125.40696705372521,1.1303331187690895
125.42696816489806,1.1300949209602043
125.4469692760709,1.1298566597375892
125.46697038724373,1.129618335217383
125.48697149841658,1.1293799475157549
125.50697260958943,1.1291414967489046
125.52697372076227,1.1289029830330637
125.54697483193512,1.1286644064844937
125.56697594310795,1.1284257672194868
125.5869770542808,1.1281870653543655
125.60697816545364,1.1279483010054836
125.62697927662649,1.1277094742892242
125.64698038779933,1.127470585322002
125.66698149897216,1.1272316342202615
125.68698261014501,1.1269926211004775
125.70698372131785,1.1267535460791547
125.7269848324907,1.1265144092728288
125.74698594366355,1.1262752107980647
125.76698705483638,1.1260359507714581
125.78698816600922,1.1257966293096344
125.80698927718207,1.1255572465292483
125.82699038835491,1.1253178025469857
125.84699149952776,1.1250782974795617
125.86699261070059,1.124838731443721
125.88699372187344,1.1245991045562374
125.90699483304628,1.1243594169339164
125.92699594421913,1.1241196686935906
125.94699705539198,1.1238798599521245
125.9669981665648,1.1236399908264103
125.98699927773765,1.1234000614333701
126.0070003889105,1.1231600718899557
126.02700150008334,1.1229200223131488
126.04700261125619,1.1226799128199585
126.06700372242902,1.1224397435274254
126.08700483360187,1.1221995145526173
126.10700594477471,1.121959226012632
126.12700705594756,1.1217188780245966
126.1470081671204,1.1214784707056664
126.16700927829324,1.1212380041730263
126.18701038946608,1.1209974785438894
126.20701150063893,1.1207568939354988
126.22701261181177,1.1205162504651245
126.24701372298462,1.1202755482500673
126.26701483415745,1.1200347874076548
126.2870159453303,1.119793968055244
126.30701705650314,1.1195530903102204
126.32701816767599,1.1193121542899986
126.34701927884883,1.11907116011202
126.36702039002168,1.1188301078937561
126.38702150119451,1.1185889977527055
126.40702261236736,1.1183478298063951
126.4270237235402,1.1181066041723808
126.44702483471305,1.1178653209682456
126.4670259458859,1.1176239803116015
126.48702705705873,1.117382582320088
126.50702816823157,1.117141127111373
126.52702927940442,1.1168996148031507
126.54703039057726,1.1166580455131456
126.56703150175011,1.116416419359108
126.58703261292294,1.1161747364588173
126.60703372409579,1.1159329969300793
126.62703483526863,1.1156912008907278
126.64703594644148,1.115449348458625
126.66703705761432,1.1152074397516598
126.68703816878715,1.1149654748877484
126.70703927996,1.1147234539848347
126.72704039113285,1.1144813771608901
126.74704150230569,1.1142392445339127
126.76704261347854,1.1139970562219284
126.78704372465137,1.11375481234299
126.80704483582421,1.1135125130151766
126.82704594699706,1.1132701583565958
126.8470470581699,1.1130277484853814
126.86704816934275,1.1127852835196939
126.88704928051558,1.1125427635777214
126.90705039168843,1.1123001887776778
126.92705150286127,1.1120575592378041
126.94705261403412,1.1118148750763686
126.96705372520697,1.1115721364116655
126.9870548363798,1.1113293433620162
127.00705594755264,1.1110864960457676
127.02705705872549,1.1108435945812944
127.04705816989834,1.1106006390869962
127.06705928107118,1.1103576296813003
127.08706039224401,1.1101145664826597
127.10706150341686,1.109871449609553
127.1270626145897,1.1096282791804861
127.14706372576255,1.1093850553139906
127.1670648369354,1.1091417781286235
127.18706594810823,1.1088984477429689
127.20706705928107,1.108655064275636
127.22706817045392,1.1084116278452598
127.24706928162676,1.1081681385705022
127.26707039279961,1.1079245965700493
127.28707150397244,1.1076810019626142
127.30707261514529,1.1074373548669347
127.32707372631813,1.1071936554017754
127.34707483749098,1.106949903685925
127.36707594866382,1.1067060998381986
127.38707705983666,1.1064622439774363
127.4070781710095,1.1062183362225035
127.42707928218235,1.1059743766922914
127.4470803933552,1.1057303655057165
127.46708150452804,1.105486302781719
127.48708261570087,1.1052421886392665
127.50708372687372,1.10499802319735
127.52708483804656,1.1047538065749856
127.54708594921941,1.1045095388912154
127.56708706039225,1.104265220265105
127.58708817156509,1.1040208508157465
127.60708928273793,1.103776430662255
127.62709039391078,1.1035319599237718
127.64709150508362,1.1032874387194616
127.66709261625647,1.1030428671685149
127.6870937274293,1.102798245390146
127.70709483860215,1.102553573503593
127.72709594977499,1.1023088516281205
127.74709706094784,1.1020640798830152
127.76709817212068,1.1018192583875899
127.78709928329351,1.1015743872611807
127.80710039446636,1.101329466623148
127.8271015056392,1.1010844965928759
127.84710261681205,1.1008394772897738
127.8671037279849,1.100594408833274
127.88710483915773,1.1003492913428337
127.90710595033057,1.1001041249379329
127.92710706150342,1.099858909738076
127.94710817267627,1.0996136458627912
127.96710928384911,1.0993683334316309
127.98711039502194,1.0991229725641705
128.0071115061948,1.0988775633800087
128.02711261736764,1.098632105998769
128.04711372854047,1.098386600540097
128.06711483971333,1.0981410471236621
128.08711595088616,1.0978954458691585
128.10711706205902,1.0976497968963017
128.12711817323185,1.0974041003248318
128.14711928440468,1.0971583562745115
128.16712039557754,1.0969125648651263
128.18712150675037,1.096666726216486
128.20712261792323,1.096420840448422
128.22712372909606,1.0961749076807898
128.2471248402689,1.0959289280334674
128.26712595144176,1.0956829016263552
128.2871270626146,1.0954368285793772
128.30712817378745,1.0951907090124793
128.32712928496028,1.0949445430456313
128.3471303961331,1.094698330798824
128.36713150730597,1.0944520723920719
128.3871326184788,1.094205767945412
128.40713372965166,1.0939594175789025
128.4271348408245,1.0937130214126263
128.44713595199732,1.0934665795666865
128.46713706317018,1.0932200921612087
128.48713817434302,1.0929735593163423
128.50713928551588,1.0927269811522569
128.5271403966887,1.0924803577891455
128.54714150786154,1.0922336893472226
128.5671426190344,1.0919869759467247
128.58714373020723,1.0917402177079103
128.6071448413801,1.0914934147510595
128.62714595255292,1.091246567196475
128.64714706372575,1.0909996751644804
128.6671481748986,1.0907527387754208
128.68714928607145,1.090505758149664
128.7071503972443,1.090258733407598
128.72715150841714,1.0900116646696338
128.74715261958997,1.0897645520562032
128.76715373076283,1.0895173956877582
128.78715484193566,1.0892701956847743
128.80715595310852,1.0890229521677466
128.82715706428135,1.0887756652571923
128.84715817545418,1.0885283350736492
128.86715928662704,1.0882809617376763
128.88716039779987,1.088033545369854
128.90716150897273,1.087786086090783
128.92716262014557,1.0875385840210863
128.9471637313184,1.0872910392814061
128.96716484249126,1.087043451992406
128.9871659536641,1.0867958222747707
129.00716706483695,1.086548150249205
129.02716817600978,1.0863004360364354
129.0471692871826,1.0860526797572077
129.06717039835547,1.085804881532288
129.0871715095283,1.0855570414824651
129.10717262070116,1.0853091597285456
129.127173731874,1.0850612363913579
129.14717484304683,1.0848132715917502
129.1671759542197,1.0845652654505906
129.18717706539252,1.0843172180887684
129.20717817656538,1.0840691296271914
129.2271792877382,1.0838210001867892
129.24718039891104,1.08357282988851
129.2671815100839,1.0833246188533223
129.28718262125673,1.0830763672022152
129.3071837324296,1.0828280750561965
129.32718484360242,1.0825797425362946
129.34718595477526,1.0823313697635568
129.36718706594812,1.08208295685905
129.38718817712095,1.0818345039438624
129.4071892882938,1.0815860111390994
129.42719039946664,1.0813374785658874
129.44719151063947,1.0810889063453712
129.46719262181233,1.0808402945987152
129.48719373298516,1.0805916434471037
129.50719484415802,1.0803429530117392
129.52719595533085,1.0800942234138446
129.54719706650368,1.0798454547746605
129.56719817767654,1.0795966472154472
129.58719928884938,1.0793478008574844
129.60720040002224,1.0790989158220698
129.62720151119507,1.0788499922305208
129.6472026223679,1.0786010302041733
129.66720373354076,1.078352029864381
129.6872048447136,1.0781029913325182
129.70720595588645,1.0778539147299757
129.72720706705928,1.077604800178165
129.74720817823214,1.0773556477985142
129.76720928940497,1.0771064577124712
129.7872104005778,1.0768572300415014
129.80721151175067,1.0766079649070885
129.8272126229235,1.0763586624307355
129.84721373409636,1.0761093227339624
129.8672148452692,1.0758599459383082
129.88721595644202,1.0756105321653293
129.90721706761488,1.0753610815366004
129.9272181787877,1.0751115941737148
129.94721928996057,1.0748620701982823
129.9672204011334,1.0746125097319321
129.98722151230623,1.0743629128963101
130.0072226234791,1.07411327981308
130.02722373465193,1.0738636106039239
130.0472248458248,1.073613905390541
130.06722595699762,1.073364164294648
130.08722706817045,1.0731143874379796
130.1072281793433,1.072864574942287
130.12722929051614,1.0726147269293393
130.147230401689,1.0723648435209232
130.16723151286183,1.0721149248388424
130.18723262403466,1.0718649710049177
130.20723373520752,1.0716149821409868
130.22723484638036,1.0713649583689053
130.24723595755322,1.0711148998105446
130.26723706872605,1.0708648065877946
130.28723817989888,1.0706146788225606
130.30723929107174,1.0703645166367655
130.32724040224457,1.070114320152349
130.34724151341743,1.0698640894912668
130.36724262459026,1.0696138247754932
130.3872437357631,1.0693635261270167
130.40724484693595,1.069113193667843
130.42724595810878,1.0688628275199958
130.44724706928164,1.0686124278055134
130.46724818045448,1.068361994646451
130.4872492916273,1.068111528164881
130.50725040280017,1.0678610284828902
130.527251513973,1.0676104957225836
130.54725262514586,1.0673599300060808
130.5672537363187,1.0671093314555185
130.58725484749152,1.0668587001930487
130.60725595866438,1.0666080363408394
130.6272570698372,1.0663573400210753
130.64725818101007,1.0661066113559552
130.6672592921829,1.0658558504676963
130.68726040335574,1.0656050574785292
130.7072615145286,1.0653542325107006
130.72726262570143,1.065103375686474
130.7472637368743,1.0648524871281266
130.76726484804712,1.064601566957953
130.78726595921995,1.0643506152982614
130.8072670703928,1.0640996322713763
130.82726818156564,1.063848617999638
130.8472692927385,1.0635975726054006
130.86727040391133,1.0633464962110348
130.88727151508417,1.0630953889389256
130.90727262625703,1.0628442509114728
130.92727373742986,1.0625930822510923
130.94727484860272,1.0623418830802136
130.96727595977555,1.0620906535212824
130.98727707094838,1.0618393936967578
131.00727818212124,1.0615881037291148
131.02727929329407,1.0613367837408432
131.04728040446693,1.061085433854446
131.06728151563976,1.0608340541924424
131.0872826268126,1.0605826448773652
131.10728373798545,1.0603312060317613
131.1272848491583,1.0600797377781934
131.14728596033115,1.0598282402392372
131.16728707150398,1.0595767135374834
131.1872881826768,1.0593251577955367
131.20728929384967,1.0590735731360152
131.2272904050225,1.0588219596815531
131.24729151619536,1.0585703175547962
131.2672926273682,1.0583186468784063
131.28729373854102,1.058066947775058
131.30729484971388,1.0578152203674391
131.32729596088672,1.057563464778254
131.34729707205958,1.057311681130217
131.3672981832324,1.0570598695460596
131.38729929440524,1.0568080301485245
131.4073004055781,1.0565561630603688
131.42730151675093,1.0563042684043635
131.4473026279238,1.056052346303292
131.46730373909662,1.0558003968799528
131.48730485026945,1.0555484202571557
131.5073059614423,1.0552964165577245
131.52730707261514,1.0550443859044973
131.547308183788,1.0547923284203236
131.56730929496084,1.0545402442280676
131.58731040613367,1.0542881334506051
131.60731151730653,1.0540359962108252
131.62731262847936,1.0537838326316311
131.64731373965222,1.0535316428359374
131.66731485082505,1.0532794269466723
131.68731596199788,1.0530271850867763
131.70731707317074,1.052774917379202
131.72731818434357,1.0525226239469165
131.74731929551643,1.0522703049128972
131.76732040668927,1.0520179604001356
131.7873215178621,1.0517655905316348
131.80732262903496,1.0515131954304102
131.8273237402078,1.0512607752194905
131.84732485138065,1.0510083300219148
131.86732596255348,1.0507558599607367
131.8873270737263,1.05050336515902
131.90732818489917,1.0502508457398414
131.927329296072,1.0499983018262897
131.94733040724486,1.0497457335414646
131.9673315184177,1.0494931410084798
131.98733262959053,1.0492405243504588
132.00733374076339,1.0489878836905373
132.02733485193622,1.0487352191518635
132.04733596310908,1.0484825308575965
132.0673370742819,1.0482298189309072
132.08733818545474,1.047977083494978
132.1073392966276,1.0477243246730026
132.12734040780043,1.0474715425881866
132.1473415189733,1.047218737363746
132.16734263014612,1.0469659091229098
132.18734374131895,1.0467130579889161
132.20734485249181,1.0464601840850154
132.22734596366465,1.0462072875344692
132.2473470748375,1.0459543684605495
132.26734818601034,1.0457014269865406
132.28734929718317,1.0454484632357361
132.30735040835603,1.0451954773314414
132.32735151952886,1.0449424693969722
132.34735263070172,1.0446894395556552
132.36735374187455,1.0444363879308283
132.38735485304738,1.0441833146458392
132.40735596422024,1.0439302198240459
132.42735707539308,1.0436771035888184
132.44735818656594,1.0434239660635352
132.46735929773877,1.043170807371587
132.4873604089116,1.0429176276363739
132.50736152008446,1.0426644269813057
132.5273626312573,1.0424112055298036
132.54736374243015,1.042157963405298
132.56736485360298,1.04190470073123
132.5873659647758,1.0416514176310507
132.60736707594867,1.04139811422822
132.6273681871215,1.04114479064621
132.64736929829436,1.0408914470085
132.6673704094672,1.0406380834385813
132.68737152064003,1.0403847000599533
132.7073726318129,1.0401312969961258
132.72737374298572,1.0398778743706185
132.74737485415858,1.0396244323069594
132.7673759653314,1.039370970928688
132.78737707650424,1.0391174903593512
132.8073781876771,1.038863990722506
132.82737929884993,1.0386104721417193
132.8473804100228,1.0383569347405661
132.86738152119563,1.0381033786426317
132.88738263236846,1.03784980397151
132.90738374354132,1.037596210850803
132.92738485471415,1.037342599404124
132.947385965887,1.0370889697550931
132.96738707705984,1.0368353220273405
132.98738818823267,1.0365816563445045
133.00738929940553,1.036327972830232
133.02739041057836,1.0360742716081797
133.04739152175122,1.0358205528020115
133.06739263292405,1.0355668165354015
133.0873937440969,1.0353130629320308
133.10739485526975,1.0350592921155894
133.12739596644258,1.0348055042097766
133.14739707761544,1.0345516993382986
133.16739818878827,1.034297877624871
133.1873992999611,1.0340440391932169
133.20740041113396,1.0337901841670676
133.2274015223068,1.0335363126701633
133.24740263347965,1.0332824248262509
133.26740374465248,1.0330285207590868
133.28740485582532,1.0327746005924343
133.30740596699818,1.0325206644500642
133.327407078171,1.0322667124557563
133.34740818934387,1.032012744733297
133.3674093005167,1.0317587614064812
133.38741041168953,1.031504762599111
133.4074115228624,1.0312507484349958
133.42741263403522,1.030996719037953
133.44741374520808,1.030742674531807
133.4674148563809,1.03048861504039
133.48741596755374,1.0302345406875415
133.5074170787266,1.0299804515971072
133.52741818989944,1.0297263478929417
133.5474193010723,1.0294722296989047
133.56742041224513,1.0292180971388656
133.58742152341796,1.0289639503366983
133.60742263459082,1.0287097894162844
133.62742374576365,1.0284556145015136
133.6474248569365,1.0282014257162804
133.66742596810934,1.027947223184488
133.68742707928217,1.0276930070300447
133.70742819045503,1.0274387773768663
133.72742930162786,1.0271845343488752
133.74743041280072,1.0269302780699998
133.76743152397356,1.026676008664176
133.7874326351464,1.0264217262553448
133.80743374631925,1.0261674309674538
133.82743485749208,1.025913122924458
133.84743596866494,1.025658802250317
133.86743707983777,1.0254044690689983
133.8874381910106,1.025150123504474
133.90743930218346,1.0248957656807227
133.9274404133563,1.0246413957217295
133.94744152452915,1.0243870137514848
133.96744263570199,1.0241326198939853
133.98744374687482,1.023878214273233
134.00744485804768,1.0236237970132356
134.0274459692205,1.0233693682380076
134.04744708039337,1.0231149280715672
134.0674481915662,1.0228604766379403
134.08744930273903,1.0226060140611566
134.1074504139119,1.0223515404652515
134.12745152508472,1.022097055974267
134.14745263625758,1.021842560712249
134.16745374743041,1.0215880548032494
134.18745485860325,1.021333538371325
134.2074559697761,1.021079011540537
134.22745708094894,1.020824474434954
134.2474581921218,1.020569927178647
134.26745930329463,1.0203153698956937
134.2874604144675,1.0200608027101752
134.30746152564032,1.019806225746179
134.32746263681315,1.0195516391277966
134.347463747986,1.0192970429791233
134.36746485915884,1.0190424374242608
134.3874659703317,1.0187878225873144
134.40746708150454,1.018533198592394
134.42746819267737,1.018278565563614
134.44746930385023,1.018023923625093
134.46747041502306,1.0177692729009549
134.48747152619592,1.0175146135153261
134.50747263736875,1.0172599455923395
134.52747374854158,1.0170052692561298
134.54747485971444,1.0167505846308373
134.56747597088727,1.0164958918406066
134.58747708206013,1.016241191009585
134.60747819323296,1.015986482261925
134.6274793044058,1.0157317657217817
134.64748041557866,1.0154770415133147
134.6674815267515,1.0152223097606878
134.68748263792435,1.0149675705880674
134.70748374909718,1.0147128241196244
134.72748486027,1.014458070479533
134.74748597144287,1.0142033097919703
134.7674870826157,1.0139485421811179
134.78748819378856,1.0136937677711597
134.8074893049614,1.0134389866862843
134.82749041613422,1.0131841990506822
134.84749152730708,1.0129294049885469
134.86749263847992,1.012674604624077
134.88749374965278,1.0124197980814724
134.9074948608256,1.0121649854849364
134.92749597199844,1.0119101669586756
134.9474970831713,1.0116553426268986
134.96749819434413,1.0114005126138184
134.987499305517,1.011145677043649
135.00750041668982,1.0108908360406088
135.02750152786265,1.0106359897289174
135.0475026390355,1.0103811382327976
135.06750375020835,1.0101262816764753
135.0875048613812,1.0098714201841774
135.10750597255404,1.009616553880135
135.12750708372687,1.0093616828885803
135.14750819489973,1.0091068073337477
135.16750930607256,1.0088519273398746
135.18751041724542,1.0085970430312001
135.20751152841825,1.0083421545319662
135.22751263959108,1.0080872619664156
135.24751375076394,1.0078323654587935
135.26751486193677,1.0075774651333478
135.28751597310963,1.007322561114327
135.30751708428247,1.0070676535259824
135.3275181954553,1.0068127424925668
135.34751930662816,1.0065578281383338
135.367520417801,1.0063029105875403
135.38752152897385,1.006047989964443
135.40752264014668,1.0057930663933015
135.4275237513195,1.0055381399983763
135.44752486249237,1.0052832109039285
135.4675259736652,1.0050282792342222
135.48752708483806,1.0047733451135206
135.5075281960109,1.0045184086660908
135.52752930718373,1.0042634700161988
135.5475304183566,1.004008529288112
135.56753152952942,1.0037535866061
135.58753264070228,1.003498642094432
135.6075337518751,1.0032436958773792
135.62753486304794,1.0029887480792126
135.6475359742208,1.0027337988242042
135.66753708539363,1.0024788482366278
135.6875381965665,1.0022238964407564
135.70753930773932,1.0019689435608647
135.72754041891216,1.0017139897212273
135.74754153008502,1.001459035046119
135.76754264125785,1.0012040796598158
135.7875437524307,1.0009491236865933
135.80754486360354,1.0006941672507284
135.82754597477637,1.0004392104764972
135.84754708594923,1.0001842534881762
135.86754819712206,0.9999292964100426
135.88754930829492,0.9996743393663726
135.90755041946775,0.9994193824814436
135.92755153064059,0.9991644258795318
135.94755264181345,0.9989094696849138
135.96755375298628,0.9986545140218663
135.98755486415914,0.9983995590146649
136.00755597533197,0.998144604787586
136.0275570865048,0.9978896514649047
136.04755819767766,0.9976346991708956
136.0675593088505,0.9973797480298339
136.08756042002335,0.9971247981659926
136.10756153119618,0.9968698497036459
136.127562642369,0.9966149027670659
136.14756375354187,0.9963599574805239
136.1675648647147,0.9961050139682921
136.18756597588757,0.9958500723546398
136.2075670870604,0.995595132763837
136.22756819823323,0.9953401953201515
136.2475693094061,0.9950852601478503
136.26757042057892,0.9948303273711999
136.28757153175178,0.994575397114465
136.3075726429246,0.9943204695019097
136.32757375409744,0.9940655446577962
136.3475748652703,0.9938106227063851
136.36757597644313,0.9935557037719369
136.387577087616,0.9933007879787091
136.40757819878883,0.993045875450959
136.42757930996166,0.9927909663129414
136.44758042113452,0.9925360606889089
136.46758153230735,0.9922811587031147
136.4875826434802,0.9920262604798078
136.50758375465304,0.9917713661432367
136.52758486582587,0.9915164758176475
136.54758597699873,0.9912615896272841
136.56758708817156,0.9910067076963892
136.58758819934442,0.9907518301492025
136.60758931051726,0.9904969571099628
136.6275904216901,0.9902420887029053
136.64759153286295,0.9899872250522633
136.66759264403578,0.9897323662822689
136.68759375520864,0.9894775125171502
136.70759486638147,0.9892226638811342
136.7275959775543,0.9889678204984447
136.74759708872716,0.9887129824933025
136.7675981999,0.9884581499899272
136.78759931107285,0.9882033231125338
136.80760042224568,0.987948501985337
136.82760153341852,0.9876936867325466
136.84760264459138,0.98743887747837
136.8676037557642,0.9871840743470125
136.88760486693707,0.9869292774626752
136.9076059781099,0.9866744869495575
136.92760708928273,0.9864197029318548
136.9476082004556,0.9861649255337589
136.96760931162842,0.98591015487946
136.98761042280128,0.985655391093143
137.0076115339741,0.9854006342989915
137.02761264514695,0.9851458846211841
137.0476137563198,0.9848911421838964
137.06761486749264,0.9846364071113008
137.0876159786655,0.9843816795275654
137.10761708983833,0.984126959556856
137.12761820101116,0.9838722473233334
137.14761931218402,0.9836175429511548
137.16762042335685,0.9833628465644741
137.1876215345297,0.9831081582874408
137.20762264570254,0.982853478244201
137.22762375687537,0.9825988065588963
137.24762486804823,0.982344143355664
137.26762597922107,0.9820894887586382
137.28762709039393,0.9818348428919478
137.30762820156676,0.9815802058797183
137.3276293127396,0.9813255778460703
137.34763042391245,0.9810709589151199
137.36763153508528,0.9808163492109797
137.38763264625814,0.9805617488577564
137.40763375743097,0.9803071579795537
137.4276348686038,0.9800525767004695
137.44763597977666,0.9797980051445968
137.4676370909495,0.9795434434360257
137.48763820212235,0.9792888916988394
137.5076393132952,0.9790343500571176
137.52764042446802,0.9787798186349344
137.54764153564088,0.9785252975563588
137.5676426468137,0.9782707869454556
137.58764375798657,0.9780162869262833
137.6076448691594,0.9777617976228967
137.62764598033223,0.9775073191593442
137.6476470915051,0.977252851659669
137.66764820267792,0.9769983952479098
137.68764931385078,0.9767439500480987
137.70765042502362,0.9764895161842637
137.72765153619645,0.9762350937804262
137.7476526473693,0.9759806829606017
137.76765375854214,0.975726283848802
137.787654869715,0.9754718965690311
137.80765598088783,0.9752175212452885
137.82765709206066,0.9749631580015672
137.84765820323352,0.9747088069618541
137.86765931440635,0.9744544682501314
137.8876604255792,0.9742001419903737
137.90766153675204,0.973945828306551
137.92766264792488,0.9736915273226261
137.94766375909774,0.9734372391625558
137.96766487027057,0.9731829639502912
137.98766598144343,0.9729287018097763
138.00766709261626,0.9726744528649498
138.0276682037891,0.9724202172397429
138.04766931496195,0.9721659950580805
138.06767042613478,0.9719117864438814
138.08767153730764,0.9716575915210576
138.10767264848047,0.9714034104135146
138.1276737596533,0.9711492432451508
138.14767487082617,0.9708950901398575
138.167675981999,0.9706409512215204
138.18767709317186,0.9703868266140167
138.2076782043447,0.9701327164412181
138.22767931551752,0.9698786208269883
138.24768042669038,0.9696245398951837
138.2676815378632,0.9693704737696548
138.28768264903607,0.9691164225742435
138.3076837602089,0.9688623864327854
138.32768487138173,0.9686083654691084
138.3476859825546,0.9683543598070325
138.36768709372743,0.9681003695703715
138.3876882049003,0.9678463948829298
138.40768931607312,0.9675924358685066
138.42769042724595,0.9673384926508917
138.4476915384188,0.9670845653538672
138.46769264959164,0.9668306541012087
138.4876937607645,0.9665767590166826
138.50769487193733,0.9663228802240486
138.52769598311016,0.9660690178470575
138.54769709428302,0.9658151720094523
138.56769820545586,0.9655613428349686
138.58769931662871,0.965307530447333
138.60770042780155,0.9650537349702648
138.62770153897438,0.9647999565274743
138.64770265014724,0.9645461952426634
138.66770376132007,0.9642924512395267
138.68770487249293,0.964038724641749
138.70770598366576,0.9637850155730078
138.7277070948386,0.9635313241569716
138.74770820601145,0.9632776505172999
138.76770931718428,0.9630239947776442
138.78771042835714,0.9627703570616466
138.80771153952998,0.9625167374929413
138.82771265070284,0.9622631361951526
138.84771376187567,0.962009553291897
138.8677148730485,0.9617559889067809
138.88771598422136,0.9615024431634024
138.9077170953942,0.9612489161853506
138.92771820656705,0.9609954080962048
138.94771931773988,0.9607419190195359
138.9677204289127,0.960488449078905
138.98772154008557,0.9602349983978635
139.0077226512584,0.9599815670999547
139.02772376243126,0.9597281553087107
139.0477248736041,0.9594747631476562
139.06772598477693,0.9592213907403047
139.0877270959498,0.9589680382101602
139.10772820712262,0.9587147056807178
139.12772931829548,0.9584613932754621
139.1477304294683,0.9582081011178687
139.16773154064114,0.9579548293314025
139.187732651814,0.9577015780395185
139.20773376298683,0.9574483473656626
139.2277348741597,0.9571951374332696
139.24773598533253,0.9569419483657652
139.26773709650536,0.9566887802865639
139.28773820767822,0.9564356333190704
139.30773931885105,0.9561825075866798
139.3277404300239,0.9559294032127753
139.34774154119674,0.9556763203207312
139.36774265236957,0.955423259033911
139.38774376354243,0.9551702194756667
139.40774487471526,0.954917201769341
139.42774598588812,0.9546642060382649
139.44774709706095,0.9544112324057595
139.4677482082338,0.9541582809951348
139.48774931940665,0.9539053519296894
139.50775043057948,0.9536524453327123
139.52775154175234,0.95339956132748
139.54775265292517,0.9531467000372597
139.567753764098,0.9528938615853061
139.58775487527086,0.9526410460948629
139.6077559864437,0.9523882536891638
139.62775709761655,0.9521354844914297
139.64775820878938,0.9518827386248716
139.66775931996222,0.9516300162126882
139.68776043113508,0.9513773173780662
139.7077615423079,0.951124642244183
139.72776265348077,0.9508719909342023
139.7477637646536,0.9506193635712773
139.76776487582643,0.950366760278549
139.7877659869993,0.9501141811791466
139.80776709817212,0.9498616263961883
139.82776820934498,0.9496090960527793
139.8477693205178,0.9493565902720142
139.86777043169064,0.9491041091769746
139.8877715428635,0.94885165289073
139.90777265403634,0.9485992215363389
139.9277737652092,0.9483468152368462
139.94777487638203,0.9480944341152862
139.96777598755486,0.9478420782946794
139.98777709872772,0.9475897478980343
140.00777820990055,0.9473374430483484
140.0277793210734,0.947085163868605
140.04778043224624,0.9468329104817759
140.06778154341907,0.9465806830108198
140.08778265459193,0.9463284815786827
140.10778376576476,0.9460763063082988
140.12778487693762,0.9458241573225882
140.14778598811046,0.9455720347444596
140.1677870992833,0.9453199386968079
140.18778821045615,0.9450678693025147
140.20778932162898,0.9448158266844503
140.22779043280184,0.9445638109654698
140.24779154397467,0.9443118222684171
140.2677926551475,0.9440598607161218
140.28779376632036,0.9438079264314001
140.3077948774932,0.943556019537056
140.32779598866605,0.9433041401558786
140.34779709983889,0.9430522884106457
140.36779821101172,0.9428004644241199
140.38779932218458,0.9425486683190505
140.4078004333574,0.9422969002181739
140.42780154453027,0.942045160244212
140.4478026557031,0.941793448519874
140.46780376687593,0.9415417651678546
140.4878048780488,0.9412901103108342
140.50780598922162,0.9410384840714809
140.52780710039448,0.9407868865724472
140.54780821156731,0.9405353179363729
140.56780932274015,0.9402837782858827
140.587810433913,0.9400322677435874
140.60781154508584,0.9397807864320844
140.6278126562587,0.9395293344739553
140.64781376743153,0.9392779119917696
140.66781487860436,0.9390265191080805
140.68781598977722,0.9387751559454273
140.70781710095005,0.9385238226263355
140.7278182121229,0.9382725192733148
140.74781932329574,0.9380212460088618
140.76782043446858,0.9377700029554572
140.78782154564144,0.9375187902355673
140.80782265681427,0.9372676079716441
140.82782376798713,0.9370164562861238
140.84782487915996,0.9367653353014292
140.8678259903328,0.9365142451399666
140.88782710150565,0.9362631859241277
140.90782821267848,0.9360121577762899
140.92782932385134,0.9357611608188142
140.94783043502417,0.9355101951740479
140.967831546197,0.9352592609643215
140.98783265736986,0.9350083583119506
141.0078337685427,0.9347574873392369
141.02783487971556,0.9345066481684643
141.0478359908884,0.9342558409219032
141.06783710206122,0.9340050657218072
141.08783821323408,0.9337543226904143
141.1078393244069,0.9335036119499478
141.12784043557977,0.9332529336226141
141.1478415467526,0.933002287830605
141.16784265792543,0.9327516746960953
141.1878437690983,0.9325010943412443
141.20784488027113,0.9322505468881959
141.22784599144398,0.9320000324590768
141.24784710261682,0.9317495511759989
141.26784821378965,0.931499103161057
141.2878493249625,0.9312486885363294
141.30785043613534,0.9309983074238799
141.3278515473082,0.9307479599457538
141.34785265848103,0.9304976462239817
141.36785376965386,0.9302473663805766
141.38785488082672,0.9299971205375352
141.40785599199955,0.9297469088168384
141.4278571031724,0.9294967313404494
141.44785821434525,0.9292465882303156
141.46785932551808,0.9289964796083672
141.48786043669094,0.9287464055965172
141.50786154786377,0.9284963663166628
141.52786265903663,0.9282463618906831
141.54786377020946,0.9279963924404413
141.5678648813823,0.9277464580877828
141.58786599255515,0.9274965589545356
141.60786710372798,0.9272466951625119
141.62786821490084,0.9269968668335047
141.64786932607367,0.9267470740892921
141.6678704372465,0.9264973170516331
141.68787154841937,0.9262475958422693
141.7078726595922,0.925997910582926
141.72787377076506,0.9257482613953096
141.7478748819379,0.9254986484011103
141.76787599311072,0.9252490717219995
141.78787710428358,0.9249995314796313
141.8078782154564,0.9247500277956425
141.82787932662927,0.9245005607916512
141.8478804378021,0.9242511305892587
141.86788154897494,0.9240017373100473
141.8878826601478,0.9237523810755817
141.90788377132063,0.9235030620074088
141.9278848824935,0.9232537802270568
141.94788599366632,0.923004535856037
141.96788710483915,0.922755329015841
141.987888216012,0.9225061598279425
142.00788932718484,0.9222570284137975
142.0278904383577,0.9220079348948427
142.04789154953053,0.9217588793924971
142.06789266070336,0.9215098620281607
142.08789377187622,0.9212608829232146
142.10789488304906,0.9210119421990224
142.12789599422192,0.9207630399769275
142.14789710539475,0.9205141763782562
142.16789821656758,0.9202653515243144
142.18789932774044,0.9200165655363898
142.20790043891327,0.9197678185357515
142.22790155008613,0.9195191106436489
142.24790266125896,0.9192704419813127
142.2679037724318,0.9190218126699549
142.28790488360465,0.9187732228307671
142.30790599477749,0.9185246725849233
142.32790710595035,0.9182761620535767
142.34790821712318,0.9180276913578622
142.367909328296,0.9177792606188946
142.38791043946887,0.9175308699577692
142.4079115506417,0.9172825194955627
142.42791266181456,0.917034209353331
142.4479137729874,0.9167859396521113
142.46791488416022,0.9165377105129205
142.48791599533308,0.9162895220567556
142.50791710650591,0.9160413744045947
142.52791821767877,0.9157932676773948
142.5479193288516,0.9155452019960939
142.56792044002444,0.9152971774816098
142.5879215511973,0.915049194254839
142.60792266237013,0.9148012524366604
142.627923773543,0.9145533521479304
142.64792488471582,0.9143054935094865
142.66792599588865,0.9140576766421452
142.6879271070615,0.9138099016667024
142.70792821823434,0.9135621687039347
142.7279293294072,0.9133144778745971
142.74793044058003,0.9130668292994248
142.76793155175287,0.9128192230991322
142.78793266292573,0.9125716593944124
142.80793377409856,0.9123241383059391
142.82793488527142,0.9120766599543637
142.84793599644425,0.9118292244603182
142.86793710761708,0.9115818319444129
142.88793821878994,0.9113344825272366
142.90793932996277,0.911087176329359
142.92794044113563,0.9108399134713266
142.94794155230846,0.9105926940736664
142.9679426634813,0.9103455182568831
142.98794377465416,0.9100983861414604
143.007944885827,0.9098512978478615
143.02794599699985,0.9096042534965267
143.04794710817268,0.9093572532078767
143.0679482193455,0.9091102971023095
143.08794933051837,0.9088633853002016
143.1079504416912,0.9086165179219086
143.12795155286406,0.9083696950877636
143.1479526640369,0.9081229169180788
143.16795377520972,0.9078761835331443
143.18795488638258,0.9076294950532277
143.20795599755542,0.907382851598576
143.22795710872828,0.9071362532894128
143.2479582199011,0.9068897002459416
143.26795933107394,0.9066431925883423
143.2879604422468,0.9063967304367724
143.30796155341963,0.9061503139113687
143.3279626645925,0.9059039431322444
143.34796377576532,0.9056576182194915
143.36796488693818,0.9054113392931787
143.387965998111,0.9051651064733531
143.40796710928385,0.9049189198800387
143.4279682204567,0.9046727796332368
143.44796933162954,0.9044266858529272
143.4679704428024,0.9041806386590656
143.48797155397523,0.9039346381715866
143.50797266514806,0.9036886845104006
143.52797377632092,0.9034427777953954
143.54797488749375,0.9031969181464372
143.5679759986666,0.9029511056833677
143.58797710983944,0.9027053405260065
143.60797822101227,0.9024596227941498
143.62797933218513,0.9022139526075703
143.64798044335797,0.9019683300860187
143.66798155453083,0.9017227553492212
143.68798266570366,0.9014772285168816
143.7079837768765,0.9012317497086799
143.72798488804935,0.9009863190442723
143.74798599922218,0.9007409366432928
143.76798711039504,0.9004956026253503
143.78798822156787,0.9002503171100318
143.8079893327407,0.9000050802168992
143.82799044391356,0.899759892065491
143.8479915550864,0.8995147527753229
143.86799266625925,0.8992696624658851
143.8879937774321,0.8990246212566462
143.90799488860492,0.8987796292670489
143.92799599977778,0.8985346866165123
143.9479971109506,0.8982897934244324
143.96799822212347,0.8980449498101798
143.9879993332963,0.8978001558931021
144.00800044446913,0.897555411792522
144.028001555642,0.8973107176277375
144.04800266681482,0.8970660735180237
144.06800377798768,0.8968214795826296
144.08800488916052,0.8965769359407812
144.10800600033335,0.8963324427116792
144.1280071115062,0.8960880000144994
144.14800822267904,0.8958436079683941
144.1680093338519,0.8955992666924893
144.18801044502473,0.8953549763058886
144.20801155619756,0.8951107369276685
144.22801266737042,0.8948665486768814
144.24801377854325,0.8946224116725556
144.2680148897161,0.8943783260336928
144.28801600088894,0.8941342918792716
144.30801711206178,0.8938903093282441
144.32801822323464,0.8936463784995371
144.34801933440747,0.8934024995120535
144.36802044558033,0.8931586724846696
144.38802155675316,0.8929148975362375
144.408022667926,0.8926711747855831
144.42802377909885,0.8924275043515066
144.44802489027168,0.8921838863527841
144.46802600144454,0.8919403209081646
144.48802711261737,0.8916968081363724
144.5080282237902,0.8914533481561059
144.52802933496307,0.891209941086037
144.5480304461359,0.8909665870448138
144.56803155730876,0.8907232861510563
144.5880326684816,0.8904800385233602
144.60803377965442,0.8902368442802944
144.62803489082728,0.8899937035404015
144.6480360020001,0.8897506164221992
144.66803711317297,0.8895075830441779
144.6880382243458,0.8892646035248027
144.70803933551863,0.8890216779825119
144.7280404466915,0.8887788065357172
144.74804155786433,0.8885359893028049
144.7680426690372,0.8882932264021337
144.78804378021002,0.8880505179520373
144.80804489138285,0.8878078640708214
144.8280460025557,0.8875652648767652
144.84804711372854,0.887322720488123
144.8680482249014,0.8870802310231201
144.88804933607423,0.8868377965999568
144.90805044724706,0.8865954173368055
144.92805155841992,0.8863530933518116
144.94805266959276,0.8861108247630947
144.96805378076562,0.885868611688746
144.98805489193845,0.885626454246831
145.00805600311128,0.885384352555387
145.02805711428414,0.8851423067324246
145.04805822545697,0.8849003168959273
145.06805933662983,0.8846583831638506
145.08806044780266,0.8844165056541239
145.1080615589755,0.884174684484648
145.12806267014835,0.8839329197732966
145.14806378132118,0.8836912116379163
145.16806489249404,0.883449560196325
145.18806600366688,0.8832079655663152
145.2080671148397,0.8829664278656494
145.22806822601257,0.882724947212063
145.2480693371854,0.8824835237232644
145.26807044835826,0.882242157516933
145.2880715595311,0.8820008487107214
145.30807267070392,0.8817595974222534
145.32807378187678,0.8815184037691246
145.3480748930496,0.8812772678689036
145.36807600422247,0.8810361898391296
145.3880771153953,0.8807951697973146
145.40807822656814,0.8805542078609417
145.428079337741,0.8803133041474657
145.44808044891383,0.8800724587743136
145.4680815600867,0.8798316718588828
145.48808267125952,0.8795909435185439
145.50808378243235,0.8793502738706377
145.5280848936052,0.8791096630324763
145.54808600477804,0.878869111121344
145.5680871159509,0.8786286182544956
145.58808822712373,0.8783881845491577
145.60808933829657,0.8781478101225277
145.62809044946943,0.8779074950917738
145.64809156064226,0.8776672395740363
145.66809267181512,0.8774270436864251
145.68809378298795,0.8771869075460226
145.70809489416078,0.8769468312698807
145.72809600533364,0.8767068149750226
145.74809711650647,0.8764668587784427
145.76809822767933,0.8762269627971052
145.78809933885216,0.8759871271479462
145.808100450025,0.8757473519478709
145.82810156119785,0.8755076373137562
145.8481026723707,0.8752679833624495
145.86810378354355,0.8750283902107674
145.88810489471638,0.8747888579754983
145.9081060058892,0.8745493867734
145.92810711706207,0.8743099767212006
145.9481082282349,0.8740706279355992
145.96810933940776,0.8738313405332636
145.9881104505806,0.8735921146308335
146.00811156175342,0.8733529503449172
146.02811267292628,0.8731138477920931
146.04811378409912,0.8728748070889105
146.06811489527198,0.8726358283518871
146.0881160064448,0.8723969116975121
146.10811711761764,0.8721580572422428
146.1281182287905,0.8719192651025066
146.14811933996333,0.8716805353947019
146.1681204511362,0.8714418682351949
146.18812156230902,0.8712032637403222
146.20812267348185,0.8709647220263897
146.2281237846547,0.8707262432096722
146.24812489582754,0.870487827406415
146.2681260070004,0.8702494747328312
146.28812711817324,0.8700111853051047
146.30812822934607,0.8697729592393872
146.32812934051893,0.8695347966518001
146.34813045169176,0.8692966976584344
146.36813156286462,0.8690586623753488
146.38813267403745,0.8688206909185724
146.40813378521028,0.8685827834041022
146.42813489638314,0.8683449399479036
146.44813600755597,0.8681071606659129
146.46813711872883,0.8678694456740326
146.48813822990166,0.8676317950881356
146.5081393410745,0.8673942090240626
146.52814045224736,0.8671566875976228
146.5481415634202,0.8669192309245943
146.56814267459305,0.8666818391207234
146.58814378576588,0.8664445123017251
146.6081448969387,0.8662072505832823
146.62814600811157,0.8659700540810459
146.6481471192844,0.8657329229106361
146.66814823045726,0.8654958571876401
146.6881493416301,0.8652588570276141
146.70815045280293,0.8650219225460818
146.72815156397579,0.8647850538585347
146.74815267514862,0.864548251080433
146.76815378632148,0.8643115143272037
146.7881548974943,0.8640748437142431
146.80815600866714,0.863838239356914
146.82815711984,0.863601701370547
146.84815823101283,0.8633652298704413
146.8681593421857,0.8631288249718623
146.88816045335852,0.8628924867900443
146.90816156453135,0.8626562154401882
146.92816267570421,0.8624200110374624
146.94816378687705,0.8621838736970032
146.9681648980499,0.8619478035339134
146.98816600922274,0.8617118006632642
147.00816712039557,0.8614758652000929
147.02816823156843,0.861239997259404
147.04816934274126,0.8610041969561703
147.06817045391412,0.8607684644053296
147.08817156508695,0.8605327997217891
147.10817267625978,0.8602972030204212
147.12817378743264,0.8600616744160652
147.14817489860548,0.8598262140235282
147.16817600977834,0.8595908219575831
147.18817712095117,0.8593554983329703
147.208178232124,0.8591202432643962
147.22817934329686,0.8588850568665336
147.2481804544697,0.858649939254023
147.26818156564255,0.8584148905414698
147.28818267681538,0.8581799108434474
147.3081837879882,0.8579450002744944
147.32818489916107,0.8577101589491156
147.3481860103339,0.8574753869817835
147.36818712150676,0.857240684486935
147.3881882326796,0.8570060515789746
147.40818934385243,0.8567714883722719
147.4281904550253,0.8565369949811622
147.44819156619812,0.8563025715199488
147.46819267737098,0.8560682181028985
147.4881937885438,0.8558339348442456
147.50819489971664,0.8555997218581896
147.5281960108895,0.855365579258895
147.54819712206233,0.8551315071604936
147.5681982332352,0.8548975056770813
147.58819934440803,0.8546635749227209
147.60820045558086,0.8544297150114397
147.62820156675372,0.8541959260572306
147.64820267792655,0.8539622081740528
147.6682037890994,0.8537285614758295
147.68820490027224,0.8534949860764507
147.70820601144507,0.8532614820897704
147.72820712261793,0.8530280496296077
147.74820823379076,0.8527946888097485
147.76820934496362,0.852561399743942
147.78821045613645,0.8523281825459034
147.80821156730929,0.8520950373293125
147.82821267848215,0.8518619642078136
147.84821378965498,0.8516289632950171
147.86821490082784,0.8513960347044967
147.88821601200067,0.8511631785497922
147.9082171231735,0.8509303949444073
147.92821823434636,0.85069768400181
147.9482193455192,0.8504650458354341
147.96822045669205,0.8502324805586766
147.98822156786488,0.8499999882849003
148.00822267903774,0.8497675691274309
148.02822379021057,0.84953522319956
148.0482249013834,0.8493029506145424
148.06822601255627,0.849070751485597
148.0882271237291,0.8488386259259084
148.10822823490196,0.8486065740486237
148.1282293460748,0.8483745959668554
148.14823045724762,0.8481426917936786
148.16823156842048,0.8479108616421334
148.1882326795933,0.8476791056252236
148.20823379076617,0.8474474238559168
148.228234901939,0.8472158164471445
148.24823601311184,0.846984283511802
148.2682371242847,0.8467528251627476
148.28823823545753,0.8465214415128045
148.3082393466304,0.8462901326747583
148.32824045780322,0.8460588987613591
148.34824156897605,0.8458277398853198
148.3682426801489,0.8455966561593165
148.38824379132174,0.8453656476959899
148.4082449024946,0.8451347146079428
148.42824601366743,0.844903857007742
148.44824712484026,0.844673075007917
148.46824823601312,0.8444423687209602
148.48824934718596,0.8442117382593284
148.50825045835882,0.8439811837354398
148.52825156953165,0.843750705261677
148.54825268070448,0.8435203029503845
148.56825379187734,0.84328997691387
148.58825490305017,0.8430597272644044
148.60825601422303,0.8428295541142206
148.62825712539586,0.8425994575755151
148.6482582365687,0.8423694377604467
148.66825934774155,0.8421394947811361
148.68826045891439,0.8419096287496679
148.70826157008725,0.8416798397780875
148.72826268126008,0.8414501279784049
148.7482637924329,0.8412204934625906
148.76826490360577,0.840990936342578
148.7882660147786,0.8407614567302635
148.80826712595146,0.8405320547375041
148.8282682371243,0.8403027304761211
148.84826934829712,0.8400734840578963
148.86827045946998,0.8398443155945734
148.88827157064281,0.8396152251978598
148.90827268181567,0.839386212979423
148.9282737929885,0.8391572790508938
148.94827490416134,0.8389284235238638
148.9682760153342,0.8386996465098866
148.98827712650703,0.8384709481204783
149.0082782376799,0.8382423284671152
149.02827934885272,0.8380137876612374
149.04828046002555,0.8377853258142446
149.0682815711984,0.8375569430374984
149.08828268237124,0.8373286394423228
149.1082837935441,0.837100415140002
149.12828490471693,0.8368722702417827
149.14828601588977,0.8366442048588718
149.16828712706263,0.836416219102438
149.18828823823546,0.8361883130836115
149.20828934940832,0.8359604869134827
149.22829046058115,0.8357327407031043
149.24829157175398,0.8355050745634891
149.26829268292684,0.8352774886056107
149.28829379409967,0.8350499829404048
149.30829490527253,0.8348225576787665
149.32829601644536,0.8345952129315531
149.3482971276182,0.8343679488095814
149.36829823879106,0.8341407654236297
149.3882993499639,0.8339136628844371
149.40830046113675,0.8336866413027024
149.42830157230958,0.8334597007890858
149.4483026834824,0.8332328414542076
149.46830379465527,0.833006063408648
149.4883049058281,0.8327793667629491
149.50830601700096,0.8325527516276114
149.5283071281738,0.8323262181130976
149.54830823934662,0.8320997663298291
149.56830935051948,0.8318733963881877
149.58831046169232,0.8316471083985163
149.60831157286518,0.8314209024711167
149.628312684038,0.8311947787162515
149.64831379521084,0.8309687372441428
149.6683149063837,0.8307427781649721
149.68831601755653,0.8305169015888825
149.7083171287294,0.8302911076259748
149.72831823990222,0.8300653963863112
149.74831935107505,0.8298397679799123
149.7683204622479,0.8296142225167589
149.78832157342075,0.8293887601067916
149.8083226845936,0.8291633808599099
149.82832379576644,0.8289380848859735
149.84832490693927,0.8287128722948011
149.86832601811213,0.8284877431961702
149.88832712928496,0.828262697699819
149.90832824045782,0.8280377359154434
149.92832935163065,0.8278128579526998
149.94833046280348,0.8275880639212029
149.96833157397634,0.8273633539305265
149.98833268514917,0.827138728090204
150.00833379632203,0.8269141865097274
150.02833490749487,0.8266897292985479
150.0483360186677,0.8264653565660753
150.06833712984056,0.826241068421678
150.0883382410134,0.8260168649746839
150.10833935218625,0.8257927463343786
150.12834046335908,0.8255687126100076
150.1483415745319,0.825344763910774
150.16834268570477,0.8251209003458396
150.1883437968776,0.8248971220243255
150.20834490805046,0.8246734290553099
150.2283460192233,0.8244498215478309
150.24834713039613,0.8242262996108838
150.268348241569,0.8240028633534223
150.28834935274182,0.8237795128843594
150.30835046391468,0.8235562483125642
150.3283515750875,0.8233330697468669
150.34835268626034,0.8231099772960532
150.3683537974332,0.8228869710688675
150.38835490860603,0.8226640511740131
150.4083560197789,0.8224412177201497
150.42835713095172,0.8222184708158965
150.44835824212456,0.8219958105698294
150.46835935329742,0.8217732370904819
150.48836046447025,0.8215507504863464
150.5083615756431,0.8213283508658715
150.52836268681594,0.8211060383374649
150.54836379798877,0.8208838130094905
150.56836490916163,0.8206616749902702
150.58836602033446,0.8204396243880839
150.60836713150732,0.8202176613111676
150.62836824268015,0.8199957858677165
150.64836935385298,0.8197739981658814
150.66837046502584,0.8195522983137706
150.68837157619868,0.8193306864194508
150.70837268737154,0.8191091625909441
150.72837379854437,0.8188877269362311
150.7483749097172,0.8186663795632487
150.76837602089006,0.8184451205798906
150.7883771320629,0.8182239500940082
150.80837824323575,0.8180028682134086
150.82837935440858,0.8177818750458573
150.8483804655814,0.8175609706990752
150.86838157675427,0.81734015528074
150.8883826879271,0.817119428898487
150.90838379909997,0.8168987916599071
150.9283849102728,0.8166782436725485
150.94838602144563,0.8164577850439155
150.9683871326185,0.8162374158814681
150.98838824379132,0.8160171362926248
151.00838935496418,0.8157969463847583
151.028390466137,0.8155768462651988
151.04839157730984,0.8153568360412322
151.0683926884827,0.8151369158201003
151.08839379965553,0.8149170857090022
151.1083949108284,0.8146973458150917
151.12839602200123,0.8144776962454797
151.14839713317406,0.8142581371072326
151.16839824434692,0.8140386685073722
151.18839935551975,0.8138192905528774
151.2084004666926,0.8136000033506817
151.22840157786544,0.8133808070076753
151.24840268903827,0.8131617016307038
151.26840380021113,0.8129426873265673
151.28840491138396,0.8127237642020241
151.30840602255682,0.8125049323637854
151.32840713372966,0.8122861919185198
151.3484082449025,0.8120675429728503
151.36840935607535,0.8118489856333552
151.38841046724818,0.811630520006569
151.40841157842104,0.8114121461989807
151.42841268959387,0.8111938643170352
151.4484138007667,0.8109756744671321
151.46841491193956,0.8107575767556261
151.4884160231124,0.8105395712888276
151.50841713428525,0.8103216581730011
151.52841824545808,0.8101038375143672
151.54841935663092,0.8098861094191006
151.56842046780378,0.8096684739933306
151.5884215789766,0.8094509313431428
151.60842269014947,0.8092334815745755
151.6284238013223,0.8090161247936241
151.64842491249513,0.8087988611062368
151.668426023668,0.8085816906183168
151.68842713484082,0.8083646134357225
151.70842824601368,0.8081476296642662
151.7284293571865,0.8079307394097153
151.74843046835935,0.807713942777791
151.7684315795322,0.8074972398741687
151.78843269070504,0.807280630804479
151.8084338018779,0.8070641156743059
151.82843491305073,0.8068476945891885
151.84843602422356,0.8066313676546193
151.86843713539642,0.8064151349760446
151.88843824656925,0.806198996658866
151.9084393577421,0.8059829528084376
151.92844046891494,0.8057670035300694
151.94844158008777,0.8055511489290234
151.96844269126063,0.805335389110516
151.98844380243347,0.8051197241797183
152.00844491360633,0.8049041542417539
152.02844602477916,0.8046886794017009
152.048447135952,0.8044732997645908
152.06844824712485,0.8042580154354082
152.08844935829768,0.8040428265190924
152.10845046947054,0.8038277331205351
152.12845158064337,0.8036127353445822
152.1484526918162,0.8033978332960324
152.16845380298906,0.8031830270796378
152.1884549141619,0.8029683168001044
152.20845602533475,0.8027537025620906
152.2284571365076,0.8025391844702089
152.24845824768042,0.802324762629024
152.26845935885328,0.8021104371430539
152.2884604700261,0.8018962081167705
152.30846158119897,0.8016820756545976
152.3284626923718,0.8014680398609126
152.34846380354463,0.8012541008400456
152.3684649147175,0.8010402586962789
152.38846602589032,0.8008265135338488
152.40846713706318,0.8006128654569433
152.42846824823602,0.8003993145697036
152.44846935940885,0.8001858609762235
152.4684704705817,0.7999725047805486
152.48847158175454,0.7997592460866785
152.5084726929274,0.7995460849985638
152.52847380410023,0.7993330216201088
152.5484749152731,0.7991200560551686
152.56847602644592,0.7989071884075527
152.58847713761875,0.7986944187810212
152.6084782487916,0.7984817472792867
152.62847935996444,0.7982691740060147
152.6484804711373,0.7980566990648219
152.66848158231014,0.797844322559278
152.68848269348297,0.7976320445929039
152.70848380465583,0.7974198652691726
152.72848491582866,0.7972077846915098
152.74848602700152,0.7969958029632919
152.76848713817435,0.7967839201878482
152.78848824934718,0.796572136468459
152.80848936052004,0.7963604519083564
152.82849047169287,0.7961488666107247
152.84849158286573,0.7959373806786991
152.86849269403857,0.7957259942153673
152.8884938052114,0.7955147073237676
152.90849491638426,0.7953035201068894
152.9284960275571,0.7950924326676756
152.94849713872995,0.794881445109018
152.96849824990278,0.7946705575337616
152.9884993610756,0.7944597700447015
153.00850047224847,0.794249082744584
153.0285015834213,0.7940384957361075
153.04850269459416,0.7938280091219205
153.068503805767,0.7936176230046237
153.08850491693983,0.7934073374867675
153.10850602811269,0.7931971526708539
153.12850713928552,0.7929870686593361
153.14850825045838,0.7927770855546177
153.1685093616312,0.7925672034590535
153.18851047280404,0.7923574224749488
153.2085115839769,0.792147742704559
153.22851269514973,0.7919381642500919
153.2485138063226,0.7917286872137042
153.26851491749542,0.791519311697504
153.28851602866825,0.7913100378035498
153.30851713984111,0.7911008656338501
153.32851825101395,0.7908917952903647
153.3485193621868,0.7906828268750028
153.36852047335964,0.7904739604896249
153.38852158453247,0.790265196236041
153.40852269570533,0.7900565342160111
153.42852380687816,0.7898479745312467
153.44852491805102,0.7896395172834078
153.46852602922385,0.7894311625741057
153.48852714039668,0.7892229105049012
153.50852825156954,0.7890147611773047
153.52852936274238,0.7888067146927773
153.54853047391524,0.7885987711527295
153.56853158508807,0.7883909306585218
153.5885326962609,0.7881831933114645
153.60853380743376,0.787975559212817
153.6285349186066,0.7877680284637896
153.64853602977945,0.7875606011655406
153.66853714095228,0.7873532774191797
153.6885382521251,0.7871460573257648
153.70853936329797,0.7869389409863035
153.7285404744708,0.7867319285017532
153.74854158564366,0.7865250199730204
153.7685426968165,0.7863182155009613
153.78854380798933,0.7861115151863808
153.8085449191622,0.7859049191300331
153.82854603033502,0.7856984274326224
153.84854714150788,0.7854920401948007
153.8685482526807,0.7852857575171706
153.88854936385354,0.7850795795002825
153.9085504750264,0.7848735062446361
153.92855158619923,0.7846675378506806
153.9485526973721,0.7844616744188131
153.96855380854493,0.7842559160493807
153.98855491971776,0.7840502628426783
154.00855603089062,0.7838447148989497
154.02855714206345,0.7836392723183881
154.0485582532363,0.7834339352011345
154.06855936440914,0.783228703647279
154.08856047558197,0.7830235777568602
154.10856158675483,0.7828185576298646
154.12856269792766,0.7826136433662282
154.14856380910052,0.7824088350658343
154.16856492027335,0.7822041328285152
154.1885660314462,0.7819995367540519
154.20856714261905,0.7817950469421724
154.22856825379188,0.7815906634925541
154.24856936496474,0.7813863865048217
154.26857047613757,0.7811822160785489
154.2885715873104,0.7809781523132567
154.30857269848326,0.780774195308414
154.3285738096561,0.7805703451634386
154.34857492082895,0.7803666019776949
154.36857603200178,0.7801629658504967
154.38857714317462,0.7799594368811045
154.40857825434747,0.7797560151687265
154.4285793655203,0.7795527008125195
154.44858047669317,0.779349493911587
154.468581587866,0.779146394564981
154.48858269903883,0.7789434028717006
154.5085838102117,0.7787405189306918
154.52858492138452,0.7785377428408499
154.54858603255738,0.7783350747010156
154.5685871437302,0.7781325146099783
154.58858825490304,0.7779300626664742
154.6085893660759,0.7777277189691867
154.62859047724874,0.777525483616747
154.6485915884216,0.7773233567077326
154.66859269959443,0.7771213383406691
154.68859381076726,0.7769194286140286
154.70859492194012,0.77671762762623
154.72859603311295,0.7765159354756404
154.7485971442858,0.776314352260572
154.76859825545864,0.7761128780792859
154.78859936663147,0.7759115130299886
154.80860047780433,0.7757102572108334
154.82860158897716,0.775509110719922
154.84860270015002,0.7753080736553006
154.86860381132286,0.7751071461149639
154.8886049224957,0.7749063281968521
154.90860603366855,0.774705619998852
154.92860714484138,0.7745050216187976
154.94860825601424,0.7743045331544687
154.96860936718707,0.7741041547035922
154.9886104783599,0.7739038863638406
155.00861158953276,0.773703728232833
155.0286127007056,0.7735036804081354
155.04861381187845,0.7733037429872589
155.06861492305129,0.773103916067662
155.08861603422412,0.7729041997467484
155.10861714539698,0.7727045941218681
155.1286182565698,0.7725050992903176
155.14861936774267,0.7723057153493385
155.1686204789155,0.7721064423961197
155.18862159008833,0.7719072805277949
155.2086227012612,0.7717082298414435
155.22862381243402,0.7715092904340919
155.24862492360688,0.771310462402711
155.26862603477971,0.7711117458442182
155.28862714595255,0.7709131408554762
155.3086282571254,0.7707146475332933
155.32862936829824,0.7705162659744238
155.3486304794711,0.7703179962755667
155.36863159064393,0.7701198385333676
155.38863270181676,0.7699217928444166
155.40863381298962,0.7697238593052492
155.42863492416245,0.7695260380123471
155.4486360353353,0.7693283290621359
155.46863714650814,0.7691307325509883
155.48863825768098,0.7689332485752205
155.50863936885384,0.7687358772310944
155.52864048002667,0.7685386186148175
155.54864159119953,0.7683414728225415
155.56864270237236,0.7681444399503641
155.5886438135452,0.767947520094327
155.60864492471805,0.7677507133504169
155.62864603589088,0.7675540198145664
155.64864714706374,0.7673574395826515
155.66864825823657,0.7671609727504943
155.6886493694094,0.7669646194138607
155.70865048058226,0.7667683796684612
155.7286515917551,0.7665722536099521
155.74865270292796,0.7663762413339326
155.7686538141008,0.766180342935948
155.78865492527362,0.7659845585114873
155.80865603644648,0.7657888881559832
155.8286571476193,0.7655933319648149
155.84865825879217,0.765397890033304
155.868659369965,0.7652025624567176
155.88866048113783,0.765007349330266
155.9086615923107,0.7648122507491044
155.92866270348352,0.7646172668083324
155.94866381465638,0.7644223976029929
155.96866492582922,0.7642276432280738
155.98866603700205,0.7640330037785064
156.0086671481749,0.7638384793491656
156.02866825934774,0.7636440700348717
156.0486693705206,0.7634497759303871
156.06867048169343,0.7632555971304197
156.08867159286626,0.7630615337296199
156.10867270403912,0.7628675858225822
156.12867381521195,0.7626737535038456
156.1486749263848,0.7624800368678915
156.16867603755765,0.762286436009146
156.18867714873048,0.762092951021978
156.20867825990334,0.7618995820007003
156.22867937107617,0.7617063290395691
156.24868048224903,0.7615131922327838
156.26868159342186,0.7613201716744878
156.2886827045947,0.7611272674587674
156.30868381576755,0.7609344796796516
156.32868492694038,0.7607418084311138
156.34868603811324,0.76054925380707
156.36868714928607,0.7603568159013794
156.3886882604589,0.7601644948078443
156.40868937163177,0.7599722906202098
156.4286904828046,0.7597802034321648
156.44869159397746,0.75958823333734
156.4686927051503,0.7593963804293106
156.48869381632312,0.7592046448015932
156.50869492749598,0.7590130265476477
156.5286960386688,0.7588215257608772
156.54869714984167,0.758630142534627
156.5686982610145,0.7584388769621856
156.58869937218734,0.7582477291367837
156.6087004833602,0.7580566991515945
156.62870159453303,0.7578657870997345
156.6487027057059,0.7576749930742619
156.66870381687872,0.7574843171681782
156.68870492805155,0.7572937594744265
156.7087060392244,0.7571033200858923
156.72870715039724,0.7569129990954044
156.7487082615701,0.7567227965957325
156.76870937274293,0.7565327126795903
156.78871048391576,0.7563427474396321
156.80871159508862,0.7561529009684548
156.82871270626146,0.7559631733585979
156.84871381743432,0.7557735647025421
156.86871492860715,0.7555840750927114
156.88871603977998,0.7553947046214704
156.90871715095284,0.7552054533811262
156.92871826212567,0.7550163214639283
156.94871937329853,0.7548273089620668
156.96872048447136,0.7546384159676751
156.9887215956442,0.7544496425728273
157.00872270681705,0.7542609888695391
157.02872381798988,0.7540724549497688
157.04872492916274,0.7538840409054153
157.06872604033558,0.75369574682832
157.08872715150844,0.7535075728102646
157.10872826268127,0.753319518942974
157.1287293738541,0.753131585318113
157.14873048502696,0.7529437720272881
157.1687315961998,0.752756079162048
157.18873270737265,0.7525685068138817
157.20873381854548,0.7523810550742199
157.2287349297183,0.7521937240344346
157.24873604089117,0.7520065137858384
157.268737152064,0.751819424419686
157.28873826323687,0.7516324560271721
157.3087393744097,0.7514456086994334
157.32874048558253,0.751258882527547
157.3487415967554,0.7510722776025308
157.36874270792822,0.7508857940153443
157.38874381910108,0.7506994318568867
157.4087449302739,0.7505131912179999
157.42874604144674,0.7503270721894646
157.4487471526196,0.7501410748620031
157.46874826379243,0.7499551993262785
157.4887493749653,0.7497694456728943
157.50875048613813,0.7495838139923946
157.52875159731096,0.7493983043752642
157.54875270848382,0.7492129169119279
157.56875381965665,0.7490276516927519
157.5887549308295,0.7488425088080417
157.60875604200234,0.7486574883480442
157.62875715317517,0.748472590402946
157.64875826434803,0.7482878150628738
157.66875937552086,0.7481031624178953
157.68876048669372,0.7479186325580175
157.70876159786656,0.7477342255731884
157.7287627090394,0.7475499415532956
157.74876382021225,0.7473657805881668
157.76876493138508,0.74718174276757
157.78876604255794,0.7469978281812126
157.80876715373077,0.7468140369187428
157.8287682649036,0.746630369069748
157.84876937607646,0.746446824723755
157.8687704872493,0.746263403970232
157.88877159842215,0.7460801068985852
157.90877270959498,0.745896933598162
157.92877382076782,0.7457138841582482
157.94877493194068,0.7455309586680698
157.9687760431135,0.7453481572167928
157.98877715428637,0.7451654798935217
158.0087782654592,0.7449829267873018
158.02877937663203,0.7448004979871168
158.0487804878049,0.7446181935818896
158.06878159897772,0.7444360136604842
158.08878271015058,0.7442539583117017
158.1087838213234,0.7440720276242843
158.12878493249625,0.7438902216869123
158.1487860436691,0.7437085405882053
158.16878715484194,0.7435269844167229
158.1887882660148,0.7433455532609626
158.20878937718763,0.743164247209362
158.22879048836046,0.7429830663502972
158.24879159953332,0.7428020107720832
158.26879271070615,0.7426210805629743
158.288793821879,0.742440275811163
158.30879493305184,0.7422595966047819
158.32879604422467,0.7420790430319012
158.34879715539753,0.7418986151805298
158.36879826657037,0.7417183131386169
158.38879937774323,0.7415381369940486
158.40880048891606,0.7413580868346505
158.4288016000889,0.7411781627481866
158.44880271126175,0.7409983648223593
158.46880382243458,0.74081869314481
158.48880493360744,0.7406391478031178
158.50880604478027,0.7404597288848009
158.5288071559531,0.7402804364773158
158.54880826712596,0.7401012706680566
158.5688093782988,0.7399222315443569
158.58881048947165,0.7397433191934872
158.6088116006445,0.7395645337026576
158.62881271181732,0.7393858751590153
158.64881382299018,0.7392073436496458
158.668814934163,0.7390289392615732
158.68881604533587,0.7388506620817588
158.7088171565087,0.738672512197103
158.72881826768153,0.7384944896944434
158.7488193788544,0.7383165946605553
158.76882049002722,0.7381388271821526
158.78882160120008,0.7379611873458863
158.80882271237292,0.737783675238346
158.82882382354575,0.7376062909460581
158.8488249347186,0.7374290345554871
158.86882604589144,0.7372519061530357
158.8888271570643,0.7370749058250432
158.90882826823713,0.7368980336577875
158.92882937940996,0.7367212897374831
158.94883049058282,0.7365446741502826
158.96883160175565,0.7363681869822758
158.9888327129285,0.7361918283194897
159.00883382410134,0.7360155982478895
159.02883493527418,0.735839496853377
159.04883604644704,0.7356635242217912
159.06883715761987,0.7354876804389086
159.08883826879273,0.7353119655904428
159.10883937996556,0.7351363797620447
159.1288404911384,0.7349609230393023
159.14884160231125,0.7347855955077403
159.16884271348408,0.7346103972528208
159.18884382465694,0.734435328359943
159.20884493582977,0.7342603889144427
159.2288460470026,0.7340855790015928
159.24884715817547,0.7339108987066025
159.2688482693483,0.7337363481146191
159.28884938052116,0.7335619273107252
159.308850491694,0.7333876363799415
159.32885160286682,0.7332134754072244
159.34885271403968,0.7330394444774667
159.3688538252125,0.7328655436754994
159.38885493638537,0.7326917730860883
159.4088560475582,0.7325181327939372
159.42885715873103,0.732344622883685
159.4488582699039,0.7321712434399079
159.46885938107673,0.7319979945471184
159.4888604922496,0.7318248762897653
159.50886160342242,0.7316518887522339
159.52886271459525,0.7314790320188452
159.5488638257681,0.731306306173857
159.56886493694094,0.7311337113014632
159.5888660481138,0.7309612474857936
159.60886715928663,0.7307889148109146
159.62886827045946,0.7306167133608283
159.64886938163232,0.7304446432194724
159.66887049280515,0.730272704470722
159.68887160397801,0.7301008971983867
159.70887271515085,0.7299292214862129
159.72887382632368,0.7297576774178823
159.74887493749654,0.7295862650770126
159.76887604866937,0.7294149845471578
159.78887715984223,0.7292438359118067
159.80887827101506,0.7290728192543847
159.8288793821879,0.7289019346582526
159.84888049336075,0.7287311822067062
159.86888160453358,0.728560561982978
159.88888271570644,0.7283900740702351
159.90888382687928,0.7282197185515806
159.9288849380521,0.7280494955100532
159.94888604922497,0.7278794050286261
159.9688871603978,0.7277094471902091
159.98888827157066,0.7275396220776463
160.0088893827435,0.7273699297737183
160.02889049391632,0.7272003703611398
160.04889160508918,0.7270309439225613
160.068892716262,0.7268616505405683
160.08889382743487,0.7266924902976813
160.1088949386077,0.7265234632763566
160.12889604978054,0.7263545695589848
160.1488971609534,0.7261858092278917
160.16889827212623,0.7260171823653384
160.1888993832991,0.7258486890535204
160.20890049447192,0.7256803293745688
160.22890160564475,0.725512103410549
160.2489027168176,0.7253440112434613
160.26890382799044,0.7251760529552409
160.2889049391633,0.7250082286277576
160.30890605033613,0.7248405383428166
160.32890716150897,0.7246729821821568
160.34890827268183,0.7245055602274519
160.36890938385466,0.7243382725603109
160.38891049502752,0.7241711192622764
160.40891160620035,0.7240041004148262
160.42891271737318,0.7238372160993722
160.44891382854604,0.7236704663972607
160.46891493971887,0.7235038513897729
160.48891605089173,0.7233373711581234
160.50891716206456,0.7231710257834622
160.5289182732374,0.7230048153468727
160.54891938441025,0.7228387399293728
160.5689204955831,0.7226727996119149
160.58892160675595,0.722506994475385
160.60892271792878,0.7223413246006039
160.6289238291016,0.7221757900683254
160.64892494027447,0.7220103909592386
160.6689260514473,0.7218451273539658
160.68892716262016,0.7216799993330631
160.708928273793,0.7215150069770215
160.72892938496582,0.7213501503662647
160.74893049613868,0.7211854295811508
160.76893160731152,0.7210208447019717
160.78893271848438,0.7208563958089529
160.8089338296572,0.7206920829822538
160.82893494083004,0.7205279063019676
160.8489360520029,0.7203638658481203
160.86893716317573,0.7201999617006727
160.8889382743486,0.720036193939518
160.90893938552142,0.7198725626444842
160.92894049669425,0.7197090678953315
160.9489416078671,0.719545709771754
160.96894271903994,0.71938248835338
160.9889438302128,0.7192194037197699
161.00894494138564,0.7190564559504184
161.02894605255847,0.7188936451247527
161.04894716373133,0.7187309713221339
161.06894827490416,0.7185684346218559
161.08894938607702,0.7184060351031459
161.10895049724985,0.7182437728451645
161.12895160842268,0.7180816479270049
161.14895271959554,0.7179196604276935
161.16895383076837,0.7177578104261901
161.18895494194123,0.7175960980013869
161.20895605311406,0.7174345232321098
161.2289571642869,0.7172730861971167
161.24895827545976,0.7171117869750987
161.2689593866326,0.71695062564468
161.28896049780545,0.7167896022844176
161.30896160897828,0.716628716972801
161.3289627201511,0.7164679697882522
161.34896383132397,0.7163073608091262
161.3689649424968,0.7161468901137108
161.38896605366966,0.7159865577802258
161.4089671648425,0.7158263638868243
161.42896827601533,0.7156663085115913
161.44896938718819,0.7155063917325444
161.46897049836102,0.7153466136276341
161.48897160953388,0.7151869742747425
161.5089727207067,0.7150274737516851
161.52897383187954,0.7148681121362088
161.5489749430524,0.7147088895059931
161.56897605422523,0.71454980593865
161.5889771653981,0.7143908615117232
161.60897827657092,0.7142320563026892
161.62897938774378,0.7140733903889562
161.64898049891661,0.713914863847865
161.66898161008945,0.7137564767566875
161.6889827212623,0.7135982291926284
161.70898383243514,0.7134401212328245
161.728984943608,0.7132821529543438
161.74898605478083,0.7131243244341873
161.76898716595366,0.7129666357492868
161.78898827712652,0.7128090869765061
161.80898938829935,0.7126516781926419
161.8289904994722,0.712494409474421
161.84899161064504,0.7123372808985036
161.86899272181788,0.7121802925414803
161.88899383299074,0.7120234444798735
161.90899494416357,0.7118667367901383
161.92899605533643,0.7117101695486601
161.94899716650926,0.7115537428317565
161.9689982776821,0.7113974567156767
161.98899938885495,0.7112413112766005
162.00900050002778,0.7110853065906403
162.02900161120064,0.710929442733839
162.04900272237347,0.7107737197821715
162.0690038335463,0.7106181378115435
162.08900494471916,0.7104626968977921
162.109006055892,0.710307397116686
162.12900716706486,0.7101522385439245
162.1490082782377,0.7099972212551389
162.16900938941052,0.7098423453258907
162.18901050058338,0.709687610831673
162.2090116117562,0.7095330178479102
162.22901272292907,0.7093785664499567
162.2490138341019,0.7092242567130995
162.26901494527473,0.7090700887125552
162.2890160564476,0.7089160625234716
162.30901716762042,0.7087621782209281
162.32901827879328,0.7086084358799336
162.34901938996612,0.7084548355754293
162.36902050113895,0.7083013773822862
162.3890216123118,0.7081480613753057
162.40902272348464,0.7079948876292214
162.4290238346575,0.7078418562186959
162.44902494583033,0.7076889672183235
162.46902605700316,0.7075362207026288
162.48902716817602,0.7073836167460665
162.50902827934885,0.7072311554230225
162.5290293905217,0.7070788368078124
162.54903050169455,0.7069266609746834
162.56903161286738,0.706774627997812
162.58903272404024,0.7066227379513053
162.60903383521307,0.7064709909092013
162.62903494638593,0.7063193869454674
162.64903605755876,0.7061679261340021
162.6690371687316,0.7060166085486339
162.68903827990445,0.7058654342631208
162.70903939107728,0.705714403351152
162.72904050225014,0.7055635158863459
162.74904161342297,0.7054127719422518
162.7690427245958,0.7052621715923484
162.78904383576867,0.7051117149100445
162.8090449469415,0.7049614019686794
162.82904605811436,0.7048112328415216
162.8490471692872,0.70466120760177
162.86904828046002,0.7045113263225533
162.88904939163288,0.7043615890769294
162.9090505028057,0.7042119959378872
162.92905161397857,0.7040625469783444
162.9490527251514,0.7039132422711487
162.96905383632424,0.7037640818890776
162.9890549474971,0.7036150659048379
163.00905605866993,0.7034661943910664
163.0290571698428,0.7033174674203293
163.04905828101562,0.7031688850651224
163.06905939218845,0.7030204473978711
163.0890605033613,0.7028721544909298
163.10906161453414,0.702724006416583
163.129062725707,0.7025760032470441
163.14906383687983,0.7024281450544565
163.16906494805266,0.702280431910892
163.18906605922552,0.7021328638883519
163.20906717039836,0.701985441058768
163.22906828157122,0.7018381634939999
163.24906939274405,0.7016910312658368
163.26907050391688,0.7015440444459973
163.28907161508974,0.7013972031061285
163.30907272626257,0.7012505073178077
163.32907383743543,0.7011039571525401
163.34907494860826,0.7009575526817606
163.3690760597811,0.7008112939768332
163.38907717095395,0.7006651811090497
163.40907828212679,0.7005192141496326
163.42907939329965,0.7003733931697316
163.44908050447248,0.7002277182404264
163.4690816156453,0.7000821894327249
163.48908272681817,0.6999368068175638
163.509083837991,0.6997915704658091
163.52908494916386,0.6996464804482546
163.5490860603367,0.6995015368356239
163.56908717150952,0.6993567396985682
163.58908828268238,0.6992120891076676
163.60908939385521,0.6990675851334313
163.62909050502807,0.698923227846296
163.6490916162009,0.6987790173166282
163.66909272737374,0.6986349536147217
163.6890938385466,0.6984910368107993
163.70909494971943,0.6983472669750121
163.7290960608923,0.6982036441774396
163.74909717206512,0.6980601684880897
163.76909828323795,0.6979168399768984
163.7890993944108,0.6977736587137296
163.80910050558364,0.6976306247683766
163.8291016167565,0.6974877382105594
163.84910272792933,0.6973449991099276
163.86910383910217,0.6972024075360581
163.88910495027503,0.6970599635584556
163.90910606144786,0.6969176672465538
163.92910717262072,0.6967755186697133
163.94910828379355,0.6966335178972239
163.96910939496638,0.6964916649983026
163.98911050613924,0.6963499600420939
164.00911161731207,0.6962084030976716
164.02911272848493,0.6960669942340358
164.04911383965776,0.6959257335201157
164.0691149508306,0.6957846210247673
164.08911606200346,0.6956436568167748
164.1091171731763,0.6955028409648503
164.12911828434915,0.695362173537633
164.14911939552198,0.6952216546036905
164.1691205066948,0.6950812842315175
164.18912161786767,0.694941062489536
164.2091227290405,0.6948009894460967
164.22912384021336,0.6946610651694766
164.2491249513862,0.694521289727881
164.26912606255902,0.6943816631894419
164.28912717373188,0.6942421856222194
164.30912828490472,0.6941028570942008
164.32912939607758,0.6939636776733005
164.3491305072504,0.6938246474273605
164.36913161842324,0.69368576642415
164.3891327295961,0.6935470347313653
164.40913384076893,0.6934084524166302
164.4291349519418,0.6932700195474952
164.44913606311462,0.693131736191439
164.46913717428745,0.692993602415866
164.4891382854603,0.6928556182881087
164.50913939663315,0.6927177838754265
164.529140507806,0.6925800992450054
164.54914161897884,0.6924425644639589
164.56914273015167,0.6923051795993274
164.58914384132453,0.6921679447180774
164.60914495249736,0.6920308598871036
164.62914606367022,0.6918939251732265
164.64914717484305,0.6917571406431942
164.66914828601588,0.6916205063636809
164.68914939718874,0.6914840224012878
164.70915050836157,0.6913476888225434
164.72915161953443,0.6912115056939019
164.74915273070727,0.691075473081745
164.7691538418801,0.6909395910523808
164.78915495305296,0.6908038596720434
164.8091560642258,0.6906682790068944
164.82915717539865,0.6905328491230214
164.84915828657148,0.6903975700864389
164.8691593977443,0.6902624419630872
164.88916050891717,0.6901274648188334
164.90916162009,0.6899926387194713
164.92916273126286,0.6898579637307205
164.9491638424357,0.6897234399182276
164.96916495360853,0.689589067347565
164.9891660647814,0.6894548460842314
165.00916717595422,0.6893207761936521
165.02916828712708,0.6891868577411782
165.0491693982999,0.6890530907920873
165.06917050947274,0.688919475411583
165.0891716206456,0.688786011664795
165.10917273181843,0.6886526996167794
165.1291738429913,0.6885195393325176
165.14917495416412,0.6883865308769181
165.16917606533696,0.6882536743148144
165.18917717650982,0.6881209697109664
165.20917828768265,0.6879884171300601
165.2291793988555,0.6878560166367069
165.24918051002834,0.6877237682954448
165.26918162120117,0.6875916721707369
165.28918273237403,0.6874597283269723
165.30918384354686,0.6873279368284662
165.32918495471972,0.6871962977394591
165.34918606589255,0.6870648111241178
165.36918717706538,0.686933477046534
165.38918828823824,0.6868022955707255
165.40918939941108,0.6866712667606358
165.42919051058394,0.6865403906801337
165.44919162175677,0.686409667393014
165.4691927329296,0.6862790969629965
165.48919384410246,0.6861486794537266
165.5091949552753,0.6860184149287756
165.52919606644815,0.6858883034516394
165.54919717762098,0.6857583450857405
165.5691982887938,0.6856285398944256
165.58919939996667,0.6854988879409671
165.6092005111395,0.6853693892885632
165.62920162231237,0.6852400440003366
165.6492027334852,0.6851108521393359
165.66920384465803,0.6849818137685345
165.6892049558309,0.6848529289508312
165.70920606700372,0.6847241977490499
165.72920717817658,0.6845956202259393
165.7492082893494,0.684467196444174
165.76920940052224,0.6843389264663527
165.7892105116951,0.6842108103549995
165.80921162286793,0.6840828481725643
165.8292127340408,0.6839550399814205
165.84921384521363,0.6838273858438675
165.86921495638646,0.6836998858221294
165.88921606755932,0.6835725399783545
165.90921717873215,0.6834453483746173
165.929218289905,0.6833183110729157
165.94921940107784,0.6831914281351735
165.96922051225067,0.6830646996232386
165.98922162342353,0.6829381255988833
166.00922273459636,0.6828117061238059
166.02922384576922,0.682685441259628
166.04922495694206,0.6825593310678968
166.0692260681149,0.6824333756100835
166.08922717928775,0.6823075749475838
166.10922829046058,0.6821819291417187
166.12922940163344,0.682056438253733
166.14923051280627,0.6819311023447964
166.16923162397913,0.6818059214760026
166.18923273515196,0.6816808957083704
166.2092338463248,0.6815560251028423
166.22923495749765,0.6814313097202855
166.24923606867048,0.6813067496214917
166.26923717984334,0.6811823448671765
166.28923829101618,0.6810580955179804
166.309239402189,0.6809340016344674
166.32924051336187,0.680810063277126
166.3492416245347,0.6806862805063693
166.36924273570756,0.6805626533825337
166.3892438468804,0.6804391819658809
166.40924495805322,0.6803158663165958
166.42924606922608,0.6801927064947871
166.4492471803989,0.6800697025604889
166.46924829157177,0.6799468545736581
166.4892494027446,0.6798241625941761
166.50925051391744,0.679701626681848
166.5292516250903,0.6795792468964028
166.54925273626313,0.6794570232974939
166.569253847436,0.6793349559446978
166.58925495860882,0.6792130448975158
166.60925606978165,0.6790912902153721
166.6292571809545,0.6789696919576149
166.64925829212734,0.6788482501835167
166.6692594033002,0.6787269649522729
166.68926051447303,0.6786058363230036
166.70926162564587,0.6784848643547515
166.72926273681873,0.6783640491064833
166.74926384799156,0.6782433906370899
166.76926495916442,0.678122889005385
166.78926607033725,0.6780025442701063
166.80926718151008,0.677882356489915
166.82926829268294,0.6777623257233952
166.84926940385577,0.6776424520290554
166.86927051502863,0.6775227354653268
166.88927162620146,0.6774031760905646
166.9092727373743,0.6772837739630467
166.92927384854715,0.6771645291409749
166.94927495972,0.677045441682474
166.96927607089285,0.6769265116455925
166.98927718206568,0.6768077390883016
167.0092782932385,0.6766891240684964
167.02927940441137,0.6765706666439942
167.0492805155842,0.6764523668725368
167.06928162675706,0.6763342248117881
167.0892827379299,0.6762162405193356
167.10928384910272,0.67609841405269
167.12928496027558,0.6759807454692844
167.14928607144842,0.6758632348264759
167.16928718262128,0.6757458821815439
167.1892882937941,0.675628687591691
167.20928940496694,0.6755116511140429
167.2292905161398,0.6753947728056479
167.24929162731263,0.6752780527234774
167.2692927384855,0.6751614909244259
167.28929384965832,0.6750450874653104
167.30929496083115,0.6749288424028708
167.329296072004,0.6748127557937696
167.34929718317684,0.6746968276945928
167.3692982943497,0.6745810581618481
167.38929940552254,0.6744654472519669
167.40930051669537,0.6743499950213026
167.42930162786823,0.6742347015261314
167.44930273904106,0.6741195668226523
167.46930385021392,0.6740045909669867
167.48930496138675,0.6738897740151788
167.50930607255958,0.6737751160231952
167.52930718373244,0.6736606170469247
167.54930829490527,0.6735462771421794
167.56930940607813,0.6734320963646929
167.58931051725096,0.6733180747701222
167.6093116284238,0.6732042124140458
167.62931273959666,0.6730905093519651
167.6493138507695,0.672976965639304
167.66931496194235,0.6728635813314081
167.68931607311518,0.672750356483546
167.709317184288,0.672637291150908
167.72931829546087,0.6725243853886067
167.7493194066337,0.6724116392516778
167.76932051780656,0.6722990527950778
167.7893216289794,0.6721866260736867
167.80932274015223,0.6720743591423057
167.82932385132509,0.6719622520556581
167.84932496249792,0.6718503048683901
167.86932607367078,0.6717385176350692
167.8893271848436,0.6716268904101853
167.90932829601644,0.6715154232481502
167.9293294071893,0.6714041162032975
167.94933051836213,0.6712929693298832
167.969331629535,0.6711819826820847
167.98933274070782,0.6710711563140018
168.00933385188065,0.6709604902796558
168.02933496305351,0.6708499846329897
168.04933607422635,0.6707396394278692
168.0693371853992,0.6706294547180807
168.08933829657204,0.6705194305573331
168.10933940774487,0.6704095669992567
168.12934051891773,0.6702998640974036
168.14934163009056,0.6701903219052476
168.16934274126342,0.6700809404761843
168.18934385243625,0.6699717198635307
168.20934496360908,0.6698626601205255
168.22934607478194,0.6697537613003289
168.24934718595478,0.6696450234560231
168.26934829712764,0.6695364466406111
168.28934940830047,0.669428030907018
168.3093505194733,0.6693197763080903
168.32935163064616,0.6692116828965955
168.349352741819,0.6691037507252231
168.36935385299185,0.6689959798465835
168.38935496416468,0.6688883703132094
168.4093560753375,0.6687809221775538
168.42935718651037,0.6686736354919911
168.4493582976832,0.668566510308818
168.46935940885606,0.6684595466802512
168.4893605200289,0.6683527446584299
168.50936163120173,0.6682461042954133
168.5293627423746,0.6681396256431827
168.54936385354742,0.6680333087536403
168.56936496472028,0.6679271536786091
168.5893660758931,0.6678211604698341
168.60936718706594,0.6677153291789804
168.6293682982388,0.6676096598576344
168.64936940941163,0.6675041525573044
168.6693705205845,0.6673988073294186
168.68937163175733,0.6672936242253271
168.70937274293016,0.6671886032963004
168.72937385410302,0.6670837445935297
168.74937496527585,0.6669790481681281
168.7693760764487,0.6668745140711287
168.78937718762154,0.6667701423534862
168.80937829879437,0.6666659330660755
168.82937940996723,0.6665618862596923
168.84938052114006,0.6664580019850539
168.86938163231292,0.6663542802927974
168.88938274348575,0.6662507212334816
168.90938385465859,0.6661473248575851
168.92938496583145,0.6660440912155079
168.94938607700428,0.6659410203575702
168.96938718817714,0.6658381123340132
168.98938829934997,0.6657353671949986
169.0093894105228,0.6656327849906087
169.02939052169566,0.6655303657708463
169.0493916328685,0.6654281095856351
169.06939274404135,0.6653260164848187
169.08939385521418,0.6652240865181618
169.10939496638701,0.6651223197353491
169.12939607755987,0.6650207161859862
169.1493971887327,0.664919275919599
169.16939829990557,0.6648179989856335
169.1893994110784,0.6647168854334568
169.20940052225123,0.6646159353123553
169.2294016334241,0.6645151486715366
169.24940274459692,0.6644145255601286
169.26940385576978,0.6643140660271787
169.2894049669426,0.6642137701216555
169.30940607811544,0.6641136378924474
169.3294071892883,0.6640136693883627
169.34940830046114,0.6639138646581307
169.369409411634,0.6638142237504001
169.38941052280683,0.6637147467137405
169.40941163397966,0.6636154335966408
169.42941274515252,0.6635162844475102
169.44941385632535,0.6634172993146787
169.4694149674982,0.6633184782463954
169.48941607867104,0.6632198212908302
169.50941718984387,0.6631213284960724
169.52941830101673,0.6630229999101315
169.54941941218956,0.662924835580937
169.56942052336242,0.6628268355563383
169.58942163453526,0.6627289998841049
169.6094227457081,0.662631328611926
169.62942385688095,0.6625338217874102
169.64942496805378,0.6624364794580873
169.66942607922664,0.6623393016714052
169.68942719039947,0.6622422884747329
169.7094283015723,0.6621454399153586
169.72942941274516,0.6620487560404904
169.749430523918,0.661952236897256
169.76943163509085,0.6618558825327028
169.78943274626369,0.6617596929937983
169.80943385743652,0.6616636683274291
169.82943496860938,0.6615678085804014
169.8494360797822,0.6614721137994417
169.86943719095507,0.6613765840311955
169.8894383021279,0.661281219322228
169.90943941330073,0.661186019719024
169.9294405244736,0.6610909852679877
169.94944163564642,0.660996116015443
169.96944274681928,0.6609014120076329
169.98944385799211,0.6608068732907206
170.00944496916495,0.6607124999107878
170.0294460803378,0.6606182919138363
170.04944719151064,0.6605242493457869
170.0694483026835,0.6604303722524798
170.08944941385633,0.660336660679675
170.10945052502916,0.6602431146730512
170.12945163620202,0.6601497342782067
170.14945274737485,0.6600565195406589
170.1694538585477,0.6599634705058448
170.18945496972054,0.6598705872191204
170.20945608089337,0.6597778697257606
170.22945719206623,0.6596853180709601
170.24945830323907,0.6595929322998325
170.26945941441193,0.6595007124574102
170.28946052558476,0.6594086585886453
170.3094616367576,0.6593167707384087
170.32946274793045,0.6592250489514904
170.34946385910328,0.6591334932725992
170.36946497027614,0.6590421037463634
170.38946608144897,0.6589508804173303
170.4094671926218,0.6588598233299656
170.42946830379466,0.6587689325286545
170.4494694149675,0.6586782080577012
170.46947052614036,0.6585876499613281
170.4894716373132,0.6584972582836774
170.50947274848602,0.65840703306881
170.52947385965888,0.6583169743607049
170.5494749708317,0.658227082203261
170.56947608200457,0.6581373566402953
170.5894771931774,0.6580477977155437
170.60947830435023,0.6579584054726613
170.6294794155231,0.657869179955221
170.64948052669592,0.6577801212067158
170.66948163786878,0.6576912292705563
170.68948274904162,0.6576025041900725
170.70948386021448,0.6575139460085122
170.7294849713873,0.6574255547690429
170.74948608256014,0.6573373305147499
170.769487193733,0.6572492732886372
170.78948830490583,0.657161383133628
170.8094894160787,0.6570736600925635
170.82949052725152,0.6569861042082037
170.84949163842435,0.656898715523227
170.8694927495972,0.6568114940802301
170.88949386077005,0.6567244399217285
170.9094949719429,0.656637553090156
170.92949608311574,0.6565508336278651
170.94949719428857,0.6564642815771264
170.96949830546143,0.656377896980129
170.98949941663426,0.6562916798789804
171.00950052780712,0.6562056303157063
171.02950163897995,0.6561197483322512
171.04950275015278,0.6560340339704772
171.06950386132564,0.6559484872721653
171.08950497249847,0.6558631082790145
171.10950608367133,0.655777897032642
171.12950719484417,0.6556928535745836
171.149508306017,0.655607977946293
171.16950941718986,0.6555232701891419
171.1895105283627,0.6554387303444207
171.20951163953555,0.6553543584533373
171.22951275070838,0.6552701545570185
171.2495138618812,0.6551861186965089
171.26951497305407,0.6551022509127704
171.2895160842269,0.6550185512466845
171.30951719539976,0.6549350197390494
171.3295183065726,0.6548516564305823
171.34951941774543,0.6547684613619176
171.3695205289183,0.6546854345736082
171.38952164009112,0.6546025761061249
171.40952275126398,0.6545198859998562
171.4295238624368,0.6544373642951091
171.44952497360964,0.6543550110321079
171.4695260847825,0.6542728262509949
171.48952719595533,0.6541908099918308
171.5095283071282,0.6541089622945934
171.52952941830102,0.6540272831991789
171.54953052947386,0.6539457727454012
171.56953164064672,0.6538644309729915
171.58953275181955,0.6537832579215997
171.6095338629924,0.6537022536307928
171.62953497416524,0.6536214181400556
171.64953608533807,0.6535407514887908
171.66953719651093,0.6534602537163186
171.68953830768376,0.6533799248618771
171.70953941885662,0.6532997649646219
171.72954053002945,0.6532197740636265
171.74954164120228,0.6531399521978816
171.76954275237514,0.6530602994062956
171.78954386354798,0.6529808157276951
171.80954497472084,0.6529015012008232
171.82954608589367,0.6528223558643416
171.8495471970665,0.652743379756829
171.86954830823936,0.6526645729167813
171.8895494194122,0.6525859353826127
171.90955053058505,0.6525074671926538
171.92955164175788,0.6524291683851543
171.9495527529307,0.6523510389982796
171.96955386410357,0.6522730790701134
171.9895549752764,0.6521952886386568
172.00955608644927,0.6521176677418279
172.0295571976221,0.6520402164174625
172.04955830879493,0.6519629347033137
172.0695594199678,0.6518858226370515
172.08956053114062,0.651808880256264
172.10956164231348,0.651732107598456
172.1295627534863,0.6516555047010497
172.14956386465914,0.6515790716013845
172.169564975832,0.6515028083367171
172.18956608700483,0.6514267149442217
172.2095671981777,0.651350791460989
172.22956830935053,0.6512750379240275
172.24956942052336,0.6511994543702628
172.26957053169622,0.6511240408365373
172.28957164286905,0.6510487973596107
172.3095727540419,0.6509737239761599
172.32957386521474,0.650898820722779
172.34957497638757,0.6508240876359788
172.36957608756043,0.6507495247521873
172.38957719873326,0.6506751321077495
172.40957830990612,0.6506009097389278
172.42957942107896,0.6505268576819012
172.4495805322518,0.6504529759727657
172.46958164342465,0.6503792646475344
172.48958275459748,0.6503057237421372
172.50958386577034,0.650232353292421
172.52958497694317,0.65015915333415
172.549586088116,0.6500861239030046
172.56958719928886,0.6500132650345825
172.5895883104617,0.6499405767643981
172.60958942163455,0.6498680591278827
172.62959053280738,0.6497957121603848
172.64959164398022,0.6497235358971689
172.66959275515308,0.6496515303734169
172.6895938663259,0.6495796956242275
172.70959497749877,0.6495080316846156
172.7295960886716,0.6494365385895136
172.74959719984443,0.64936521637377
172.7695983110173,0.6492940650721503
172.78959942219012,0.6492230847193367
172.80960053336298,0.6491522753499278
172.8296016445358,0.6490816369984393
172.84960275570864,0.6490111696993033
172.8696038668815,0.6489408734868682
172.88960497805434,0.6488707483953997
172.9096060892272,0.6488007944590796
172.92960720040003,0.6487310117120064
172.94960831157286,0.6486614001881951
172.96960942274572,0.6485919599215773
172.98961053391855,0.6485226909460009
173.0096116450914,0.6484535932952309
173.02961275626424,0.6483846670029481
173.04961386743707,0.6483159121027502
173.06961497860993,0.6482473286281512
173.08961608978277,0.6481789166125815
173.10961720095563,0.6481106760893881
173.12961831212846,0.6480426070918344
173.1496194233013,0.6479747096530997
173.16962053447415,0.6479069838062803
173.18962164564698,0.6478394295843888
173.20962275681984,0.6477720470203536
173.22962386799267,0.6477048361470201
173.2496249791655,0.6476377969971496
173.26962609033836,0.6475709296034198
173.2896272015112,0.6475042339984246
173.30962831268405,0.6474377102146742
173.3296294238569,0.6473713582845955
173.34963053502972,0.6473051782405306
173.36963164620258,0.6472391701147389
173.3896327573754,0.6471733339393952
173.40963386854827,0.6471076697465912
173.4296349797211,0.6470421775683342
173.44963609089393,0.6469768574365476
173.4696372020668,0.6469117093830715
173.48963831323962,0.6468467334396617
173.50963942441248,0.6467819296379901
173.52964053558532,0.646717298009645
173.54964164675815,0.6466528385861305
173.569642757931,0.6465885513988666
173.58964386910384,0.64652443647919
173.6096449802767,0.6464604938583526
173.62964609144953,0.646396723567523
173.64964720262236,0.6463331256377853
173.66964831379522,0.6462697001001401
173.68964942496805,0.6462064469855033
173.7096505361409,0.6461433663247074
173.72965164731374,0.6460804581485005
173.74965275848658,0.6460177224875467
173.76965386965944,0.6459551593724258
173.78965498083227,0.645892768833634
173.80965609200513,0.6458305509015827
173.82965720317796,0.6457685056066
173.8496583143508,0.645706632978929
173.86965942552365,0.6456449330487293
173.88966053669648,0.6455834058460758
173.90966164786934,0.6455220514009594
173.92966275904217,0.6454608697432872
173.949663870215,0.6453998609028815
173.96966498138787,0.6453390249094804
173.9896660925607,0.645278361792738
174.00966720373356,0.6452178715822243
174.0296683149064,0.6451575543074246
174.04966942607922,0.64509740999774
174.06967053725208,0.6450374386824873
174.0896716484249,0.6449776403908993
174.10967275959777,0.6449180151521241
174.1296738707706,0.6448585629952255
174.14967498194343,0.6447992839491831
174.1696760931163,0.6447401780428916
174.18967720428913,0.6446812453051622
174.20967831546199,0.6446224857647209
174.22967942663482,0.6445638994502098
174.24968053780765,0.6445054863901861
174.2696816489805,0.6444472466131228
174.28968276015334,0.6443891801474085
174.3096838713262,0.6443312870213473
174.32968498249903,0.6442735672631585
174.34968609367186,0.6442160209009775
174.36968720484472,0.6441586479628545
174.38968831601755,0.6441014484767555
174.40968942719041,0.6440444224705622
174.42969053836325,0.6439875699720712
174.44969164953608,0.6439308910089948
174.46969276070894,0.6438743856089608
174.48969387188177,0.6438180537995124
174.50969498305463,0.6437618956081079
174.52969609422746,0.6437059110621213
174.5496972054003,0.6436501001888417
174.56969831657315,0.6435944630154738
174.58969942774598,0.6435389995691375
174.60970053891884,0.6434837098768678
174.62970165009168,0.6434285939656155
174.6497027612645,0.6433736518622462
174.66970387243737,0.6433188835935411
174.6897049836102,0.6432642891861965
174.70970609478306,0.643209868666824
174.7297072059559,0.6431556220619504
174.74970831712872,0.643101549398018
174.76970942830158,0.6430476507013838
174.7897105394744,0.6429939259983205
174.80971165064727,0.6429403753150156
174.8297127618201,0.6428869986775723
174.84971387299294,0.6428337961120081
174.8697149841658,0.6427807676442565
174.88971609533863,0.6427279133001658
174.9097172065115,0.6426752331054993
174.92971831768432,0.6426227270859357
174.94971942885715,0.6425703952670685
174.96972054003,0.6425182376744065
174.98972165120284,0.6424662543333735
175.0097227623757,0.6424144452693081
175.02972387354853,0.6423628105074647
175.04972498472137,0.642311350073012
175.06972609589423,0.6422600639910339
175.08972720706706,0.6422089522865295
175.10972831823992,0.6421580149844126
175.12972942941275,0.6421072521095126
175.14973054058558,0.6420566636865731
175.16973165175844,0.642006249740253
175.18973276293127,0.6419560102951265
175.20973387410413,0.6419059453756821
175.22973498527696,0.6418560550063238
175.24973609644982,0.64180633921137
175.26973720762265,0.6417567980150545
175.2897383187955,0.6417074314415255
175.30973942996835,0.6416582395148466
175.32974054114118,0.6416092222589959
175.34974165231404,0.6415603796978664
175.36974276348687,0.6415117118552662
175.3897438746597,0.6414632187549179
175.40974498583256,0.641414900420459
175.4297460970054,0.6413667568754422
175.44974720817825,0.6413187881433343
175.46974831935108,0.6412709942475177
175.48974943052391,0.6412233752112887
175.50975054169677,0.6411759310578591
175.5297516528696,0.6411286618103551
175.54975276404247,0.6410815674918178
175.5697538752153,0.6410346481252028
175.58975498638813,0.6409879037333808
175.609756097561,0.6409413343391366
175.62975720873382,0.6408949399651704
175.64975831990668,0.6408487206340967
175.6697594310795,0.6408026763684447
175.68976054225234,0.6407568071906584
175.7097616534252,0.6407111131230961
175.72976276459804,0.6406655941880314
175.7497638757709,0.6406202504076517
175.76976498694373,0.6405750818040599
175.78976609811656,0.6405300883992728
175.80976720928942,0.6404852702152222
175.82976832046225,0.6404406272737544
175.8497694316351,0.64039615959663
175.86977054280794,0.6403518672055246
175.88977165398077,0.6403077501220282
175.90977276515363,0.6402638083676453
175.92977387632646,0.6402200419637949
175.94977498749932,0.6401764509318106
175.96977609867216,0.6401330352929405
175.989777209845,0.6400897950683473
176.00977832101785,0.640046730279108
176.02977943219068,0.6400038409462141
176.04978054336354,0.6399611270905718
176.06978165453637,0.6399185887330017
176.0897827657092,0.6398762258942385
176.10978387688206,0.6398340385949319
176.1297849880549,0.6397920268556458
176.14978609922775,0.6397501906968582
176.16978721040059,0.639708530138962
176.18978832157342,0.6396670452022644
176.20978943274628,0.6396257359069866
176.2297905439191,0.6395846022732646
176.24979165509197,0.6395436443211489
176.2697927662648,0.6395028620706038
176.28979387743763,0.6394622555415084
176.3097949886105,0.639421824753656
176.32979609978332,0.6393815697267546
176.34979721095618,0.6393414904804255
176.36979832212901,0.6393015870342058
176.38979943330185,0.6392618594075457
176.4098005444747,0.6392223076198098
176.42980165564754,0.639182931690278
176.4498027668204,0.6391437316381432
176.46980387799323,0.6391047074825134
176.48980498916606,0.6390658592424108
176.50980610033892,0.6390271869367712
176.52980721151175,0.6389886905844455
176.5498083226846,0.6389503702041983
176.56980943385744,0.6389122258147085
176.58981054503028,0.6388742574345694
176.60981165620314,0.6388364650822884
176.62981276737597,0.6387988487762869
176.64981387854883,0.6387614085349007
176.66981498972166,0.63872414437638
176.6898161008945,0.6386870563188887
176.70981721206735,0.638650144380505
176.72981832324018,0.6386134085792216
176.74981943441304,0.6385768489329448
176.76982054558587,0.6385404654594955
176.7898216567587,0.6385042581766085
176.80982276793156,0.6384682271019326
176.8298238791044,0.638432372253031
176.84982499027726,0.6383966936473808
176.8698261014501,0.6383611913023735
176.88982721262292,0.6383258652353139
176.90982832379578,0.6382907154634219
176.9298294349686,0.6382557420038307
176.94983054614147,0.638220944873588
176.9698316573143,0.6381863240896554
176.98983276848713,0.6381518796689083
177.00983387966,0.6381176116281366
177.02983499083282,0.6380835199840438
177.04983610200568,0.6380496047532477
177.06983721317852,0.63801586595228
177.08983832435135,0.6379823035975865
177.1098394355242,0.6379489177055266
177.12984054669704,0.6379157082923743
177.1498416578699,0.6378826753743172
177.16984276904273,0.6378498189674567
177.18984388021556,0.6378171390878088
177.20984499138842,0.6377846357513026
177.22984610256125,0.637752308973782
177.2498472137341,0.6377201587710042
177.26984832490695,0.6376881851586406
177.28984943607978,0.6376563881522764
177.30985054725264,0.637624767767411
177.32985165842547,0.6375933240194573
177.34985276959833,0.6375620569237423
177.36985388077116,0.6375309664955071
177.389854991944,0.6375000527499064
177.40985610311685,0.6374693157020088
177.42985721428968,0.6374387553667968
177.44985832546254,0.6374083717591669
177.46985943663537,0.6373781648939292
177.4898605478082,0.637348134785808
177.50986165898107,0.6373182814494411
177.5298627701539,0.6372886048993802
177.54986388132676,0.6372591051500911
177.5698649924996,0.637229782215953
177.58986610367242,0.6372006361112593
177.60986721484528,0.637171666850217
177.6298683260181,0.6371428744469468
177.64986943719097,0.6371142589154835
177.6698705483638,0.6370858202697754
177.68987165953664,0.6370575585236848
177.7098727707095,0.6370294736909876
177.72987388188233,0.6370015657853735
177.7498749930552,0.6369738348204459
177.76987610422802,0.6369462808097224
177.78987721540085,0.6369189037666336
177.8098783265737,0.6368917037045243
177.82987943774654,0.636864680636653
177.8498805489194,0.6368378345761919
177.86988166009223,0.636811165536227
177.88988277126506,0.6367846735297576
177.90988388243792,0.6367583585696973
177.92988499361076,0.636732220668873
177.94988610478362,0.6367062598400255
177.96988721595645,0.6366804760958091
177.98988832712928,0.636654869448792
178.00988943830214,0.6366294399114557
178.02989054947497,0.636604187496196
178.04989166064783,0.6365791122153216
178.06989277182066,0.6365542140810554
178.0898938829935,0.6365294931055341
178.10989499416635,0.6365049493008073
178.12989610533918,0.6364805826788387
178.14989721651204,0.6364563932515059
178.16989832768488,0.6364323810305997
178.1898994388577,0.6364085460278247
178.20990055003057,0.636384888254799
178.2299016612034,0.6363614077230546
178.24990277237626,0.6363381044440366
178.2699038835491,0.6363149784291041
178.28990499472192,0.6362920296895298
178.30990610589478,0.6362692582364998
178.3299072170676,0.636246664081114
178.34990832824047,0.6362242472343853
178.3699094394133,0.6362020077072412
178.38991055058614,0.6361799455105218
178.409911661759,0.6361580606549813
178.42991277293183,0.6361363531512872
178.4499138841047,0.6361148230100208
178.46991499527752,0.6360934702416766
178.48991610645035,0.636072294856663
178.5099172176232,0.6360512968653016
178.52991832879604,0.6360304762778279
178.5499194399689,0.6360098331043905
178.56992055114173,0.6359893673550521
178.58992166231457,0.6359690790397882
178.60992277348743,0.6359489681684882
178.62992388466026,0.6359290347509554
178.64992499583312,0.6359092787969056
178.66992610700595,0.6358897003159691
178.68992721817878,0.6358702993176892
178.70992832935164,0.6358510758115228
178.72992944052447,0.6358320298068401
178.74993055169733,0.6358131613129249
178.76993166287016,0.6357944703389746
178.789932774043,0.6357759568940999
178.80993388521586,0.635757620987325
178.8299349963887,0.6357394626275878
178.84993610756155,0.6357214818237393
178.86993721873438,0.6357036785845442
178.8899383299072,0.6356860529186803
178.90993944108007,0.6356686048347393
178.9299405522529,0.6356513343412262
178.94994166342576,0.635634241446559
178.9699427745986,0.63561732615907
178.98994388577142,0.635600588487004
179.00994499694428,0.6355840284385197
179.02994610811712,0.6355676460216895
179.04994721928998,0.6355514412444985
179.0699483304628,0.6355354141148457
179.08994944163564,0.6355195646405436
179.1099505528085,0.6355038928293175
179.12995166398133,0.6354883986888069
179.1499527751542,0.6354730822265641
179.16995388632702,0.635457943450055
179.18995499749985,0.6354429823666589
179.2099561086727,0.6354281989836683
179.22995721984555,0.6354135933082896
179.2499583310184,0.6353991653476418
179.26995944219124,0.635384915108758
179.28996055336407,0.6353708425985845
179.30996166453693,0.6353569478239802
179.32996277570976,0.6353432307917186
179.34996388688262,0.6353296915084857
179.36996499805545,0.6353163299808813
179.38996610922828,0.6353031462154182
179.40996722040114,0.6352901402185226
179.42996833157397,0.6352773119965345
179.44996944274683,0.6352646615557066
179.46997055391967,0.6352521889022055
179.4899716650925,0.6352398940421108
179.50997277626536,0.6352277769814154
179.5299738874382,0.635215837726026
179.54997499861105,0.6352040762817619
179.56997610978388,0.6351924926543564
179.5899772209567,0.6351810868494558
179.60997833212957,0.6351698588726196
179.6299794433024,0.635158808729321
179.64998055447526,0.6351479364249462
179.6699816656481,0.6351372419647948
179.68998277682093,0.6351267253540798
179.7099838879938,0.6351163865979275
179.72998499916662,0.6351062257013771
179.74998611033948,0.6350962426693818
179.7699872215123,0.6350864375068077
179.78998833268517,0.6350768102184341
179.809989443858,0.6350673608089539
179.82999055503083,0.6350580892829731
179.8499916662037,0.6350489956450109
179.86999277737652,0.6350400798995002
179.88999388854938,0.6350313420507866
179.90999499972222,0.6350227821031295
179.92999611089505,0.6350144000607012
179.9499972220679,0.6350061959275877
179.96999833324074,0.6349981697077878
179.9899994444136,0.6349903214052139
180.01000055558643,0.6349826510236918
180.03000166675926,0.6349751585669601
180.05000277793212,0.6349678440386709
180.07000388910495,0.6349607074423897
180.0900050002778,0.6349537487815955
180.11000611145064,0.6349469680596798
180.13000722262348,0.6349403652799478
180.15000833379634,0.6349339404456182
180.17000944496917,0.6349276935598227
180.19001055614203,0.6349216246256064
180.21001166731486,0.6349157336459272
180.2300127784877,0.6349100206236569
180.25001388966055,0.6349044855615802
180.27001500083338,0.634899128462395
180.29001611200624,0.6348939493287129
180.31001722317907,0.6348889481630581
180.3300183343519,0.6348841249678685
180.35001944552477,0.6348794797454951
180.3700205566976,0.6348750124982022
180.39002166787046,0.6348707232281674
180.4100227790433,0.6348666119374813
180.43002389021612,0.634862678628148
180.45002500138898,0.6348589233020849
180.4700261125618,0.6348553459611223
180.49002722373467,0.634851946607004
180.5100283349075,0.6348487252413869
180.53002944608033,0.6348456818658414
180.5500305572532,0.6348428164818509
180.57003166842603,0.6348401290908122
180.59003277959889,0.6348376196940351
180.61003389077172,0.6348352882927428
180.63003500194455,0.6348331348880719
180.6500361131174,0.6348311594810718
180.67003722429024,0.6348293620727056
180.6900383354631,0.6348277426638493
180.71003944663593,0.6348263012552924
180.73004055780876,0.6348250378477374
180.75004166898162,0.6348239524418
180.77004278015445,0.6348230450380097
180.79004389132731,0.6348223156368084
180.81004500250015,0.6348217642385519
180.83004611367298,0.6348213908435086
180.85004722484584,0.634821195451861
180.87004833601867,0.6348211780637041
180.89004944719153,0.6348213386790462
180.91005055836436,0.6348216772978094
180.9300516695372,0.6348221939198283
180.95005278071005,0.6348228885448512
180.97005389188288,0.6348237611725397
180.99005500305574,0.6348248118024682
181.01005611422858,0.6348260404341246
181.0300572254014,0.6348274470669101
181.05005833657427,0.634829031700139
181.0700594477471,0.6348307943330389
181.09006055891996,0.6348327349647506
181.1100616700928,0.6348348535943281
181.13006278126562,0.6348371502207388
181.15006389243848,0.6348396248428633
181.1700650036113,0.6348422774594951
181.19006611478417,0.6348451080693415
181.210067225957,0.6348481166710225
181.23006833712984,0.6348513032630716
181.2500694483027,0.6348546678439357
181.27007055947553,0.6348582104119747
181.2900716706484,0.6348619309654617
181.31007278182122,0.6348658295025832
181.33007389299405,0.6348699060214389
181.3500750041669,0.6348741605200418
181.37007611533974,0.6348785929963179
181.3900772265126,0.6348832034481069
181.41007833768543,0.6348879918731611
181.43007944885827,0.6348929582691467
181.45008056003113,0.6348981026336429
181.47008167120396,0.6349034249641419
181.49008278237682,0.6349089252580495
181.51008389354965,0.6349146035126847
181.53008500472248,0.6349204597252796
181.55008611589534,0.6349264938929795
181.57008722706817,0.6349327060128434
181.59008833824103,0.6349390960818431
181.61008944941386,0.6349456640968636
181.6300905605867,0.6349524100547036
181.65009167175955,0.6349593339520748
181.6700927829324,0.6349664357856023
181.69009389410525,0.6349737155518242
181.71009500527808,0.6349811732471922
181.7300961164509,0.6349888088680709
181.75009722762377,0.6349966224107384
181.7700983387966,0.6350046138713863
181.79009944996946,0.635012783246119
181.8101005611423,0.6350211305309545
181.83010167231512,0.635029655721824
181.85010278348798,0.6350383588145718
181.87010389466082,0.6350472398049559
181.89010500583368,0.6350562986886472
181.9101061170065,0.6350655354612299
181.93010722817934,0.6350749501182018
181.9501083393522,0.6350845426549737
181.97010945052503,0.6350943130668698
181.9901105616979,0.6351042613491276
182.01011167287072,0.635114387496898
182.03011278404355,0.6351246915052449
182.0501138952164,0.6351351733691457
182.07011500638924,0.6351458330834914
182.0901161175621,0.6351566706430857
182.11011722873494,0.6351676860426458
182.13011833990777,0.6351788792768028
182.15011945108063,0.6351902503401003
182.17012056225346,0.6352017992269957
182.19012167342632,0.6352135259318595
182.21012278459915,0.6352254304489757
182.23012389577198,0.6352375127725414
182.25012500694484,0.6352497728966673
182.27012611811767,0.6352622108153774
182.29012722929053,0.6352748265226086
182.31012834046336,0.6352876200122117
182.3301294516362,0.6353005912779506
182.35013056280906,0.6353137403135025
182.3701316739819,0.6353270671124582
182.39013278515475,0.6353405716683214
182.41013389632758,0.6353542539745096
182.4301350075004,0.6353681140243532
182.45013611867327,0.6353821518110967
182.4701372298461,0.6353963673278971
182.49013834101896,0.6354107605678252
182.5101394521918,0.6354253315238652
182.53014056336463,0.6354400801889146
182.55014167453749,0.6354550065557845
182.57014278571032,0.6354701106171987
182.59014389688318,0.6354853923657953
182.610145008056,0.635500851794125
182.63014611922884,0.6355164888946523
182.6501472304017,0.6355323036597552
182.67014834157453,0.6355482960817247
182.6901494527474,0.6355644661527656
182.71015056392022,0.6355808138649959
182.73015167509305,0.6355973392104468
182.75015278626591,0.6356140421810634
182.77015389743875,0.635630922768704
182.7901550086116,0.6356479809651401
182.81015611978444,0.635665216762057
182.83015723095727,0.6356826301510532
182.85015834213013,0.6357002211236406
182.87015945330296,0.6357179896712446
182.89016056447582,0.6357359357852042
182.91016167564865,0.6357540594567715
182.93016278682148,0.6357723606771126
182.95016389799434,0.6357908394373064
182.97016500916718,0.6358094957283458
182.99016612034004,0.6358283295411368
183.01016723151287,0.635847340866499
183.0301683426857,0.6358665296951655
183.05016945385856,0.6358858960177829
183.0701705650314,0.6359054398249113
183.09017167620425,0.6359251611070241
183.11017278737708,0.6359450598545084
183.1301738985499,0.6359651360576646
183.15017500972277,0.6359853897067069
183.1701761208956,0.6360058207917627
183.19017723206846,0.636026429302873
183.2101783432413,0.6360472152299925
183.23017945441413,0.6360681785629891
183.250180565587,0.6360893192916445
183.27018167675982,0.6361106374056538
183.29018278793268,0.6361321328946254
183.3101838991055,0.636153805748082
183.33018501027834,0.6361756559554589
183.3501861214512,0.6361976835061056
183.37018723262403,0.6362198883892849
183.3901883437969,0.6362422705941733
183.41018945496972,0.6362648301098607
183.43019056614256,0.6362875669253505
183.45019167731542,0.63631048102956
183.47019278848825,0.6363335724113199
183.4901938996611,0.6363568410593744
183.51019501083394,0.6363802869623814
183.53019612200677,0.6364039101089125
183.55019723317963,0.6364277104874526
183.57019834435246,0.6364516880864005
183.59019945552532,0.6364758428940687
183.61020056669815,0.6365001748986827
183.63020167787099,0.6365246840883823
183.65020278904385,0.6365493704512207
183.67020390021668,0.6365742339751648
183.69020501138954,0.636599274648095
183.71020612256237,0.6366244924578053
183.7302072337352,0.6366498873920037
183.75020834490806,0.6366754594383115
183.7702094560809,0.6367012085842638
183.79021056725375,0.6367271348173094
183.81021167842658,0.6367532381248109
183.83021278959941,0.6367795184940442
183.85021390077227,0.6368059759121995
183.8702150119451,0.63683261036638
183.89021612311797,0.636859421843603
183.9102172342908,0.6368864103307996
183.93021834546363,0.6369135758148146
183.9502194566365,0.636940918282406
183.97022056780932,0.6369684377202462
183.99022167898218,0.6369961341149211
184.010222790155,0.6370240074529301
184.03022390132784,0.6370520577206868
184.0502250125007,0.6370802849045183
184.07022612367354,0.6371086889906652
184.0902272348464,0.6371372699652825
184.11022834601923,0.6371660278144384
184.13022945719206,0.6371949625241153
184.15023056836492,0.6372240740802091
184.17023167953775,0.6372533624685297
184.1902327907106,0.6372828276748004
184.21023390188344,0.637312469684659
184.23023501305627,0.6373422884836566
184.25023612422913,0.6373722840572582
184.27023723540196,0.6374024563908428
184.29023834657482,0.6374328054697032
184.31023945774766,0.6374633312790456
184.3302405689205,0.6374940338039908
184.35024168009335,0.637524913029573
184.37024279126618,0.6375559689407405
184.39024390243904,0.6375872015223552
184.41024501361187,0.637618610759193
184.43024612478473,0.6376501966359438
184.45024723595756,0.6376819591372113
184.4702483471304,0.637713898247513
184.49024945830325,0.6377460139512807
184.51025056947609,0.6377783062328595
184.53025168064895,0.6378107750765092
184.55025279182178,0.6378434204664027
184.5702539029946,0.6378762423866275
184.59025501416747,0.637909240821185
184.6102561253403,0.63794241575399
184.63025723651316,0.6379757671688719
184.650258347686,0.6380092950495737
184.67025945885882,0.6380429993797525
184.69026057003168,0.6380768801429795
184.7102616812045,0.6381109373227395
184.73026279237737,0.638145170902432
184.7502639035502,0.6381795808653699
184.77026501472304,0.6382141671947803
184.7902661258959,0.6382489298738045
184.81026723706873,0.6382838688854977
184.8302683482416,0.6383189842128292
184.85026945941442,0.638354275838682
184.87027057058725,0.6383897437458539
184.8902716817601,0.638425387917056
184.91027279293294,0.638461208334914
184.9302739041058,0.6384972049819676
184.95027501527863,0.6385333778406703
184.97027612645147,0.6385697268933903
184.99027723762433,0.6386062521224092
185.01027834879716,0.6386429535099231
185.03027945997002,0.6386798310380423
185.05028057114285,0.6387168846887911
185.07028168231568,0.638754114444108
185.09028279348854,0.6387915202858458
185.11028390466137,0.638829102195771
185.13028501583423,0.638866860155565
185.15028612700706,0.6389047941468227
185.1702872381799,0.6389429041510535
185.19028834935276,0.6389811901496811
185.2102894605256,0.6390196521240432
185.23029057169845,0.6390582900553918
185.25029168287128,0.6390971039248933
185.2702927940441,0.6391360937136279
185.29029390521697,0.6391752594025908
185.3102950163898,0.6392146009726904
185.33029612756266,0.6392541184047507
185.3502972387355,0.6392938116795084
185.37029834990832,0.639333680777616
185.39029946108118,0.6393737256796393
185.41030057225402,0.6394139463660589
185.43030168342688,0.6394543428172695
185.4503027945997,0.63949491501358
185.47030390577254,0.6395356629352141
185.4903050169454,0.6395765865623094
185.51030612811823,0.6396176858749179
185.5303072392911,0.6396589608530063
185.55030835046392,0.6397004114764552
185.57030946163675,0.63974203772506
185.5903105728096,0.6397838395785302
185.61031168398245,0.6398258170164899
185.6303127951553,0.6398679700184775
185.65031390632814,0.639910298563946
185.67031501750097,0.6399528026322623
185.69031612867383,0.6399954822027086
185.71031723984666,0.6400383372544809
185.73031835101952,0.6400813677666897
185.75031946219235,0.6401245737183603
185.77032057336518,0.6401679550884322
185.79032168453804,0.6402115118557596
185.81032279571087,0.6402552439991109
185.83032390688373,0.6402991514971695
185.85032501805657,0.6403432343285329
185.8703261292294,0.6403874924717132
185.89032724040226,0.6404319259051373
185.9103283515751,0.6404765346071463
185.93032946274795,0.6405213185559961
185.95033057392078,0.6405662777298573
185.9703316850936,0.6406114121068145
185.99033279626647,0.6406567216648678
186.0103339074393,0.640702206381931
186.03033501861216,0.6407478662358332
186.050336129785,0.6407937012043179
186.07033724095783,0.6408397112650429
186.0903383521307,0.6408858963955814
186.11033946330352,0.6409322565734203
186.13034057447638,0.6409787917759622
186.1503416856492,0.6410255019805235
186.17034279682204,0.641072387164336
186.1903439079949,0.6411194473045458
186.21034501916773,0.6411666823782136
186.2303461303406,0.6412140923623154
186.25034724151342,0.6412616772337412
186.27034835268626,0.6413094369692964
186.29034946385912,0.6413573715457008
186.31035057503195,0.6414054809395892
186.3303516862048,0.641453765127511
186.35035279737764,0.64150222408593
186.37035390855047,0.641550857791226
186.39035501972333,0.6415996662196926
186.41035613089616,0.6416486493475384
186.43035724206902,0.6416978071508872
186.45035835324185,0.6417471396057771
186.47035946441468,0.6417966466881615
186.49036057558754,0.6418463283739089
186.51036168676038,0.6418961846388018
186.53036279793324,0.6419462154585387
186.55036390910607,0.6419964208087321
186.5703650202789,0.6420468006649099
186.59036613145176,0.6420973550025151
186.6103672426246,0.6421480837969049
186.63036835379745,0.6421989870233524
186.65036946497028,0.6422500646570449
186.6703705761431,0.6423013166730853
186.69037168731597,0.642352743046491
186.7103727984888,0.6424043437521948
186.73037390966167,0.6424561187650444
186.7503750208345,0.6425080680598021
186.77037613200733,0.6425601916111459
186.7903772431802,0.6426124893936686
186.81037835435302,0.6426649613818779
186.83037946552588,0.642717607550197
186.8503805766987,0.6427704278729638
186.87038168787154,0.6428234223244315
186.8903827990444,0.6428765908787684
186.91038391021723,0.6429299335100577
186.9303850213901,0.6429834501922982
186.95038613256293,0.6430371408994036
186.97038724373576,0.6430910056052026
186.99038835490862,0.6431450442834397
187.01038946608145,0.6431992569077736
187.0303905772543,0.6432536434517794
187.05039168842714,0.6433082038889463
187.07039279959997,0.6433629381926795
187.09039391077283,0.6434178463362992
187.11039502194566,0.6434729282930407
187.13039613311852,0.6435281840360549
187.15039724429136,0.6435836135384079
187.1703983554642,0.6436392167730807
187.19039946663705,0.6436949937129703
187.21040057780988,0.6437509443308885
187.23040168898274,0.6438070685995627
187.25040280015557,0.6438633664916356
187.2704039113284,0.6439198379796651
187.29040502250126,0.6439764830361248
187.3104061336741,0.6440333016334032
187.33040724484695,0.644090293743805
187.35040835601978,0.6441474593395495
187.37040946719262,0.6442047983927719
187.39041057836548,0.6442623108755228
187.4104116895383,0.6443199967597679
187.43041280071117,0.6443778560173892
187.450413911884,0.6444358886201831
187.47041502305683,0.6444940945398624
187.4904161342297,0.6445524737480551
187.51041724540252,0.6446110262163046
187.53041835657538,0.6446697519160701
187.5504194677482,0.6447286508187261
187.57042057892104,0.6447877228955627
187.5904216900939,0.6448469681177862
187.61042280126674,0.6449063864565172
187.6304239124396,0.6449659778827934
187.65042502361243,0.6450257423675672
187.67042613478526,0.6450856798817066
187.69042724595812,0.6451457903959961
187.71042835713095,0.6452060738811347
187.7304294683038,0.6452665303077383
187.75043057947664,0.6453271596463372
187.77043169064947,0.6453879618673788
187.79043280182233,0.6454489369412251
187.81043391299517,0.6455100848381544
187.83043502416803,0.6455714055283608
187.85043613534086,0.6456328989819538
187.8704372465137,0.645694565168959
187.89043835768655,0.6457564040593178
187.91043946885938,0.6458184156228872
187.93044058003224,0.6458805998294402
187.95044169120507,0.6459429566486656
187.9704428023779,0.646005486050168
187.99044391355076,0.6460681880034682
188.0104450247236,0.6461310624780023
188.03044613589645,0.6461941094431229
188.0504472470693,0.6462573288680981
188.07044835824212,0.646320720722112
188.09044946941498,0.646384284974265
188.1104505805878,0.6464480215935731
188.13045169176067,0.6465119305489685
188.1504528029335,0.6465760118092991
188.17045391410633,0.646640265343329
188.1904550252792,0.6467046911197385
188.21045613645202,0.6467692891071237
188.23045724762488,0.6468340592739968
188.25045835879772,0.6468990015887861
188.27045946997055,0.646964116019836
188.2904605811434,0.6470294025354071
188.31046169231624,0.6470948611036758
188.3304628034891,0.6471604916927352
188.35046391466193,0.6472262942705935
188.37046502583476,0.6472922688051765
188.39046613700762,0.647358415264325
188.41046724818045,0.6474247336157968
188.4304683593533,0.6474912238272651
188.45046947052614,0.64755788586632
188.47047058169898,0.6476247197004676
188.49047169287184,0.6476917252971306
188.51047280404467,0.6477589026236471
188.53047391521753,0.6478262516472724
188.55047502639036,0.6478937723351776
188.5704761375632,0.6479614646544504
188.59047724873605,0.6480293285720947
188.61047835990888,0.6480973640550307
188.63047947108174,0.6481655710700952
188.65048058225457,0.648233949584041
188.6704816934274,0.6483024995635377
188.69048280460026,0.6483712209751712
188.7104839157731,0.6484401137854436
188.73048502694596,0.6485091779607739
188.7504861381188,0.6485784134674971
188.77048724929162,0.6486478202718651
188.79048836046448,0.6487173983400458
188.8104894716373,0.6487871476381244
188.83049058281017,0.6488570681321018
188.850491693983,0.6489271597878958
188.87049280515583,0.648997422571341
188.8904939163287,0.6490678564481882
188.91049502750153,0.6491384613841051
188.93049613867439,0.6492092373446758
188.95049724984722,0.6492801842954011
188.97049836102008,0.6493513022016987
188.9904994721929,0.6494225910289023
189.01050058336574,0.6494940507422631
189.0305016945386,0.6495656813069486
189.05050280571143,0.6496374826880429
189.0705039168843,0.6497094548505471
189.09050502805712,0.6497815977593788
189.11050613922995,0.6498539113793728
189.13050725040281,0.6499263956752801
189.15050836157565,0.649999050611769
189.1705094727485,0.6500718761534244
189.19051058392134,0.650144872264748
189.21051169509417,0.6502180389101585
189.23051280626703,0.6502913760539915
189.25051391743986,0.6503648836604989
189.27051502861272,0.6504385616938508
189.29051613978555,0.6505124101181329
189.31051725095838,0.6505864288973483
189.33051836213124,0.6506606179954175
189.35051947330408,0.6507349773761774
189.37052058447694,0.6508095070033821
189.39052169564977,0.6508842068407028
189.4105228068226,0.6509590768517277
189.43052391799546,0.6510341169999619
189.4505250291683,0.6511093272488278
189.47052614034115,0.6511847075616646
189.49052725151398,0.6512602579017288
189.5105283626868,0.6513359782321942
189.53052947385967,0.6514118685161514
189.5505305850325,0.6514879287166082
189.57053169620536,0.6515641587964898
189.5905328073782,0.6516405587186384
189.61053391855103,0.6517171284458134
189.6305350297239,0.6517938679406916
189.65053614089672,0.6518707771658669
189.67053725206958,0.6519478560838505
189.6905383632424,0.652025104657071
189.71053947441524,0.6521025228478741
189.7305405855881,0.6521801106185228
189.75054169676093,0.6522578679311978
189.7705428079338,0.6523357947479969
189.79054391910663,0.652413891030935
189.81054503027946,0.652492156741945
189.83054614145232,0.6525705918428768
189.85054725262515,0.6526491962954979
189.870548363798,0.6527279700614932
189.89054947497084,0.6528069131024649
189.91055058614367,0.6528860253799329
189.93055169731653,0.6529653068553347
189.95055280848936,0.653044757490025
189.97055391966222,0.6531243772452764
189.99055503083505,0.6532041660822785
190.01055614200789,0.6532841239621394
190.03055725318075,0.6533642508458839
190.05055836435358,0.653444546694455
190.07055947552644,0.653525011468713
190.09056058669927,0.6536056451294359
190.1105616978721,0.6536864476373196
190.13056280904496,0.6537674189529777
190.1505639202178,0.6538485590369412
190.17056503139065,0.653929867849659
190.19056614256348,0.6540113453514979
190.21056725373631,0.6540929915027421
190.23056836490917,0.6541748062635941
190.250569476082,0.6542567895941739
190.27057058725487,0.6543389414545194
190.2905716984277,0.6544212618045862
190.31057280960053,0.6545037506042477
190.3305739207734,0.6545864078132959
190.35057503194622,0.6546692333914399
190.37057614311908,0.6547522272983071
190.3905772542919,0.6548353894934427
190.41057836546474,0.65491871993631
190.4305794766376,0.6550022185862905
190.45058058781044,0.6550858854026831
190.4705816989833,0.6551697203447051
190.49058281015613,0.6552537233714919
190.51058392132896,0.655337894442097
190.53058503250182,0.6554222335154919
190.55058614367465,0.6555067405505659
190.5705872548475,0.6555914155061273
190.59058836602034,0.6556762583409013
190.61058947719317,0.6557612690135322
190.63059058836603,0.6558464474825823
190.65059169953886,0.6559317937065319
190.67059281071172,0.6560173076437799
190.69059392188456,0.656102989252643
190.7105950330574,0.6561888384913563
190.73059614423025,0.6562748553180737
190.75059725540308,0.6563610396908666
190.77059836657594,0.6564473915677251
190.79059947774877,0.656533910906558
190.8106005889216,0.6566205976651918
190.83060170009446,0.6567074518013719
190.8506028112673,0.656794473272762
190.87060392244015,0.656881662036944
190.89060503361299,0.6569690180514185
190.91060614478582,0.6570565412736045
190.93060725595868,0.6571442316608398
190.9506083671315,0.6572320891703798
190.97060947830437,0.6573201137593996
190.9906105894772,0.6574083053849922
191.01061170065003,0.6574966640041691
191.0306128118229,0.6575851895738607
191.05061392299572,0.657673882050916
191.07061503416858,0.6577627413921026
191.09061614534141,0.6578517675541065
191.11061725651425,0.6579409604935328
191.1306183676871,0.6580303201669051
191.15061947885994,0.6581198465306655
191.1706205900328,0.6582095395411756
191.19062170120563,0.6582993991547146
191.21062281237846,0.6583894253274817
191.23062392355132,0.6584796180155943
191.25062503472415,0.6585699771750884
191.270626145897,0.6586605027619192
191.29062725706984,0.6587511947319609
191.31062836824267,0.6588420530410062
191.33062947941553,0.6589330776447673
191.35063059058837,0.6590242684988746
191.37063170176123,0.6591156255588783
191.39063281293406,0.6592071487802466
191.4106339241069,0.6592988381183675
191.43063503527975,0.6593906935285478
191.45063614645258,0.6594827149660133
191.47063725762544,0.659574902385909
191.49063836879827,0.6596672557432984
191.5106394799711,0.6597597749931651
191.53064059114396,0.6598524600904112
191.5506417023168,0.6599453109898581
191.57064281348966,0.6600383276462463
191.5906439246625,0.6601315100142355
191.61064503583532,0.6602248580484047
191.63064614700818,0.6603183717032524
191.650647258181,0.6604120509331959
191.67064836935387,0.6605058956925721
191.6906494805267,0.660599905935637
191.71065059169953,0.6606940816165661
191.7306517028724,0.6607884226894545
191.75065281404522,0.6608829291083158
191.77065392521808,0.6609776008270842
191.79065503639092,0.6610724377996124
191.81065614756375,0.661167439979673
191.8306572587366,0.661262607320958
191.85065836990944,0.6613579397770786
191.8706594810823,0.6614534373015661
191.89066059225513,0.6615490998478707
191.91066170342796,0.6616449273693624
191.93066281460082,0.6617409198193311
191.95066392577365,0.661837077150986
191.9706650369465,0.6619333993174559
191.99066614811935,0.6620298862717893
192.01066725929218,0.6621265379669543
192.03066837046504,0.6622233543558392
192.05066948163787,0.6623203353912512
192.07067059281073,0.662417481025918
192.09067170398356,0.6625147912124866
192.1106728151564,0.6626122659035237
192.13067392632925,0.6627099050515165
192.15067503750208,0.6628077086088712
192.17067614867494,0.6629056765279144
192.19067725984777,0.6630038087608925
192.2106783710206,0.6631021052599714
192.23067948219347,0.6632005659772376
192.2506805933663,0.663299190864697
192.27068170453916,0.663397979874276
192.290682815712,0.6634969329578202
192.31068392688482,0.6635960500670959
192.33068503805768,0.6636953311537895
192.3506861492305,0.663794776169507
192.37068726040337,0.6638943850657748
192.3906883715762,0.6639941577940393
192.41068948274904,0.664094094305667
192.4306905939219,0.664194194551945
192.45069170509473,0.6642944584840795
192.4706928162676,0.6643948860531985
192.49069392744042,0.664495477210349
192.51069503861325,0.6645962319064984
192.5306961497861,0.6646971500925354
192.55069726095894,0.6647982317192672
192.5706983721318,0.6648994767374231
192.59069948330463,0.6650008850976517
192.61070059447746,0.6651024567505224
192.63070170565032,0.665204191646525
192.65070281682316,0.6653060897360694
192.67070392799602,0.6654081509694867
192.69070503916885,0.6655103752970273
192.71070615034168,0.665612762668863
192.73070726151454,0.6657153130350864
192.75070837268737,0.6658180263457093
192.77070948386023,0.6659209025506656
192.79071059503306,0.6660239415998086
192.8107117062059,0.6661271434429131
192.83071281737875,0.6662305080296744
192.85071392855158,0.6663340353097076
192.87071503972444,0.6664377252325495
192.89071615089728,0.6665415777476573
192.9107172620701,0.6666455928044089
192.93071837324297,0.666749770352103
192.9507194844158,0.666854110339959
192.97072059558866,0.6669586127171174
192.9907217067615,0.6670632774326392
193.01072281793432,0.6671681044355062
193.03072392910718,0.667273093674622
193.05072504028,0.6673782450988096
193.07072615145287,0.6674835586568144
193.0907272626257,0.6675890342973018
193.11072837379854,0.6676946719688586
193.1307294849714,0.6678004716199928
193.15073059614423,0.6679064331991329
193.1707317073171,0.6680125566546291
193.19073281848992,0.668118841934752
193.21073392966275,0.6682252889876938
193.2307350408356,0.668331897761568
193.25073615200844,0.6684386682044086
193.2707372631813,0.6685456002641715
193.29073837435413,0.6686526938887334
193.31073948552697,0.6687599490258923
193.33074059669983,0.6688673656233679
193.35074170787266,0.6689749436288003
193.37074281904552,0.6690826829897518
193.39074393021835,0.6691905836537057
193.41074504139118,0.6692986455680665
193.43074615256404,0.6694068686801605
193.45074726373687,0.669515252937235
193.47074837490973,0.6696237982864595
193.49074948608256,0.6697325046749236
193.51075059725542,0.6698413720496398
193.53075170842826,0.6699504003575414
193.5507528196011,0.6700595895454833
193.57075393077395,0.6701689395602424
193.59075504194678,0.6702784503485166
193.61075615311964,0.6703881218569261
193.63075726429247,0.670497954032012
193.6507583754653,0.6706079468202377
193.67075948663816,0.6707181001679883
193.690760597811,0.6708284140215699
193.71076170898385,0.6709388883272114
193.73076282015668,0.6710495230310627
193.75076393132952,0.6711603180791956
193.77076504250238,0.6712712734176047
193.7907661536752,0.671382388992205
193.81076726484807,0.6714936647488345
193.8307683760209,0.6716051006332523
193.85076948719373,0.6717166965911401
193.8707705983666,0.6718284525681015
193.89077170953942,0.6719403685096618
193.91077282071228,0.6720524443612684
193.9307739318851,0.6721646800682909
193.95077504305794,0.6722770755760208
193.9707761542308,0.672389630829672
193.99077726540364,0.6725023457743802
194.0107783765765,0.6726152203552035
194.03077948774933,0.6727282545171218
194.05078059892216,0.6728414482050379
194.07078171009502,0.6729548013637763
194.09078282126785,0.6730683139380838
194.1107839324407,0.6731819858726299
194.13078504361354,0.6732958171120056
194.15078615478637,0.6734098076007251
194.17078726595923,0.6735239572832248
194.19078837713207,0.673638266103863
194.21078948830493,0.6737527340069212
194.23079059947776,0.6738673609366024
194.2507917106506,0.6739821468370328
194.27079282182345,0.6740970916522613
194.29079393299628,0.6742121953262586
194.31079504416914,0.6743274578029186
194.33079615534197,0.674442879026057
194.3507972665148,0.6745584589394132
194.37079837768766,0.6746741974866486
194.3907994888605,0.6747900946113472
194.41080060003335,0.674906150257016
194.4308017112062,0.6750223643670844
194.45080282237902,0.6751387368849049
194.47080393355188,0.675255267753753
194.4908050447247,0.6753719569168259
194.51080615589757,0.6754888043172451
194.5308072670704,0.6756058098980537
194.55080837824323,0.6757229736022187
194.5708094894161,0.6758402953726295
194.59081060058892,0.6759577751520983
194.61081171176178,0.6760754128833608
194.63081282293462,0.6761932085090754
194.65081393410745,0.6763111619718232
194.6708150452803,0.6764292732141093
194.69081615645314,0.6765475421783609
194.710817267626,0.676665968806929
194.73081837879883,0.6767845530420871
194.75081948997166,0.6769032948260326
194.77082060114452,0.677022194100886
194.79082171231735,0.67714125080869
194.8108228234902,0.6772604648914122
194.83082393466304,0.6773798362909422
194.85082504583588,0.6774993649490932
194.87082615700874,0.6776190508076025
194.89082726818157,0.6777388938081297
194.91082837935443,0.6778588938922585
194.93082949052726,0.6779790510014956
194.9508306017001,0.6780993650772715
194.97083171287295,0.6782198360609404
194.99083282404578,0.6783404638937791
195.01083393521864,0.678461248516989
195.03083504639147,0.6785821898716942
195.0508361575643,0.6787032878989431
195.07083726873717,0.6788245425397074
195.09083837991,0.6789459537348823
195.11083949108286,0.6790675214252873
195.1308406022557,0.6791892455516646
195.15084171342852,0.6793111260546811
195.17084282460138,0.6794331628749273
195.1908439357742,0.6795553559529169
195.21084504694707,0.6796777052290882
195.2308461581199,0.6798002106438028
195.25084726929273,0.6799228721373465
195.2708483804656,0.6800456896499291
195.29084949163843,0.6801686631216839
195.31085060281129,0.6802917924926686
195.33085171398412,0.6804150777028648
195.35085282515695,0.680538518692178
195.3708539363298,0.6806621154004381
195.39085504750264,0.6807858677673986
195.4108561586755,0.6809097757327378
195.43085726984833,0.6810338392360571
195.45085838102116,0.6811580582168832
195.47085949219402,0.6812824326146666
195.49086060336685,0.6814069623687817
195.51086171453971,0.6815316474185278
195.53086282571255,0.6816564877031277
195.55086393688538,0.6817814831617295
195.57086504805824,0.681906633733405
195.59086615923107,0.6820319393571503
195.61086727040393,0.6821573999718866
195.63086838157676,0.6822830155164586
195.6508694927496,0.6824087859296365
195.67087060392245,0.6825347111501144
195.69087171509528,0.6826607911165109
195.71087282626814,0.6827870257673695
195.73087393744098,0.6829134150411581
195.7508750486138,0.683039958876269
195.77087615978667,0.6831666572110198
195.7908772709595,0.683293509983652
195.81087838213236,0.6834205171323328
195.8308794933052,0.6835476785951529
195.85088060447802,0.6836749943101288
195.87088171565088,0.6838024642152016
195.8908828268237,0.6839300882482371
195.91088393799657,0.6840578663470258
195.9308850491694,0.6841857984492832
195.95088616034224,0.68431388449265
195.9708872715151,0.6844421244146918
195.99088838268793,0.6845705181528987
196.0108894938608,0.6846990656446867
196.03089060503362,0.6848277668273959
196.05089171620645,0.6849566216382921
196.0708928273793,0.6850856300145665
196.09089393855214,0.685214791893334
196.110895049725,0.6853441072116366
196.13089616089783,0.6854735759064401
196.15089727207067,0.685603197914636
196.17089838324353,0.6857329731730415
196.19089949441636,0.6858629016183981
196.21090060558922,0.6859929831873738
196.23090171676205,0.6861232178165609
196.25090282793488,0.6862536054424778
196.27090393910774,0.6863841460015683
196.29090505028057,0.686514839430201
196.31090616145343,0.6866456856646708
196.33090727262626,0.6867766846411976
196.3509083837991,0.6869078362959268
196.37090949497195,0.6870391405649301
196.39091060614479,0.6871705973842037
196.41091171731765,0.6873022066896706
196.43091282849048,0.6874339684171782
196.4509139396633,0.6875658825025006
196.47091505083617,0.6876979488813377
196.490916162009,0.6878301674893144
196.51091727318186,0.6879625382619821
196.5309183843547,0.6880950611348171
196.55091949552752,0.6882277360432228
196.57092060670038,0.6883605629225278
196.59092171787321,0.6884935417079865
196.61092282904607,0.6886266723347796
196.6309239402189,0.6887599547380135
196.65092505139174,0.6888933888527208
196.6709261625646,0.6890269746138604
196.69092727373743,0.6891607119563163
196.7109283849103,0.6892946008149003
196.73092949608312,0.6894286411243484
196.75093060725595,0.6895628328193242
196.7709317184288,0.6896971758344168
196.79093282960164,0.689831670104142
196.8109339407745,0.6899663155629416
196.83093505194734,0.6901011121451835
196.85093616312017,0.6902360597851624
196.87093727429303,0.6903711584170993
196.89093838546586,0.6905064079751411
196.91093949663872,0.6906418083933619
196.93094060781155,0.6907773596057614
196.95094171898438,0.6909130615462664
196.97094283015724,0.6910489141487304
196.99094394133007,0.6911849173469324
197.01094505250293,0.6913210710745799
197.03094616367576,0.6914573752653046
197.0509472748486,0.6915938298526667
197.07094838602146,0.6917304347701525
197.0909494971943,0.691867189951175
197.11095060836715,0.692004095329074
197.13095171953998,0.6921411508371158
197.1509528307128,0.6922783564084942
197.17095394188567,0.6924157119763293
197.1909550530585,0.692553217473668
197.21095616423136,0.6926908728334848
197.2309572754042,0.6928286779886801
197.25095838657703,0.6929666328720823
197.27095949774989,0.6931047374164463
197.29096060892272,0.6932429915544542
197.31096172009558,0.6933813952187151
197.3309628312684,0.693519948341765
197.35096394244124,0.6936586508560675
197.3709650536141,0.6937975026940135
197.39096616478693,0.6939365037879202
197.4109672759598,0.6940756540700328
197.43096838713262,0.6942149534725236
197.45096949830545,0.6943544019274923
197.47097060947831,0.6944939993669661
197.49097172065115,0.6946337457228988
197.510972831824,0.6947736409271726
197.53097394299684,0.6949136849115964
197.55097505416967,0.6950538776079072
197.57097616534253,0.6951942189477691
197.59097727651536,0.6953347088627735
197.61097838768822,0.6954753472844402
197.63097949886105,0.6956161341442155
197.65098061003388,0.6957570693734747
197.67098172120674,0.69589815290352
197.69098283237958,0.6960393846655806
197.71098394355243,0.6961807645908148
197.73098505472527,0.6963222926103079
197.7509861658981,0.6964639686550731
197.77098727707096,0.696605792656052
197.7909883882438,0.6967477645441132
197.81098949941665,0.6968898842500539
197.83099061058948,0.6970321517045988
197.8509917217623,0.6971745668384006
197.87099283293517,0.6973171295820406
197.890993944108,0.6974598398660274
197.91099505528086,0.6976026976207983
197.9309961664537,0.6977457027767182
197.95099727762653,0.6978888552640803
197.9709983887994,0.6980321550131063
197.99099949997222,0.6981756019539458
198.01100061114508,0.6983191960166771
198.0310017223179,0.6984629371313056
198.05100283349077,0.6986068252277665
198.0710039446636,0.6987508602359223
198.09100505583643,0.6988950420855644
198.1110061670093,0.6990393707064129
198.13100727818212,0.6991838460281155
198.15100838935498,0.699328467980249
198.17100950052782,0.6994732364923184
198.19101061170065,0.6996181514937578
198.2110117228735,0.6997632129139295
198.23101283404634,0.6999084206821241
198.2510139452192,0.7000537747275617
198.27101505639203,0.7001992749793903
198.29101616756486,0.700344921366687
198.31101727873772,0.7004907138184582
198.33101838991055,0.7006366522636375
198.3510195010834,0.7007827366310893
198.37102061225625,0.7009289668496052
198.39102172342908,0.7010753428479068
198.41102283460194,0.7012218645546445
198.43102394577477,0.7013685318983971
198.45102505694763,0.7015153448076732
198.47102616812046,0.7016623032109095
198.4910272792933,0.7018094070364724
198.51102839046615,0.7019566562126579
198.53102950163898,0.7021040506676899
198.55103061281184,0.7022515903297224
198.57103172398467,0.7023992751268384
198.5910328351575,0.70254710498705
198.61103394633037,0.7026950798382989
198.6310350575032,0.7028431996084556
198.65103616867606,0.7029914642253212
198.6710372798489,0.7031398736166241
198.69103839102172,0.7032884277100238
198.71103950219458,0.7034371264331092
198.7310406133674,0.7035859697133976
198.75104172454027,0.7037349574783371
198.7710428357131,0.7038840896553045
198.79104394688594,0.7040333661716065
198.8110450580588,0.7041827869544799
198.83104616923163,0.70433235193109
198.8510472804045,0.7044820610285333
198.87104839157732,0.7046319141738346
198.89104950275015,0.7047819112939496
198.911050613923,0.7049320523157635
198.93105172509584,0.7050823371660908
198.9510528362687,0.7052327657716773
198.97105394744153,0.7053833380591964
198.99105505861436,0.7055340539552537
199.01105616978722,0.705684913386384
199.03105728096006,0.7058359162790515
199.05105839213292,0.7059870625596518
199.07105950330575,0.7061383521545092
199.09106061447858,0.706289784989879
199.11106172565144,0.7064413609919468
199.13106283682427,0.7065930800868276
199.15106394799713,0.7067449422005675
199.17106505916996,0.7068969472591422
199.1910661703428,0.7070490951884583
199.21106728151565,0.7072013859143527
199.23106839268848,0.7073538193625919
199.25106950386134,0.7075063954588741
199.27107061503418,0.7076591141288266
199.291071726207,0.7078119752980087
199.31107283737987,0.7079649788919089
199.3310739485527,0.7081181248359468
199.35107505972556,0.7082714130554729
199.3710761708984,0.7084248434757678
199.39107728207122,0.7085784160220434
199.41107839324408,0.7087321306194418
199.4310795044169,0.708885987193036
199.45108061558977,0.70903998566783
199.4710817267626,0.7091941259687583
199.49108283793544,0.7093484080206864
199.5110839491083,0.7095028317484112
199.53108506028113,0.7096573970766595
199.551086171454,0.7098121039300901
199.57108728262682,0.7099669522332921
199.59108839379965,0.7101219419107859
199.6110895049725,0.7102770728870236
199.63109061614534,0.7104323450863871
199.6510917273182,0.7105877584331906
199.67109283849103,0.7107433128516789
199.69109394966387,0.7108990082660284
199.71109506083673,0.7110548446003466
199.73109617200956,0.7112108217786721
199.75109728318242,0.7113669397249757
199.77109839435525,0.7115231983631581
199.79109950552808,0.7116795976170528
199.81110061670094,0.7118361374104243
199.83110172787377,0.7119928176669681
199.85110283904663,0.7121496383103122
199.87110395021946,0.7123065992640151
199.8911050613923,0.7124637004515677
199.91110617256516,0.7126209417963927
199.931107283738,0.7127783232218432
199.95110839491085,0.7129358446512055
199.97110950608368,0.7130935060076966
199.9911106172565,0.7132513072144661
200.01111172842937,0.7134092481945951
200.0311128396022,0.7135673288710962
200.05111395077506,0.7137255491669146
200.0711150619479,0.7138839090049265
200.09111617312072,0.7140424083079413
200.11111728429358,0.7142010469986996
200.13111839546642,0.714359824999874
200.15111950663928,0.7145187422340699
200.1711206178121,0.7146777986238237
200.19112172898494,0.7148369940916051
200.2111228401578,0.7149963285598157
200.23112395133063,0.7151558019507886
200.2511250625035,0.7153154141867906
200.27112617367632,0.7154751651900191
200.29112728484915,0.715635054882605
200.311128396022,0.7157950831866118
200.33112950719485,0.7159552500240345
200.3511306183677,0.7161155553168013
200.37113172954054,0.7162759989867725
200.39113284071337,0.7164365809557411
200.41113395188623,0.7165973011454332
200.43113506305906,0.7167581594775062
200.45113617423192,0.7169191558735517
200.47113728540475,0.7170802902550929
200.49113839657758,0.7172415625435862
200.51113950775044,0.717402972660421
200.53114061892327,0.7175645205269188
200.55114173009613,0.7177262060643348
200.57114284126897,0.7178880291938562
200.5911439524418,0.7180499898366038
200.61114506361466,0.7182120879136316
200.6311461747875,0.7183743233459254
200.65114728596035,0.7185366960544055
200.67114839713318,0.7186992059599242
200.691149508306,0.7188618529832675
200.71115061947887,0.7190246370451548
200.7311517306517,0.7191875580662377
200.75115284182456,0.7193506159671019
200.7711539529974,0.7195138106682661
200.79115506417023,0.7196771420901823
200.8111561753431,0.7198406101532362
200.83115728651592,0.7200042147777461
200.85115839768878,0.7201679558839649
200.8711595088616,0.7203318333920774
200.89116062003444,0.7204958472222036
200.9111617312073,0.7206599972943963
200.93116284238013,0.7208242835286411
200.951163953553,0.7209887058448587
200.97116506472582,0.7211532641629023
200.99116617589866,0.7213179584025593
201.01116728707152,0.7214827884835514
201.03116839824435,0.7216477543255327
201.0511695094172,0.7218128558480926
201.07117062059004,0.7219780929707531
201.09117173176287,0.722143465612971
201.11117284293573,0.7223089736941368
201.13117395410856,0.7224746171335746
201.15117506528142,0.7226403958505433
201.17117617645425,0.7228063097642348
201.19117728762708,0.722972358793776
201.21117839879994,0.7231385428582281
201.23117950997278,0.723304861876585
201.25118062114564,0.7234713157677766
201.27118173231847,0.7236379044506658
201.2911828434913,0.7238046278440506
201.31118395466416,0.723971485866663
201.331185065837,0.7241384784371692
201.35118617700985,0.7243056054741703
201.37118728818268,0.724472866896201
201.3911883993555,0.7246402626217316
201.41118951052837,0.7248077925691665
201.4311906217012,0.7249754566568438
201.45119173287407,0.7251432548030379
201.4711928440469,0.7253111869259563
201.49119395521973,0.7254792529437419
201.5111950663926,0.7256474527744727
201.53119617756542,0.7258157863361605
201.55119728873828,0.7259842535467531
201.5711983999111,0.7261528543241316
201.59119951108394,0.7263215885861134
201.6112006222568,0.7264904562504506
201.63120173342963,0.7266594572348294
201.6512028446025,0.7268285914568722
201.67120395577533,0.7269978588341355
201.69120506694816,0.7271672592841112
201.71120617812102,0.7273367927242269
201.73120728929385,0.7275064590718443
201.7512084004667,0.7276762582442614
201.77120951163954,0.7278461901587105
201.79121062281237,0.7280162547323599
201.81121173398523,0.7281864518823131
201.83121284515806,0.7283567815256085
201.85121395633092,0.7285272435792209
201.87121506750375,0.728697837960059
201.8912161786766,0.7288685645849686
201.91121728984945,0.7290394233707304
201.93121840102228,0.7292104142340601
201.95121951219514,0.7293815370916102
201.97122062336797,0.7295527918599678
201.9912217345408,0.7297241784556563
202.01122284571366,0.7298956967951349
202.0312239568865,0.7300673467947978
202.05122506805935,0.7302391283709762
202.07122617923218,0.730411041439936
202.09122729040502,0.7305830859178797
202.11122840157788,0.7307552617209461
202.1312295127507,0.7309275687652087
202.15123062392357,0.7311000069666784
202.1712317350964,0.7312725762413012
202.19123284626923,0.7314452765049599
202.2112339574421,0.7316181076734729
202.23123506861492,0.731791069662595
202.25123617978778,0.7319641623880175
202.2712372909606,0.7321373857653675
202.29123840213344,0.7323107397102087
202.3112395133063,0.7324842241380413
202.33124062447914,0.7326578389643013
202.351241735652,0.732831584104362
202.37124284682483,0.7330054594735325
202.39124395799766,0.7331794649870584
202.41124506917052,0.7333536005601227
202.43124618034335,0.7335278661078437
202.4512472915162,0.7337022615452777
202.47124840268904,0.7338767867874166
202.49124951386187,0.7340514417491896
202.51125062503473,0.7342262263454629
202.53125173620757,0.7344011404910384
202.55125284738043,0.7345761841006562
202.57125395855326,0.7347513570889923
202.59125506972612,0.7349266593706604
202.61125618089895,0.7351020908602104
202.63125729207178,0.7352776514721298
202.65125840324464,0.7354533411208433
202.67125951441747,0.7356291597207116
202.69126062559033,0.7358051071860343
202.71126173676316,0.7359811834310466
202.731262847936,0.7361573883699215
202.75126395910885,0.7363337219167698
202.7712650702817,0.7365101839856385
202.79126618145455,0.7366867744905131
202.81126729262738,0.7368634933453156
202.8312684038002,0.7370403404639062
202.85126951497307,0.7372173157600819
202.8712706261459,0.7373944191475774
202.89127173731876,0.7375716505400653
202.9112728484916,0.7377490098511554
202.93127395966442,0.7379264969943954
202.95127507083728,0.7381041118832709
202.97127618201012,0.7382818544312043
202.99127729318297,0.7384597245515572
203.0112784043558,0.7386377221576274
203.03127951552864,0.7388158471626518
203.0512806267015,0.7389940994798051
203.07128173787433,0.7391724790221991
203.0912828490472,0.7393509857028845
203.11128396022002,0.7395296194348493
203.13128507139285,0.7397083801310201
203.1512861825657,0.7398872677042619
203.17128729373854,0.7400662820673765
203.1912884049114,0.7402454231331053
203.21128951608424,0.7404246908141271
203.23129062725707,0.7406040850230595
203.25129173842993,0.7407836056724586
203.27129284960276,0.7409632526748178
203.29129396077562,0.74114302594257
203.31129507194845,0.7413229253880861
203.33129618312128,0.7415029509236755
203.35129729429414,0.7416831024615863
203.37129840546697,0.7418633799140049
203.39129951663983,0.7420437831930569
203.41130062781266,0.7422243122108054
203.4313017389855,0.7424049668792536
203.45130285015836,0.7425857471103429
203.4713039613312,0.7427666528159531
203.49130507250405,0.7429476839079033
203.51130618367688,0.743128840297951
203.5313072948497,0.7433101218977933
203.55130840602257,0.7434915286190662
203.5713095171954,0.7436730603733437
203.59131062836826,0.7438547170721403
203.6113117395411,0.7440364986269085
203.63131285071393,0.7442184049490403
203.65131396188679,0.7444004359498674
203.67131507305962,0.7445825915406596
203.69131618423248,0.7447648716326272
203.7113172954053,0.7449472761369186
203.73131840657814,0.7451298049646227
203.751319517751,0.7453124580267672
203.77132062892383,0.7454952352343189
203.7913217400967,0.7456781364981855
203.81132285126952,0.7458611617292121
203.83132396244235,0.7460443108381849
203.85132507361521,0.7462275837358296
203.87132618478805,0.7464109803328112
203.8913272959609,0.7465945005397343
203.91132840713374,0.7467781442671435
203.93132951830657,0.746961911425523
203.95133062947943,0.7471458019252976
203.97133174065226,0.7473298156768305
203.99133285182512,0.7475139525904264
204.01133396299795,0.7476982125763285
204.03133507417078,0.7478825955447213
204.05133618534364,0.7480671014057289
204.07133729651648,0.7482517300694147
204.09133840768934,0.748436481445784
204.11133951886217,0.74862135544478
204.131340630035,0.748806351976288
204.15134174120786,0.748991470950133
204.1713428523807,0.7491767122760798
204.19134396355355,0.7493620758638346
204.21134507472638,0.7495475616230427
204.2313461858992,0.749733169463291
204.25134729707207,0.7499188992941067
204.2713484082449,0.7501047510249566
204.29134951941776,0.7502907245652493
204.3113506305906,0.7504768198243331
204.33135174176343,0.7506630367114975
204.3513528529363,0.7508493751359728
204.37135396410912,0.7510358350069295
204.39135507528198,0.7512224162334795
204.4113561864548,0.7514091187246749
204.43135729762764,0.7515959423895092
204.4513584088005,0.7517828871369174
204.47135951997333,0.7519699528757735
204.4913606311462,0.7521571395148948
204.51136174231902,0.7523444469630381
204.53136285349186,0.7525318751289021
204.55136396466472,0.7527194239211267
204.57136507583755,0.7529070932482922
204.5913661870104,0.7530948830189212
204.61136729818324,0.7532827931414766
204.63136840935607,0.7534708235243633
204.65136952052893,0.7536589740759279
204.67137063170176,0.7538472447044571
204.69137174287462,0.7540356353181804
204.71137285404745,0.754224145825268
204.73137396522029,0.7544127761338321
204.75137507639315,0.7546015261519268
204.77137618756598,0.7547903957875466
204.79137729873884,0.754979384948629
204.81137840991167,0.7551684935430525
204.8313795210845,0.7553577214786378
204.85138063225736,0.7555470686631475
204.8713817434302,0.7557365350042851
204.89138285460305,0.7559261204096975
204.91138396577588,0.7561158247869724
204.93138507694871,0.7563056480436399
204.95138618812157,0.7564955900871725
204.9713872992944,0.756685650824984
204.99138841046727,0.7568758301644314
205.0113895216401,0.7570661280128126
205.03139063281293,0.7572565442773689
205.0513917439858,0.7574470788652835
205.07139285515862,0.7576377316836814
205.09139396633148,0.7578285026396312
205.1113950775043,0.7580193916401421
205.13139618867714,0.7582103985921672
205.15139729985,0.758401523402602
205.17139841102284,0.7585927659782838
205.1913995221957,0.7587841262259933
205.21140063336853,0.7589756040524531
205.23140174454136,0.759167199364329
205.25140285571422,0.7593589120682298
205.27140396688705,0.7595507420707059
205.2914050780599,0.7597426892782522
205.31140618923274,0.7599347535973047
205.33140730040557,0.7601269349342437
205.35140841157843,0.7603192331953919
205.37140952275126,0.7605116482870148
205.39141063392412,0.7607041801153218
205.41141174509696,0.760896828586464
205.4314128562698,0.7610895936065367
205.45141396744265,0.7612824750815786
205.47141507861548,0.7614754729175706
205.49141618978834,0.7616685870204377
205.51141730096117,0.7618618172960478
205.531418412134,0.7620551636502124
205.55141952330686,0.7622486259886868
205.5714206344797,0.7624422042171686
205.59142174565255,0.7626358982413004
205.61142285682538,0.7628297079666668
205.63142396799822,0.7630236332987973
205.65142507917108,0.7632176741431647
205.6714261903439,0.7634118304051847
205.69142730151677,0.7636061019902182
205.7114284126896,0.7638004888035682
205.73142952386243,0.763994990750483
205.7514306350353,0.7641896077361544
205.77143174620812,0.7643843396657171
205.79143285738098,0.7645791864442512
205.8114339685538,0.7647741479767798
205.83143507972665,0.7649692241682705
205.8514361908995,0.7651644149236355
205.87143730207234,0.76535972014773
205.8914384132452,0.7655551397453545
205.91143952441803,0.7657506736212528
205.93144063559086,0.7659463216801137
205.95144174676372,0.7661420838265705
205.97144285793655,0.7663379599651997
205.9914439691094,0.7665339500005239
206.01144508028224,0.7667300538370087
206.03144619145507,0.7669262713790649
206.05144730262793,0.7671226025310486
206.07144841380077,0.7673190471972586
206.09144952497363,0.7675156052819403
206.11145063614646,0.7677122766892825
206.1314517473193,0.7679090613234197
206.15145285849215,0.7681059590884309
206.17145396966498,0.7683029698883395
206.19145508083784,0.7685000936271144
206.21145619201067,0.7686973302086688
206.2314573031835,0.7688946795368617
206.25145841435636,0.769092141515497
206.2714595255292,0.7692897160483227
206.29146063670206,0.7694874030390335
206.3114617478749,0.7696852023912676
206.33146285904772,0.7698831140086098
206.35146397022058,0.7700811377945898
206.3714650813934,0.7702792736526822
206.39146619256627,0.7704775214863075
206.4114673037391,0.7706758811988308
206.43146841491193,0.7708743526935637
206.4514695260848,0.771072935873763
206.47147063725762,0.7712716306426305
206.49147174843048,0.7714704369033145
206.51147285960332,0.771669354558908
206.53147397077615,0.7718683835124504
206.551475081949,0.7720675236669268
206.57147619312184,0.7722667749252674
206.5914773042947,0.7724661371903495
206.61147841546753,0.7726656103649948
206.63147952664036,0.7728651943519722
206.65148063781322,0.7730648890539961
206.67148174898605,0.7732646943737265
206.6914828601589,0.7734646102137707
206.71148397133175,0.7736646364766802
206.73148508250458,0.7738647730649544
206.75148619367744,0.7740650198810385
206.77148730485027,0.7742653768273233
206.79148841602313,0.7744658438061469
206.81148952719596,0.7746664207197929
206.8314906383688,0.7748671074704918
206.85149174954165,0.7750679039604207
206.87149286071448,0.7752688100917026
206.89149397188734,0.7754698257664077
206.91149508306017,0.775670950886552
206.931496194233,0.7758721853540993
206.95149730540587,0.7760735290709593
206.9714984165787,0.7762749819389883
206.99149952775156,0.7764765438599901
207.0115006389244,0.7766782147357147
207.03150175009722,0.7768799944678593
207.05150286127008,0.777081882958068
207.0715039724429,0.7772838801079318
207.09150508361577,0.7774859858189891
207.1115061947886,0.7776881999927245
207.13150730596146,0.777890522530571
207.1515084171343,0.7780929533339075
207.17150952830713,0.778295492304061
207.19151063948,0.7784981393423057
207.21151175065282,0.7787008943498626
207.23151286182568,0.7789037572279005
207.2515139729985,0.7791067278775354
207.27151508417134,0.7793098061998309
207.2915161953442,0.7795129920957986
207.31151730651703,0.7797162854663964
207.3315184176899,0.7799196862125314
207.35151952886272,0.7801231942350566
207.37152064003556,0.780326809434774
207.39152175120842,0.7805305317124334
207.41152286238125,0.7807343609687314
207.4315239735541,0.7809382971043135
207.45152508472694,0.7811423400197723
207.47152619589977,0.781346489615649
207.49152730707263,0.7815507457924326
207.51152841824546,0.7817551084505596
207.53152952941832,0.7819595774904157
207.55153064059115,0.7821641528123333
207.57153175176398,0.7823688343165944
207.59153286293684,0.7825736219034287
207.61153397410968,0.7827785154730136
207.63153508528254,0.7829835149254759
207.65153619645537,0.7831886201608901
207.6715373076282,0.7833938310792788
207.69153841880106,0.7835991475806143
207.7115395299739,0.7838045695648163
207.73154064114675,0.7840100969317536
207.75154175231958,0.7842157295812434
207.7715428634924,0.7844214674130517
207.79154397466527,0.7846273103268938
207.8115450858381,0.7848332582224324
207.83154619701097,0.7850393109992806
207.8515473081838,0.7852454685569988
207.87154841935663,0.7854517307950977
207.8915495305295,0.7856580976130365
207.91155064170232,0.7858645689102229
207.93155175287518,0.7860711445860147
207.951552864048,0.7862778245397177
207.97155397522084,0.7864846086705874
207.9915550863937,0.7866914968778295
208.01155619756653,0.7868984890605966
208.0315573087394,0.7871055851179929
208.05155841991223,0.7873127849490705
208.07155953108506,0.787520088452832
208.09156064225792,0.7877274955282288
208.11156175343075,0.787935006074162
208.1315628646036,0.7881426199894823
208.15156397577644,0.7883503371729896
208.17156508694927,0.7885581575234342
208.19156619812213,0.7887660809395158
208.21156730929496,0.7889741073198834
208.23156842046782,0.7891822365631367
208.25156953164065,0.789390468567824
208.2715706428135,0.7895988032324449
208.29157175398635,0.7898072404554488
208.31157286515918,0.7900157801352333
208.33157397633204,0.7902244221701485
208.35157508750487,0.7904331664584929
208.3715761986777,0.7906420128985159
208.39157730985056,0.7908509613884174
208.4115784210234,0.7910600118263466
208.43157953219625,0.7912691641104038
208.45158064336908,0.7914784181386392
208.47158175454192,0.7916877738090536
208.49158286571478,0.7918972310195986
208.5115839768876,0.7921067896681756
208.53158508806047,0.7923164496526373
208.5515861992333,0.792526210870786
208.57158731040613,0.7927360732203756
208.591588421579,0.7929460365991107
208.61158953275182,0.7931561009046457
208.63159064392468,0.7933662660345873
208.6515917550975,0.7935765318864911
208.67159286627034,0.7937868983578653
208.6915939774432,0.7939973653461686
208.71159508861604,0.7942079327488101
208.7315961997889,0.7944186004631507
208.75159731096173,0.7946293683865019
208.77159842213456,0.7948402364161267
208.79159953330742,0.7950512044492394
208.81160064448025,0.7952622723830048
208.8316017556531,0.79547344011454
208.85160286682594,0.7956847075409126
208.87160397799877,0.7958960745591421
208.89160508917163,0.7961075410661997
208.91160620034447,0.7963191069590071
208.93160731151733,0.7965307721344391
208.95160842269016,0.79674253648932
208.971609533863,0.7969543999204277
208.99161064503585,0.7971663623244911
209.01161175620868,0.7973784235981904
209.03161286738154,0.7975905836381587
209.05161397855437,0.7978028423409795
209.0716150897272,0.7980151996031893
209.09161620090006,0.7982276553212767
209.1116173120729,0.7984402093916811
209.13161842324575,0.7986528617107954
209.1516195344186,0.7988656121749633
209.17162064559142,0.7990784606804817
209.19162175676428,0.7992914071235995
209.2116228679371,0.799504451400517
209.23162397910997,0.799717593407388
209.2516250902828,0.7999308330403178
209.27162620145563,0.8001441701953645
209.2916273126285,0.8003576047685393
209.31162842380132,0.8005711366558041
209.33162953497418,0.8007847657530753
209.35163064614702,0.8009984919562205
209.37163175731985,0.801212315161061
209.3916328684927,0.8014262352633704
209.41163397966554,0.8016402521588748
209.4316350908384,0.8018543657432537
209.45163620201123,0.8020685759121386
209.47163731318406,0.802282882561115
209.49163842435692,0.8024972855857208
209.51163953552975,0.8027117848814466
209.5316406467026,0.8029263803437368
209.55164175787544,0.8031410718679882
209.57164286904828,0.8033558593495513
209.59164398022114,0.8035707426837303
209.61164509139397,0.8037857217657809
209.63164620256683,0.8040007964909139
209.65164731373966,0.8042159667542925
209.6716484249125,0.8044312324510341
209.69164953608535,0.804646593476209
209.71165064725818,0.804862049724841
209.73165175843104,0.8050776010919081
209.75165286960387,0.8052932474723409
209.7716539807767,0.8055089887610246
209.79165509194956,0.8057248248527982
209.8116562031224,0.8059407556424535
209.83165731429526,0.8061567810247373
209.8516584254681,0.8063729008943492
209.87165953664092,0.8065891151459437
209.89166064781378,0.8068054236741289
209.9116617589866,0.8070218263734666
209.93166287015947,0.8072383231384739
209.9516639813323,0.8074549138636198
209.97166509250513,0.8076715984433298
209.991666203678,0.8078883767719827
210.01166731485083,0.8081052487439112
210.03166842602369,0.8083222142534034
210.05166953719652,0.8085392731947005
210.07167064836935,0.8087564254619993
210.0916717595422,0.8089736709494509
210.11167287071504,0.8091910095511601
210.1316739818879,0.8094084411611875
210.15167509306073,0.8096259656735473
210.17167620423356,0.809843582982209
210.19167731540642,0.8100612929810974
210.21167842657925,0.8102790955640907
210.23167953775211,0.8104969906250237
210.25168064892495,0.8107149780576839
210.27168176009778,0.8109330577558159
210.29168287127064,0.8111512296131186
210.31168398244347,0.8113694935232454
210.33168509361633,0.8115878493798058
210.35168620478916,0.8118062970763633
210.371687315962,0.812024836506438
210.39168842713485,0.8122434675635044
210.41168953830768,0.8124621901409922
210.43169064948054,0.8126810041322874
210.45169176065338,0.8128999094307303
210.4716928718262,0.8131189059296176
210.49169398299907,0.8133379935222014
210.5116950941719,0.8135571721016885
210.53169620534476,0.8137764415612428
210.5516973165176,0.813995801793983
210.57169842769042,0.8142152526929832
210.59169953886328,0.8144347941512744
210.6117006500361,0.8146544260618425
210.63170176120897,0.8148741483176298
210.6517028723818,0.8150939608115344
210.67170398355464,0.8153138634364105
210.6917050947275,0.8155338560850686
210.71170620590033,0.8157539386502745
210.7317073170732,0.8159741110247511
210.75170842824602,0.8161943731011769
210.77170953941885,0.816414724772187
210.7917106505917,0.8166351659303731
210.81171176176454,0.8168556964682823
210.8317128729374,0.8170763162784193
210.85171398411023,0.8172970252532441
210.87171509528307,0.8175178232851743
210.89171620645592,0.8177387102665843
210.91171731762876,0.8179596860898031
210.93171842880162,0.8181807506471188
210.95171953997445,0.8184019038307748
210.97172065114728,0.8186231455329719
210.99172176232014,0.8188444756458678
211.01172287349297,0.8190658940615765
211.03172398466583,0.8192874006721699
211.05172509583866,0.8195089953696757
211.0717262070115,0.8197306780460797
211.09172731818435,0.8199524485933247
211.11172842935719,0.82017430690331
211.13172954053005,0.8203962528678928
211.15173065170288,0.820618286378887
211.1717317628757,0.8208404073280644
211.19173287404857,0.8210626156071543
211.2117339852214,0.8212849111078422
211.23173509639426,0.8215072937217727
211.2517362075671,0.8217297633405463
211.27173731873992,0.8219523198557226
211.29173842991278,0.8221749631588184
211.31173954108561,0.8223976931413074
211.33174065225847,0.8226205096946222
211.3517417634313,0.822843412710152
211.37174287460414,0.8230664020792451
211.391743985777,0.8232894776932072
211.41174509694983,0.8235126394433011
211.4317462081227,0.8237358872207492
211.45174731929552,0.8239592209167307
211.47174843046835,0.8241826404223833
211.4917495416412,0.8244061456288037
211.51175065281404,0.824629736427045
211.5317517639869,0.8248534127081207
211.55175287515974,0.8250771743630007
211.57175398633257,0.8253010212826144
211.59175509750543,0.8255249533578498
211.61175620867826,0.8257489704795524
211.63175731985112,0.8259730725385277
211.65175843102395,0.8261972594255379
211.6717595421968,0.8264215310313058
211.69176065336964,0.8266458872465112
211.71176176454247,0.826870327961794
211.73176287571533,0.8270948530677524
211.75176398688816,0.8273194624549431
211.77176509806102,0.8275441560138825
211.79176620923386,0.8277689336350449
211.8117673204067,0.8279937952088645
211.83176843157955,0.8282187406257351
211.85176954275238,0.8284437697760074
211.87177065392524,0.8286688825499939
211.89177176509807,0.8288940788379644
211.9117728762709,0.8291193585301493
211.93177398744376,0.8293447215167378
211.9517750986166,0.8295701676878781
211.97177620978945,0.8297956969336787
211.99177732096229,0.8300213091442068
212.01177843213512,0.8302470042094898
212.03177954330798,0.8304727820195146
212.0517806544808,0.8306986424642271
212.07178176565367,0.830924585433534
212.0917828768265,0.8311506108173006
212.11178398799933,0.831376718505353
212.1317850991722,0.831602908387477
212.15178621034502,0.8318291803534176
212.17178732151788,0.8320555342928813
212.19178843269071,0.8322819700955324
212.21178954386355,0.8325084876509972
212.2317906550364,0.8327350868488619
212.25179176620924,0.8329617675786718
212.2717928773821,0.8331885297299338
212.29179398855493,0.8334153731921141
212.31179509972776,0.8336422978546397
212.33179621090062,0.8338693036068985
212.35179732207345,0.8340963903382377
212.3717984332463,0.8343235579379661
212.39179954441914,0.8345508062953524
212.41180065559197,0.8347781352996262
212.43180176676483,0.8350055448399782
212.45180287793767,0.835233034805559
212.47180398911053,0.835460605085481
212.49180510028336,0.8356882555688161
212.5118062114562,0.8359159861445982
212.53180732262905,0.836143796701822
212.55180843380188,0.8363716871294429
212.57180954497474,0.8365996573163779
212.59181065614757,0.8368277071515041
212.6118117673204,0.8370558365236609
212.63181287849326,0.8372840453216486
212.6518139896661,0.837512333434228
212.67181510083896,0.8377407007501227
212.6918162120118,0.8379691471580162
212.71181732318462,0.8381976725465543
212.73181843435748,0.8384262768043446
212.7518195455303,0.838654959819955
212.77182065670317,0.8388837214819165
212.791821767876,0.8391125616787204
212.81182287904883,0.8393414802988208
212.8318239902217,0.8395704772306336
212.85182510139452,0.839799552362535
212.87182621256738,0.8400287055828649
212.89182732374022,0.8402579367799239
212.91182843491305,0.8404872458419754
212.9318295460859,0.8407166326572448
212.95183065725874,0.8409460971139188
212.9718317684316,0.8411756391001473
212.99183287960443,0.8414052585040411
213.01183399077726,0.8416349552136748
213.03183510195012,0.8418647291170845
213.05183621312295,0.8420945801022683
213.0718373242958,0.8423245080571878
213.09183843546865,0.8425545128697658
213.11183954664148,0.8427845944278887
213.13184065781434,0.8430147526194054
213.15184176898717,0.8432449873321262
213.17184288016003,0.8434752984538259
213.19184399133286,0.8437056858722405
213.2118451025057,0.8439361494750697
213.23184621367855,0.8441666891499764
213.25184732485138,0.8443973047845852
213.27184843602424,0.8446279962664848
213.29184954719707,0.844858763483226
213.3118506583699,0.8450896063223234
213.33185176954277,0.845320524671255
213.3518528807156,0.8455515184174607
213.37185399188846,0.8457825874483451
213.3918551030613,0.8460137316512748
213.41185621423412,0.8462449509135808
213.43185732540698,0.8464762451225573
213.4518584365798,0.8467076141654613
213.47185954775267,0.8469390579295145
213.4918606589255,0.8471705763019006
213.51186177009834,0.8474021691697683
213.5318628812712,0.8476338364202297
213.55186399244403,0.8478655779403599
213.5718651036169,0.8480973936171989
213.59186621478972,0.8483292833377497
213.61186732596255,0.8485612469889794
213.6318684371354,0.8487932844578197
213.65186954830824,0.8490253956311651
213.6718706594811,0.8492575803958755
213.69187177065393,0.8494898386387737
213.71187288182676,0.8497221702466476
213.73187399299962,0.8499545751062493
213.75187510417246,0.8501870531042942
213.77187621534532,0.8504196041274639
213.79187732651815,0.8506522280624017
213.81187843769098,0.8508849247957179
213.83187954886384,0.8511176942139864
213.85188066003667,0.851350536203745
213.87188177120953,0.8515834506514975
213.89188288238236,0.8518164374437109
213.9118839935552,0.8520494964668179
213.93188510472805,0.8522826276072162
213.95188621590088,0.8525158307512672
213.97188732707374,0.8527491057852985
213.99188843824658,0.8529824525956013
214.0118895494194,0.8532158710684331
214.03189066059227,0.8534493610900161
214.0518917717651,0.8536829225465369
214.07189288293796,0.8539165553241485
214.0918939941108,0.8541502593089676
214.11189510528362,0.854384034387078
214.13189621645648,0.8546178804445274
214.1518973276293,0.8548517973673291
214.17189843880217,0.8550857850414628
214.191899549975,0.8553198433528726
214.21190066114784,0.8555539721874689
214.2319017723207,0.8557881714311276
214.25190288349353,0.8560224409696897
214.2719039946664,0.8562567806889629
214.29190510583922,0.8564911904747198
214.31190621701205,0.8567256702126992
214.3319073281849,0.8569602197886064
214.35190843935774,0.8571948390881112
214.3719095505306,0.8574295279968511
214.39191066170343,0.8576642864004282
214.41191177287627,0.8578991141844118
214.43191288404913,0.8581340112343375
214.45191399522196,0.8583689774357053
214.47191510639482,0.8586040126739839
214.49191621756765,0.8588391168346065
214.51191732874048,0.8590742898029737
214.53191843991334,0.8593095314644529
214.55191955108617,0.8595448417043766
214.57192066225903,0.8597802204080454
214.59192177343186,0.860015667460725
214.6119228846047,0.8602511827476492
214.63192399577756,0.8604867661540182
214.6519251069504,0.8607224175649981
214.67192621812325,0.8609581368657231
214.69192732929608,0.8611939239412931
214.7119284404689,0.861429778676776
214.73192955164177,0.8616657009572066
214.7519306628146,0.8619016906675856
214.77193177398746,0.8621377476928824
214.7919328851603,0.8623738719180324
214.81193399633312,0.862610063227939
214.83193510750598,0.8628463215074729
214.85193621867882,0.8630826466414712
214.87193732985168,0.8633190385147398
214.8919384410245,0.8635554970120509
214.91193955219734,0.8637920220181448
214.9319406633702,0.8640286134177296
214.95194177454303,0.8642652710954802
214.9719428857159,0.8645019949360404
214.99194399688872,0.8647387848240201
215.01194510806155,0.8649756406439986
215.0319462192344,0.8652125622805226
215.05194733040724,0.8654495496181059
215.0719484415801,0.8656866025412319
215.09194955275294,0.8659237209343498
215.11195066392577,0.8661609046818787
215.13195177509863,0.8663981536682056
215.15195288627146,0.8666354677776849
215.17195399744432,0.8668728468946401
215.19195510861715,0.8671102909033622
215.21195621978998,0.8673477996881114
215.23195733096284,0.867585373133116
215.25195844213567,0.8678230111225723
215.27195955330853,0.8680607135406461
215.29196066448137,0.8682984802714706
215.3119617756542,0.8685363111991489
215.33196288682706,0.868774206207752
215.3519639979999,0.8690121651813197
215.37196510917275,0.8692501880038617
215.39196622034558,0.8694882745593541
215.4119673315184,0.8697264247317444
215.43196844269127,0.8699646384049486
215.4519695538641,0.8702029154628506
215.47197066503696,0.8704412557893045
215.4919717762098,0.8706796592681331
215.51197288738263,0.8709181257831285
215.5319739985555,0.8711566552180525
215.55197510972832,0.8713952474566353
215.57197622090118,0.8716339023825775
215.591977332074,0.8718726198795481
215.61197844324684,0.8721113998311866
215.6319795544197,0.8723502421211016
215.65198066559253,0.872589146632871
215.6719817767654,0.8728281132500433
215.69198288793822,0.8730671418561354
215.71198399911106,0.8733062323346351
215.73198511028392,0.8735453845690003
215.75198622145675,0.8737845984426569
215.7719873326296,0.8740238738390028
215.79198844380244,0.8742632106414047
215.81198955497527,0.8745026087332
215.83199066614813,0.8747420679976963
215.85199177732096,0.8749815883181704
215.87199288849382,0.8752211695778709
215.89199399966665,0.875460811660015
215.91199511083948,0.8757005144477915
215.93199622201234,0.8759402778243595
215.95199733318518,0.8761801016728475
215.97199844435804,0.8764199858763561
215.99199955553087,0.8766599303179549
216.0120006667037,0.8768999348806852
216.03200177787656,0.8771399994475594
216.0520028890494,0.8773801239015587
216.07200400022225,0.8776203081256373
216.09200511139508,0.8778605520027185
216.1120062225679,0.8781008554156979
216.13200733374077,0.8783412182474417
216.1520084449136,0.8785816403807865
216.17200955608646,0.8788221216985408
216.1920106672593,0.8790626620834834
216.21201177843216,0.8793032614183656
216.232012889605,0.8795439195859083
216.25201400077782,0.8797846364688051
216.27201511195068,0.8800254119497206
216.2920162231235,0.8802662459112903
216.31201733429637,0.8805071382361221
216.3320184454692,0.8807480888067944
216.35201955664203,0.8809890975058581
216.3720206678149,0.881230164215836
216.39202177898773,0.8814712888192208
216.41202289016059,0.8817124711984792
216.43202400133342,0.881953711236048
216.45202511250625,0.8821950088143374
216.4720262236791,0.8824363638157288
216.49202733485194,0.882677776122575
216.5120284460248,0.8829192456172023
216.53202955719763,0.8831607721819075
216.55203066837046,0.8834023556989609
216.57203177954332,0.8836439960506047
216.59203289071615,0.8838856931190527
216.61203400188901,0.8841274467864924
216.63203511306185,0.8843692569350818
216.65203622423468,0.8846111234469534
216.67203733540754,0.8848530462042113
216.69203844658037,0.8850950250889315
216.71203955775323,0.8853370599831639
216.73204066892606,0.88557915076893
216.7520417800989,0.8858212973282249
216.77204289127175,0.8860634995430166
216.79204400244458,0.8863057572952447
216.81204511361744,0.8865480704668235
216.83204622479028,0.8867904389396386
216.8520473359631,0.8870328625955497
216.87204844713597,0.8872753413163896
216.8920495583088,0.8875178749839636
216.91205066948166,0.8877604634800511
216.9320517806545,0.8880031066864036
216.95205289182732,0.888245804484747
216.97205400300018,0.8884885567567804
216.992055114173,0.8887313633841757
217.01205622534587,0.8889742242485794
217.0320573365187,0.8892171392316099
217.05205844769154,0.8894601082148609
217.0720595588644,0.8897031310798992
217.09206067003723,0.8899462077082647
217.1120617812101,0.8901893379814724
217.13206289238292,0.8904325217810096
217.15206400355575,0.8906757589883387
217.1720651147286,0.890919049484896
217.19206622590144,0.8911623931520907
217.2120673370743,0.8914057898713077
217.23206844824713,0.8916492395239045
217.25206955941997,0.8918927419912138
217.27207067059283,0.8921362971545427
217.29207178176566,0.8923799048951714
217.31207289293852,0.8926235650943564
217.33207400411135,0.8928672776333259
217.35207511528418,0.8931110423932851
217.37207622645704,0.8933548592554129
217.39207733762987,0.8935987281008624
217.41207844880273,0.8938426488107619
217.43207955997556,0.894086621266214
217.4520806711484,0.8943306453482962
217.47208178232125,0.8945747209380615
217.49208289349409,0.8948188479165364
217.51208400466695,0.895063026164724
217.53208511583978,0.8953072555636007
217.5520862270126,0.8955515359941193
217.57208733818547,0.8957958673372074
217.5920884493583,0.8960402494737673
217.61208956053116,0.8962846822846772
217.632090671704,0.8965291656507898
217.65209178287682,0.8967736994529342
217.67209289404968,0.897018283571914
217.69209400522251,0.8972629178885086
217.71209511639537,0.8975076022834734
217.7320962275682,0.8977523366375382
217.75209733874104,0.8979971208314095
217.7720984499139,0.8982419547457697
217.79209956108673,0.8984868382612758
217.8121006722596,0.898731771258562
217.83210178343242,0.8989767536182367
217.85210289460525,0.8992217852208858
217.8721040057781,0.8994668659470708
217.89210511695094,0.8997119956773285
217.9121062281238,0.899957174292173
217.93210733929664,0.9002024016720934
217.95210845046947,0.9004476776975556
217.97210956164233,0.9006930022490027
217.99211067281516,0.9009383752068518
218.01211178398802,0.9011837964514987
218.03211289516085,0.9014292658633143
218.05211400633368,0.9016747833226467
218.07211511750654,0.9019203487098207
218.09211622867937,0.9021659619051369
218.11211733985223,0.9024116227888735
218.13211845102506,0.9026573312412847
218.1521195621979,0.902903087142602
218.17212067337076,0.903148890373034
218.1921217845436,0.9033947408127654
218.21212289571645,0.9036406383419588
218.23212400688928,0.903886582840753
218.2521251180621,0.9041325741892644
218.27212622923497,0.9043786122675869
218.2921273404078,0.904624696955791
218.31212845158066,0.9048708281339244
218.3321295627535,0.9051170056820124
218.35213067392633,0.9053632294800579
218.37213178509919,0.9056094994080414
218.39213289627202,0.90585581534592
218.41213400744488,0.9061021771736295
218.4321351186177,0.9063485847710823
218.45213622979054,0.9065950380181692
218.4721373409634,0.9068415367947589
218.49213845213623,0.9070880809806968
218.5121395633091,0.9073346704558077
218.53214067448192,0.9075813050998929
218.55214178565475,0.9078279847927325
218.57214289682761,0.9080747094140849
218.59214400800045,0.9083214788436853
218.6121451191733,0.9085682929612491
218.63214623034614,0.9088151516464673
218.65214734151897,0.9090620547790114
218.67214845269183,0.9093090022385306
218.69214956386466,0.9095559939046519
218.71215067503752,0.9098030296569817
218.73215178621035,0.9100501093751036
218.75215289738318,0.9102972329385811
218.77215400855604,0.910544400226956
218.79215511972887,0.9107916111197482
218.81215623090173,0.911038865496457
218.83215734207457,0.9112861632365596
218.8521584532474,0.9115335042195134
218.87215956442026,0.911780888324754
218.8921606755931,0.9120283154316955
218.91216178676595,0.9122757854197323
218.93216289793878,0.9125232981682361
218.9521640091116,0.9127708535565593
218.97216512028447,0.9130184514640334
218.9921662314573,0.913266091769968
219.01216734263016,0.9135137743536536
219.032168453803,0.9137614990943586
219.05216956497583,0.9140092658713318
219.0721706761487,0.9142570745638017
219.09217178732152,0.9145049250509751
219.11217289849438,0.9147528172120403
219.1321740096672,0.9150007509261632
219.15217512084004,0.915248726072491
219.1721762320129,0.9154967425301505
219.19217734318573,0.9157448001782473
219.2121784543586,0.9159928988958685
219.23217956553142,0.9162410385620797
219.25218067670426,0.9164892190559274
219.27218178787712,0.9167374402564388
219.29218289904995,0.916985702042619
219.3121840102228,0.9172340042934558
219.33218512139564,0.9174823468879156
219.35218623256847,0.9177307297049463
219.37218734374133,0.9179791526234757
219.39218845491416,0.9182276155224116
219.41218956608702,0.9184761182806433
219.43219067725985,0.9187246607770396
219.45219178843269,0.9189732428904506
219.47219289960555,0.9192218644997072
219.49219401077838,0.9194705254836204
219.51219512195124,0.9197192257209827
219.53219623312407,0.9199679650905669
219.5521973442969,0.920216743471127
219.57219845546976,0.9204655607413988
219.5921995666426,0.9207144167800969
219.61220067781545,0.9209633114659195
219.63220178898828,0.921212244677544
219.65220290016111,0.9214612162936304
219.67220401133397,0.9217102261928198
219.6922051225068,0.9219592742537337
219.71220623367967,0.922208360354976
219.7322073448525,0.9224574843751314
219.75220845602533,0.9227066461927664
219.7722095671982,0.9229558456864295
219.79221067837102,0.9232050827346499
219.81221178954388,0.9234543572159394
219.8322129007167,0.9237036690087905
219.85221401188954,0.9239530179916787
219.8722151230624,0.924202404043061
219.89221623423524,0.9244518270413756
219.9122173454081,0.9247012868650442
219.93221845658093,0.9249507833924682
219.95221956775376,0.9252003165020332
219.97222067892662,0.9254498860721067
219.99222179009945,0.9256994919810372
220.0122229012723,0.9259491341071571
220.03222401244514,0.9261988123287797
220.05222512361797,0.9264485265242015
220.07222623479083,0.9266982765717018
220.09222734596366,0.9269480623495412
220.11222845713652,0.9271978837359643
220.13222956830936,0.927447740609197
220.1522306794822,0.9276976328474489
220.17223179065505,0.9279475603289123
220.19223290182788,0.9281975229317615
220.21223401300074,0.9284475205341551
220.23223512417357,0.9286975530142325
220.2522362353464,0.928947620250118
220.27223734651926,0.9291977221199187
220.2922384576921,0.9294478585017237
220.31223956886495,0.9296980292736068
220.33224068003778,0.9299482343136235
220.35224179121062,0.9301984734998138
220.37224290238348,0.9304487467102007
220.3922440135563,0.9306990538227901
220.41224512472917,0.9309493947155723
220.432246235902,0.9311997692665201
220.45224734707483,0.9314501773535907
220.4722484582477,0.931700618854725
220.49224956942052,0.9319510936478466
220.51225068059338,0.9322016016108643
220.5322517917662,0.9324521426216693
220.55225290293905,0.9327027165581376
220.5722540141119,0.9329533232981299
220.59225512528474,0.9332039627194884
220.6122562364576,0.9334546347000418
220.63225734763043,0.9337053391176016
220.65225845880326,0.9339560758499642
220.67225956997612,0.9342068447749102
220.69226068114895,0.9344576457702038
220.7122617923218,0.9347084787135947
220.73226290349464,0.9349593434828157
220.7522640146675,0.9352102399555854
220.77226512584033,0.9354611680096057
220.79226623701317,0.9357121275225639
220.81226734818603,0.9359631183721324
220.83226845935886,0.9362141404359668
220.85226957053172,0.9364651935917095
220.87227068170455,0.9367162777169853
220.89227179287738,0.936967392689406
220.91227290405024,0.9372185383865679
220.93227401522307,0.9374697146860512
220.95227512639593,0.937720921465423
220.97227623756876,0.9379721586022336
220.9922773487416,0.9382234259740199
221.01227845991446,0.9384747234583041
221.0322795710873,0.9387260509325923
221.05228068226015,0.9389774082743779
221.07228179343298,0.9392287953611379
221.0922829046058,0.9394802120703362
221.11228401577867,0.9397316582794217
221.1322851269515,0.9399831338658288
221.15228623812436,0.940234638706978
221.1722873492972,0.9404861726802747
221.19228846047002,0.9407377356631111
221.21228957164288,0.9409893275328655
221.23229068281572,0.9412409481669
221.25229179398858,0.9414925974425651
221.2722929051614,0.941744275237196
221.29229401633424,0.9419959814281144
221.3122951275071,0.9422477158926286
221.33229623867993,0.9424994785080318
221.3522973498528,0.9427512691516053
221.37229846102562,0.9430030877006149
221.39229957219845,0.9432549340323141
221.4123006833713,0.9435068080239426
221.43230179454414,0.9437587095527258
221.452302905717,0.9440106384958771
221.47230401688984,0.944262594730595
221.49230512806267,0.9445145781340658
221.51230623923553,0.9447665885834629
221.53230735040836,0.9450186259559443
221.55230846158122,0.9452706901286576
221.57230957275405,0.9455227809787354
221.59231068392688,0.9457748983832984
221.61231179509974,0.9460270422194543
221.63231290627257,0.946279212364297
221.65231401744543,0.9465314086949086
221.67231512861827,0.9467836310883576
221.6923162397911,0.9470358794217005
221.71231735096396,0.9472881535719812
221.7323184621368,0.9475404534162298
221.75231957330965,0.9477927788314657
221.77232068448248,0.9480451296946941
221.7923217956553,0.948297505882909
221.81232290682817,0.9485499072730919
221.832324018001,0.9488023337422113
221.85232512917386,0.9490547851672242
221.8723262403467,0.9493072614250747
221.89232735151953,0.9495597623926956
221.9123284626924,0.9498122879470077
221.93232957386522,0.9500648379649187
221.95233068503808,0.9503174123233258
221.9723317962109,0.9505700108991131
221.99233290738374,0.9508226335691535
222.0123340185566,0.9510752802103087
222.03233512972943,0.9513279506994273
222.0523362409023,0.9515806449133479
222.07233735207512,0.9518333627288958
222.09233846324796,0.9520861040228864
222.11233957442082,0.952338868672123
222.13234068559365,0.9525916565533971
222.1523417967665,0.95284446754349
222.17234290793934,0.9530973015191697
222.19234401911217,0.9533501583571952
222.21234513028503,0.9536030379343136
222.23234624145786,0.95385594012726
222.25234735263072,0.9541088648127602
222.27234846380355,0.9543618118675272
222.29234957497638,0.9546147811682645
222.31235068614924,0.9548677725916643
222.33235179732208,0.9551207860144075
222.35235290849494,0.9553738213131654
222.37235401966777,0.9556268783645971
222.3923551308406,0.9558799570453526
222.41235624201346,0.9561330572320708
222.4323573531863,0.9563861788013794
222.45235846435915,0.9566393216298971
222.47235957553198,0.9568924855942309
222.4923606867048,0.957145670570978
222.51236179787767,0.9573988764367258
222.5323629090505,0.9576521030680507
222.55236402022337,0.95790535034152
222.5723651313962,0.9581586181336895
222.59236624256903,0.9584119063211064
222.6123673537419,0.9586652147803076
222.63236846491472,0.9589185433878193
222.65236957608758,0.9591718920201591
222.6723706872604,0.9594252605538336
222.69237179843324,0.9596786488653407
222.7123729096061,0.9599320568311687
222.73237402077893,0.960185484327795
222.7523751319518,0.9604389312316892
222.77237624312463,0.9606923974193101
222.79237735429746,0.9609458827671077
222.81237846547032,0.9611993871515234
222.83237957664315,0.9614529104489873
222.852380687816,0.9617064525359222
222.87238179898884,0.9619600132887407
222.89238291016167,0.9622135925838468
222.91238402133453,0.9624671902976355
222.93238513250736,0.9627208063064921
222.95238624368022,0.9629744404867943
222.97238735485305,0.9632280927149092
222.9923884660259,0.9634817628671966
223.01238957719875,0.9637354508200072
223.03239068837158,0.9639891564496823
223.05239179954444,0.9642428796325556
223.07239291071727,0.9644966202449513
223.0923940218901,0.9647503781631859
223.11239513306296,0.9650041532635675
223.1323962442358,0.9652579454223945
223.15239735540865,0.9655117545159586
223.17239846658148,0.9657655804205423
223.19239957775432,0.9660194230124202
223.21240068892718,0.9662732821678591
223.2324018001,0.966527157763117
223.25240291127287,0.9667810496744447
223.2724040224457,0.9670349577780839
223.29240513361853,0.9672888819502697
223.3124062447914,0.9675428220672289
223.33240735596422,0.9677967780051798
223.35240846713708,0.9680507496403344
223.3724095783099,0.9683047368488955
223.39241068948274,0.9685587395070594
223.4124118006556,0.9688127574910148
223.43241291182844,0.9690667906769421
223.4524140230013,0.9693208389410157
223.47241513417413,0.9695749021594008
223.49241624534696,0.9698289802082566
223.51241735651982,0.9700830729637353
223.53241846769265,0.9703371803019808
223.5524195788655,0.970591302099131
223.57242069003834,0.9708454382313157
223.59242180121117,0.9710995885746587
223.61242291238403,0.9713537530052767
223.63242402355687,0.9716079313992786
223.65242513472973,0.9718621236327678
223.67242624590256,0.9721163295818397
223.6924273570754,0.9723705491225839
223.71242846824825,0.9726247821310836
223.73242957942108,0.9728790284834141
223.75243069059394,0.9731332880556463
223.77243180176677,0.9733875607238418
223.7924329129396,0.9736418463640583
223.81243402411246,0.9738961448523465
223.8324351352853,0.97415045606475
223.85243624645815,0.9744047798773074
223.872437357631,0.9746591161660503
223.89243846880382,0.9749134648070044
223.91243957997668,0.9751678256761899
223.9324406911495,0.9754221986496201
223.95244180232237,0.9756765836033036
223.9724429134952,0.9759309804132417
223.99244402466803,0.9761853889554312
224.0124451358409,0.9764398091058628
224.03244624701372,0.9766942407405209
224.05244735818658,0.9769486837353856
224.07244846935941,0.9772031379664298
224.09244958053225,0.9774576033096223
224.1124506917051,0.9777120796409265
224.13245180287794,0.977966566836299
224.1524529140508,0.9782210647716926
224.17245402522363,0.9784755733230539
224.19245513639646,0.978730092366325
224.21245624756932,0.978984621777443
224.23245735874215,0.9792391614323389
224.252458469915,0.9794937112069401
224.27245958108784,0.9797482709771674
224.29246069226068,0.9800028406189384
224.31246180343354,0.9802574200081652
224.33246291460637,0.9805120090207546
224.35246402577923,0.9807666075326098
224.37246513695206,0.9810212154196282
224.3924662481249,0.9812758325577036
224.41246735929775,0.9815304588227253
224.43246847047058,0.9817850940905767
224.45246958164344,0.9820397382371389
224.47247069281627,0.9822943911382866
224.4924718039891,0.9825490526698921
224.51247291516196,0.9828037227078228
224.5324740263348,0.9830584011279411
224.55247513750766,0.9833130878061067
224.5724762486805,0.983567782618174
224.59247735985332,0.9838224854399945
224.61247847102618,0.9840771961474154
224.632479582199,0.9843319146162796
224.65248069337187,0.9845866407224271
224.6724818045447,0.9848413743416932
224.69248291571753,0.9850961153499102
224.7124840268904,0.985350863622907
224.73248513806323,0.985605619036508
224.75248624923609,0.9858603814665357
224.77248736040892,0.9861151507888067
224.79248847158175,0.9863699268791366
224.8124895827546,0.986624709613337
224.83249069392744,0.9868794988672157
224.8524918051003,0.987134294516578
224.87249291627313,0.9873890964372254
224.89249402744596,0.987643904504957
224.91249513861882,0.9878987185955689
224.93249624979165,0.9881535385848534
224.95249736096451,0.9884083643486012
224.97249847213735,0.988663195762599
224.99249958331018,0.9889180327026313
225.01250069448304,0.9891728750444804
225.03250180565587,0.9894277226639248
225.05250291682873,0.9896825754367419
225.07250402800156,0.9899374332387044
225.0925051391744,0.9901922959455849
225.11250625034725,0.9904471634331525
225.13250736152008,0.9907020355771738
225.15250847269294,0.9909569122534139
225.17250958386578,0.9912117933376344
225.1925106950386,0.9914666787055961
225.21251180621147,0.9917215682330575
225.2325129173843,0.9919764617957739
225.25251402855716,0.9922313592695002
225.27251513973,0.9924862605299881
225.29251625090285,0.9927411654529886
225.31251736207568,0.9929960739142496
225.3325184732485,0.9932509857895185
225.35251958442137,0.9935059009545407
225.3725206955942,0.9937608192850594
225.39252180676706,0.9940157406568174
225.4125229179399,0.9942706649455543
225.43252402911273,0.9945255920270097
225.4525251402856,0.9947805217769219
225.47252625145842,0.9950354540710267
225.49252736263128,0.99529038878506
225.5125284738041,0.9955453257947554
225.53252958497694,0.9958002649758463
225.5525306961498,0.9960552062040646
225.57253180732263,0.9963101493551408
225.5925329184955,0.9965650943048057
225.61253402966832,0.9968200409287875
225.63253514084116,0.997074989102815
225.65253625201402,0.997329938702616
225.67253736318685,0.9975848896039167
225.6925384743597,0.9978398416824443
225.71253958553254,0.9980947948139232
225.73254069670537,0.9983497488740791
225.75254180787823,0.9986047037386371
225.77254291905106,0.9988596592833208
225.79254403022392,0.9991146153838547
225.81254514139675,0.9993695719159621
225.83254625256959,0.9996245287553666
225.85254736374245,0.9998794857777917
225.87254847491528,1.0001344428589602
225.89254958608814,1.000389399874596
225.91255069726097,1.0006443567004217
225.9325518084338,1.0008993132121609
225.95255291960666,1.0011542692855373
225.9725540307795,1.001409224796274
225.99255514195235,1.0016641796200958
226.01255625312518,1.0019191336327262
226.03255736429801,1.0021740867098903
226.05255847547087,1.0024290387273134
226.0725595866437,1.0026839895607205
226.09256069781657,1.0029389390858388
226.1125618089894,1.0031938871783945
226.13256292016223,1.0034488337141152
226.1525640313351,1.00370377856873
226.17256514250792,1.003958721617967
226.19256625368078,1.004213662737557
226.2125673648536,1.0044686018032307
226.23256847602644,1.00472353869072
226.2525695871993,1.0049784732757587
226.27257069837214,1.00523340543408
226.292571809545,1.0054883350414197
226.31257292071783,1.005743261973514
226.33257403189066,1.0059981861061014
226.35257514306352,1.0062531073149212
226.37257625423635,1.0065080254757135
226.3925773654092,1.0067629404642209
226.41257847658204,1.0070178521561868
226.43257958775487,1.0072727604273566
226.45258069892773,1.007527665153478
226.47258181010056,1.0077825662102986
226.49258292127342,1.0080374634735698
226.51258403244626,1.0082923568190434
226.5325851436191,1.008547246122474
226.55258625479195,1.008802131259618
226.57258736596478,1.009057012106233
226.59258847713764,1.0093118885380803
226.61258958831047,1.0095667604309215
226.6325906994833,1.0098216276605219
226.65259181065616,1.0100764901026489
226.672592921829,1.0103313476330706
226.69259403300185,1.01058620012756
226.71259514417468,1.0108410474618903
226.73259625534752,1.0110958895118385
226.75259736652038,1.0113507261531844
226.7725984776932,1.0116055572617093
226.79259958886607,1.0118603827131982
226.8126007000389,1.012115202383438
226.83260181121173,1.0123700161482192
226.8526029223846,1.0126248238833353
226.87260403355742,1.0128796254645815
226.89260514473028,1.0131344207677575
226.9126062559031,1.0133892096686645
226.93260736707595,1.0136439920431084
226.9526084782488,1.0138987677668978
226.97260958942164,1.0141535367158434
226.9926107005945,1.0144082987657614
227.01261181176733,1.0146630537924686
227.03261292294016,1.0149178016717872
227.05261403411302,1.015172542279543
227.07261514528585,1.015427275491564
227.0926162564587,1.0156820011836831
227.11261736763154,1.0159367192317357
227.13261847880437,1.016191429511562
227.15261958997723,1.0164461318990055
227.17262070115007,1.016700826269913
227.19262181232293,1.0169555125001366
227.21262292349576,1.0172101904655306
227.2326240346686,1.017464860041955
227.25262514584145,1.0177195211052732
227.27262625701428,1.017974173531352
227.29262736818714,1.018228817196064
227.31262847935997,1.0184834519752843
227.3326295905328,1.0187380777448936
227.35263070170566,1.0189926943807768
227.3726318128785,1.0192473017588226
227.39263292405136,1.0195018997549254
227.4126340352242,1.0197564882449826
227.43263514639702,1.0200110671048972
227.45263625756988,1.0202656362105775
227.4726373687427,1.020520195437935
227.49263847991557,1.0207747446628876
227.5126395910884,1.0210292837613564
227.53264070226123,1.021283812609269
227.5526418134341,1.0215383310825574
227.57264292460692,1.0217928390571582
227.59264403577978,1.022047336409014
227.61264514695262,1.0223018230140712
227.63264625812545,1.0225562987482832
227.6526473692983,1.0228107634876082
227.67264848047114,1.0230652171080084
227.692649591644,1.0233196594854528
227.71265070281683,1.0235740904959152
227.73265181398966,1.0238285100153757
227.75265292516252,1.0240829179198194
227.77265403633535,1.0243373140852372
227.7926551475082,1.0245916983876258
227.81265625868105,1.0248460707029872
227.83265736985388,1.02510043090733
227.85265848102674,1.0253547788766684
227.87265959219957,1.0256091144870223
227.89266070337243,1.0258634376144182
227.91266181454526,1.0261177481348878
227.9326629257181,1.0263720459244696
227.95266403689095,1.0266263308592092
227.97266514806378,1.0268806028151558
227.99266625923664,1.0271348616683675
228.01266737040947,1.0273891072949075
228.0326684815823,1.027643339570846
228.05266959275517,1.0278975583722596
228.072670703928,1.028151763575231
228.09267181510086,1.0284059550558506
228.1126729262737,1.028660132690214
228.13267403744652,1.0289142963544247
228.15267514861938,1.029168445924593
228.1726762597922,1.029422581276835
228.19267737096507,1.029676702287275
228.2126784821379,1.0299308088320434
228.23267959331073,1.030184900787278
228.2526807044836,1.0304389780291245
228.27268181565643,1.030693040433734
228.2926829268293,1.0309470878772666
228.31268403800212,1.031201120235888
228.33268514917495,1.0314551373857723
228.3526862603478,1.031709139203102
228.37268737152064,1.0319631255640644
228.3926884826935,1.0322170963448571
228.41268959386633,1.0324710514216833
228.43269070503916,1.0327249906707547
228.45269181621202,1.0329789139682914
228.47269292738486,1.0332328211905195
228.49269403855772,1.0334867122136748
228.51269514973055,1.0337405869139995
228.53269626090338,1.0339944451677447
228.55269737207624,1.0342482868511693
228.57269848324907,1.03450211184054
228.59269959442193,1.0347559200121326
228.61270070559476,1.035009711242229
228.6327018167676,1.0352634854071212
228.65270292794045,1.0355172423831096
228.67270403911328,1.0357709820465018
228.69270515028614,1.0360247042736146
228.71270626145898,1.0362784089407728
228.7327073726318,1.0365320959243107
228.75270848380467,1.0367857651005705
228.7727095949775,1.0370394163459027
228.79271070615036,1.0372930495366675
228.8127118173232,1.037546664549233
228.83271292849602,1.037800261259977
228.85271403966888,1.0380538395452859
228.8727151508417,1.0383073992815544
228.89271626201457,1.0385609403451874
228.9127173731874,1.038814462612598
228.93271848436024,1.039067965960209
228.9527195955331,1.039321450264452
228.97272070670593,1.0395749154017682
228.9927218178788,1.0398283612486083
229.01272292905162,1.0400817876814317
229.03272404022445,1.0403351945767076
229.0527251513973,1.0405885818109157
229.07272626257014,1.0408419492605436
229.092727373743,1.04109529680209
229.11272848491583,1.0413486243120618
229.13272959608867,1.0416019316669771
229.15273070726153,1.0418552187433636
229.17273181843436,1.0421084854177578
229.19273292960722,1.0423617315667077
229.21273404078005,1.0426149570667695
229.23273515195288,1.0428681617945108
229.25273626312574,1.0431213456265092
229.27273737429857,1.0433745084393522
229.29273848547143,1.0436276501096382
229.31273959664426,1.043880770513974
229.3327407078171,1.044133869528979
229.35274181898995,1.0443869470312819
229.3727429301628,1.044640002897522
229.39274404133565,1.0448930370043499
229.41274515250848,1.045146049228425
229.4327462636813,1.045399039446419
229.45274737485417,1.0456520075350149
229.472748486027,1.0459049533709035
229.49274959719986,1.0461578768307893
229.5127507083727,1.0464107777913871
229.53275181954552,1.0466636561294218
229.55275293071838,1.0469165117216308
229.57275404189122,1.0471693444447605
229.59275515306408,1.0474221541755702
229.6127562642369,1.0476749407908295
229.63275737540974,1.0479277041673198
229.6527584865826,1.0481804441818343
229.67275959775543,1.0484331607111756
229.6927607089283,1.0486858536321597
229.71276182010112,1.0489385228216135
229.73276293127395,1.049191168156375
229.7527640424468,1.0494437895132955
229.77276515361964,1.0496963867692353
229.7927662647925,1.049948959801069
229.81276737596534,1.0502015084856804
229.83276848713817,1.0504540326999678
229.85276959831103,1.05070653232084
229.87277070948386,1.0509590072252182
229.89277182065672,1.051211457290036
229.91277293182955,1.0514638823922375
229.9327740430024,1.0517162824087807
229.95277515417524,1.0519686572166351
229.97277626534807,1.0522210066927828
229.99277737652093,1.052473330714219
230.01277848769377,1.0527256291579483
230.03277959886663,1.0529779019009915
230.05278071003946,1.0532301488203792
230.0727818212123,1.0534823697931563
230.09278293238515,1.0537345646963794
230.11278404355798,1.0539867334071182
230.13278515473084,1.054238875802456
230.15278626590367,1.054490991759486
230.1727873770765,1.0547430811553178
230.19278848824936,1.054995143867072
230.2127895994222,1.0552471797718828
230.23279071059505,1.0554991887468976
230.2527918217679,1.0557511706692757
230.27279293294072,1.0560031254161912
230.29279404411358,1.0562550528648305
230.3127951552864,1.0565069528923938
230.33279626645927,1.056758825376095
230.3527973776321,1.0570106701931596
230.37279848880493,1.0572624872208285
230.3927995999778,1.057514276336356
230.41280071115062,1.0577660374170086
230.43280182232348,1.0580177703400677
230.45280293349632,1.058269474982828
230.47280404466915,1.0585211512225985
230.492805155842,1.058772798936702
230.51280626701484,1.0590244180024735
230.5328073781877,1.059276008297264
230.55280848936053,1.0595275696984379
230.57280960053336,1.0597791020833736
230.59281071170622,1.0600306053294641
230.61281182287905,1.060282079314115
230.6328129340519,1.060533523914748
230.65281404522474,1.0607849390087984
230.67281515639758,1.0610363244737158
230.69281626757044,1.0612876801869653
230.71281737874327,1.0615390060260241
230.73281848991613,1.0617903018683865
230.75281960108896,1.0620415675915595
230.7728207122618,1.062292803073066
230.79282182343465,1.0625440081904434
230.81282293460748,1.0627951828212434
230.83282404578034,1.0630463268430341
230.85282515695317,1.0632974401333959
230.872826268126,1.0635485225699262
230.89282737929886,1.0637995740302368
230.9128284904717,1.0640505943919547
230.93282960164456,1.064301583532723
230.9528307128174,1.0645525413301973
230.97283182399022,1.064803467662051
230.99283293516308,1.0650543624059723
231.0128340463359,1.0653052254396642
231.03283515750877,1.0655560566408464
231.0528362686816,1.065806855887252
231.07283737985443,1.0660576230566314
231.0928384910273,1.066308358026751
231.11283960220013,1.0665590606753903
231.13284071337299,1.0668097308803475
231.15284182454582,1.067060368519435
231.17284293571865,1.0673109734704818
231.1928440468915,1.067561545611333
231.21284515806434,1.0678120848198478
231.2328462692372,1.0680625909739037
231.25284738041003,1.0683130639513934
231.27284849158286,1.0685635036302257
231.29284960275572,1.0688139098883267
231.31285071392855,1.0690642826036365
231.33285182510141,1.069314621654114
231.35285293627425,1.0695649269177325
231.37285404744708,1.0698151982724833
231.39285515861994,1.0700654355963732
231.41285626979277,1.0703156387674264
231.43285738096563,1.070565807663684
231.45285849213846,1.0708159421632018
231.4728596033113,1.071066042144054
231.49286071448415,1.071316107484332
231.51286182565698,1.0715661380621433
231.53286293682984,1.071816133755613
231.55286404800268,1.0720660944428813
231.5728651591755,1.0723160200021076
231.59286627034837,1.0725659103114678
231.6128673815212,1.0728157652491548
231.63286849269406,1.0730655846933794
231.6528696038669,1.0733153685223678
231.67287071503972,1.0735651166143656
231.69287182621258,1.0738148288476357
231.7128729373854,1.0740645051004565
231.73287404855827,1.074314145251126
231.7528751597311,1.0745637491779594
231.77287627090394,1.0748133167592888
231.7928773820768,1.0750628478734652
231.81287849324963,1.0753123423988555
231.8328796044225,1.0755618002138463
231.85288071559532,1.0758112211968414
231.87288182676815,1.0760606052262622
231.892882937941,1.0763099521805493
231.91288404911384,1.0765592619381592
231.9328851602867,1.0768085343775688
231.95288627145953,1.0770577693772718
231.97288738263236,1.0773069668157806
231.99288849380522,1.077556126571627
232.01288960497806,1.0778052485233585
232.03289071615092,1.0780543325495435
232.05289182732375,1.0783033785287675
232.07289293849658,1.078552386339635
232.09289404966944,1.0788013558607694
232.11289516084227,1.0790502869708125
232.13289627201513,1.0792991795484252
232.15289738318796,1.079548033472286
232.1728984943608,1.0797968486210934
232.19289960553365,1.0800456248735644
232.21290071670649,1.080294362108435
232.23290182787935,1.0805430602044612
232.25290293905218,1.0807917190404153
232.272904050225,1.0810403384950915
232.29290516139787,1.081288918447303
232.3129062725707,1.0815374587758797
232.33290738374356,1.0817859593596737
232.3529084949164,1.0820344200775553
232.37290960608922,1.0822828408084142
232.39291071726208,1.0825312214311604
232.41291182843491,1.0827795618247213
232.43291293960777,1.0830278618680462
232.4529140507806,1.0832761214401034
232.47291516195344,1.0835243404198802
232.4929162731263,1.0837725186863856
232.51291738429913,1.0840206561186452
232.532918495472,1.084268752595707
232.55291960664482,1.084516807996639
232.57292071781765,1.084764822200528
232.5929218289905,1.0850127950864823
232.61292294016334,1.0852607265336283
232.6329240513362,1.085508616421115
232.65292516250904,1.0857564646281088
232.67292627368187,1.0860042710337994
232.69292738485473,1.086252035517395
232.71292849602756,1.0864997579581253
232.73292960720042,1.08674743823524
232.75293071837325,1.0869950762280085
232.77293182954608,1.087242671815722
232.79293294071894,1.0874902248776923
232.81293405189177,1.0877377352932514
232.83293516306463,1.0879852029417532
232.85293627423746,1.0882326277025698
232.8729373854103,1.0884800094550973
232.89293849658316,1.088727348078751
232.912939607756,1.0889746434529677
232.93294071892885,1.089221895457206
232.95294183010168,1.0894691039709434
232.9729429412745,1.089716268873681
232.99294405244737,1.0899633900449406
233.0129451636202,1.090210467364264
233.03294627479306,1.0904575007112158
233.0529473859659,1.0907044899653815
233.07294849713873,1.0909514350063685
233.09294960831159,1.0911983357138055
233.11295071948442,1.0914451919673418
233.13295183065728,1.09169200364665
233.1529529418301,1.0919387706314234
233.17295405300294,1.0921854928013777
233.1929551641758,1.0924321700362507
233.21295627534863,1.0926788022158003
233.2329573865215,1.092925389219808
233.25295849769432,1.0931719309280774
233.27295960886715,1.0934184272204333
233.29296072004,1.093664877976724
233.31296183121285,1.0939112830768174
233.3329629423857,1.094157642400607
233.35296405355854,1.0944039558280052
233.37296516473137,1.0946502232389497
233.39296627590423,1.0948964445133988
233.41296738707706,1.0951426195313343
233.43296849824992,1.0953887481727607
233.45296960942275,1.0956348303177033
233.47297072059558,1.0958808658462118
233.49297183176844,1.0961268546383582
233.51297294294127,1.0963727965742376
233.53297405411413,1.0966186915339677
233.55297516528697,1.096864539397688
233.5729762764598,1.0971103400455624
233.59297738763266,1.097356093357778
233.6129784988055,1.0976017992145433
233.63297960997835,1.097847457496091
233.65298072115118,1.0980930680826775
233.672981832324,1.0983386308545817
233.69298294349687,1.0985841456921066
233.7129840546697,1.0988296124755765
233.73298516584256,1.0990750310853414
233.7529862770154,1.0993204014017741
233.77298738818823,1.0995657233052707
233.7929884993611,1.0998109966762515
233.81298961053392,1.1000562213951588
233.83299072170678,1.1003013973424602
233.8529918328796,1.100546524398647
233.87299294405244,1.1007916024442337
233.8929940552253,1.1010366313597597
233.91299516639813,1.1012816110257864
233.932996277571,1.1015265413229016
233.95299738874382,1.1017714221317148
233.97299849991666,1.1020162533328612
233.99299961108952,1.102261034807
234.01300072226235,1.1025057664348146
234.0330018334352,1.1027504480970127
234.05300294460804,1.1029950796743253
234.07300405578087,1.103239661047509
234.09300516695373,1.1034841920973448
234.11300627812656,1.103728672704638
234.13300738929942,1.103973102750219
234.15300850047225,1.1042174821149413
234.17300961164509,1.1044618106796846
234.19301072281795,1.1047060883253528
234.21301183399078,1.1049503149328745
234.23301294516364,1.1051944903832047
234.25301405633647,1.1054386145573203
234.2730151675093,1.1056826873362253
234.29301627868216,1.1059267086009497
234.313017389855,1.1061706782325456
234.33301850102785,1.1064145961120926
234.35301961220068,1.1066584621206947
234.37302072337351,1.1069022761394818
234.39302183454637,1.1071460380496092
234.4130229457192,1.1073897477322556
234.43302405689207,1.1076334050686274
234.4530251680649,1.107877009939956
234.47302627923776,1.1081205622274983
234.4930273904106,1.108364061812536
234.51302850158342,1.1086075085763776
234.53302961275628,1.1088509024003568
234.5530307239291,1.109094243165833
234.57303183510197,1.109337530754193
234.5930329462748,1.1095807650468463
234.61303405744763,1.1098239459252313
234.6330351686205,1.1100670732708118
234.65303627979333,1.1103101469650762
234.6730373909662,1.1105531668895408
234.69303850213902,1.1107961329257474
234.71303961331185,1.1110390449552643
234.7330407244847,1.1112819028596865
234.75304183565754,1.1115247065206335
234.7730429468304,1.1117674558197534
234.79304405800323,1.1120101506387199
234.81304516917606,1.1122527908592335
234.83304628034892,1.1124953763630214
234.85304739152176,1.1127379070318364
234.87304850269462,1.11298038274746
234.89304961386745,1.113222803391698
234.91305072504028,1.113465168846385
234.93305183621314,1.113707478993382
234.95305294738597,1.113949733714577
234.97305405855883,1.114191932891885
234.99305516973166,1.1144340764072471
235.0130562809045,1.114676164142633
235.03305739207735,1.114918195980039
235.05305850325018,1.1151601718014883
235.07305961442304,1.1154020914890326
235.09306072559588,1.1156439549247488
235.1130618367687,1.115885761990743
235.13306294794157,1.1161275125691485
235.1530640591144,1.1163692065421258
235.17306517028726,1.1166108437918636
235.1930662814601,1.1168524242005768
235.21306739263292,1.1170939476505093
235.23306850380578,1.117335414023933
235.2530696149786,1.1175768232031462
235.27307072615147,1.1178181750704763
235.2930718373243,1.1180594695082782
235.31307294849714,1.1183007063989348
235.33307405967,1.118541885624858
235.35307517084283,1.1187830070684854
235.3730762820157,1.119024070612285
235.39307739318852,1.1192650761387524
235.41307850436135,1.1195060235304113
235.4330796155342,1.1197469126698143
235.45308072670704,1.1199877434395409
235.4730818378799,1.1202285157222005
235.49308294905273,1.1204692294004308
235.51308406022557,1.1207098843568977
235.53308517139843,1.1209504804742965
235.55308628257126,1.1211910176353492
235.57308739374412,1.1214314957228093
235.59308850491695,1.1216719146194563
235.61308961608978,1.1219122742081007
235.63309072726264,1.122152574371581
235.65309183843547,1.1223928149927649
235.67309294960833,1.1226329959545494
235.69309406078116,1.1228731171398594
235.713095171954,1.12311317843165
235.73309628312686,1.1233531797129053
235.7530973942997,1.1235931208666388
235.77309850547255,1.1238330017758935
235.79309961664538,1.1240728223237404
235.8131007278182,1.1243125823932811
235.83310183899107,1.1245522818676474
235.8531029501639,1.1247919206299986
235.87310406133676,1.125031498563525
235.8931051725096,1.1252710155514463
235.91310628368242,1.1255104714770119
235.93310739485528,1.1257498662235015
235.95310850602812,1.1259891996742228
235.97310961720098,1.1262284717125155
235.9931107283738,1.126467682221748
236.01311183954664,1.1267068310853192
236.0331129507195,1.1269459181866588
236.05311406189233,1.1271849434092238
236.0731151730652,1.1274239066365044
236.09311628423802,1.1276628077520199
236.11311739541085,1.1279016466393195
236.1331185065837,1.128140423181984
236.15311961775654,1.1283791372636225
236.1731207289294,1.1286177887678768
236.19312184010224,1.1288563775784168
236.21312295127507,1.129094903578945
236.23312406244793,1.129333366653194
236.25312517362076,1.1295717666849268
236.27312628479362,1.1298101035579375
236.29312739596645,1.1300483771560499
236.31312850713928,1.1302865873631198
236.33312961831214,1.1305247340630336
236.35313072948497,1.1307628171397086
236.37313184065783,1.1310008364770936
236.39313295183067,1.131238791959167
236.4131340630035,1.13147668346994
236.43313517417636,1.1317145108934537
236.4531362853492,1.1319522741137815
236.47313739652205,1.132189973015028
236.49313850769488,1.132427607481328
236.5131396188677,1.1326651773968484
236.53314073004057,1.1329026826457889
236.5531418412134,1.1331401231123777
236.57314295238626,1.1333774986808773
236.5931440635591,1.133614809235581
236.61314517473193,1.133852054660813
236.6331462859048,1.1340892348409313
236.65314739707762,1.1343263496603226
236.67314850825048,1.134563399003408
236.6931496194233,1.1348003827546396
236.71315073059614,1.1350373007985017
236.733151841769,1.135274153019511
236.75315295294183,1.1355109393022145
236.7731540641147,1.1357476595311933
236.79315517528752,1.13598431359106
236.81315628646036,1.1362209013664595
236.83315739763322,1.1364574227420694
236.85315850880605,1.1366938776025983
236.8731596199789,1.1369302658327896
236.89316073115174,1.1371665873174157
236.91316184232457,1.137402841941285
236.93316295349743,1.1376390295892367
236.95316406467026,1.137875150146143
236.97316517584312,1.1381112034969096
236.99316628701595,1.1383471895264727
237.01316739818878,1.138583108119804
237.03316850936164,1.138818959161906
237.05316962053448,1.1390547425378157
237.07317073170734,1.1392904581326027
237.09317184288017,1.139526105831368
237.113172954053,1.1397616855192478
237.13317406522586,1.1399971970814111
237.1531751763987,1.1402326404030587
237.17317628757155,1.1404680153694262
237.19317739874438,1.1407033218657818
237.2131785099172,1.1409385597774273
237.23317962109007,1.1411737289896984
237.2531807322629,1.1414088293879627
237.27318184343576,1.1416438608576227
237.2931829546086,1.1418788232841146
237.31318406578143,1.1421137165529074
237.3331851769543,1.1423485405495053
237.35318628812712,1.1425832951594437
237.37318739929998,1.1428179802682938
237.3931885104728,1.1430525957616609
237.41318962164564,1.1432871415251828
237.4331907328185,1.143521617444533
237.45319184399133,1.143756023405417
237.4731929551642,1.1439903592935763
237.49319406633703,1.1442246249947847
237.51319517750986,1.144458820394852
237.53319628868272,1.1446929453796215
237.55319739985555,1.1449269998349707
237.5731985110284,1.1451609836468124
237.59319962220124,1.1453948967010918
237.61320073337407,1.1456287388837905
237.63320184454693,1.1458625100809237
237.65320295571976,1.1460962101785417
237.67320406689262,1.1463298390627301
237.69320517806545,1.1465633966196067
237.7132062892383,1.1467968827353268
237.73320740041115,1.147030297296079
237.75320851158398,1.1472636401880878
237.77320962275684,1.147496911297612
237.79321073392967,1.1477301105109448
237.8132118451025,1.1479632377144156
237.83321295627536,1.1481962927943887
237.8532140674482,1.1484292756372623
237.87321517862105,1.1486621861294715
237.89321628979388,1.1488950241574856
237.91321740096672,1.1491277896078098
237.93321851213958,1.1493604823669852
237.9532196233124,1.149593102321586
237.97322073448527,1.1498256493582244
237.9932218456581,1.1500581233635467
238.01322295683093,1.150290524224236
238.0332240680038,1.1505228518270103
238.05322517917662,1.1507551060586227
238.07322629034948,1.150987286805863
238.0932274015223,1.1512193939555568
238.11322851269514,1.1514514273945649
238.133229623868,1.1516833870097856
238.15323073504084,1.1519152726881503
238.1732318462137,1.15214708431663
238.19323295738653,1.152378821782228
238.21323406855936,1.152610484971987
238.23323517973222,1.1528420737729843
238.25323629090505,1.153073588072334
238.2732374020779,1.1533050277571864
238.29323851325074,1.1535363927147275
238.31323962442357,1.1537676828321806
238.33324073559643,1.1539988979968052
238.35324184676927,1.1542300380958974
238.37324295794213,1.1544611030167902
238.39324406911496,1.154692092646852
238.4132451802878,1.154923006873489
238.43324629146065,1.1551538455841446
238.45324740263348,1.1553846086662973
238.47324851380634,1.155615296007464
238.49324962497917,1.1558459074951977
238.513250736152,1.156076443017089
238.53325184732486,1.1563069024607657
238.5532529584977,1.156537285713891
238.57325406967055,1.156767592664167
238.59325518084339,1.1569978231993325
238.61325629201622,1.1572279772071634
238.63325740318908,1.1574580545754736
238.6532585143619,1.1576880551921123
238.67325962553477,1.1579179789449685
238.6932607367076,1.1581478257219675
238.71326184788043,1.1583775954110724
238.7332629590533,1.1586072879002844
238.75326407022612,1.1588369030776404
238.77326518139898,1.1590664408312177
238.79326629257181,1.1592959010491286
238.81326740374465,1.1595252836195251
238.8332685149175,1.1597545884305969
238.85326962609034,1.1599838153705706
238.8732707372632,1.1602129643277124
238.89327184843603,1.1604420351903242
238.91327295960886,1.1606710278467478
238.93327407078172,1.1608999421853625
238.95327518195455,1.1611287780945858
238.9732762931274,1.1613575354628742
238.99327740430024,1.1615862141787205
239.0132785154731,1.161814814130658
239.03327962664594,1.1620433352072568
239.05328073781877,1.1622717772971265
239.07328184899163,1.1625001402889155
239.09328296016446,1.1627284240713087
239.11328407133732,1.1629566285330322
239.13328518251015,1.1631847535628486
239.15328629368298,1.1634127990495606
239.17328740485584,1.1636407648820093
239.19328851602867,1.1638686509490745
239.21328962720153,1.1640964571396757
239.23329073837436,1.1643241833427693
239.2532918495472,1.1645518294473527
239.27329296072006,1.1647793953424612
239.2932940718929,1.1650068809171703
239.31329518306575,1.1652342860605938
239.33329629423858,1.1654616106618843
239.3532974054114,1.1656888546102346
239.37329851658427,1.1659160177948766
239.3932996277571,1.1661431001050817
239.41330073892996,1.1663701014301595
239.4333018501028,1.1665970216594608
239.45330296127563,1.1668238606823746
239.47330407244849,1.167050618388331
239.49330518362132,1.1672772946667975
239.51330629479418,1.1675038894072831
239.533307405967,1.1677304024993362
239.55330851713984,1.1679568338325448
239.5733096283127,1.168183183296537
239.59331073948553,1.1684094507809797
239.6133118506584,1.168635636175581
239.63331296183122,1.1688617393700889
239.65331407300405,1.1690877602542908
239.67331518417691,1.1693136987180157
239.69331629534975,1.1695395546511302
239.7133174065226,1.1697653279435438
239.73331851769544,1.1699910184852043
239.75331962886827,1.1702166261661007
239.77332074004113,1.1704421508762628
239.79332185121396,1.1706675925057601
239.81332296238682,1.1708929509447035
239.83332407355965,1.1711182260832427
239.85332518473248,1.1713434178115698
239.87332629590534,1.171568526019917
239.89332740707817,1.1717935505985566
239.91332851825103,1.1720184914378033
239.93332962942387,1.17224334842801
239.9533307405967,1.1724681214595727
239.97333185176956,1.1726928104229275
239.9933329629424,1.1729174152085515
240.01333407411525,1.1731419357069637
240.03333518528808,1.1733663718087217
240.0533362964609,1.1735907234044274
240.07333740763377,1.173814990384722
240.0933385188066,1.174039172640288
240.11333962997946,1.1742632700618494
240.1333407411523,1.1744872825401722
240.15334185232513,1.1747112099660633
240.173342963498,1.1749350522303714
240.19334407467082,1.1751588092239853
240.21334518584368,1.1753824808378373
240.2333462970165,1.1756060669629
240.25334740818934,1.1758295674901884
240.2733485193622,1.1760529823107595
240.29334963053503,1.1762763113157102
240.3133507417079,1.1764995543961816
240.33335185288072,1.1767227114433552
240.35335296405356,1.1769457823484548
240.37335407522642,1.1771687670027473
240.39335518639925,1.1773916652975394
240.4133562975721,1.1776144771241817
240.43335740874494,1.1778372023740658
240.45335851991777,1.1780598409386263
240.47335963109063,1.17828239270934
240.49336074226346,1.178504857577726
240.51336185343632,1.1787272354353455
240.53336296460915,1.1789495261738017
240.55336407578199,1.1791717296847408
240.57336518695485,1.1793938458598519
240.59336629812768,1.179615874590866
240.61336740930054,1.1798378157695577
240.63336852047337,1.1800596692877425
240.6533696316462,1.18028143503728
240.67337074281906,1.1805031129100727
240.6933718539919,1.1807247027980647
240.71337296516475,1.1809462045932442
240.73337407633758,1.181167618187642
240.75337518751041,1.1813889434733316
240.77337629868327,1.1816101803424306
240.7933774098561,1.1818313286870974
240.81337852102897,1.182052388399536
240.8333796322018,1.1822733593719923
240.85338074337463,1.1824942414967556
240.8733818545475,1.1827150346661597
240.89338296572032,1.1829357387725794
240.91338407689318,1.1831563537084346
240.933385188066,1.1833768793661887
240.95338629923884,1.183597315638348
240.9733874104117,1.183817662417463
240.99338852158454,1.1840379195961266
241.0133896327574,1.1842580870669772
241.03339074393023,1.184478164722695
241.05339185510306,1.184698152456005
241.07339296627592,1.1849180501596763
241.09339407744875,1.1851378577265215
241.1133951886216,1.1853575750493976
241.13339629979444,1.185577202021204
241.15339741096727,1.1857967385348862
241.17339852214013,1.1860161844834325
241.19339963331296,1.1862355397598756
241.21340074448582,1.1864548042572935
241.23340185565866,1.1866739778688062
241.2534029668315,1.1868930604875798
241.27340407800435,1.1871120520068241
241.29340518917718,1.1873309523197937
241.31340630035004,1.1875497613197878
241.33340741152287,1.1877684789001486
241.3534085226957,1.1879871049542645
241.37340963386856,1.1882056393755687
241.3934107450414,1.188424082057537
241.41341185621425,1.1886424328936918
241.43341296738708,1.1888606917775997
241.45341407855992,1.1890788586028724
241.47341518973278,1.1892969332631669
241.4934163009056,1.189514915652183
241.51341741207847,1.1897328056636673
241.5334185232513,1.1899506031914115
241.55341963442413,1.1901683081292518
241.573420745597,1.1903859203710703
241.59342185676982,1.1906034398107923
241.61342296794268,1.1908208663423903
241.6334240791155,1.1910381998598818
241.65342519028835,1.1912554402573288
241.6734263014612,1.19147258742884
241.69342741263404,1.191689641268568
241.7134285238069,1.1919066016707123
241.73342963497973,1.1921234685295161
241.75343074615256,1.1923402417392701
241.77343185732542,1.1925569211943101
241.79343296849825,1.1927735067890173
241.8134340796711,1.1929899984178192
241.83343519084394,1.1932063959751877
241.85343630201677,1.1934226993556423
241.87343741318963,1.193638908453747
241.89343852436247,1.1938550231641132
241.91343963553533,1.1940710433813977
241.93344074670816,1.194286969000302
241.953441857881,1.1945027999155755
241.97344296905385,1.1947185360220136
241.99344408022668,1.1949341772144564
242.01344519139954,1.1951497233877921
242.03344630257237,1.1953651744369542
242.0534474137452,1.195580530256923
242.07344852491806,1.1957957907427252
242.0934496360909,1.1960109557894332
242.11345074726376,1.1962260252921668
242.1334518584366,1.196440999146092
242.15345296960942,1.1966558772464215
242.17345408078228,1.1968706594884155
242.1934551919551,1.197085345767379
242.21345630312797,1.197299935978665
242.2334574143008,1.1975144300176737
242.25345852547363,1.1977288277798515
242.2734596366465,1.1979431291606923
242.29346074781932,1.198157334055736
242.31346185899218,1.1983714423605707
242.33346297016502,1.1985854539708303
242.35346408133785,1.198799368782197
242.3734651925107,1.1990131866903995
242.39346630368354,1.199226907591214
242.4134674148564,1.199440531380465
242.43346852602923,1.1996540579540218
242.45346963720206,1.199867487207803
242.47347074837492,1.2000808190377745
242.49347185954775,1.2002940533399493
242.5134729707206,1.2005071900103885
242.53347408189344,1.2007202289451993
242.55347519306628,1.2009331700405381
242.57347630423914,1.2011460131926086
242.59347741541197,1.201358758297662
242.61347852658483,1.2015714052519981
242.63347963775766,1.2017839539519624
242.6534807489305,1.2019964042939506
242.67348186010335,1.2022087561744057
242.69348297127618,1.2024210094898178
242.71348408244904,1.202633164136726
242.73348519362187,1.2028452200117172
242.7534863047947,1.2030571770114264
242.77348741596757,1.203269035032538
242.7934885271404,1.2034807939717815
242.81348963831326,1.2036924537259377
242.8334907494861,1.203904014191835
242.85349186065892,1.2041154752663492
242.87349297183178,1.2043268368464066
242.8934940830046,1.2045380988289793
242.91349519417747,1.2047492611110897
242.9334963053503,1.2049603235898094
242.95349741652313,1.205171286162256
242.973498527696,1.2053821487255987
242.99349963886883,1.2055929111770536
243.0135007500417,1.2058035734138872
243.03350186121452,1.2060141353334126
243.05350297238735,1.2062245968329939
243.0735040835602,1.2064349578100428
243.09350519473304,1.2066452181620209
243.1135063059059,1.2068553777864388
243.13350741707873,1.207065436580855
243.15350852825156,1.2072753944428787
243.17350963942442,1.207485251270167
243.19351075059726,1.2076950069604275
243.21351186177012,1.2079046614114168
243.23351297294295,1.2081142145209394
243.25351408411578,1.2083236661868506
243.27351519528864,1.2085330163070558
243.29351630646147,1.2087422647795079
243.31351741763433,1.2089514115022104
243.33351852880716,1.209160456373217
243.35351963998,1.20936939929063
243.37352075115285,1.209578240152603
243.39352186232568,1.2097869788573363
243.41352297349854,1.209995615303083
243.43352408467138,1.2102041493881448
243.4535251958442,1.2104125810108732
243.47352630701707,1.2106209100696708
243.4935274181899,1.210829136462988
243.51352852936276,1.2110372600893269
243.5335296405356,1.2112452808472396
243.55353075170845,1.2114531986353283
243.57353186288128,1.211661013352244
243.5935329740541,1.2118687248966902
243.61353408522697,1.2120763331674194
243.6335351963998,1.2122838380632337
243.65353630757267,1.2124912394829874
243.6735374187455,1.212698537325584
243.69353852991833,1.212905731489978
243.7135396410912,1.2131128218751748
243.73354075226402,1.2133198083802286
243.75354186343688,1.2135266909042461
243.7735429746097,1.213733469346384
243.79354408578254,1.21394014360585
243.8135451969554,1.2141467135819026
243.83354630812823,1.2143531791738502
243.8535474193011,1.2145595402810532
243.87354853047393,1.2147657968029224
243.89354964164676,1.2149719486389197
243.91355075281962,1.2151779956885589
243.93355186399245,1.2153839378514026
243.9535529751653,1.2155897750270672
243.97355408633814,1.2157955071152178
243.99355519751097,1.2160011340155725
244.01355630868383,1.2162066556279
244.03355741985666,1.216412071852021
244.05355853102952,1.2166173825878068
244.07355964220235,1.2168225877351797
244.0935607533752,1.2170276871941144
244.11356186454805,1.217232680864637
244.13356297572088,1.2174375686468248
244.15356408689374,1.2176423504408076
244.17356519806657,1.2178470261467649
244.1935663092394,1.2180515956649298
244.21356742041226,1.2182560588955869
244.2335685315851,1.2184604157390715
244.25356964275795,1.2186646660957716
244.27357075393078,1.2188688098661273
244.29357186510362,1.2190728469506305
244.31357297627648,1.219276777249825
244.3335740874493,1.2194806006643057
244.35357519862217,1.2196843170947214
244.373576309795,1.2198879264417717
244.39357742096783,1.2200914286062092
244.4135785321407,1.2202948234888387
244.43357964331352,1.220498110990516
244.45358075448638,1.2207012910121506
244.4735818656592,1.2209043634547043
244.49358297683204,1.2211073282191909
244.5135840880049,1.2213101852066774
244.53358519917774,1.2215129343182818
244.5535863103506,1.2217155754551765
244.57358742152343,1.2219181085185848
244.59358853269626,1.2221205334097842
244.61358964386912,1.2223228500301042
244.63359075504195,1.2225250582809273
244.6535918662148,1.222727158063689
244.67359297738764,1.2229291492798764
244.69359408856047,1.2231310318310311
244.71359519973333,1.223332805618747
244.73359631090617,1.2235344705446711
244.75359742207903,1.223736026510504
244.77359853325186,1.2239374734179977
244.7935996444247,1.224138811168959
244.81360075559755,1.2243400396652477
244.83360186677038,1.2245411588087765
244.85360297794324,1.2247421685015119
244.87360408911607,1.224943068645472
244.8936052002889,1.2251438591427308
244.91360631146176,1.2253445398954146
244.9336074226346,1.2255451108057023
244.95360853380745,1.2257455717758279
244.9736096449803,1.2259459227080778
244.99361075615312,1.226146163504793
245.01361186732598,1.226346294068368
245.0336129784988,1.22654631430125
245.05361408967167,1.226746224105941
245.0736152008445,1.2269460233849965
245.09361631201733,1.2271457120410263
245.1136174231902,1.227345289976694
245.13361853436302,1.2275447570947158
245.15361964553588,1.2277441132978637
245.17362075670871,1.2279433584889632
245.19362186788155,1.2281424925708937
245.2136229790544,1.2283415154465893
245.23362409022724,1.2285404270190372
245.2536252014001,1.2287392271912803
245.27362631257293,1.2289379158664142
245.29362742374576,1.2291364929475899
245.31362853491862,1.2293349583380129
245.33362964609145,1.2295333119409426
245.3536307572643,1.229731553659694
245.37363186843714,1.2299296833976343
245.39363297960998,1.2301277010581875
245.41363409078284,1.2303256065448311
245.43363520195567,1.2305233997610983
245.45363631312853,1.2307210806105764
245.47363742430136,1.2309186489969066
245.4936385354742,1.2311161048237864
245.51363964664705,1.2313134479949677
245.53364075781988,1.2315106784142564
245.55364186899274,1.2317077959855145
245.57364298016557,1.2319048006126587
245.5936440913384,1.2321016921996608
245.61364520251126,1.2322984706505475
245.6336463136841,1.2324951358694005
245.65364742485696,1.2326916877603569
245.6736485360298,1.232888126227609
245.69364964720262,1.2330844511754049
245.71365075837548,1.2332806625080475
245.7336518695483,1.2334767601298946
245.75365298072117,1.2336727439453603
245.773654091894,1.2338686138589139
245.79365520306683,1.23406436977508
245.8136563142397,1.2342600115984397
245.83365742541253,1.2344555392336278
245.85365853658539,1.234650952585337
245.87365964775822,1.2348462515583136
245.89366075893105,1.2350414360573612
245.9136618701039,1.2352365059873387
245.93366298127674,1.2354314612531605
245.9536640924496,1.2356263017597982
245.97366520362243,1.235821027412277
245.99366631479526,1.2360156381156802
246.01366742596812,1.236210133775146
246.03366853714095,1.2364045142958695
246.05366964831381,1.2365987795831017
246.07367075948665,1.2367929295421485
246.09367187065948,1.2369869640783737
246.11367298183234,1.2371808830971966
246.13367409300517,1.237374686504093
246.15367520417803,1.2375683742045953
246.17367631535086,1.2377619461042915
246.1936774265237,1.2379554021088264
246.21367853769655,1.2381487421239021
246.23367964886938,1.2383419660552757
246.25368076004224,1.2385350738087622
246.27368187121508,1.2387280652902326
246.2936829823879,1.238920940405615
246.31368409356077,1.2391136990608944
246.3336852047336,1.239306341162111
246.35368631590646,1.2394988666153635
246.3736874270793,1.2396912753268068
246.39368853825212,1.2398835672026531
246.41368964942498,1.2400757421491715
246.4336907605978,1.240267800072687
246.45369187177067,1.240459740879583
246.4736929829435,1.2406515644762994
246.49369409411634,1.240843270769334
246.5136952052892,1.2410348596652399
246.53369631646203,1.241226331070629
246.5536974276349,1.241417684892171
246.57369853880772,1.2416089210365906
246.59369964998055,1.241800039410672
246.6137007611534,1.2419910399212561
246.63370187232624,1.2421819224752413
246.6537029834991,1.2423726869795835
246.67370409467193,1.2425633333412955
246.69370520584476,1.2427538614674485
246.71370631701762,1.2429442712651713
246.73370742819046,1.2431345626416501
246.75370853936332,1.243324735504129
246.77370965053615,1.2435147897599095
246.79371076170898,1.2437047253163511
246.81371187288184,1.243894542080872
246.83371298405467,1.2440842399609464
246.85371409522753,1.244273818864108
246.87371520640036,1.2444632786979484
246.8937163175732,1.2446526193701166
246.91371742874605,1.2448418407883206
246.93371853991889,1.245030942860325
246.95371965109175,1.245219925493954
246.97372076226458,1.2454087885970895
246.9937218734374,1.2455975320776715
247.01372298461027,1.2457861558436993
247.0337240957831,1.2459746598032286
247.05372520695596,1.2461630438643752
247.0737263181288,1.2463513079353126
247.09372742930162,1.2465394519242734
247.11372854047448,1.2467274757395486
247.13372965164731,1.2469153792894863
247.15373076282017,1.2471031624824955
247.173731873993,1.2472908252270418
247.19373298516584,1.2474783674316514
247.2137340963387,1.2476657890049077
247.23373520751153,1.247853089855454
247.2537363186844,1.2480402698919923
247.27373742985722,1.2482273290232824
247.29373854103005,1.248414267158144
247.3137396522029,1.2486010842054558
247.33374076337574,1.2487877800741551
247.3537418745486,1.2489743546732393
247.37374298572144,1.249160807911763
247.39374409689427,1.2493471396988416
247.41374520806713,1.2495333499436492
247.43374631923996,1.2497194385554187
247.45374743041282,1.2499054054434435
247.47374854158565,1.2500912505170747
247.49374965275848,1.250276973685724
247.51375076393134,1.2504625748588623
247.53375187510417,1.2506480539460192
247.55375298627703,1.2508334108567847
247.57375409744986,1.251018645500808
247.5937552086227,1.2512037577877981
247.61375631979556,1.2513887476275238
247.6337574309684,1.2515736149298127
247.65375854214125,1.2517583596045527
247.67375965331408,1.251942981561692
247.6937607644869,1.2521274807112375
247.71376187565977,1.2523118569632574
247.7337629868326,1.2524961102278782
247.75376409800546,1.2526802404152877
247.7737652091783,1.2528642474357323
247.79376632035112,1.2530481311995196
247.81376743152398,1.2532318916170173
247.83376854269682,1.2534155285986526
247.85376965386968,1.2535990420549135
247.8737707650425,1.2537824318963469
247.89377187621534,1.2539656980335616
247.9137729873882,1.2541488403772256
247.93377409856103,1.254331858838068
247.9537752097339,1.2545147533268783
247.97377632090672,1.254697523754505
247.99377743207955,1.2548801700318588
248.0137785432524,1.2550626920699097
248.03377965442525,1.2552450897796894
248.0537807655981,1.2554273630722899
248.07378187677094,1.2556095118588624
248.0937829879438,1.2557915360506209
248.11378409911663,1.2559734355588383
248.13378521028946,1.2561552102948499
248.15378632146232,1.2563368601700504
248.17378743263515,1.2565183850958968
248.193788543808,1.2566997849839059
248.21378965498084,1.2568810597456554
248.23379076615367,1.2570622092927846
248.25379187732653,1.2572432335369936
248.27379298849937,1.257424132390044
248.29379409967223,1.257604905763758
248.31379521084506,1.257785553570018
248.3337963220179,1.2579660757207698
248.35379743319075,1.258146472128019
248.37379854436358,1.2583267427038327
248.39379965553644,1.25850688736034
248.41380076670927,1.2586869060097299
248.4338018778821,1.2588667985642543
248.45380298905496,1.2590465649362264
248.4738041002278,1.2592262050380196
248.49380521140066,1.2594057187820702
248.5138063225735,1.2595851060808756
248.53380743374632,1.259764366846995
248.55380854491918,1.2599435009930497
248.573809656092,1.2601225084317211
248.59381076726487,1.2603013890757542
248.6138118784377,1.2604801428379546
248.63381298961053,1.2606587696311906
248.6538141007834,1.2608372693683922
248.67381521195622,1.2610156419625502
248.69381632312908,1.2611938873267192
248.71381743430192,1.2613720053740145
248.73381854547475,1.261549996017614
248.7538196566476,1.261727859170758
248.77382076782044,1.2619055947467477
248.7938218789933,1.262083202658948
248.81382299016613,1.2622606828207847
248.83382410133896,1.262438035145747
248.85382521251182,1.2626152595473856
248.87382632368465,1.2627923559393142
248.8938274348575,1.262969324235209
248.91382854603035,1.2631461643488069
248.93382965720318,1.2633228761939095
248.95383076837604,1.26349945968438
248.97383187954887,1.263675914734144
248.99383299072173,1.2638522412571906
249.01383410189456,1.2640284391675696
249.0338352130674,1.2642045083793954
249.05383632424025,1.2643804488068449
249.07383743541308,1.2645562603641565
249.09383854658594,1.2647319429656325
249.11383965775877,1.264907496525638
249.1338407689316,1.2650829209586008
249.15384188010447,1.265258216179012
249.1738429912773,1.2654333821014248
249.19384410245016,1.265608418640456
249.213845213623,1.2657833257107853
249.23384632479582,1.2659581032271563
249.25384743596868,1.266132751104375
249.2738485471415,1.26630726925731
249.29384965831437,1.2664816576008944
249.3138507694872,1.2666559160501236
249.33385188066003,1.266830044520057
249.3538529918329,1.2670040429258176
249.37385410300573,1.2671779111825903
249.3938552141786,1.267351649205625
249.41385632535142,1.267525256910234
249.43385743652425,1.2676987342117938
249.4538585476971,1.2678720810257444
249.47385965886994,1.2680452972675893
249.4938607700428,1.268218382852896
249.51386188121563,1.2683913376972944
249.53386299238846,1.2685641617164793
249.55386410356132,1.2687368548262097
249.57386521473416,1.268909416942307
249.59386632590702,1.2690818479806578
249.61386743707985,1.2692541478572115
249.63386854825268,1.2694263164879818
249.65386965942554,1.2695983537890467
249.67387077059837,1.2697702596765479
249.69387188177123,1.2699420340666918
249.71387299294406,1.2701136768757475
249.7338741041169,1.2702851880200494
249.75387521528975,1.2704565674159962
249.77387632646258,1.2706278149800498
249.79387743763544,1.270798930628737
249.81387854880828,1.270969914278649
249.8338796599811,1.2711407658464413
249.85388077115397,1.2713114852488339
249.8738818823268,1.27148207240261
249.89388299349966,1.271652527224619
249.9138841046725,1.271822849631774
249.93388521584532,1.2719930395410528
249.95388632701818,1.2721630968694977
249.973887438191,1.2723330215342152
249.99388854936387,1.272502813452377
250.0138896605367,1.2726724725412197
250.03389077170954,1.2728419987180446
250.0538918828824,1.2730113919002164
250.07389299405523,1.2731806520051667
250.0938941052281,1.273349778950391
250.11389521640092,1.273518772653449
250.13389632757375,1.2736876330319666
250.1538974387466,1.2738563600036341
250.17389854991944,1.2740249534862067
250.1938996610923,1.2741934133975057
250.21390077226513,1.2743617396554154
250.23390188343797,1.2745299321778871
250.25390299461083,1.2746979908829368
250.27390410578366,1.2748659156886455
250.29390521695652,1.27503370651316
250.31390632812935,1.2752013632746912
250.33390743930218,1.2753688858915164
250.35390855047504,1.275536274281979
250.37390966164787,1.2757035283644855
250.39391077282073,1.2758706480575097
250.41391188399356,1.2760376332795906
250.4339129951664,1.2762044839493325
250.45391410633925,1.276371199985406
250.4739152175121,1.2765377813065455
250.49391632868495,1.276704227831553
250.51391743985778,1.2768705394792952
250.5339185510306,1.277036716168705
250.55391966220347,1.2772027578187815
250.5739207733763,1.2773686643485878
250.59392188454916,1.2775344356772549
250.613922995722,1.2777000717239784
250.63392410689482,1.2778655724080208
250.65392521806768,1.27803093764871
250.67392632924052,1.2781961673654398
250.69392744041338,1.278361261477671
250.7139285515862,1.2785262199049283
250.73392966275904,1.2786910425668054
250.7539307739319,1.2788557293829603
250.77393188510473,1.2790202802731176
250.7939329962776,1.2791846951570693
250.81393410745042,1.2793489739546713
250.83393521862325,1.2795131165858478
250.8539363297961,1.2796771229705886
250.87393744096894,1.2798409930289503
250.8939385521418,1.2800047266810561
250.91393966331464,1.2801683238470947
250.93394077448747,1.280331784447322
250.95394188566033,1.280495108402061
250.97394299683316,1.2806582956317003
250.99394410800602,1.280821346056696
251.01394521917885,1.2809842595975698
251.03394633035168,1.281147036174911
251.05394744152454,1.2813096757093763
251.07394855269737,1.2814721781216871
251.09394966387023,1.2816345433326335
251.11395077504307,1.2817967712630718
251.1339518862159,1.2819588618339255
251.15395299738876,1.282120814966185
251.1739541085616,1.2822826305809067
251.19395521973445,1.2824443085992154
251.21395633090728,1.2826058489423027
251.2339574420801,1.2827672515314266
251.25395855325297,1.2829285162879134
251.2739596644258,1.2830896431331547
251.29396077559866,1.283250631988612
251.3139618867715,1.283411482775811
251.33396299794433,1.283572195416347
251.3539641091172,1.2837327698318821
251.37396522029002,1.2838932059441455
251.39396633146288,1.2840535036749339
251.4139674426357,1.2842136629461112
251.43396855380854,1.2843736836796091
251.4539696649814,1.2845335657974268
251.47397077615423,1.2846933092216313
251.4939718873271,1.284852913874357
251.51397299849992,1.2850123796778052
251.53397410967276,1.2851717065542463
251.55397522084562,1.2853308944260171
251.57397633201845,1.2854899432155231
251.5939774431913,1.2856488528452377
251.61397855436414,1.2858076232377007
251.63397966553697,1.2859662543155213
251.65398077670983,1.286124746001376
251.67398188788266,1.2862830982180091
251.69398299905552,1.286441310888233
251.71398411022835,1.2865993839349286
251.73398522140118,1.2867573172810443
251.75398633257404,1.286915110849597
251.77398744374688,1.2870727645636708
251.79398855491974,1.2872302783464191
251.81398966609257,1.287387652121063
251.8339907772654,1.287544885810892
251.85399188843826,1.2877019793392641
251.8739929996111,1.2878589326296044
251.89399411078395,1.288015745605408
251.91399522195678,1.2881724181902374
251.9339963331296,1.288328950307724
251.95399744430247,1.2884853418815676
251.9739985554753,1.2886415928355357
251.99399966664816,1.2887977030934659
252.014000777821,1.2889536725792627
252.03400188899383,1.2891095012169005
252.0540030001667,1.2892651889304216
252.07400411133952,1.2894207356439373
252.09400522251238,1.2895761412816282
252.1140063336852,1.2897314057677423
252.13400744485804,1.2898865290265973
252.1540085560309,1.2900415109825798
252.17400966720373,1.2901963515601451
252.1940107783766,1.2903510506838178
252.21401188954943,1.29050560827819
252.23401300072226,1.2906600242679245
252.25401411189512,1.2908142985777524
252.27401522306795,1.2909684311324738
252.2940163342408,1.2911224218569586
252.31401744541364,1.2912762706761443
252.33401855658647,1.291429977515039
252.35401966775933,1.2915835422987199
252.37402077893216,1.2917369649523325
252.39402189010502,1.2918902454010919
252.41402300127785,1.2920433835702836
252.4340241124507,1.292196379385261
252.45402522362355,1.2923492327714483
252.47402633479638,1.2925019436543375
252.49402744596924,1.292654511959491
252.51402855714207,1.2928069376125408
252.5340296683149,1.2929592205391882
252.55403077948776,1.2931113606652045
252.5740318906606,1.2932633579164297
252.59403300183345,1.293415212218774
252.61403411300628,1.2935669234982174
252.63403522417914,1.293718491680809
252.65403633535198,1.2938699166926688
252.6740374465248,1.2940211984599854
252.69403855769767,1.2941723369090183
252.7140396688705,1.2943233319660954
252.73404078004336,1.294474183557616
252.7540418912162,1.2946248916100482
252.77404300238902,1.294775456049931
252.79404411356188,1.2949258768038732
252.8140452247347,1.2950761537985527
252.83404633590757,1.2952262869607183
252.8540474470804,1.2953762762171892
252.87404855825324,1.2955261214948544
252.8940496694261,1.2956758227206726
252.91405078059893,1.2958253798216732
252.9340518917718,1.2959747927249563
252.95405300294462,1.296124061357691
252.97405411411745,1.2962731856471177
252.9940552252903,1.2964221655205472
253.01405633646314,1.2965710009053604
253.034057447636,1.296719691729009
253.05405855880883,1.296868237919014
253.07405966998166,1.2970166394029683
253.09406078115452,1.2971648961085347
253.11406189232736,1.2973130079634467
253.13406300350022,1.2974609748955086
253.15406411467305,1.2976087968325944
253.17406522584588,1.2977564737026501
253.19406633701874,1.2979040054336917
253.21406744819157,1.2980513919538057
253.23406855936443,1.2981986331911504
253.25406967053726,1.2983457290739533
253.2740707817101,1.2984926795305143
253.29407189288295,1.298639484489204
253.31407300405579,1.2987861438784623
253.33407411522865,1.2989326576268019
253.35407522640148,1.299079025662806
253.3740763375743,1.2992252479151283
253.39407744874717,1.2993713243124945
253.41407855992,1.2995172547837002
253.43407967109286,1.299663039257613
253.4540807822657,1.2998086776631714
253.47408189343852,1.2999541699293855
253.49408300461138,1.300099515985336
253.51408411578421,1.3002447157601746
253.53408522695707,1.3003897691831254
253.5540863381299,1.3005346761834833
253.57408744930274,1.3006794366906143
253.5940885604756,1.3008240506339563
253.61408967164843,1.3009685179430182
253.6340907828213,1.3011128385473807
253.65409189399412,1.3012570123766956
253.67409300516695,1.3014010393606865
253.6940941163398,1.3015449194291488
253.71409522751264,1.3016886525119493
253.7340963386855,1.3018322385390269
253.75409744985834,1.301975677440391
253.77409856103117,1.3021189691461235
253.79409967220403,1.3022621135863783
253.81410078337686,1.302405110691381
253.83410189454972,1.3025479603914287
253.85410300572255,1.30269066261689
253.87410411689538,1.302833217298206
253.89410522806824,1.30297562436589
253.91410633924107,1.3031178837505264
253.93410745041393,1.303259995382772
253.95410856158676,1.3034019591933557
253.9741096727596,1.3035437751130783
253.99411078393246,1.3036854430728133
254.0141118951053,1.3038269630035049
254.03411300627815,1.303968334836171
254.05411411745098,1.3041095585019007
254.0741152286238,1.3042506339318556
254.09411633979667,1.3043915610572703
254.1141174509695,1.3045323398094502
254.13411856214236,1.304672970119774
254.1541196733152,1.3048134519196926
254.17412078448803,1.3049537851407293
254.19412189566089,1.3050939697144806
254.21412300683372,1.305234005572613
254.23412411800658,1.3053738926468688
254.2541252291794,1.3055136308690598
254.27412634035224,1.3056532201710724
254.2941274515251,1.3057926604848646
254.31412856269793,1.305931951742468
254.3341296738708,1.3060710938759856
254.35413078504362,1.3062100868175939
254.37413189621645,1.3063489304995415
254.3941330073893,1.3064876248541506
254.41413411856215,1.3066261698138155
254.434135229735,1.3067645653110043
254.45413634090784,1.3069028112782561
254.47413745208067,1.3070409076481846
254.49413856325353,1.3071788543534757
254.51413967442636,1.3073166513268883
254.53414078559922,1.3074542985012552
254.55414189677205,1.30759179580948
254.57414300794488,1.3077291431845415
254.59414411911774,1.307866340559491
254.61414523029057,1.3080033878674522
254.63414634146343,1.3081402850416228
254.65414745263627,1.3082770320152732
254.6741485638091,1.3084136287217474
254.69414967498196,1.3085500750944625
254.7141507861548,1.3086863710669085
254.73415189732765,1.3088225165726493
254.75415300850048,1.3089585115453213
254.7741541196733,1.3090943559186354
254.79415523084617,1.3092300496263756
254.814156342019,1.3093655926023984
254.83415745319186,1.3095009847806347
254.8541585643647,1.309636226095089
254.87415967553753,1.3097713164798384
254.8941607867104,1.3099062558690342
254.91416189788322,1.3100410441969017
254.93416300905608,1.3101756813977397
254.9541641202289,1.3103101674059197
254.97416523140174,1.3104445021558875
254.9941663425746,1.3105786855821633
255.01416745374743,1.3107127176193398
255.0341685649203,1.3108465982020852
255.05416967609312,1.3109803272651392
255.07417078726596,1.3111139047433173
255.09417189843882,1.3112473305715082
255.11417300961165,1.3113806046846745
255.1341741207845,1.3115137270178532
255.15417523195734,1.311646697506154
255.17417634313017,1.311779516084762
255.19417745430303,1.3119121826889362
255.21417856547586,1.3120446972540087
255.23417967664872,1.3121770597153863
255.25418078782155,1.3123092700085506
255.27418189899439,1.3124413280690561
255.29418301016725,1.312573233832533
255.31418412134008,1.3127049872346839
255.33418523251294,1.3128365882112871
255.35418634368577,1.3129680366981948
255.3741874548586,1.3130993326313336
255.39418856603146,1.3132304759467044
255.4141896772043,1.3133614665803819
255.43419078837715,1.313492304468516
255.45419189954998,1.313622989547331
255.47419301072281,1.3137535217531253
255.49419412189567,1.3138839010222727
255.5141952330685,1.3140141272912198
255.53419634424137,1.3141442004964896
255.5541974554142,1.3142741205746784
255.57419856658703,1.3144038874624582
255.5941996777599,1.3145335010965749
255.61420078893272,1.3146629614138492
255.63420190010558,1.3147922683511775
255.6542030112784,1.3149214218455292
255.67420412245124,1.3150504218339496
255.6942052336241,1.3151792682535592
255.71420634479693,1.3153079610415526
255.7342074559698,1.3154365001352
255.75420856714263,1.315564885471845
255.77420967831546,1.3156931169889077
255.79421078948832,1.315821194623883
255.81421190066115,1.31594911831434
255.834213011834,1.3160768879979239
255.85421412300684,1.3162045036123535
255.87421523417967,1.3163319650954244
255.89421634535253,1.3164592723850064
255.91421745652536,1.3165864254190442
255.93421856769822,1.3167134241355583
255.95421967887106,1.316840268472644
255.9742207900439,1.3169669583684722
255.99422190121675,1.3170934937612893
256.0142230123896,1.317219874589416
256.0342241235624,1.317346100791249
256.05422523473527,1.317472172305261
256.07422634590813,1.317598089069999
256.09422745708093,1.3177238510240854
256.1142285682538,1.3178494581062197
256.13422967942665,1.317974910255175
256.1542307905995,1.3181002074098005
256.1742319017723,1.3182253495090213
256.1942330129452,1.3183503364918379
256.21423412411804,1.3184751682973266
256.23423523529084,1.3185998448646385
256.2542363464637,1.3187243661330021
256.27423745763656,1.3188487320417193
256.29423856880936,1.3189729425301697
256.3142396799822,1.3190969975378077
256.3342407911551,1.319220897004164
256.35424190232794,1.3193446408688438
256.37424301350075,1.31946822907153
256.3942441246736,1.3195916615519803
256.41424523584647,1.3197149382500288
256.43424634701927,1.3198380591055845
256.4542474581921,1.3199610240586341
256.474248569365,1.3200838330492388
256.4942496805378,1.320206486017536
256.51425079171065,1.3203289829037401
256.5342519028835,1.3204513236481408
256.55425301405637,1.320573508191104
256.5742541252292,1.3206955364730715
256.59425523640203,1.3208174084345623
256.6142563475749,1.3209391240161703
256.6342574587477,1.3210606831585663
256.65425856992056,1.3211820858024974
256.6742596810934,1.3213033318887872
256.6942607922662,1.3214244213583344
256.7142619034391,1.3215453541521158
256.73426301461194,1.3216661302111832
256.7542641257848,1.3217867494766655
256.7742652369576,1.321907211889767
256.79426634813046,1.3220275173917706
256.8142674593033,1.3221476659240337
256.8342685704761,1.3222676574279901
256.854269681649,1.3223874918451524
256.87427079282185,1.322507169117107
256.89427190399465,1.322626689185519
256.9142730151675,1.3227460519921286
256.93427412634037,1.322865257478754
256.95427523751323,1.322984305587289
256.97427634868603,1.3231031962597046
256.9942774598589,1.3232219294380487
257.01427857103175,1.323340505064446
257.03427968220456,1.3234589230810967
257.0542807933774,1.32357718343028
257.0742819045503,1.3236952860543505
257.0942830157231,1.3238132308957398
257.11428412689594,1.3239310178969568
257.1342852380688,1.3240486470005874
257.15428634924166,1.3241661181492939
257.17428746041446,1.3242834312858156
257.1942885715873,1.32440058635297
257.2142896827602,1.3245175832936502
257.234290793933,1.324634422050827
257.25429190510584,1.3247511025675485
257.2742930162787,1.3248676247869398
257.2942941274515,1.3249839886522023
257.31429523862437,1.3251001941066167
257.3342963497972,1.3252162410935386
257.3542974609701,1.3253321295564022
257.3742985721429,1.325447859438718
257.39429968331575,1.3255634306840753
257.4143007944886,1.3256788432361395
257.4343019056614,1.325794097038653
257.4543030168343,1.3259091920354373
257.47430412800713,1.3260241281703895
257.49430523917994,1.326138905387485
257.5143063503528,1.3262535236307769
257.53430746152566,1.3263679828443957
257.5543085726985,1.3264822829725482
257.5743096838713,1.3265964239595205
257.5943107950442,1.326710405749675
257.61431190621704,1.326824228287453
257.63431301738984,1.3269378915173713
257.6543141285627,1.327051395384027
257.67431523973556,1.3271647398320927
257.69431635090837,1.32727792480632
257.7143174620812,1.3273909502515375
257.7343185732541,1.3275038161126522
257.75431968442695,1.3276165223346483
257.77432079559975,1.3277290688625876
257.7943219067726,1.327841455641611
257.81432301794547,1.327953682616936
257.8343241291183,1.3280657497338586
257.85432524029113,1.3281776569377524
257.874326351464,1.3282894041740696
257.8943274626368,1.3284009913883392
257.91432857380966,1.3285124185261696
257.9343296849825,1.328623685533246
257.9543307961554,1.3287347923553328
257.9743319073282,1.3288457389382708
257.99433301850104,1.3289565252279811
258.0143341296739,1.3290671511704613
258.0343352408467,1.3291776167117875
258.05433635201956,1.3292879217981146
258.0743374631924,1.329398066375675
258.0943385743652,1.3295080503907792
258.1143396855381,1.3296178737898177
258.13434079671094,1.3297275365192567
258.1543419078838,1.3298370385256422
258.1743430190566,1.3299463797555986
258.19434413022947,1.3300555601558282
258.2143452414023,1.330164579673112
258.23434635257513,1.3302734382543089
258.254347463748,1.3303821358463574
258.27434857492085,1.3304906723962735
258.29434968609365,1.3305990478511514
258.3143507972665,1.3307072621581648
258.3343519084394,1.3308153152645656
258.35435301961223,1.330923207117684
258.37435413078504,1.3310309376649287
258.3943552419579,1.331138506853788
258.41435635313076,1.3312459146318274
258.43435746430356,1.3313531609466922
258.4543585754764,1.331460245746106
258.4743596866493,1.3315671689778714
258.4943607978221,1.331673930589869
258.51436190899494,1.3317805305300594
258.5343630201678,1.3318869687464807
258.55436413134066,1.3319932451872507
258.57436524251347,1.3320993598005655
258.5943663536863,1.332205312534701
258.6143674648592,1.332311103338011
258.634368576032,1.3324167321589284
258.65436968720485,1.3325221989459657
258.6743707983777,1.332627503647714
258.6943719095505,1.3327326462128426
258.7143730207234,1.3328376265901019
258.73437413189623,1.332942444728319
258.7543752430691,1.333047100576401
258.7743763542419,1.3331515940833352
258.79437746541475,1.3332559251981864
258.8143785765876,1.3333600938700993
258.8343796877604,1.3334641000482976
258.8543807989333,1.3335679436820849
258.87438191010614,1.3336716247208429
258.89438302127894,1.3337751431140332
258.9143841324518,1.3338784988111967
258.93438524362466,1.3339816917619536
258.9543863547975,1.334084721916003
258.9743874659703,1.3341875892231239
258.9943885771432,1.3342902936331744
259.01438968831604,1.3343928350960923
259.03439079948885,1.3344952135618937
259.0543919106617,1.3345974289806763
259.07439302183457,1.3346994813026154
259.09439413300737,1.3348013704779658
259.11439524418023,1.3349030964570636
259.1343963553531,1.3350046591903224
259.15439746652595,1.3351060586282368
259.17439857769875,1.3352072947213798
259.1943996888716,1.3353083674204056
259.2144008000445,1.3354092766760464
259.2344019112173,1.3355100224391148
259.25440302239014,1.3356106046605034
259.274404133563,1.3357110232911846
259.2944052447358,1.335811278282209
259.31440635590866,1.335911369584709
259.3344074670815,1.3360112971498954
259.3544085782544,1.33611106092906
259.3744096894272,1.3362106608735729
259.39441080060004,1.3363100969348856
259.4144119117729,1.3364093690645285
259.4344130229457,1.3365084772141116
259.45441413411857,1.3366074213353265
259.4744152452914,1.336706201379943
259.4944163564643,1.336804817299812
259.5144174676371,1.336903269046863
259.53441857880995,1.3370015565731077
259.5544196899828,1.337099679830636
259.5744208011556,1.3371976387716185
259.59442191232847,1.337295433348306
259.61442302350133,1.3373930635130296
259.63442413467413,1.3374905292181993
259.654425245847,1.3375878304163076
259.67442635701985,1.3376849670599251
259.6944274681927,1.337781939101703
259.7144285793655,1.3378787464943733
259.7344296905384,1.337975389190748
259.75443080171124,1.33807186714372
259.77443191288404,1.3381681803062606
259.7944330240569,1.338264328631424
259.81443413522976,1.3383603120723429
259.83443524640256,1.3384561305822307
259.8544363575754,1.338551784114382
259.8744374687483,1.338647272622171
259.89443857992114,1.3387425960590524
259.91443969109395,1.3388377543785617
259.9344408022668,1.3389327475343147
259.95444191343967,1.3390275754800083
259.97444302461247,1.339122238169418
259.99444413578533,1.3392167355564029
260.0144452469582,1.3393110675948998
260.034446358131,1.3394052342389275
260.05444746930385,1.3394992354425859
260.0744485804767,1.339593071160054
260.0944496916496,1.3396867413455933
260.1144508028224,1.3397802459535435
260.13445191399524,1.3398735849383283
260.1544530251681,1.339966758254449
260.1744541363409,1.3400597658564897
260.19445524751376,1.3401526076991144
260.2144563586866,1.3402452837370682
260.2344574698594,1.3403377939251766
260.2544585810323,1.3404301382183466
260.27445969220514,1.3405223165715654
260.294460803378,1.340614328939902
260.3144619145508,1.3407061752785046
260.33446302572366,1.3407978555426046
260.3544641368965,1.3408893696875128
260.3744652480693,1.3409807176686208
260.3944663592422,1.3410718994414026
260.41446747041505,1.3411629149614117
260.43446858158785,1.3412537641842837
260.4544696927607,1.3413444470657347
260.47447080393357,1.3414349635615623
260.49447191510643,1.3415253136276448
260.51447302627923,1.3416154972199414
260.5344741374521,1.3417055142944934
260.55447524862495,1.3417953648074228
260.57447635979776,1.3418850487149319
260.5944774709706,1.3419745659733058
260.6144785821435,1.3420639165389094
260.6344796933163,1.34215310036819
260.65448080448914,1.3422421174176753
260.674481915662,1.342330967643975
260.69448302683486,1.3424196510037794
260.71448413800766,1.3425081674538604
260.7344852491805,1.342596516951072
260.7544863603534,1.3426846994523485
260.7744874715262,1.342772714914706
260.79448858269905,1.342860563295242
260.8144896938719,1.342948244551136
260.8344908050447,1.3430357586396477
260.85449191621757,1.34312310551812
260.87449302739043,1.3432102851439758
260.8944941385633,1.3432972974747202
260.9144952497361,1.3433841424679391
260.93449636090895,1.343470820081302
260.9544974720818,1.3435573302725574
260.9744985832546,1.343643672999537
260.9944996944275,1.3437298482201538
261.01450080560033,1.343815855892402
261.03450191677314,1.3439016959743584
261.054503027946,1.3439873684241805
261.07450413911886,1.3440728732001084
261.0945052502917,1.344158210260463
261.1145063614645,1.3442433795636477
261.1345074726374,1.3443283810681472
261.15450858381024,1.3444132147325285
261.17450969498304,1.3444978805154397
261.1945108061559,1.3445823783756117
261.21451191732876,1.3446667082718562
261.23451302850157,1.3447508701630673
261.2545141396744,1.3448348640082213
261.2745152508473,1.344918689766376
261.29451636202015,1.345002347396671
261.31451747319295,1.3450858368583278
261.3345185843658,1.345169158110651
261.35451969553867,1.3452523111130255
261.3745208067115,1.3453352958249192
261.39452191788433,1.345418112205882
261.4145230290572,1.345500760215546
261.43452414023,1.3455832398136243
261.45452525140286,1.3456655509599136
261.4745263625757,1.3457476936142918
261.4945274737486,1.3458296677367192
261.5145285849214,1.3459114732872375
261.53452969609424,1.3459931102259723
261.5545308072671,1.3460745785131298
261.5745319184399,1.3461558781089986
261.59453302961276,1.3462370089739504
261.6145341407856,1.3463179710684385
261.6345352519584,1.3463987643529982
261.6545363631313,1.3464793887882482
261.67453747430415,1.3465598443348883
261.694538585477,1.3466401309537006
261.7145396966498,1.3467202486055507
261.73454080782267,1.3468001972513859
261.7545419189955,1.3468799768522355
261.77454303016833,1.3469595873692115
261.7945441413412,1.3470390287635092
261.81454525251405,1.3471183009964047
261.83454636368685,1.3471974040292576
261.8545474748597,1.3472763378235098
261.8745485860326,1.347355102340686
261.89454969720543,1.3474336975423924
261.91455080837824,1.3475121233903187
261.9345519195511,1.347590379846237
261.95455303072396,1.3476684668720016
261.97455414189676,1.3477463844295499
261.9945552530696,1.347824132480901
262.0145563642425,1.3479017109881581
262.0345574754153,1.3479791199135054
262.05455858658814,1.348056359219211
262.074559697761,1.348133428867625
262.09456080893386,1.3482103288211806
262.11456192010667,1.3482870590423932
262.1345630312795,1.3483636194938615
262.1545641424524,1.348440010138267
262.1745652536252,1.348516230938373
262.19456636479805,1.3485922818570268
262.2145674759709,1.3486681628571582
262.2345685871437,1.3487438739017787
262.2545696983166,1.3488194149539845
262.27457080948943,1.3488947859769533
262.2945719206623,1.3489699869339462
262.3145730318351,1.3490450177883069
262.33457414300796,1.3491198785034624
262.3545752541808,1.3491945690429226
262.3745763653536,1.3492690893702795
262.3945774765265,1.3493434394492096
262.41457858769934,1.349417619243471
262.43457969887214,1.3494916287169056
262.454580810045,1.3495654678334381
262.47458192121786,1.3496391365570761
262.4945830323907,1.3497126348519104
262.5145841435635,1.3497859626821147
262.5345852547364,1.3498591200119463
262.55458636590924,1.349932106805745
262.57458747708205,1.3500049230279338
262.5945885882549,1.3500775686430195
262.61458969942777,1.350150043615591
262.63459081060057,1.3502223479103213
262.65459192177343,1.3502944814919664
262.6745930329463,1.350366444325365
262.69459414411915,1.3504382363754395
262.71459525529195,1.3505098576071952
262.7345963664648,1.3505813079857218
262.7545974776377,1.3506525874761903
262.7745985888105,1.3507236960438567
262.79459969998334,1.3507946336540595
262.8146008111562,1.350865400272221
262.834601922329,1.3509359958638458
262.85460303350186,1.3510064203945236
262.8746041446747,1.351076673829926
262.8946052558476,1.351146756135809
262.9146063670204,1.3512166672780106
262.93460747819324,1.351286407222454
262.9546085893661,1.351355975935145
262.9746097005389,1.3514253733821722
262.99461081171177,1.3514945995297092
263.0146119228846,1.351563654344012
263.03461303405743,1.3516325377914198
263.0546141452303,1.3517012498383567
263.07461525640315,1.3517697904513293
263.094616367576,1.351838159596928
263.1146174787488,1.3519063572418266
263.1346185899217,1.3519743833527829
263.15461970109453,1.3520422378966384
263.17462081226734,1.3521099208403171
263.1946219234402,1.3521774321508286
263.21462303461306,1.3522447717952644
263.23462414578586,1.3523119397407999
263.2546252569587,1.3523789359546958
263.2746263681316,1.3524457604042943
263.29462747930444,1.352512413057023
263.31462859047724,1.3525788938803918
263.3346297016501,1.3526452028419962
263.35463081282296,1.3527113399095136
263.37463192399576,1.3527773050507066
263.3946330351686,1.3528430982334205
263.4146341463415,1.3529087194255855
263.4346352575143,1.3529741685952144
263.45463636868715,1.353039445710405
263.47463747986,1.3531045507393382
263.49463859103287,1.3531694836502797
263.51463970220567,1.3532342444115775
263.53464081337853,1.3532988329916653
263.5546419245514,1.3533632493590597
263.5746430357242,1.353427493482361
263.59464414689705,1.3534915653302546
263.6146452580699,1.3535554648715087
263.6346463692427,1.353619192074976
263.6546474804156,1.3536827469095938
263.67464859158844,1.353746129344382
263.6946497027613,1.3538093393484458
263.7146508139341,1.3538723768909737
263.73465192510696,1.353935241941239
263.7546530362798,1.3539979344685982
263.7746541474526,1.3540604544424923
263.7946552586255,1.354122801832447
263.81465636979834,1.354184976608071
263.83465748097115,1.3542469787390576
263.854658592144,1.354308808195185
263.87465970331687,1.3543704649463146
263.8946608144897,1.3544319489623922
263.91466192566253,1.3544932602134478
263.9346630368354,1.3545543986695963
263.95466414800825,1.3546153643010355
263.97466525918105,1.3546761570780486
263.9946663703539,1.3547367769710026
264.01466748152677,1.354797223950349
264.03466859269963,1.3548574979866228
264.05466970387243,1.3549175990504445
264.0746708150453,1.3549775271125182
264.09467192621815,1.3550372821436325
264.11467303739096,1.35509686411466
264.1346741485638,1.355156272996558
264.1546752597367,1.3552155087603683
264.1746763709095,1.3552745713772167
264.19467748208234,1.355333460818314
264.2146785932552,1.3553921770549548
264.23467970442806,1.3554507200585182
264.25468081560086,1.3555090898004676
264.2746819267737,1.3555672862523518
264.2946830379466,1.355625309385803
264.3146841491194,1.3556831591725385
264.33468526029225,1.3557408355843594
264.3546863714651,1.3557983385931527
264.3746874826379,1.355855668170888
264.39468859381077,1.3559128242896212
264.41468970498363,1.3559698069214916
264.4346908161565,1.356026616038724
264.4546919273293,1.3560832516136263
264.47469303850215,1.3561397136185929
264.494694149675,1.3561960020261012
264.5146952608478,1.356252116808714
264.5346963720207,1.3563080579390792
264.55469748319354,1.3563638253899277
264.57469859436634,1.356419419134077
264.5946997055392,1.356474839144428
264.61470081671206,1.3565300853939666
264.6347019278849,1.3565851578557635
264.6547030390577,1.3566400565029741
264.6747041502306,1.3566947813088386
264.69470526140344,1.356749332246682
264.71470637257625,1.356803709289913
264.7347074837491,1.356857912412027
264.75470859492196,1.3569119415866027
264.77470970609477,1.3569657967873037
264.7947108172676,1.357019477987879
264.8147119284405,1.3570729851621626
264.83471303961335,1.357126318284072
264.85471415078615,1.357179477327611
264.874715261959,1.3572324622668672
264.89471637313187,1.3572852730760139
264.9147174843047,1.3573379097293086
264.93471859547753,1.3573903722010943
264.9547197066504,1.3574426604657983
264.9747208178232,1.3574947744979333
264.99472192899606,1.3575467142720967
265.0147230401689,1.3575984797629705
265.0347241513418,1.3576500709453228
265.0547252625146,1.357701487794005
265.07472637368744,1.3577527302839552
265.0947274848603,1.357803798390195
265.1147285960331,1.3578546920878318
265.13472970720596,1.3579054113520583
265.1547308183788,1.3579559561581513
265.1747319295516,1.3580063264814735
265.1947330407245,1.3580565222974719
265.21473415189735,1.3581065435816795
265.2347352630702,1.3581563903097131
265.254736374243,1.358206062457276
265.27473748541587,1.3582555600001553
265.29473859658873,1.3583048829142246
265.31473970776153,1.358354031175441
265.3347408189344,1.358403004759848
265.35474193010725,1.358451803643574
265.37474304128006,1.3585004278028319
265.3947441524529,1.3585488772139205
265.4147452636258,1.3585971518532234
265.43474637479864,1.3586452516972098
265.45474748597144,1.3586931767224335
265.4747485971443,1.3587409269055342
265.49474970831716,1.358788502223236
265.51475081948996,1.3588359026523489
265.5347519306628,1.358883128169768
265.5547530418357,1.3589301787524737
265.5747541530085,1.358977054377531
265.59475526418134,1.3590237550220914
265.6147563753542,1.3590702806633908
265.63475748652706,1.3591166312787508
265.65475859769987,1.3591628068455777
265.6747597088727,1.3592088073413642
265.6947608200456,1.3592546327436872
265.7147619312184,1.3593002830302099
265.73476304239125,1.35934575817868
265.7547641535641,1.3593910581669315
265.7747652647369,1.359436182972883
265.7947663759098,1.3594811325745386
265.81476748708263,1.3595259069499885
265.8347685982555,1.3595705060774073
265.8547697094283,1.3596149299350555
265.87477082060116,1.3596591785012793
265.894771931774,1.35970325175451
265.9147730429468,1.3597471496732645
265.9347741541197,1.3597908722361451
265.95477526529254,1.3598344194218395
265.97477637646534,1.359877791209121
265.9947774876382,1.3599209875768483
266.01477859881106,1.3599640085039661
266.0347797099839,1.3600068539695036
266.0547808211567,1.3600495239525765
266.0747819323296,1.3600920184323853
266.09478304350245,1.3601343373882169
266.11478415467525,1.3601764807994428
266.1347852658481,1.3602184486455209
266.15478637702097,1.360260240905994
266.1747874881938,1.360301857560491
266.19478859936663,1.3603432985887263
266.2147897105395,1.3603845639704994
266.23479082171235,1.3604256536856962
266.25479193288515,1.3604665677142878
266.274793044058,1.3605073060363306
266.2947941552309,1.3605478686319676
266.3147952664037,1.3605882554814264
266.33479637757654,1.360628466565021
266.3547974887494,1.3606685018631508
266.3747985999222,1.3607083613563007
266.39479971109506,1.360748045025042
266.4148008222679,1.3607875528500308
266.4348019334408,1.3608268848120098
266.4548030446136,1.360866040891806
266.47480415578644,1.3609050210703342
266.4948052669593,1.360943825328593
266.5148063781321,1.3609824536476678
266.53480748930497,1.3610209060087297
266.5548086004778,1.3610591823930354
266.57480971165063,1.3610972827819272
266.5948108228235,1.3611352071568334
266.61481193399635,1.3611729554992684
266.6348130451692,1.3612105277908317
266.654814156342,1.3612479240132092
266.6748152675149,1.361285144148172
266.69481637868773,1.3613221881775779
266.71481748986054,1.3613590560833697
266.7348186010334,1.361395747847577
266.75481971220626,1.3614322634523144
266.77482082337906,1.3614686028797824
266.7948219345519,1.361504766112268
266.8148230457248,1.3615407531321433
266.83482415689764,1.3615765639218673
266.85482526807044,1.3616121984639837
266.8748263792433,1.3616476567411233
266.89482749041616,1.3616829387360019
266.91482860158897,1.3617180444314214
266.9348297127618,1.3617529738102703
266.9548308239347,1.3617877268555225
266.9748319351075,1.3618223035502373
266.99483304628035,1.3618567038775613
267.0148341574532,1.3618909278207258
267.03483526862607,1.3619249753630491
267.05483637979887,1.3619588464879344
267.07483749097173,1.3619925411788723
267.0948386021446,1.3620260594194376
267.1148397133174,1.3620594011932927
267.13484082449025,1.3620925664841856
267.1548419356631,1.3621255552759497
267.1748430468359,1.362158367552505
267.1948441580088,1.3621910032978577
267.21484526918164,1.3622234624960994
267.2348463803545,1.3622557451314083
267.2548474915273,1.3622878511880483
267.27484860270016,1.36231978065037
267.294849713873,1.362351533502809
267.3148508250458,1.3623831097298882
267.3348519362187,1.3624145093162157
267.35485304739154,1.362445732246486
267.37485415856435,1.36247677850548
267.3948552697372,1.3625076480780645
267.41485638091007,1.3625383409491918
267.4348574920829,1.3625688571039016
267.45485860325573,1.3625991965273183
267.4748597144286,1.3626293592046541
267.49486082560145,1.3626593451212057
267.51486193677425,1.362689154262357
267.5348630479471,1.3627187866135775
267.55486415912,1.3627482421604238
267.5748652702928,1.362777520888537
267.59486638146564,1.3628066227836466
267.6148674926385,1.3628355478315664
267.63486860381136,1.3628642960181974
267.65486971498416,1.362892867329526
267.674870826157,1.362921261751626
267.6948719373299,1.3629494792706565
267.7148730485027,1.3629775198728629
267.73487415967554,1.3630053835445772
267.7548752708484,1.3630330702722178
267.7748763820212,1.3630605800422884
267.79487749319406,1.36308791284138
267.8148786043669,1.3631150686561693
267.8348797155398,1.3631420474734197
267.8548808267126,1.36316884927998
267.87488193788545,1.3631954740627865
267.8948830490583,1.3632219218088608
267.9148841602311,1.3632481925053113
267.93488527140397,1.3632742861393323
267.95488638257683,1.363300202698205
267.97488749374963,1.3633259421692965
267.9948886049225,1.3633515045400604
268.01488971609535,1.3633768897980363
268.0348908272682,1.3634020979308503
268.054891938441,1.363427128926215
268.0748930496139,1.3634519827719294
268.09489416078674,1.3634766594558785
268.11489527195954,1.363501158966034
268.1348963831324,1.3635254812904536
268.15489749430526,1.363549626417282
268.17489860547806,1.3635735943347491
268.1948997166509,1.3635973850311727
268.2149008278238,1.3636209984949557
268.23490193899664,1.3636444347145884
268.25490305016945,1.3636676936786465
268.2749041613423,1.3636907753757928
268.29490527251517,1.3637136797947762
268.31490638368797,1.3637364069244324
268.33490749486083,1.3637589567536832
268.3549086060337,1.3637813292715366
268.3749097172065,1.3638035244670874
268.39491082837935,1.363825542329517
268.4149119395522,1.3638473828480926
268.4349130507251,1.3638690460121685
268.4549141618979,1.363890531811185
268.47491527307074,1.3639118402346688
268.4949163842436,1.3639329712722337
268.5149174954164,1.3639539249135793
268.53491860658926,1.363974701148492
268.5549197177621,1.3639952999668445
268.574920828935,1.3640157213585962
268.5949219401078,1.3640359653137928
268.61492305128064,1.3640560318225665
268.6349241624535,1.3640759208751363
268.6549252736263,1.364095632461807
268.67492638479916,1.3641151665729707
268.694927495972,1.3641345231991056
268.7149286071448,1.3641537023307762
268.7349297183177,1.364172703958634
268.75493082949055,1.364191528073417
268.7749319406634,1.364210174665949
268.7949330518362,1.3642286437271411
268.81493416300907,1.3642469352479911
268.83493527418193,1.3642650492195827
268.85493638535473,1.364282985633086
268.8749374965276,1.3643007444797588
268.89493860770045,1.364318325750944
268.91493971887326,1.3643357294380718
268.9349408300461,1.3643529555326595
268.954941941219,1.3643700040263096
268.97494305239184,1.3643868749107126
268.99494416356464,1.3644035681776447
269.0149452747375,1.3644200838189686
269.03494638591036,1.3644364218266345
269.05494749708316,1.364452582192678
269.074948608256,1.364468564909222
269.0949497194289,1.3644843699684763
269.1149508306017,1.364499997362736
269.13495194177455,1.3645154470843845
269.1549530529474,1.3645307191258904
269.17495416412027,1.3645458134798099
269.19495527529307,1.3645607301387848
269.21495638646593,1.3645754690955445
269.2349574976388,1.3645900303429046
269.2549586088116,1.3646044138737672
269.27495971998445,1.3646186196811212
269.2949608311573,1.3646326477580424
269.3149619423301,1.3646464980976925
269.334963053503,1.3646601706933204
269.35496416467583,1.3646736655382614
269.3749652758487,1.3646869826259378
269.3949663870215,1.3647001219498582
269.41496749819436,1.3647130835036179
269.4349686093672,1.3647258672808986
269.45496972054,1.3647384732754695
269.4749708317129,1.3647509014811856
269.49497194288574,1.364763151891989
269.51497305405854,1.3647752245019082
269.5349741652314,1.3647871193050585
269.55497527640426,1.364798836295642
269.5749763875771,1.3648103754679473
269.5949774987499,1.3648217368163496
269.6149786099228,1.3648329203353111
269.63497972109565,1.3648439260193803
269.65498083226845,1.3648547538631925
269.6749819434413,1.3648654038614703
269.69498305461417,1.3648758760090218
269.714984165787,1.3648861703007429
269.73498527695983,1.3648962867316152
269.7549863881327,1.3649062252967081
269.77498749930555,1.3649159859911768
269.79498861047836,1.3649255688102635
269.8149897216512,1.3649349737492973
269.8349908328241,1.3649442008036938
269.8549919439969,1.3649532499689552
269.87499305516974,1.3649621212406708
269.8949941663426,1.3649708146145163
269.9149952775154,1.3649793300862538
269.93499638868826,1.3649876676517332
269.9549974998611,1.3649958273068898
269.974998611034,1.3650038090477465
269.9949997222068,1.3650116128704126
270.01500083337964,1.3650192387710844
270.0350019445525,1.3650266867460445
270.0550030557253,1.3650339567916625
270.07500416689817,1.3650410489043947
270.095005278071,1.365047963080784
270.11500638924383,1.3650546993174602
270.1350075004167,1.3650612576111398
270.15500861158955,1.3650676379586262
270.1750097227624,1.365073840356809
270.1950108339352,1.365079864802665
270.2150119451081,1.3650857112932577
270.23501305628093,1.3650913798257374
270.25501416745374,1.3650968703973407
270.2750152786266,1.3651021830053915
270.29501638979946,1.3651073176473
270.31501750097226,1.3651122743205637
270.3350186121451,1.3651170530227663
270.355019723318,1.3651216537515785
270.37502083449084,1.3651260765047577
270.39502194566364,1.3651303212801478
270.4150230568365,1.3651343880756803
270.43502416800936,1.3651382768893723
270.45502527918217,1.3651419877193285
270.475026390355,1.3651455205637402
270.4950275015279,1.3651488754208851
270.5150286127007,1.365152052289128
270.53502972387355,1.3651550511669206
270.5550308350464,1.3651578720528006
270.57503194621927,1.3651605149453934
270.5950330573921,1.3651629798434106
270.61503416856493,1.3651652667456506
270.6350352797378,1.3651673756509988
270.6550363909106,1.3651693065584274
270.67503750208346,1.3651710594669948
270.6950386132563,1.3651726343758468
270.7150397244291,1.3651740312842158
270.735040835602,1.3651752501914207
270.75504194677484,1.3651762910968674
270.7750430579477,1.3651771540000488
270.7950441691205,1.3651778389005438
270.81504528029336,1.3651783457980189
270.8350463914662,1.3651786746922268
270.855047502639,1.3651788255830073
270.8750486138119,1.365178798470287
270.89504972498474,1.3651785933540788
270.91505083615755,1.3651782102344827
270.9350519473304,1.3651776491116858
270.95505305850327,1.3651769099859612
270.9750541696761,1.3651759928576697
270.99505528084893,1.3651748977272578
271.0150563920218,1.3651736245952595
271.03505750319465,1.3651721734622955
271.05505861436745,1.3651705443290731
271.0750597255403,1.3651687371963863
271.0950608367132,1.365166752065116
271.115061947886,1.36516458893623
271.13506305905884,1.3651622478107825
271.1550641702317,1.3651597286899149
271.17506528140456,1.3651570315748547
271.19506639257736,1.365154156466917
271.2150675037502,1.365151103367503
271.2350686149231,1.3651478722781012
271.2550697260959,1.3651444632002863
271.27507083726874,1.36514087613572
271.2950719484416,1.365137111086151
271.3150730596144,1.3651331680534144
271.33507417078727,1.3651290470394322
271.3550752819601,1.3651247480462132
271.375076393133,1.365120271075853
271.3950775043058,1.3651156161305336
271.41507861547865,1.3651107832125242
271.4350797266515,1.3651057723241806
271.4550808378243,1.3651005834679453
271.4750819489972,1.3650952166463475
271.49508306017003,1.3650896718620031
271.51508417134283,1.3650839491176152
271.5350852825157,1.365078048415973
271.55508639368855,1.3650719697599532
271.5750875048614,1.365065713152518
271.5950886160342,1.3650592785967177
271.6150897272071,1.3650526660956888
271.63509083837994,1.3650458756526542
271.65509194955274,1.3650389072709241
271.6750930607256,1.3650317609538951
271.69509417189846,1.3650244367050508
271.71509528307126,1.365016934527961
271.7350963942441,1.3650092544262826
271.755097505417,1.3650013964037595
271.77509861658984,1.364993360464222
271.79509972776265,1.3649851466115868
271.8151008389355,1.364976754849858
271.83510195010837,1.364968185183126
271.85510306128117,1.3649594376155678
271.87510417245403,1.3649505121514478
271.8951052836269,1.3649414087951164
271.9151063947997,1.364932127551011
271.93510750597255,1.3649226684236553
271.9551086171454,1.3649130314176605
271.9751097283183,1.3649032165377242
271.9951108394911,1.3648932237886302
272.01511195066394,1.3648830531752496
272.0351130618368,1.36487270470254
272.0551141730096,1.3648621783755455
272.07511528418246,1.3648514741993973
272.0951163953553,1.3648405921793128
272.1151175065281,1.3648295323205968
272.135118617701,1.3648182946286398
272.15511972887384,1.3648068791089196
272.1751208400467,1.3647952857670012
272.1951219512195,1.364783514608535
272.21512306239237,1.364771565639259
272.2351241735652,1.3647594388649975
272.255125284738,1.3647471342916622
272.2751263959109,1.3647346519252501
272.29512750708375,1.3647219917718458
272.31512861825655,1.3647091538376208
272.3351297294294,1.3646961381288325
272.35513084060227,1.3646829446518254
272.37513195177513,1.3646695734130305
272.39513306294793,1.3646560244189656
272.4151341741208,1.3646422976762347
272.43513528529365,1.3646283931915295
272.45513639646646,1.3646143109716269
272.4751375076393,1.3646000510233915
272.4951386188122,1.3645856133537744
272.515139729985,1.3645709979698126
272.53514084115784,1.3645562048786308
272.5551419523307,1.3645412340874394
272.57514306350356,1.364526085603536
272.59514417467636,1.3645107594343044
272.6151452858492,1.3644952555872154
272.6351463970221,1.3644795740698261
272.6551475081949,1.3644637148897807
272.67514861936775,1.364447678054809
272.6951497305406,1.3644314635727286
272.7151508417134,1.3644150714514427
272.73515195288627,1.3643985016989417
272.75515306405913,1.3643817543233023
272.775154175232,1.3643648293326882
272.7951552864048,1.364347726735349
272.81515639757765,1.3643304465396213
272.8351575087505,1.3643129887539283
272.8551586199233,1.3642953533867794
272.8751597310962,1.364277540446771
272.89516084226904,1.364259549942586
272.91516195344184,1.3642413818829937
272.9351630646147,1.36422303627685
272.95516417578756,1.3642045131330969
272.9751652869604,1.3641858124607635
272.9951663981332,1.3641669342689657
273.0151675093061,1.3641478785669052
273.03516862047894,1.3641286453638708
273.05516973165174,1.3641092346692372
273.0751708428246,1.3640896464924663
273.09517195399746,1.364069880843106
273.1151730651703,1.3640499377307909
273.1351741763431,1.3640298171652425
273.155175287516,1.364009519156268
273.17517639868885,1.3639890437137614
273.19517750986165,1.3639683908477036
273.2151786210345,1.3639475605681617
273.23517973220737,1.3639265528852889
273.2551808433802,1.3639053678093258
273.27518195455303,1.3638840053505983
273.2951830657259,1.3638624655195195
273.31518417689875,1.3638407483265893
273.33518528807156,1.363818853782393
273.3551863992444,1.3637967818976031
273.3751875104173,1.3637745326829784
273.3951886215901,1.3637521061493643
273.41518973276294,1.363729502307692
273.4351908439358,1.3637067211689797
273.4551919551086,1.3636837627443321
273.47519306628146,1.36366062704494
273.4951941774543,1.3636373140820808
273.5151952886272,1.3636138238671178
273.5351963998,1.3635901564115016
273.55519751097285,1.3635663117267685
273.5751986221457,1.3635422898245415
273.5951997333185,1.3635180907165299
273.61520084449137,1.363493714414529
273.63520195566423,1.3634691609304213
273.65520306683703,1.363444430276175
273.6752041780099,1.3634195224638448
273.69520528918275,1.3633944375055718
273.7152064003556,1.3633691754135837
273.7352075115284,1.3633437362001943
273.7552086227013,1.3633181198778033
273.77520973387414,1.3632923264588976
273.79521084504694,1.3632663559560498
273.8152119562198,1.3632402083819193
273.83521306739266,1.3632138837492511
273.85521417856546,1.363187382070877
273.8752152897383,1.3631607033597155
273.8952164009112,1.3631338476287704
273.91521751208404,1.3631068148911325
273.93521862325684,1.3630796051599787
273.9552197344297,1.3630522184485723
273.97522084560256,1.3630246547702625
273.99522195677537,1.362996914138485
274.0152230679482,1.362968996566762
274.0352241791211,1.3629409020687013
274.0552252902939,1.3629126306579977
274.07522640146675,1.362884182348432
274.0952275126396,1.3628555571538703
274.11522862381247,1.3628267550882667
274.1352297349853,1.36279777616566
274.15523084615813,1.3627686204001759
274.175231957331,1.3627392878060258
274.1952330685038,1.3627097783975084
274.21523417967666,1.362680092189007
274.2352352908495,1.3626502291949925
274.2552364020223,1.362620189430021
274.2752375131952,1.3625899729087354
274.29523862436804,1.3625595796458643
274.3152397355409,1.3625290096562228
274.3352408467137,1.3624982629547118
274.35524195788656,1.3624673395563187
274.3752430690594,1.362436239476117
274.3952441802322,1.362404962729266
274.4152452914051,1.3623735093310112
274.43524640257795,1.3623418792966846
274.45524751375075,1.3623100726417037
274.4752486249236,1.3622780893815725
274.49524973609647,1.362245929531881
274.51525084726933,1.3622135931083053
274.53525195844213,1.3621810801266077
274.555253069615,1.3621483906026361
274.57525418078785,1.3621155245523249
274.59525529196065,1.3620824819916943
274.6152564031335,1.3620492629368508
274.6352575143064,1.3620158674039864
274.6552586254792,1.3619822954093799
274.67525973665204,1.3619485469693955
274.6952608478249,1.3619146221004836
274.71526195899776,1.3618805208191807
274.73526307017056,1.361846243142109
274.7552641813434,1.3618117890859773
274.7752652925163,1.3617771586675795
274.7952664036891,1.3617423519037961
274.81526751486194,1.3617073688115933
274.8352686260348,1.3616722094080234
274.8552697372076,1.361636873710225
274.87527084838047,1.3616013617354212
274.8952719595533,1.361565673500923
274.9152730707262,1.3615298090241257
274.935274181899,1.3614937683225115
274.95527529307185,1.3614575514136482
274.9752764042447,1.361421158315189
274.9952775154175,1.361384589044874
275.0152786265904,1.3613478436205282
275.03527973776323,1.361310922060063
275.05528084893604,1.3612738243814755
275.0752819601089,1.3612365506028488
275.09528307128176,1.3611991007423514
275.1152841824546,1.3611614748182381
275.1352852936274,1.3611236728488496
275.1552864048003,1.3610856948526115
275.17528751597314,1.3610475408480367
275.19528862714594,1.3610092108537226
275.2152897383188,1.360970704888353
275.23529084949166,1.360932022970697
275.25529196066447,1.3608931651196103
275.2752930718373,1.3608541313540334
275.2952941830102,1.3608149216929932
275.31529529418304,1.3607755361556022
275.33529640535585,1.3607359747610586
275.3552975165287,1.360696237528646
275.37529862770157,1.360656324477734
275.39529973887437,1.3606162356277784
275.41530085004723,1.3605759709983198
275.4353019612201,1.3605355306089848
275.4553030723929,1.3604949144794862
275.47530418356575,1.3604541226296214
275.4953052947386,1.3604131550792742
275.5153064059115,1.3603720118484142
275.5353075170843,1.3603306929570964
275.55530862825714,1.3602891984254608
275.57530973943,1.360247528273734
275.5953108506028,1.360205682522228
275.61531196177566,1.3601636611913397
275.6353130729485,1.3601214643015522
275.6553141841213,1.360079091873434
275.6753152952942,1.3600365439276396
275.69531640646704,1.359993820484908
275.7153175176399,1.359950921566065
275.7353186288127,1.359907847192021
275.75531973998557,1.3598645973837724
275.7753208511584,1.3598211721624007
275.79532196233123,1.3597775715490736
275.8153230735041,1.3597337955650437
275.83532418467695,1.359689844231649
275.85532529584975,1.3596457175703136
275.8753264070226,1.3596014156025464
275.8953275181955,1.3595569383499424
275.91532862936833,1.3595122858341813
275.93532974054114,1.3594674580770287
275.955330851714,1.3594224551003358
275.97533196288686,1.3593772769260386
275.99533307405966,1.359331923576159
276.0153341852325,1.3592863950728042
276.0353352964054,1.3592406914381663
276.0553364075782,1.359194812694524
276.07533751875104,1.3591487588642395
276.0953386299239,1.359102529969762
276.11533974109676,1.3590561260336254
276.13534085226956,1.3590095470784487
276.1553419634424,1.3589627931269368
276.1753430746153,1.358915864201879
276.1953441857881,1.3588687603261511
276.21534529696095,1.3588214815227126
276.2353464081338,1.35877402781461
276.2553475193066,1.3587263992249743
276.27534863047947,1.3586785957770209
276.29534974165233,1.3586306174940515
276.3153508528252,1.358582464399453
276.335351963998,1.3585341365166972
276.35535307517085,1.358485633869341
276.3753541863437,1.3584369564810266
276.3953552975165,1.3583881043754817
276.4153564086894,1.3583390775765183
276.43535751986224,1.3582898761080344
276.45535863103504,1.3582404999940132
276.4753597422079,1.3581909492585225
276.49536085338076,1.3581412239257151
276.5153619645536,1.3580913240198291
276.5353630757264,1.3580412495651888
276.5553641868993,1.3579910005862017
276.57536529807214,1.3579405771073614
276.59536640924495,1.3578899791532466
276.6153675204178,1.3578392067485208
276.63536863159067,1.3577882599179325
276.65536974276347,1.3577371386863157
276.67537085393633,1.3576858430785885
276.6953719651092,1.3576343731197549
276.71537307628205,1.3575827288349034
276.73537418745485,1.3575309102492077
276.7553752986277,1.357478917387926
276.7753764098006,1.3574267502764021
276.7953775209734,1.3573744089400646
276.81537863214623,1.3573218934044267
276.8353797433191,1.3572692036950864
276.8553808544919,1.3572163398377275
276.87538196566476,1.3571633018581175
276.8953830768376,1.3571100897821093
276.9153841880105,1.3570567036356413
276.9353852991833,1.3570031434447356
276.95538641035614,1.3569494092355
276.975387521529,1.3568955010341266
276.9953886327018,1.3568414188668927
277.01538974387466,1.35678716276016
277.0353908550475,1.3567327327403755
277.0553919662203,1.3566781288340704
277.0753930773932,1.356623351067861
277.09539418856605,1.3565683994684483
277.1153952997389,1.356513274062618
277.1353964109117,1.356457974877241
277.15539752208457,1.3564025019392716
277.17539863325743,1.3563468552757503
277.19539974443023,1.3562910349138013
277.2154008556031,1.356235040880634
277.23540196677595,1.356178873203542
277.25540307794876,1.3561225319099042
277.2754041891216,1.3560660170271832
277.2954053002945,1.3560093285829269
277.31540641146734,1.3559524666047678
277.33540752264014,1.3558954311204228
277.355408633813,1.355838222157693
277.37540974498586,1.355780839744465
277.39541085615866,1.3557232839087092
277.4154119673315,1.3556655546784806
277.4354130785044,1.355607652081919
277.4554141896772,1.3555495761472482
277.47541530085005,1.3554913269027775
277.4954164120229,1.3554329043768993
277.51541752319577,1.3553743085980918
277.53541863436857,1.3553155395949168
277.5554197455414,1.355256597396021
277.5754208567143,1.3551974820301347
277.5954219678871,1.3551381935260738
277.61542307905995,1.3550787319127378
277.6354241902328,1.3550190972191107
277.65542530140567,1.354959289474261
277.6754264125785,1.354899308707342
277.69542752375133,1.35483915494759
277.7154286349242,1.354778828224327
277.735429746097,1.3547183285669586
277.75543085726986,1.354657656004975
277.7754319684427,1.3545968105679504
277.7954330796155,1.3545357922855437
277.8154341907884,1.3544746011874975
277.83543530196124,1.354413237303639
277.8554364131341,1.3543517006638794
277.8754375243069,1.3542899912982147
277.89543863547976,1.354228109236724
277.9154397466526,1.3541660545095715
277.9354408578254,1.3541038271470056
277.9554419689983,1.3540414271793582
277.97544308017115,1.3539788546370455
277.99544419134395,1.3539161095505683
278.0154453025168,1.353853191950511
278.03544641368967,1.3537901018675425
278.05544752486253,1.353726839332415
278.07544863603533,1.3536634043759666
278.0954497472082,1.3535997970291165
278.11545085838105,1.3535360173228708
278.13545196955386,1.3534720652883179
278.1554530807267,1.3534079409566309
278.1754541918996,1.3533436443590663
278.1954553030724,1.3532791755269655
278.21545641424524,1.353214534491753
278.2354575254181,1.353149721284938
278.25545863659096,1.3530847359381122
278.27545974776376,1.3530195784829533
278.2954608589366,1.3529542489512212
278.3154619701095,1.3528887473747602
278.3354630812823,1.352823073785499
278.35546419245514,1.352757228215449
278.375465303628,1.3526912106967064
278.3954664148008,1.352625021261451
278.41546752597367,1.3525586599419464
278.4354686371465,1.3524921267705394
278.4554697483194,1.3524254217796619
278.4754708594922,1.3523585450018278
278.49547197066505,1.3522914964696364
278.5154730818379,1.3522242762157695
278.5354741930107,1.3521568842729934
278.5554753041836,1.3520893206741573
278.57547641535643,1.352021585452195
278.59547752652924,1.3519536786401234
278.6154786377021,1.3518856002710429
278.63547974887496,1.3518173503781379
278.6554808600478,1.3517489289946765
278.6754819712206,1.3516803361540097
278.6954830823935,1.3516115718895727
278.71548419356634,1.3515426362348844
278.73548530473914,1.3514735292235465
278.755486415912,1.351404250889245
278.77548752708486,1.3513348012657487
278.79548863825767,1.351265180386911
278.8154897494305,1.351195388286667
278.8354908606034,1.351125424999037
278.85549197177625,1.3510552905581235
278.87549308294905,1.350984984998114
278.8954941941219,1.3509145083532772
278.91549530529477,1.3508438606579674
278.9354964164676,1.3507730419466204
278.95549752764043,1.3507020522537567
278.9754986388133,1.3506308916139793
278.9954997499861,1.3505595600619755
279.01550086115896,1.3504880576325147
279.0355019723318,1.3504163843604504
279.0555030835047,1.3503445402807193
279.0755041946775,1.350272525428341
279.09550530585034,1.3502003398384186
279.1155064170232,1.3501279835461384
279.135507528196,1.3500554565867704
279.15550863936886,1.349982758995666
279.1755097505417,1.3499098908082625
279.1955108617145,1.3498368520600783
279.2155119728874,1.3497636427867155
279.23551308406024,1.3496902630238592
279.2555141952331,1.3496167128072782
279.2755153064059,1.3495429921728237
279.29551641757877,1.3494691011564304
279.3155175287516,1.3493950397941157
279.33551863992443,1.3493208081219805
279.3555197510973,1.349246406176208
279.37552086227015,1.349171833993065
279.39552197344295,1.3490970916089018
279.4155230846158,1.3490221790601498
279.4355241957887,1.3489470963833252
279.45552530696153,1.3488718436150262
279.47552641813434,1.348796420791935
279.4955275293072,1.3487208279508145
279.51552864048006,1.3486450651285127
279.53552975165286,1.3485691323619595
279.5555308628257,1.3484930296881674
279.5755319739986,1.3484167571442323
279.5955330851714,1.3483403147673327
279.61553419634424,1.3482637025947295
279.6355353075171,1.3481869206637669
279.65553641868996,1.3481099690118716
279.67553752986277,1.3480328476765535
279.6955386410356,1.347955556695404
279.7155397522085,1.3478780961060983
279.7355408633813,1.3478004659463942
279.75554197455415,1.3477226662541317
279.775543085727,1.3476446970672336
279.7955441968998,1.3475665584237055
279.81554530807267,1.3474882503616352
279.83554641924553,1.3474097729191934
279.8555475304184,1.3473311261346335
279.8755486415912,1.3472523100462912
279.89554975276405,1.3471733246925848
279.9155508639369,1.3470941701120147
279.9355519751097,1.3470148463431648
279.9555530862826,1.3469353534247002
279.97555419745544,1.3468556913953693
279.99555530862824,1.3467758602940032
280.0155564198011,1.3466958601595143
280.03555753097396,1.3466156910308984
280.0555586421468,1.3465353529472328
280.0755597533196,1.3464548459476786
280.0955608644925,1.3463741700714773
280.11556197566534,1.3462933253579543
280.13556308683815,1.3462123118465166
280.155564198011,1.3461311295766534
280.17556530918387,1.3460497785879362
280.19556642035667,1.3459682589200197
280.21556753152953,1.345886570612639
280.2355686427024,1.3458047137056133
280.25556975387525,1.3457226882388422
280.27557086504805,1.3456404942523095
280.2955719762209,1.3455581317860787
280.3155730873938,1.3454756008802975
280.3355741985666,1.3453929015751953
280.35557530973944,1.3453100339110822
280.3755764209123,1.3452269979283522
280.3955775320851,1.34514379366748
280.41557864325796,1.3450604211690234
280.4355797544308,1.3449768804736206
280.4555808656037,1.3448931716219943
280.4755819767765,1.3448092946549468
280.49558308794934,1.3447252496133635
280.5155841991222,1.344641036538211
280.535585310295,1.3445566554705395
280.55558642146786,1.3444721064514784
280.5755875326407,1.3443873895222416
280.5955886438135,1.344302504724123
280.6155897549864,1.3442174520984993
280.63559086615925,1.3441322316868285
280.6555919773321,1.3440468435306507
280.6755930885049,1.3439612876715883
280.69559419967777,1.3438755641513438
280.71559531085063,1.3437896730117032
280.73559642202343,1.343703614294533
280.7555975331963,1.3436173880417823
280.77559864436915,1.3435309942954805
280.79559975554196,1.3434444330977409
280.8156008667148,1.3433577044907556
280.8356019778877,1.343270808516801
280.85560308906054,1.343183745218233
280.87560420023334,1.3430965146374905
280.8956053114062,1.3430091168170928
280.91560642257906,1.3429215517996418
280.93560753375186,1.34283381962782
280.9556086449247,1.3427459203443917
280.9756097560976,1.3426578539922032
280.9956108672704,1.342569620614181
281.01561197844325,1.3424812202533347
281.0356130896161,1.3423926529527532
281.05561420078897,1.342303918755609
281.07561531196177,1.3422150177051544
281.09561642313463,1.3421259498447233
281.1156175343075,1.3420367152177313
281.1356186454803,1.3419473138676756
281.15561975665315,1.341857745838133
281.175620867826,1.3417680111727641
281.1956219789988,1.3416781099153083
281.2156230901717,1.341588042109588
281.23562420134454,1.3414978077995052
281.2556253125174,1.3414074070290443
281.2756264236902,1.341316839842271
281.29562753486306,1.3412261062833308
281.3156286460359,1.3411352063964512
281.3356297572087,1.3410441402259408
281.3556308683816,1.340952907816189
281.37563197955444,1.3408615092116662
281.39563309072724,1.3407699444569245
281.4156342019001,1.3406782135965953
281.43563531307296,1.340586316675393
281.4556364242458,1.3404942537381115
281.4756375354186,1.340402024829627
281.4956386465915,1.3403096299948942
281.51563975776435,1.3402170692789517
281.53564086893715,1.340124342726917
281.55564198011,1.3400314503839885
281.57564309128287,1.3399383922954462
281.5956442024557,1.3398451685066508
281.61564531362853,1.3397517790630429
281.6356464248014,1.3396582240101444
281.65564753597425,1.3395645033935588
281.67564864714706,1.3394706172589688
281.6956497583199,1.3393765656521388
281.7156508694928,1.3392823486189127
281.7356519806656,1.3391879662052173
281.75565309183844,1.339093418457057
281.7756542030113,1.3389987054205192
281.7956553141841,1.338903827141771
281.81565642535696,1.33880878366706
281.8356575365298,1.3387135750427137
281.8556586477027,1.3386182013151418
281.8756597588755,1.338522662530833
281.89566087004835,1.338426958736357
281.9156619812212,1.3383310899783636
281.935663092394,1.3382350563035839
281.95566420356687,1.3381388577588278
281.97566531473973,1.338042494390987
281.99566642591253,1.3379459662470337
282.0156675370854,1.3378492733740184
282.03566864825825,1.3377524158190746
282.0556697594311,1.3376553936294135
282.0756708706039,1.3375582068523293
282.0956719817768,1.3374608555351934
282.11567309294963,1.3373633397254598
282.13567420412244,1.3372656594706616
282.1556753152953,1.3371678148184123
282.17567642646816,1.3370698058164052
282.195677537641,1.3369716325124146
282.2156786488138,1.3368732949542936
282.2356797599867,1.3367747931899765
282.25568087115954,1.3366761272674772
282.27568198233234,1.3365772972348895
282.2956830935052,1.3364783031403875
282.31568420467806,1.3363791450322244
282.33568531585087,1.3362798229587352
282.3556864270237,1.3361803369683323
282.3756875381966,1.3360806871095103
282.39568864936945,1.3359808734308425
282.41568976054225,1.3358808959809825
282.4356908717151,1.3357807548086627
282.45569198288797,1.3356804499626969
282.4756930940608,1.3355799814919778
282.49569420523363,1.3354793494454777
282.5156953164065,1.335378553872249
282.5356964275793,1.335277594821424
282.55569753875216,1.3351764723422135
282.575698649925,1.3350751864839094
282.5956997610979,1.3349737372958832
282.6157008722707,1.3348721248275848
282.63570198344354,1.3347703491285445
282.6557030946164,1.3346684102483721
282.6757042057892,1.3345663082367574
282.69570531696206,1.3344640431434682
282.7157064281349,1.3343616150183535
282.7357075393077,1.3342590239113412
282.7557086504806,1.3341562698724378
282.77570976165345,1.3340533529517304
282.7957108728263,1.3339502731993853
282.8157119839991,1.3338470306656476
282.83571309517197,1.333743625400842
282.8557142063448,1.3336400574553722
282.87571531751763,1.3335363268797225
282.8957164286905,1.3334324337244547
282.91571753986335,1.333328378040211
282.93571865103615,1.3332241598777128
282.955719762209,1.3331197792877598
282.9757208733819,1.3330152363212322
282.99572198455473,1.3329105310290879
283.01572309572754,1.3328056634623655
283.0357242069004,1.3327006336721807
283.05572531807326,1.3325954417097305
283.07572642924606,1.3324900876262895
283.0957275404189,1.3323845714732117
283.1157286515918,1.3322788933019298
283.1357297627646,1.3321730531639566
283.15573087393744,1.332067051110882
283.1757319851103,1.3319608871943767
283.19573309628316,1.3318545614661887
283.21573420745597,1.3317480739781467
283.2357353186288,1.331641424782156
283.2557364298017,1.3315346139302022
283.2757375409745,1.3314276414743502
283.29573865214735,1.3313205074667418
283.3157397633202,1.3312132119595994
283.335740874493,1.331105755005223
283.3557419856659,1.3309981366559918
283.37574309683873,1.3308903569643629
283.3957442080116,1.3307824159828734
283.4157453191844,1.3306743137641381
283.43574643035726,1.3305660503608503
283.4557475415301,1.3304576258257823
283.4757486527029,1.330349040211785
283.4957497638758,1.330240293571787
283.51575087504864,1.3301313859587962
283.53575198622144,1.3300223174258994
283.5557530973943,1.3299130880262602
283.57575420856716,1.3298036978131225
283.59575531974,1.3296941468398065
283.6157564309128,1.3295844351597137
283.6357575420857,1.3294745628263203
283.65575865325854,1.329364529893184
283.67575976443135,1.329254336413939
283.6957608756042,1.3291439824422984
283.71576198677707,1.3290334680320526
283.73576309794987,1.3289227932370724
283.75576420912273,1.328811958111304
283.7757653202956,1.3287009627087738
283.79576643146845,1.3285898070835853
283.81576754264125,1.328478491289921
283.8357686538141,1.32836701538204
283.855769764987,1.3282553794142808
283.8757708761598,1.3281435834410602
283.89577198733264,1.3280316275168706
283.9157730985055,1.3279195116962854
283.9357742096783,1.3278072360339543
283.95577532085116,1.3276948005846048
283.975776432024,1.3275822054030426
283.9957775431969,1.327469450544152
284.0157786543697,1.3273565360628936
284.03577976554254,1.3272434620143074
284.0557808767154,1.3271302284535098
284.0757819878882,1.3270168354356966
284.09578309906107,1.326903283016139
284.1157842102339,1.326789571250188
284.13578532140673,1.3266757001932714
284.1557864325796,1.3265616699008949
284.17578754375245,1.326447480428641
284.1957886549253,1.326333131832171
284.2157897660981,1.3262186241672236
284.235790877271,1.3261039574896134
284.25579198844383,1.325989131855235
284.27579309961664,1.3258741473200586
284.2957942107895,1.3257590039401328
284.31579532196236,1.3256437017715827
284.33579643313516,1.3255282408706126
284.355797544308,1.3254126212935016
284.3757986554809,1.3252968430966086
284.39579976665374,1.325180906336368
284.41580087782654,1.325064811069293
284.4358019889994,1.3249485573519726
284.45580310017226,1.3248321452410743
284.47580421134506,1.3247155747933421
284.4958053225179,1.3245988460655969
284.5158064336908,1.3244819591147377
284.5358075448636,1.32436491399774
284.55580865603645,1.3242477107716566
284.5758097672093,1.3241303494936167
284.59581087838217,1.324012830220828
284.61581198955497,1.3238951530105738
284.63581310072783,1.323777317920215
284.6558142119007,1.323659325007189
284.6758153230735,1.3235411743290117
284.69581643424635,1.323422865943273
284.7158175454192,1.3233043999076428
284.735818656592,1.3231857762798658
284.7558197677649,1.323066995117764
284.77582087893774,1.3229480564792366
284.7958219901106,1.322828960422259
284.8158231012834,1.3227097070048845
284.83582421245626,1.3225902962852412
284.8558253236291,1.3224707283215353
284.8758264348019,1.3223510031720493
284.8958275459748,1.3222311208951423
284.91582865714764,1.3221110815492494
284.93582976832045,1.3219908851928839
284.9558308794933,1.3218705318846335
284.97583199066617,1.3217500216831641
284.995833101839,1.3216293546472169
285.01583421301183,1.3215085308356112
285.0358353241847,1.3213875503072399
285.05583643535755,1.3212664131210754
285.07583754653035,1.3211451193361645
285.0958386577032,1.3210236690116308
285.11583976887607,1.3209020622066743
285.1358408800489,1.3207802989805721
285.15584199122173,1.3206583793926754
285.1758431023946,1.3205363035024134
285.19584421356745,1.3204140713692913
285.21584532474026,1.3202916830528904
285.2358464359131,1.3201691386128673
285.255847547086,1.3200464381089552
285.2758486582588,1.3199235816009647
285.29584976943164,1.3198005691487795
285.3158508806045,1.3196774008123624
285.3358519917773,1.31955407665175
285.35585310295016,1.3194305967270563
285.375854214123,1.3193069610984698
285.3958553252959,1.3191831698262566
285.4158564364687,1.3190592229707572
285.43585754764155,1.318935120592389
285.4558586588144,1.3188108627516437
285.4758597699872,1.3186864495090913
285.49586088116007,1.3185618809253745
285.51586199233293,1.318437157061214
285.53586310350573,1.318312277977406
285.5558642146786,1.3181872437348205
285.57586532585145,1.3180620543944057
285.5958664370243,1.3179367100171833
285.6158675481971,1.317811210664252
285.63586865937,1.317685556396785
285.65586977054284,1.3175597472760319
285.67587088171564,1.317433783363317
285.6958719928885,1.3173076647200406
285.71587310406136,1.3171813914076775
285.73587421523416,1.3170549634877804
285.755875326407,1.3169283810219734
285.7758764375799,1.3168016440719592
285.79587754875274,1.3166747526995153
285.81587865992554,1.3165477069664928
285.8358797710984,1.3164205069348198
285.85588088227126,1.3162931526664985
285.87588199344407,1.3161656442236074
285.8958831046169,1.3160379816682983
285.9158842157898,1.3159101650628005
285.9358853269626,1.3157821944694166
285.95588643813545,1.3156540699505248
285.9758875493083,1.3155257915685783
285.99588866048117,1.315397359386106
286.015889771654,1.3152687734657107
286.03589088282683,1.3151400338700703
286.0558919939997,1.315011140661938
286.0758931051725,1.3148820939041428
286.09589421634536,1.3147528936595858
286.1158953275182,1.3146235399912454
286.135896438691,1.314494032962175
286.1558975498639,1.3143643726354999
286.17589866103674,1.3142345590744235
286.1958997722096,1.3141045923422214
286.2159008833824,1.313974472502246
286.23590199455526,1.3138441996179218
286.2559031057281,1.3137137737527502
286.2759042169009,1.313583194970306
286.2959053280738,1.3134524633342388
286.31590643924665,1.3133215789082722
286.33590755041945,1.313190541756206
286.3559086615923,1.3130593519419116
286.37590977276517,1.3129280095293376
286.39591088393803,1.3127965145825053
286.41591199511083,1.3126648671655117
286.4359131062837,1.312533067342526
286.45591421745655,1.3124011151777935
286.47591532862936,1.3122690107356338
286.4959164398022,1.3121367540804392
286.5159175509751,1.3120043452766779
286.5359186621479,1.3118717843888912
286.55591977332074,1.311739071481695
286.5759208844936,1.3116062066197784
286.59592199566646,1.3114731898679066
286.61592310683926,1.3113400212909168
286.6359242180121,1.311206700953721
286.655925329185,1.3110732289213047
286.6759264403578,1.3109396052587292
286.69592755153064,1.3108058300311265
286.7159286627035,1.3106719033037053
286.73592977387636,1.310537825141747
286.75593088504917,1.3104035956106073
286.775931996222,1.310269214775714
286.7959331073949,1.310134682702571
286.8159342185677,1.3099999994567555
286.83593532974055,1.3098651651039162
286.8559364409134,1.3097301797097782
286.8759375520862,1.3095950433401387
286.8959386632591,1.3094597560608685
286.91593977443193,1.3093243179379126
286.9359408856048,1.3091887290372894
286.9559419967776,1.3090529894250906
286.97594310795046,1.3089170991674812
286.9959442191233,1.3087810583306996
287.0159453302961,1.3086448669810589
287.035946441469,1.3085085251849427
287.05594755264184,1.3083720330088109
287.07594866381464,1.308235390519196
287.0959497749875,1.3080985977827018
287.11595088616036,1.307961654866008
287.1359519973332,1.3078245618358657
287.155953108506,1.307687318759101
287.1759542196789,1.30754992570261
287.19595533085175,1.3074123827333652
287.21595644202455,1.3072746899184104
287.2359575531974,1.3071368473248632
287.25595866437027,1.3069988550199132
287.2759597755431,1.3068607130708247
287.29596088671593,1.3067224215449327
287.3159619978888,1.306583980509647
287.33596310906165,1.3064453900324493
287.35596422023445,1.306306650180895
287.3759653314073,1.3061677610226108
287.3959664425802,1.3060287226252976
287.415967553753,1.305889535056729
287.43596866492584,1.30575019838475
287.4559697760987,1.3056107126772796
287.4759708872715,1.3054710780023093
287.49597199844436,1.3053312944279023
287.5159731096172,1.305191362022195
287.5359742207901,1.305051280853397
287.5559753319629,1.3049110509897892
287.57597644313574,1.3047706724997257
287.5959775543086,1.3046301454516325
287.6159786654814,1.3044894699140095
287.63597977665427,1.3043486459554263
287.6559808878271,1.3042076736445276
287.67598199899993,1.3040665530500286
287.6959831101728,1.3039252842407179
287.71598422134565,1.3037838672854551
287.7359853325185,1.3036423022531733
287.7559864436913,1.303500589212878
287.7759875548642,1.3033587282336443
287.79598866603703,1.303216719384623
287.81598977720984,1.3030745627350337
287.8359908883827,1.3029322583541707
287.85599199955556,1.3027898063113983
287.87599311072836,1.3026472066761543
287.8959942219012,1.302504459517947
287.9159953330741,1.3023615649063578
287.93599644424694,1.3022185229110392
287.95599755541974,1.302075333601717
287.9759986665926,1.301931997048186
287.99599977776546,1.3017885133203158
288.01600088893827,1.3016448824880458
288.0360020001111,1.3015011046213876
288.056003111284,1.3013571797904246
288.0760042224568,1.3012131080653124
288.09600533362965,1.3010688895162772
288.1160064448025,1.3009245242136167
288.13600755597537,1.3007800122277016
288.15600866714817,1.3006353536289725
288.17600977832103,1.300490548487942
288.1960108894939,1.3003455968751942
288.2160120006667,1.3002004988613856
288.23601311183955,1.3000552545172415
288.2560142230124,1.2999098639135611
288.2760153341852,1.2997643271212138
288.2960164453581,1.29961864421114
288.31601755653094,1.2994728152543515
288.3360186677038,1.299326840321932
288.3560197788766,1.2991807194850362
288.37602089004946,1.2990344528148883
288.3960220012223,1.2988880403827858
288.4160231123951,1.298741482260096
288.436024223568,1.2985947785182574
288.45602533474084,1.2984479292287794
288.47602644591365,1.2983009344632435
288.4960275570865,1.2981537942932992
288.51602866825937,1.2980065087906707
288.5360297794322,1.29785907802715
288.55603089060503,1.297711502074602
288.5760320017779,1.2975637810049603
288.59603311295075,1.2974159148902311
288.61603422412355,1.2972679038024904
288.6360353352964,1.2971197478138852
288.6560364464693,1.296971446996632
288.6760375576421,1.2968230014230206
288.69603866881494,1.2966744111654078
288.7160397799878,1.2965256762962234
288.73604089116066,1.2963767968879678
288.75604200233346,1.2962277730132103
288.7760431135063,1.2960786047445916
288.7960442246792,1.295929292154822
288.816045335852,1.295779835316684
288.83604644702484,1.2956302343030277
288.8560475581977,1.295480489186776
288.8760486693705,1.2953306000409206
288.89604978054336,1.2951805669385237
288.9160508917162,1.2950303899527174
288.9360520028891,1.2948800691567048
288.9560531140619,1.2947296046237586
288.97605422523475,1.2945789964272214
288.9960553364076,1.2944282446405055
289.0160564475804,1.2942773493370947
289.03605755875327,1.2941263105905403
289.05605866992613,1.2939751284744658
289.07605978109893,1.2938238030625644
289.0960608922718,1.293672334428597
289.11606200344465,1.2935207226463967
289.1360631146175,1.2933689677898648
289.1560642257903,1.2932170699329741
289.1760653369632,1.2930650291497647
289.19606644813604,1.2929128455143486
289.21606755930884,1.2927605191009062
289.2360686704817,1.2926080499836876
289.25606978165456,1.2924554382370126
289.27607089282736,1.2923026839352714
289.2960720040002,1.2921497871529215
289.3160731151731,1.291996747964492
289.33607422634594,1.291843566444581
289.35607533751875,1.2916902426678551
289.3760764486916,1.291536776709051
289.39607755986447,1.2913831686429738
289.41607867103727,1.2912294185445
289.43607978221013,1.2910755264885718
289.456080893383,1.2909214925502042
289.4760820045558,1.2907673168044795
289.49608311572865,1.2906129993265492
289.5160842269015,1.2904585401916338
289.5360853380744,1.290303939475024
289.5560864492472,1.2901491972520782
289.57608756042004,1.2899943135982244
289.5960886715929,1.289839288588959
289.6160897827657,1.2896841222998487
289.63609089393856,1.2895288148065265
289.6560920051114,1.289373366184697
289.6760931162842,1.2892177765101325
289.6960942274571,1.289062045858673
289.71609533862994,1.288906174306229
289.7360964498028,1.2887501619287782
289.7560975609756,1.2885940088023686
289.77609867214846,1.2884377150031143
289.7960997833213,1.2882812806072006
289.8161008944941,1.2881247056908802
289.836102005667,1.2879679903304737
289.85610311683985,1.2878111346023706
289.87610422801265,1.2876541385830302
289.8961053391855,1.2874970023489773
289.91610645035837,1.2873397259768082
289.93610756153123,1.2871823095431847
289.95610867270403,1.2870247531248398
289.9761097838769,1.2868670567985712
289.99611089504975,1.2867092206412476
290.01611200622256,1.286551244729806
290.0361131173954,1.2863931291412487
290.0561142285683,1.2862348739526492
290.0761153397411,1.286076479241147
290.09611645091394,1.2859179450839506
290.1161175620868,1.2857592715583361
290.13611867325966,1.2856004587416479
290.15611978443246,1.2854415067112979
290.1761208956053,1.285282415544766
290.1961220067782,1.2851231853195995
290.216123117951,1.284963816113415
290.23612422912385,1.2848043080038942
290.2561253402967,1.2846446610687894
290.2761264514695,1.2844848753859188
290.29612756264237,1.2843249510331685
290.31612867381523,1.2841648880884917
290.3361297849881,1.2840046866299109
290.3561308961609,1.2838443467355152
290.37613200733375,1.2836838684834597
290.3961331185066,1.2835232519519695
290.4161342296794,1.2833624972193352
290.4361353408523,1.2832016043639154
290.45613645202513,1.283040573464136
290.47613756319794,1.2828794045984913
290.4961386743708,1.2827180978455397
290.51613978554366,1.2825566532839108
290.5361408967165,1.282395070992298
290.5561420078893,1.282233351049465
290.5761431190622,1.2820714935342392
290.59614423023504,1.2819094985255173
290.61614534140784,1.2817473661022636
290.6361464525807,1.2815850963435063
290.65614756375356,1.281422689328344
290.67614867492637,1.2812601451359402
290.6961497860992,1.2810974638455257
290.7161508972721,1.280934645536398
290.73615200844495,1.280771690287922
290.75615311961775,1.280608598179529
290.7761542307906,1.2804453692907165
290.79615534196347,1.2802820037010492
290.8161564531363,1.280118501490159
290.83615756430913,1.2799548627377426
290.856158675482,1.2797910875235654
290.8761597866548,1.279627175927458
290.89616089782766,1.2794631280293176
290.9161620090005,1.279298943909108
290.9361631201734,1.2791346236468595
290.9561642313462,1.2789701673226697
290.97616534251904,1.2788055750166998
290.9961664536919,1.2786408468091803
291.0161675648647,1.2784759827804062
291.03616867603756,1.278310983010739
291.0561697872104,1.2781458475806065
291.0761708983832,1.2779805765705035
291.0961720095561,1.2778151700609885
291.11617312072894,1.277649628132689
291.1361742319018,1.277483950866296
291.1561753430746,1.277318138342569
291.17617645424747,1.27715219064233
291.1961775654203,1.2769861078464706
291.21617867659313,1.276819890035946
291.236179787766,1.2766535372917773
291.25618089893885,1.276487049695052
291.27618201011165,1.276320427326924
291.2961831212845,1.2761536702686105
291.3161842324574,1.2759867786013968
291.33618534363023,1.2758197524066333
291.35618645480304,1.275652591765735
291.3761875659759,1.2754852967601833
291.39618867714876,1.275317867471524
291.41618978832156,1.2751503039813707
291.4361908994944,1.2749826063713994
291.4561920106673,1.274814774723354
291.47619312184014,1.2746468091190417
291.49619423301294,1.2744787096403374
291.5161953441858,1.2743104763691784
291.53619645535866,1.2741421093875696
291.55619756653147,1.2739736087775797
291.5761986777043,1.2738049746213431
291.5961997888772,1.2736362070010587
291.61620090005,1.2734673059989918
291.63620201122285,1.2732982716974717
291.6562031223957,1.273129104178892
291.67620423356857,1.2729598035257128
291.6962053447414,1.2727903698204583
291.71620645591423,1.2726208031457176
291.7362075670871,1.272451103584144
291.7562086782599,1.2722812712184575
291.77620978943276,1.27211130613144
291.7962109006056,1.2719412084059405
291.8162120117784,1.2717709781248718
291.8362131229513,1.2716006153712112
291.85621423412414,1.2714301202279998
291.876215345297,1.2712594927783452
291.8962164564698,1.2710887331054188
291.91621756764266,1.2709178412924542
291.9362186788155,1.2707468174227532
291.9562197899883,1.2705756615796788
291.9762209011612,1.2704043738466602
291.99622201233404,1.2702329543071893
292.01622312350685,1.2700614030448247
292.0362242346797,1.269889720143186
292.05622534585257,1.26971790568596
292.0762264570254,1.2695459597568952
292.09622756819823,1.2693738824398069
292.1162286793711,1.2692016738185705
292.13622979054395,1.2690293339771297
292.15623090171675,1.2688568629994892
292.1762320128896,1.268684260969719
292.1962331240625,1.268511527971952
292.2162342352353,1.2683386640903869
292.23623534640814,1.2681656694092829
292.256236457581,1.2679925440129658
292.27623756875386,1.2678192879858248
292.29623867992666,1.2676459014123114
292.3162397910995,1.2674723843769418
292.3362409022724,1.2672987369642947
292.3562420134452,1.267124959259015
292.37624312461804,1.2669510513458073
292.3962442357909,1.2667770133094425
292.4162453469637,1.2666028452347542
292.43624645813657,1.266428547206639
292.4562475693094,1.2662541193100565
292.4762486804823,1.266079561630031
292.4962497916551,1.2659048742516494
292.51625090282795,1.2657300572600612
292.5362520140008,1.265555110740479
292.5562531251736,1.2653800347781807
292.5762542363465,1.2652048294585039
292.59625534751933,1.2650294948668517
292.61625645869213,1.2648540310886904
292.636257569865,1.264678438209547
292.65625868103785,1.2645027163150138
292.6762597922107,1.2643268654907445
292.6962609033835,1.2641508858224573
292.7162620145564,1.2639747773959302
292.73626312572924,1.2637985402970073
292.75626423690204,1.2636221746115937
292.7762653480749,1.263445680425657
292.79626645924776,1.263269057825228
292.81626757042056,1.2630923068964008
292.8362686815934,1.2629154277253298
292.8562697927663,1.2627384203982341
292.87627090393914,1.262561285001395
292.89627201511195,1.262384021621155
292.9162731262848,1.26220663034392
292.93627423745767,1.2620291112561577
292.95627534863047,1.2618514644443994
292.97627645980333,1.2616736899952359
292.9962775709762,1.2614957879953232
293.016278682149,1.261317758531378
293.03627979332185,1.261139601690179
293.0562809044947,1.260961317558567
293.0762820156676,1.2607829062234464
293.0962831268404,1.2606043677717815
293.11628423801324,1.2604257022905996
293.1362853491861,1.2602469098669893
293.1562864603589,1.2600679905881031
293.17628757153176,1.2598889445411516
293.1962886827046,1.2597097718134105
293.2162897938774,1.259530472492217
293.2362909050503,1.259351046664967
293.25629201622314,1.2591714944191221
293.276293127396,1.2589918158422024
293.2962942385688,1.2588120110217922
293.31629534974167,1.258632080045534
293.3362964609145,1.2584520230011351
293.3562975720873,1.2582718399763626
293.3762986832602,1.258091531059045
293.39629979443305,1.2579110963370723
293.41630090560585,1.2577305358983972
293.4363020167787,1.2575498498310305
293.45630312795157,1.2573690382230476
293.47630423912443,1.2571881011625825
293.49630535029723,1.2570070387378336
293.5163064614701,1.256825851037056
293.53630757264295,1.2566445381485691
293.55630868381576,1.2564631001607536
293.5763097949886,1.2562815371620477
293.5963109061615,1.2560998492409547
293.6163120173343,1.2559180364860363
293.63631312850714,1.2557360989859156
293.65631423968,1.2555540368292764
293.67631535085286,1.2553718501048639
293.69631646202566,1.2551895389014833
293.7163175731985,1.2550071033080008
293.7363186843714,1.254824543413343
293.7563197955442,1.2546418593064979
293.77632090671705,1.2544590510765121
293.7963220178899,1.2542761188124956
293.8163231290627,1.2540930626036162
293.83632424023557,1.2539098825391035
293.85632535140843,1.2537265787082468
293.8763264625813,1.2535431512003965
293.8963275737541,1.2533596001049636
293.91632868492695,1.253175925511417
293.9363297960998,1.2529921275092886
293.9563309072726,1.252808206188169
293.9763320184455,1.252624161637709
293.99633312961834,1.2524399939476192
294.01633424079114,1.2522557032076722
294.036335351964,1.252071289507697
294.05633646313686,1.2518867529375863
294.0763375743097,1.2517020935872898
294.0963386854825,1.2515173115468197
294.1163397966554,1.2513324069062446
294.13634090782824,1.2511473797556958
294.15634201900104,1.250962230185364
294.1763431301739,1.2507769582854973
294.19634424134676,1.2505915641464065
294.21634535251957,1.2504060478584595
294.2363464636924,1.2502204095120855
294.2563475748653,1.2500346491977712
294.27634868603815,1.2498487670060652
294.29634979721095,1.249662763027574
294.3163509083838,1.2494766373529638
294.33635201955667,1.249290390072959
294.3563531307295,1.2491040212783466
294.37635424190233,1.248917531059968
294.3963553530752,1.2487309195087284
294.416356464248,1.248544186715589
294.43635757542086,1.2483573327715716
294.4563586865937,1.248170357767756
294.4763597977666,1.2479832617952824
294.4963609089394,1.24779604494535
294.51636202011224,1.2476087073092141
294.5363631312851,1.2474212489781928
294.5563642424579,1.2472336700436604
294.57636535363076,1.2470459705970507
294.5963664648036,1.246858150729856
294.6163675759764,1.2466702105336287
294.6363686871493,1.2464821500999774
294.65636979832215,1.2462939695205715
294.676370909495,1.2461056688871377
294.6963720206678,1.2459172482914624
294.71637313184067,1.2457287078253885
294.73637424301353,1.2455400475808196
294.75637535418633,1.2453512676497163
294.7763764653592,1.2451623681240978
294.79637757653205,1.244973349096041
294.81637868770486,1.2447842106576834
294.8363797988777,1.2445949529012172
294.8563809100506,1.2444055759188952
294.87638202122344,1.2442160798030284
294.89638313239624,1.2440264646459849
294.9163842435691,1.2438367305401905
294.93638535474196,1.2436468775781295
294.95638646591476,1.2434569058523457
294.9763875770876,1.2432668154554372
294.9963886882605,1.2430766064800636
295.0163897994333,1.24288627901894
295.03639091060614,1.2426958331648403
295.056392021779,1.2425052690105955
295.07639313295186,1.242314586649095
295.09639424412467,1.2421237861732854
295.1163953552975,1.2419328676761705
295.1363964664704,1.2417418312508117
295.1563975776432,1.241550676990329
295.17639868881605,1.2413594049878989
295.1963997999889,1.2411680153367546
295.2164009111617,1.240976508130189
295.2364020223346,1.2407848834615485
295.25640313350743,1.240593141424241
295.2764042446803,1.2404012821117285
295.2964053558531,1.2402093056175327
295.31640646702596,1.2400172120352289
295.3364075781988,1.2398250014584533
295.3564086893716,1.2396326739808967
295.3764098005445,1.2394402296963076
295.39641091171734,1.2392476686984912
295.41641202289014,1.2390549910813111
295.436413134063,1.2388621969386846
295.45641424523586,1.2386692863645885
295.4764153564087,1.238476259453056
295.4964164675815,1.2382831162981762
295.5164175787544,1.238089856994095
295.53641868992725,1.2378964816350149
295.55641980110005,1.2377029903151964
295.5764209122729,1.2375093831289532
295.59642202344577,1.2373156601706596
295.61642313461857,1.2371218215347433
295.63642424579143,1.2369278673156894
295.6564253569643,1.2367337976080393
295.67642646813715,1.2365396125063912
295.69642757930995,1.2363453121053989
295.7164286904828,1.2361508964997723
295.7364298016557,1.2359563657842776
295.7564309128285,1.2357617200537385
295.77643202400134,1.2355669594030314
295.7964331351742,1.2353720839270923
295.816434246347,1.2351770937209121
295.83643535751986,1.2349819888795357
295.8564364686927,1.2347867694980665
295.8764375798656,1.2345914356716619
295.8964386910384,1.2343959874955373
295.91643980221124,1.2342004250649603
295.9364409133841,1.2340047484752574
295.9564420245569,1.2338089578218099
295.97644313572977,1.2336130532000535
295.9964442469026,1.2334170347054805
296.0164453580755,1.2332209024336391
296.0364464692483,1.2330246564801324
296.05644758042115,1.2328282969406184
296.076448691594,1.232631823910811
296.0964498027668,1.2324352374864802
296.1164509139397,1.2322385377634493
296.13645202511253,1.2320417248375983
296.15645313628534,1.2318447988048635
296.1764542474582,1.231647759761233
296.19645535863106,1.2314506078027532
296.2164564698039,1.231253343025523
296.2364575809767,1.2310559655256996
296.2564586921496,1.2308584753994907
296.27645980332244,1.230660872743163
296.29646091449524,1.2304631576530356
296.3164620256681,1.2302653302254833
296.33646313684096,1.230067390556935
296.35646424801376,1.2298693387438764
296.3764653591866,1.229671174882844
296.3964664703595,1.2294728990704327
296.41646758153234,1.2292745114032897
296.43646869270515,1.2290760119781186
296.456469803878,1.2288774008916754
296.47647091505087,1.2286786782407713
296.49647202622367,1.2284798441222735
296.51647313739653,1.2282808986331002
296.5364742485694,1.228081841870227
296.5564753597422,1.2278826739306825
296.57647647091505,1.227683394911549
296.5964775820879,1.2274840049099633
296.6164786932608,1.2272845040231175
296.6364798044336,1.2270848923482558
296.65648091560644,1.226885169982678
296.6764820267793,1.2266853370237358
296.6964831379521,1.2264853935688385
296.71648424912496,1.2262853397154445
296.7364853602978,1.2260851755610696
296.7564864714706,1.2258849012032829
296.7764875826435,1.225684516739705
296.79648869381634,1.225484022268013
296.8164898049892,1.2252834178859353
296.836490916162,1.2250827036912564
296.85649202733487,1.224881879781811
296.8764931385077,1.2246809462554904
296.89649424968053,1.2244799032102376
296.9164953608534,1.2242787507440493
296.93649647202625,1.2240774889549757
296.95649758319905,1.223876117941121
296.9764986943719,1.2236746378006405
296.9964998055448,1.223473048631745
297.01650091671763,1.223271350532697
297.03650202789044,1.2230695436018142
297.0565031390633,1.2228676279374635
297.07650425023616,1.222665603638068
297.09650536140896,1.222463470802104
297.1165064725818,1.2222612295280977
297.1365075837547,1.222058879914631
297.1565086949275,1.2218564220603376
297.17650980610034,1.2216538560639039
297.1965109172732,1.221451182024068
297.21651202844606,1.2212484000396238
297.23651313961886,1.2210455102094142
297.2565142507917,1.2208425126323368
297.2765153619646,1.2206394074073406
297.2965164731374,1.2204361946334288
297.31651758431025,1.2202328744096542
297.3365186954831,1.2200294468351252
297.3565198066559,1.219825912009
297.37652091782877,1.2196222700304904
297.39652202900163,1.2194185209988595
297.4165231401745,1.2192146650134235
297.4365242513473,1.2190107021735512
297.45652536252015,1.2188066325786613
297.476526473693,1.2186024563282267
297.4965275848658,1.2183981735217713
297.5165286960387,1.2181937842588713
297.53652980721154,1.2179892886391537
297.55653091838434,1.2177846867623
297.5765320295572,1.2175799787280397
297.59653314073006,1.2173751646361577
297.6165342519029,1.2171702445864876
297.6365353630757,1.2169652186789182
297.6565364742486,1.2167600870133852
297.67653758542144,1.2165548496898797
297.69653869659425,1.2163495068084438
297.7165398077671,1.2161440584691683
297.73654091893997,1.2159385047721987
297.75654203011277,1.2157328458177303
297.77654314128563,1.21552708170601
297.7965442524585,1.215321212537335
297.81654536363135,1.2151152384120556
297.83654647480415,1.214909159430572
297.856547585977,1.2147029756933356
297.8765486971499,1.2144966873008487
297.8965498083227,1.2142902943536662
297.91655091949553,1.2140837969523908
297.9365520306684,1.2138771951976792
297.9565531418412,1.213670489190238
297.97655425301406,1.2134636790308235
297.9965553641869,1.213256764820244
298.0165564753598,1.2130497466593582
298.0365575865326,1.2128426246490762
298.05655869770544,1.2126353988903567
298.0765598088783,1.2124280694842111
298.0965609200511,1.2122206365317003
298.11656203122396,1.2120131001339358
298.1365631423968,1.211805460392079
298.1565642535696,1.2115977174073436
298.1765653647425,1.2113898712809905
298.19656647591535,1.211181922114334
298.2165675870882,1.2109738700087362
298.236568698261,1.2107657150656124
298.25656980943387,1.2105574573864233
298.27657092060673,1.2103490970726845
298.29657203177953,1.2101406342259589
298.3165731429524,1.2099320689478599
298.33657425412525,1.2097234013400506
298.35657536529806,1.209514631504246
298.3765764764709,1.2093057595422072
298.3965775876438,1.2090967855557482
298.41657869881664,1.2088877096467319
298.43657980998944,1.2086785319170705
298.4565809211623,1.2084692524687262
298.47658203233516,1.2082598714037096
298.49658314350796,1.2080503888240837
298.5165842546808,1.2078408048319567
298.5365853658537,1.2076311195294906
298.5565864770265,1.207421333018894
298.57658758819935,1.207211445402426
298.5965886993722,1.207001456782394
298.61658981054507,1.206791367261156
298.63659092171787,1.2065811769411183
298.6565920328907,1.2063708859247364
298.6765931440636,1.2061604943145143
298.6965942552364,1.2059500022130067
298.71659536640925,1.2057394097228162
298.7365964775821,1.2055287169465936
298.7565975887549,1.205317923987041
298.7765986999278,1.2051070309469059
298.79659981110063,1.2048960379289875
298.8166009222735,1.2046849450361319
298.8366020334463,1.2044737523712363
298.85660314461916,1.2042624600372425
298.876604255792,1.2040510681371452
298.8966053669648,1.2038395767739851
298.9166064781377,1.2036279860508516
298.93660758931054,1.2034162960708827
298.95660870048334,1.2032045069372668
298.9766098116562,1.202992618753236
298.99661092282906,1.2027806316220753
299.0166120340019,1.202568545647116
299.0366131451747,1.2023563609317378
299.0566142563476,1.2021440775793681
299.07661536752045,1.2019316956934825
299.09661647869325,1.201719215377606
299.1166175898661,1.2015066367353084
299.13661870103897,1.2012939598702113
299.1566198122118,1.2010811848859817
299.17662092338463,1.200868311886335
299.1966220345575,1.200655340975034
299.21662314573035,1.2004422722558907
299.23662425690316,1.2002291058327632
299.256625368076,1.2000158418095577
299.2766264792489,1.1998024802902276
299.2966275904217,1.199589021378776
299.31662870159454,1.1993754651792494
299.3366298127674,1.1991618117957452
299.3566309239402,1.1989480613324082
299.37663203511306,1.1987342138934267
299.3966331462859,1.1985202695830413
299.4166342574588,1.198306228505536
299.4366353686316,1.198092090765245
299.45663647980444,1.1978778564665458
299.4766375909773,1.197663525713867
299.4966387021501,1.197449098611682
299.51663981332297,1.197234575264511
299.5366409244958,1.1970199557769219
299.55664203566863,1.1968052402535303
299.5766431468415,1.1965904287989957
299.59664425801435,1.1963755215180278
299.6166453691872,1.1961605185153803
299.63664648036,1.1959454198958563
299.6566475915329,1.1957302257643019
299.67664870270573,1.1955149362256126
299.69664981387854,1.1952995513847307
299.7166509250514,1.195084071346642
299.73665203622426,1.1948684962163816
299.75665314739706,1.1946528260990297
299.7766542585699,1.1944370610997128
299.7966553697428,1.1942212013236035
299.81665648091564,1.1940052468759217
299.83665759208844,1.1937891978619324
299.8566587032613,1.193573054386947
299.87665981443416,1.1933568165563222
299.89666092560697,1.193140484475463
299.9166620367798,1.1929240582498164
299.9366631479527,1.1927075379848797
299.9566642591255,1.1924909237861934
299.97666537029835,1.1922742157593433
299.9966664814712,1.1920574140099638
300.01666759264407,1.1918405186437315
300.0366687038169,1.1916235297663722
300.05666981498973,1.1914064474836532
300.0766709261626,1.1911892719013912
300.0966720373354,1.190972003125446
300.11667314850826,1.1907546412617236
300.1366742596811,1.190537186416175
300.1566753708539,1.190319638694798
300.1766764820268,1.1901019982036327
300.19667759319964,1.1898842650487678
300.2166787043725,1.1896664393363343
300.2366798155453,1.1894485211725114
300.25668092671816,1.1892305106635195
300.276682037891,1.1890124079156268
300.2966831490638,1.1887942130351472
300.3166842602367,1.1885759261284357
300.33668537140954,1.188357547301896
300.35668648258235,1.1881390766619748
300.3766875937552,1.1879205143151639
300.39668870492807,1.1877018603679992
300.4166898161009,1.1874831149270626
300.43669092727373,1.1872642780989797
300.4566920384466,1.1870453499904206
300.47669314961945,1.1868263307080993
300.49669426079225,1.186607220358777
300.5166953719651,1.1863880190492546
300.536696483138,1.1861687268863823
300.55669759431083,1.1859493439770508
300.57669870548364,1.1857298704281984
300.5966998166565,1.1855103063468033
300.61670092782936,1.1852906518398916
300.63670203900216,1.185070907014533
300.656703150175,1.1848510719778385
300.6767042613479,1.1846311468369664
300.6967053725207,1.1844111316991166
300.71670648369354,1.184191026671534
300.7367075948664,1.1839708318615068
300.75670870603926,1.1837505473763676
300.77670981721207,1.1835301733234924
300.7967109283849,1.1833097098103005
300.8167120395578,1.1830891569442543
300.8367131507306,1.1828685148328626
300.85671426190345,1.1826477835836733
300.8767153730763,1.1824269633042817
300.8967164842491,1.1822060541023243
300.91671759542197,1.1819850560854814
300.93671870659483,1.1817639693614765
300.9567198177677,1.1815427940380767
300.9767209289405,1.1813215302230937
300.99672204011335,1.1811001780243782
301.0167231512862,1.1808787375498286
301.036724262459,1.1806572089073832
301.0567253736319,1.1804355922050247
301.07672648480474,1.180213887550778
301.09672759597754,1.1799920950527127
301.1167287071504,1.1797702148189375
301.13672981832326,1.1795482469576077
301.1567309294961,1.179326191576919
301.1767320406689,1.1791040487851123
301.1967331518418,1.1788818186904666
301.21673426301464,1.1786595014013077
301.23673537418745,1.1784370970260032
301.2567364853603,1.17821460567296
301.27673759653317,1.1779920274506321
301.29673870770597,1.1777693624675123
301.31673981887883,1.177546610832137
301.3367409300517,1.1773237726530843
301.35674204122455,1.1771008480389757
301.37674315239735,1.1768778370984738
301.3967442635702,1.1766547399402834
301.4167453747431,1.1764315566731507
301.4367464859159,1.1762082874058666
301.45674759708874,1.1759849322472593
301.4767487082616,1.1757614913062033
301.4967498194344,1.1755379646916126
301.51675093060726,1.1753143525124436
301.5367520417801,1.1750906548776936
301.556753152953,1.1748668718964026
301.5767542641258,1.1746430036776534
301.59675537529864,1.1744190503305658
301.6167564864715,1.1741950119643065
301.6367575976443,1.1739708886880802
301.65675870881716,1.173746680611134
301.67675981999,1.1735223878427563
301.6967609311628,1.1732980104922779
301.7167620423357,1.1730735486690675
301.73676315350855,1.1728490024825393
301.7567642646814,1.1726243720421454
301.7767653758542,1.1723996574573814
301.79676648702707,1.1721748588377807
301.81676759819993,1.1719499762929213
301.83676870937273,1.1717250099324197
301.8567698205456,1.171499959865934
301.87677093171845,1.1712748262031623
301.89677204289126,1.1710496090538463
301.9167731540641,1.1708243085277636
301.936774265237,1.1705989247347368
301.95677537640984,1.1703734577846274
301.97677648758264,1.1701479077873373
301.9967775987555,1.169922274852809
302.01677870992836,1.1696965590910247
302.03677982110116,1.1694707606120098
302.056780932274,1.1692448795258252
302.0767820434469,1.169018915942577
302.0967831546197,1.1687928699724086
302.11678426579255,1.1685667417255041
302.1367853769654,1.1683405313120878
302.15678648813827,1.1681142388424248
302.17678759931107,1.1678878644268194
302.19678871048393,1.1676614081756156
302.2167898216568,1.1674348701991974
302.2367909328296,1.1672082506079906
302.25679204400245,1.166981549512457
302.2767931551753,1.1667547670231009
302.2967942663481,1.1665279032504672
302.316795377521,1.1663009583051362
302.33679648869384,1.1660739322977323
302.3567975998667,1.1658468253389165
302.3767987110395,1.165619637539392
302.39679982221236,1.1653923690098968
302.4168009333852,1.1651650198612136
302.436802044558,1.164937590204161
302.4568031557309,1.1647100801495978
302.47680426690374,1.1644824898084214
302.49680537807654,1.1642548192915705
302.5168064892494,1.1640270687100192
302.53680760042226,1.1637992381747837
302.5568087115951,1.1635713277969189
302.5768098227679,1.1633433376875169
302.5968109339408,1.1631152679577101
302.61681204511365,1.1628871187186687
302.63681315628645,1.1626588900816037
302.6568142674593,1.1624305821577612
302.67681537863217,1.1622021950584298
302.696816489805,1.161973728894934
302.71681760097783,1.1617451837786386
302.7368187121507,1.1615165598209447
302.75681982332355,1.1612878571332947
302.77682093449636,1.1610590758271675
302.7968220456692,1.1608302160140804
302.8168231568421,1.160601277805589
302.8368242680149,1.160372261313289
302.85682537918774,1.1601431666488102
302.8768264903606,1.1599139939238243
302.8968276015334,1.159684743250041
302.91682871270626,1.1594554147392042
302.9368298238791,1.1592260085030999
302.956830935052,1.1589965246535494
302.9768320462248,1.1587669633024142
302.99683315739765,1.1585373245615904
303.0168342685705,1.1583076085430146
303.0368353797433,1.1580778153586602
303.05683649091617,1.1578479451205372
303.07683760208903,1.1576179979406942
303.09683871326183,1.1573879739312183
303.1168398244347,1.157157873204231
303.13684093560755,1.1569276958718944
303.1568420467804,1.1566974420464058
303.1768431579532,1.156467111840002
303.1968442691261,1.1562367053649536
303.21684538029893,1.1560062227335712
303.23684649147174,1.1557756640582033
303.2568476026446,1.1555450294512313
303.27684871381746,1.155314319025078
303.29684982499026,1.155083532892201
303.3168509361631,1.1548526711650944
303.336852047336,1.15462173395629
303.35685315850884,1.1543907213783575
303.37685426968164,1.1541596335439013
303.3968553808545,1.1539284705655632
303.41685649202736,1.1536972325560215
303.43685760320017,1.153465919627993
303.456858714373,1.1532345318942268
303.4768598255459,1.1530030694675129
303.4968609367187,1.152771532460675
303.51686204789155,1.1525399209865739
303.5368631590644,1.1523082351581073
303.55686427023727,1.152076475088208
303.5768653814101,1.151844640889847
303.59686649258293,1.1516127326760277
303.6168676037558,1.1513807505597937
303.6368687149286,1.1511486946542224
303.65686982610146,1.1509165650724276
303.6768709372743,1.150684361927558
303.6968720484471,1.1504520853328015
303.71687315962,1.1502197354013766
303.73687427079284,1.1499873122465427
303.7568753819657,1.149754815981591
303.7768764931385,1.149522246719852
303.79687760431136,1.1492896045746872
303.8168787154842,1.1490568896594973
303.836879826657,1.1488241020877186
303.8568809378299,1.1485912419728193
303.87688204900275,1.1483583094283067
303.89688316017555,1.1481253045677215
303.9168842713484,1.1478922275046402
303.93688538252127,1.1476590783526734
303.9568864936941,1.1474258572254694
303.97688760486693,1.147192564236709
303.9968887160398,1.146959199500109
304.01688982721265,1.1467257631294208
304.03689093838545,1.146492255238433
304.0568920495583,1.1462586759409643
304.0768931607312,1.1460250253508732
304.096894271904,1.1457913035820502
304.11689538307684,1.145557510748421
304.1368964942497,1.1453236469639458
304.15689760542256,1.1450897123426196
304.17689871659536,1.1448557069984737
304.1968998277682,1.1446216310455695
304.2169009389411,1.144387484598007
304.2369020501139,1.144153267769919
304.25690316128674,1.1439189806754724
304.2769042724596,1.1436846234288676
304.2969053836324,1.1434501961443426
304.31690649480527,1.1432156989361641
304.3369076059781,1.142981131918638
304.356908717151,1.142746495206101
304.3769098283238,1.1425117889129266
304.39691093949665,1.142277013153518
304.4169120506695,1.1420421680423167
304.4369131618423,1.1418072536937953
304.4569142730152,1.141572270222461
304.47691538418803,1.1413372177428545
304.49691649536084,1.141102096369551
304.5169176065337,1.1408669062171573
304.53691871770656,1.1406316474003153
304.5569198288794,1.1403963200337008
304.5769209400522,1.140160924232022
304.5969220512251,1.1399254601100206
304.61692316239794,1.1396899277824708
304.63692427357074,1.139454327364183
304.6569253847436,1.1392186589699964
304.67692649591646,1.1389829227147872
304.69692760708926,1.1387471187134628
304.7169287182621,1.1385112470809637
304.736929829435,1.1382753079322634
304.75693094060784,1.1380393013823698
304.77693205178065,1.1378032275463212
304.7969331629535,1.13756708653919
304.81693427412637,1.137330878476082
304.83693538529917,1.1370946034721345
304.85693649647203,1.1368582616425178
304.8769376076449,1.1366218531024344
304.8969387188177,1.1363853779671214
304.91693982999055,1.1361488363518442
304.9369409411634,1.1359122283719052
304.9569420523363,1.1356755541426358
304.9769431635091,1.1354388137794027
304.99694427468194,1.1352020073976006
305.0169453858548,1.1349651351126608
305.0369464970276,1.134728197040044
305.05694760820046,1.1344911932952442
305.0769487193733,1.1342541239937862
305.0969498305462,1.134016989251228
305.116950941719,1.1337797891831602
305.13695205289184,1.1335425239052017
305.1569531640647,1.1333051935330076
305.1769542752375,1.133067798182262
305.19695538641037,1.1328303379686813
305.2169564975832,1.132592813008013
305.23695760875603,1.1323552234160383
305.2569587199289,1.1321175693085666
305.27695983110175,1.1318798508014416
305.2969609422746,1.1316420680105364
305.3169620534474,1.131404221051758
305.3369631646203,1.1311663100410407
305.35696427579313,1.1309283350943544
305.37696538696594,1.130690296327697
305.3969664981388,1.1304521938570988
305.41696760931165,1.1302140277986203
305.43696872048446,1.1299757982683556
305.4569698316573,1.1297375053824252
305.4769709428302,1.1294991492569844
305.49697205400304,1.1292607300082185
305.51697316517584,1.1290222477523424
305.5369742763487,1.1287837026056025
305.55697538752156,1.128545094684275
305.57697649869436,1.1283064241046692
305.5969776098672,1.128067690983121
305.6169787210401,1.1278288954360007
305.6369798322129,1.1275900375797066
305.65698094338575,1.1273511175306679
305.6769820545586,1.127112135405344
305.69698316573147,1.1268730913202256
305.71698427690427,1.1266339853918326
305.73698538807713,1.1263948177367151
305.75698649925,1.1261555884714531
305.7769876104228,1.1259162977126584
305.79698872159565,1.1256769455769695
305.8169898327685,1.1254375321810572
305.8369909439413,1.1251980576416234
305.8569920551142,1.1249585220753955
305.87699316628704,1.1247189255991348
305.8969942774599,1.1244792683296296
305.9169953886327,1.124239550383701
305.93699649980556,1.1239997718781949
305.9569976109784,1.1237599329299912
305.9769987221512,1.1235200336559972
305.9969998333241,1.1232800741731492
306.01700094449694,1.1230400545984138
306.03700205566975,1.1227999750487878
306.0570031668426,1.1225598356412938
306.07700427801547,1.1223196364929873
306.0970053891883,1.1220793777209517
306.11700650036113,1.121839059442299
306.137007611534,1.1215986817741699
306.15700872270685,1.1213582448337345
306.17700983387965,1.1211177487381934
306.1970109450525,1.120877193604772
306.21701205622537,1.120636579550729
306.2370131673982,1.120395906693349
306.25701427857103,1.1201551751499463
306.2770153897439,1.1199143850378628
306.29701650091675,1.119673536474471
306.31701761208956,1.11943262957717
306.3370187232624,1.119191664463388
306.3570198344353,1.1189506412505805
306.3770209456081,1.1187095600562347
306.39702205678094,1.118468420997861
306.4170231679538,1.118227224193002
306.4370242791266,1.1179859697592285
306.45702539029946,1.1177446578141352
306.4770265014723,1.11750328847535
306.4970276126452,1.1172618618605248
306.517028723818,1.1170203780873433
306.53702983499085,1.1167788372735121
306.5570309461637,1.1165372395367703
306.5770320573365,1.1162955849948821
306.59703316850937,1.1160538737656402
306.61703427968223,1.1158121059668642
306.63703539085503,1.1155702817164035
306.6570365020279,1.1153284011321312
306.67703761320075,1.1150864643319516
306.6970387243736,1.114844471433794
306.7170398355464,1.1146024225556175
306.7370409467193,1.1143603178154045
306.75704205789214,1.1141181573311683
306.77704316906494,1.1138759412209491
306.7970442802378,1.113633669602811
306.81704539141066,1.1133913425948494
306.83704650258346,1.1131489603151836
306.8570476137563,1.112906522881961
306.8770487249292,1.1126640304133553
306.89704983610204,1.1124214830275687
306.91705094727484,1.1121788808428286
306.9370520584477,1.1119362239773891
306.95705316962056,1.1116935125495309
306.97705428079337,1.1114507466775636
306.9970553919662,1.111207926479819
307.0170565031391,1.11096505207466
307.0370576143119,1.1107221235804725
307.05705872548475,1.11047914111567
307.0770598366576,1.1102361047986935
307.09706094783047,1.109993014748008
307.1170620590033,1.1097498710821072
307.13706317017613,1.1095066739195074
307.157064281349,1.109263423378755
307.1770653925218,1.1090201195784197
307.19706650369466,1.1087767626370981
307.2170676148675,1.1085333526734122
307.2370687260403,1.1082898898060118
307.2570698372132,1.1080463741535684
307.27707094838604,1.107802805834784
307.2970720595589,1.1075591849683826
307.3170731707317,1.1073155116731168
307.33707428190456,1.107071786067761
307.3570753930774,1.1068280082711188
307.3770765042502,1.1065841784020185
307.3970776154231,1.1063402965793108
307.41707872659595,1.1060963629218756
307.43707983776875,1.1058523775486162
307.4570809489416,1.105608340578461
307.47708206011447,1.105364252130363
307.49708317128733,1.105120112323303
307.51708428246013,1.1048759212762842
307.537085393633,1.1046316791083353
307.55708650480585,1.1043873859385098
307.57708761597866,1.1041430418858882
307.5970887271515,1.1038986470695717
307.6170898383244,1.1036542016086903
307.6370909494972,1.1034097056223966
307.65709206067004,1.103165159229868
307.6770931718429,1.102920562550306
307.69709428301576,1.1026759157029384
307.71709539418856,1.1024312188070169
307.7370965053614,1.102186471981815
307.7570976165343,1.1019416753466347
307.7770987277071,1.101696829020799
307.79709983887994,1.1014519331236563
307.8171009500528,1.101206987774579
307.8371020612256,1.100961993092965
307.85710317239847,1.1007169491982332
307.8771042835713,1.1004718562098297
307.8971053947442,1.1002267142472217
307.917106505917,1.0999815234299042
307.93710761708985,1.0997362838773905
307.9571087282627,1.0994909957092227
307.9771098394355,1.099245659044964
307.9971109506084,1.0990002740042015
308.01711206178123,1.098754840706546
308.03711317295404,1.0985093592716335
308.0571142841269,1.0982638298191196
308.07711539529976,1.098018252468687
308.0971165064726,1.097772627340041
308.1171176176454,1.097526954552909
308.1371187288183,1.097281234227042
308.15711983999114,1.0970354664822142
308.17712095116394,1.0967896514382245
308.1971220623368,1.0965437892148915
308.21712317350966,1.0962978799320602
308.23712428468247,1.0960519237095967
308.2571253958553,1.0958059206673905
308.2771265070282,1.0955598709253531
308.29712761820105,1.0953137746034205
308.31712872937385,1.0950676318215502
308.3371298405467,1.0948214426997216
308.35713095171957,1.094575207357939
308.3771320628924,1.094328925916227
308.39713317406523,1.0940825984946339
308.4171342852381,1.0938362252132292
308.4371353964109,1.0935898061921072
308.45713650758375,1.093343341551381
308.4771376187566,1.093096831411189
308.4971387299295,1.09285027589169
308.5171398411023,1.092603675113067
308.53714095227514,1.0923570291955211
308.557142063448,1.0921103382592798
308.5771431746208,1.09186360242459
308.59714428579366,1.0916168218117213
308.6171453969665,1.091369996540964
308.6371465081393,1.0911231267326333
308.6571476193122,1.090876212507061
308.67714873048504,1.0906292539846052
308.6971498416579,1.090382251285644
308.7171509528307,1.0901352045305768
308.73715206400357,1.0898881138398242
308.7571531751764,1.089640979333828
308.77715428634923,1.0893938011330537
308.7971553975221,1.0891465793579842
308.81715650869495,1.0888993141291272
308.83715761986775,1.0886520055670101
308.8571587310406,1.088404653792181
308.8771598422135,1.088157258925209
308.89716095338633,1.0879098210866862
308.91716206455914,1.0876623403972234
308.937163175732,1.0874148169774531
308.95716428690486,1.0871672509480281
308.97716539807766,1.0869196424296246
308.9971665092505,1.0866719915429341
309.0171676204234,1.086424298408674
309.0371687315962,1.0861765631475815
309.05716984276904,1.0859287858804103
309.0771709539419,1.0856809667279397
309.09717206511476,1.0854331058109656
309.11717317628757,1.0851852032503082
309.1371742874604,1.0849372591668025
309.1571753986333,1.0846892736813092
309.1771765098061,1.084441246914706
309.19717762097895,1.0841931789878918
309.2171787321518,1.0839450700217843
309.2371798433246,1.0836969201373245
309.25718095449747,1.0834487294554682
309.27718206567033,1.0832004980971963
309.2971831768432,1.0829522261835056
309.317184288016,1.0827039138354162
309.33718539918885,1.0824555611739637
309.3571865103617,1.0822071683202066
309.3771876215345,1.0819587353952231
309.3971887327074,1.0817102625201078
309.41718984388024,1.0814617498159784
309.43719095505304,1.08121319740397
309.4571920662259,1.0809646054052373
309.47719317739876,1.080715973940954
309.4971942885716,1.0804673031323146
309.5171953997444,1.0802185931005313
309.5371965109173,1.0799698439668355
309.55719762209014,1.0797210558524777
309.57719873326295,1.0794722288787293
309.5971998444358,1.0792233631668766
309.61720095560867,1.0789744588382286
309.6372020667815,1.078725516014112
309.65720317795433,1.0784765348158718
309.6772042891272,1.0782275153648717
309.69720540030005,1.0779784577824936
309.71720651147285,1.0777293621901405
309.7372076226457,1.0774802287092293
309.7572087338186,1.0772310574612005
309.7772098449914,1.0769818485675098
309.79721095616424,1.076732602149632
309.8172120673371,1.0764833183290599
309.83721317850996,1.0762339972273056
309.85721428968276,1.0759846389658987
309.8772154008556,1.0757352436663865
309.8972165120285,1.075485811450334
309.9172176232013,1.0752363424393274
309.93721873437414,1.0749868367549653
309.957219845547,1.074737294518869
309.9772209567198,1.0744877158526767
309.99722206789266,1.074238100878041
310.0172231790655,1.073988449716637
310.0372242902384,1.0737387624901535
310.0572254014112,1.0734890393203007
310.07722651258405,1.0732392803288016
310.0972276237569,1.072989485637401
310.1172287349297,1.0727396553678588
310.13722984610257,1.0724897896419527
310.15723095727543,1.0722398885814772
310.17723206844823,1.0719899523082466
310.1972331796211,1.0717399809440873
310.21723429079395,1.0714899746108484
310.2372354019668,1.0712399334303917
310.2572365131396,1.0709898575246
310.2772376243125,1.0707397470153681
310.29723873548534,1.0704896020246117
310.31723984665814,1.070239422674263
310.337240957831,1.069989209086268
310.35724206900386,1.0697389613825927
310.37724318017666,1.0694886796852177
310.3972442913495,1.0692383641161411
310.4172454025224,1.0689880147973765
310.43724651369524,1.0687376318509558
310.45724762486805,1.0684872153989258
310.4772487360409,1.0682367655633496
310.49724984721377,1.0679862824663067
310.51725095838657,1.0677357662298947
310.53725206955943,1.0674852169762234
310.5572531807323,1.067234634827423
310.5772542919051,1.0669840199056368
310.59725540307795,1.0667333723330257
310.6172565142508,1.0664826922317643
310.6372576254237,1.066231979724046
310.6572587365965,1.0659812349320796
310.67725984776934,1.065730457978086
310.6972609589422,1.0654796489843066
310.717262070115,1.0652288080729952
310.73726318128786,1.0649779353664226
310.7572642924607,1.064727030986874
310.7772654036335,1.0644760950566523
310.7972665148064,1.064225127698072
310.81726762597924,1.0639741290334672
310.8372687371521,1.0637230991851834
310.8572698483249,1.0634720382755853
310.87727095949776,1.0632209464270481
310.8972720706706,1.0629698237619658
310.9172731818434,1.0627186704027471
310.9372742930163,1.0624674864718122
310.95727540418915,1.0622162720916009
310.97727651536195,1.0619650273845649
310.9972776265348,1.0617137524731712
311.01727873770767,1.0614624474799013
311.03727984888053,1.0612111125272532
311.05728096005333,1.0609597477377373
311.0772820712262,1.0607083532338792
311.09728318239905,1.0604569291382189
311.11728429357186,1.0602054755733128
311.1372854047447,1.0599539926617272
311.1572865159176,1.0597024805260475
311.1772876270904,1.059450939288871
311.19728873826324,1.0591993690728088
311.2172898494361,1.0589477700004866
311.23729096060896,1.0586961421945447
311.25729207178176,1.0584444857776387
311.2772931829546,1.0581928008724337
311.2972942941275,1.0579410876016135
311.3172954053003,1.0576893460878731
311.33729651647315,1.0574375764539217
311.357297627646,1.057185778822482
311.3772987388188,1.0569339533162927
311.39729984999167,1.0566821000581013
311.4173009611645,1.0564302191706738
311.4373020723374,1.0561783107767861
311.4573031835102,1.055926374999231
311.47730429468305,1.05567441196081
311.4973054058559,1.0554224217843422
311.5173065170287,1.0551704045926578
311.5373076282016,1.0549183605086003
311.55730873937443,1.054666289655026
311.57730985054724,1.0544141921548071
311.5973109617201,1.0541620681308237
311.61731207289296,1.0539099177059728
311.6373131840658,1.053657741003164
311.6573142952386,1.0534055381453178
311.6773154064115,1.0531533092553689
311.69731651758434,1.0529010544562634
311.71731762875714,1.052648773870963
311.73731873993,1.0523964676224369
311.75731985110286,1.0521441358336718
311.77732096227567,1.0518917786276645
311.7973220734485,1.0516393961274242
311.8173231846214,1.0513869884559723
311.83732429579425,1.051134555736344
311.85732540696705,1.050882098091585
311.8773265181399,1.0506296156447532
311.89732762931277,1.0503771085189204
311.9173287404856,1.0501245768371685
311.93732985165843,1.0498720207225922
311.9573309628313,1.049619440298297
311.9773320740041,1.0493668356874035
311.99733318517696,1.049114207013039
312.0173342963498,1.0488615543983475
312.0373354075227,1.0486088779664808
312.0573365186955,1.0483561778406063
312.07733762986834,1.048103454143898
312.0973387410412,1.047850706999546
312.117339852214,1.0475979365307488
312.13734096338686,1.0473451428607181
312.1573420745597,1.047092326112675
312.1773431857325,1.0468394864098551
312.1973442969054,1.0465866238755004
312.21734540807824,1.0463337386328682
312.2373465192511,1.0460808308052258
312.2573476304239,1.0458279005158508
312.27734874159677,1.0455749478880316
312.2973498527696,1.0453219730450676
312.31735096394243,1.0450689761102714
312.3373520751153,1.0448159572069613
312.35735318628815,1.0445629164584718
312.37735429746095,1.0443098539881446
312.3973554086338,1.044056769919333
312.4173565198067,1.0438036643754003
312.43735763097953,1.043550537479722
312.45735874215234,1.043297389355682
312.4773598533252,1.0430442201266759
312.49736096449806,1.0427910299161076
312.51736207567086,1.042537818847395
312.5373631868437,1.0422845870439612
312.5573642980166,1.0420313346292434
312.5773654091894,1.0417780617266885
312.59736652036224,1.04152476845975
312.6173676315351,1.0412714549518953
312.63736874270796,1.041018121326599
312.65736985388077,1.0407647677073486
312.6773709650536,1.0405113942176365
312.6973720762265,1.0402580009809697
312.7173731873993,1.040004588120862
312.73737429857215,1.0397511557608372
312.757375409745,1.0394977040244286
312.7773765209178,1.039244233035181
312.7973776320907,1.0389907429166443
312.81737874326353,1.0387372337923821
312.8373798544364,1.0384837057859642
312.8573809656092,1.0382301590209726
312.87738207678206,1.0379765936209941
312.8973831879549,1.0377230097096286
312.9173842991277,1.0374694074104844
312.9373854103006,1.0372157868471759
312.95738652147344,1.03696214814333
312.97738763264624,1.0367084914225804
312.9973887438191,1.0364548168085697
313.01738985499196,1.0362011244249492
313.0373909661648,1.0359474143953806
313.0573920773376,1.035693686843532
313.0773931885105,1.0354399418930809
313.09739429968334,1.0351861796677126
313.11739541085615,1.0349324002911235
313.137396522029,1.0346786038870137
313.15739763320187,1.0344247905790953
313.17739874437467,1.0341709604910894
313.19739985554753,1.0339171137467202
313.2174009667204,1.0336632504697256
313.23740207789325,1.0334093707838479
313.25740318906605,1.0331554748128406
313.2774043002389,1.0329015626804607
313.2974054114118,1.0326476345104778
313.3174065225846,1.032393690426666
313.33740763375744,1.0321397305528088
313.3574087449303,1.0318857550126959
313.3774098561031,1.031631763930128
313.39741096727596,1.031377757428908
313.4174120784488,1.0311237356328515
313.4374131896217,1.0308696986657782
313.4574143007945,1.030615646651518
313.47741541196734,1.0303615797139043
313.4974165231402,1.030107497976781
313.517417634313,1.0298534015639997
313.53741874548587,1.0295992905994151
313.5574198566587,1.0293451652068935
313.57742096783153,1.0290910255103054
313.5974220790044,1.0288368716335294
313.61742319017725,1.0285827037004502
313.6374243013501,1.028328521834961
313.6574254125229,1.0280743261609602
313.6774265236958,1.0278201168023533
313.69742763486863,1.027565893883052
313.71742874604143,1.0273116575269774
313.7374298572143,1.0270574078580523
313.75743096838715,1.0268031450002104
313.77743207955996,1.0265488690773896
313.7974331907328,1.0262945802135348
313.8174343019057,1.0260402785325964
313.83743541307854,1.025785964158532
313.85743652425134,1.025531637215307
313.8774376354242,1.0252772978268878
313.89743874659706,1.0250229461172526
313.91743985776986,1.0247685822103823
313.9374409689427,1.0245142062302643
313.9574420801156,1.0242598183008917
313.9774431912884,1.024005418546266
313.99744430246125,1.0237510070903892
314.0174454136341,1.0234965840572745
314.03744652480697,1.023242149570937
314.05744763597977,1.0229877037554007
314.07744874715263,1.0227332467346906
314.0974498583255,1.0224787786328415
314.1174509694983,1.0222242995738917
314.13745208067115,1.0219698096818843
314.157453191844,1.0217153090808682
314.1774543030169,1.0214607978948982
314.1974554141897,1.021206276248035
314.21745652536254,1.0209517442643403
314.2374576365354,1.0206972020678862
314.2574587477082,1.0204426497827461
314.27745985888106,1.020188087533
314.2974609700539,1.0199335154427311
314.3174620812267,1.0196789336360306
314.3374631923996,1.01942434223699
314.35746430357244,1.0191697413697094
314.3774654147453,1.018915131158291
314.3974665259181,1.0186605117268441
314.41746763709097,1.018405883199479
314.4374687482638,1.0181512457003128
314.4574698594366,1.0178965993534683
314.4774709706095,1.0176419442830682
314.49747208178235,1.017387280613244
314.51747319295515,1.0171326084681287
314.537474304128,1.0168779279718603
314.55747541530087,1.01662323924858
314.57747652647373,1.0163685424224354
314.59747763764653,1.0161138376175753
314.6174787488194,1.015859124958154
314.63747985999225,1.0156044045683281
314.65748097116506,1.0153496765722614
314.6774820823379,1.0150949410941161
314.6974831935108,1.014840198258063
314.7174843046836,1.014585448188274
314.73748541585644,1.0143306910089245
314.7574865270293,1.0140759268441937
314.77748763820216,1.0138211558182646
314.79748874937496,1.013566378055325
314.8174898605478,1.0133115936795616
314.8374909717207,1.0130568028151687
314.8574920828935,1.0128020055863416
314.87749319406635,1.0125472021172792
314.8974943052392,1.0122923925321827
314.917495416412,1.012037576955259
314.93749652758487,1.0117827555107133
314.95749763875773,1.0115279283227583
314.9774987499306,1.011273095515606
314.9974998611034,1.0110182572134745
315.01750097227625,1.0107634135405803
315.0375020834491,1.010508564621147
315.0575031946219,1.0102537105793976
315.0775043057948,1.009998851539559
315.09750541696764,1.0097439876258596
315.11750652814044,1.0094891189625326
315.1375076393133,1.0092342456738088
315.15750875048616,1.0089793678839258
315.177509861659,1.0087244857171225
315.1975109728318,1.0084695992976382
315.2175120840047,1.0082147087497153
315.23751319517754,1.0079598141975978
315.25751430635034,1.0077049157655336
315.2775154175232,1.0074500135777686
315.29751652869606,1.0071951077585546
315.31751763986887,1.0069401984321427
315.3375187510417,1.0066852857227866
315.3575198622146,1.0064303697547408
315.37752097338745,1.0061754506522633
315.39752208456025,1.0059205285396116
315.4175231957331,1.005665603541045
315.43752430690597,1.0054106757808259
315.4575254180788,1.005155745383216
315.47752652925163,1.0049008124724792
315.4975276404245,1.00464587717288
315.5175287515973,1.0043909396086863
315.53752986277016,1.004135999904163
315.557530973943,1.00388105818358
315.5775320851159,1.0036261145712058
315.5975331962887,1.003371169191312
315.61753430746154,1.0031162221681678
315.6375354186344,1.0028612736260465
315.6575365298072,1.0026063236892202
315.67753764098006,1.0023513724819622
315.6975387521529,1.0020964201285458
315.7175398633257,1.0018414667532476
315.7375409744986,1.0015865124803396
315.75754208567145,1.001331557434099
315.7775431968443,1.001076601738802
315.7975443080171,1.000821645518724
315.81754541918997,1.0005666888981415
315.83754653036283,1.0003117320013302
315.85754764153563,1.000056774952569
315.8775487527085,0.9998018178761322
315.89754986388135,0.9995468608962983
315.91755097505416,0.9992919041373434
315.937552086227,0.999036947723544
315.9575531973999,0.9987819917791763
315.97755430857273,0.9985270364285175
315.99755541974554,0.9982720817958431
316.0175565309184,0.9980171280054286
316.03755764209126,0.9977621751815485
316.05755875326406,0.9975072234484796
316.0775598644369,0.9972522729304935
316.0975609756098,0.9969973237518649
316.1175620867826,0.9967423760368681
316.13756319795544,0.9964874299097728
316.1575643091283,0.9962324854948524
316.17756542030116,0.9959775429163762
316.19756653147397,0.9957226022986159
316.2175676426468,0.9954676637658376
316.2375687538197,0.995212727442311
316.2575698649925,0.9949577934523023
316.27757097616535,0.9947028619200767
316.2975720873382,0.9944479329698982
316.317573198511,0.9941930067260317
316.3375743096839,0.9939380833127364
316.35757542085673,0.9936831628542746
316.3775765320296,0.9934282454749039
316.3975776432024,0.9931733312988839
316.41757875437526,0.9929184204504675
316.4375798655481,0.9926635130539105
316.4575809767209,0.9924086092334669
316.4775820878938,0.9921537091133846
316.49758319906664,0.9918988128179149
316.51758431023944,0.9916439204713041
316.5375854214123,0.9913890321977976
316.55758653258516,0.9911341481216378
316.577587643758,0.9908792683670673
316.5975887549308,0.9906243930583246
316.6175898661037,0.9903695223196467
316.63759097727655,0.9901146562752674
316.65759208844935,0.9898597950494213
316.6775931996222,0.9896049387663358
316.69759431079507,0.9893500875502398
316.71759542196787,0.9890952415253599
316.73759653314073,0.988840400815916
316.7575976443136,0.9885855655461303
316.77759875548645,0.9883307358402188
316.79759986665925,0.9880759118223982
316.8176009778321,0.9878210936168778
316.837602089005,0.9875662813478686
316.8576032001778,0.9873114751395763
316.87760431135064,0.987056675116204
316.8976054225235,0.9868018814019514
316.9176065336963,0.9865470941210176
316.93760764486916,0.9862923133975939
316.957608756042,0.9860375393558732
316.9776098672149,0.9857827721200418
316.9976109783877,0.9855280118142858
317.01761208956054,0.9852732585627836
317.0376132007334,0.9850185124897137
317.0576143119062,0.9847637737192516
317.07761542307907,0.9845090423755649
317.0976165342519,0.9842543185828224
317.11761764542473,0.9839996024651866
317.1376187565976,0.9837448941468167
317.15761986777045,0.9834901937518676
317.1776209789433,0.9832355014044923
317.1976220901161,0.9829808172288379
317.217623201289,0.9827261413490482
317.23762431246183,0.9824714738892621
317.25762542363464,0.9822168149736176
317.2776265348075,0.981962164726243
317.29762764598036,0.9817075232712679
317.31762875715316,0.9814528907328143
317.337629868326,0.981198267235001
317.3576309794989,0.9809436529019415
317.37763209067174,0.9806890478577461
317.39763320184454,0.9804344522265214
317.4176343130174,0.9801798661323653
317.43763542419026,0.9799252896993758
317.45763653536306,0.9796707230516434
317.4776376465359,0.9794161663132546
317.4976387577088,0.9791616196082904
317.5176398688816,0.9789070830608296
317.53764098005445,0.9786525567949413
317.5576420912273,0.9783980409346944
317.57764320240017,0.9781435356041491
317.59764431357297,0.9778890409273641
317.61764542474583,0.9776345570283882
317.6376465359187,0.9773800840312693
317.6576476470915,0.9771256220600478
317.67764875826435,0.9768711712387591
317.6976498694372,0.9766167316914325
317.71765098061,0.9763623035420939
317.7376520917829,0.9761078869147615
317.75765320295574,0.9758534819334481
317.7776543141286,0.9755990887221628
317.7976554253014,0.9753447074049066
317.81765653647426,0.9750903381056759
317.8376576476471,0.9748359809484602
317.8576587588199,0.9745816360572458
317.8776598699928,0.9743273035560086
317.89766098116564,0.9740729835687227
317.91766209233845,0.9738186762193539
317.9376632035113,0.9735643816318622
317.95766431468417,0.9733100999302009
317.977665425857,0.9730558312383181
317.99766653702983,0.9728015756801563
318.0176676482027,0.9725473333796479
318.03766875937555,0.9722931044607231
318.05766987054835,0.9720388890473033
318.0776709817212,0.9717846872633036
318.0976720928941,0.9715304992326319
318.1176732040669,0.9712763250791924
318.13767431523974,0.9710221649268773
318.1576754264126,0.9707680188995771
318.17767653758546,0.9705138871211718
318.19767764875826,0.9702597697155381
318.2176787599311,0.9700056668065407
318.237679871104,0.969751578518042
318.2576809822768,0.9694975049738945
318.27768209344964,0.9692434462979448
318.2976832046225,0.9689894026140307
318.3176843157953,0.9687353740459858
318.33768542696816,0.9684813607176318
318.357686538141,0.9682273627527866
318.3776876493139,0.9679733802752604
318.3976887604867,0.967719413408854
318.41768987165955,0.9674654622773616
318.4376909828324,0.9672115270045691
318.4576920940052,0.9669576077142571
318.47769320517807,0.9667037045301939
318.49769431635093,0.9664498175761446
318.51769542752373,0.9661959469758636
318.5376965386966,0.9659420928530983
318.55769764986945,0.965688255331587
318.5776987610423,0.9654344345350621
318.5976998722151,0.965180630587246
318.617700983388,0.9649268436118533
318.63770209456084,0.9646730737325899
318.65770320573364,0.9644193210731556
318.6777043169065,0.9641655857572379
318.69770542807936,0.963911867908519
318.7177065392522,0.9636581676506724
318.737707650425,0.9634044851073617
318.7577087615979,0.9631508204022422
318.77770987277074,0.9628971736589604
318.79771098394355,0.9626435450011561
318.8177120951164,0.962389934552456
318.83771320628927,0.9621363424364826
318.85771431746207,0.9618827687768465
318.87771542863493,0.9616292136971503
318.8977165398078,0.9613756773209865
318.91771765098065,0.9611221597719409
318.93771876215345,0.960868661173588
318.9577198733263,0.9606151816494936
318.9777209844992,0.9603617213232134
318.997722095672,0.9601082803182963
319.01772320684483,0.9598548587582791
319.0377243180177,0.9596014567666897
319.0577254291905,0.9593480744670487
319.07772654036336,0.9590947119828628
319.0977276515362,0.9588413694376333
319.1177287627091,0.9585880469548488
319.1377298738819,0.9583347446579913
319.15773098505474,0.9580814626705283
319.1777320962276,0.957828201115922
319.1977332074004,0.9575749601176222
319.21773431857326,0.9573217397990692
319.2377354297461,0.9570685402836925
319.2577365409189,0.956815361694914
319.2777376520918,0.9565622041561412
319.29773876326465,0.956309067790775
319.3177398744375,0.9560559527222052
319.3377409856103,0.9558028590738102
319.35774209678317,0.9555497869689584
319.37774320795603,0.9552967365310072
319.39774431912883,0.955043707883306
319.4177454303017,0.9547907011491888
319.43774654147455,0.9545377164519838
319.45774765264736,0.9542847539150058
319.4777487638202,0.9540318136615591
319.4977498749931,0.953778895814937
319.51775098616594,0.9535260004984236
319.53775209733874,0.9532731278352898
319.5577532085116,0.9530202779487966
319.57775431968446,0.952767450962193
319.59775543085726,0.9525146469987191
319.6177565420301,0.9522618661816001
319.637757653203,0.952009108634053
319.6577587643758,0.9517563744792836
319.67775987554865,0.9515036638404829
319.6977609867215,0.9512509768408344
319.71776209789437,0.9509983136035072
319.73776320906717,0.9507456742516617
319.75776432024,0.9504930589084425
319.7777654314129,0.9502404676969869
319.7977665425857,0.9499879007404177
319.81776765375855,0.9497353581618467
319.8377687649314,0.9494828400843732
319.8577698761042,0.9492303466310871
319.8777709872771,0.9489778779250614
319.89777209844993,0.9487254340893623
319.9177732096228,0.94847301524704
319.9377743207956,0.948220621521136
319.95777543196846,0.947968253034675
319.9777765431413,0.9477159099106734
319.9977776543141,0.9474635922721352
320.017778765487,0.9472113002420478
320.03777987665984,0.946959033943391
320.05778098783264,0.9467067934991293
320.0777820990055,0.9464545790322154
320.09778321017836,0.9462023906655885
320.1177843213512,0.9459502285221771
320.137785432524,0.945698092724895
320.1577865436969,0.9454459833966438
320.17778765486975,0.9451939006603114
320.19778876604255,0.9449418446387756
320.2177898772154,0.9446898154548964
320.23779098838827,0.9444378132315248
320.2577920995611,0.9441858380914985
320.27779321073393,0.9439338901576383
320.2977943219068,0.943681969552756
320.31779543307965,0.9434300763996469
320.33779654425246,0.9431782108210965
320.3577976554253,0.942926372939872
320.3777987665982,0.9426745628787317
320.397799877771,0.9424227807604177
320.41780098894384,0.9421710267076592
320.4378021001167,0.9419193008431711
320.4578032112895,0.941667603289657
320.47780432246236,0.9414159341698024
320.4978054336352,0.9411642936062832
320.5178065448081,0.9409126817217585
320.5378076559809,0.9406610986388761
320.55780876715374,0.940409544480266
320.5778098783266,0.9401580193685473
320.5978109894994,0.9399065234263252
320.61781210067227,0.9396550567761869
320.6378132118451,0.9394036195407096
320.65781432301793,0.939152211842454
320.6778154341908,0.9389008338039665
320.69781654536365,0.9386494855477787
320.7178176565365,0.9383981671964098
320.7378187677093,0.938146878872362
320.7578198788822,0.937895620698124
320.77782099005503,0.937644392796169
320.79782210122784,0.9373931952889576
320.8178232124007,0.9371420282989318
320.83782432357356,0.9368908919485227
320.85782543474636,0.9366397863601441
320.8778265459192,0.9363887116561955
320.8978276570921,0.9361376679590605
320.91782876826494,0.935886655391109
320.93782987943774,0.9356356740746965
320.9578309906106,0.935384724132159
320.97783210178346,0.9351338056858223
320.99783321295627,0.9348829188579937
321.0178343241291,0.934632063770966
321.037835435302,0.9343812405470159
321.0578365464748,0.9341304493084072
321.07783765764765,0.9338796901773834
321.0978387688205,0.9336289632761771
321.11783987999337,0.9333782687270016
321.1378409911662,0.9331276066520581
321.15784210233903,0.9328769771735271
321.1778432135119,0.932626380413578
321.1978443246847,0.9323758164943616
321.21784543585756,0.9321252855380131
321.2378465470304,0.9318747876666512
321.2578476582032,0.9316243230023804
321.2778487693761,0.9313738916672871
321.29784988054894,0.9311234937834414
321.3178509917218,0.930873129472899
321.3378521028946,0.9306227988576974
321.35785321406746,0.9303725020598581
321.3778543252403,0.9301222392013858
321.3978554364131,0.929872010404271
321.417856547586,0.9296218157904832
321.43785765875884,0.9293716554819796
321.45785876993165,0.9291215296006984
321.4778598811045,0.9288714382685611
321.49786099227737,0.9286213816074724
321.5178621034502,0.9283713597393211
321.53786321462303,0.9281213727859793
321.5578643257959,0.9278714208692989
321.57786543696875,0.9276215041111187
321.59786654814155,0.9273716226332581
321.6178676593144,0.9271217765575197
321.6378687704873,0.9268719660056886
321.6578698816601,0.9266221910995346
321.67787099283294,0.926372451960806
321.6978721040058,0.9261227487112381
321.71787321517866,0.9258730814725454
321.73787432635146,0.9256234503664283
321.7578754375243,0.9253738555145649
321.7778765486972,0.9251242970386199
321.79787765987,0.9248747750602381
321.81787877104284,0.924625289701047
321.8378798822157,0.9243758410826556
321.8578809933885,0.9241264293266576
321.87788210456137,0.9238770545546241
321.8978832157342,0.9236277168881122
321.9178843269071,0.9233784164486601
321.9378854380799,0.9231291533577868
321.95788654925275,0.9228799277369936
321.9778876604256,0.9226307397077628
321.9978887715984,0.922381589391561
322.01788988277127,0.9221324769098321
322.03789099394413,0.9218834023840059
322.05789210511693,0.9216343659354911
322.0778932162898,0.9213853676856785
322.09789432746265,0.9211364077559396
322.1178954386355,0.9208874862676294
322.1378965498083,0.920638603342082
322.1578976609812,0.9203897591006133
322.17789877215404,0.9201409536645199
322.19789988332684,0.9198921871550818
322.2179009944997,0.9196434596935558
322.23790210567256,0.9193947714011834
322.25790321684536,0.9191461223991869
322.2779043280182,0.9188975128087659
322.2979054391911,0.9186489427511049
322.31790655036394,0.9184004123473661
322.33790766153675,0.9181519217186958
322.3579087727096,0.9179034709862158
322.37790988388247,0.9176550602710338
322.39791099505527,0.9174066896942348
322.41791210622813,0.917158359376885
322.437913217401,0.9169100694400304
322.4579143285738,0.9166618200046999
322.47791543974665,0.9164136111918981
322.4979165509195,0.9161654431226145
322.5179176620924,0.9159173159178151
322.5379187732652,0.9156692296984489
322.55791988443804,0.915421184585443
322.5779209956109,0.9151731806997043
322.5979221067837,0.9149252181621221
322.61792321795656,0.9146772970935615
322.6379243291294,0.9144294176148713
322.6579254403022,0.9141815798468779
322.6779265514751,0.9139337839103877
322.69792766264794,0.9136860299261863
322.7179287738208,0.9134383180150406
322.7379298849936,0.9131906482976953
322.75793099616646,0.9129430208948748
322.7779321073393,0.9126954359272827
322.7979332185121,0.9124478935156041
322.817934329685,0.912200393780499
322.83793544085785,0.9119529368426106
322.85793655203065,0.9117055228225608
322.8779376632035,0.9114581518409473
322.89793877437637,0.911210824018351
322.91793988554923,0.9109635394753284
322.93794099672203,0.9107162983324184
322.9579421078949,0.9104691007101342
322.97794321906775,0.9102219467289722
322.99794433024056,0.909974836509405
323.0179454414134,0.9097277701718844
323.0379465525863,0.9094807478368405
323.0579476637591,0.9092337696246842
323.07794877493194,0.9089868356558004
323.0979498861048,0.908739946050557
323.11795099727766,0.9084931009292971
323.13795210845046,0.9082463004123454
323.1579532196233,0.9079995446200002
323.1779543307962,0.907752833672542
323.197955441969,0.9075061676902293
323.21795655314185,0.9072595467932949
323.2379576643147,0.9070129711019541
323.25795877548757,0.906766440736397
323.27795988666037,0.9065199558167948
323.29796099783323,0.9062735164632919
323.3179621090061,0.9060271227960153
323.3379632201789,0.9057807749350668
323.35796433135175,0.9055344730005269
323.3779654425246,0.9052882171124528
323.3979665536974,0.9050420073908818
323.4179676648703,0.9047958439558244
323.43796877604314,0.9045497269272728
323.457969887216,0.9043036564251936
323.4779709983888,0.9040576325695339
323.49797210956166,0.9038116554802132
323.5179732207345,0.9035657252771327
323.5379743319073,0.9033198420801702
323.5579754430802,0.903074006009177
323.57797655425304,0.9028282171839858
323.59797766542584,0.9025824757244039
323.6179787765987,0.9023367817502157
323.63797988777156,0.9020911353811825
323.6579809989444,0.9018455367370436
323.6779821101172,0.9015999859375137
323.6979832212901,0.9013544831022845
323.71798433246295,0.9011090283510238
323.73798544363575,0.9008636218033783
323.7579865548086,0.9006182635789671
323.77798766598147,0.9003729537973894
323.7979887771543,0.9001276925782206
323.81798988832713,0.8998824800410088
323.8379909995,0.899637316305283
323.85799211067285,0.8993922014905448
323.87799322184566,0.8991471357162755
323.8979943330185,0.8989021191019279
323.9179954441914,0.8986571517669352
323.9379965553642,0.8984122338307041
323.95799766653704,0.8981673654126181
323.9779987777099,0.8979225466320356
323.9979998888827,0.8976777776082935
324.01800100005556,0.8974330584607
324.0380021112284,0.8971883893085433
324.0580032224013,0.8969437702710841
324.0780043335741,0.896699201467562
324.09800544474695,0.8964546830171877
324.1180065559198,0.8962102150391508
324.1380076670926,0.8959657976526165
324.15800877826547,0.8957214309767219
324.17800988943833,0.8954771151305831
324.19801100061113,0.8952328502332897
324.218012111784,0.8949886364039062
324.23801322295685,0.8947444737614725
324.2580143341297,0.8945003624250045
324.2780154453025,0.8942563025134921
324.2980165564754,0.8940122941459002
324.31801766764823,0.8937683374411681
324.33801877882104,0.8935244325182125
324.3580198899939,0.8932805794959202
324.37802100116676,0.8930367784931574
324.39802211233956,0.8927930296287625
324.4180232235124,0.8925493330215488
324.4380243346853,0.8923056887903036
324.45802544585814,0.8920620970537899
324.47802655703094,0.8918185579307458
324.4980276682038,0.8915750715398802
324.51802877937666,0.8913316379998805
324.53802989054947,0.8910882574294055
324.5580310017223,0.8908449299470892
324.5780321128952,0.8906016556715393
324.598033224068,0.8903584347213394
324.61803433524085,0.8901152672150433
324.6380354464137,0.8898721532711829
324.65803655758657,0.8896290930082609
324.6780376687594,0.8893860865447569
324.69803877993223,0.8891431339991201
324.7180398911051,0.8889002354897777
324.7380410022779,0.8886573911351278
324.75804211345076,0.888414601053543
324.7780432246236,0.8881718653633687
324.7980443357964,0.8879291841829259
324.8180454469693,0.8876865576305069
324.83804655814214,0.8874439858243774
324.858047669315,0.8872014688827784
324.8780487804878,0.8869590069239223
324.89804989166066,0.886716600065995
324.9180510028335,0.8864742484271553
324.9380521140063,0.8862319521255375
324.9580532251792,0.8859897112792444
324.97805433635205,0.8857475260063564
324.99805544752485,0.885505396424924
325.0180565586977,0.8852633226529713
325.03805766987057,0.8850213048084947
325.0580587810434,0.8847793430094645
325.07805989221623,0.8845374373738242
325.0980610033891,0.8842955880194863
325.11806211456195,0.8840537950643402
325.13806322573475,0.8838120586262455
325.1580643369076,0.8835703788230345
325.1780654480805,0.8833287557725115
325.1980665592533,0.8830871895924556
325.21806767042614,0.8828456804006137
325.238068781599,0.8826042283147097
325.25806989277186,0.882362833452436
325.27807100394466,0.8821214959314605
325.2980721151175,0.8818802158694188
325.3180732262904,0.8816389933839228
325.3380743374632,0.8813978285925539
325.35807544863604,0.8811567216128657
325.3780765598089,0.8809156725623836
325.3980776709817,0.8806746815586067
325.41807878215457,0.8804337487190017
325.4380798933274,0.8801928741610107
325.4580810045003,0.8799520580020465
325.4780821156731,0.8797113003594925
325.49808322684595,0.8794706013507041
325.5180843380188,0.8792299610930076
325.5380854491916,0.8789893797037028
325.5580865603645,0.8787488573000569
325.57808767153733,0.8785083939993124
325.59808878271014,0.8782679899186806
325.618089893883,0.8780276451753445
325.63809100505586,0.8777873598864577
325.6580921162287,0.8775471341691465
325.6780932274015,0.8773069681405065
325.6980943385744,0.8770668619176045
325.71809544974724,0.876826815617478
325.73809656092004,0.8765868293571373
325.7580976720929,0.8763469032535594
325.77809878326576,0.8761070374236957
325.79809989443856,0.8758672319844678
325.8181010056114,0.8756274870527648
325.8381021167843,0.8753878027454502
325.85810322795714,0.875148179179355
325.87810433912995,0.8749086164712836
325.8981054503028,0.8746691147380063
325.91810656147567,0.8744296740962685
325.93810767264847,0.8741902946627828
325.95810878382133,0.8739509765542327
325.9781098949942,0.8737117198872715
325.998111006167,0.8734725247785247
326.01811211733985,0.8732333913445836
326.0381132285127,0.8729943197020136
326.0581143396856,0.8727553099673473
326.0781154508584,0.8725163622570891
326.09811656203124,0.8722774766877115
326.1181176732041,0.872038653375657
326.1381187843769,0.8717998924373397
326.15811989554976,0.8715611939891393
326.1781210067226,0.8713225581474096
326.1981221178954,0.8710839850284706
326.2181232290683,0.8708454747486133
326.23812434024114,0.8706070274240968
326.258125451414,0.8703686431711516
326.2781265625868,0.8701303221059756
326.29812767375967,0.8698920643447365
326.3181287849325,0.8696538700035706
326.33812989610533,0.8694157391985856
326.3581310072782,0.8691776720458539
326.37813211845105,0.8689396686614209
326.39813322962385,0.8687017291613005
326.4181343407967,0.8684638536614719
326.4381354519696,0.8682260422778877
326.45813656314243,0.8679882951264657
326.47813767431524,0.8677506123230958
326.4981387854881,0.8675129939836321
326.51813989666095,0.8672754402239016
326.53814100783376,0.8670379511596973
326.5581421190066,0.8668005269067816
326.5781432301795,0.866563167580884
326.5981443413523,0.8663258732977057
326.61814545252514,0.8660886441729112
326.638146563698,0.8658514803221378
326.65814767487086,0.865614381860988
326.67814878604366,0.8653773489050353
326.6981498972165,0.8651403815698171
326.7181510083894,0.8649034799708424
326.7381521195622,0.8646666442235883
326.75815323073505,0.8644298744434961
326.7781543419079,0.8641931707459789
326.7981554530807,0.8639565332464157
326.81815656425357,0.8637199620601536
326.83815767542643,0.8634834573025064
326.8581587865993,0.8632470190887579
326.8781598977721,0.8630106475341575
326.89816100894495,0.8627743427539223
326.9181621201178,0.8625381048632368
326.9381632312906,0.8623019339772551
326.9581643424635,0.8620658302110944
326.97816545363634,0.8618297936798432
326.99816656480914,0.8615938244985554
327.018167675982,0.8613579227822519
327.03816878715486,0.8611220886459207
327.0581698983277,0.8608863222045178
327.0781710095005,0.860650623572967
327.0981721206734,0.8604149928661551
327.11817323184624,0.8601794301989404
327.13817434301905,0.8599439356861454
327.1581754541919,0.8597085094425598
327.17817656536477,0.85947315158294
327.19817767653757,0.8592378622220109
327.21817878771043,0.85900264147446
327.2381798988833,0.8587674894549457
327.25818101005615,0.8585324062780897
327.27818212122895,0.8582973920584832
327.2981832324018,0.8580624469106796
327.31818434357467,0.8578275709492028
327.3381854547475,0.8575927642885408
327.35818656592033,0.8573580270431473
327.3781876770932,0.8571233593274447
327.398188788266,0.856888761255819
327.41818989943886,0.8566542329426232
327.4381910106117,0.8564197745021758
327.4581921217846,0.8561853860487627
327.4781932329574,0.8559510676966343
327.49819434413024,0.855716819560007
327.5181954553031,0.8554826417530627
327.5381965664759,0.8552485343899512
327.55819767764876,0.855014497584784
327.5781987888216,0.8547805314516421
327.5981998999944,0.85454663610457
327.6182010111673,0.8543128116575781
327.63820212234015,0.8540790582246416
327.658203233513,0.8538453759197022
327.6782043446858,0.8536117648566679
327.69820545585867,0.8533782251494082
327.71820656703153,0.8531447569117616
327.73820767820433,0.8529113602575301
327.7582087893772,0.8526780353004808
327.77820990055005,0.8524447821543457
327.7982110117229,0.8522116009328231
327.8182121228957,0.851978491749575
327.8382132340686,0.8517454547182285
327.85821434524144,0.8515124899523749
327.87821545641424,0.851279597565573
327.8982165675871,0.851046777671342
327.91821767875996,0.8508140303831696
327.93821878993276,0.8505813558145063
327.9582199011056,0.8503487540787673
327.9782210122785,0.850116225289332
327.99822212345134,0.849883769559545
328.01822323462414,0.8496513870027165
328.038224345797,0.849419077732117
328.05822545696986,0.8491868418609856
328.07822656814267,0.8489546795025231
328.0982276793155,0.8487225907698955
328.1182287904884,0.8484905757762318
328.1382299016612,0.8482586346346275
328.15823101283405,0.8480267674581383
328.1782321240069,0.8477949743597878
328.19823323517977,0.8475632554525604
328.2182343463526,0.8473316108494074
328.23823545752543,0.8471000406632399
328.2582365686983,0.8468685450069364
328.2782376798711,0.8466371239933372
328.29823879104396,0.8464057777352467
328.3182399022168,0.8461745063454322
328.3382410133896,0.8459433099366267
328.3582421245625,0.8457121886215228
328.37824323573534,0.8454811425127798
328.3982443469082,0.8452501717230201
328.418245458081,0.8450192763648278
328.43824656925386,0.844788456550751
328.4582476804267,0.8445577123933004
328.4782487915995,0.8443270440049521
328.4982499027724,0.8440964514981414
328.51825101394525,0.8438659349852704
328.53825212511805,0.8436354945787019
328.5582532362909,0.8434051303907624
328.57825434746377,0.8431748425337404
328.59825545863663,0.8429446311198884
328.61825656980943,0.8427144962614224
328.6382576809823,0.8424844380705174
328.65825879215515,0.8422544566593152
328.67825990332796,0.8420245521399178
328.6982610145008,0.8417947246243903
328.7182621256737,0.8415649742247597
328.7382632368465,0.8413353010530178
328.75826434801934,0.8411057052211147
328.7782654591922,0.8408761868409667
328.79826657036506,0.8406467460244493
328.81826768153786,0.8404173828834038
328.8382687927107,0.8401880975296288
328.8582699038836,0.8399588900748894
328.8782710150564,0.8397297606309104
328.89827212622924,0.8395007093093793
328.9182732374021,0.8392717362219444
328.9382743485749,0.8390428414802187
328.95827545974777,0.8388140251957729
328.9782765709206,0.8385852874801426
328.9982776820935,0.838356628444825
329.0182787932663,0.8381280482012774
329.03827990443915,0.8378995468609194
329.058281015612,0.8376711245351316
329.0782821267848,0.8374427813352585
329.0982832379577,0.8372145173726017
329.11828434913053,0.8369863327584284
329.13828546030334,0.8367582276039648
329.1582865714762,0.836530202020399
329.17828768264906,0.8363022561188795
329.1982887938219,0.8360743900105181
329.2182899049947,0.8358466038063856
329.2382910161676,0.8356188976175146
329.25829212734044,0.835391271554898
329.27829323851324,0.8351637257294922
329.2982943496861,0.8349362602522101
329.31829546085896,0.8347088752339292
329.33829657203177,0.8344815707854877
329.3582976832046,0.8342543470176809
329.3782987943775,0.8340272040412691
329.39829990555035,0.83380014196697
329.41830101672315,0.8335731609054651
329.438302127896,0.833346260967392
329.45830323906887,0.8331194422633531
329.4783043502417,0.8328927049039089
329.49830546141453,0.8326660489995805
329.5183065725874,0.8324394746608491
329.5383076837602,0.8322129819981582
329.55830879493305,0.8319865711219075
329.5783099061059,0.831760242142461
329.5983110172788,0.8315339951701397
329.6183121284516,0.8313078303152273
329.63831323962444,0.8310817476879651
329.6583143507973,0.8308557473985547
329.6783154619701,0.8306298295571602
329.69831657314296,0.830403994273901
329.7183176843158,0.8301782416588603
329.7383187954886,0.8299525718220789
329.7583199066615,0.8297269848735579
329.77832101783434,0.829501480923257
329.7983221290072,0.8292760600810978
329.81832324018,0.8290507224569591
329.83832435135287,0.8288254681606799
329.8583254625257,0.8286002973020581
329.87832657369853,0.828375209990853
329.8983276848714,0.8281502063367796
329.91832879604425,0.8279252864495152
329.93832990721705,0.8277004504386962
329.9583310183899,0.8274756984139149
329.9783321295628,0.8272510304847267
329.99833324073563,0.8270264467606429
330.01833435190844,0.8268019473511368
330.0383354630813,0.8265775323656366
330.05833657425416,0.8263532019135332
330.07833768542696,0.8261289561041743
330.0983387965998,0.8259047950468665
330.1183399077727,0.825680718850875
330.1383410189455,0.8254567276254254
330.15834213011834,0.8252328214796983
330.1783432412912,0.8250090005228368
330.19834435246406,0.8247852648639392
330.21834546363687,0.8245616146120656
330.2383465748097,0.82433804987623
330.2583476859826,0.8241145707654087
330.2783487971554,0.8238911773885358
330.29834990832825,0.8236678698545002
330.3183510195011,0.8234446482721534
330.3383521306739,0.8232215127503022
330.35835324184677,0.8229984633977121
330.37835435301963,0.8227755003231064
330.3983554641925,0.8225526236351677
330.4183565753653,0.822329833442535
330.43835768653815,0.8221071298538054
330.458358797711,0.8218845129775336
330.4783599088838,0.8216619829222339
330.4983610200567,0.8214395397963749
330.51836213122954,0.821217183708386
330.53836324240234,0.8209949147666527
330.5583643535752,0.8207727330795178
330.57836546474806,0.8205506387552819
330.5983665759209,0.8203286319022034
330.6183676870937,0.8201067126284989
330.6383687982666,0.8198848810423389
330.65836990943944,0.8196631372518552
330.67837102061225,0.8194414813651346
330.6983721317851,0.8192199134902213
330.71837324295797,0.8189984337351162
330.73837435413077,0.8187770422077796
330.75837546530363,0.8185557390161249
330.7783765764765,0.818334524268026
330.79837768764935,0.8181133980713113
330.81837879882215,0.8178923605337688
330.838379909995,0.817671411763139
330.8583810211679,0.8174505518671235
330.8783821323407,0.8172297809533778
330.89838324351354,0.8170090991295148
330.9183843546864,0.8167885065031049
330.9383854658592,0.8165680031816738
330.95838657703206,0.816347589272704
330.9783876882049,0.816127264883634
330.9983887993778,0.8159070301218603
331.0183899105506,0.8156868850947339
331.03839102172344,0.8154668299095628
331.0583921328963,0.8152468646736106
331.0783932440691,0.8150269894940992
331.09839435524196,0.8148072044782029
331.1183954664148,0.8145875097330558
331.1383965775876,0.8143679053657457
331.1583976887605,0.814148391483317
331.17839879993335,0.8139289681927695
331.1983999111062,0.8137096356010598
331.218401022279,0.813490393815101
331.23840213345187,0.8132712429417587
331.25840324462473,0.8130521830878575
331.27840435579753,0.8128332143601762
331.2984054669704,0.812614336865449
331.31840657814325,0.8123955507103658
331.33840768931606,0.8121768560015736
331.3584088004889,0.8119582528456714
331.3784099116618,0.8117397413492169
331.39841102283464,0.8115213216187209
331.41841213400744,0.811302993760652
331.4384132451803,0.81108475788143
331.45841435635316,0.810866614087434
331.47841546752596,0.810648562484996
331.4984165786988,0.8104306031804032
331.5184176898717,0.8102127362798979
331.5384188010445,0.8099949618896791
331.55841991221735,0.8097772801158971
331.5784210233902,0.8095596910646601
331.59842213456307,0.8093421948420306
331.61842324573587,0.8091247915540251
331.63842435690873,0.8089074813066149
331.6584254680816,0.8086902642057258
331.6784265792544,0.8084731403572399
331.69842769042725,0.8082561098669905
331.7184288016001,0.808039172840769
331.7384299127729,0.8078223293843191
331.7584310239458,0.8076055796033392
331.77843213511863,0.8073889236034819
331.7984332462915,0.8071723614903556
331.8184343574643,0.8069558933695211
331.83843546863716,0.8067395193464939
331.85843657981,0.8065232395267435
331.8784376909828,0.8063070540156954
331.8984388021557,0.8060909629187252
331.91843991332854,0.8058749663411658
331.93844102450134,0.8056590643883043
331.9584421356742,0.805443257165378
331.97844324684706,0.8052275447775823
331.9984443580199,0.8050119273300631
332.0184454691927,0.8047964049279233
332.0384465803656,0.8045809776762152
332.05844769153845,0.8043656456799487
332.07844880271125,0.8041504090440853
332.0984499138841,0.8039352678735403
332.11845102505697,0.8037202222731819
332.1384521362298,0.8035052723478342
332.15845324740263,0.8032904182022704
332.1784543585755,0.8030756599412208
332.19845546974835,0.8028609976693679
332.21845658092116,0.8026464314913466
332.238457692094,0.8024319615117457
332.2584588032669,0.802217587835106
332.2784599144397,0.8020033105659241
332.29846102561254,0.8017891298086455
332.3184621367854,0.8015750456676725
332.33846324795826,0.8013610582473576
332.35846435913106,0.8011471676520091
332.3784654703039,0.8009333739858838
332.3984665814768,0.8007196773531955
332.4184676926496,0.8005060778581083
332.43846880382245,0.8002925756047397
332.4584699149953,0.800079170697159
332.4784710261681,0.7998658632393902
332.49847213734097,0.7996526533354066
332.5184732485138,0.7994395410891363
332.5384743596867,0.7992265266044599
332.5584754708595,0.7990136099852091
332.57847658203235,0.7988007913351682
332.5984776932052,0.7985880707580737
332.618478804378,0.7983754483576161
332.6384799155509,0.7981629242374341
332.65848102672373,0.7979504985011228
332.67848213789654,0.7977381712522266
332.6984832490694,0.7975259425942429
332.71848436024226,0.7973138126306203
332.7384854714151,0.797101781464761
332.7584865825879,0.7968898492000172
332.7784876937608,0.7966780159396937
332.79848880493364,0.7964662817870464
332.81848991610644,0.7962546468452849
332.8384910272793,0.796043111217567
332.85849213845216,0.795831675007005
332.87849324962497,0.795620338316663
332.8984943607978,0.795409101249553
332.9184954719707,0.7951979639086426
332.93849658314355,0.7949869263968481
332.95849769431635,0.7947759888170393
332.9784988054892,0.794565151272034
332.99849991666207,0.794354413864605
333.0185010278349,0.794143776697474
333.03850213900773,0.7939332398733144
333.0585032501806,0.7937228034947501
333.0785043613534,0.7935124676643582
333.09850547252626,0.7933022324846633
333.1185065836991,0.7930920980581442
333.138507694872,0.7928820644872283
333.1585088060448,0.7926721318742964
333.17850991721764,0.7924623003216764
333.1985110283905,0.7922525699316498
333.2185121395633,0.7920429408064495
333.23851325073616,0.7918334130482552
333.258514361909,0.7916239867592009
333.2785154730818,0.7914146620413696
333.2985165842547,0.7912054389967947
333.31851769542754,0.7909963177274599
333.3385188066004,0.7907872983353008
333.3585199177732,0.7905783809222017
333.37852102894607,0.7903695655899976
333.3985221401189,0.7901608524404733
333.41852325129173,0.7899522415753661
333.4385243624646,0.7897437330963596
333.45852547363745,0.7895353271050906
333.47852658481025,0.7893270237031458
333.4985276959831,0.7891188229920592
333.518528807156,0.788910725073318
333.53852991832883,0.7887027300483569
333.55853102950164,0.7884948380185629
333.5785321406745,0.7882870490852694
333.59853325184736,0.7880793633497627
333.61853436302016,0.7878717809132773
333.638535474193,0.7876643018769974
333.6585365853659,0.7874569263420567
333.6785376965387,0.7872496544095402
333.69853880771154,0.7870424861804788
333.7185399188844,0.7868354217558566
333.73854103005726,0.7866284612366046
333.75854214123007,0.7864216047236054
333.7785432524029,0.7862148523176877
333.7985443635758,0.7860082041196321
333.8185454747486,0.7858016602301688
333.83854658592145,0.7855952207499739
333.8585476970943,0.7853888857796761
333.8785488082671,0.7851826554198513
333.89854991944,0.784976529771025
333.91855103061283,0.7847705089336707
333.9385521417857,0.7845645930082129
333.9585532529585,0.784358782095023
333.97855436413136,0.7841530762944219
333.9985554753042,0.7839474757066787
334.018556586477,0.7837419804320134
334.0385576976499,0.7835365905705909
334.05855880882274,0.7833313062225284
334.07855991999554,0.7831261274878898
334.0985610311684,0.7829210544666875
334.11856214234126,0.7827160872588824
334.1385632535141,0.7825112259643846
334.1585643646869,0.7823064706830531
334.1785654758598,0.7821018215146922
334.19856658703264,0.781897278559058
334.21856769820545,0.7816928419158529
334.2385688093783,0.7814885116847279
334.25856992055117,0.7812842879652815
334.27857103172397,0.7810801708570625
334.29857214289683,0.7808761604595642
334.3185732540697,0.7806722568722314
334.33857436524255,0.7804684601944541
334.35857547641535,0.7802647705255731
334.3785765875882,0.7800611879648729
334.3985776987611,0.7798577126115902
334.4185788099339,0.7796543445649065
334.43857992110674,0.7794510839239517
334.4585810322796,0.7792479307878044
334.4785821434524,0.7790448852554896
334.49858325462526,0.7788419474259802
334.5185843657981,0.7786391173981961
334.538585476971,0.778436395271006
334.5585865881438,0.7782337811432252
334.57858769931664,0.7780312751136158
334.5985888104895,0.7778288772808875
334.6185899216623,0.7776265877436989
334.63859103283517,0.7774244066006524
334.658592144008,0.7772223339503013
334.67859325518083,0.7770203698911435
334.6985943663537,0.7768185145216251
334.71859547752655,0.7766167679401381
334.7385965886994,0.7764151302450228
334.7585976998722,0.7762136015345671
334.7785988110451,0.7760121819070024
334.79859992221793,0.7758108714605105
334.81860103339073,0.7756096702932181
334.8386021445636,0.7754085785031993
334.85860325573645,0.775207596188474
334.87860436690926,0.775006723447011
334.8986054780821,0.7748059603767221
334.918606589255,0.7746053070754692
334.93860770042784,0.774404763641058
334.95860881160064,0.7742043301712435
334.9786099227735,0.774004006763723
334.99861103394636,0.7738037935161446
335.01861214511916,0.7736036905260998
335.038613256292,0.7734036978911273
335.0586143674649,0.7732038157087113
335.0786154786377,0.7730040440762844
335.09861658981055,0.7728043830912217
335.1186177009834,0.7726048328508472
335.13861881215627,0.7724053934524309
335.15861992332907,0.772206064993187
335.17862103450193,0.7720068475702768
335.1986221456748,0.7718077412808069
335.2186232568476,0.7716087462218312
335.23862436802045,0.7714098624903465
335.2586254791933,0.7712110901832985
335.2786265903661,0.7710124293975766
335.298627701539,0.7708138802300166
335.31862881271184,0.7706154427773992
335.3386299238847,0.770417117136452
335.3586310350575,0.7702189034038469
335.37863214623036,0.7700208016762013
335.3986332574032,0.7698228120500783
335.418634368576,0.7696249346219874
335.4386354797489,0.7694271694883806
335.45863659092174,0.7692295167456579
335.47863770209455,0.7690319764901645
335.4986388132674,0.768834548818188
335.51863992444027,0.7686372338259642
335.5386410356131,0.7684400316096718
335.5586421467859,0.7682429422654369
335.5786432579588,0.7680459658893273
335.59864436913165,0.7678491025773589
335.61864548030445,0.7676523524254908
335.6386465914773,0.767455715529627
335.65864770265017,0.7672591919856164
335.678648813823,0.7670627818892541
335.69864992499583,0.7668664853362769
335.7186510361687,0.7666703024223687
335.73865214734155,0.766474233243158
335.75865325851436,0.7662782778942164
335.7786543696872,0.7660824364710611
335.7986554808601,0.7658867090691527
335.8186565920329,0.7656910957838986
335.83865770320574,0.7654955967106468
335.8586588143786,0.7653002119446933
335.8786599255514,0.7651049415812765
335.89866103672426,0.7649097857155792
335.9186621478971,0.764714744442728
335.93866325907,0.7645198178577954
335.9586643702428,0.7643250060557965
335.97866548141565,0.7641303091316902
335.9986665925885,0.7639357271803797
336.0186677037613,0.7637412602967142
336.03866881493417,0.7635469085754826
336.05866992610703,0.7633526721114214
336.07867103727983,0.7631585509992105
336.0986721484527,0.7629645453334706
336.11867325962555,0.7627706552087699
336.1386743707984,0.7625768807196174
336.1586754819712,0.7623832219604686
336.1786765931441,0.7621896790257188
336.19867770431694,0.7619962520097106
336.21867881548974,0.7618029410067276
336.2386799266626,0.7616097461109982
336.25868103783546,0.7614166674166928
336.27868214900826,0.7612237050179278
336.2986832601811,0.7610308590087591
336.318684371354,0.7608381294831894
336.33868548252684,0.7606455165351623
336.35868659369964,0.7604530202585669
336.3786877048725,0.7602606407472318
336.39868881604536,0.760068378094932
336.41868992721817,0.7598762323953854
336.438691038391,0.75968420374225
336.4586921495639,0.7594922922291298
336.4786932607367,0.7593004979495703
336.49869437190955,0.7591088209970601
336.5186954830824,0.75891726146503
336.53869659425527,0.7587258194468551
336.5586977054281,0.758534495035852
336.57869881660093,0.7583432883252801
336.5986999277738,0.7581521994083411
336.6187010389466,0.7579612283781811
336.63870215011946,0.7577703753278858
336.6587032612923,0.7575796403504862
336.6787043724651,0.7573890235389542
336.698705483638,0.7571985249862042
336.71870659481084,0.7570081447850929
336.7387077059837,0.7568178830284201
336.7587088171565,0.7566277398089283
336.77870992832936,0.7564377152192994
336.7987110395022,0.7562478093521607
336.818712150675,0.7560580223000799
336.8387132618479,0.7558683541555672
336.85871437302075,0.7556788050110743
336.8787154841936,0.7554893749589964
336.8987165953664,0.7553000640916693
336.91871770653927,0.7551108725013708
336.93871881771213,0.7549218002803204
336.95871992888493,0.7547328475206816
336.9787210400578,0.7545440143145556
336.99872215123065,0.7543553007539889
337.01872326240346,0.7541667069309692
337.0387243735763,0.7539782329374233
337.0587254847492,0.7537898788652224
337.07872659592203,0.7536016448061778
337.09872770709484,0.7534135308520435
337.1187288182677,0.7532255370945128
337.13872992944056,0.7530376636252228
337.15873104061336,0.7528499105357507
337.1787321517862,0.752662277917615
337.1987332629591,0.7524747658622754
337.2187343741319,0.7522873744611346
337.23873548530474,0.752100103805533
337.2587365964776,0.7519129539867557
337.27873770765046,0.7517259250960265
337.29873881882327,0.7515390172245124
337.3187399299961,0.7513522304633186
337.338741041169,0.7511655649034933
337.3587421523418,0.7509790206360263
337.37874326351465,0.7507925977518453
337.3987443746875,0.7506062963418219
337.4187454858603,0.7504201164967668
337.4387465970332,0.750234058307432
337.45874770820603,0.7500481218645094
337.4787488193789,0.7498623072586335
337.4987499305517,0.7496766145803773
337.51875104172456,0.7494910439202553
337.5387521528974,0.7493055953687222
337.5587532640702,0.7491202690161747
337.5787543752431,0.7489350649529467
337.59875548641594,0.748749983269316
337.61875659758874,0.7485650240554984
337.6387577087616,0.7483801874016511
337.65875881993446,0.7481954733978708
337.6787599311073,0.7480108821341951
337.6987610422801,0.7478264137006027
337.718762153453,0.7476420681870091
337.73876326462585,0.7474578456832738
337.75876437579865,0.7472737462791939
337.7787654869715,0.7470897700645072
337.79876659814437,0.746905917128891
337.81876770931717,0.7467221875619645
337.83876882049003,0.746538581453283
337.8587699316629,0.7463550988923455
337.87877104283575,0.7461717399685882
337.89877215400855,0.7459885047713892
337.9187732651814,0.7458053933900631
337.9387743763543,0.7456224059138677
337.9587754875271,0.7454395424319982
337.97877659869994,0.7452568030335895
337.9987777098728,0.7450741878077174
338.0187788210456,0.7448916968433956
338.03877993221846,0.7447093302295781
338.0587810433913,0.7445270880551575
338.0787821545642,0.7443449704089672
338.098783265737,0.7441629773797784
338.11878437690984,0.7439811090563025
338.1387854880827,0.7437993655271891
338.1587865992555,0.7436177468810289
338.17878771042837,0.7434362532063487
338.1987888216012,0.7432548845916176
338.21878993277403,0.7430736411252417
338.2387910439469,0.7428925228955667
338.25879215511975,0.7427115299908769
338.2787932662926,0.7425306624993961
338.2987943774654,0.742349920509288
338.3187954886383,0.7421693041086516
338.33879659981113,0.7419888133855285
338.35879771098394,0.7418084484278968
338.3787988221568,0.7416282093236742
338.39879993332966,0.7414480961607164
338.41880104450246,0.7412681090268192
338.4388021556753,0.7410882480097143
338.4588032668482,0.7409085131970747
338.47880437802104,0.7407289046765101
338.49880548919384,0.7405494225355702
338.5188066003667,0.7403700668617407
338.53880771153956,0.7401908377424482
338.55880882271236,0.740011735265056
338.5788099338852,0.7398327595168663
338.5988110450581,0.7396539105851192
338.6188121562309,0.739475188556994
338.63881326740375,0.7392965935196059
338.6588143785766,0.7391181255600103
338.67881548974947,0.7389397847652007
338.69881660092227,0.7387615712221074
338.71881771209513,0.7385834850175987
338.738818823268,0.7384055262384815
338.7588199344408,0.7382276949715014
338.77882104561365,0.7380499913033391
338.7988221567865,0.7378724153206161
338.8188232679593,0.73769496710989
338.8388243791322,0.7375176467576565
338.85882549030504,0.7373404543503487
338.8788266014779,0.7371633899743382
338.8988277126507,0.7369864537159334
338.91882882382356,0.7368096456613804
338.9388299349964,0.7366329658968624
338.9588310461692,0.7364564145085021
338.9788321573421,0.7362799915823559
338.99883326851494,0.7361036972044209
339.01883437968775,0.7359275314606313
339.0388354908606,0.7357514944368557
339.05883660203347,0.7355755862189035
339.0788377132063,0.7353998068925186
339.09883882437913,0.7352241565433848
339.118839935552,0.7350486352571196
339.13884104672485,0.7348732431192808
339.15884215789765,0.7346979802153614
339.1788432690705,0.7345228466307918
339.1988443802434,0.7343478424509393
339.2188454914162,0.7341729677611095
339.23884660258904,0.7339982226465419
339.2588477137619,0.7338236071924154
339.27884882493476,0.7336491214838454
339.29884993610756,0.7334747656058833
339.3188510472804,0.7333005396435172
339.3388521584533,0.7331264436816718
339.3588532696261,0.7329524778052102
339.37885438079894,0.7327786420989288
339.3988554919718,0.7326049366475639
339.4188566031446,0.7324313615357863
339.43885771431746,0.7322579168482037
339.4588588254903,0.73208460266936
339.4788599366632,0.7319114190837368
339.498861047836,0.7317383661757504
339.51886215900885,0.7315654440297541
339.5388632701817,0.7313926527300372
339.5588643813545,0.7312199923608265
339.57886549252737,0.7310474630062822
339.59886660370023,0.7308750647505033
339.61886771487303,0.7307027976775248
339.6388688260459,0.7305306618713152
339.65886993721875,0.730358657415782
339.6788710483916,0.7301867843947665
339.6988721595644,0.7300150428920482
339.7188732707373,0.7298434329913394
339.73887438191014,0.7296719547762911
339.75887549308294,0.7295006083304888
339.7788766042558,0.7293293937374539
339.79887771542866,0.7291583110806429
339.81887882660146,0.7289873604434502
339.8388799377743,0.7288165419092026
339.8588810489472,0.7286458555611655
339.87888216012004,0.7284753014825377
339.89888327129285,0.7283048797564557
339.9188843824657,0.7281345904659886
339.93888549363857,0.7279644336941432
339.95888660481137,0.7277944095238622
339.97888771598423,0.7276245180380205
339.9988888271571,0.7274547593194318
340.0188899383299,0.7272851334508432
340.03889104950275,0.7271156405149376
340.0588921606756,0.7269462805943323
340.0788932718485,0.7267770537715814
340.0988943830213,0.7266079601291728
340.11889549419413,0.7264389997495299
340.138896605367,0.7262701727150104
340.1588977165398,0.7261014791079091
340.17889882771266,0.7259329190104526
340.1988999388855,0.7257644925048057
340.2189010500583,0.725596199673066
340.2389021612312,0.7254280405972662
340.25890327240404,0.725260015359374
340.2789043835769,0.7250921240412924
340.2989054947497,0.7249243667248594
340.31890660592256,0.7247567434918452
340.3389077170954,0.7245892544239578
340.3589088282682,0.7244218996028381
340.3789099394411,0.7242546791100616
340.39891105061395,0.7240875930271383
340.41891216178675,0.7239206414355144
340.4389132729596,0.7237538244165671
340.45891438413247,0.7235871420516115
340.47891549530533,0.7234205944218947
340.49891660647813,0.7232541816086002
340.518917717651,0.7230879036928431
340.53891882882385,0.722921760755675
340.55891993999666,0.7227557528780817
340.5789210511695,0.7225898801409809
340.5989221623424,0.7224241426252269
340.6189232735152,0.7222585404116071
340.63892438468804,0.7220930735808427
340.6589254958609,0.721927742213589
340.67892660703376,0.7217625463904359
340.69892771820656,0.7215974861919068
340.7189288293794,0.7214325616984587
340.7389299405523,0.7212677729904824
340.7589310517251,0.721103120148304
340.77893216289795,0.7209386032521807
340.7989332740708,0.7207742223823062
340.8189343852436,0.720609977618806
340.83893549641647,0.7204458690417401
340.8589366075893,0.7202818967311015
340.8789377187622,0.7201180607668174
340.898938829935,0.7199543612287496
340.91893994110785,0.7197907981966899
340.9389410522807,0.7196273717503674
340.9589421634535,0.7194640819694427
340.9789432746264,0.7193009289335097
340.99894438579923,0.7191379127220959
341.01894549697204,0.7189750334146635
341.0389466081449,0.718812291090605
341.05894771931776,0.718649685829249
341.0789488304906,0.7184872177098556
341.0989499416634,0.7183248868116194
341.1189510528363,0.7181626932136661
341.13895216400914,0.7180006369950566
341.15895327518194,0.7178387182347836
341.1789543863548,0.717676937011773
341.19895549752766,0.7175152934048836
341.21895660870047,0.7173537874929082
341.2389577198733,0.7171924193545701
341.2589588310462,0.7170311890685279
341.27895994221905,0.7168700967133721
341.29896105339185,0.7167091423676256
341.3189621645647,0.7165483261097443
341.33896327573757,0.7163876480181165
341.3589643869104,0.7162271081710645
341.37896549808323,0.7160667066468407
341.3989666092561,0.7159064435236328
341.41896772042895,0.7157463188795586
341.43896883160176,0.7155863327926713
341.4589699427746,0.7154264853409529
341.4789710539475,0.7152667766023209
341.4989721651203,0.7151072066546239
341.51897327629314,0.7149477755756428
341.538974387466,0.7147884834430909
341.5589754986388,0.7146293303346143
341.57897660981166,0.7144703163277908
341.5989777209845,0.7143114415001298
341.6189788321574,0.7141527059290746
341.6389799433302,0.7139941096919993
341.65898105450304,0.7138356528662102
341.6789821656759,0.7136773355289452
341.6989832768487,0.7135191577573765
341.71898438802157,0.7133611196286046
341.7389854991944,0.7132032212196653
341.75898661036723,0.7130454626075244
341.7789877215401,0.7128878438690802
341.79898883271295,0.7127303650811623
341.8189899438858,0.7125730263205328
341.8389910550586,0.7124158276638859
341.8589921662315,0.7122587691878456
341.87899327740433,0.7121018509689696
341.89899438857714,0.7119450730837463
341.91899549975,0.7117884356085957
341.93899661092286,0.7116319386198692
341.95899772209566,0.711475582193851
341.9789988332685,0.7113193664067544
341.9989999444414,0.7111632913347266
342.01900105561424,0.7110073570538444
342.03900216678704,0.710851563640118
342.0590032779599,0.7106959111694859
342.07900438913276,0.710540399717821
342.09900550030557,0.7103850293609255
342.1190066114784,0.7102298001745337
342.1390077226513,0.7100747122343103
342.1590088338241,0.7099197656158529
342.17900994499695,0.7097649603946874
342.1990110561698,0.7096102966462731
342.21901216734267,0.709455774446
342.2390132785155,0.7093013938691884
342.25901438968833,0.7091471549910899
342.2790155008612,0.7089930578868866
342.299016612034,0.7088391026316929
342.31901772320685,0.7086852893005517
342.3390188343797,0.7085316179684391
342.3590199455525,0.7083780887102609
342.3790210567254,0.7082247016008533
342.39902216789824,0.7080714567149833
342.4190232790711,0.7079183541273499
342.4390243902439,0.7077653939125812
342.45902550141676,0.7076125761452365
342.4790266125896,0.707459900899805
342.4990277237624,0.7073073682507085
342.5190288349353,0.7071549782722961
342.53902994610814,0.70700273103885
342.55903105728095,0.7068506266245824
342.5790321684538,0.706698665103634
342.59903327962667,0.7065468465500784
342.6190343907995,0.7063951710379175
342.63903550197233,0.7062436386410855
342.6590366131452,0.7060922494334443
342.67903772431805,0.7059410034887882
342.69903883549085,0.7057899008808406
342.7190399466637,0.7056389416832552
342.7390410578366,0.7054881259696156
342.7590421690094,0.7053374538134368
342.77904328018224,0.7051869252881611
342.7990443913551,0.7050365404671635
342.81904550252796,0.7048862994237477
342.83904661370076,0.7047362022311476
342.8590477248736,0.7045862489625269
342.8790488360465,0.7044364396909785
342.8990499472193,0.7042867744895268
342.91905105839214,0.7041372534311237
342.939052169565,0.7039878765886529
342.9590532807378,0.7038386440349268
342.97905439191067,0.7036895558426874
342.9990555030835,0.7035406120846064
343.0190566142564,0.7033918128332859
343.0390577254292,0.7032431581612564
343.05905883660205,0.7030946481409786
343.0790599477749,0.702946282844842
343.0990610589477,0.7027980623451673
343.11906217012057,0.702649986714202
343.13906328129343,0.7025020560241249
343.15906439246623,0.7023542703470446
343.1790655036391,0.7022066297549965
343.19906661481195,0.7020591343199477
343.2190677259848,0.7019117841137932
343.2390688371576,0.7017645792083588
343.2590699483305,0.7016175196753969
343.27907105950334,0.7014706055865912
343.29907217067614,0.7013238370135539
343.319073281849,0.7011772140278261
343.33907439302186,0.7010307367008773
343.35907550419466,0.7008844051041083
343.3790766153675,0.7007382193088454
343.3990777265404,0.7005921793863469
343.41907883771324,0.7004462854077982
343.43907994888605,0.700300537444315
343.4590810600589,0.7001549355669398
343.47908217123177,0.7000094798466456
343.49908328240457,0.6998641703543345
343.51908439357743,0.6997190071608348
343.5390855047503,0.6995739903369065
343.5590866159231,0.6994291199532362
343.57908772709595,0.6992843960804401
343.5990888382688,0.6991398187890623
343.6190899494417,0.6989953881495764
343.6390910606145,0.6988511042323837
343.65909217178734,0.6987069671078143
343.6790932829602,0.6985629768461261
343.699094394133,0.6984191335175074
343.71909550530586,0.6982754371920719
343.7390966164787,0.6981318879398641
343.7590977276515,0.697988485830856
343.7790988388244,0.6978452309349477
343.79909994999724,0.6977021233219669
343.8191010611701,0.697559163061671
343.8391021723429,0.6974163502237454
343.85910328351576,0.6972736848778017
343.8791043946886,0.6971311670933822
343.8991055058614,0.6969887969399554
343.9191066170343,0.6968465744869188
343.93910772820715,0.6967044998035969
343.95910883937995,0.6965625729592442
343.9791099505528,0.6964207940230404
343.99911106172567,0.6962791630640954
344.01911217289853,0.6961376801514454
344.03911328407133,0.6959963453540563
344.0591143952442,0.6958551587408193
344.07911550641705,0.695714120380555
344.09911661758986,0.6955732303420123
344.1191177287627,0.6954324886938659
344.1391188399356,0.6952918955047196
344.1591199511084,0.6951514508431046
344.17912106228124,0.6950111547774793
344.1991221734541,0.6948710073762294
344.21912328462696,0.6947310087076697
344.23912439579976,0.6945911588400407
344.2591255069726,0.6944514578415114
344.2791266181455,0.6943119057801774
344.2991277293183,0.6941725027240635
344.31912884049115,0.6940332487411189
344.339129951664,0.6938941438992232
344.3591310628368,0.6937551882661814
344.37913217400967,0.6936163819097263
344.39913328518253,0.6934777248975177
344.4191343963554,0.6933392172971431
344.4391355075282,0.6932008591761178
344.45913661870105,0.6930626506018818
344.4791377298739,0.692924591641805
344.4991388410467,0.6927866823631824
344.5191399522196,0.6926489228332371
344.53914106339244,0.6925113131191185
344.55914217456524,0.6923738532879044
344.5791432857381,0.692236543406597
344.59914439691096,0.6920993835421281
344.6191455080838,0.6919623737613543
344.6391466192566,0.691825514131061
344.6591477304295,0.6916888047179581
344.67914884160234,0.6915522455886844
344.69914995277514,0.6914158368098045
344.719151063948,0.6912795784478093
344.73915217512086,0.6911434705691168
344.75915328629367,0.6910075132400727
344.7791543974665,0.690871706526947
344.7991555086394,0.6907360504959379
344.81915661981225,0.6906005452131707
344.83915773098505,0.6904651907446959
344.8591588421579,0.6903299871564907
344.87915995333077,0.6901949345144589
344.8991610645036,0.6900600328844317
344.91916217567643,0.6899252823321647
344.9391632868493,0.6897906829233418
344.9591643980221,0.6896562347235722
344.97916550919496,0.6895219377983913
344.9991666203678,0.6893877922132612
345.0191677315407,0.6892537980335702
345.0391688427135,0.689119955324633
345.05916995388634,0.6889862641516895
345.0791710650592,0.6888527245799067
345.099172176232,0.6887193366743776
345.11917328740486,0.6885861005001208
345.1391743985777,0.6884530161220811
345.1591755097505,0.6883200836051302
345.1791766209234,0.6881873030140637
345.19917773209625,0.6880546744136057
345.2191788432691,0.6879221978684038
345.2391799544419,0.6877898734430341
345.25918106561477,0.6876577012019953
345.27918217678763,0.6875256812097152
345.29918328796043,0.6873938135305452
345.3191843991333,0.6872620982287633
345.33918551030615,0.6871305353685726
345.35918662147895,0.6869991250141034
345.3791877326518,0.6868678672294095
345.3991888438247,0.6867367620784719
345.41918995499753,0.6866058096251972
345.43919106617034,0.6864750099334168
345.4591921773432,0.686344363066888
345.47919328851606,0.6862138690892929
345.49919439968886,0.6860835280642412
345.5191955108617,0.6859533400552651
345.5391966220346,0.6858233051258245
345.5591977332074,0.6856934233393038
345.57919884438024,0.6855636947590128
345.5991999555531,0.6854341194481863
345.61920106672596,0.6853046974699853
345.63920217789877,0.6851754288874954
345.6592032890716,0.6850463137637274
345.6792044002445,0.6849173521616172
345.6992055114173,0.6847885441440269
345.71920662259015,0.6846598897737417
345.739207733763,0.684531389113474
345.7592088449358,0.6844030422258609
345.7792099561087,0.6842748491734627
345.79921106728153,0.6841468100187671
345.8192121784544,0.6840189248241852
345.8392132896272,0.6838911936520546
345.85921440080006,0.6837636165646355
345.8792155119729,0.6836361936241151
345.8992166231457,0.6835089248926047
345.9192177343186,0.6833818104321403
345.93921884549144,0.6832548503046824
345.9592199566643,0.6831280445721175
345.9792210678371,0.6830013932962555
345.99922217900996,0.6828748965388318
346.0192232901828,0.6827485543615059
346.0392244013556,0.6826223668258631
346.0592255125285,0.6824963339934113
346.07922662370135,0.6823704559255848
346.09922773487415,0.6822447326837425
346.119228846047,0.682119164329166
346.13922995721987,0.6819937509230634
346.1592310683927,0.681868492526566
346.17923217956553,0.6817433892007307
346.1992332907384,0.6816184410065372
346.21923440191125,0.6814936480048912
346.23923551308405,0.6813690102566219
346.2592366242569,0.6812445278224827
346.2792377354298,0.6811202007631516
346.2992388466026,0.6809960291392314
346.31923995777544,0.6808720130112477
346.3392410689483,0.6807481524396515
346.35924218012116,0.680624447484818
346.37924329129396,0.6805008982070461
346.3992444024668,0.6803775046665587
346.4192455136397,0.6802542669235028
346.4392466248125,0.6801311850379503
346.45924773598534,0.6800082590698957
346.4792488471582,0.6798854890792589
346.499249958331,0.679762875125883
346.51925106950387,0.679640417269535
346.5392521806767,0.6795181155699059
346.5592532918496,0.679395970086611
346.5792544030224,0.6792739808791892
346.59925551419525,0.6791521480071031
346.6192566253681,0.6790304715297386
346.6392577365409,0.6789089515064071
346.6592588477138,0.6787875879963412
346.67925995888663,0.6786663810586993
346.69926107005944,0.6785453307525633
346.7192621812323,0.6784244371369368
346.73926329240516,0.6783037002707497
346.759264403578,0.6781831202128533
346.7792655147508,0.6780626970220245
346.7992666259237,0.6779424307569613
346.81926773709654,0.6778223214762875
346.83926884826934,0.6777023692385491
346.8592699594422,0.6775825741022159
346.87927107061506,0.6774629361256806
346.89927218178786,0.6773434553672609
346.9192732929607,0.6772241318851955
346.9392744041336,0.6771049657376483
346.95927551530644,0.6769859569827057
346.97927662647925,0.6768671056783782
346.9992777376521,0.6767484118825977
347.01927884882497,0.6766298756532214
347.03927995999777,0.6765114970480293
347.05928107117063,0.6763932761247227
347.0792821823435,0.6762752129409286
347.0992832935163,0.6761573075541956
347.11928440468915,0.6760395600219957
347.139285515862,0.6759219704017237
347.1592866270349,0.6758045387506983
347.1792877382077,0.6756872651261605
347.19928884938054,0.6755701495852742
347.2192899605534,0.6754531921851261
347.2392910717262,0.6753363929827271
347.25929218289906,0.675219752035009
347.2792932940719,0.6751032693988281
347.2992944052447,0.6749869451309629
347.3192955164176,0.6748707792881146
347.33929662759044,0.674754771926907
347.3592977387633,0.6746389231038874
347.3792988499361,0.6745232328755258
347.39929996110897,0.6744077012982135
347.4193010722818,0.674292328428266
347.43930218345463,0.674177114321921
347.4593032946275,0.6740620590353383
347.47930440580035,0.6739471626246007
347.49930551697315,0.6738324251457143
347.519306628146,0.6737178466546057
347.5393077393189,0.6736034272071263
347.55930885049173,0.6734891668590482
347.57930996166453,0.6733750656660678
347.5993110728374,0.6732611236838015
347.61931218401025,0.6731473409677899
347.63931329518306,0.6730337175734963
347.6593144063559,0.6729202535563041
347.6793155175288,0.6728069489715214
347.6993166287016,0.6726938038743775
347.71931773987444,0.6725808183200237
347.7393188510473,0.6724679923635339
347.75931996222016,0.6723553260599049
347.77932107339296,0.6722428194640544
347.7993221845658,0.6721304726308229
347.8193232957387,0.6720182856149728
347.8393244069115,0.6719062584711896
347.85932551808435,0.6717943912540787
347.8793266292572,0.6716826840181701
347.89932774043,0.671571136817914
347.91932885160287,0.6714597497076833
347.93932996277573,0.6713485227417726
347.9593310739486,0.6712374559743985
347.9793321851214,0.6711265494597007
347.99933329629425,0.6710158032517382
348.0193344074671,0.6709052174044943
348.0393355186399,0.6707947919718729
348.0593366298128,0.6706845270076999
348.07933774098564,0.6705744225657229
348.09933885215844,0.6704644786996123
348.1193399633313,0.6703546954629582
348.13934107450416,0.6702450729092745
348.159342185677,0.6701356110919952
348.1793432968498,0.6700263100644772
348.1993444080227,0.6699171698799976
348.21934551919554,0.6698081905917567
348.23934663036835,0.6696993722528752
348.2593477415412,0.6695907149163958
348.27934885271407,0.6694822186352823
348.29934996388687,0.6693738834624213
348.3193510750597,0.6692657094506187
348.3393521862326,0.6691576966526037
348.35935329740545,0.6690498451210265
348.37935440857825,0.6689421549084582
348.3993555197511,0.6688346260673915
348.41935663092397,0.6687272586502402
348.4393577420968,0.6686200527093407
348.45935885326963,0.6685130082969483
348.4793599644425,0.6684061254652418
348.4993610756153,0.6682994042663204
348.51936218678816,0.6681928447522042
348.539363297961,0.6680864469748347
348.5593644091339,0.6679802109860749
348.5793655203067,0.6678741368377087
348.59936663147954,0.667768224581441
348.6193677426524,0.6676624742688977
348.6393688538252,0.6675568859516263
348.65936996499806,0.6674514596810948
348.6793710761709,0.6673461955086922
348.6993721873437,0.6672410934857295
348.7193732985166,0.6671361536634366
348.73937440968945,0.6670313760929665
348.7593755208623,0.6669267608253915
348.7793766320351,0.6668223079117066
348.79937774320797,0.6667180174028251
348.81937885438083,0.6666138893495837
348.83937996555363,0.6665099238027383
348.8593810767265,0.6664061208129662
348.87938218789935,0.666302480430865
348.89938329907216,0.6661990027069542
348.919384410245,0.6660956876916722
348.9393855214179,0.6659925354353794
348.95938663259074,0.665889545988357
348.97938774376354,0.665786719400806
348.9993888549364,0.6656840557228486
349.01938996610926,0.6655815550045269
349.03939107728206,0.6654792172958048
349.0593921884549,0.6653770426465653
349.0793932996278,0.6652750311066131
349.0993944108006,0.6651731827256727
349.11939552197344,0.6650714975533893
349.1393966331463,0.6649699756393284
349.15939774431916,0.6648686170329763
349.17939885549197,0.6647674217837394
349.1993999666648,0.6646663899409444
349.2194010778377,0.6645655215538382
349.2394021890105,0.6644648166715891
349.25940330018335,0.6643642753432839
349.2794044113562,0.6642638976179311
349.299405522529,0.6641636835444598
349.3194066337019,0.664063633171717
349.33940774487473,0.6639637465484727
349.3594088560476,0.6638640237234152
349.3794099672204,0.6637644647451542
349.39941107839326,0.6636650696622182
349.4194121895661,0.663565838523057
349.4394133007389,0.6634667713760398
349.4594144119118,0.6633678682694562
349.47941552308464,0.6632691292515156
349.49941663425744,0.6631705543703481
349.5194177454303,0.6630721436740024
349.53941885660316,0.6629738972104484
349.559419967776,0.6628758150275755
349.5794210789488,0.6627778971731937
349.5994221901217,0.6626801436950311
349.61942330129455,0.6625825546407376
349.63942441246735,0.6624851300578823
349.6594255236402,0.6623878699939536
349.67942663481307,0.6622907744963604
349.6994277459859,0.6621938436124312
349.71942885715873,0.6620970773894139
349.7394299683316,0.6620004758744764
349.75943107950445,0.6619040391147069
349.77943219067726,0.6618077671571122
349.7994333018501,0.6617116600486195
349.819434413023,0.6616157178360751
349.8394355241958,0.661519940566246
349.85943663536864,0.6614243282858172
349.8794377465415,0.6613288810413948
349.8994388577143,0.6612335988795035
349.91943996888716,0.6611384818465876
349.93944108006,0.6610435299890117
349.9594421912329,0.6609487433530589
349.9794433024057,0.6608541219849327
349.99944441357854,0.6607596659307546
350.0194455247514,0.6606653752365674
350.0394466359242,0.6605712499483319
350.05944774709707,0.6604772901119288
350.0794488582699,0.6603834957731578
350.09944996944273,0.6602898669777388
350.1194510806156,0.6601964037713097
350.13945219178845,0.660103106199429
350.1594533029613,0.6600099743075734
350.1794544141341,0.6599170081411398
350.199455525307,0.6598242077454433
350.21945663647983,0.6597315731657187
350.23945774765264,0.6596391044471208
350.2594588588255,0.6595468016347217
350.27945996999836,0.6594546647735142
350.29946108117116,0.6593626939084097
350.319462192344,0.6592708890842386
350.3394633035169,0.6591792503457501
350.35946441468974,0.6590877777376133
350.37946552586254,0.6589964713044156
350.3994666370354,0.6589053310906634
350.41946774820826,0.6588143571407823
350.43946885938107,0.6587235494991175
350.4594699705539,0.6586329082099313
350.4794710817268,0.6585424333174068
350.49947219289965,0.658452124865645
350.51947330407245,0.6583619828986667
350.5394744152453,0.6582720074604098
350.55947552641817,0.6581821985947327
350.579476637591,0.6580925563454123
350.59947774876383,0.6580030807561434
350.6194788599367,0.6579137718705406
350.6394799711095,0.6578246297321366
350.65948108228235,0.6577356543843831
350.6794821934552,0.65764684587065
350.6994833046281,0.657558204234227
350.7194844158009,0.6574697295183215
350.73948552697374,0.6573814217660596
350.7594866381466,0.6572932810204861
350.7794877493194,0.6572053073245654
350.79948886049226,0.6571175007211782
350.8194899716651,0.6570298612531262
350.8394910828379,0.6569423889631283
350.8594921940108,0.6568550838938221
350.87949330518364,0.6567679460877632
350.8994944163565,0.656680975587427
350.9194955275293,0.6565941724352067
350.93949663870217,0.656507536673413
350.959497749875,0.6564210683442764
350.97949886104783,0.6563347674899451
350.9994999722207,0.6562486341524858
351.01950108339355,0.656162668373883
351.03950219456635,0.6560768701960409
351.0595033057392,0.6559912396607803
351.0795044169121,0.6559057768098417
351.09950552808493,0.6558204816848829
351.11950663925774,0.655735354327481
351.1395077504306,0.6556503947791297
351.15950886160346,0.6555656030812422
351.17950997277626,0.6554809792751501
351.1995110839491,0.6553965234021017
351.219512195122,0.6553122355032651
351.2395133062948,0.6552281156197255
351.25951441746764,0.6551441637924862
351.2795155286405,0.655060380062469
351.29951663981336,0.6549767644705138
351.31951775098617,0.6548933170573783
351.339518862159,0.6548100378637383
351.3595199733319,0.654726926930187
351.3795210845047,0.6546439842972371
351.39952219567755,0.6545612100053176
351.4195233068504,0.6544786040947765
351.4395244180232,0.6543961666058795
351.45952552919607,0.6543138975788099
351.47952664036893,0.6542317970536686
351.4995277515418,0.6541498650704756
351.5195288627146,0.6540681016691681
351.53952997388745,0.6539865068896001
351.5595310850603,0.6539050807715452
351.5795321962331,0.6538238233546936
351.599533307406,0.6537427346786535
351.61953441857884,0.6536618147829507
351.63953552975164,0.6535810637070298
351.6595366409245,0.6535004814902513
351.67953775209736,0.6534200681718949
351.6995388632702,0.6533398237911572
351.719539974443,0.653259748387153
351.7395410856159,0.6531798419989139
351.75954219678874,0.6531001046653901
351.77954330796155,0.6530205364254489
351.7995444191344,0.6529411373178748
351.81954553030727,0.6528619073813704
351.83954664148007,0.6527828466545562
351.85954775265293,0.652703955175969
351.8795488638258,0.6526252329840643
351.89954997499865,0.6525466801172144
351.91955108617145,0.6524682966137094
351.9395521973443,0.6523900825117568
351.9595533085172,0.6523120378494809
351.97955441969,0.6522341626649247
351.99955553086284,0.6521564569960472
352.0195566420357,0.6520789208807258
352.0395577532085,0.6520015543567548
352.05955886438136,0.6519243574618456
352.0795599755542,0.6518473302336274
352.0995610867271,0.6517704727096467
352.1195621978999,0.651693784927367
352.13956330907274,0.6516172669241691
352.1595644202456,0.6515409187373506
352.1795655314184,0.6514647404041278
352.19956664259126,0.6513887319616325
352.2195677537641,0.6513128934469145
352.2395688649369,0.6512372248969411
352.2595699761098,0.6511617263485957
352.27957108728265,0.6510863978386799
352.2995721984555,0.6510112394039117
352.3195733096283,0.650936251080927
352.33957442080117,0.6508614329062775
352.35957553197403,0.6507867849164334
352.37957664314683,0.6507123071477809
352.3995777543197,0.6506379996366236
352.41957886549255,0.6505638624191821
352.43957997666536,0.6504898955315944
352.4595810878382,0.6504160990099144
352.4795821990111,0.6503424728901139
352.49958331018394,0.6502690172080817
352.51958442135674,0.6501957319996229
352.5395855325296,0.6501226173004597
352.55958664370246,0.6500496731462313
352.57958775487526,0.6499768995724942
352.5995888660481,0.6499042966147206
352.619589977221,0.6498318643083006
352.6395910883938,0.6497596026885408
352.65959219956665,0.6496875117906644
352.6795933107395,0.6496155916498114
352.69959442191237,0.6495438423010391
352.71959553308517,0.6494722637793209
352.73959664425803,0.6494008561195472
352.7595977554309,0.649329619356525
352.7795988666037,0.6492585535249784
352.79959997777655,0.6491876586595474
352.8196010889494,0.6491169347947894
352.8396022001222,0.6490463819651785
352.8596033112951,0.6489760002051046
352.87960442246793,0.6489057895488749
352.8996055336408,0.6488357500307129
352.9196066448136,0.6487658816847593
352.93960775598646,0.6486961845450703
352.9596088671593,0.6486266586456195
352.9796099783321,0.6485573040202967
352.999611089505,0.6484881207029081
353.01961220067784,0.6484191087271767
353.03961331185064,0.6483502681267421
353.0596144230235,0.6482815989351595
353.07961553419636,0.6482131011859016
353.0996166453692,0.6481447749123568
353.119617756542,0.6480766201478307
353.1396188677149,0.648008636925544
353.15961997888775,0.6479408252786352
353.17962109006055,0.6478731852401587
353.1996222012334,0.6478057168430843
353.21962331240627,0.6477384201202996
353.2396244235791,0.6476712951046077
353.25962553475193,0.6476043418287281
353.2796266459248,0.6475375603252964
353.29962775709765,0.6474709506268652
353.31962886827046,0.6474045127659025
353.3396299794433,0.6473382467747931
353.3596310906162,0.6472721526858376
353.379632201789,0.6472062305312535
353.39963331296184,0.6471404803431733
353.4196344241347,0.647074902153647
353.4396355353075,0.6470094959946402
353.45963664648036,0.6469442618980339
353.4796377576532,0.6468791998956268
353.4996388688261,0.6468143100191323
353.5196399799989,0.6467495923001809
353.53964109117175,0.6466850467703181
353.5596422023446,0.6466206734610067
353.5796433135174,0.6465564724036248
353.59964442469027,0.6464924436294665
353.6196455358631,0.646428587169742
353.63964664703593,0.6463649030555783
353.6596477582088,0.6463013913180169
353.67964886938165,0.6462380519880166
353.6996499805545,0.6461748850964515
353.7196510917273,0.6461118906741119
353.7396522029002,0.6460490687517038
353.75965331407303,0.645986419359849
353.77965442524584,0.6459239425290861
353.7996555364187,0.6458616382898683
353.81965664759156,0.6457995066725657
353.83965775876436,0.6457375477074636
353.8596588699372,0.6456757614247637
353.8796599811101,0.6456141478545827
353.89966109228294,0.6455527070269542
353.91966220345574,0.6454914389718269
353.9396633146286,0.6454303437190654
353.95966442580146,0.6453694212984498
353.97966553697427,0.6453086717396769
353.9996666481471,0.6452480950723578
354.01966775932,0.6451876913260206
354.0396688704928,0.6451274605301086
354.05966998166565,0.6450674027139807
354.0796710928385,0.6450075179069115
354.09967220401137,0.6449478061380916
354.1196733151842,0.6448882674366272
354.13967442635703,0.6448289018315392
354.1596755375299,0.6447697093517657
354.1796766487027,0.6447106900261593
354.19967775987556,0.6446518438834885
354.2196788710484,0.6445931709524373
354.2396799822212,0.6445346712616056
354.2596810933941,0.6444763448395081
354.27968220456694,0.6444181917145761
354.2996833157398,0.6443602119151555
354.3196844269126,0.6443024054695086
354.33968553808546,0.6442447724058119
354.3596866492583,0.6441873127521589
354.3796877604311,0.6441300265365575
354.399688871604,0.6440729137869314
354.41968998277684,0.6440159745311198
354.43969109394965,0.6439592087968775
354.4596922051225,0.6439026166118741
354.47969331629537,0.6438461980036951
354.4996944274682,0.6437899529998418
354.51969553864103,0.6437338816277298
354.5396966498139,0.6436779839146909
354.55969776098675,0.6436222598879717
354.57969887215955,0.643566709574735
354.5996999833324,0.6435113330020579
354.6197010945053,0.6434561301969334
354.6397022056781,0.6434011011862697
354.65970331685094,0.6433462459968902
354.6797044280238,0.6432915646555334
354.69970553919666,0.6432370571888536
354.71970665036946,0.6431827236234202
354.7397077615423,0.6431285639857172
354.7597088727152,0.6430745783021445
354.779709983888,0.6430207665990171
354.79971109506084,0.6429671289025649
354.8197122062337,0.6429136652389331
354.8397133174065,0.6428603756341824
354.85971442857937,0.6428072601142882
354.8797155397522,0.6427543187051414
354.8997166509251,0.6427015514325476
354.9197177620979,0.6426489583222281
354.93971887327075,0.6425965393998188
354.9597199844436,0.6425442946908708
354.9797210956164,0.6424922242208506
354.9997222067893,0.6424403280151395
355.01972331796213,0.6423886060990336
355.039724429135,0.6423370584977446
355.0597255403078,0.6422856852363992
355.07972665148066,0.6422344863400382
355.0997277626535,0.6421834618336187
355.1197288738263,0.6421326117420121
355.1397299849992,0.6420819360900045
355.15973109617204,0.6420314349022977
355.17973220734484,0.6419811082035082
355.1997333185177,0.6419309560181669
355.21973442969056,0.6418809783707203
355.2397355408634,0.6418311752855297
355.2597366520362,0.6417815467868713
355.2797377632091,0.6417320928989356
355.29973887438194,0.6416828136458292
355.31973998555475,0.6416337090515725
355.3397410967276,0.641584779140101
355.35974220790047,0.6415360239352654
355.37974331907327,0.6414874434608313
355.39974443024613,0.6414390377404783
355.419745541419,0.6413908067978016
355.43974665259185,0.6413427506563112
355.45974776376465,0.6412948693394316
355.4797488749375,0.641247162870502
355.4997499861104,0.6411996312727766
355.5197510972832,0.6411522745694245
355.53975220845604,0.6411050927835289
355.5597533196289,0.6410580859380886
355.5797544308017,0.6410112540560167
355.59975554197456,0.6409645971601408
355.6197566531474,0.6409181152732033
355.6397577643203,0.640871808417862
355.6597588754931,0.6408256766166882
355.67975998666594,0.640779719892169
355.6997610978388,0.640733938266705
355.7197622090116,0.6406883317626129
355.73976332018447,0.6406429004021226
355.7597644313573,0.6405976442073793
355.77976554253013,0.6405525632004432
355.799766653703,0.6405076574032881
355.81976776487585,0.6404629268378034
355.8397688760487,0.6404183715257925
355.8597699872215,0.6403739914889737
355.8797710983944,0.6403297867489792
355.89977220956723,0.6402857573273569
355.91977332074003,0.6402419032455682
355.9397744319129,0.6401982245249895
355.95977554308575,0.6401547211869116
355.97977665425856,0.6401113932525401
355.9997777654314,0.6400682407429944
356.0197788766043,0.6400252636793091
356.03977998777714,0.6399824620824333
356.05978109894994,0.6399398359732298
356.0797822101228,0.6398973853724766
356.09978332129566,0.6398551103008658
356.11978443246846,0.6398130107790045
356.1397855436413,0.6397710868274131
356.1597866548142,0.6397293384665275
356.179787765987,0.6396877657166975
356.19978887715985,0.6396463685981875
356.2197899883327,0.6396051471311759
356.23979109950557,0.6395641013357561
356.25979221067837,0.6395232312319356
356.27979332185123,0.6394825368396357
356.2997944330241,0.6394420181786931
356.3197955441969,0.6394016752688583
356.33979665536975,0.6393615081297954
356.3597977665426,0.6393215167810844
356.3797988777154,0.6392817012422185
356.3997999888883,0.6392420615326051
356.41980110006114,0.6392025976715667
356.439802211234,0.6391633096783396
356.4598033224068,0.6391241975720743
356.47980443357966,0.6390852613718356
356.4998055447525,0.6390465010966029
356.5198066559253,0.6390079167652694
356.5398077670982,0.6389695083966427
356.55980887827104,0.6389312760094445
356.57980998944385,0.6388932196223115
356.5998111006167,0.6388553392537932
356.61981221178957,0.6388176349223547
356.6398133229624,0.6387801066463742
356.6598144341352,0.6387427544441451
356.6798155453081,0.6387055783338738
356.69981665648095,0.6386685783336817
356.71981776765375,0.6386317544616047
356.7398188788266,0.6385951067355915
356.75981998999947,0.6385586351735063
356.7798211011723,0.6385223397931266
356.79982221234513,0.6384862206121444
356.819823323518,0.6384502776481655
356.83982443469085,0.6384145109187105
356.85982554586366,0.6383789204412131
356.8798266570365,0.6383435062330219
356.8998277682094,0.638308268311399
356.9198288793822,0.6382732066935213
356.93982999055504,0.6382383213964786
356.9598311017279,0.6382036124372762
356.9798322129007,0.6381690798328323
356.99983332407356,0.6381347235999795
357.0198344352464,0.6381005437554647
357.0398355464193,0.6380665403159483
357.0598366575921,0.6380327132980055
357.07983776876495,0.6379990627181245
357.0998388799378,0.6379655885927081
357.1198399911106,0.6379322909380734
357.13984110228347,0.6378991697704506
357.15984221345633,0.6378662251059843
357.17984332462913,0.6378334569607337
357.199844435802,0.6378008653506708
357.21984554697485,0.6377684502916823
357.2398466581477,0.6377362117995687
357.2598477693205,0.6377041498900446
357.2798488804934,0.6376722645787378
357.29984999166624,0.637640555881191
357.31985110283904,0.6376090238128602
357.3398522140119,0.6375776683891154
357.35985332518476,0.6375464896252406
357.37985443635756,0.6375154875364337
357.3998555475304,0.6374846621378063
357.4198566587033,0.637454013444384
357.43985776987614,0.6374235414711065
357.45985888104894,0.6373932462328267
357.4798599922218,0.6373631277443121
357.49986110339466,0.6373331860202437
357.51986221456747,0.6373034210752163
357.5398633257403,0.6372738329237384
357.5598644369132,0.6372444215802329
357.579865548086,0.6372151870590357
357.59986665925885,0.6371861293743972
357.6198677704317,0.6371572485404812
357.63986888160457,0.6371285445713655
357.6598699927774,0.6371000174810417
357.67987110395023,0.6370716672834149
357.6998722151231,0.6370434939923044
357.7198733262959,0.6370154976214428
357.73987443746876,0.6369876781844771
357.7598755486416,0.6369600356949672
357.7798766598144,0.6369325701663875
357.7998777709873,0.6369052816121258
357.81987888216014,0.6368781700454836
357.839879993333,0.6368512354796763
357.8598811045058,0.6368244779278329
357.87988221567866,0.6367978974029962
357.8998833268515,0.6367714939181226
357.9198844380243,0.6367452674860824
357.9398855491972,0.6367192181196593
357.95988666037005,0.6366933458315509
357.97988777154285,0.6366676506343686
357.9998888827157,0.6366421325406371
358.01988999388857,0.6366167915627949
358.03989110506143,0.6365916277131947
358.05989221623423,0.636566641004102
358.0798933274071,0.6365418314476965
358.09989443857995,0.6365171990560714
358.11989554975275,0.6364927438412338
358.1398966609256,0.6364684658151039
358.1598977720985,0.636444364989516
358.1798988832713,0.6364204413762177
358.19989999444414,0.6363966949868705
358.219901105617,0.6363731258330492
358.23990221678986,0.6363497339262427
358.25990332796266,0.6363265192778531
358.2799044391355,0.6363034818991959
358.2999055503084,0.6362806218015009
358.3199066614812,0.636257938995911
358.33990777265404,0.6362354334934825
358.3599088838269,0.6362131053051856
358.3799099949997,0.6361909544419042
358.39991110617257,0.6361689809144355
358.4199122173454,0.6361471847334901
358.4399133285183,0.6361255659096926
358.4599144396911,0.6361041244535809
358.47991555086395,0.6360828603756064
358.4999166620368,0.636061773686134
358.5199177732096,0.6360408643954425
358.5399188843825,0.6360201325137238
358.55991999555533,0.6359995780510834
358.57992110672814,0.6359792010175407
358.599922217901,0.6359590014230281
358.61992332907386,0.6359389792773916
358.6399244402467,0.6359191345903912
358.6599255514195,0.6358994673716998
358.6799266625924,0.6358799776309041
358.69992777376524,0.6358606653775041
358.71992888493804,0.6358415306209138
358.7399299961109,0.6358225733704597
358.75993110728376,0.6358037936353826
358.77993221845657,0.6357851914248367
358.7999333296294,0.6357667667478895
358.8199344408023,0.6357485196135215
358.83993555197515,0.6357304500306278
358.85993666314795,0.6357125580080157
358.8799377743208,0.6356948435544069
358.89993888549367,0.6356773066784359
358.91993999666647,0.6356599473886512
358.93994110783933,0.6356427656935141
358.9599422190122,0.6356257616013998
358.979943330185,0.6356089351205971
358.99994444135785,0.6355922862593076
359.0199455525307,0.6355758150256468
359.0399466637036,0.6355595214276433
359.0599477748764,0.6355434054732396
359.07994888604924,0.6355274671702908
359.0999499972221,0.6355117065265665
359.1199511083949,0.6354961235497487
359.13995221956776,0.6354807182474334
359.1599533307406,0.6354654906271295
359.1799544419134,0.63545044069626
359.1999555530863,0.6354355684621604
359.21995666425914,0.6354208739320806
359.239957775432,0.6354063571131827
359.2599588866048,0.6353920180125434
359.27995999777767,0.6353778566371517
359.2999611089505,0.6353638729939108
359.31996222012333,0.6353500670896367
359.3399633312962,0.6353364389310591
359.35996444246905,0.6353229885248208
359.37996555364185,0.6353097158774783
359.3999666648147,0.6352966209955011
359.4199677759876,0.6352837038852722
359.43996888716043,0.6352709645530881
359.45996999833324,0.6352584030051582
359.4799711095061,0.6352460192476057
359.49997222067896,0.635233813286467
359.51997333185176,0.6352217851276918
359.5399744430246,0.6352099347771429
359.5599755541975,0.635198262240597
359.57997666537034,0.6351867675237435
359.59997777654314,0.6351754506321855
359.619978887716,0.6351643115714394
359.63997999888886,0.6351533503469349
359.65998111006166,0.6351425669640147
359.6799822212345,0.6351319614279354
359.6999833324074,0.6351215337438663
359.7199844435802,0.6351112839168904
359.73998555475305,0.635101211952004
359.7599866659259,0.6350913178541164
359.77998777709877,0.6350816016280505
359.79998888827157,0.6350720632785425
359.81998999944443,0.6350627028102416
359.8399911106173,0.6350535202277106
359.8599922217901,0.6350445155354255
359.87999333296295,0.6350356887377755
359.8999944441358,0.6350270398390632
359.9199955553086,0.6350185688435044
359.9399966664815,0.6350102757552281
359.95999777765434,0.635002160578277
359.9799988888272,0.6349942233166065
360.0,0.6349864639740856
