Phi_fit,Counts_fit
0.0,0.599838082277098
0.030002500208350696,0.5998321618501858
0.06000500041670139,0.5998266803295211
0.09000750062505208,0.5998216377211162
0.12001000083340278,0.5998170340305016
0.15001250104175348,0.5998128692627267
0.18001500125010417,0.5998091434223597
0.21001750145845488,0.5998058565134868
0.24002000166680557,0.5998030085397132
0.27002250187515625,0.5998005995041629
0.30002500208350696,0.5997986294094775
0.3300275022918577,0.5997970982578185
0.36003000250020833,0.5997960060508647
0.39003250270855905,0.5997953527898142
0.42003500291690976,0.5997951384753838
0.4500375031252604,0.5997953631078082
0.48004000333361113,0.5997960266868412
0.5100425035419618,0.599797129211755
0.5400450037503125,0.5997986706813403
0.5700475039586632,0.5998006510939063
0.6000500041670139,0.5998030704472811
0.6300525043753646,0.5998059287388109
0.6600550045837154,0.5998092259653609
0.690057504792066,0.5998129621233146
0.7200600050004167,0.5998171372085741
0.7500625052087674,0.5998217512165602
0.7800650054171181,0.5998268041422123
0.8100675056254688,0.5998322959799882
0.8400700058338195,0.5998382267238647
0.8700725060421701,0.5998445963673364
0.9000750062505208,0.5998514049034176
0.9300775064588716,0.5998586523246403
0.9600800066672223,0.5998663386230556
0.990082506875573,0.5998744637902332
1.0200850070839236,0.5998830278172613
1.0500875072922744,0.5998920306947468
1.080090007500625,0.5999014724128153
1.1100925077089758,0.5999113529611113
1.1400950079173264,0.5999216723287975
1.170097508125677,0.5999324305045555
1.2001000083340279,0.5999436274765858
1.2301025085423785,0.5999552632326075
1.2601050087507293,0.5999673377598586
1.2901075089590799,0.5999798510450953
1.3201100091674307,0.5999928030745934
1.3501125093757813,0.6000061938341468
1.380115009584132,0.6000200233090685
1.4101175097924827,0.6000342914841901
1.4401200100008333,0.6000489983438624
1.4701225102091842,0.6000641438719547
1.5001250104175348,0.6000797280518555
1.5301275106258856,0.6000957508664719
1.5601300108342362,0.6001122122982299
1.5901325110425868,0.6001291123290744
1.6201350112509376,0.6001464509404697
1.6501375114592882,0.6001642281133983
1.680140011667639,0.6001824438283625
1.7101425118759896,0.6002010980653831
1.7401450120843402,0.6002201908039999
1.770147512292691,0.6002397220232719
1.8001500125010417,0.6002596917017773
1.8301525127093925,0.600280099817613
1.860155012917743,0.6003009463483956
1.890157513126094,0.6003222312712602
1.9201600133344445,0.6003439545628616
1.9501625135427951,0.6003661161993734
1.980165013751146,0.6003887161564887
2.0101675139594968,0.6004117544094199
2.040170014167847,0.6004352309328982
2.070172514376198,0.6004591457011745
2.100175014584549,0.6004834986880192
2.130177514792899,0.6005082898667216
2.16018001500125,0.6005335192100906
2.190182515209601,0.6005591866904545
2.2201850154179517,0.6005852922796613
2.250187515626302,0.600611835949078
2.280190015834653,0.6006388176695914
2.3101925160430037,0.6006662374116079
2.340195016251354,0.6006940951450531
2.370197516459705,0.600722390839373
2.4002000166680557,0.6007511244635322
2.4302025168764065,0.6007802959860159
2.460205017084757,0.6008099053748284
2.4902075172931077,0.6008399525974941
2.5202100175014586,0.600870437621057
2.550212517709809,0.6009013604120808
2.5802150179181598,0.6009327209366493
2.6102175181265106,0.6009645191603663
2.6402200183348614,0.600996755048355
2.670222518543212,0.6010294285652593
2.7002250187515626,0.6010625396752423
2.7302275189599134,0.6010960883419879
2.760230019168264,0.6011300745286996
2.7902325193766147,0.601164498198101
2.8202350195849655,0.6011993593124363
2.8502375197933163,0.6012346578334695
2.8802400200016667,0.6012703937224853
2.9102425202100175,0.6013065669402877
2.9402450204183683,0.6013431774472024
2.9702475206267187,0.6013802252030744
3.0002500208350695,0.6014177101672697
3.0302525210434204,0.6014556322986746
3.060255021251771,0.6014939915556958
3.0902575214601216,0.6015327878962607
3.1202600216684724,0.6015720212778173
3.150262521876823,0.6016116916573342
3.1802650220851736,0.6016517989913006
3.2102675222935244,0.6016923432357266
3.2402700225018752,0.6017333243461432
3.2702725227102256,0.6017747422776021
3.3002750229185764,0.6018165969846756
3.3302775231269273,0.6018588884214575
3.360280023335278,0.6019016165415623
3.3902825235436285,0.6019447812981255
3.4202850237519793,0.6019883826438037
3.45028752396033,0.6020324205307749
3.4802900241686805,0.6020768949107379
3.5102925243770313,0.602121805734913
3.540295024585382,0.602167152954042
3.570297524793733,0.6022129365183875
3.6003000250020833,0.602259156377734
3.630302525210434,0.6023058124813874
3.660305025418785,0.6023529047781747
3.6903075256271354,0.6024004332164452
3.720310025835486,0.6024483977440692
3.750312526043837,0.6024967983084392
3.780315026252188,0.6025456348564688
3.8103175264605382,0.6025949073345942
3.840320026668889,0.6026446156887729
3.87032252687724,0.6026947598644845
3.9003250270855903,0.6027453398067307
3.930327527293941,0.6027963554600351
3.960330027502292,0.6028478067684433
3.9903325277106427,0.6028996936755234
4.0203350279189936,0.6029520161243656
4.0503375281273435,0.6030047740575821
4.080340028335694,0.6030579674173082
4.110342528544045,0.6031115961452006
4.140345028752396,0.6031656601824392
4.170347528960747,0.6032201594697264
4.200350029169098,0.6032750939472871
4.230352529377448,0.6033304635548686
4.260355029585798,0.6033862682317415
4.290357529794149,0.6034425079166988
4.3203600300025,0.6034991825480565
4.350362530210851,0.6035562920636536
4.380365030419202,0.6036138364008521
4.4103675306275525,0.6036718154965369
4.440370030835903,0.6037302292871164
4.470372531044253,0.603789077708522
4.500375031252604,0.6038483606962084
4.530377531460955,0.6039080781851537
4.560380031669306,0.6039682301098594
4.5903825318776565,0.6040288164043506
4.620385032086007,0.6040898370021759
4.650387532294358,0.6041512918364076
4.680390032502708,0.6042131808396417
4.710392532711059,0.604275503943998
4.74039503291941,0.6043382610811202
4.770397533127761,0.6044014521821759
4.800400033336111,0.6044650771778568
4.830402533544462,0.6045291359983787
4.860405033752813,0.6045936285734812
4.890407533961163,0.604658554832429
4.920410034169514,0.6047239147040103
4.950412534377865,0.6047897081165382
4.9804150345862155,0.6048559349978501
5.010417534794566,0.6049225952753079
5.040420035002917,0.6049896888757984
5.070422535211268,0.6050572157257327
5.100425035419618,0.6051251757510473
5.130427535627969,0.6051935688772032
5.1604300358363195,0.6052623950291862
5.19043253604467,0.6053316541315078
5.220435036253021,0.605401346108204
5.250437536461372,0.6054714708828364
5.280440036669723,0.6055420283784916
5.310442536878073,0.6056130185177817
5.340445037086424,0.6056844412228446
5.370447537294774,0.6057562964153433
5.400450037503125,0.6058285840164668
5.430452537711476,0.6059013039469296
5.460455037919827,0.605974456126972
5.490457538128178,0.6060480404763602
5.520460038336528,0.6061220569143868
5.5504625385448785,0.6061965053598699
5.580465038753229,0.6062713857311542
5.61046753896158,0.6063466979461105
5.640470039169931,0.6064224419221358
5.670472539378282,0.606498617576154
5.700475039586633,0.6065752248246148
5.7304775397949825,0.6066522635834952
5.760480040003333,0.6067297337682989
5.790482540211684,0.6068076352940558
5.820485040420035,0.6068859680753231
5.850487540628386,0.6069647320261853
5.880490040836737,0.6070439270602535
5.9104925410450875,0.607123553090666
5.940495041253437,0.6072036100300888
5.970497541461788,0.6072840977907149
6.000500041670139,0.6073650162842648
6.03050254187849,0.6074463654219868
6.060505042086841,0.6075281451146568
6.0905075422951915,0.6076103552725781
6.120510042503542,0.6076929958055823
6.150512542711892,0.607776066623029
6.180515042920243,0.6078595676338054
6.210517543128594,0.6079434987463274
6.240520043336945,0.6080278598685387
6.270522543545296,0.6081126509079116
6.300525043753646,0.6081978717714467
6.330527543961997,0.6082835223656735
6.360530044170347,0.6083696025966501
6.390532544378698,0.608456112369963
6.420535044587049,0.6085430515907277
6.4505375447954,0.6086304201635891
6.4805400450037505,0.6087182179927209
6.510542545212101,0.6088064449818256
6.540545045420451,0.6088951010341355
6.570547545628802,0.6089841860524123
6.600550045837153,0.609073699938947
6.630552546045504,0.6091636425955603
6.6605550462538545,0.6092540139236026
6.690557546462205,0.6093448138239541
6.720560046670556,0.6094360421970251
6.750562546878906,0.6095276989427556
6.780565047087257,0.6096197839606161
6.810567547295608,0.6097122971496075
6.840570047503959,0.6098052384082604
6.870572547712309,0.6098986076346367
6.90057504792066,0.6099924047263283
6.930577548129011,0.6100866295804581
6.960580048337361,0.6101812820936796
6.990582548545712,0.6102763621621778
7.020585048754063,0.6103718696816682
7.0505875489624135,0.6104678045473975
7.080590049170764,0.6105641666541439
7.110592549379115,0.6106609558962169
7.140595049587466,0.6107581721674578
7.170597549795816,0.6108558153612388
7.200600050004167,0.6109538853704646
7.2306025502125175,0.6110523820875715
7.260605050420868,0.6111513054045277
7.290607550629219,0.6112506552128335
7.32061005083757,0.6113504314035216
7.350612551045921,0.611450633867157
7.380615051254271,0.611551262493837
7.410617551462622,0.6116523171731915
7.440620051670972,0.6117537977943832
7.470622551879323,0.6118557042461079
7.500625052087674,0.6119580364165936
7.530627552296025,0.6120607941936023
7.560630052504376,0.6121639774644282
7.590632552712726,0.6122675861158997
7.6206350529210765,0.6123716200343781
7.650637553129427,0.6124760791057586
7.680640053337778,0.6125809632154698
7.710642553546129,0.6126862722484743
7.74064505375448,0.6127920060892684
7.770647553962831,0.612898164621883
7.8006500541711805,0.6130047477298826
7.830652554379531,0.6131117552963662
7.860655054587882,0.6132191872039676
7.890657554796233,0.6133270433348547
7.920660055004584,0.6134353235707304
7.950662555212935,0.6135440277928321
7.9806650554212855,0.6136531558819329
8.010667555629636,0.6137627077183401
8.040670055837987,0.6138726831818968
8.070672556046338,0.6139830821519814
8.100675056254687,0.6140939045075076
8.130677556463038,0.614205150126925
8.160680056671389,0.6143168188882184
8.19068255687974,0.6144289106689096
8.22068505708809,0.614541425346055
8.250687557296441,0.6146543627962483
8.280690057504792,0.614767722895619
8.310692557713143,0.6148815055198331
8.340695057921494,0.6149957105440933
8.370697558129844,0.6151103378431388
8.400700058338195,0.6152253872912459
8.430702558546546,0.6153408587622275
8.460705058754897,0.6154567521294341
8.490707558963248,0.6155730672657531
8.520710059171597,0.6156898040436096
8.550712559379948,0.6158069623349658
8.580715059588298,0.6159245420113221
8.61071755979665,0.6160425429437163
8.640720060005,0.6161609650027244
8.67072256021335,0.6162798080584606
8.700725060421702,0.616399071980577
8.730727560630053,0.6165187566382642
8.760730060838403,0.6166388619002516
8.790732561046754,0.6167593876348072
8.820735061255105,0.6168803337097375
8.850737561463456,0.6170016999923883
8.880740061671807,0.6171234863496443
8.910742561880157,0.6172456926479297
8.940745062088507,0.617368318753208
8.970747562296857,0.6174913645309821
9.000750062505208,0.6176148298462947
9.030752562713559,0.6177387145637285
9.06075506292191,0.6178630185474059
9.09075756313026,0.6179877416609898
9.120760063338611,0.6181128837676833
9.150762563546962,0.6182384447302296
9.180765063755313,0.6183644244109128
9.210767563963664,0.6184908226715577
9.240770064172015,0.6186176393735303
9.270772564380366,0.6187448743777371
9.300775064588716,0.618872527544626
9.330777564797067,0.6190005987341864
9.360780065005416,0.6191290878059492
9.390782565213767,0.6192579946189867
9.420785065422118,0.6193873190319135
9.450787565630469,0.6195170609028857
9.48079006583882,0.6196472200896017
9.51079256604717,0.6197777964493023
9.540795066255521,0.6199087898387705
9.570797566463872,0.6200402001143321
9.600800066672223,0.6201720271318557
9.630802566880574,0.6203042707467525
9.660805067088925,0.6204369308139774
9.690807567297275,0.6205700071880277
9.720810067505626,0.6207034997229446
9.750812567713977,0.6208374082723129
9.780815067922326,0.620971732689261
9.810817568130677,0.6211064728264609
9.840820068339028,0.6212416285361291
9.870822568547378,0.6213771996700261
9.90082506875573,0.6215131860794567
9.93082756896408,0.6216495876152701
9.960830069172431,0.6217864041278607
9.990832569380782,0.6219236354671671
10.020835069589133,0.6220612814826734
10.050837569797483,0.6221993420234087
10.080840070005834,0.6223378169379474
10.110842570214185,0.6224767060744094
10.140845070422536,0.6226160092804605
10.170847570630887,0.6227557264033121
10.200850070839236,0.6228958572897216
10.230852571047587,0.6230364017859928
10.260855071255937,0.6231773597379759
10.290857571464288,0.6233187309910673
10.320860071672639,0.6234605153902102
10.35086257188099,0.6236027127798947
10.38086507208934,0.623745323004158
10.410867572297692,0.6238883459065845
10.440870072506042,0.6240317813303056
10.470872572714393,0.624175629118001
10.500875072922744,0.6243198891118973
10.530877573131095,0.6244645611537696
10.560880073339446,0.6246096450849407
10.590882573547795,0.6247551407462818
10.620885073756146,0.6249010479782124
10.650887573964496,0.6250473666207008
10.680890074172847,0.6251940965132636
10.710892574381198,0.6253412374949672
10.740895074589549,0.6254887894044262
10.7708975747979,0.625636752079805
10.80090007500625,0.6257851253588171
10.830902575214601,0.6259339090787263
10.860905075422952,0.6260831030763454
10.890907575631303,0.6262327071880378
10.920910075839654,0.6263827212497171
10.950912576048005,0.6265331450968467
10.980915076256355,0.6266839785644409
11.010917576464704,0.6268352214870653
11.040920076673055,0.6269868736988353
11.070922576881406,0.627138935033418
11.100925077089757,0.6272914053240319
11.130927577298108,0.6274442844034467
11.160930077506459,0.6275975721039836
11.19093257771481,0.6277512682575161
11.22093507792316,0.6279053726954693
11.250937578131511,0.6280598852488206
11.280940078339862,0.6282148057481
11.310942578548213,0.6283701340233895
11.340945078756564,0.6285258699043245
11.370947578964914,0.6286820132200928
11.400950079173265,0.6288385637994358
11.430952579381614,0.628995521470648
11.460955079589965,0.6291528860615772
11.490957579798316,0.629310657399625
11.520960080006667,0.629468835311747
11.550962580215018,0.6296274196244531
11.580965080423368,0.629786410163807
11.61096758063172,0.6299458067554268
11.64097008084007,0.6301056092244857
11.67097258104842,0.6302658173957114
11.700975081256772,0.6304264310933868
11.730977581465122,0.6305874501413498
11.760980081673473,0.6307488743629939
11.790982581881824,0.6309107035812681
11.820985082090175,0.6310729376186773
11.850987582298524,0.6312355762972823
11.880990082506875,0.6313986194387002
11.910992582715226,0.6315620668641042
11.940995082923576,0.6317259183942245
11.970997583131927,0.6318901738493478
12.001000083340278,0.6320548330493176
12.031002583548629,0.6322198958135352
12.06100508375698,0.6323853619609585
12.09100758396533,0.6325512313101036
12.121010084173681,0.632717503679044
12.151012584382032,0.6328841788854113
12.181015084590383,0.6330512567463951
12.211017584798734,0.6332187370787437
12.241020085007085,0.6333866196987634
12.271022585215434,0.6335549044223201
12.301025085423785,0.6337235910648381
12.331027585632135,0.6338926794413007
12.361030085840486,0.6340621693662511
12.391032586048837,0.6342320606537919
12.421035086257188,0.6344023531175851
12.451037586465539,0.6345730465708532
12.48104008667389,0.6347441408263788
12.51104258688224,0.6349156356965047
12.541045087090591,0.6350875309931343
12.571047587298942,0.635259826527732
12.601050087507293,0.6354325221113232
12.631052587715644,0.6356056175544943
12.661055087923994,0.6357791126673933
12.691057588132344,0.6359530072597299
12.721060088340694,0.6361273011407758
12.751062588549045,0.6363019941193641
12.781065088757396,0.6364770860038906
12.811067588965747,0.6366525766023141
12.841070089174098,0.636828465722155
12.871072589382448,0.6370047531704974
12.9010750895908,0.6371814387539882
12.93107758979915,0.6373585222788378
12.961080090007501,0.6375360035508201
12.991082590215852,0.6377138823752724
13.021085090424203,0.6378921585570965
13.051087590632553,0.638070831900758
13.081090090840902,0.638249902210287
13.111092591049253,0.6384293692892783
13.141095091257604,0.6386092329408914
13.171097591465955,0.6387894929678508
13.201100091674306,0.6389701491724465
13.231102591882657,0.6391512013565337
13.261105092091007,0.6393326493215333
13.291107592299358,0.6395144928684323
13.321110092507709,0.6396967317977837
13.35111259271606,0.6398793659097068
13.38111509292441,0.6400623950038877
13.411117593132762,0.6402458188795788
13.441120093341112,0.6404296373356001
13.471122593549463,0.6406138501703382
13.501125093757812,0.6407984571817479
13.531127593966163,0.6409834581673508
13.561130094174514,0.6411688529242371
13.591132594382865,0.6413546412490647
13.621135094591216,0.64154082293806
13.651137594799566,0.641727397787018
13.681140095007917,0.6419143655913022
13.711142595216268,0.6421017261458455
13.741145095424619,0.6422894792451497
13.77114759563297,0.6424776246832863
13.80115009584132,0.6426661622538963
13.831152596049671,0.6428550917501905
13.861155096258022,0.6430444129649504
13.891157596466373,0.6432341256905272
13.921160096674722,0.6434242297188428
13.951162596883073,0.6436147248413904
13.981165097091424,0.6438056108492339
14.011167597299774,0.6439968875330083
14.041170097508125,0.6441885546829205
14.071172597716476,0.6443806120887487
14.101175097924827,0.6445730595398436
14.131177598133178,0.6447658968251275
14.161180098341529,0.6449591237330954
14.19118259854988,0.6451527400518154
14.22118509875823,0.6453467455689277
14.251187598966581,0.6455411400716461
14.281190099174932,0.6457359233467577
14.311192599383283,0.6459310951806231
14.341195099591632,0.6461266553591767
14.371197599799983,0.6463226036679273
14.401200100008333,0.6465189398919575
14.431202600216684,0.6467156638159247
14.461205100425035,0.6469127752240611
14.491207600633386,0.6471102739001737
14.521210100841737,0.6473081596276453
14.551212601050088,0.6475064321894333
14.581215101258438,0.6477050913680713
14.61121760146679,0.6479041369456693
14.64122010167514,0.6481035687039125
14.67122260188349,0.6483033864240633
14.701225102091842,0.6485035898869607
14.731227602300192,0.6487041788730201
14.761230102508542,0.6489051531622346
14.791232602716892,0.6491065125341746
14.821235102925243,0.6493082567679882
14.851237603133594,0.6495103856424007
14.881240103341945,0.6497128989357165
14.911242603550296,0.6499157964258178
14.941245103758646,0.6501190778901655
14.971247603966997,0.6503227431057995
15.001250104175348,0.6505267918493385
15.031252604383699,0.650731223896981
15.06125510459205,0.6509360390245046
15.0912576048004,0.6511412370072671
15.121260105008751,0.6513468176202062
15.151262605217102,0.6515527806378397
15.181265105425451,0.6517591258342668
15.211267605633802,0.6519658529831664
15.241270105842153,0.6521729618577996
15.271272606050504,0.6523804522310078
15.301275106258855,0.6525883238752147
15.331277606467205,0.6527965765624255
15.361280106675556,0.6530052100642275
15.391282606883907,0.6532142241517904
15.421285107092258,0.6534236185958663
15.451287607300609,0.6536333931667904
15.48129010750896,0.6538435476344806
15.51129260771731,0.6540540817684386
15.541295107925661,0.6542649953377493
15.57129760813401,0.6544762881110816
15.601300108342361,0.6546879598566884
15.631302608550712,0.6549000103424069
15.661305108759063,0.6551124393356591
15.691307608967414,0.6553252466034517
15.721310109175764,0.6555384319123766
15.751312609384115,0.6557519950286109
15.781315109592466,0.6559659357179175
15.811317609800817,0.656180253745645
15.841320110009168,0.6563949488767284
15.871322610217518,0.6566100208756889
15.90132511042587,0.656825469506634
15.93132761063422,0.6570412945332589
15.961330110842571,0.6572574957188455
15.99133261105092,0.6574740728262629
16.021335111259273,0.6576910256179684
16.051337611467623,0.657908353856007
16.081340111675974,0.6581260573020118
16.111342611884325,0.6583441357172044
16.141345112092676,0.6585625888623955
16.171347612301027,0.6587814164979844
16.201350112509374,0.6590006183839596
16.231352612717725,0.6592201942798994
16.261355112926076,0.659440143944972
16.291357613134426,0.659660467137935
16.321360113342777,0.659881163617137
16.351362613551128,0.6601022331405169
16.38136511375948,0.6603236754656043
16.41136761396783,0.6605454903495203
16.44137011417618,0.6607676775489768
16.47137261438453,0.6609902368202779
16.501375114592882,0.6612131679193194
16.531377614801233,0.6614364706015894
16.561380115009584,0.6616601446221679
16.591382615217935,0.6618841897357283
16.621385115426285,0.6621086056965368
16.651387615634636,0.6623333922584524
16.681390115842987,0.6625585491749284
16.711392616051338,0.6627840761990114
16.74139511625969,0.6630099730833419
16.77139761646804,0.663236239580155
16.80140011667639,0.6634628754412808
16.83140261688474,0.6636898804181433
16.861405117093092,0.6639172542617624
16.891407617301443,0.6641449967227535
16.921410117509794,0.6643731075513273
16.951412617718145,0.6646015864972904
16.981415117926495,0.6648304333100461
17.011417618134846,0.6650596477385937
17.041420118343193,0.66528922953153
17.071422618551544,0.6655191784370482
17.101425118759895,0.6657494942029392
17.131427618968246,0.6659801765765911
17.161430119176597,0.6662112253049908
17.191432619384948,0.6664426401347221
17.2214351195933,0.6666744208119686
17.25143761980165,0.6669065670825116
17.28144012001,0.6671390786917321
17.31144262021835,0.6673719553846098
17.3414451204267,0.6676051969057245
17.371447620635053,0.6678388029992557
17.401450120843403,0.6680727734089827
17.431452621051754,0.6683071078782857
17.461455121260105,0.6685418061501455
17.491457621468456,0.6687768679671435
17.521460121676807,0.6690122930714626
17.551462621885157,0.6692480812048877
17.58146512209351,0.6694842321088046
17.61146762230186,0.6697207455242019
17.64147012251021,0.6699576211916706
17.67147262271856,0.670194858851404
17.70147512292691,0.6704324582431984
17.731477623135262,0.6706704191064538
17.761480123343613,0.6709087411801733
17.791482623551964,0.6711474242029638
17.821485123760315,0.6713864679130368
17.851487623968666,0.6716258720482078
17.881490124177013,0.6718656363458969
17.911492624385364,0.6721057605431293
17.941495124593715,0.6723462443765357
17.971497624802065,0.672587087582352
18.001500125010416,0.67282828989642
18.031502625218767,0.6730698510541877
18.061505125427118,0.6733117707907097
18.09150762563547,0.6735540488406471
18.12151012584382,0.6737966849382677
18.15151262605217,0.6740396788174472
18.18151512626052,0.6742830302116687
18.211517626468872,0.6745267388540229
18.241520126677223,0.6747708044772088
18.271522626885574,0.6750152268135341
18.301525127093925,0.6752600055949148
18.331527627302275,0.6755051405528765
18.361530127510626,0.6757506314185535
18.391532627718977,0.6759964779226906
18.421535127927328,0.6762426797956415
18.45153762813568,0.6764892367673707
18.48154012834403,0.6767361485674537
18.51154262855238,0.6769834149250759
18.54154512876073,0.6772310355690341
18.571547628969082,0.677479010227737
18.601550129177433,0.6777273386292044
18.631552629385784,0.6779760205010684
18.661555129594134,0.6782250555705736
18.69155762980248,0.6784744435645766
18.721560130010833,0.6787241842095476
18.751562630219183,0.6789742772315697
18.781565130427534,0.6792247223563392
18.811567630635885,0.679475519309167
18.841570130844236,0.6797266678149775
18.871572631052587,0.6799781675983094
18.901575131260937,0.6802300183833166
18.93157763146929,0.6804822198937679
18.96158013167764,0.6807347718530471
18.99158263188599,0.6809876739841538
19.02158513209434,0.6812409260097039
19.05158763230269,0.6814945276519291
19.081590132511042,0.6817484786326774
19.111592632719393,0.6820027786734143
19.141595132927744,0.6822574274952222
19.171597633136095,0.6825124248188008
19.201600133344446,0.6827677703644676
19.231602633552797,0.6830234638521584
19.261605133761147,0.6832795050014269
19.291607633969498,0.6835358935314461
19.32161013417785,0.6837926291610075
19.3516126343862,0.684049711608522
19.38161513459455,0.6843071405920204
19.4116176348029,0.6845649158291531
19.441620135011252,0.6848230370371908
19.471622635219603,0.6850815039330247
19.501625135427954,0.685340316233167
19.5316276356363,0.685599473653751
19.561630135844652,0.6858589759105316
19.591632636053003,0.6861188227188848
19.621635136261354,0.6863790137938097
19.651637636469705,0.6866395488499273
19.681640136678055,0.6869004276014811
19.711642636886406,0.6871616497623378
19.741645137094757,0.687423215045988
19.771647637303108,0.6876851231655452
19.80165013751146,0.6879473738337469
19.83165263771981,0.6882099667629555
19.86165513792816,0.6884729016651576
19.89165763813651,0.6887361782519648
19.921660138344862,0.6889997962346137
19.951662638553213,0.6892637553239669
19.981665138761564,0.6895280552305125
20.011667638969914,0.6897926956643651
20.041670139178265,0.6900576763352655
20.071672639386616,0.6903229969525816
20.101675139594967,0.690588657225308
20.131677639803318,0.6908546568620675
20.16168014001167,0.6911209955711101
20.19168264022002,0.6913876730603139
20.22168514042837,0.6916546890371856
20.25168764063672,0.691922043208861
20.281690140845072,0.6921897352821043
20.311692641053423,0.6924577649633092
20.341695141261773,0.6927261319584999
20.37169764147012,0.6929948359733293
20.40170014167847,0.6932638767130821
20.431702641886822,0.6935332538826724
20.461705142095173,0.693802967186646
20.491707642303524,0.6940730163291802
20.521710142511875,0.6943434010140832
20.551712642720226,0.6946141209447959
20.581715142928577,0.6948851758243911
20.611717643136927,0.6951565653555745
20.641720143345278,0.6954282892406844
20.67172264355363,0.6957003471816927
20.70172514376198,0.6959727388802046
20.73172764397033,0.6962454640374597
20.76173014417868,0.6965185223543313
20.791732644387032,0.6967919135313277
20.821735144595383,0.6970656372685922
20.851737644803734,0.6973396932659026
20.881740145012085,0.6976140812226732
20.911742645220436,0.6978888008379538
20.941745145428786,0.6981638518104301
20.971747645637137,0.698439233838425
21.001750145845488,0.6987149466198981
21.03175264605384,0.6989909898524458
21.06175514626219,0.6992673632333026
21.09175764647054,0.6995440664593406
21.12176014667889,0.6998210992270705
21.151762646887242,0.7000984612326409
21.18176514709559,0.7003761521718397
21.21176764730394,0.700654171740094
21.24177014751229,0.7009325196324707
21.271772647720642,0.701211195543676
21.301775147928993,0.7014901991680567
21.331777648137344,0.7017695301996003
21.361780148345694,0.7020491883319347
21.391782648554045,0.7023291732583297
21.421785148762396,0.7026094846716961
21.451787648970747,0.7028901222645869
21.481790149179098,0.7031710857291975
21.51179264938745,0.7034523747573651
21.5417951495958,0.7037339890405709
21.57179764980415,0.7040159282699385
21.6018001500125,0.7042981921362357
21.631802650220852,0.7045807803298737
21.661805150429203,0.7048636925409084
21.691807650637553,0.7051469284590401
21.721810150845904,0.7054304877736142
21.751812651054255,0.7057143701736213
21.781815151262606,0.7059985753476974
21.811817651470957,0.706283102984125
21.841820151679308,0.7065679527708327
21.87182265188766,0.7068531243953955
21.90182515209601,0.7071386175450356
21.93182765230436,0.7074244319066227
21.96183015251271,0.7077105671666741
21.99183265272106,0.7079970230113553
22.02183515292941,0.7082837991264794
22.05183765313776,0.7085708951975093
22.08184015334611,0.7088583109095563
22.11184265355446,0.7091460459473813
22.141845153762812,0.7094340999953948
22.171847653971163,0.7097224727376579
22.201850154179514,0.7100111638578817
22.231852654387865,0.7103001730394279
22.261855154596216,0.7105894999653101
22.291857654804566,0.7108791443181928
22.321860155012917,0.7111691057803925
22.351862655221268,0.7114593840338779
22.38186515542962,0.7117499787602701
22.41186765563797,0.7120408896408437
22.44187015584632,0.7123321163565255
22.47187265605467,0.7126236585878968
22.501875156263022,0.7129155160151924
22.531877656471373,0.7132076883183016
22.561880156679724,0.713500175176768
22.591882656888075,0.7137929762697908
22.621885157096425,0.7140860912762238
22.651887657304776,0.714379519874577
22.681890157513127,0.7146732617430167
22.711892657721478,0.7149673165593646
22.74189515792983,0.7152616840011001
22.77189765813818,0.7155563637453595
22.80190015834653,0.7158513554689363
22.83190265855488,0.7161466588482821
22.86190515876323,0.7164422735595065
22.89190765897158,0.7167381992783777
22.92191015917993,0.7170344356803228
22.95191265938828,0.7173309824404279
22.981915159596632,0.7176278392334392
23.011917659804983,0.7179250057337624
23.041920160013333,0.7182224816154638
23.071922660221684,0.7185202665522701
23.101925160430035,0.7188183602175693
23.131927660638386,0.7191167622844103
23.161930160846737,0.7194154724255049
23.191932661055088,0.7197144903132254
23.22193516126344,0.7200138156196076
23.25193766147179,0.7203134480163502
23.28194016168014,0.7206133871748144
23.31194266188849,0.7209136327660255
23.34194516209684,0.7212141844606724
23.371947662305192,0.7215150419291084
23.401950162513543,0.7218162048413514
23.431952662721894,0.7221176728670844
23.461955162930245,0.7224194456756554
23.491957663138596,0.7227215229360786
23.521960163346947,0.7230239043170341
23.551962663555297,0.7233265894868679
23.58196516376365,0.7236295781135937
23.611967663972,0.7239328698648918
23.64197016418035,0.7242364644081102
23.671972664388697,0.7245403614102648
23.701975164597048,0.7248445605380396
23.7319776648054,0.7251490614577873
23.76198016501375,0.7254538638355301
23.7919826652221,0.7257589673369584
23.82198516543045,0.7260643716274336
23.851987665638802,0.7263700763719864
23.881990165847153,0.7266760812353182
23.911992666055504,0.7269823858818012
23.941995166263855,0.7272889899754789
23.971997666472205,0.7275958931800661
24.002000166680556,0.7279030951589499
24.032002666888907,0.7282105955751894
24.062005167097258,0.7285183940915164
24.09200766730561,0.7288264903703361
24.12201016751396,0.7291348840737266
24.15201266772231,0.72944357486344
24.18201516793066,0.7297525624009027
24.212017668139012,0.7300618463472155
24.242020168347363,0.730371426363154
24.272022668555714,0.7306813021091692
24.302025168764064,0.7309914732453877
24.332027668972415,0.7313019394316121
24.362030169180766,0.7316127003273216
24.392032669389117,0.7319237555916718
24.422035169597468,0.7322351048834956
24.45203766980582,0.7325467478613034
24.48204017001417,0.7328586841832834
24.512042670222517,0.7331709135073026
24.542045170430868,0.7334834354909057
24.57204767063922,0.7337962497913171
24.60205017084757,0.7341093560654405
24.63205267105592,0.7344227539698589
24.66205517126427,0.7347364431608361
24.69205767147262,0.735050423294316
24.722060171680972,0.7353646940259235
24.752062671889323,0.7356792550109648
24.782065172097674,0.7359941059044276
24.812067672306025,0.7363092463609818
24.842070172514376,0.7366246760349797
24.872072672722727,0.7369403945804562
24.902075172931077,0.7372564016511297
24.93207767313943,0.7375726969004018
24.96208017334778,0.7378892799813581
24.99208267355613,0.7382061505467687
25.02208517376448,0.7385233082490883
25.05208767397283,0.7388407527404562
25.082090174181182,0.7391584836726981
25.112092674389533,0.7394765006973247
25.142095174597884,0.7397948034655333
25.172097674806235,0.7401133916282077
25.202100175014586,0.7404322648359185
25.232102675222936,0.7407514227389242
25.262105175431287,0.7410708649871703
25.292107675639638,0.7413905912302912
25.32211017584799,0.7417106011176091
25.352112676056336,0.7420308942981357
25.382115176264687,0.7423514704205715
25.412117676473038,0.7426723291333068
25.44212017668139,0.7429934700844225
25.47212267688974,0.743314892921689
25.50212517709809,0.743636597292568
25.53212767730644,0.7439585828442127
25.562130177514792,0.7442808492234674
25.592132677723143,0.7446033960768688
25.622135177931494,0.7449262230506453
25.652137678139844,0.745249329790719
25.682140178348195,0.7455727159427048
25.712142678556546,0.7458963811519104
25.742145178764897,0.7462203250633386
25.772147678973248,0.7465445473216856
25.8021501791816,0.746869047571343
25.83215267938995,0.7471938254563969
25.8621551795983,0.7475188806206294
25.89215767980665,0.747844212707518
25.922160180015002,0.7481698213602368
25.952162680223353,0.7484957062216567
25.982165180431704,0.748821866934345
26.012167680640054,0.7491483031405672
26.042170180848405,0.7494750144822862
26.072172681056756,0.749802000601163
26.102175181265107,0.7501292611385579
26.132177681473458,0.7504567957355295
26.162180181681805,0.7507846040328361
26.192182681890156,0.751112685670936
26.222185182098507,0.7514410402899871
26.252187682306857,0.7517696675298486
26.282190182515208,0.7520985670300804
26.31219268272356,0.7524277384299434
26.34219518293191,0.7527571813684009
26.37219768314026,0.7530868954841179
26.40220018334861,0.7534168804154624
26.432202683556962,0.7537471358005053
26.462205183765313,0.7540776612770203
26.492207683973664,0.7544084564824853
26.522210184182015,0.7547395210540828
26.552212684390366,0.7550708546286988
26.582215184598716,0.7554024568429252
26.612217684807067,0.7557343273330589
26.642220185015418,0.7560664657351024
26.67222268522377,0.7563988716847645
26.70222518543212,0.7567315448174607
26.73222768564047,0.7570644847683132
26.76223018584882,0.7573976911721516
26.792232686057172,0.7577311636635137
26.822235186265523,0.7580649018766445
26.852237686473874,0.7583989054454985
26.882240186682225,0.7587331740037386
26.912242686890576,0.7590677071847374
26.942245187098926,0.7594025046215772
26.972247687307277,0.75973756594705
27.002250187515624,0.7600728907936589
27.032252687723975,0.760408478793618
27.062255187932326,0.7607443295788521
27.092257688140677,0.7610804427809987
27.122260188349028,0.7614168180314069
27.15226268855738,0.7617534549611383
27.18226518876573,0.7620903532009679
27.21226768897408,0.7624275123813838
27.24227018918243,0.762764932132588
27.272272689390782,0.763102612084497
27.302275189599133,0.7634405518667411
27.332277689807484,0.7637787511086663
27.362280190015834,0.7641172094393341
27.392282690224185,0.7644559264875213
27.422285190432536,0.7647949018817211
27.452287690640887,0.7651341352501438
27.482290190849238,0.7654736262207161
27.51229269105759,0.7658133744210828
27.54229519126594,0.766153379478606
27.57229769147429,0.7664936410203662
27.60230019168264,0.766834158673163
27.63230269189099,0.7671749320635147
27.662305192099343,0.767515960817659
27.692307692307693,0.7678572445615539
27.722310192516044,0.7681987829208776
27.752312692724395,0.768540575521029
27.782315192932746,0.768882621987128
27.812317693141097,0.7692249219440161
27.842320193349444,0.7695674750162571
27.872322693557795,0.7699102808281368
27.902325193766146,0.770253339003664
27.932327693974496,0.7705966491665706
27.962330194182847,0.770940210940312
27.992332694391198,0.7712840239480682
28.02233519459955,0.7716280878127427
28.0523376948079,0.7719724021569647
28.08234019501625,0.7723169666030885
28.1123426952246,0.7726617807731938
28.142345195432952,0.7730068442890865
28.172347695641303,0.773352156772299
28.202350195849654,0.7736977178440911
28.232352696058005,0.774043527125449
28.262355196266356,0.7743895842370876
28.292357696474706,0.7747358887994495
28.322360196683057,0.7750824404327059
28.352362696891408,0.7754292387567572
28.38236519709976,0.7757762833912331
28.41236769730811,0.776123573955493
28.44237019751646,0.7764711100686269
28.47237269772481,0.7768188913494554
28.502375197933162,0.77716691741653
28.532377698141513,0.7775151878881337
28.562380198349864,0.7778637023822818
28.592382698558215,0.7782124605167215
28.622385198766565,0.7785614619089333
28.652387698974913,0.7789107061761302
28.682390199183263,0.7792601929352595
28.712392699391614,0.7796099218030023
28.742395199599965,0.7799598923957735
28.772397699808316,0.7803101043297241
28.802400200016667,0.7806605572207398
28.832402700225018,0.7810112506844412
28.86240520043337,0.7813621843361868
28.89240770064172,0.7817133577910699
28.92241020085007,0.7820647706639219
28.95241270105842,0.7824164225693113
28.98241520126677,0.7827683131215444
29.012417701475123,0.7831204419346655
29.042420201683473,0.783472808622458
29.072422701891824,0.7838254127984441
29.102425202100175,0.7841782540758858
29.132427702308526,0.7845313320677849
29.162430202516877,0.7848846463868833
29.192432702725228,0.785238196645664
29.22243520293358,0.7855919824563515
29.25243770314193,0.7859460034309111
29.28244020335028,0.7863002591810511
29.31244270355863,0.7866547493182218
29.34244520376698,0.7870094734536162
29.372447703975332,0.7873644311981713
29.402450204183683,0.7877196221625674
29.432452704392034,0.788075045957229
29.462455204600385,0.7884307021923258
29.492457704808732,0.7887865904777716
29.522460205017083,0.7891427104232265
29.552462705225434,0.7894990616380961
29.582465205433785,0.7898556437315323
29.612467705642135,0.7902124563124345
29.642470205850486,0.7905694989894483
29.672472706058837,0.7909267713709671
29.702475206267188,0.7912842730651334
29.73247770647554,0.7916420036798366
29.76248020668389,0.7919999628227165
29.79248270689224,0.7923581501011612
29.82248520710059,0.7927165651223088
29.852487707308942,0.7930752074930482
29.882490207517293,0.7934340768200182
29.912492707725644,0.7937931727096091
29.942495207933995,0.7941524947679626
29.972497708142345,0.7945120426009724
30.002500208350696,0.7948718158142842
30.032502708559047,0.795231814013297
30.062505208767398,0.795592036803163
30.09250770897575,0.7959524837887875
30.1225102091841,0.7963131545748307
30.15251270939245,0.7966740487657067
30.1825152096008,0.7970351659655845
30.212517709809152,0.7973965057783896
30.242520210017503,0.7977580678078019
30.272522710225854,0.7981198516572584
30.302525210434204,0.7984818569299528
30.33252771064255,0.7988440832288354
30.362530210850903,0.7992065301566146
30.392532711059253,0.7995691973157568
30.422535211267604,0.7999320843084863
30.452537711475955,0.8002951907367872
30.482540211684306,0.8006585162024022
30.512542711892657,0.8010220603068336
30.542545212101007,0.801385822651345
30.57254771230936,0.8017498028369592
30.60255021251771,0.8021140004644611
30.63255271272606,0.8024784151343969
30.66255521293441,0.8028430464470744
30.69255771314276,0.8032078940025639
30.722560213351112,0.8035729574006989
30.752562713559463,0.8039382362410756
30.782565213767814,0.8043037301230545
30.812567713976165,0.8046694386457599
30.842570214184516,0.8050353614080804
30.872572714392867,0.8054014980086702
30.902575214601217,0.8057678480459488
30.932577714809568,0.806134411118101
30.96258021501792,0.8065011868230793
30.99258271522627,0.8068681747586014
31.02258521543462,0.8072353745221529
31.05258771564297,0.8076027857109878
31.082590215851322,0.8079704079221267
31.112592716059673,0.8083382407523602
31.14259521626802,0.808706283798247
31.17259771647637,0.8090745366561156
31.202600216684722,0.8094429989220641
31.232602716893073,0.8098116701919613
31.262605217101424,0.8101805500614463
31.292607717309775,0.8105496381259301
31.322610217518125,0.8109189339805946
31.352612717726476,0.8112884372203938
31.382615217934827,0.8116581474400553
31.412617718143178,0.8120280642340784
31.44262021835153,0.8123981871967364
31.47262271855988,0.8127685159220768
31.50262521876823,0.8131390500039206
31.53262771897658,0.8135097890358641
31.562630219184932,0.8138807326112791
31.592632719393283,0.8142518803233123
31.622635219601634,0.8146232317648869
31.652637719809984,0.8149947865287029
31.682640220018335,0.8153665442072368
31.712642720226686,0.8157385043927428
31.742645220435037,0.816110666677253
31.772647720643388,0.8164830306525775
31.80265022085174,0.8168555959103061
31.83265272106009,0.8172283620418069
31.86265522126844,0.8176013286382277
31.89265772147679,0.8179744952904973
31.922660221685142,0.8183478615893238
31.952662721893493,0.8187214271251977
31.98266522210184,0.8190951914883899
32.01266772231019,0.8194691542689538
32.042670222518545,0.8198433150567248
32.07267272272689,0.8202176734413217
32.10267522293525,0.8205922290121458
32.132677723143594,0.8209669813583826
32.16268022335195,0.8213419300690021
32.192682723560296,0.8217170747327578
32.22268522376865,0.8220924149381899
32.252687723977,0.8224679502736223
32.28269022418535,0.8228436803271665
32.3126927243937,0.8232196046867196
32.34269522460205,0.8235957229399657
32.3726977248104,0.8239720346743759
32.40270022501875,0.82434853947721
32.4327027252271,0.8247252369355151
32.46270522543545,0.8251021266361278
32.492707725643804,0.8254792081656732
32.52271022585215,0.8258564811105659
32.552712726060506,0.8262339450570115
32.58271522626885,0.8266115995910053
32.61271772647721,0.8269894442983334
32.642720226685555,0.8273674787645744
32.67272272689391,0.8277457025750976
32.702725227102256,0.8281241153150648
32.73272772731061,0.8285027165694314
32.76273022751896,0.8288815059229453
32.79273272772731,0.8292604829601482
32.82273522793566,0.8296396472653762
32.852737728144014,0.8300189984227597
32.88274022835236,0.8303985360162244
32.912742728560715,0.8307782596294914
32.94274522876906,0.8311581688460774
32.97274772897742,0.8315382632492967
33.002750229185764,0.8319185424222592
33.03275272939412,0.8322990059478728
33.062755229602466,0.8326796534088428
33.09275772981082,0.8330604843876733
33.12276023001917,0.8334414984666665
33.15276273022752,0.8338226952279246
33.18276523043587,0.8342040742533485
33.212767730644224,0.8345856351246398
33.24277023085257,0.8349673774233004
33.27277273106092,0.8353493007306333
33.30277523126927,0.8357314046277431
33.33277773147762,0.8361136886955359
33.362780231685974,0.8364961525147209
33.39278273189432,0.8368787956658092
33.422785232102676,0.8372616177291161
33.45278773231102,0.83764461828476
33.48279023251938,0.8380277969126642
33.512792732727725,0.8384111531925558
33.54279523293608,0.8387946867039681
33.57279773314443,0.839178397026239
33.60280023335278,0.8395622837385134
33.63280273356113,0.8399463464197419
33.66280523376948,0.8403305846486826
33.69280773397783,0.840714998003901
33.722810234186184,0.8410995860637706
33.75281273439453,0.8414843484064727
33.782815234602886,0.8418692846099982
33.81281773481123,0.842254394252147
33.84282023501959,0.8426396769105287
33.872822735227935,0.843025132162563
33.90282523543629,0.8434107595854808
33.932827735644636,0.8437965587563236
33.96283023585299,0.8441825292519451
33.99283273606134,0.8445686706490105
34.02283523626969,0.8449549825239981
34.05283773647804,0.8453414644531987
34.08284023668639,0.8457281160127168
34.11284273689474,0.846114936778471
34.14284523710309,0.8465019263261943
34.17284773731144,0.8468890842314343
34.20285023751979,0.847276410069554
34.232852737728145,0.8476639034157327
34.26285523793649,0.8480515638449653
34.292857738144846,0.848439390932064
34.32286023835319,0.8488273842516576
34.35286273856155,0.8492155433781933
34.382865238769895,0.8496038678859357
34.41286773897825,0.8499923573489688
34.4428702391866,0.8503810113411949
34.47287273939495,0.8507698294363365
34.5028752396033,0.8511588112079356
34.53287773981165,0.8515479562293549
34.56288024002,0.851937264073778
34.592882740228355,0.8523267343142102
34.6228852404367,0.8527163665234782
34.652887740645056,0.8531061602742314
34.6828902408534,0.8534961151389417
34.71289274106176,0.8538862306899049
34.742895241270105,0.8542765064992398
34.77289774147846,0.8546669421388899
34.80290024168681,0.8550575371806233
34.83290274189516,0.8554482911960333
34.86290524210351,0.8558392037565385
34.892907742311856,0.8562302744333843
34.92291024252021,0.856621502797642
34.95291274272856,0.8570128884202103
34.98291524293691,0.8574044308718154
35.01291774314526,0.8577961297230112
35.04292024335361,0.8581879845441805
35.07292274356196,0.8585799949055347
35.102925243770315,0.858972160377115
35.13292774397866,0.8593644805287917
35.16293024418702,0.8597569549302664
35.192932744395364,0.8601495831510706
35.22293524460372,0.8605423647605679
35.252937744812066,0.8609352993279531
35.28294024502042,0.8613283864222537
35.31294274522877,0.8617216256123295
35.34294524543712,0.8621150164668735
35.37294774564547,0.8625085585544127
35.40295024585382,0.8629022514433079
35.43295274606217,0.8632960947017546
35.462955246270525,0.8636900878977835
35.49295774647887,0.8640842305992605
35.52296024668723,0.864478522373888
35.552962746895574,0.8648729627892046
35.58296524710393,0.8652675514125858
35.612967747312275,0.8656622878112448
35.64297024752063,0.8660571715522325
35.67297274772898,0.8664522022024382
35.70297524793733,0.8668473793285905
35.73297774814568,0.8672427024972564
35.762980248354026,0.8676381712748439
35.79298274856238,0.8680337852276006
35.82298524877073,0.8684295439216145
35.85298774897908,0.8688254469228159
35.88299024918743,0.869221493796976
35.912992749395784,0.8696176841097084
35.94299524960413,0.8700140174264696
35.972997749812485,0.8704104933125588
36.00300025002083,0.8708071113331194
36.03300275022919,0.8712038710531385
36.063005250437534,0.8716007720374477
36.09300775064589,0.8719978138507243
36.123010250854236,0.8723949960574903
36.15301275106259,0.8727923182221142
36.18301525127094,0.873189779908811
36.21301775147929,0.8735873806816425
36.24302025168764,0.8739851201045179
36.273022751895994,0.8743829977411948
36.30302525210434,0.8747810131552786
36.333027752312695,0.8751791659102238
36.36303025252104,0.8755774555693344
36.3930327527294,0.8759758816957642
36.423035252937744,0.8763744438525172
36.4530377531461,0.8767731416024485
36.483040253354446,0.8771719745082638
36.5130427535628,0.8775709421325213
36.54304525377115,0.877970044037631
36.573047753979495,0.878369279785856
36.60305025418785,0.8787686489393123
36.633052754396196,0.8791681510599695
36.66305525460455,0.8795677857096518
36.6930577548129,0.8799675524500373
36.72306025502125,0.8803674508426602
36.7530627552296,0.8807674804489095
36.783065255437954,0.8811676408300306
36.8130677556463,0.8815679315471254
36.843070255854656,0.8819683521611531
36.873072756063,0.8823689022329297
36.90307525627136,0.8827695813231303
36.933077756479705,0.8831703889922876
36.96308025668806,0.8835713248007936
36.993082756896406,0.8839723883088998
37.02308525710476,0.8843735790767175
37.05308775731311,0.8847748966642186
37.08309025752146,0.8851763406312357
37.11309275772981,0.8855779105374629
37.143095257938164,0.8859796059424564
37.17309775814651,0.8863814264056341
37.203100258354866,0.8867833714862774
37.23310275856321,0.8871854407435307
37.26310525877157,0.8875876337364024
37.293107758979914,0.8879899500237647
37.32311025918827,0.8883923891643553
37.353112759396616,0.8887949507167765
37.38311525960496,0.8891976342394967
37.41311775981332,0.8896004392908506
37.443120260021665,0.8900033654290394
37.47312276023002,0.8904064122121315
37.50312526043837,0.8908095791980627
37.53312776064672,0.8912128659446377
37.56313026085507,0.8916162720095291
37.59313276106342,0.8920197969502792
37.62313526127177,0.8924234403242995
37.653137761480124,0.892827201688872
37.68314026168847,0.8932310806011486
37.713142761896826,0.8936350766181533
37.74314526210517,0.8940391892967806
37.77314776231353,0.8944434181937978
37.803150262521875,0.8948477628658443
37.83315276273023,0.895252222869433
37.86315526293858,0.8956567977609494
37.89315776314693,0.8960614870966541
37.92316026335528,0.8964662904326814
37.95316276356363,0.896871207325041
37.98316526377198,0.8972762373296177
38.013167763980334,0.8976813800021725
38.04317026418868,0.8980866348983425
38.073172764397036,0.8984920015736422
38.10317526460538,0.8988974795834631
38.13317776481374,0.899303068483075
38.163180265022085,0.8997087678276253
38.19318276523044,0.9001145771721412
38.22318526543879,0.9005204960715286
38.253187765647134,0.9009265240805735
38.28319026585549,0.9013326607539422
38.313192766063835,0.9017389056461819
38.34319526627219,0.902145258311721
38.37319776648054,0.9025517183048695
38.40320026668889,0.9029582851798199
38.43320276689724,0.9033649584906477
38.46320526710559,0.9037717377913113
38.49320776731394,0.9041786226356527
38.523210267522295,0.904585612577399
38.55321276773064,0.9049927071701609
38.583215267938996,0.905399905967435
38.613217768147344,0.9058072085226034
38.6432202683557,0.9062146143889347
38.673222768564045,0.9066221231195837
38.7032252687724,0.9070297342675927
38.73322776898075,0.9074374473858915
38.7632302691891,0.9078452620272984
38.79323276939745,0.9082531777445199
38.8232352696058,0.9086611940901519
38.85323776981415,0.9090693106166797
38.883240270022505,0.9094775268764792
38.91324277023085,0.9098858424218164
38.943245270439206,0.9102942568048485
38.97324777064755,0.9107027695776246
39.00325027085591,0.9111113802920857
39.033252771064255,0.9115200885000652
39.0632552712726,0.9119288937532898
39.09325777148096,0.9123377956033797
39.123260271689304,0.9127467936018491
39.15326277189766,0.9131558873001069
39.183265272106006,0.9135650762494567
39.21326777231436,0.9139743600010983
39.24327027252271,0.9143837381061265
39.27327277273106,0.9147932101155335
39.30327527293941,0.915202775580208
39.33327777314776,0.9156124340509367
39.36328027335611,0.9160221850784037
39.393282773564465,0.916432028213192
39.42328527377281,0.9168419630057832
39.45328777398117,0.917251989006559
39.483290274189514,0.9176621057658004
39.51329277439787,0.9180723128336893
39.543295274606216,0.918482609760308
39.57329777481457,0.918892996095641
39.60330027502292,0.9193034713895741
39.63330277523127,0.919714035191896
39.66330527543962,0.9201246870522979
39.69330777564797,0.9205354265203748
39.72331027585632,0.9209462531456252
39.753312776064675,0.9213571664774525
39.78331527627302,0.9217681660651645
39.81331777648138,0.9221792514579749
39.843320276689724,0.9225904222050028
39.87332277689807,0.9230016778552739
39.903325277106426,0.923413017957721
39.93332777731477,0.9238244420611837
39.96333027752313,0.9242359497144103
39.993332777731474,0.9246475404660565
40.02333527793983,0.9250592138646876
40.053337778148176,0.9254709694587778
40.08334027835653,0.9258828067967116
40.11334277856488,0.9262947254267835
40.14334527877323,0.9267067248971989
40.17334777898158,0.9271188047560743
40.203350279189934,0.9275309645514388
40.23335277939828,0.9279432038312329
40.263355279606635,0.9283555221433104
40.29335777981498,0.9287679190354384
40.32336028002334,0.9291803940552978
40.353362780231684,0.9295929467504838
40.38336528044004,0.9300055766685063
40.413367780648386,0.9304182833567904
40.44337028085674,0.9308310663626775
40.47337278106509,0.9312439252334247
40.50337528127344,0.9316568595162065
40.53337778148179,0.9320698687581139
40.563380281690144,0.9324829525061565
40.59338278189849,0.9328961103072617
40.623385282106845,0.9333093417082757
40.65338778231519,0.9337226462559641
40.68339028252355,0.9341360234970123
40.713392782731894,0.9345494729780258
40.74339528294024,0.9349629942455311
40.773397783148596,0.9353765868459758
40.80340028335694,0.9357902503257293
40.8334027835653,0.9362039842310833
40.863405283773645,0.936617788108252
40.893407783982,0.9370316615033736
40.923410284190346,0.9374456039625089
40.9534127843987,0.9378596150316438
40.98341528460705,0.9382736942566888
41.0134177848154,0.9386878411834796
41.04342028502375,0.9391020553577774
41.073422785232104,0.9395163363252701
41.10342528544045,0.939930683631572
41.133427785648806,0.9403450968222247
41.16343028585715,0.9407595754426974
41.19343278606551,0.9411741190383882
41.223435286273855,0.9415887271546229
41.25343778648221,0.9420033993366577
41.283440286690556,0.9424181351296772
41.31344278689891,0.9428329340787974
41.34344528710726,0.9432477957290644
41.37344778731561,0.9436627196254558
41.40345028752396,0.9440777053128807
41.433452787732314,0.9444927523361808
41.46345528794066,0.94490786024013
41.493457788149016,0.9453230285694357
41.52346028835736,0.9457382568687394
41.55346278856571,0.9461535446826159
41.583465288774065,0.946568891555576
41.61346778898241,0.9469842970320643
41.643470289190766,0.9473997606564623
41.67347278939911,0.9478152819730868
41.70347528960747,0.9482308605261924
41.733477789815815,0.9486464958599697
41.76348029002417,0.949062187518548
41.79348279023252,0.9494779350459942
41.82348529044087,0.9498937379863145
41.85348779064922,0.9503095958834535
41.88349029085757,0.9507255082812964
41.91349279106592,0.9511414747236681
41.943495291274274,0.9515574947543345
41.97349779148262,0.9519735679170023
42.003500291690976,0.9523896937553203
42.03350279189932,0.9528058718128796
42.06350529210768,0.9532221016332137
42.093507792316025,0.9536383827597995
42.12351029252438,0.9540547147360577
42.15351279273273,0.954471097105353
42.18351529294108,0.9548875294109952
42.21351779314943,0.9553040111962389
42.24352029335778,0.9557205420042847
42.27352279356613,0.9561371213782792
42.303525293774484,0.956553748861316
42.33352779398283,0.956970423996436
42.36353029419118,0.9573871463266274
42.39353279439953,0.957803915394827
42.42353529460788,0.9582207307439202
42.453537794816235,0.9586375919167418
42.48354029502458,0.959054498456076
42.51354279523294,0.9594714499046577
42.543545295441284,0.9598884458051721
42.57354779564964,0.960305485700256
42.603550295857985,0.9607225691324975
42.63355279606634,0.9611396956444378
42.66355529627469,0.9615568647785696
42.69355779648304,0.9619740760773401
42.72356029669139,0.9623913290831493
42.75356279689974,0.962808623338352
42.78356529710809,0.9632259583852577
42.813567797316445,0.963643333766131
42.84357029752479,0.9640607490231922
42.873572797733146,0.9644782036986181
42.903575297941494,0.9648956973345422
42.93357779814985,0.9653132294730553
42.963580298358195,0.9657307996562057
42.99358279856655,0.9661484074260002
43.0235852987749,0.9665660523244043
43.05358779898325,0.966983733893343
43.0835902991916,0.9674014516747007
43.11359279939995,0.9678192052103225
43.1435952996083,0.9682369940420138
43.173597799816655,0.9686548177115418
43.203600300025,0.969072675760635
43.23360280023335,0.9694905677309847
43.263605300441704,0.9699084931642447
43.29360780065005,0.9703264516020318
43.323610300858405,0.9707444425859273
43.35361280106675,0.9711624656574761
43.38361530127511,0.9715805203581886
43.413617801483454,0.9719986062295398
43.44362030169181,0.9724167228129712
43.473622801900156,0.9728348696498899
43.50362530210851,0.9732530462816705
43.53362780231686,0.9736712522496543
43.56363030252521,0.9740894870951512
43.59363280273356,0.9745077503594385
43.62363530294191,0.9749260415837632
43.65363780315026,0.9753443603093407
43.683640303358615,0.9757627060773572
43.71364280356696,0.9761810784289686
43.74364530377532,0.9765994769053019
43.773647803983664,0.9770179010474555
43.80365030419202,0.9774363503964993
43.833652804400366,0.9778548244934759
43.86365530460872,0.9782733228794008
43.89365780481707,0.9786918450952625
43.92366030502542,0.9791103906820238
43.95366280523377,0.9795289591806213
43.98366530544212,0.9799475501319672
44.01366780565047,0.9803661630769483
44.04367030585882,0.980784797556428
44.07367280606717,0.9812034531112455
44.10367530627552,0.9816221292822171
44.133677806483874,0.9820408256101368
44.16368030669222,0.982459541635776
44.193682806900576,0.9828782768998847
44.22368530710892,0.9832970309431918
44.25368780731728,0.9837158033064056
44.283690307525625,0.9841345935302144
44.31369280773398,0.9845534011552869
44.343695307942326,0.9849722257222723
44.37369780815068,0.9853910667718018
44.40370030835903,0.9858099238444881
44.43370280856738,0.9862287964809268
44.46370530877573,0.9866476842216958
44.493707808984084,0.9870665866073569
44.52371030919243,0.9874855031784557
44.553712809400785,0.9879044334755224
44.58371530960913,0.9883233770390717
44.61371780981749,0.9887423334096043
44.643720310025834,0.9891613021276062
44.67372281023419,0.9895802827335508
44.703725310442536,0.9899992747678974
44.73372781065089,0.9904182777710936
44.76373031085924,0.9908372912835745
44.79373281106759,0.9912563148457638
44.82373531127594,0.9916753479980742
44.85373781148429,0.9920943902809078
44.88374031169264,0.9925134412346571
44.91374281190099,0.9929325003997044
44.94374531210934,0.9933515673164235
44.97374781231769,0.9937706415251795
45.003750312526044,0.9941897225663296
45.03375281273439,0.9946088099802233
45.063755312942746,0.9950279033072034
45.09375781315109,0.995447002087606
45.12376031335945,0.9958661058617613
45.153762813567795,0.9962852141699939
45.18376531377615,0.9967043265526239
45.2137678139845,0.9971234425499661
45.24377031419285,0.9975425617023322
45.2737728144012,0.99796168355003
45.30377531460955,0.9983808076333642
45.3337778148179,0.9987999334926373
45.363780315026254,0.99921906066815
45.3937828152346,0.999638188700201
45.423785315442956,1.0000573171290887
45.4537878156513,1.0004764454951105
45.48379031585966,1.0008955733385645
45.513792816068005,1.0013147001997487
45.54379531627636,1.0017338256189627
45.573797816484706,1.0021529491365073
45.60380031669306,1.0025720702926857
45.63380281690141,1.0029911886278036
45.66380531710976,1.0034103036821695
45.69380781731811,1.003829414996096
45.72381031752646,1.0042485221098993
45.75381281773481,1.0046676245639006
45.78381531794316,1.005086721898426
45.81381781815151,1.0055058136538075
45.84382031835986,1.0059248993703829
45.873822818568215,1.0063439785884964
45.90382531877656,1.0067630508485002
45.933827818984916,1.007182115690753
45.963830319193264,1.0076011726556227
45.99383281940162,1.008020221283485
46.023835319609965,1.0084392611147253
46.05383781981832,1.0088582916897384
46.08384032002667,1.0092773125489294
46.11384282023502,1.0096963232327136
46.14384532044337,1.0101153232815183
46.17384782065172,1.0105343122357817
46.20385032086007,1.0109532896359545
46.233852821068425,1.0113722550225002
46.26385532127677,1.0117912079358948
46.293857821485126,1.012210147916629
46.32386032169347,1.0126290745052071
46.35386282190183,1.0130479872421478
46.383865322110175,1.0134668856679858
46.41386782231853,1.0138857693232708
46.44387032252688,1.0143046377485687
46.47387282273523,1.0147234904844629
46.50387532294358,1.015142327071553
46.533877823151926,1.0155611470504569
46.56388032336028,1.0159799499618107
46.59388282356863,1.016398735346269
46.62388532377698,1.0168175027445057
46.65388782398533,1.0172362516972147
46.68389032419368,1.0176549817451095
46.71389282440203,1.0180736924289249
46.743895324610385,1.0184923832894168
46.77389782481873,1.018911053867363
46.80390032502709,1.019329703703563
46.833902825235434,1.0197483323388392
46.86390532544379,1.020166939314038
46.893907825652136,1.0205855241700288
46.92391032586049,1.0210040864477055
46.95391282606884,1.0214226256879866
46.98391532627719,1.021841141431816
47.01391782648554,1.0222596332201634
47.04392032669389,1.022678100594025
47.07392282690224,1.0230965430944232
47.103925327110595,1.023514960262408
47.13392782731894,1.0239333516390574
47.1639303275273,1.0243517167654774
47.193932827735644,1.024770055182803
47.223935327944,1.025188366432198
47.253937828152345,1.0256066500548566
47.2839403283607,1.026024905592003
47.31394282856905,1.0264431325848924
47.343945328777394,1.0268613305748109
47.37394782898575,1.0272794991030771
47.403950329194096,1.0276976377110412
47.43395282940245,1.0281157459400865
47.4639553296108,1.0285338233316297
47.49395782981915,1.0289518694271214
47.5239603300275,1.029369883768046
47.553962830235854,1.0297878658959236
47.5839653304442,1.0302058153523086
47.613967830652555,1.0306237316787925
47.6439703308609,1.0310416144170016
47.67397283106926,1.0314594631086005
47.703975331277604,1.0318772772952902
47.73397783148596,1.0322950565188098
47.763980331694306,1.032712800320937
47.79398283190266,1.033130508243488
47.82398533211101,1.0335481798283184
47.85398783231936,1.033965814617324
47.88399033252771,1.0343834121524405
47.913992832736064,1.0348009719756448
47.94399533294441,1.0352184936289548
47.973997833152765,1.0356359766544307
48.00400033336111,1.036053420594175
48.03400283356947,1.0364708249903325
48.064005333777814,1.036888189385092
48.09400783398617,1.0373055133206865
48.124010334194516,1.037722796339392
48.15401283440287,1.0381400379835308
48.18401533461122,1.0385572377954695
48.214017834819565,1.0389743953176216
48.24402033502792,1.0393915100924465
48.274022835236266,1.0398085816624498
48.30402533544462,1.040225609570186
48.33402783565297,1.040642593358256
48.36403033586132,1.0410595325693102
48.39403283606967,1.0414764267460468
48.424035336278024,1.041893275431215
48.45403783648637,1.0423100781676118
48.484040336694726,1.0427268344980862
48.51404283690307,1.0431435439655377
48.54404533711143,1.0435602061129172
48.574047837319775,1.043976820483227
48.60405033752813,1.0443933866195225
48.634052837736476,1.0448099040649117
48.66405533794483,1.0452263723625559
48.69405783815318,1.0456427910556705
48.72406033836153,1.0460591596875253
48.75406283856988,1.0464754778014447
48.784065338778234,1.046891744940809
48.81406783898658,1.0473079606490538
48.844070339194936,1.047724124469672
48.87407283940328,1.0481402359462122
48.90407533961164,1.0485562946222817
48.934077839819984,1.0489723000415447
48.96408034002834,1.0493882517477247
48.994082840236686,1.0498041492846029
49.02408534044503,1.0502199921960211
49.05408784065339,1.0506357800258805
49.084090340861735,1.0510515123181428
49.11409284107009,1.0514671886168305
49.14409534127844,1.0518828084660274
49.17409784148679,1.0522983714098797
49.20410034169514,1.0527138769925954
49.23410284190349,1.0531293247584463
49.26410534211184,1.0535447142517664
49.294107842320194,1.0539600450169546
49.32411034252854,1.054375316598474
49.354112842736896,1.054790528540852
49.38411534294524,1.0552056803886822
49.4141178431536,1.0556207716866242
49.444120343361945,1.0560358019794027
49.4741228435703,1.0564507708118112
49.50412534377865,1.0568656777287089
49.534127843987,1.0572805222750241
49.56413034419535,1.0576953039957528
49.5941328444037,1.0581100224359605
49.62413534461205,1.0585246771407812
49.654137844820404,1.0589392676554201
49.68414034502875,1.0593537935251514
49.714142845237106,1.0597682542953213
49.74414534544545,1.0601826495113469
49.77414784565381,1.0605969787187175
49.804150345862155,1.061011241462994
49.8341528460705,1.0614254372898113
49.86415534627886,1.061839565744877
49.894157846487204,1.0622536263739728
49.92416034669556,1.0626676187229547
49.954162846903905,1.0630815423377538
49.98416534711226,1.0634953967643763
50.01416784732061,1.0639091815489043
50.04417034752896,1.0643228962374969
50.07417284773731,1.064736540376389
50.10417534794566,1.0651501135118941
50.13417784815401,1.0655636151904024
50.164180348362365,1.0659770449583834
50.19418284857071,1.0663904023623847
50.224185348779066,1.066803686949034
50.254187848987414,1.0672168982650385
50.28419034919577,1.0676300358571857
50.314192849404115,1.068043099272344
50.34419534961247,1.0684560880574634
50.37419784982082,1.0688690017595752
50.40420035002917,1.069281839925794
50.43420285023752,1.0696946021033162
50.46420535044587,1.0701072878394222
50.49420785065422,1.070519896681476
50.524210350862575,1.0709324281769261
50.55421285107092,1.0713448818733056
50.584215351279276,1.071757257318233
50.61421785148762,1.0721695540594127
50.64422035169598,1.0725817716446358
50.674222851904325,1.072993909621779
50.70422535211267,1.0734059675388081
50.73422785232103,1.0738179449437752
50.764230352529374,1.0742298413848212
50.79423285273773,1.0746416564101762
50.824235352946076,1.0750533895681589
50.85423785315443,1.0754650404071784
50.88424035336278,1.0758766084757339
50.91424285357113,1.076288093322415
50.94424535377948,1.076699494495903
50.97424785398783,1.077110811544971
51.00425035419618,1.077522044018484
51.034252854404535,1.0779331914654005
51.06425535461288,1.0783442534347711
51.09425785482124,1.0787552294757414
51.124260355029584,1.0791661191375503
51.15426285523794,1.079576921969532
51.184265355446286,1.0799876375211155
51.21426785565464,1.0803982653418258
51.24427035586299,1.0808088049812843
51.27427285607134,1.0812192559892089
51.30427535627969,1.0816296179154143
51.33427785648804,1.0820398903098138
51.36428035669639,1.0824500727224182
51.394282856904745,1.0828601647033373
51.42428535711309,1.08327016580278
51.45428785732145,1.0836800755710547
51.484290357529794,1.0840898935585703
51.51429285773814,1.0844996193158365
51.544295357946496,1.0849092523934631
51.57429785815484,1.0853187923421632
51.6043003583632,1.0857282387127505
51.634302858571544,1.0861375910561424
51.6643053587799,1.086546848923359
51.694307858988246,1.0869560118655237
51.7243103591966,1.087365079433865
51.75431285940495,1.0877740511797147
51.7843153596133,1.0881829266545109
51.81431785982165,1.0885917054097964
51.844320360030004,1.089000386997221
51.87432286023835,1.08940897096854
51.904325360446705,1.0898174568756163
51.93432786065505,1.0902258442704205
51.96433036086341,1.0906341327050313
51.994332861071754,1.0910423217316354
52.02433536128011,1.091450410902529
52.054337861488456,1.0918583997701177
52.08434036169681,1.0922662878869172
52.11434286190516,1.0926740748055532
52.14434536211351,1.0930817600787635
52.17434786232186,1.0934893432593962
52.204350362530214,1.0938968239004119
52.23435286273856,1.0943042015548838
52.264355362946915,1.0947114757759977
52.29435786315526,1.095118646117053
52.32436036336361,1.0955257121314634
52.354362863571964,1.0959326733727563
52.38436536378031,1.0963395293945748
52.414367863988666,1.0967462797506768
52.44437036419701,1.097152923994936
52.47437286440537,1.0975594616813436
52.504375364613715,1.097965892364006
52.53437786482207,1.0983722155971485
52.564380365030416,1.0987784309351132
52.59438286523877,1.099184537932361
52.62438536544712,1.0995905361434715
52.65438786565547,1.099996425123144
52.68439036586382,1.1004022044261967
52.714392866072174,1.100807873607569
52.74439536628052,1.101213432222321
52.774397866488876,1.1016188798256334
52.80440036669722,1.102024215972809
52.83440286690558,1.1024294402192736
52.864405367113925,1.1028345521205745
52.89440786732228,1.1032395512323827
52.924410367530626,1.1036444371104932
52.95441286773898,1.1040492093108252
52.98441536794733,1.1044538673894218
53.01441786815568,1.1048584109024524
53.04442036836403,1.105262839406211
53.074422868572384,1.1056671524571187
53.10442536878073,1.1060713496117223
53.134427868989086,1.1064754304266966
53.16443036919743,1.106879394458843
53.19443286940578,1.1072832412650924
53.224435369614135,1.107686970402503
53.25443786982248,1.1080905814282622
53.284440370030836,1.1084940738996878
53.31444287023918,1.1088974473742266
53.34444537044754,1.1093007014094567
53.374447870655885,1.1097038355630868
53.40445037086424,1.1101068493929571
53.43445287107259,1.11050974245704
53.46445537128094,1.1109125143134402
53.49445787148929,1.1113151645203951
53.52446037169764,1.1117176926362764
53.55446287190599,1.1121200982195882
53.584465372114344,1.1125223808289706
53.61446787232269,1.1129245400231975
53.644470372531046,1.1133265753611787
53.67447287273939,1.1137284864019596
53.70447537294775,1.114130272704722
53.734477873156095,1.1145319338287845
53.76448037336445,1.1149334693336028
53.7944828735728,1.1153348787787711
53.82448537378115,1.115736161724021
53.8544878739895,1.116137317729223
53.88449037419785,1.1165383463543876
53.9144928744062,1.116939247159664
53.944495374614554,1.117340019705342
53.9744978748229,1.1177406635518523
54.00450037503125,1.1181411782597666
54.0345028752396,1.1185415633897982
54.06450537544795,1.1189418185028022
54.094507875656305,1.119341943159777
54.12451037586465,1.1197419369218635
54.15451287607301,1.1201417993503466
54.184515376281354,1.1205415300066548
54.21451787648971,1.1209411284523616
54.244520376698055,1.121340594249185
54.27452287690641,1.121739926958989
54.30452537711476,1.122139126143783
54.33452787732311,1.1225381913657235
54.36453037753146,1.1229371221871134
54.39453287773981,1.1233359181704032
54.42453537794816,1.1237345788781916
54.454537878156515,1.124133103873225
54.48454037836486,1.1245314927183994
54.51454287857322,1.1249297449767595
54.544545378781564,1.1253278602115002
54.57454787898992,1.1257258379859665
54.604550379198265,1.126123677863654
54.63455287940662,1.1265213794082105
54.66455537961497,1.1269189421834338
54.69455787982332,1.1273163657532759
54.72456038003167,1.1277136496818396
54.75456288024002,1.1281107935333823
54.78456538044837,1.1285077968723143
54.81456788065672,1.1289046592632
54.84457038086507,1.129301380270759
54.87457288107342,1.1296979594598653
54.904575381281774,1.1300943963955485
54.93457788149012,1.130490690642995
54.964580381698475,1.1308868417675468
54.99458288190682,1.1312828493347031
55.02458538211518,1.1316787129101207
55.054587882323524,1.1320744320596143
55.08459038253188,1.1324700063491573
55.114592882740226,1.1328654353448813
55.14459538294858,1.1332607186130776
55.17459788315693,1.1336558557201977
55.20460038336528,1.134050846232853
55.23460288357363,1.1344456897178155
55.26460538378198,1.1348403857420193
55.29460788399033,1.135234933872559
55.324610384198685,1.1356293336766923
55.35461288440703,1.1360235847218396
55.38461538461539,1.1364176865755842
55.414617884823734,1.1368116388056726
55.44462038503209,1.1372054409800163
55.474622885240436,1.137599092666691
55.50462538544879,1.1379925934339372
55.53462788565714,1.138385942850161
55.56463038586549,1.138779140483935
55.59463288607384,1.1391721859039976
55.62463538628219,1.1395650786792546
55.65463788649054,1.139957818378779
55.68464038669889,1.1403504045718118
55.71464288690724,1.1407428368277626
55.74464538711559,1.1411351147162092
55.774647887323944,1.1415272378068992
55.80465038753229,1.14191920566975
55.834652887740646,1.142311017874849
55.86465538794899,1.1427026739924546
55.89465788815735,1.143094173592996
55.924660388365695,1.1434855162470745
55.95466288857405,1.1438767015254636
55.984665388782396,1.1442677289991088
56.01466788899075,1.144658598239129
56.0446703891991,1.145049308816817
56.07467288940745,1.145439860303639
56.1046753896158,1.1458302522712365
56.134677889824154,1.1462204842914252
56.1646803900325,1.1466105559361963
56.194682890240855,1.1470004667777176
56.2246853904492,1.1473902163883323
56.25468789065756,1.1477798043405611
56.284690390865904,1.1481692302071018
56.31469289107426,1.1485584935608304
56.344695391282606,1.1489475939748002
56.37469789149096,1.1493365310222439
56.40470039169931,1.1497253042765734
56.43470289190766,1.15011391331138
56.46470539211601,1.1505023577004352
56.49470789232436,1.150890637017691
56.52471039253271,1.1512787508372808
56.55471289274106,1.1516666987335191
56.58471539294941,1.1520544802809027
56.61471789315776,1.1524420950541105
56.644720393366114,1.1528295426280046
56.67472289357446,1.1532168225776305
56.704725393782816,1.1536039344782172
56.73472789399116,1.1539908779051784
56.76473039419952,1.1543776524341127
56.794732894407865,1.1547642576408035
56.82473539461622,1.15515069310122
56.85473789482457,1.1555369583915178
56.88474039503292,1.1559230530880393
56.91474289524127,1.1563089767673134
56.94474539544962,1.156694729006057
56.97474789565797,1.157080309381175
57.004750395866324,1.1574657174697607
57.03475289607467,1.1578509528490966
57.064755396283026,1.1582360150966544
57.09475789649137,1.1586209037900956
57.12476039669973,1.1590056185072724
57.154762896908075,1.1593901588262272
57.18476539711643,1.1597745243251947
57.214767897324776,1.1601587145826002
57.24477039753313,1.1605427291770622
57.27477289774148,1.1609265676873912
57.304775397949825,1.1613102296925912
57.33477789815818,1.1616937147718593
57.36478039836653,1.162077022504587
57.39478289857488,1.162460152470361
57.42478539878323,1.1628431042489615
57.45478789899158,1.1632258774203654
57.48479039919993,1.1636084715647446
57.514792899408285,1.1639908862624682
57.54479539961663,1.1643731210941013
57.574797899824986,1.164755175640407
57.604800400033334,1.1651370494823456
57.63480290024169,1.165518742201076
57.664805400450035,1.1659002533779552
57.69480790065839,1.1662815825945403
57.72481040086674,1.1666627294325866
57.75481290107509,1.1670436934740507
57.78481540128344,1.167424474301089
57.81481790149179,1.1678050714960593
57.84482040170014,1.16818548464152
57.874822901908495,1.1685657133202327
57.90482540211684,1.1689457571151596
57.934827902325196,1.1693256156094671
57.96483040253354,1.1697052883865244
57.9948329027419,1.1700847750299044
58.024835402950245,1.170464075123384
58.0548379031586,1.1708431882509445
58.08484040336695,1.171222113996773
58.1148429035753,1.1716008519452614
58.14484540378365,1.1719794016810081
58.174847903991996,1.1723577627888175
58.20485040420035,1.1727359348537014
58.2348529044087,1.1731139174608782
58.26485540461705,1.173491710195775
58.2948579048254,1.1738693126440263
58.32486040503375,1.174246724391476
58.3548629052421,1.1746239450241767
58.384865405450455,1.1750009741283907
58.4148679056588,1.1753778112905904
58.44487040586716,1.175754456097459
58.474872906075504,1.1761309081358904
58.50487540628386,1.17650716699299
58.534877906492206,1.1768832322560747
58.56488040670056,1.1772591035126745
58.59488290690891,1.1776347803505314
58.62488540711726,1.1780102623576014
58.65488790732561,1.1783855491220536
58.68489040753396,1.1787606402322715
58.71489290774231,1.1791355352768529
58.744895407950665,1.1795102338446115
58.77489790815901,1.1798847355245752
58.80490040836737,1.180259039905989
58.834902908575714,1.1806331465783133
58.86490540878407,1.1810070551312266
58.894907908992415,1.1813807651546235
58.92491040920077,1.181754276238617
58.95491290940912,1.1821275879735382
58.984915409617464,1.1825006999499363
59.01491790982582,1.1828736117585805
59.044920410034166,1.1832463229904593
59.07492291024252,1.1836188332367805
59.10492541045087,1.183991142088973
59.13492791065922,1.1843632491386866
59.16493041086757,1.1847351539777924
59.194932911075924,1.1851068561983829
59.22493541128427,1.1854783553927728
59.254937911492625,1.1858496511535006
59.28494041170097,1.1862207430733263
59.31494291190933,1.1865916307452347
59.344945412117674,1.186962313762434
59.37494791232603,1.1873327917183574
59.404950412534376,1.1877030642066622
59.43495291274273,1.188073130821232
59.46495541295108,1.1884429911561754
59.49495791315943,1.1888126448058278
59.52496041336778,1.1891820913647508
59.554962913576134,1.1895513304277339
59.58496541378448,1.189920361589793
59.614967913992835,1.1902891844461734
59.64497041420118,1.1906577985923477
59.67497291440954,1.1910262036240182
59.704975414617884,1.1913943991371163
59.73497791482624,1.1917623847278032
59.764980415034586,1.1921301599924699
59.79498291524293,1.1924977245277388
59.82498541545129,1.1928650779304635
59.854987915659635,1.193232219797728
59.88499041586799,1.1935991497268499
59.914992916076336,1.193965867315378
59.94499541628469,1.1943323721610943
59.97499791649304,1.194698663862015
60.00500041670139,1.1950647420163887
60.03500291690974,1.1954306062226991
60.065005417118094,1.1957962560796647
60.09500791732644,1.1961616911862383
60.125010417534796,1.196526911141609
60.15501291774314,1.1968919155452016
60.1850154179515,1.1972567039966768
60.215017918159845,1.1976212760959333
60.2450204183682,1.197985631443106
60.275022918576546,1.1983497696385683
60.3050254187849,1.1987136902829314
60.33502791899325,1.199077392977045
60.3650304192016,1.1994408773219982
60.39503291940995,1.199804142919119
60.425035419618304,1.2001671893699766
60.45503791982665,1.2005300162763786
60.485040420035006,1.2008926232403752
60.51504292024335,1.201255009864257
60.54504542045171,1.2016171757505565
60.575047920660055,1.2019791205020478
60.60505042086841,1.2023408437217482
60.635052921076756,1.2027023450129177
60.6650554212851,1.2030636239790597
60.69505792149346,1.2034246802239217
60.725060421701805,1.2037855133514948
60.75506292191016,1.2041461229660158
60.78506542211851,1.2045065086719657
60.81506792232686,1.2048666700740718
60.84507042253521,1.2052266067773068
60.87507292274356,1.2055863183868907
60.90507542295191,1.2059458045082891
60.935077923160264,1.2063050647472167
60.96508042336861,1.206664098709634
60.995082923576966,1.207022906001751
61.02508542378531,1.2073814862300258
61.05508792399367,1.207739839001166
61.085090424202015,1.2080979639221279
61.11509292441037,1.2084558606001183
61.14509542461872,1.2088135286425943
61.17509792482707,1.2091709676572637
61.20510042503542,1.2095281772520852
61.23510292524377,1.2098851570352698
61.26510542545212,1.2102419066152796
61.295107925660474,1.2105984256008302
61.32511042586882,1.2109547136008894
61.355112926077176,1.2113107702246786
61.38511542628552,1.2116665950816732
61.41511792649388,1.2120221877816022
61.445120426702225,1.2123775479344499
61.47512292691057,1.2127326751504552
61.50512542711893,1.2130875690401128
61.535127927327274,1.213442229214173
61.56513042753563,1.213796655283643
61.595132927743975,1.2141508468597857
61.62513542795233,1.2145048035541226
61.65513792816068,1.2148585249784314
61.68514042836903,1.215212010744749
61.71514292857738,1.2155652604653702
61.74514542878573,1.2159182737528487
61.77514792899408,1.2162710502199974
61.805150429202435,1.2166235894798898
61.83515292941078,1.2169758911458584
61.865155429619136,1.217327954831497
61.895157929827484,1.21767978015066
61.92516043003584,1.2180313667174643
61.955162930244185,1.2183827141462868
61.98516543045254,1.2187338220517685
62.01516793066089,1.219084690048812
62.04517043086924,1.2194353177525832
62.07517293107759,1.2197857047785123
62.10517543128594,1.2201358507422926
62.13517793149429,1.220485755259882
62.165180431702645,1.2208354179475034
62.19518293191099,1.221184838421645
62.225185432119346,1.2215340162990607
62.25518793232769,1.22188295119677
62.28519043253604,1.222231642732059
62.315192932744395,1.2225800905224817
62.34519543295274,1.222928294185858
62.3751979331611,1.2232762533402763
62.405200433369444,1.2236239676040934
62.4352029335778,1.2239714365959344
62.465205433786146,1.2243186599346934
62.4952079339945,1.2246656372395337
62.52521043420285,1.225012368129889
62.5552129344112,1.225358852225463
62.58521543461955,1.2257050891462298
62.6152179348279,1.2260510785124352
62.64522043503625,1.226396819944596
62.675222935244605,1.2267423130635011
62.70522543545295,1.2270875574902118
62.73522793566131,1.2274325528460626
62.765230435869654,1.2277772987526598
62.79523293607801,1.228121794831885
62.825235436286356,1.228466040705893
62.85523793649471,1.2288100359971126
62.88524043670306,1.2291537803282482
62.91524293691141,1.229497273322279
62.94524543711976,1.2298405146024602
62.97524793732811,1.230183503792323
63.00525043753646,1.230526240515675
63.035252937744815,1.2308687243966003
63.06525543795316,1.2312109550594612
63.09525793816152,1.2315529321288967
63.125260438369864,1.231894655229825
63.15526293857821,1.2322361239874424
63.185265438786566,1.232577338027224
63.21526793899491,1.2329182969749242
63.24527043920327,1.2332590004565775
63.275272939411614,1.2335994480984984
63.30527543961997,1.2339396395272824
63.335277939828316,1.2342795743698054
63.36528044003667,1.2346192522532253
63.39528294024502,1.234958672804981
63.42528544045337,1.2352978356527948
63.45528794066172,1.2356367404246709
63.485290440870074,1.2359753867488965
63.51529294107842,1.2363137742540427
63.545295441286775,1.2366519025689642
63.57529794149512,1.2369897713228
63.60530044170348,1.237327380144974
63.635302941911824,1.2376647286651947
63.66530544212018,1.2380018165134568
63.695307942328526,1.23833864332004
63.72531044253688,1.2386752087155113
63.75531294274523,1.239011512330724
63.78531544295358,1.2393475537968182
63.81531794316193,1.2396833327452217
63.845320443370284,1.2400188488076507
63.87532294357863,1.240354101616109
63.905325443786985,1.24068909080289
63.93532794399533,1.2410238160005753
63.96533044420368,1.2413582768420366
63.995332944412034,1.2416924729604355
64.02533544462038,1.242026403989224
64.05533794482874,1.2423600695621444
64.08534044503709,1.242693469313231
64.11534294524543,1.2430266028768087
64.14534544545378,1.243359469887495
64.17534794566214,1.2436920699801997
64.2053504458705,1.2440244027901248
64.23535294607883,1.244356467952766
64.26535544628719,1.244688265103913
64.29535794649554,1.2450197938796483
64.3253604467039,1.2453510539163497
64.35536294691224,1.2456820448506891
64.38536544712059,1.2460127663196339
64.41536794732895,1.2463432179604472
64.4453704475373,1.2466733994106876
64.47537294774564,1.2470033103082105
64.505375447954,1.2473329502911676
64.53537794816235,1.2476623189980085
64.5653804483707,1.2479914160674792
64.59538294857904,1.2483202411386247
64.6253854487874,1.2486487938507875
64.65538794899575,1.2489770738436097
64.6853904492041,1.2493050807570318
64.71539294941245,1.2496328142312936
64.7453954496208,1.2499602739069362
64.77539794982916,1.2502874594247992
64.8054004500375,1.250614370426024
64.83540295024585,1.250941006552053
64.8654054504542,1.2512673674446302
64.89540795066256,1.2515934527458004
64.9254104508709,1.251919262097912
64.95541295107925,1.2522447951436158
64.98541545128761,1.2525700515258649
65.01541795149596,1.2528950308879168
65.0454204517043,1.2532197328733314
65.07542295191266,1.2535441571259751
65.10542545212101,1.2538683032900169
65.13542795232937,1.2541921710099317
65.1654304525377,1.2545157599304995
65.19543295274606,1.2548390696968066
65.22543545295441,1.2551620999542443
65.25543795316277,1.2554848503485123
65.28544045337111,1.2558073205256155
65.31544295357946,1.2561295101318672
65.34544545378782,1.256451418813888
65.37544795399617,1.2567730462186066
65.40545045420451,1.2570943919932605
65.43545295441287,1.2574154557853958
65.46545545462122,1.2577362372428682
65.49545795482958,1.2580567360138426
65.52546045503792,1.2583769517467942
65.55546295524627,1.2586968840905088
65.58546545545462,1.2590165326940832
65.61546795566296,1.2593358972069244
65.64547045587132,1.2596549772787522
65.67547295607967,1.2599737725595976
65.70547545628803,1.2602922826998042
65.73547795649637,1.2606105073500287
65.76548045670472,1.26092844616124
65.79548295691308,1.2612460987847216
65.82548545712143,1.2615634648720702
65.85548795732977,1.261880544075197
65.88549045753813,1.2621973360463277
65.91549295774648,1.2625138404380032
65.94549545795483,1.26283005690308
65.97549795816317,1.2631459850947298
66.00550045837153,1.263461624666441
66.03550295857988,1.2637769752720185
66.06550545878824,1.264092036565584
66.09550795899658,1.2644068082015765
66.12551045920493,1.264721289834753
66.15551295941329,1.265035481120188
66.18551545962164,1.2653493817132753
66.21551795982998,1.2656629912697264
66.24552046003834,1.265976309445573
66.27552296024669,1.266289335897166
66.30552546045504,1.2666020702811764
66.33552796066338,1.266914512254595
66.36553046087174,1.2672266614747345
66.3955329610801,1.2675385175992275
66.42553546128845,1.2678500802860282
66.45553796149679,1.2681613491934136
66.48554046170514,1.2684723239799818
66.5155429619135,1.2687830043046544
66.54554546212184,1.269093389826675
66.57554796233019,1.2694034802056116
66.60555046253855,1.269713275101355
66.6355529627469,1.2700227741741208
66.66555546295524,1.2703319770844483
66.6955579631636,1.2706408834932028
66.72556046337195,1.2709494930615737
66.7555629635803,1.271257805451076
66.78556546378864,1.2715658203235514
66.815567963997,1.2718735373411674
66.84557046420535,1.2721809561664186
66.8755729644137,1.272488076462126
66.90557546462205,1.2727948978914385
66.9355779648304,1.2731014201178328
66.96558046503876,1.2734076428051135
66.99558296524711,1.2737135656174141
67.02558546545545,1.2740191882191967
67.0555879656638,1.2743245102752527
67.08559046587216,1.2746295314507035
67.11559296608051,1.2749342514109998
67.14559546628885,1.2752386698219234
67.17559796649721,1.2755427863495865
67.20560046670556,1.2758466006604323
67.23560296691392,1.276150112421236
67.26560546712226,1.2764533212991036
67.29560796733061,1.2767562269614747
67.32561046753897,1.2770588290761202
67.3556129677473,1.277361127311145
67.38561546795566,1.277663121334986
67.41561796816401,1.2779648108164152
67.44562046837237,1.2782661954245378
67.47562296858071,1.278567274828793
67.50562546878906,1.278868048698956
67.53562796899742,1.2791685167051363
67.56563046920577,1.2794686785177785
67.59563296941411,1.2797685338076636
67.62563546962247,1.2800680822459094
67.65563796983082,1.2803673235039685
67.68564047003917,1.2806662572536325
67.71564297024752,1.2809648831670284
67.74564547045587,1.281263200916622
67.77564797066422,1.281561210175217
67.80565047087258,1.281858910615955
67.83565297108092,1.2821563019123166
67.86565547128927,1.2824533837381211
67.89565797149763,1.2827501557675283
67.92566047170598,1.2830466176750364
67.95566297191432,1.2833427691354844
67.98566547212268,1.2836386098240522
68.01566797233103,1.2839341394162598
68.04567047253938,1.2842293575879689
68.07567297274772,1.2845242640153822
68.10567547295608,1.2848188583750455
68.13567797316443,1.2851131403438456
68.16568047337277,1.2854071095990125
68.19568297358113,1.285700765818119
68.22568547378948,1.2859941086790818
68.25568797399784,1.2862871378601604
68.28569047420618,1.2865798530399593
68.31569297441453,1.2868722538974262
68.34569547462289,1.287164340111855
68.37569797483124,1.2874561113628835
68.40570047503958,1.2877475673304957
68.43570297524793,1.2880387076950208
68.46570547545629,1.2883295321371349
68.49570797566464,1.2886200403378598
68.52571047587298,1.2889102319785646
68.55571297608134,1.2892001067409657
68.58571547628969,1.2894896643071267
68.61571797649805,1.2897789043594599
68.64572047670639,1.290067826580724
68.67572297691474,1.290356430654029
68.7057254771231,1.2906447162628312
68.73572797733145,1.290932683090938
68.76573047753979,1.2912203308225056
68.79573297774814,1.2915076591420407
68.8257354779565,1.2917946677343999
68.85573797816485,1.2920813562847906
68.8857404783732,1.292367724478771
68.91574297858155,1.2926537720022513
68.9457454787899,1.2929394985414928
68.97574797899824,1.2932249037831092
69.0057504792066,1.2935099874140665
69.03575297941495,1.2937947491216835
69.0657554796233,1.2940791885936318
69.09575797983165,1.2943633055179364
69.12576048004,1.2946470995829773
69.15576298024835,1.294930570477487
69.18576548045671,1.2952137178905527
69.21576798066505,1.2954965415116173
69.2457704808734,1.2957790410304784
69.27577298108176,1.2960612161372886
69.30577548129011,1.296343066522557
69.33577798149845,1.2966245918771486
69.3657804817068,1.2969057918922848
69.39578298191516,1.297186666259544
69.42578548212352,1.2974672146708615
69.45578798233186,1.29774743681853
69.48579048254021,1.298027332395201
69.51579298274856,1.2983069010938832
69.54579548295692,1.2985861426079441
69.57579798316526,1.2988650566311102
69.60580048337361,1.299143642857467
69.63580298358197,1.2994219009814596
69.66580548379032,1.299699830697893
69.69580798399866,1.2999774317019326
69.72581048420702,1.300254703689104
69.75581298441537,1.3005316463552934
69.78581548462371,1.300808259396749
69.81581798483207,1.3010845425100803
69.84582048504042,1.301360495392258
69.87582298524877,1.301636117740616
69.90582548545711,1.3019114092528494
69.93582798566547,1.302186369627018
69.96583048587382,1.3024609985615432
69.99583298608218,1.3027352957552105
70.02583548629052,1.3030092609071693
70.05583798649887,1.3032828937169332
70.08584048670723,1.3035561938843805
70.11584298691558,1.3038291611097537
70.14584548712392,1.3041017950936606
70.17584798733228,1.3043740955370757
70.20585048754063,1.3046460621413378
70.23585298774898,1.3049176946081524
70.26585548795732,1.3051889926395919
70.29585798816568,1.3054599559380948
70.32586048837403,1.3057305842064673
70.35586298858239,1.3060008771478828
70.38586548879073,1.3062708344658824
70.41586798899908,1.3065404558643756
70.44587048920744,1.3068097410476405
70.47587298941579,1.307078689720323
70.50587548962413,1.307347301587439
70.53587798983249,1.3076155763543738
70.56588049004084,1.307883513726882
70.59588299024918,1.3081511134110884
70.62588549045753,1.3084183751134884
70.65588799066589,1.3086852985409476
70.68589049087424,1.3089518834007032
70.71589299108258,1.3092181294003635
70.74589549129094,1.3094840362479083
70.77589799149929,1.3097496036516898
70.80590049170765,1.3100148313204318
70.83590299191599,1.3102797189632314
70.86590549212434,1.3105442662895586
70.8959079923327,1.3108084730092562
70.92591049254105,1.311072338832541
70.95591299274939,1.311335863470003
70.98591549295774,1.3115990466326077
71.0159179931661,1.3118618880316941
71.04592049337445,1.3121243873789763
71.0759229935828,1.3123865443865435
71.10592549379115,1.312648358766861
71.1359279939995,1.3129098302327684
71.16593049420786,1.3131709584974833
71.1959329944162,1.3134317432745983
71.22593549462455,1.3136921842780835
71.2559379948329,1.313952281222286
71.28594049504126,1.3142120338219292
71.3159429952496,1.314471441792116
71.34594549545795,1.3147305048483255
71.37594799566631,1.3149892227064168
71.40595049587466,1.3152475950826261
71.435952996083,1.3155056216935697
71.46595549629136,1.3157633022562423
71.49595799649971,1.3160206364880183
71.52596049670805,1.3162776241066523
71.5559629969164,1.3165342648302794
71.58596549712476,1.3167905583774138
71.61596799733312,1.3170465044669517
71.64597049754146,1.3173021028181702
71.67597299774981,1.3175573531507274
71.70597549795816,1.3178122551846638
71.73597799816652,1.318066808640401
71.76598049837486,1.3183210132387435
71.79598299858321,1.3185748687008785
71.82598549879157,1.3188283747483758
71.85598799899992,1.3190815311031887
71.88599049920826,1.3193343374876536
71.91599299941662,1.3195867936244916
71.94599549962497,1.319838899236807
71.97599799983333,1.3200906540480897
72.00600050004167,1.3203420577822127
72.03600300025002,1.3205931101634358
72.06600550045837,1.320843810916403
72.09600800066673,1.3210941597661445
72.12601050087507,1.3213441564380761
72.15601300108342,1.3215938006580004
72.18601550129178,1.3218430921521063
72.21601800150013,1.3220920306469692
72.24602050170847,1.3223406158695523
72.27602300191683,1.3225888475472058
72.30602550212518,1.322836725407668
72.33602800233352,1.323084249179065
72.36603050254188,1.3233314185899117
72.39603300275023,1.3235782333691106
72.42603550295858,1.323824693245955
72.45603800316692,1.3240707979501254
72.48604050337528,1.3243165472116936
72.51604300358363,1.3245619407611198
72.54604550379199,1.3248069783292555
72.57604800400033,1.325051659647342
72.60605050420868,1.3252959844470116
72.63605300441704,1.3255399524602876
72.66605550462539,1.3257835634195843
72.69605800483373,1.3260268170577079
72.72606050504208,1.3262697131078565
72.75606300525044,1.3265122513036207
72.7860655054588,1.326754431378983
72.81606800566713,1.3269962530683193
72.84607050587549,1.3272377161063977
72.87607300608384,1.327478820228381
72.9060755062922,1.3277195651698244
72.93607800650054,1.3279599506666773
72.96608050670889,1.3281999764552843
72.99608300691725,1.3284396422723832
73.0260855071256,1.3286789478551078
73.05608800733394,1.3289178929409855
73.0860905075423,1.3291564772679412
73.11609300775065,1.3293947005742934
73.14609550795899,1.3296325625987582
73.17609800816734,1.3298700630804468
73.2061005083757,1.3301072017588675
73.23610300858405,1.3303439783739255
73.26610550879239,1.3305803926659223
73.29610800900075,1.3308164443755581
73.3261105092091,1.33105213324393
73.35611300941746,1.331287459012533
73.3861155096258,1.3315224214232604
73.41611800983415,1.3317570202184046
73.4461205100425,1.331991255140656
73.47612301025086,1.3322251259331046
73.5061255104592,1.3324586323392396
73.53612801066755,1.33269177410295
73.56613051087591,1.3329245509685248
73.59613301108426,1.3331569626806525
73.6261355112926,1.3333890089844231
73.65613801150096,1.333620689625327
73.68614051170931,1.3338520043492559
73.71614301191767,1.3340829529025018
73.746145512126,1.3343135350317594
73.77614801233436,1.334543750484125
73.80615051254271,1.3347735990070975
73.83615301275107,1.3350030803485773
73.86615551295941,1.335232194256868
73.89615801316776,1.3354609404806763
73.92616051337612,1.3356893187691123
73.95616301358446,1.3359173288716892
73.98616551379281,1.3361449705383244
74.01616801400117,1.3363722435193393
74.04617051420952,1.3365991475654597
74.07617301441786,1.336825682427816
74.10617551462622,1.3370518478579434
74.13617801483457,1.3372776436077827
74.16618051504292,1.3375030694296797
74.19618301525126,1.337728125076386
74.22618551545962,1.3379528103010596
74.25618801566797,1.3381771248572647
74.28619051587633,1.3384010684989716
74.31619301608467,1.3386246409805576
74.34619551629302,1.3388478420568073
74.37619801650138,1.3390706714829128
74.40620051670973,1.3392931290144734
74.43620301691807,1.3395152144074962
74.46620551712643,1.3397369274183972
74.49620801733478,1.339958267804
74.52621051754313,1.3401792353215378
74.55621301775147,1.3403998297286515
74.58621551795983,1.3406200507833925
74.61621801816818,1.3408398982442211
74.64622051837654,1.341059371870007
74.67622301858488,1.3412784714200308
74.70622551879323,1.3414971966539828
74.73622801900159,1.341715547331964
74.76623051920993,1.341933523214486
74.79623301941828,1.3421511240624722
74.82623551962664,1.342368349637256
74.85623801983499,1.342585199700584
74.88624052004333,1.3428016740146134
74.91624302025168,1.343017772341914
74.94624552046004,1.3432334944454685
74.9762480206684,1.343448840088671
75.00625052087673,1.34366380903533
75.03625302108509,1.3438784010496656
75.06625552129344,1.3440926158963127
75.0962580215018,1.344306453340319
75.12626052171014,1.3445199131471466
75.15626302191849,1.3447329950826714
75.18626552212685,1.3449456989131845
75.2162680223352,1.3451580244053907
75.24627052254354,1.3453699713264102
75.2762730227519,1.345581539443779
75.30627552296025,1.3457927285254476
75.3362780231686,1.3460035383397828
75.36628052337694,1.346213968655567
75.3962830235853,1.3464240192419998
75.42628552379365,1.3466336898686957
75.456288024002,1.3468429803056874
75.48629052421035,1.3470518903234239
75.5162930244187,1.3472604196927715
75.54629552462706,1.3474685681850143
75.5762980248354,1.3476763355718533
75.60630052504375,1.3478837216254087
75.6363030252521,1.3480907261182182
75.66630552546046,1.3482973488232382
75.6963080256688,1.3485035895138433
75.72631052587715,1.3487094479638284
75.75631302608551,1.3489149239474063
75.78631552629386,1.3491200172392102
75.8163180265022,1.3493247276142921
75.84632052671056,1.3495290548481251
75.87632302691891,1.3497329987166018
75.90632552712727,1.3499365589960353
75.9363280273356,1.3501397354631597
75.96633052754396,1.3503425278951302
75.99633302775231,1.3505449360695228
76.02633552796067,1.350746959764335
76.05633802816901,1.3509485987579861
76.08634052837736,1.3511498528293173
76.11634302858572,1.3513507217575926
76.14634552879407,1.3515512053224972
76.17634802900241,1.35175130330414
76.20635052921077,1.3519510154830523
76.23635302941912,1.352150341640189
76.26635552962748,1.3523492815569278
76.29635802983582,1.3525478350150701
76.32636053004417,1.352746001796842
76.35636303025252,1.3529437816848926
76.38636553046088,1.3531411744622963
76.41636803066922,1.353338179912551
76.44637053087757,1.3535347978195806
76.47637303108593,1.3537310279677335
76.50637553129427,1.353926870141783
76.53637803150262,1.354122324126929
76.56638053171098,1.3543173897087957
76.59638303191933,1.3545120666734347
76.62638553212767,1.354706354807323
76.65638803233603,1.3549002538973647
76.68639053254438,1.3550937637308897
76.71639303275273,1.3552868840956558
76.74639553296107,1.355479614779847
76.77639803316943,1.3556719555720758
76.80640053337778,1.3558639062613818
76.83640303358614,1.356055466637232
76.86640553379448,1.356246636489522
76.89640803400283,1.3564374156085761
76.92641053421119,1.3566278037851462
76.95641303441954,1.3568178008104141
76.98641553462788,1.3570074064759896
77.01641803483624,1.3571966205739123
77.04642053504459,1.3573854428966512
77.07642303525294,1.357573873237105
77.10642553546128,1.357761911388602
77.13642803566964,1.3579495571449012
77.16643053587799,1.3581368103001918
77.19643303608635,1.358323670649093
77.22643553629469,1.3585101379866562
77.25643803650304,1.3586962121083623
77.2864405367114,1.3588818928101247
77.31644303691974,1.3590671798882874
77.34644553712809,1.3592520731396267
77.37644803733644,1.3594365723613508
77.4064505375448,1.3596206773510997
77.43645303775314,1.3598043879069461
77.4664555379615,1.3599877038273955
77.49645803816985,1.360170624911386
77.5264605383782,1.3603531509582885
77.55646303858654,1.3605352817679075
77.5864655387949,1.3607170171404812
77.61646803900325,1.3608983568766808
77.6464705392116,1.3610793007776125
77.67647303941995,1.3612598486448155
77.7064755396283,1.3614400002802642
77.73647803983665,1.3616197554863674
77.76648054004501,1.3617991140659684
77.79648304025335,1.3619780758223459
77.8264855404617,1.3621566405592134
77.85648804067006,1.3623348080807205
77.88649054087841,1.362512578191452
77.91649304108675,1.3626899506964283
77.9464955412951,1.362866925401107
77.97649804150346,1.3630435021113807
78.00650054171182,1.3632196806335792
78.03650304192016,1.3633954607744692
78.06650554212851,1.3635708423412538
78.09650804233686,1.363745825141574
78.1265105425452,1.3639204089835069
78.15651304275356,1.3640945936755688
78.18651554296191,1.3642683790267125
78.21651804317027,1.3644417648463296
78.24652054337861,1.3646147509442494
78.27652304358696,1.36478733713074
78.30652554379532,1.3649595232165077
78.33652804400367,1.3651313090126982
78.36653054421201,1.3653026943308955
78.39653304442037,1.3654736789831237
78.42653554462872,1.3656442627818455
78.45653804483707,1.3658144455399637
78.48654054504541,1.3659842270708211
78.51654304525377,1.3661536071882006
78.54654554546212,1.3663225857063248
78.57654804567048,1.3664911624398572
78.60655054587882,1.366659337203902
78.63655304608717,1.3668271098140043
78.66655554629553,1.3669944800861502
78.69655804650388,1.367161447836767
78.72656054671222,1.3673280128827234
78.75656304692058,1.3674941750413303
78.78656554712893,1.36765993413034
78.81656804733728,1.3678252899679468
78.84657054754562,1.3679902423727879
78.87657304775398,1.3681547911639425
78.90657554796233,1.3683189361609323
78.93657804817067,1.3684826771837224
78.96658054837903,1.3686460140527208
78.99658304858738,1.368808946588779
79.02658554879574,1.3689714746131914
79.05658804900408,1.3691335979476962
79.08659054921243,1.3692953164144759
79.11659304942079,1.3694566298361568
79.14659554962914,1.3696175380358095
79.17659804983748,1.3697780408369489
79.20660055004583,1.3699381380635347
79.23660305025419,1.3700978295399715
79.26660555046254,1.3702571150911087
79.29660805067088,1.3704159945422412
79.32661055087924,1.370574467719109
79.35661305108759,1.3707325344478978
79.38661555129595,1.3708901945552394
79.41661805150429,1.3710474478682113
79.44662055171264,1.371204294214337
79.476623051921,1.3713607334215867
79.50662555212935,1.371516765318377
79.53662805233769,1.3716723897335714
79.56663055254604,1.37182760649648
79.5966330527544,1.3719824154368605
79.62663555296275,1.3721368163849175
79.6566380531711,1.3722908091713029
79.68664055337945,1.372444393627117
79.7166430535878,1.3725975695839074
79.74664555379614,1.3727503368736698
79.7766480540045,1.3729026953288483
79.80665055421285,1.3730546447823353
79.8366530544212,1.3732061850674717
79.86665555462955,1.3733573160180474
79.8966580548379,1.3735080374683013
79.92666055504625,1.373658349252921
79.95666305525461,1.3738082512070442
79.98666555546295,1.373957743166257
80.0166680556713,1.3741068249665962
80.04667055587966,1.3742554964445481
80.07667305608801,1.374403757437049
80.10667555629635,1.374551607781485
80.1366780565047,1.3746990473156937
80.16668055671306,1.3748460758779621
80.19668305692142,1.374992693307029
80.22668555712976,1.375138899442083
80.25668805733811,1.3752846941227648
80.28669055754646,1.375430077189166
80.31669305775482,1.3755750484818297
80.34669555796316,1.3757196078417504
80.37669805817151,1.3758637551103747
80.40670055837987,1.3760074901296013
80.43670305858822,1.3761508127417805
80.46670555879656,1.3762937227897154
80.49670805900492,1.3764362201166618
80.52671055921327,1.3765783045663273
80.55671305942161,1.3767199759828734
80.58671555962997,1.3768612342109139
80.61671805983832,1.377002079095516
80.64672056004667,1.3771425104822006
80.67672306025501,1.3772825282169412
80.70672556046337,1.377422132146166
80.73672806067172,1.3775613221167564
80.76673056088008,1.3777000979760485
80.79673306108842,1.3778384595718318
80.82673556129677,1.3779764067523508
80.85673806150513,1.3781139393663042
80.88674056171348,1.3782510572628455
80.91674306192182,1.3783877602915828
80.94674556213018,1.3785240483025798
80.97674806233853,1.378659921146355
81.00675056254688,1.3787953786738825
81.03675306275522,1.3789304207365913
81.06675556296358,1.3790650471863668
81.09675806317193,1.37919925787555
81.12676056338029,1.379333052656938
81.15676306358863,1.3794664313837837
81.18676556379698,1.3795993939097966
81.21676806400534,1.379731940089143
81.24677056421369,1.3798640697764453
81.27677306442203,1.3799957828267828
81.30677556463039,1.380127079095692
81.33677806483874,1.380257958439167
81.3667805650471,1.3803884207136579
81.39678306525543,1.3805184657760732
81.42678556546379,1.3806480934837788
81.45678806567214,1.3807773036945985
81.48679056588048,1.3809060962668134
81.51679306608884,1.3810344710591635
81.54679556629719,1.3811624279308465
81.57679806650555,1.3812899667415188
81.60680056671389,1.381417087351295
81.63680306692224,1.3815437896207483
81.6668055671306,1.3816700734109113
81.69680806733895,1.381795938583275
81.72681056754729,1.38192138499979
81.75681306775564,1.382046412522866
81.786815567964,1.3821710210153721
81.81681806817235,1.382295210340637
81.84682056838069,1.382418980362449
81.87682306858905,1.3825423309450566
81.9068255687974,1.3826652619531683
81.93682806900576,1.3827877732519527
81.9668305692141,1.3829098647070386
81.99683306942245,1.3830315361845158
82.0268355696308,1.3831527875509337
82.05683806983916,1.383273618673304
82.0868405700475,1.3833940294190978
82.11684307025585,1.383514019656248
82.14684557046421,1.383633589253149
82.17684807067256,1.3837527380786563
82.2068505708809,1.383871466002086
82.23685307108926,1.3839897728932176
82.26685557129761,1.3841076586222911
82.29685807150595,1.3842251230600087
82.3268605717143,1.384342166077535
82.35686307192266,1.3844587875464964
82.38686557213101,1.3845749873389817
82.41686807233935,1.3846907653275426
82.44687057254771,1.3848061213851932
82.47687307275606,1.3849210553854103
82.50687557296442,1.3850355672021337
82.53687807317276,1.3851496567097659
82.56688057338111,1.3852633237831733
82.59688307358947,1.385376568297685
82.62688557379782,1.3854893901290941
82.65688807400616,1.3856017891536567
82.68689057421452,1.385713765248093
82.71689307442287,1.3858253182895872
82.74689557463122,1.3859364481557872
82.77689807483956,1.386047154724805
82.80690057504792,1.3861574378752173
82.83690307525627,1.3862672974860648
82.86690557546463,1.3863767334368529
82.89690807567297,1.3864857456075517
82.92691057588132,1.386594333878596
82.95691307608968,1.3867024981308858
82.98691557629803,1.3868102382457856
83.01691807650637,1.3869175541051257
83.04692057671473,1.3870244455912015
83.07692307692308,1.387130912586774
83.10692557713142,1.387236954975069
83.13692807733977,1.3873425726397792
83.16693057754813,1.3874477654650625
83.19693307775648,1.3875525333355427
83.22693557796482,1.38765687613631
83.25693807817318,1.3877607937529204
83.28694057838153,1.3878642860713966
83.31694307858989,1.3879673529782277
83.34694557879823,1.3880699943603694
83.37694807900658,1.3881722101052443
83.40695057921494,1.3882740001007412
83.43695307942329,1.3883753642352161
83.46695557963163,1.388476302397493
83.49695807983998,1.388576814476862
83.52696058004834,1.3886769003630808
83.5569630802567,1.3887765599463748
83.58696558046503,1.3888757931174367
83.61696808067339,1.3889745997674272
83.64697058088174,1.3890729797879746
83.6769730810901,1.389170933071175
83.70697558129844,1.389268459509593
83.73697808150679,1.3893655589962606
83.76698058171515,1.389462231424679
83.7969830819235,1.3895584766888172
83.82698558213184,1.389654294683113
83.8569880823402,1.3897496853024724
83.88699058254855,1.3898446484422706
83.91699308275689,1.3899391839983517
83.94699558296524,1.3900332918670286
83.9769980831736,1.3901269719450828
84.00700058338195,1.390220224129766
84.03700308359029,1.3903130483187984
84.06700558379865,1.3904054444103702
84.097008084007,1.3904974123031406
84.12701058421536,1.3905889518962389
84.1570130844237,1.3906800630892637
84.18701558463205,1.3907707457822842
84.2170180848404,1.390860999875839
84.24702058504876,1.3909508252709366
84.2770230852571,1.3910402218690563
84.30702558546545,1.3911291895721472
84.33702808567381,1.3912177282826295
84.36703058588216,1.391305837903393
84.3970330860905,1.3913935183377986
84.42703558629886,1.3914807694896782
84.45703808650721,1.391567591263334
84.48704058671557,1.39165398356354
84.5170430869239,1.39173994629554
84.54704558713226,1.3918254793650497
84.57704808734061,1.391910582678256
84.60705058754897,1.3919952561418176
84.63705308775731,1.3920794996628636
84.66705558796566,1.3921633131489954
84.69705808817402,1.3922466965082863
84.72706058838236,1.3923296496492803
84.75706308859071,1.3924121724809944
84.78706558879907,1.392494264912917
84.81706808900742,1.3925759268550086
84.84707058921576,1.3926571582177023
84.87707308942412,1.3927379589119027
84.90707558963247,1.3928183288489873
84.93707808984082,1.392898267940806
84.96708059004916,1.3929777760996809
84.99708309025752,1.3930568532384073
85.02708559046587,1.393135499270253
85.05708809067423,1.3932137141089582
85.08709059088257,1.393291497668737
85.11709309109092,1.3933688498642756
85.14709559129928,1.3934457706107337
85.17709809150763,1.3935222598237444
85.20710059171597,1.3935983174194138
85.23710309192433,1.3936739433143215
85.26710559213268,1.3937491374255206
85.29710809234103,1.393823899670538
85.32711059254937,1.393898229967374
85.35711309275773,1.3939721282345023
85.38711559296608,1.3940455943908714
85.41711809317444,1.394118628355903
85.44712059338278,1.3941912300494932
85.47712309359113,1.3942633993920117
85.50712559379949,1.3943351363043033
85.53712809400783,1.3944064407076862
85.56713059421618,1.3944773125239536
85.59713309442454,1.3945477516753724
85.62713559463289,1.3946177580846852
85.65713809484123,1.3946873316751083
85.68714059504958,1.3947564723703327
85.71714309525794,1.3948251800945253
85.74714559546629,1.3948934547723264
85.77714809567463,1.394961296328852
85.80715059588299,1.3950287046896936
85.83715309609134,1.3950956797809169
85.8671555962997,1.3951622215290636
85.89715809650804,1.3952283298611499
85.92716059671639,1.3952940047046682
85.95716309692475,1.3953592459875859
85.9871655971331,1.3954240536383458
86.01716809734144,1.3954884275858668
86.0471705975498,1.3955523677595432
86.07717309775815,1.3956158740892448
86.1071755979665,1.3956789465053177
86.13717809817484,1.3957415849385837
86.1671805983832,1.3958037893203408
86.19718309859155,1.3958655595823626
86.2271855987999,1.395926895656899
86.25718809900825,1.395987797476677
86.2871905992166,1.3960482649748986
86.31719309942495,1.3961082980852428
86.34719559963331,1.396167896741865
86.37719809984165,1.396227060879397
86.40720060005,1.396285790432947
86.43720310025836,1.3963440853381008
86.4672056004667,1.3964019455309198
86.49720810067505,1.3964593709479427
86.52721060088341,1.3965163615261849
86.55721310109176,1.3965729172031387
86.5872156013001,1.3966290379167738
86.61721810150846,1.3966847236055369
86.64722060171681,1.396739974208351
86.67722310192516,1.3967947896646176
86.7072256021335,1.3968491699142143
86.73722810234186,1.3969031148974969
86.76723060255021,1.396956624555298
86.79723310275857,1.397009698828928
86.82723560296691,1.3970623376601747
86.85723810317526,1.3971145409913037
86.88724060338362,1.397166308765058
86.91724310359197,1.3972176409246586
86.94724560380031,1.3972685374138039
86.97724810400867,1.3973189981766703
87.00725060421702,1.3973690231579123
87.03725310442537,1.3974186123026622
87.06725560463371,1.3974677655565304
87.09725810484207,1.3975164828656053
87.12726060505042,1.3975647641764535
87.15726310525878,1.3976126094361199
87.18726560546712,1.3976600185921273
87.21726810567547,1.3977069915924774
87.24727060588383,1.3977535283856497
87.27727310609217,1.3977996289206025
87.30727560630052,1.3978452931467724
87.33727810650888,1.3978905210140748
87.36728060671723,1.3979353124729035
87.39728310692557,1.3979796674741307
87.42728560713392,1.3980235859691081
87.45728810734228,1.3980670679096652
87.48729060755063,1.3981101132481109
87.51729310775897,1.398152721937233
87.54729560796733,1.398194893930298
87.57729810817568,1.3982366291810513
87.60730060838404,1.3982779276437176
87.63730310859238,1.3983187892730002
87.66730560880073,1.3983592140240824
87.69730810900909,1.3983992018526257
87.72731060921744,1.3984387527147712
87.75731310942578,1.3984778665671396
87.78731560963413,1.3985165433668305
87.81731810984249,1.398554783071423
87.84732061005084,1.3985925856389754
87.87732311025918,1.3986299510280258
87.90732561046754,1.3986668791975916
87.93732811067589,1.3987033701071696
87.96733061088425,1.3987394237167368
87.99733311109259,1.3987750399867491
88.02733561130094,1.3988102188781424
88.0573381115093,1.3988449603523323
88.08734061171764,1.3988792643712145
88.11734311192599,1.3989131308971636
88.14734561213434,1.398946559893035
88.1773481123427,1.3989795513221635
88.20735061255104,1.3990121051483637
88.2373531127594,1.3990442213359309
88.26735561296775,1.3990758998496395
88.2973581131761,1.3991071406547444
88.32736061338444,1.3991379437169804
88.3573631135928,1.3991683090025628
88.38736561380115,1.3991982364781868
88.4173681140095,1.3992277261110275
88.44737061421785,1.3992567778687406
88.4773731144262,1.399285391719462
88.50737561463455,1.3993135676318083
88.53737811484291,1.3993413055748753
88.56738061505125,1.3993686055182402
88.5973831152596,1.3993954674319602
88.62738561546796,1.3994218912865732
88.65738811567631,1.3994478770530974
88.68739061588465,1.399473424703031
88.717393116093,1.3994985342083537
88.74739561630136,1.399523205541525
88.77739811650972,1.3995474386754854
88.80740061671806,1.3995712335836556
88.83740311692641,1.3995945902399378
88.86740561713476,1.3996175086187135
88.8974081173431,1.3996399886948463
88.92741061755146,1.3996620304436798
88.95741311775981,1.3996836338410383
88.98741561796817,1.3997047988632272
89.01741811817651,1.3997255254870327
89.04742061838486,1.3997458136897214
89.07742311859322,1.3997656634490414
89.10742561880157,1.3997850747432214
89.13742811900991,1.3998040475509708
89.16743061921827,1.3998225818514802
89.19743311942662,1.399840677624421
89.22743561963497,1.3998583348499456
89.25743811984331,1.399875553508688
89.28744062005167,1.399892333581762
89.31744312026002,1.3999086750507632
89.34744562046838,1.3999245778977687
89.37744812067672,1.3999400421053358
89.40745062088507,1.3999550676565033
89.43745312109343,1.399969654534791
89.46745562130178,1.3999838027242002
89.49745812151012,1.399997512209213
89.52746062171848,1.4000107829747925
89.55746312192683,1.4000236150063836
89.58746562213518,1.400036008289912
89.61746812234352,1.4000479628117846
89.64747062255188,1.4000594785588893
89.67747312276023,1.4000705555185962
89.70747562296857,1.4000811936787556
89.73747812317693,1.4000913930276997
89.76748062338528,1.4001011535542416
89.79748312359364,1.400110475247676
89.82748562380198,1.400119358097779
89.85748812401033,1.4001278020948076
89.88749062421869,1.4001358072295005
89.91749312442704,1.4001433734930775
89.94749562463538,1.40015050087724
89.97749812484373,1.4001571893741707
90.00750062505209,1.4001634389765334
90.03750312526044,1.4001692496774736
90.06750562546878,1.4001746214706183
90.09750812567714,1.4001795543500752
90.12751062588549,1.4001840483104346
90.15751312609385,1.400188103346767
90.18751562630219,1.4001917194546247
90.21751812651054,1.400194896630042
90.2475206267189,1.4001976348695337
90.27752312692725,1.4001999341700968
90.30752562713559,1.4002017945292093
90.33752812734394,1.4002032159448308
90.3675306275523,1.4002041984154021
90.39753312776065,1.400204741939846
90.427535627969,1.4002048465175658
90.45753812817735,1.4002045121484474
90.4875406283857,1.400203738832857
90.51754312859404,1.4002025265716433
90.5475456288024,1.4002008753661355
90.57754812901075,1.4001987852181448
90.6075506292191,1.4001962561299637
90.63755312942745,1.4001932881043662
90.6675556296358,1.4001898811446074
90.69755812984415,1.4001860352544244
90.72756063005251,1.4001817504380352
90.75756313026085,1.4001770267001392
90.7875656304692,1.4001718640459178
90.81756813067756,1.4001662624810332
90.84757063088591,1.4001602220116294
90.87757313109425,1.4001537426443313
90.9075756313026,1.400146824386246
90.93757813151096,1.4001394672449612
90.96758063171931,1.400131671228546
90.99758313192766,1.4001234363455515
91.02758563213601,1.4001147626050097
91.05758813234436,1.400105650016434
91.08759063255272,1.4000960985898188
91.11759313276106,1.4000861083356406
91.14759563296941,1.4000756792648565
91.17759813317777,1.4000648113889054
91.20760063338612,1.4000535047197071
91.23760313359446,1.400041759269663
91.26760563380282,1.4000295750516552
91.29760813401117,1.4000169520790475
91.32761063421952,1.400003890365685
91.35761313442787,1.3999903899258939
91.38761563463622,1.3999764507744814
91.41761813484457,1.3999620729267361
91.44762063505291,1.3999472563984277
91.47762313526127,1.3999320012058072
91.50762563546962,1.3999163073656062
91.53762813567798,1.3999001748950382
91.56763063588632,1.399883603811797
91.59763313609467,1.3998665941340582
91.62763563630303,1.399849145880478
91.65763813651138,1.3998312590701936
91.68764063671972,1.3998129337228236
91.71764313692807,1.399794169858467
91.74764563713643,1.3997749674977045
91.77764813734478,1.399755326661597
91.80765063755312,1.3997352473716869
91.83765313776148,1.3997147296499972
91.86765563796983,1.3996937735190318
91.89765813817819,1.3996723790017755
91.92766063838653,1.399650546121694
91.95766313859488,1.3996282749027338
91.98766563880324,1.3996055653693218
92.01766813901159,1.3995824175463663
92.04767063921993,1.3995588314592555
92.07767313942828,1.3995348071338594
92.10767563963664,1.3995103445965276
92.137678139845,1.3994854438740905
92.16768064005333,1.3994601049938598
92.19768314026169,1.399434327983627
92.22768564047004,1.3994081128716647
92.25768814067838,1.3993814596867258
92.28769064088674,1.3993543684580434
92.31769314109509,1.3993268392153315
92.34769564130345,1.3992988719887842
92.37769814151179,1.3992704668090763
92.40770064172014,1.3992416237073626
92.4377031419285,1.3992123427152783
92.46770564213685,1.3991826238649392
92.49770814234519,1.399152467188941
92.52771064255354,1.3991218727203596
92.5577131427619,1.3990908404927511
92.58771564297025,1.399059370540152
92.61771814317859,1.3990274628970787
92.64772064338695,1.3989951175985276
92.6777231435953,1.3989623346799753
92.70772564380366,1.398929114177378
92.737728144012,1.3988954561271727
92.76773064422035,1.3988613605662752
92.7977331444287,1.3988268275320817
92.82773564463706,1.3987918570624687
92.8577381448454,1.3987564491957913
92.88774064505375,1.3987206039708857
92.91774314526211,1.398684321427067
92.94774564547046,1.3986476016041298
92.9777481456788,1.3986104445423488
93.00775064588716,1.398572850282478
93.03775314609551,1.398534818865751
93.06775564630385,1.3984963503338808
93.0977581465122,1.3984574447290599
93.12776064672056,1.3984181020939603
93.15776314692891,1.3983783224717332
93.18776564713725,1.3983381059060092
93.21776814734561,1.3982974524408978
93.24777064755396,1.398256362120988
93.27777314776232,1.398214834991348
93.30777564797066,1.3981728710975247
93.33777814817901,1.3981304704855448
93.36778064838737,1.3980876332019132
93.39778314859572,1.398044359293614
93.42778564880406,1.3980006488081107
93.45778814901242,1.3979565017933446
93.48779064922077,1.3979119182977366
93.51779314942912,1.3978668983701865
93.54779564963746,1.3978214420600719
93.57779814984582,1.3977755494172497
93.60780065005417,1.3977292204920553
93.63780315026253,1.3976824553353022
93.66780565047087,1.397635253998283
93.69780815067922,1.3975876165327683
93.72781065088758,1.3975395429910071
93.75781315109593,1.397491033425727
93.78781565130427,1.3974420878901328
93.81781815151263,1.397392706437909
93.84782065172098,1.3973428891232171
93.87782315192932,1.3972926360006972
93.90782565213767,1.397241947125467
93.93782815234603,1.3971908225531222
93.96783065255438,1.3971392623397367
93.99783315276272,1.3970872665418623
94.02783565297108,1.3970348352165276
94.05783815317943,1.3969819684212403
94.08784065338779,1.3969286662139844
94.11784315359613,1.3968749286532223
94.14784565380448,1.3968207557978936
94.17784815401284,1.3967661477074156
94.20785065422119,1.3967111044416824
94.23785315442953,1.396655626061066
94.26785565463788,1.3965997126264154
94.29785815484624,1.3965433641990563
94.3278606550546,1.3964865808407925
94.35786315526293,1.3964293626139042
94.38786565547129,1.3963717095811483
94.41786815567964,1.3963136218057595
94.447870655888,1.3962550993514484
94.47787315609634,1.396196142282403
94.50787565630469,1.3961367506632874
94.53787815651305,1.3960769245592428
94.5678806567214,1.396016664035887
94.59788315692974,1.395955969159314
94.6278856571381,1.395894839996094
94.65788815734645,1.395833276613274
94.68789065755479,1.395771279078377
94.71789315776314,1.3957088474594022
94.7478956579715,1.395645981824825
94.77789815817985,1.3955826822435966
94.80790065838819,1.3955189487851447
94.83790315859655,1.3954547815193723
94.8679056588049,1.3953901805166582
94.89790815901326,1.3953251458478575
94.9279106592216,1.3952596775843003
94.95791315942995,1.3951937757977926
94.9879156596383,1.3951274405606158
95.01791815984666,1.395060671945527
95.047920660055,1.394993470025758
95.07792316026335,1.3949258348750164
95.10792566047171,1.394857766567485
95.13792816068006,1.3947892651778213
95.1679306608884,1.394720330781158
95.19793316109676,1.3946509634531026
95.22793566130511,1.3945811632697376
95.25793816151347,1.3945109303076204
95.2879406617218,1.3944402646437828
95.31794316193016,1.3943691663557314
95.34794566213851,1.394297635521447
95.37794816234687,1.3942256722193849
95.40795066255521,1.394153276528475
95.43795316276356,1.3940804485281215
95.46795566297192,1.3940071882982021
95.49795816318026,1.3939334959190695
95.52796066338861,1.3938593714715495
95.55796316359697,1.3937848150369423
95.58796566380532,1.3937098266970218
95.61796816401366,1.3936344065340358
95.64797066422202,1.3935585546307054
95.67797316443037,1.3934822710702255
95.70797566463872,1.393405555936264
95.73797816484706,1.3933284093129625
95.76798066505542,1.3932508312849363
95.79798316526377,1.393172821937273
95.82798566547213,1.3930943813555339
95.85798816568047,1.3930155096257528
95.88799066588882,1.3929362068344369
95.91799316609718,1.3928564730685655
95.94799566630553,1.3927763084155917
95.97799816651387,1.3926957129634399
96.00800066672222,1.392614686800508
96.03800316693058,1.3925332300156659
96.06800566713893,1.3924513426982557
96.09800816734727,1.3923690249380918
96.12801066755563,1.392286276825461
96.15801316776398,1.3922030984511216
96.18801566797234,1.3921194899063043
96.21801816818068,1.3920354512827116
96.24802066838903,1.391950982672517
96.27802316859739,1.3918660841683663
96.30802566880574,1.3917807558633768
96.33802816901408,1.391694997851137
96.36803066922243,1.3916088102257067
96.39803316943079,1.391522193081617
96.42803566963913,1.3914351465138703
96.45803816984748,1.3913476706179393
96.48804067005584,1.391259765489768
96.51804317026419,1.3911714312257717
96.54804567047253,1.3910826679228356
96.57804817068089,1.3909934756783155
96.60805067088924,1.3909038545900385
96.6380531710976,1.3908138047563012
96.66805567130594,1.390723326275871
96.69805817151429,1.3906324192479844
96.72806067172264,1.3905410837723498
96.758063171931,1.3904493199491437
96.78806567213934,1.3903571278790134
96.8180681723477,1.3902645076630757
96.84807067255605,1.3901714594029166
96.8780731727644,1.3900779832005927
96.90807567297274,1.3899840791586284
96.9380781731811,1.3898897473800187
96.96808067338945,1.389794987968227
96.9980831735978,1.3896998010271857
97.02808567380615,1.3896041866612967
97.0580881740145,1.3895081449754303
97.08809067422285,1.3894116760749253
97.11809317443121,1.3893147800655896
97.14809567463955,1.3892174570536993
97.1780981748479,1.3891197071459984
97.20810067505626,1.3890215304497
97.2381031752646,1.3889229270724845
97.26810567547295,1.3888238971225009
97.2981081756813,1.3887244407083654
97.32811067588966,1.3886245579391627
97.358113176098,1.3885242489244447
97.38811567630636,1.3884235137742307
97.41811817651471,1.3883223525990074
97.44812067672306,1.3882207655097294
97.4781231769314,1.3881187526178178
97.50812567713976,1.3880163140351607
97.53812817734811,1.3879134498741135
97.56813067755647,1.387810160247498
97.59813317776481,1.387706445268603
97.62813567797316,1.3876023050511832
97.65813817818152,1.387497739709461
97.68814067838987,1.3873927493581233
97.71814317859821,1.3872873341123249
97.74814567880657,1.3871814940876852
97.77814817901492,1.3870752294002906
97.80815067922327,1.3869685401666922
97.83815317943161,1.3868614265039079
97.86815567963997,1.3867538885294202
97.89815817984832,1.3866459263611774
97.92816068005668,1.386537540117593
97.95816318026502,1.3864287299175457
97.98816568047337,1.3863194958803793
98.01816818068173,1.3862098381259016
98.04817068089007,1.3860997567743865
98.07817318109842,1.3859892519465715
98.10817568130678,1.3858783237636592
98.13817818151513,1.3857669723473156
98.16818068172347,1.3856551978196723
98.19818318193182,1.3855430003033236
98.22818568214018,1.3854303799213286
98.25818818234853,1.38531733679721
98.28819068255687,1.3852038710549541
98.31819318276523,1.3850899828190106
98.34819568297358,1.3849756722142927
98.37819818318194,1.384860939366177
98.40820068339028,1.3847457844005033
98.43820318359863,1.384630207443574
98.46820568380699,1.3845142086221545
98.49820818401534,1.3843977880634728
98.52821068422368,1.3842809458952199
98.55821318443203,1.3841636822455485
98.58821568464039,1.3840459972430748
98.61821818484874,1.3839278910168753
98.64822068505708,1.3838093636964905
98.67822318526544,1.3836904154119212
98.70822568547379,1.3835710462936306
98.73822818568215,1.3834512564725436
98.76823068589049,1.3833310460800463
98.79823318609884,1.3832104152479858
98.8282356863072,1.3830893641086712
98.85823818651554,1.3829678927948716
98.88824068672389,1.3828460014398174
98.91824318693224,1.3827236901771998
98.9482456871406,1.3826009591411705
98.97824818734894,1.3824778084663416
99.0082506875573,1.3823542382877854
99.03825318776565,1.3822302487410343
99.068255687974,1.3821058399620805
99.09825818818234,1.3819810120873766
99.1282606883907,1.3818557652538341
99.15826318859905,1.3817300995988249
99.1882656888074,1.3816040152601794
99.21826818901575,1.3814775123761875
99.2482706892241,1.3813505910855985
99.27827318943245,1.3812232515276204
99.30827568964081,1.3810954938419195
99.33827818984915,1.3809673181686217
99.3682806900575,1.3808387246483105
99.39828319026586,1.3807097134220276
99.42828569047421,1.3805802846312738
99.45828819068255,1.3804504384180072
99.4882906908909,1.3803201749246434
99.51829319109926,1.3801894942940565
99.54829569130762,1.3800583966695774
99.57829819151596,1.3799268821949953
99.60830069172431,1.3797949510145553
99.63830319193266,1.3796626032729606
99.668305692141,1.3795298391153707
99.69830819234936,1.3793966586874022
99.72831069255771,1.3792630621351283
99.75831319276607,1.3791290496050779
99.78831569297441,1.3789946212442372
99.81831819318276,1.3788597772000477
99.84832069339112,1.378724517620407
99.87832319359947,1.3785888426536685
99.90832569380781,1.3784527524486416
99.93832819401617,1.3783162471545904
99.96833069422452,1.378179326921235
99.99833319443287,1.3780419918987499
100.02833569464121,1.3779042422377652
100.05833819484957,1.3777660780893652
100.08834069505792,1.3776274996050892
100.11834319526628,1.3774885069369307
100.14834569547462,1.377349100237338
100.17834819568297,1.3772092796592126
100.20835069589133,1.377069045355911
100.23835319609968,1.3769283974812423
100.26835569630802,1.3767873361894705
100.29835819651638,1.3766458616353119
100.32836069672473,1.3765039739739369
100.35836319693308,1.3763616733609685
100.38836569714142,1.3762189599524828
100.41836819734978,1.3760758339050085
100.44837069755813,1.3759322953755273
100.47837319776647,1.375788344521473
100.50837569797483,1.3756439815007313
100.53837819818318,1.3754992064716407
100.56838069839154,1.375354019592991
100.59838319859988,1.3752084210240243
100.62838569880823,1.3750624109244336
100.65838819901658,1.3749159894543637
100.68839069922494,1.3747691567744105
100.71839319943328,1.3746219130456205
100.74839569964163,1.374474258429492
100.77839819984999,1.3743261930879729
100.80840070005834,1.3741777171834624
100.83840320026668,1.3740288308788093
100.86840570047504,1.3738795343373136
100.89840820068339,1.3737298277227237
100.92841070089175,1.373579711199239
100.95841320110009,1.3734291849315083
100.98841570130844,1.3732782490846294
101.0184182015168,1.3731269038241494
101.04842070172515,1.372975149316065
101.07842320193349,1.3728229857268213
101.10842570214184,1.3726704132233118
101.1384282023502,1.372517431972879
101.16843070255855,1.3723640421433139
101.19843320276689,1.3722102439028547
101.22843570297525,1.3720560374201887
101.2584382031836,1.37190142286445
101.28844070339196,1.371746400405221
101.3184432036003,1.3715909702125308
101.34844570380865,1.3714351324568566
101.378448204017,1.3712788873091215
101.40845070422534,1.3711222349406964
101.4384532044337,1.3709651755233982
101.46845570464205,1.370807709229491
101.49845820485041,1.3706498362316841
101.52846070505875,1.370491556703134
101.5584632052671,1.370332870817442
101.58846570547546,1.370173778748656
101.61846820568381,1.3700142806712687
101.64847070589215,1.3698543767602192
101.6784732061005,1.3696940671908902
101.70847570630886,1.3695333521391104
101.73847820651721,1.3693722317811527
101.76848070672555,1.3692107062937353
101.79848320693391,1.36904877585402
101.82848570714226,1.3688864406396126
101.85848820735062,1.3687237008285635
101.88849070755896,1.368560556599367
101.91849320776731,1.3683970081309598
101.94849570797567,1.3682330556027233
101.97849820818402,1.3680686991944815
102.00850070839236,1.3679039390865013
102.03850320860072,1.3677387754594923
102.06850570880907,1.367573208494607
102.09850820901742,1.3674072383734404
102.12851070922576,1.367240865278029
102.15851320943412,1.3670740893908517
102.18851570964247,1.3669069108948297
102.21851820985081,1.366739329973325
102.24852071005917,1.366571346810141
102.27852321026752,1.3664029615895228
102.30852571047588,1.3662341744961561
102.33852821068422,1.3660649857151679
102.36853071089257,1.3658953954321247
102.39853321110093,1.3657254038330346
102.42853571130928,1.3655550111043449
102.45853821151762,1.3653842174329438
102.48854071172597,1.365213023006158
102.51854321193433,1.365041428011755
102.54854571214268,1.364869432637941
102.57854821235102,1.3646970370733613
102.60855071255938,1.3645242415071006
102.63855321276773,1.3643510461286816
102.66855571297609,1.3641774511280664
102.69855821318443,1.3640034566956545
102.72856071339278,1.3638290630222842
102.75856321360114,1.3636542702992314
102.78856571380949,1.3634790787182096
102.81856821401783,1.3633034884713697
102.84857071422618,1.3631274997513005
102.87857321443454,1.362951112751027
102.9085757146429,1.3627743276640116
102.93857821485123,1.3625971446841532
102.96858071505959,1.3624195640057868
102.99858321526794,1.362241585823684
103.02858571547628,1.3620632103330523
103.05858821568464,1.3618844377295347
103.08859071589299,1.3617052682092101
103.11859321610135,1.3615257019685925
103.14859571630969,1.3613457392046313
103.17859821651804,1.3611653801147106
103.2086007167264,1.3609846248966488
103.23860321693475,1.3608034737487
103.26860571714309,1.360621926869551
103.29860821735144,1.360439984458324
103.3286107175598,1.3602576467145737
103.35861321776815,1.3600749138382897
103.38861571797649,1.3598917860298945
103.41861821818485,1.3597082634902433
103.4486207183932,1.3595243464206246
103.47862321860156,1.3593400350227598
103.5086257188099,1.3591553294988028
103.53862821901825,1.3589702300513393
103.5686307192266,1.3587847368833876
103.59863321943496,1.3585988501983972
103.6286357196433,1.3584125702002503
103.65863821985165,1.3582258970932592
103.68864072006001,1.3580388310821683
103.71864322026836,1.3578513723721526
103.7486457204767,1.3576635211688177
103.77864822068506,1.3574752776781998
103.80865072089341,1.3572866421067655
103.83865322110175,1.3570976146614113
103.8686557213101,1.3569081955494635
103.89865822151846,1.3567183849786777
103.92866072172681,1.3565281831572398
103.95866322193515,1.3563375902937638
103.98866572214351,1.3561466065972927
104.01866822235186,1.355955232277299
104.04867072256022,1.355763467543683
104.07867322276856,1.355571312606773
104.10867572297691,1.3553787676773257
104.13867822318527,1.3551858329665254
104.16868072339362,1.354992508685984
104.19868322360196,1.3547987950477407
104.22868572381032,1.3546046922642614
104.25868822401867,1.3544102005484393
104.28869072422702,1.354215320113594
104.31869322443536,1.3540200511734712
104.34869572464372,1.3538243939422432
104.37869822485207,1.3536283486345075
104.40870072506043,1.353431915465288
104.43870322526877,1.3532350946500338
104.46870572547712,1.3530378864046186
104.49870822568548,1.3528402909453419
104.52871072589383,1.3526423084889267
104.55871322610217,1.3524439392525225
104.58871572631053,1.3522451834537006
104.61871822651888,1.3520460413104578
104.64872072672722,1.3518465130412145
104.67872322693557,1.351646598864814
104.70872572714393,1.3514462990005236
104.73872822735228,1.3512456136680333
104.76873072756062,1.3510445430874556
104.79873322776898,1.3508430874793258
104.82873572797733,1.3506412470646016
104.85873822818569,1.3504390220646627
104.88874072839403,1.3502364127013107
104.91874322860238,1.3500334191967682
104.94874572881074,1.34983004177368
104.97874822901909,1.3496262806551111
105.00875072922743,1.3494221360645486
105.03875322943578,1.3492176082258986
105.06875572964414,1.3490126973634886
105.09875822985249,1.348807403702066
105.12876073006083,1.348601727466798
105.15876323026919,1.3483956688832714
105.18876573047754,1.3481892281774923
105.2187682306859,1.347982405575886
105.24877073089424,1.3477752013052968
105.27877323110259,1.3475676155929872
105.30877573131094,1.3473596486666384
105.3387782315193,1.3471513007543499
105.36878073172764,1.3469425720846386
105.398783231936,1.3467334628864391
105.42878573214435,1.3465239733891037
105.45878823235269,1.3463141038224018
105.48879073256104,1.346103854416519
105.5187932327694,1.3458932254020581
105.54879573297775,1.3456822170100387
105.57879823318609,1.3454708294718953
105.60880073339445,1.345259063019479
105.6388032336028,1.3450469178850566
105.66880573381115,1.34483439430131
105.6988082340195,1.3446214925013362
105.72881073422785,1.3444082127186467
105.7588132344362,1.3441945551871686
105.78881573464456,1.3439805201412418
105.8188182348529,1.343766107815622
105.84882073506125,1.343551318445477
105.8788232352696,1.3433361522663894
105.90882573547796,1.3431206095143544
105.9388282356863,1.3429046904257809
105.96883073589466,1.3426883952374895
105.99883323610301,1.3424717241867143
106.02883573631136,1.342254677511101
106.0588382365197,1.342037255448708
106.08884073672806,1.3418194582380047
106.11884323693641,1.3416012861178723
106.14884573714477,1.341382739327603
106.17884823735311,1.3411638181069008
106.20885073756146,1.3409445226958787
106.23885323776982,1.3407248533350615
106.26885573797817,1.340504810265384
106.29885823818651,1.3402843937281903
106.32886073839487,1.3400636039652347
106.35886323860322,1.3398424412186805
106.38886573881156,1.3396209057311
106.41886823901991,1.3393989977454748
106.44887073922827,1.3391767175051945
106.47887323943662,1.3389540652540575
106.50887573964496,1.33873104123627
106.53887823985332,1.338507645696446
106.56888074006167,1.3382838788796065
106.59888324027003,1.3380597410311807
106.62888574047837,1.337835232397004
106.65888824068672,1.3376103532233183
106.68889074089508,1.3373851037567728
106.71889324110343,1.3371594842444223
106.74889574131177,1.3369334949337275
106.77889824152012,1.3367071360725542
106.80890074172848,1.3364804079091748
106.83890324193683,1.3362533106922652
106.86890574214517,1.3360258446709075
106.89890824235353,1.3357980100945872
106.92891074256188,1.3355698072131947
106.95891324277024,1.335341236277024
106.98891574297858,1.3351122975367735
107.01891824318693,1.3348829912435438
107.04892074339529,1.3346533176488395
107.07892324360364,1.3344232770045676
107.10892574381198,1.3341928695630385
107.13892824402033,1.3339620955769638
107.16893074422869,1.3337309552994578
107.19893324443703,1.3334994489840368
107.22893574464538,1.3332675768846176
107.25893824485374,1.333035339255519
107.28894074506209,1.3328027363514603
107.31894324527043,1.3325697684275621
107.34894574547879,1.3323364357393443
107.37894824568714,1.3321027385427282
107.4089507458955,1.3318686770940333
107.43895324610384,1.33163425164998
107.46895574631219,1.331399462467687
107.49895824652054,1.3311643098046728
107.5289607467289,1.3309287939188539
107.55896324693724,1.3306929150685454
107.5889657471456,1.3304566735124606
107.61896824735395,1.3302200695097102
107.6489707475623,1.329983103319803
107.67897324777064,1.329745775202645
107.708975747979,1.3295080854185384
107.73897824818735,1.3292700342281831
107.7689807483957,1.3290316218926745
107.79898324860405,1.3287928486735052
107.8289857488124,1.3285537148325626
107.85898824902075,1.32831422063213
107.88899074922911,1.3280743663348855
107.91899324943745,1.3278341522039034
107.9489957496458,1.3275935785026514
107.97899824985416,1.327352645494992
108.0090007500625,1.3271113534451817
108.03900325027085,1.3268697026178715
108.0690057504792,1.3266276932781047
108.09900825068756,1.3263853256913187
108.1290107508959,1.3261426001233438
108.15901325110426,1.3258995168404026
108.18901575131261,1.32565607610911
108.21901825152096,1.325412278196473
108.2490207517293,1.3251681233698909
108.27902325193766,1.3249236118971535
108.30902575214601,1.324678744046443
108.33902825235437,1.3244335200863309
108.36903075256271,1.324187940285781
108.39903325277106,1.323942004914146
108.42903575297942,1.3236957142411694
108.45903825318777,1.323449068536984
108.48904075339611,1.3232020680721124
108.51904325360447,1.3229547131174657
108.54904575381282,1.3227070039443443
108.57904825402117,1.3224589408244372
108.60905075422951,1.322210524029821
108.63905325443787,1.3219617538329607
108.66905575464622,1.3217126305067088
108.69905825485458,1.3214631543243052
108.72906075506292,1.3212133255593765
108.75906325527127,1.3209631444859367
108.78906575547963,1.3207126113783851
108.81906825568797,1.3204617265115084
108.84907075589632,1.320210490160478
108.87907325610468,1.3199589026008516
108.90907575631303,1.3197069641085717
108.93907825652137,1.3194546749599656
108.96908075672972,1.3192020354317457
108.99908325693808,1.3189490458010082
109.02908575714643,1.3186957063452338
109.05908825735477,1.3184420173422864
109.08909075756313,1.3181879790704132
109.11909325777148,1.3179335918082449
109.14909575797984,1.317678855834795
109.17909825818818,1.3174237714294592
109.20910075839653,1.3171683388720155
109.23910325860489,1.3169125584426236
109.26910575881324,1.316656430421825
109.29910825902158,1.3163999550905423
109.32911075922993,1.3161431327300788
109.35911325943829,1.3158859636221187
109.38911575964664,1.3156284480487266
109.41911825985498,1.315370586292347
109.44912076006334,1.3151123786358039
109.47912326027169,1.314853825362301
109.50912576048005,1.314594926755421
109.53912826068839,1.314335683099125
109.56913076089674,1.3140760946777532
109.5991332611051,1.3138161617760233
109.62913576131344,1.3135558846790314
109.65913826152179,1.3132952636722504
109.68914076173014,1.3130342990415311
109.7191432619385,1.3127729910731007
109.74914576214684,1.3125113400535637
109.77914826235519,1.3122493462699
109.80915076256355,1.3119870100094657
109.8391532627719,1.3117243315599927
109.86915576298024,1.3114613112095883
109.8991582631886,1.3111979492467347
109.92916076339695,1.3109342459602884
109.9591632636053,1.3106702016394807
109.98916576381365,1.310405816573917
110.019168264022,1.310141091053576
110.04917076423035,1.3098760253688104
110.07917326443871,1.3096106198103454
110.10917576464705,1.3093448746692795
110.1391782648554,1.3090787902370833
110.16918076506376,1.3088123668055995
110.19918326527211,1.3085456046670427
110.22918576548045,1.3082785041139997
110.2591882656888,1.308011065439427
110.28919076589716,1.3077432889366534
110.31919326610551,1.3074751748993771
110.34919576631385,1.3072067236216676
110.37919826652221,1.306937935397963
110.40920076673056,1.3066688105230724
110.4392032669389,1.3063993492921728
110.46920576714726,1.3061295520008114
110.49920826735561,1.3058594189449027
110.52921076756397,1.3055889504207303
110.55921326777231,1.3053181467249457
110.58921576798066,1.3050470081545678
110.61921826818902,1.3047755350069827
110.64922076839737,1.3045037275799438
110.67922326860571,1.3042315861715708
110.70922576881406,1.30395911108035
110.73922826902242,1.3036863026051333
110.76923076923077,1.3034131610451387
110.79923326943911,1.3031396866999496
110.82923576964747,1.3028658798695136
110.85923826985582,1.3025917408541439
110.88924077006418,1.3023172699545176
110.91924327027252,1.3020424674716757
110.94924577048087,1.3017673337070232
110.97924827068923,1.3014918689623283
111.00925077089758,1.3012160735397222
111.03925327110592,1.3009399477416987
111.06925577131427,1.3006634918711142
111.09925827152263,1.300386706231187
111.12926077173098,1.300109591125497
111.15926327193932,1.2998321468579854
111.18926577214768,1.299554373732955
111.21926827235603,1.2992762720550683
111.24927077256439,1.2989978421293493
111.27927327277273,1.298719084261181
111.30927577298108,1.298439998756307
111.33927827318944,1.2981605859208294
111.36928077339778,1.2978808460612097
111.39928327360613,1.2976007794842683
111.42928577381448,1.2973203864971836
111.45928827402284,1.2970396674074922
111.48929077423118,1.2967586225230883
111.51929327443953,1.2964772521522234
111.54929577464789,1.296195556603506
111.57929827485624,1.2959135361859015
111.60930077506458,1.2956311912087315
111.63930327527294,1.295348521981673
111.66930577548129,1.2950655288147597
111.69930827568965,1.2947822120183794
111.72931077589799,1.2944985719032764
111.75931327610634,1.294214608780548
111.7893157763147,1.2939303229616463
111.81931827652305,1.2936457147583782
111.84932077673139,1.2933607844829034
111.87932327693974,1.2930755324477343
111.9093257771481,1.2927899589657377
111.93932827735645,1.2925040643501315
111.96933077756479,1.292217848914487
111.99933327777315,1.2919313129727268
112.0293357779815,1.2916444568391243
112.05933827818986,1.2913572808283058
112.0893407783982,1.291069785255247
112.11934327860655,1.2907819704352748
112.1493457788149,1.2904938366840657
112.17934827902324,1.2902053843176469
112.2093507792316,1.289916613652394
112.23935327943995,1.2896275250050326
112.26935577964831,1.2893381186926365
112.29935827985665,1.2890483950326281
112.329360780065,1.288758354342778
112.35936328027336,1.2884679969412043
112.38936578048171,1.2881773231463725
112.41936828069005,1.2878863332770956
112.4493707808984,1.2875950276525323
112.47937328110676,1.2873034065921882
112.50937578131511,1.2870114704159155
112.53937828152345,1.2867192194439108
112.56938078173181,1.2864266539967166
112.59938328194016,1.2861337743952204
112.62938578214852,1.2858405809606541
112.65938828235686,1.285547074014594
112.68939078256521,1.2852532538789596
112.71939328277357,1.2849591208760152
112.74939578298192,1.2846646753283666
112.77939828319026,1.2843699175589642
112.80940078339862,1.2840748478910988
112.83940328360697,1.2837794666484055
112.86940578381532,1.2834837741548593
112.89940828402366,1.2831877707347776
112.92941078423202,1.2828914567128187
112.95941328444037,1.2825948324139809
112.98941578464871,1.2822978981636042
113.01941828485707,1.2820006542873668
113.04942078506542,1.2817031011112878
113.07942328527378,1.281405238961725
113.10942578548212,1.2811070681653756
113.13942828569047,1.2808085890492744
113.16943078589883,1.2805098019407954
113.19943328610718,1.2802107071676494
113.22943578631552,1.2799113050578859
113.25943828652387,1.27961159593989
113.28944078673223,1.2793115801423842
113.31944328694058,1.2790112579944282
113.34944578714892,1.2787106298254167
113.37944828735728,1.2784096959650801
113.40945078756563,1.2781084567434842
113.43945328777399,1.27780691249103
113.46945578798233,1.2775050635384528
113.49945828819068,1.2772029102168225
113.52946078839904,1.2769004528575418
113.55946328860739,1.276597691792348
113.58946578881573,1.2762946273533113
113.61946828902408,1.275991259872834
113.64947078923244,1.2756875896836515
113.67947328944079,1.2753836171188304
113.70947578964913,1.2750793425117701
113.73947828985749,1.2747747661962001
113.76948079006584,1.2744698885061818
113.79948329027418,1.2741647097761064
113.82948579048254,1.2738592303406955
113.85948829069089,1.2735534505350008
113.88949079089925,1.2732473706944032
113.91949329110759,1.2729409911546128
113.94949579131594,1.2726343122516681
113.9794982915243,1.2723273343219366
114.00950079173265,1.2720200577021128
114.03950329194099,1.2717124827292199
114.06950579214934,1.2714046097406073
114.0995082923577,1.271096439073952
114.12951079256605,1.2707879710672574
114.15951329277439,1.2704792060588528
114.18951579298275,1.270170144387393
114.2195182931911,1.2698607863918587
114.24952079339945,1.2695511324115556
114.2795232936078,1.2692411827861139
114.30952579381615,1.2689309378554876
114.3395282940245,1.2686203979599555
114.36953079423286,1.2683095634401191
114.3995332944412,1.2679984346369035
114.42953579464955,1.2676870118915566
114.45953829485791,1.267375295545648
114.48954079506626,1.2670632859410706
114.5195432952746,1.266750983420038
114.54954579548296,1.2664383883250852
114.57954829569131,1.2661255009990677
114.60955079589965,1.265812321785163
114.639553296108,1.2654988510268668
114.66955579631636,1.2651850890679963
114.69955829652471,1.264871036252687
114.72956079673305,1.2645566929253937
114.75956329694141,1.2642420594308894
114.78956579714976,1.2639271361142668
114.81956829735812,1.2636119233209346
114.84957079756646,1.2632964213966207
114.87957329777481,1.2629806306873683
114.90957579798317,1.2626645515395394
114.93957829819152,1.2623481842998108
114.96958079839986,1.2620315293151758
114.99958329860821,1.2617145869329434
115.02958579881657,1.2613973575007376
115.05958829902492,1.2610798413664972
115.08959079923326,1.2607620388784762
115.11959329944162,1.2604439503852416
115.14959579964997,1.2601255762356747
115.17959829985833,1.25980691677897
115.20960080006667,1.2594879723646348
115.23960330027502,1.2591687433424894
115.26960580048338,1.2588492300626655
115.29960830069173,1.2585294328756071
115.32961080090007,1.2582093521320699
115.35961330110842,1.2578889881831194
115.38961580131678,1.257568341380133
115.41961830152512,1.2572474120747983
115.44962080173347,1.2569262006191113
115.47962330194183,1.256604707365379
115.50962580215018,1.2562829326662173
115.53962830235852,1.2559608768745496
115.56963080256688,1.2556385403436092
115.59963330277523,1.255315923426936
115.62963580298359,1.254993026478378
115.65963830319193,1.254669849852091
115.68964080340028,1.2543463939025359
115.71964330360863,1.2540226589844816
115.74964580381699,1.253698645453002
115.77964830402533,1.2533743536634772
115.80965080423368,1.253049783971592
115.83965330444204,1.2527249367333362
115.86965580465039,1.2523998123050037
115.89965830485873,1.2520744110431934
115.92966080506709,1.2517487333048065
115.95966330527544,1.2514227794470485
115.9896658054838,1.251096549827427
116.01966830569214,1.250770044803753
116.04967080590049,1.2504432647341384
116.07967330610884,1.2501162099769976
116.1096758063172,1.2497888808910462
116.13967830652554,1.2494612778353003
116.1696808067339,1.2491334011690767
116.19968330694225,1.248805251251992
116.2296858071506,1.2484768284439633
116.25968830735894,1.2481481331052064
116.2896908075673,1.247819165596236
116.31969330777565,1.2474899262778654
116.34969580798399,1.2471604155112064
116.37969830819235,1.2468306336576676
116.4097008084007,1.246500581078956
116.43970330860905,1.246170258137075
116.4697058088174,1.2458396651943244
116.49970830902575,1.2455088026133008
116.5297108092341,1.2451776707568951
116.55971330944246,1.2448462699882954
116.5897158096508,1.2445146006709837
116.61971830985915,1.2441826631687363
116.6497208100675,1.2438504578456242
116.67972331027586,1.243517985066012
116.7097258104842,1.2431852451945584
116.73972831069256,1.242852238596213
116.76973081090091,1.2425189656362206
116.79973331110926,1.2421854266801153
116.8297358113176,1.2418516220937257
116.85973831152596,1.2415175522431696
116.88974081173431,1.241183217494857
116.91974331194267,1.2408486182154879
116.94974581215101,1.240513754772053
116.97974831235936,1.240178627531832
117.00975081256772,1.2398432368623942
117.03975331277607,1.2395075831315983
117.06975581298441,1.2391716667075907
117.09975831319277,1.2388354879588066
117.12976081340112,1.2384990472539685
117.15976331360946,1.2381623449620864
117.18976581381781,1.2378253814524574
117.21976831402617,1.2374881570946645
117.24977081423452,1.2371506722585774
117.27977331444286,1.2368129273143518
117.30977581465122,1.2364749226324272
117.33977831485957,1.2361366585835298
117.36978081506793,1.2357981355386691
117.39978331527627,1.2354593538691387
117.42978581548462,1.235120313946517
117.45978831569298,1.234781016142664
117.48979081590133,1.2344414608297236
117.51979331610967,1.2341016483801222
117.54979581631802,1.2337615791665675
117.57979831652638,1.2334212535620495
117.60980081673473,1.2330806719398393
117.63980331694307,1.2327398346734881
117.66980581715143,1.2323987421368288
117.69980831735978,1.232057394703973
117.72981081756814,1.2317157927493125
117.75981331777648,1.2313739366475187
117.78981581798483,1.2310318267735403
117.81981831819319,1.2306894635026058
117.84982081840154,1.230346847210221
117.87982331860988,1.2300039782721697
117.90982581881823,1.2296608570645116
117.93982831902659,1.2293174839635848
117.96983081923493,1.2289738593460018
117.99983331944328,1.2286299835886527
118.02983581965164,1.2282858570687019
118.05983831985999,1.2279414801635893
118.08984082006833,1.2275968532510295
118.11984332027669,1.2272519767090109
118.14984582048504,1.226906850915796
118.1798483206934,1.226561476249921
118.20985082090174,1.2262158530901948
118.23985332111009,1.2258699818156977
118.26985582131844,1.2255238628057845
118.2998583215268,1.2251774964400792
118.32986082173514,1.2248308830984795
118.3598633219435,1.2244840231611516
118.38986582215185,1.224136917008534
118.4198683223602,1.2237895650213346
118.44987082256854,1.2234419675805313
118.4798733227769,1.22309412506737
118.50987582298525,1.2227460378633666
118.5398783231936,1.2223977063503053
118.56988082340195,1.2220491309102375
118.5998833236103,1.2217003119254832
118.62988582381865,1.2213512497786285
118.65988832402701,1.2210019448525267
118.68989082423535,1.2206523975302976
118.7198933244437,1.2203026081953263
118.74989582465206,1.2199525772312638
118.7798983248604,1.2196023050220262
118.80990082506875,1.2192517919517931
118.8399033252771,1.2189010384050099
118.86990582548546,1.218550044766385
118.8999083256938,1.2181988114208897
118.92991082590216,1.217847338753759
118.95991332611051,1.2174956271504898
118.98991582631886,1.217143676996841
119.0199183265272,1.2167914886788342
119.04992082673556,1.2164390625827508
119.07992332694391,1.2160863990951336
119.10992582715227,1.2157334986027863
119.13992832736061,1.215380361492772
119.16993082756896,1.2150269881524132
119.19993332777732,1.2146733789692918
119.22993582798567,1.2143195343312478
119.25993832819401,1.213965454626381
119.28994082840237,1.2136111402430467
119.31994332861072,1.2132565915698592
119.34994582881907,1.2129018089956898
119.37994832902741,1.212546792909666
119.40995082923577,1.2121915437011705
119.43995332944412,1.2118360617598434
119.46995582965248,1.2114803474755793
119.49995832986082,1.2111244012385267
119.52996083006917,1.2107682234390902
119.55996333027753,1.210411814467927
119.58996583048587,1.2100551747159487
119.61996833069422,1.2096983045743193
119.64997083090257,1.2093412044344563
119.67997333111093,1.2089838746880288
119.70997583131927,1.2086263157269583
119.73997833152762,1.2082685279434173
119.76998083173598,1.207910511729829
119.79998333194433,1.2075522674788683
119.82998583215267,1.2071937955834586
119.85998833236103,1.2068350964367744
119.88999083256938,1.2064761704322384
119.91999333277774,1.206117017963523
119.94999583298608,1.2057576394245484
119.97999833319443,1.2053980352094826
120.01000083340278,1.205038205712742
120.04000333361114,1.2046781513289895
120.07000583381948,1.204317872453134
120.10000833402783,1.203957369480332
120.13001083423619,1.203596642805985
120.16001333444454,1.2032356928257397
120.19001583465288,1.2028745199354887
120.22001833486124,1.2025131245313672
120.25002083506959,1.2021515070097564
120.28002333527795,1.2017896677672804
120.31002583548629,1.2014276072008063
120.34002833569464,1.2010653257074437
120.370030835903,1.2007028236845458
120.40003333611133,1.2003401015297057
120.43003583631969,1.19997715964076
120.46003833652804,1.1996139984157845
120.4900408367364,1.1992506182530969
120.52004333694474,1.1988870195512547
120.55004583715309,1.1985232027090542
120.58004833736145,1.1981591681255321
120.6100508375698,1.1977949161999635
120.64005333777814,1.1974304473318622
120.6700558379865,1.197065761920979
120.70005833819485,1.1967008603673033
120.7300608384032,1.1963357430710606
120.76006333861154,1.1959704104327145
120.7900658388199,1.1956048628529625
120.82006833902825,1.1952391007327399
120.85007083923661,1.1948731244732165
120.88007333944495,1.1945069344757975
120.9100758396533,1.194140531142121
120.94007833986166,1.193773914874061
120.97008084007001,1.193407086073724
121.00008334027835,1.1930400451434497
121.0300858404867,1.192672792485811
121.06008834069506,1.1923053285036116
121.09009084090341,1.191937653599889
121.12009334111175,1.1915697681779107
121.15009584132011,1.1912016726411752
121.18009834152846,1.1908333673934117
121.21010084173682,1.1904648528385797
121.24010334194516,1.190096129380868
121.27010584215351,1.189727197424694
121.30010834236187,1.1893580573747047
121.3301108425702,1.1889887096357745
121.36011334277856,1.1886191546130065
121.39011584298692,1.1882493927117301
121.42011834319527,1.1878794243375024
121.45012084340361,1.187509249896107
121.48012334361196,1.1871388697935528
121.51012584382032,1.1867682844360747
121.54012834402867,1.186397494230133
121.57013084423701,1.1860264995824126
121.60013334444537,1.1856553008998216
121.63013584465372,1.1852838985894938
121.66013834486208,1.1849122930587843
121.69014084507042,1.1845404847152727
121.72014334527877,1.18416847396676
121.75014584548713,1.1837962612212696
121.78014834569548,1.1834238468870466
121.81015084590382,1.1830512313725574
121.84015334611217,1.1826784150864882
121.87015584632053,1.1823053984377458
121.90015834652888,1.1819321818354578
121.93016084673722,1.181558765688969
121.96016334694558,1.1811851504078452
121.99016584715393,1.1808113364018689
122.02016834736229,1.1804373240810417
122.05017084757063,1.1800631138555826
122.08017334777898,1.179688706135927
122.11017584798734,1.179314101332727
122.14017834819568,1.1789392998568524
122.17018084840403,1.1785643021193861
122.20018334861238,1.1781891085316283
122.23018584882074,1.1778137195050935
122.26018834902908,1.1774381354515098
122.29019084923743,1.1770623567828207
122.32019334944579,1.1766863839111814
122.35019584965414,1.1763102172489615
122.38019834986248,1.1759338572087426
122.41020085007084,1.175557304203318
122.44020335027919,1.1751805586456936
122.47020585048755,1.1748036209490855
122.50020835069589,1.1744264915269218
122.53021085090424,1.174049170792839
122.5602133511126,1.1736716591606857
122.59021585132095,1.1732939570445176
122.62021835152929,1.172916064858601
122.65022085173764,1.1725379830174099
122.680223351946,1.1721597119356264
122.71022585215435,1.1717812520281405
122.74022835236269,1.1714026037100493
122.77023085257105,1.171023767396656
122.8002333527794,1.1706447435034704
122.83023585298776,1.1702655324462077
122.8602383531961,1.1698861346407887
122.89024085340445,1.1695065505033395
122.9202433536128,1.1691267804501895
122.95024585382114,1.168746824897873
122.9802483540295,1.1683666842631264
123.01025085423785,1.167986358962891
123.04025335444621,1.167605849414309
123.07025585465455,1.1672251560347258
123.1002583548629,1.1668442792416875
123.13026085507126,1.1664632194529423
123.16026335527961,1.1660819770864381
123.19026585548795,1.1657005525603243
123.2202683556963,1.1653189462929485
123.25027085590466,1.1649371587028592
123.28027335611301,1.1645551902088027
123.31027585632135,1.1641730412297246
123.34027835652971,1.1637907121847675
123.37028085673806,1.1634082034932718
123.40028335694642,1.163025515574776
123.43028585715476,1.1626426488490131
123.46028835736311,1.1622596037359145
123.49029085757147,1.1618763806556052
123.52029335777982,1.1614929800284068
123.55029585798816,1.1611094022748356
123.58029835819652,1.1607256478156007
123.61030085840487,1.1603417170716068
123.64030335861322,1.1599576104639513
123.67030585882156,1.1595733284139242
123.70030835902992,1.159188871343008
123.73031085923827,1.1588042396728777
123.76031335944661,1.1584194338253986
123.79031585965497,1.1580344542226289
123.82031835986332,1.1576493012868152
123.85032086007168,1.157263975440396
123.88032336028002,1.156878477105999
123.91032586048837,1.1564928067064402
123.94032836069672,1.156106964664725
123.97033086090508,1.1557209514040476
124.00033336111342,1.1553347673477894
124.03033586132177,1.1549484129195184
124.06033836153013,1.1545618885429914
124.09034086173848,1.154175194642149
124.12034336194682,1.1537883316411204
124.15034586215518,1.1534012999642183
124.18034836236353,1.1530141000359413
124.21035086257189,1.1526267322809725
124.24035336278023,1.1522391971241792
124.27035586298858,1.1518514949906113
124.30035836319693,1.1514636263055034
124.33036086340529,1.1510755914942716
124.36036336361363,1.1506873909825144
124.39036586382198,1.1502990251960128
124.42036836403034,1.1499104945607277
124.45037086423869,1.149521799502802
124.48037336444703,1.1491329404485588
124.51037586465539,1.1487439178245005
124.54037836486374,1.1483547320573089
124.57038086507208,1.147965383573846
124.60038336528044,1.1475758728011503
124.63038586548879,1.14718620016644
124.66038836569714,1.1467963660971099
124.69039086590548,1.146406371020732
124.72039336611384,1.1460162153650555
124.7503958663222,1.1456258995580044
124.78039836653055,1.1452354240276799
124.81040086673889,1.1448447892023577
124.84040336694724,1.1444539955104873
124.8704058671556,1.1440630433806942
124.90040836736395,1.1436719332417766
124.93041086757229,1.1432806655227066
124.96041336778065,1.1428892406526276
124.990415867989,1.142497659060858
125.02041836819735,1.1421059211768851
125.0504208684057,1.1417140274303705
125.08042336861405,1.1413219782511443
125.1104258688224,1.1409297740692088
125.14042836903076,1.1405374153147352
125.1704308692391,1.1401449024180654
125.20043336944745,1.139752235809709
125.2304358696558,1.139359415920345
125.26043836986416,1.138966443180821
125.2904408700725,1.1385733180221507
125.32044337028086,1.1381800408755165
125.35044587048921,1.1377866121722664
125.38044837069756,1.1373930323439154
125.4104508709059,1.1369993018221445
125.44045337111426,1.1366054210387986
125.47045587132261,1.1362113904258886
125.50045837153095,1.13581721041559
125.53046087173931,1.1354228814402403
125.56046337194766,1.1350284039323426
125.59046587215602,1.1346337783245621
125.62046837236436,1.1342390050497255
125.65047087257271,1.133844084540823
125.68047337278107,1.133449017231005
125.71047587298942,1.1330538035535838
125.74047837319776,1.132658443942032
125.77048087340611,1.1322629388299816
125.80048337361447,1.131867288651225
125.83048587382282,1.1314714938397141
125.86048837403116,1.131075554829558
125.89049087423952,1.130679472055025
125.92049337444787,1.1302832459505407
125.95049587465623,1.1298868769506882
125.98049837486457,1.1294903654902073
126.01050087507292,1.1290937120039934
126.04050337528128,1.1286969169270986
126.07050587548963,1.1282999806947298
126.10050837569797,1.1279029037422492
126.13051087590632,1.127505686505172
126.16051337611468,1.1271083294191693
126.19051587632303,1.1267108329200637
126.22051837653137,1.1263131974438318
126.25052087673973,1.1259154234266022
126.28052337694808,1.1255175113046556
126.31052587715642,1.1251194615144247
126.34052837736478,1.124721274492492
126.37053087757313,1.1243229506755912
126.40053337778149,1.1239244905006063
126.43053587798983,1.1235258944045707
126.46053837819818,1.1231271628246664
126.49054087840653,1.1227282961982248
126.52054337861489,1.1223292949627242
126.55054587882323,1.1219301595557922
126.58054837903158,1.121530890415202
126.61055087923994,1.1211314879788743
126.64055337944829,1.120731952684876
126.67055587965663,1.1203322849714197
126.70055837986499,1.1199324852768628
126.73056088007334,1.1195325540397079
126.7605633802817,1.119132491698602
126.79056588049004,1.1187322986923351
126.82056838069839,1.1183319754598415
126.85057088090674,1.1179315224401976
126.8805733811151,1.1175309400726225
126.91057588132344,1.1171302287964775
126.9405783815318,1.1167293890512642
126.97058088174015,1.116328421276626
127.0005833819485,1.1159273259123468
127.03058588215684,1.1155261033983503
127.0605883823652,1.1151247541746991
127.09059088257355,1.1147232786815955
127.12059338278189,1.1143216773593796
127.15059588299025,1.1139199506485304
127.1805983831986,1.1135180989896636
127.21060088340695,1.113116122823532
127.2406033836153,1.1127140225910261
127.27060588382365,1.1123117987331708
127.300608384032,1.1119094516911274
127.33061088424036,1.111506981906193
127.3606133844487,1.1111043898197983
127.39061588465705,1.110701675873508
127.4206183848654,1.110298840509022
127.45062088507376,1.109895884168171
127.4806233852821,1.1094928072929207
127.51062588549046,1.1090896103253673
127.54062838569881,1.10868629370774
127.57063088590716,1.108282857882398
127.6006333861155,1.1078793032918328
127.63063588632386,1.1074756303786646
127.66063838653221,1.1070718395856438
127.69064088674057,1.1066679313556513
127.72064338694891,1.1062639061316948
127.75064588715726,1.1058597643569121
127.78064838736562,1.1054555064745675
127.81065088757397,1.1050511329280535
127.84065338778231,1.1046466441608893
127.87065588799067,1.1042420406167202
127.90065838819902,1.1038373227393175
127.93066088840736,1.1034324909725783
127.96066338861571,1.1030275457605236
127.99066588882407,1.1026224875473
128.0206683890324,1.102217316777178
128.05067088924076,1.10181203389455
128.08067338944912,1.1014066393439335
128.11067588965747,1.1010011335699663
128.14067838986583,1.1005955170174102
128.17068089007418,1.1001897901311475
128.20068339028253,1.0997839533561817
128.23068589049086,1.0993780071376364
128.26068839069922,1.0989719519207557
128.29069089090757,1.0985657881509034
128.32069339111592,1.0981595162735618
128.35069589132428,1.0977531367343325
128.38069839153263,1.0973466499789344
128.410700891741,1.0969400564532044
128.44070339194934,1.0965333566030966
128.47070589215767,1.0961265508746825
128.50070839236602,1.0957196397141469
128.53071089257438,1.0953126235677932
128.56071339278273,1.0949055028820391
128.59071589299108,1.0944982781034167
128.62071839319944,1.0940909496785718
128.6507208934078,1.093683518054265
128.68072339361615,1.0932759836773691
128.71072589382447,1.0928683469948706
128.74072839403283,1.0924606084538673
128.77073089424118,1.0920527685015686
128.80073339444954,1.091644827585296
128.8307358946579,1.091236786152481
128.86073839486625,1.0908286446506665
128.8907408950746,1.0904204035275031
128.92074339528293,1.090012063230753
128.95074589549128,1.089603624208285
128.98074839569964,1.0891950869080782
129.010750895908,1.0887864517782175
129.04075339611634,1.0883777192668969
129.0707558963247,1.087968889822416
129.10075839653305,1.0875599638931814
129.1307608967414,1.0871509419277057
129.16076339694973,1.0867418243746056
129.1907658971581,1.0863326116826038
129.22076839736644,1.0859233043005265
129.2507708975748,1.0855139026773053
129.28077339778315,1.085104407261973
129.3107758979915,1.0846948185036671
129.34077839819986,1.0842851368516264
129.3707808984082,1.0838753627551923
129.40078339861654,1.0834654966638075
129.4307858988249,1.0830555390270142
129.46078839903325,1.082645490294457
129.4907908992416,1.0822353509158793
129.52079339944996,1.0818251213411245
129.5507958996583,1.0814148020201344
129.58079839986667,1.0810043934029492
129.610800900075,1.080593895939708
129.64080340028335,1.0801833100806462
129.6708059004917,1.079772636276096
129.70080840070005,1.0793618749764875
129.7308109009084,1.0789510266323454
129.76081340111676,1.0785400916942909
129.79081590132512,1.0781290706130395
129.82081840153347,1.0777179638394008
129.8508209017418,1.07730677182428
129.88082340195015,1.0768954950186735
129.9108259021585,1.0764841338736728
129.94082840236686,1.0760726888404606
129.97083090257522,1.075661160370312
130.00083340278357,1.075249548914594
130.03083590299192,1.0748378549247637
130.06083840320028,1.0744260788523703
130.0908409034086,1.0740142211490513
130.12084340361696,1.0736022822665343
130.1508459038253,1.0731902626566363
130.18084840403367,1.072778162771263
130.21085090424202,1.072365983062407
130.24085340445038,1.07195372398215
130.27085590465873,1.0715413859826595
130.30085840486709,1.07112896951619
130.3308609050754,1.0707164750350833
130.36086340528377,1.0703039029917638
130.39086590549212,1.0698912538387437
130.42086840570047,1.0694785280286185
130.45087090590883,1.0690657260140688
130.48087340611718,1.0686528482478572
130.51087590632554,1.0682398951828305
130.54087840653386,1.0678268672719184
130.57088090674222,1.0674137649681317
130.60088340695057,1.0670005887245628
130.63088590715893,1.0665873389943863
130.66088840736728,1.0661740162308564
130.69089090757564,1.0657606208873078
130.720893407784,1.0653471534171555
130.75089590799234,1.0649336142738914
130.78089840820067,1.064520003911089
130.81090090840902,1.064106322782397
130.84090340861738,1.0636925713415442
130.87090590882573,1.0632787500423344
130.9009084090341,1.0628648593386498
130.93091090924244,1.0624508996844477
130.9609134094508,1.0620368715337616
130.99091590965915,1.0616227753406993
131.02091840986748,1.0612086115594441
131.05092091007583,1.0607943806442528
131.08092341028419,1.0603800830494563
131.11092591049254,1.0599657192294585
131.1409284107009,1.0595512896387356
131.17093091090925,1.0591367947318364
131.2009334111176,1.0587222349633811
131.23093591132593,1.058307610788062
131.26093841153428,1.0578929226606393
131.29094091174264,1.0574781710359464
131.320943411951,1.0570633563688847
131.35094591215935,1.0566484791144257
131.3809484123677,1.0562335397276086
131.41095091257606,1.0558185386635408
131.4409534127844,1.0554034763773985
131.47095591299274,1.054988353324424
131.5009584132011,1.0545731699599266
131.53096091340944,1.0541579267392809
131.5609634136178,1.0537426241179286
131.59096591382615,1.0533272625513757
131.6209684140345,1.0529118424951933
131.65097091424286,1.0524963644050158
131.68097341445122,1.0520808287365422
131.71097591465954,1.0516652359455345
131.7409784148679,1.0512495864878169
131.77098091507625,1.0508338808192752
131.8009834152846,1.0504181193958586
131.83098591549296,1.050002302673576
131.8609884157013,1.0495864311084977
131.89099091590967,1.0491705051567541
131.92099341611802,1.0487545252745343
131.95099591632635,1.0483384919180883
131.9809984165347,1.0479224055437224
132.01100091674306,1.0475062666078037
132.0410034169514,1.0470900755667547
132.07100591715977,1.0466738328770562
132.10100841736812,1.0462575389952458
132.13101091757648,1.0458411943779164
132.1610134177848,1.045424799481718
132.19101591799316,1.0450083547633533
132.2210184182015,1.044591860679582
132.25102091840986,1.0441753176872168
132.28102341861822,1.043758726243125
132.31102591882657,1.0433420868042251
132.34102841903493,1.0429253998274903
132.37103091924328,1.0425086657699452
132.4010334194516,1.0420918850886662
132.43103591965996,1.0416750582407794
132.46103841986832,1.0412581856834637
132.49104092007667,1.040841267873947
132.52104342028503,1.0404243052695068
132.55104592049338,1.0400072983274706
132.58104842070173,1.039590247505213
132.6110509209101,1.0391731532601578
132.64105342111841,1.0387560160497769
132.67105592132677,1.0383388363315882
132.70105842153512,1.0379216145631562
132.73106092174348,1.0375043512020925
132.76106342195183,1.0370870467060536
132.7910659221602,1.0366697015327415
132.82106842236854,1.0362523161399029
132.8510709225769,1.0358348909853277
132.88107342278522,1.0354174265268508
132.91107592299358,1.0349999232223486
132.94107842320193,1.034582381529742
132.97108092341028,1.034164801906992
133.00108342361864,1.0337471848121025
133.031085923827,1.0333295307031185
133.06108842403535,1.0329118400381252
133.09109092424367,1.0324941132752483
133.12109342445203,1.0320763508726518
133.15109592466038,1.0316585532885403
133.18109842486874,1.0312407209811565
133.2111009250771,1.0308228544087814
133.24110342528544,1.0304049540297326
133.2711059254938,1.029987020302366
133.30110842570215,1.0295690536850735
133.33111092591048,1.0291510546362836
133.36111342611883,1.028733023614459
133.3911159263272,1.0283149610780986
133.42111842653554,1.027896867485736
133.4511209267439,1.0274787432959385
133.48112342695225,1.027060588967307
133.5111259271606,1.026642404958475
133.54112842736896,1.0262241917281092
133.5711309275773,1.0258059497349086
133.60113342778564,1.025387679437603
133.631135927994,1.0249693812949527
133.66113842820235,1.0245510557657502
133.6911409284107,1.0241327033088172
133.72114342861906,1.023714324383005
133.7511459288274,1.0232959194471933
133.78114842903574,1.0228774889602916
133.8111509292441,1.0224590333812362
133.84115342945245,1.0220405531689916
133.8711559296608,1.0216220487825494
133.90115842986916,1.0212035206809267
133.9311609300775,1.020784969323168
133.96116343028586,1.0203663951683428
133.99116593049422,1.0199477986755456
134.02116843070255,1.019529180303895
134.0511709309109,1.0191105405125338
134.08117343111925,1.0186918797606281
134.1111759313276,1.0182731985073683
134.14117843153596,1.017854497211965
134.17118093174432,1.0174357763336528
134.20118343195267,1.017017036331687
134.23118593216103,1.0165982776653437
134.26118843236935,1.0161795007939205
134.2911909325777,1.0157607061767324
134.32119343278606,1.015341894273117
134.35119593299441,1.0149230655424288
134.38119843320277,1.0145042204440422
134.41120093341112,1.0140853594373476
134.44120343361948,1.0136664829817548
134.47120593382783,1.0132475915366896
134.50120843403616,1.012828685561595
134.5312109342445,1.0124097655159283
134.56121343445287,1.0119908318591637
134.59121593466122,1.0115718850507898
134.62121843486958,1.0111529255503098
134.65122093507793,1.0107339538172413
134.68122343528628,1.0103149703111136
134.7112259354946,1.0098959754914714
134.74122843570296,1.0094769698178692
134.77123093591132,1.0090579537498756
134.80123343611967,1.0086389277470693
134.83123593632803,1.0082198922690402
134.86123843653638,1.0078008477753888
134.89124093674474,1.0073817947257255
134.9212434369531,1.00696273357967
134.95124593716142,1.0065436647968509
134.98124843736977,1.0061245888369046
135.01125093757813,1.005705506159476
135.04125343778648,1.0052864172242177
135.07125593799483,1.0048673224907883
135.1012584382032,1.0044482224188531
135.13126093841154,1.0040291174680835
135.1612634386199,1.0036100080981563
135.19126593882822,1.0031908947687531
135.22126843903658,1.0027717779395589
135.25127093924493,1.0023526580702633
135.2812734394533,1.0019335356205599
135.31127593966164,1.0015144110501444
135.34127843987,1.0010952848187145
135.37128094007835,1.0006761573859702
135.40128344028668,1.000257029211613
135.43128594049503,0.999837900755345
135.46128844070338,0.9994187724768678
135.49129094091174,0.9989996448358842
135.5212934411201,0.9985805182920955
135.55129594132845,0.998161393305202
135.5812984415368,0.9977422703349027
135.61130094174516,0.9973231498408931
135.64130344195348,0.9969040322828675
135.67130594216184,0.9964849181205158
135.7013084423702,0.9960658078135252
135.73131094257855,0.9956467018215774
135.7613134427869,0.9952276006043508
135.79131594299525,0.9948085046215175
135.8213184432036,0.9943894143327443
135.85132094341196,0.9939703301976923
135.8813234436203,0.9935512526760146
135.91132594382864,0.9931321822273576
135.941328444037,0.9927131193113601
135.97133094424535,0.9922940643876531
136.0013334444537,0.9918750179158576
136.03133594466206,0.9914559803555865
136.06133844487042,0.9910369521664422
136.09134094507877,0.9906179338080174
136.1213434452871,0.9901989257398938
136.15134594549545,0.9897799284216409
136.1813484457038,0.9893609423128177
136.21135094591216,0.9889419678729705
136.2413534461205,0.9885230055616331
136.27135594632887,0.9881040558383248
136.30135844653722,0.9876851191625524
136.33136094674555,0.9872661959938082
136.3613634469539,0.986847286791569
136.39136594716226,0.9864283920152964
136.4213684473706,0.9860095121244369
136.45137094757897,0.98559064757842
136.48137344778732,0.9851717988366591
136.51137594799567,0.9847529663585489
136.54137844820403,0.9843341506034677
136.57138094841235,0.9839153520307752
136.6013834486207,0.983496571099811
136.63138594882906,0.9830778082698973
136.66138844903742,0.9826590640003345
136.69139094924577,0.9822403387504041
136.72139344945413,0.9818216329793661
136.75139594966248,0.9814029471464596
136.78139844987084,0.9809842817109009
136.81140095007916,0.980565637131885
136.84140345028752,0.9801470138685832
136.87140595049587,0.979728412380144
136.90140845070422,0.9793098331256914
136.93141095091258,0.9788912765643256
136.96141345112093,0.9784727431551219
136.9914159513293,0.9780542333571297
137.0214184515376,0.9776357476293737
137.05142095174597,0.9772172864308498
137.08142345195432,0.9767988502205294
137.11142595216268,0.9763804394573553
137.14142845237103,0.9759620546002433
137.17143095257939,0.9755436961080793
137.20143345278774,0.9751253644397216
137.2314359529961,0.9747070600539988
137.26143845320442,0.9742887834097097
137.29144095341277,0.9738705349656213
137.32144345362113,0.9734523151804713
137.35144595382948,0.9730341245129654
137.38144845403784,0.9726159634217777
137.4114509542462,0.9721978323655495
137.44145345445455,0.9717797318028887
137.4714559546629,0.9713616621923706
137.50145845487123,0.9709436239925365
137.53146095507958,0.9705256176618926
137.56146345528794,0.9701076436589102
137.5914659554963,0.9696897024420258
137.62146845570464,0.9692717944696396
137.651470955913,0.9688539202001153
137.68147345612135,0.96843608009178
137.7114759563297,0.9680182746029221
137.74147845653803,0.967600504191794
137.7714809567464,0.9671827693166075
137.80148345695474,0.9667650704355375
137.8314859571631,0.9663474080067174
137.86148845737145,0.965929782488242
137.8914909575798,0.9655121943381655
137.92149345778816,0.9650946440145004
137.95149595799649,0.9646771319752192
137.98149845820484,0.9642596586782498
138.0115009584132,0.96384222458148
138.04150345862155,0.9634248301427536
138.0715059588299,0.9630074758198716
138.10150845903826,0.9625901620705896
138.1315109592466,0.96217288935262
138.16151345945497,0.9617556581236298
138.1915159596633,0.9613384688412413
138.22151845987165,0.9609213219630283
138.25152096008,0.9605042179465205
138.28152346028835,0.9600871572492
138.3115259604967,0.9596701403285011
138.34152846070506,0.9592531676418106
138.37153096091342,0.9588362396464656
138.40153346112177,0.9584193567997555
138.4315359613301,0.9580025195589199
138.46153846153845,0.9575857283811479
138.4915409617468,0.9571689837235777
138.52154346195516,0.9567522860432978
138.55154596216352,0.9563356357973443
138.58154846237187,0.9559190334427012
138.61155096258022,0.955502479436301
138.64155346278858,0.9550859742350214
138.6715559629969,0.9546695182956884
138.70155846320526,0.9542531120750724
138.7315609634136,0.9538367560298905
138.76156346362197,0.9534204506168038
138.79156596383032,0.9530041962924186
138.82156846403868,0.9525879935132849
138.85157096424703,0.9521718427358961
138.88157346445536,0.9517557444166894
138.9115759646637,0.9513396990120422
138.94157846487207,0.9509237069782761
138.97158096508042,0.9505077687716535
139.00158346528877,0.9500918848483779
139.03158596549713,0.9496760556645923
139.06158846570548,0.9492602816763809
139.09159096591384,0.9488445633397666
139.12159346612216,0.9484289011107125
139.15159596633052,0.9480132954451177
139.18159846653887,0.9475977467988215
139.21160096674723,0.9471822556275996
139.24160346695558,0.9467668223871653
139.27160596716394,0.9463514475331681
139.3016084673723,0.9459361315211929
139.33161096758064,0.945520874806761
139.36161346778897,0.9451056778453282
139.39161596799732,0.9446905410922846
139.42161846820568,0.9442754650029541
139.45162096841403,0.9438604500325948
139.4816234686224,0.9434454966363972
139.51162596883074,0.943030605269485
139.5416284690391,0.9426157763869124
139.57163096924742,0.9422010104436667
139.60163346945578,0.9417863078946648
139.63163596966413,0.941371669194755
139.66163846987249,0.9409570947987156
139.69164097008084,0.9405425851612533
139.7216434702892,0.9401281407370051
139.75164597049755,0.9397137619805356
139.7816484707059,0.9392994493463381
139.81165097091423,0.9388852032888326
139.84165347112258,0.9384710242623661
139.87165597133094,0.9380569127212126
139.9016584715393,0.9376428691195725
139.93166097174765,0.93722889391157
139.961663471956,0.9368149875512561
139.99166597216436,0.9364011504926052
140.0216684723727,0.9359873831895162
140.05167097258104,0.9355736860958119
140.0816734727894,0.9351600596652363
140.11167597299774,0.9347465043514576
140.1416784732061,0.9343330206080654
140.17168097341445,0.9339196088885716
140.2016834736228,0.9335062696464076
140.23168597383116,0.9330930033349263
140.26168847403952,0.9326798104074006
140.29169097424784,0.9322666913170232
140.3216934744562,0.9318536465169043
140.35169597466455,0.9314406764600741
140.3816984748729,0.9310277815994805
140.41170097508126,0.9306149623879887
140.44170347528961,0.9302022192783815
140.47170597549797,0.9297895527233572
140.5017084757063,0.9293769631755311
140.53171097591465,0.9289644510874332
140.561713476123,0.9285520169115096
140.59171597633136,0.9281396611001196
140.6217184765397,0.9277273841055376
140.65172097674807,0.9273151863799514
140.68172347695642,0.9269030683754614
140.71172597716478,0.9264910305440816
140.7417284773731,0.9260790733377366
140.77173097758146,0.9256671972082633
140.8017334777898,0.9252554026074097
140.83173597799816,0.9248436899868347
140.86173847820652,0.9244320597981065
140.89174097841487,0.9240205124927034
140.92174347862323,0.923609048522013
140.95174597883158,0.9231976683373309
140.9817484790399,0.9227863723898618
141.01175097924826,0.9223751611307162
141.04175347945662,0.9219640350109133
141.07175597966497,0.9215529944813786
141.10175847987333,0.9211420399929438
141.13176098008168,0.9207311719963454
141.16176348029003,0.920320390942226
141.19176598049836,0.9199096972811326
141.22176848070671,0.9194990914635162
141.25177098091507,0.9190885739397309
141.28177348112342,0.918678145160035
141.31177598133178,0.918267805574589
141.34177848154013,0.9178575556334555
141.3717809817485,0.9174473957865993
141.40178348195684,0.9170373264838851
141.43178598216517,0.9166273481750801
141.46178848237352,0.9162174613098497
141.49179098258188,0.9158076663377609
141.52179348279023,0.9153979637082783
141.55179598299858,0.9149883538707664
141.58179848320694,0.9145788372744873
141.6118009834153,0.9141694143686011
141.64180348362365,0.9137600856021655
141.67180598383197,0.913350851424134
141.70180848404033,0.9129417122833566
141.73181098424868,0.9125326686285797
141.76181348445704,0.912123720908445
141.7918159846654,0.9117148695714876
141.82181848487375,0.9113061150661383
141.8518209850821,0.9108974578407215
141.88182348529045,0.9104888983434548
141.91182598549878,0.9100804370224481
141.94182848570713,0.9096720743257036
141.9718309859155,0.9092638107011163
142.00183348612384,0.9088556465964717
142.0318359863322,0.9084475824594469
142.06183848654055,0.908039618737608
142.0918409867489,0.9076317558784123
142.12184348695723,0.9072239943292062
142.1518459871656,0.9068163345372245
142.18184848737394,0.9064087769495904
142.2118509875823,0.9060013220133156
142.24185348779065,0.9055939701752987
142.271855987999,0.905186721882326
142.30185848820736,0.9047795775810686
142.3318609884157,0.9043725377180851
142.36186348862404,0.9039656027398195
142.3918659888324,0.9035587730925995
142.42186848904075,0.9031520492226386
142.4518709892491,0.9027454315760333
142.48187348945746,0.9023389205987641
142.5118759896658,0.9019325167366946
142.54187848987416,0.9015262204355711
142.57188099008252,0.9011200321410208
142.60188349029085,0.900713952298554
142.6318859904992,0.9003079813535606
142.66188849070755,0.8999021197513123
142.6918909909159,0.8994963679369598
142.72189349112426,0.8990907263555339
142.75189599133262,0.8986851954519448
142.78189849154097,0.8982797756709808
142.81190099174933,0.8978744674573089
142.84190349195765,0.897469271255473
142.871905992166,0.8970641875098943
142.90190849237436,0.8966592166648709
142.93191099258271,0.8962543591645775
142.96191349279107,0.8958496154530633
142.99191599299942,0.8954449859742538
143.02191849320778,0.8950404711719486
143.0519209934161,0.8946360714898227
143.08192349362446,0.8942317873714222
143.1119259938328,0.893827619260169
143.14192849404117,0.8934235675993567
143.17193099424952,0.8930196328321514
143.20193349445788,0.8926158154015913
143.23193599466623,0.892212115750585
143.26193849487458,0.8918085343219125
143.2919409950829,0.8914050715582247
143.32194349529126,0.8910017279020412
143.35194599549962,0.8905985037957513
143.38194849570797,0.8901953996816138
143.41195099591633,0.8897924160017552
143.44195349612468,0.8893895531981704
143.47195599633304,0.8889868117127216
143.5019584965414,0.8885841919871376
143.53196099674972,0.8881816944630141
143.56196349695807,0.887779319581812
143.59196599716643,0.8873770677848591
143.62196849737478,0.8869749395133466
143.65197099758313,0.8865729352083311
143.6819734977915,0.8861710553107335
143.71197599799984,0.8857693002613374
143.74197849820817,0.8853676705007909
143.77198099841652,0.8849661664696021
143.80198349862488,0.8845647886081437
143.83198599883323,0.884163537356649
143.8619884990416,0.8837624131552129
143.89199099924994,0.8833614164437897
143.9219934994583,0.8829605476621956
143.95199599966665,0.8825598072501051
143.98199849987498,0.8821591956470535
144.01200100008333,0.8817587132924322
144.04200350029168,0.8813583606254931
144.07200600050004,0.8809581380853454
144.1020085007084,0.8805580461109551
144.13201100091675,0.8801580851411457
144.1620135011251,0.8797582556145958
144.19201600133346,0.879358557969841
144.22201850154178,0.8789589926452721
144.25202100175014,0.8785595600791342
144.2820235019585,0.8781602607095268
144.31202600216685,0.8777610949744039
144.3420285023752,0.8773620633115726
144.37203100258355,0.8769631661586931
144.4020335027919,0.8765644039532782
144.43203600300026,0.8761657771326917
144.4620385032086,0.8757672861341506
144.49204100341694,0.8753689313947209
144.5220435036253,0.8749707133513214
144.55204600383365,0.8745726324407186
144.582048504042,0.8741746890995304
144.61205100425036,0.8737768837642234
144.64205350445872,0.8733792168711125
144.67205600466704,0.8729816888563611
144.7020585048754,0.8725843001559793
144.73206100508375,0.8721870512058257
144.7620635052921,0.8717899424416051
144.79206600550046,0.8713929742988689
144.8220685057088,0.870996147213013
144.85207100591717,0.8705994616192801
144.88207350612552,0.8702029179527571
144.91207600633385,0.8698065166483757
144.9420785065422,0.8694102581409099
144.97208100675056,0.8690141428649787
145.0020835069589,0.8686181712550434
145.03208600716727,0.8682223437454083
145.06208850737562,0.8678266607702183
145.09209100758397,0.8674311227634612
145.12209350779233,0.8670357301589651
145.15209600800065,0.8666404833903989
145.182098508209,0.8662453828912714
145.21210100841736,0.8658504290949304
145.24210350862572,0.8654556224345638
145.27210600883407,0.8650609633431976
145.30210850904243,0.8646664522536963
145.33211100925078,0.8642720895987613
145.3621135094591,0.8638778758109322
145.39211600966746,0.8634838113225843
145.42211850987582,0.8630898965659303
145.45212101008417,0.8626961319730172
145.48212351029252,0.8623025179757287
145.51212601050088,0.8619090550057825
145.54212851070923,0.8615157434947311
145.5721310109176,0.861122583873961
145.6021335111259,0.8607295765746914
145.63213601133427,0.8603367220279746
145.66213851154262,0.8599440206646958
145.69214101175098,0.8595514729155724
145.72214351195933,0.8591590792111522
145.75214601216769,0.8587668399818151
145.78214851237604,0.8583747556577711
145.8121510125844,0.8579828266690606
145.84215351279272,0.8575910534455538
145.87215601300107,0.8571994364169486
145.90215851320943,0.8568079760127734
145.93216101341778,0.8564166726623837
145.96216351362614,0.8560255267949639
145.9921660138345,0.8556345388395241
146.02216851404285,0.8552437092249022
146.0521710142512,0.8548530383797623
146.08217351445953,0.854462526732595
146.11217601466788,0.8540721747117144
146.14217851487624,0.8536819827452611
146.1721810150846,0.8532919512611998
146.20218351529294,0.8529020806873192
146.2321860155013,0.8525123714512319
146.26218851570965,0.8521228239803723
146.29219101591798,0.8517334387019988
146.32219351612633,0.8513442160431908
146.3521960163347,0.8509551564308502
146.38219851654304,0.8505662602916992
146.4122010167514,0.8501775280522816
146.44220351695975,0.8497889601389609
146.4722060171681,0.8494005569779204
146.50220851737646,0.8490123189951633
146.53221101758479,0.8486242466165107
146.56221351779314,0.8482363402676021
146.5922160180015,0.8478486003738958
146.62221851820985,0.8474610273606671
146.6522210184182,0.8470736216530076
146.68222351862656,0.8466863836758264
146.7122260188349,0.846299313853848
146.74222851904327,0.845912412611613
146.7722310192516,0.8455256803734772
146.80223351945995,0.8451391175636093
146.8322360196683,0.844752724605994
146.86223851987666,0.8443665019244296
146.892241020085,0.8439804499425272
146.92224352029336,0.8435945690837102
146.95224602050172,0.8432088597712151
146.98224852071004,0.8428233224280901
147.0122510209184,0.8424379574771946
147.04225352112675,0.8420527653411987
147.0722560213351,0.8416677464425831
147.10225852154346,0.8412829012036389
147.13226102175182,0.8408982300464666
147.16226352196017,0.8405137333929755
147.19226602216852,0.8401294116648834
147.22226852237685,0.8397452652837168
147.2522710225852,0.839361294670809
147.28227352279356,0.8389775002473017
147.3122760230019,0.8385938824341419
147.34227852321027,0.8382104416520842
147.37228102341862,0.8378271783216885
147.40228352362698,0.8374440928633204
147.43228602383533,0.8370611856971493
147.46228852404366,0.8366784572431507
147.492291024252,0.8362959079211024
147.52229352446037,0.8359135381505871
147.55229602466872,0.8355313483509903
147.58229852487707,0.835149338941499
147.61230102508543,0.8347675103411037
147.64230352529378,0.8343858629685961
147.67230602550214,0.8340043972425693
147.70230852571046,0.8336231135814166
147.73231102591882,0.8332420124033318
147.76231352612717,0.832861094126309
147.79231602633553,0.8324803591681419
147.82231852654388,0.8320998079464217
147.85232102675224,0.8317194408785396
147.8823235269606,0.8313392583816841
147.91232602716892,0.8309592608728419
147.94232852737727,0.8305794487687959
147.97233102758562,0.8301998224861257
148.00233352779398,0.8298203824412079
148.03233602800233,0.8294411290502144
148.0623385282107,0.8290620627291125
148.09234102841904,0.8286831838936637
148.1223435286274,0.8283044929594248
148.15234602883572,0.827925990341746
148.18234852904408,0.8275476764557711
148.21235102925243,0.8271695517164362
148.2423535294608,0.8267916165384711
148.27235602966914,0.8264138713363971
148.3023585298775,0.826036316524527
148.33236103008585,0.8256589525169654
148.3623635302942,0.8252817797276066
148.39236603050253,0.8249047985701364
148.42236853071088,0.824528009458029
148.45237103091924,0.8241514128045495
148.4823735311276,0.8237750090227504
148.51237603133595,0.8233987985254738
148.5423785315443,0.8230227817253494
148.57238103175266,0.8226469590347943
148.602383531961,0.8222713308660135
148.63238603216934,0.8218958976309974
148.6623885323777,0.821520659741523
148.69239103258604,0.8211456176091536
148.7223935327944,0.8207707716452376
148.75239603300275,0.8203961222609076
148.7823985332111,0.8200216698670814
148.81240103341946,0.8196474148744602
148.8424035336278,0.8192733576935298
148.87240603383614,0.8188994987345568
148.9024085340445,0.8185258384075922
148.93241103425285,0.8181523771224688
148.9624135344612,0.8177791152888009
148.99241603466956,0.8174060533159844
149.02241853487791,0.8170331916131952
149.05242103508627,0.8166605305893901
149.0824235352946,0.8162880706533064
149.11242603550295,0.8159158122134595
149.1424285357113,0.8155437556781443
149.17243103591966,0.8151719014554347
149.202433536128,0.8148002499531826
149.23243603633637,0.8144288015790171
149.26243853654472,0.8140575567403452
149.29244103675308,0.8136865158443496
149.3224435369614,0.8133156792979908
149.35244603716976,0.8129450475080033
149.3824485373781,0.812574620880899
149.41245103758646,0.8122043998229632
149.44245353779482,0.8118343847402565
149.47245603800317,0.8114645760386135
149.50245853821153,0.8110949741236425
149.53246103841985,0.8107255794007253
149.5624635386282,0.810356392275015
149.59246603883656,0.8099874131514384
149.62246853904492,0.809618642434694
149.65247103925327,0.8092500805292517
149.68247353946163,0.8088817278393516
149.71247603966998,0.8085135847690055
149.74247853987833,0.8081456517219943
149.77248104008666,0.8077779291018697
149.80248354029501,0.8074104173119507
149.83248604050337,0.8070431167553269
149.86248854071172,0.8066760278348554
149.89249104092008,0.8063091509531612
149.92249354112843,0.8059424865126374
149.9524960413368,0.8055760349154429
149.98249854154514,0.805209796563504
150.01250104175347,0.8048437718585132
150.04250354196182,0.8044779612019282
150.07250604217018,0.8041123649949715
150.10250854237853,0.8037469836386317
150.13251104258688,0.8033818175336608
150.16251354279524,0.803016867080575
150.1925160430036,0.8026521326796542
150.22251854321195,0.8022876147309406
150.25252104342027,0.8019233136342399
150.28252354362863,0.8015592297891189
150.31252604383698,0.8011953635949074
150.34252854404534,0.8008317154506952
150.3725310442537,0.800468285755334
150.40253354446205,0.8001050749074352
150.4325360446704,0.7997420833053709
150.46253854487873,0.7993793113472718
150.49254104508708,0.7990167594310279
150.52254354529543,0.7986544279542885
150.5525460455038,0.7982923173144609
150.58254854571214,0.7979304279087096
150.6125510459205,0.7975687601339568
150.64255354612885,0.7972073143868821
150.6725560463372,0.7968460910639207
150.70255854654553,0.7964850905612653
150.7325610467539,0.7961243132748618
150.76256354696224,0.7957637596004132
150.7925660471706,0.7954034299333769
150.82256854737895,0.7950433246689645
150.8525710475873,0.7946834442021412
150.88257354779566,0.7943237889276258
150.912576048004,0.7939643592398902
150.94257854821234,0.7936051555331594
150.9725810484207,0.7932461782014089
151.00258354862905,0.7928874276383675
151.0325860488374,0.7925289042375148
151.06258854904576,0.792170608392081
151.0925910492541,0.7918125404950476
151.12259354946247,0.7914547009391444
151.1525960496708,0.7910970901168527
151.18259854987915,0.7907397084204012
151.2126010500875,0.7903825562417687
151.24260355029585,0.790025633972681
151.2726060505042,0.7896689420046127
151.30260855071256,0.7893124807287856
151.33261105092092,0.7889562505361681
151.36261355112927,0.788600251817476
151.3926160513376,0.7882444849631701
151.42261855154595,0.7878889503634572
151.4526210517543,0.7875336484082899
151.48262355196266,0.7871785794873655
151.51262605217102,0.7868237439901249
151.54262855237937,0.786469142305754
151.57263105258772,0.7861147748231818
151.60263355279608,0.7857606419310805
151.6326360530044,0.7854067440178656
151.66263855321276,0.785053081471693
151.6926410534211,0.7846996546804621
151.72264355362947,0.7843464640318136
151.75264605383782,0.7839935099131291
151.78264855404618,0.78364079271153
151.81265105425453,0.7832883128138787
151.84265355446288,0.782936070606777
151.8726560546712,0.7825840664765669
151.90265855487957,0.7822323008093269
151.93266105508792,0.7818807739908763
151.96266355529627,0.7815294864067717
151.99266605550463,0.7811784384423068
152.02266855571298,0.7808276304825137
152.05267105592134,0.7804770629121597
152.08267355612966,0.7801267361157497
152.11267605633802,0.7797766504775234
152.14267855654637,0.7794268063814573
152.17268105675473,0.7790772042112619
152.20268355696308,0.7787278443503827
152.23268605717143,0.7783787271819997
152.2626885573798,0.7780298530890264
152.29269105758814,0.7776812224541101
152.32269355779647,0.7773328356596305
152.35269605800482,0.7769846930876998
152.38269855821318,0.7766367951201629
152.41270105842153,0.7762891421385967
152.4427035586299,0.7759417345243079
152.47270605883824,0.7755945726583356
152.5027085590466,0.7752476569214488
152.53271105925495,0.7749009876941466
152.56271355946328,0.7745545653566581
152.59271605967163,0.7742083902889401
152.62271855987998,0.7738624628706798
152.65272106008834,0.7735167834812925
152.6827235602967,0.7731713524999212
152.71272606050505,0.7728261703054361
152.7427285607134,0.7724812372764351
152.77273106092176,0.7721365537912427
152.80273356113008,0.7717921202279101
152.83273606133844,0.7714479369642127
152.8627385615468,0.7711040043776531
152.89274106175515,0.7707603228454587
152.9227435619635,0.770416892744581
152.95274606217185,0.7700737144516964
152.9827485623802,0.7697307883432041
153.01275106258853,0.7693881147952277
153.0427535627969,0.7690456941836132
153.07275606300524,0.7687035268839297
153.1027585632136,0.7683616132714676
153.13276106342195,0.7680199537212399
153.1627635636303,0.7676785486079807
153.19276606383866,0.7673373983061451
153.22276856404702,0.7669965031899082
153.25277106425534,0.7666558636331661
153.2827735644637,0.7663154800095335
153.31277606467205,0.7659753526923453
153.3427785648804,0.7656354820546554
153.37278106508876,0.7652958684692349
153.4027835652971,0.7649565123085744
153.43278606550547,0.7646174139448814
153.46278856571382,0.7642785737500812
153.49279106592215,0.7639399920958152
153.5227935661305,0.7636016693534413
153.55279606633886,0.763263605894034
153.5827985665472,0.7629258020883833
153.61280106675557,0.7625882583069941
153.64280356696392,0.762250974920086
153.67280606717227,0.7619139522975935
153.7028085673806,0.7615771908091652
153.73281106758895,0.7612406908241625
153.7628135677973,0.7609044527116601
153.79281606800566,0.760568476840446
153.82281856821402,0.7602327635790206
153.85282106842237,0.7598973132955962
153.88282356863073,0.7595621263580957
153.91282606883908,0.7592272031341545
153.9428285690474,0.7588925439911185
153.97283106925576,0.7585581492960431
154.00283356946412,0.7582240194156942
154.03283606967247,0.7578901547165473
154.06283856988082,0.7575565555647872
154.09284107008918,0.7572232223263072
154.12284357029753,0.7568901553667093
154.1528460705059,0.7565573550513025
154.1828485707142,0.7562248217451046
154.21285107092257,0.7558925558128394
154.24285357113092,0.7555605576189386
154.27285607133928,0.7552288275275387
154.30285857154763,0.7548973659024837
154.33286107175599,0.7545661731073223
154.36286357196434,0.7542352495053088
154.3928660721727,0.753904595459402
154.42286857238102,0.7535742113322649
154.45287107258937,0.7532440974862642
154.48287357279773,0.752914254283471
154.51287607300608,0.7525846820856593
154.54287857321444,0.7522553812543051
154.5728810734228,0.7519263521505877
154.60288357363115,0.7515975951353877
154.63288607383947,0.7512691105692886
154.66288857404783,0.7509408988125725
154.69289107425618,0.7506129602252247
154.72289357446454,0.7502852951669298
154.7528960746729,0.7499579039970727
154.78289857488124,0.7496307870747381
154.8129010750896,0.749303944758709
154.84290357529795,0.7489773774074682
154.87290607550628,0.7486510853791966
154.90290857571463,0.748325069031773
154.932911075923,0.7479993287227735
154.96291357613134,0.7476738648094722
154.9929160763397,0.7473486776488396
155.02291857654805,0.7470237675975426
155.0529210767564,0.746699135011945
155.08292357696476,0.7463747802481046
155.11292607717309,0.7460507036617761
155.14292857738144,0.745726905608408
155.1729310775898,0.7454033864431444
155.20293357779815,0.7450801465208221
155.2329360780065,0.7447571861959728
155.26293857821486,0.744434505822821
155.2929410784232,0.7441121057552843
155.32294357863154,0.7437899863469735
155.3529460788399,0.7434681479511898
155.38294857904825,0.7431465909209278
155.4129510792566,0.7428253156088731
155.44295357946496,0.7425043223674022
155.4729560796733,0.7421836115485818
155.50295857988166,0.7418631835041697
155.53296108009002,0.7415430385856129
155.56296358029834,0.7412231771440487
155.5929660805067,0.7409035995303018
155.62296858071505,0.7405843060948871
155.6529710809234,0.7402652971880075
155.68297358113176,0.7399465731595536
155.71297608134012,0.739628134359104
155.74297858154847,0.7393099811359234
155.77298108175683,0.7389921138389643
155.80298358196515,0.7386745328168657
155.8329860821735,0.7383572384179518
155.86298858238186,0.7380402309902323
155.8929910825902,0.7377235108814033
155.92299358279857,0.7374070784388451
155.95299608300692,0.7370909340096224
155.98299858321528,0.736775077940484
156.01300108342363,0.7364595105778627
156.04300358363196,0.7361442322678746
156.0730060838403,0.7358292433563183
156.10300858404867,0.7355145441886759
156.13301108425702,0.7352001351101103
156.16301358446538,0.7348860164654678
156.19301608467373,0.7345721885992751
156.22301858488208,0.7342586518557406
156.2530210850904,0.733945406578753
156.28302358529876,0.7336324531118809
156.31302608550712,0.7333197917983738
156.34302858571547,0.7330074229811605
156.37303108592383,0.7326953470028483
156.40303358613218,0.7323835642057241
156.43303608634054,0.7320720749317531
156.4630385865489,0.7317608795225782
156.49304108675722,0.7314499783195207
156.52304358696557,0.7311393716635779
156.55304608717393,0.7308290598954252
156.58304858738228,0.7305190433554143
156.61305108759063,0.7302093223835733
156.643053587799,0.7298998973196053
156.67305608800734,0.7295907685028895
156.7030585882157,0.7292819362724803
156.73306108842402,0.7289734009671068
156.76306358863238,0.7286651629251715
156.79306608884073,0.7283572224847517
156.8230685890491,0.7280495799835983
156.85307108925744,0.7277422357591354
156.8830735894658,0.7274351901484599
156.91307608967415,0.7271284434883405
156.94307858988248,0.7268219961152194
156.97308109009083,0.7265158483652089
157.00308359029918,0.7262100005740941
157.03308609050754,0.7259044530773302
157.0630885907159,0.7255992062100434
157.09309109092425,0.7252942603070303
157.1230935911326,0.7249896157027569
157.15309609134096,0.7246852727313595
157.18309859154928,0.7243812317266429
157.21310109175764,0.7240774930220806
157.243103591966,0.7237740569508151
157.27310609217434,0.7234709238456569
157.3031085923827,0.7231680940390839
157.33311109259105,0.7228655678632412
157.3631135927994,0.7225633456499414
157.39311609300776,0.7222614277306635
157.4231185932161,0.7219598144365531
157.45312109342444,0.7216585060984204
157.4831235936328,0.7213575030467423
157.51312609384115,0.7210568056116609
157.5431285940495,0.7207564141229827
157.57313109425786,0.7204563289101784
157.60313359446621,0.7201565503023835
157.63313609467457,0.7198570786283962
157.6631385948829,0.7195579142166798
157.69314109509125,0.7192590573953581
157.7231435952996,0.7189605084922195
157.75314609550796,0.7186622678347139
157.7831485957163,0.7183643357499534
157.81315109592467,0.7180667125647118
157.84315359613302,0.7177693986054232
157.87315609634135,0.7174723941981838
157.9031585965497,0.7171756996687488
157.93316109675806,0.7168793153425354
157.9631635969664,0.7165832415446186
157.99316609717476,0.7162874785997342
158.02316859738312,0.7159920268322765
158.05317109759147,0.7156968865662987
158.08317359779983,0.7154020581255123
158.11317609800815,0.7151075418332866
158.1431785982165,0.7148133380126485
158.17318109842486,0.7145194469862824
158.20318359863322,0.71422586907653
158.23318609884157,0.7139326046053885
158.26318859904993,0.7136396538945123
158.29319109925828,0.7133470172652113
158.32319359946663,0.7130546950384511
158.35319609967496,0.7127626875348523
158.38319859988331,0.7124709950746897
158.41320110009167,0.7121796179778935
158.44320360030002,0.7118885565640479
158.47320610050838,0.7115978111523908
158.50320860071673,0.7113073820618127
158.5332111009251,0.7110172696108581
158.56321360113344,0.710727474117724
158.59321610134177,0.71043799590026
158.62321860155012,0.7101488352759666
158.65322110175848,0.709859992561997
158.68322360196683,0.7095714680751557
158.71322610217518,0.7092832621318979
158.74322860238354,0.7089953750483291
158.7732311025919,0.7087078071402056
158.80323360280022,0.7084205587229337
158.83323610300857,0.7081336301115686
158.86323860321693,0.7078470216208155
158.89324110342528,0.7075607335650278
158.92324360363364,0.7072747662582077
158.953246103842,0.7069891200140062
158.98324860405035,0.7067037951457216
159.0132511042587,0.7064187919662992
159.04325360446703,0.7061341107883327
159.07325610467538,0.7058497519240613
159.10325860488373,0.7055657156853719
159.1332611050921,0.7052820023837966
159.16326360530044,0.7049986123305138
159.1932661055088,0.7047155458363472
159.22326860571715,0.7044328032117657
159.2532711059255,0.7041503847668833
159.28327360613383,0.7038682908114577
159.3132761063422,0.7035865216548909
159.34327860655054,0.703305077606229
159.3732811067589,0.7030239589741616
159.40328360696725,0.7027431660670209
159.4332861071756,0.702462699192782
159.46328860738396,0.7021825586590625
159.49329110759228,0.7019027447731228
159.52329360780064,0.7016232578418631
159.553296108009,0.7013440981718266
159.58329860821735,0.7010652660691974
159.6133011084257,0.7007867618397998
159.64330360863406,0.7005085857890991
159.6733061088424,0.7002307382221999
159.70330860905077,0.699953219443847
159.7333111092591,0.6996760297584248
159.76331360946745,0.6993991694699562
159.7933161096758,0.6991226388821028
159.82331860988415,0.6988464382981652
159.8533211100925,0.6985705680210814
159.88332361030086,0.6982950283534277
159.91332611050922,0.6980198195974177
159.94332861071757,0.6977449420549011
159.9733311109259,0.697470396027366
160.00333361113425,0.6971961818159351
160.0333361113426,0.6969222997213689
160.06333861155096,0.6966487500440618
160.09334111175932,0.6963755330840451
160.12334361196767,0.6961026491409846
160.15334611217602,0.695830098514181
160.18334861238438,0.6955578815025691
160.2133511125927,0.6952859984047184
160.24335361280106,0.695014449518831
160.2733561130094,0.6947432351427436
160.30335861321777,0.6944723555739258
160.33336111342612,0.6942018111094794
160.36336361363448,0.6939316020461392
160.39336611384283,0.693661728680272
160.42336861405116,0.6933921913078767
160.4533711142595,0.6931229902245826
160.48337361446787,0.6928541257256511
160.51337611467622,0.6925855981059745
160.54337861488457,0.6923174076600753
160.57338111509293,0.6920495546821064
160.60338361530128,0.6917820394658498
160.63338611550964,0.6915148623047181
160.66338861571796,0.6912480234917528
160.69339111592632,0.6909815233196239
160.72339361613467,0.6907153620806301
160.75339611634303,0.6904495400666986
160.78339861655138,0.6901840575693845
160.81340111675974,0.6899189148798703
160.8434036169681,0.6896541122889663
160.87340611717644,0.6893896500871088
160.90340861738477,0.689125528564362
160.93341111759312,0.6888617480104154
160.96341361780148,0.6885983087145853
160.99341611800983,0.6883352109658127
161.0234186182182,0.6880724550526652
161.05342111842654,0.6878100412633347
161.0834236186349,0.6875479698856384
161.11342611884322,0.6872862412070171
161.14342861905158,0.6870248555145364
161.17343111925993,0.6867638130948854
161.20343361946829,0.6865031142343772
161.23343611967664,0.6862427592189477
161.263438619885,0.6859827483341552
161.29344112009335,0.6857230818651815
161.3234436203017,0.68546376009683
161.35344612051003,0.6852047833135266
161.38344862071838,0.6849461517993178
161.41345112092674,0.6846878658378723
161.4434536211351,0.6844299257124797
161.47345612134345,0.6841723317060502
161.5034586215518,0.6839150841011138
161.53346112176015,0.6836581831798214
161.5634636219685,0.6834016292239433
161.59346612217684,0.6831454225148694
161.6234686223852,0.6828895633336085
161.65347112259354,0.6826340519607881
161.6834736228019,0.6823788886766546
161.71347612301025,0.6821240737610725
161.7434786232186,0.6818696074935245
161.77348112342696,0.68161549015311
161.80348362363532,0.6813617220185466
161.83348612384364,0.6811083033681686
161.863488624052,0.680855234479927
161.89349112426035,0.6806025156313886
161.9234936244687,0.6803501470997373
161.95349612467706,0.680098129161772
161.9834986248854,0.6798464620939075
162.01350112509377,0.6795951461721739
162.0435036253021,0.6793441816722154
162.07350612551045,0.6790935688692913
162.1035086257188,0.6788433080382751
162.13351112592716,0.6785933994536544
162.1635136261355,0.67834384338953
162.19351612634387,0.6780946401196164
162.22351862655222,0.6778457899172412
162.25352112676057,0.6775972930553448
162.2835236269689,0.6773491498064801
162.31352612717725,0.6771013604428111
162.3435286273856,0.676853925236115
162.37353112759396,0.67660684445778
162.40353362780232,0.6763601183788059
162.43353612801067,0.676113747269803
162.46353862821903,0.6758677314009923
162.49354112842738,0.6756220710422056
162.5235436286357,0.6753767664628848
162.55354612884406,0.6751318179320804
162.58354862905242,0.6748872257184539
162.61355112926077,0.6746429900902753
162.64355362946912,0.6743991113154233
162.67355612967748,0.6741555896613859
162.70355862988583,0.6739124253952585
162.7335611300942,0.6736696187837452
162.7635636303025,0.6734271700931579
162.79356613051087,0.6731850795894153
162.82356863071922,0.6729433475380433
162.85357113092758,0.6727019742041753
162.88357363113593,0.6724609598525508
162.91357613134429,0.6722203047475157
162.94357863155264,0.6719800091530219
162.97358113176097,0.6717400733326269
163.00358363196932,0.6715004975494931
163.03358613217767,0.671261282066389
163.06358863238603,0.6710224271456875
163.09359113259438,0.6707839330493655
163.12359363280274,0.670545800039005
163.1535961330111,0.6703080283757915
163.18359863321945,0.6700706183205143
163.21360113342777,0.6698335701335663
163.24360363363613,0.6695968840749423
163.27360613384448,0.6693605604042416
163.30360863405284,0.6691245993806652
163.3336111342612,0.6688890012630164
163.36361363446954,0.6686537663097003
163.3936161346779,0.668418894778724
163.42361863488625,0.6681843869276958
163.45362113509458,0.6679502430138258
163.48362363530293,0.6677164632939232
163.5136261355113,0.6674830480243994
163.54362863571964,0.6672499974612657
163.573631135928,0.6670173118601329
163.60363363613635,0.6667849914762123
163.6336361363447,0.6665530365643135
163.66363863655303,0.6663214473788466
163.69364113676139,0.6660902241738192
163.72364363696974,0.6658593672028387
163.7536461371781,0.6656288767191099
163.78364863738645,0.665398752975436
163.8136511375948,0.6651689962242182
163.84365363780316,0.6649396067174549
163.8736561380115,0.6647105847067419
163.90365863821984,0.6644819304432716
163.9336611384282,0.6642536441778331
163.96366363863655,0.664025726160812
163.9936661388449,0.6637981766421903
164.02366863905326,0.6635709958715454
164.0536711392616,0.6633441840980503
164.08367363946996,0.6631177415704734
164.11367613967832,0.6628916685371784
164.14367863988664,0.6626659652461231
164.173681140095,0.66244063194486
164.20368364030335,0.6622156688805361
164.2336861405117,0.661991076299892
164.26368864072006,0.6617668544492623
164.29369114092842,0.6615430035745744
164.32369364113677,0.6613195239213494
164.35369614134513,0.6610964157347008
164.38369864155345,0.6608736792593353
164.4137011417618,0.6606513147395507
164.44370364197016,0.6604293224192381
164.47370614217851,0.6602077025418798
164.50370864238687,0.6599864553505499
164.53371114259522,0.6597655810879131
164.56371364280358,0.6595450799962256
164.5937161430119,0.6593249523173346
164.62371864322026,0.6591051982926768
164.6537211434286,0.6588858181632798
164.68372364363697,0.658666812169761
164.71372614384532,0.658448180552327
164.74372864405368,0.6582299235507746
164.77373114426203,0.6580120414044892
164.80373364447038,0.6577945343524448
164.8337361446787,0.6575774026332047
164.86373864488706,0.6573606464849198
164.89374114509542,0.6571442661453297
164.92374364530377,0.6569282618517611
164.95374614551213,0.6567126338411291
164.98374864572048,0.6564973823499355
165.01375114592884,0.6562825076142693
165.0437536461372,0.6560680098698065
165.07375614634552,0.6558538893518091
165.10375864655387,0.6556401462951256
165.13376114676223,0.6554267809341907
165.16376364697058,0.6552137935030248
165.19376614717893,0.6550011842352332
165.2237686473873,0.6547889533640074
165.25377114759564,0.6545771011221231
165.28377364780397,0.6543656277419414
165.31377614801232,0.6541545334554068
165.34377864822068,0.6539438184940488
165.37378114842903,0.6537334830889809
165.4037836486374,0.6535235274709001
165.43378614884574,0.6533139518700871
165.4637886490541,0.653104756516405
165.49379114926245,0.6528959416393008
165.52379364947078,0.6526875074678037
165.55379614967913,0.6524794542305254
165.58379864988748,0.6522717821556596
165.61380115009584,0.6520644914709824
165.6438036503042,0.6518575824038514
165.67380615051255,0.6516510551812054
165.7038086507209,0.6514449100295647
165.73381115092926,0.6512391471750303
165.76381365113758,0.6510337668432844
165.79381615134594,0.6508287692595885
165.8238186515543,0.6506241546487859
165.85382115176265,0.6504199232352983
165.883823651971,0.6502160752431281
165.91382615217935,0.650012610895857
165.9438286523877,0.6498095304166456
165.97383115259606,0.649606834028234
166.0038336528044,0.6494045219529405
166.03383615301274,0.6492025944126618
166.0638386532211,0.6490010516288733
166.09384115342945,0.6487998938226286
166.1238436536378,0.6485991212145581
166.15384615384616,0.6483987340248705
166.18384865405451,0.6481987324733516
166.21385115426284,0.6479991167793645
166.2438536544712,0.6477998871618481
166.27385615467955,0.6476010438393188
166.3038586548879,0.6474025870298692
166.33386115509626,0.6472045169511675
166.3638636553046,0.6470068338204584
166.39386615551297,0.6468095378545616
166.42386865572132,0.6466126292698724
166.45387115592965,0.6464161082823614
166.483873656138,0.6462199751075737
166.51387615634636,0.6460242299606289
166.5438786565547,0.6458288730562218
166.57388115676306,0.6456339046086208
166.60388365697142,0.6454393248316683
166.63388615717977,0.6452451339387806
166.66388865738813,0.6450513321429471
166.69389115759645,0.6448579196567308
166.7238936578048,0.6446648966922675
166.75389615801316,0.6444722634612658
166.78389865822152,0.644280020175007
166.81390115842987,0.6440881670443444
166.84390365863823,0.6438967042797035
166.87390615884658,0.6437056320910821
166.9039086590549,0.6435149506880489
166.93391115926326,0.6433246602797441
166.96391365947161,0.6431347610748797
166.99391615967997,0.6429452532817377
167.02391865988832,0.6427561371081718
167.05392116009668,0.6425674127616052
167.08392366030503,0.6423790804490319
167.1139261605134,0.642191140377016
167.1439286607217,0.6420035927516912
167.17393116093007,0.6418164377787603
167.20393366113842,0.6416296756634963
167.23393616134678,0.6414433066107406
167.26393866155513,0.6412573308249041
167.29394116176348,0.641071748509966
167.32394366197184,0.6408865598694735
167.3539461621802,0.6407017651065432
167.38394866238852,0.6405173644238586
167.41395116259687,0.6403333580236716
167.44395366280523,0.6401497461078012
167.47395616301358,0.6399665288776337
167.50395866322194,0.6397837065341233
167.5339611634303,0.6396012792777903
167.56396366363865,0.6394192473087219
167.593966163847,0.6392376108265716
167.62396866405533,0.6390563700305596
167.65397116426368,0.6388755251194715
167.68397366447203,0.638695076291659
167.7139761646804,0.6385150237450394
167.74397866488874,0.6383353676770954
167.7739811650971,0.6381561082848746
167.80398366530545,0.6379772457649899
167.83398616551378,0.6377987803136185
167.86398866572213,0.6376207121265021
167.8939911659305,0.6374430413989471
167.92399366613884,0.6372657683258238
167.9539961663472,0.637088893101566
167.98399866655555,0.6369124159201716
168.0140011667639,0.6367363369752015
168.04400366697226,0.6365606564597802
168.07400616718058,0.6363853745665953
168.10400866738894,0.6362104914878963
168.1340111675973,0.6360360074154965
168.16401366780565,0.6358619225407706
168.194016168014,0.635688237054656
168.22401866822236,0.6355149511476519
168.2540211684307,0.6353420650098189
168.28402366863907,0.63516957883078
168.3140261688474,0.6349974927997188
168.34402866905575,0.6348258071053798
168.3740311692641,0.6346545219360692
168.40403366947245,0.6344836374796532
168.4340361696808,0.6343131539235591
168.46403866988916,0.6341430714547742
168.49404117009752,0.6339733902598454
168.52404367030587,0.6338041105248804
168.5540461705142,0.6336352324355461
168.58404867072255,0.6334667561770688
168.6140511709309,0.6332986819342342
168.64405367113926,0.6331310098913868
168.67405617134762,0.6329637402324306
168.70405867155597,0.6327968731408276
168.73406117176432,0.6326304087995986
168.76406367197265,0.6324643473913227
168.794066172181,0.6322986890981368
168.82406867238936,0.6321334341017358
168.8540711725977,0.6319685825833725
168.88407367280607,0.6318041347238567
168.91407617301442,0.6316400907035555
168.94407867322278,0.6314764507023938
168.97408117343113,0.6313132148998525
169.00408367363946,0.6311503834749699
169.0340861738478,0.6309879566063397
169.06408867405617,0.630825934472113
169.09409117426452,0.6306643172499964
169.12409367447287,0.6305031051172529
169.15409617468123,0.6303422982507003
169.18409867488958,0.6301818968267129
169.21410117509794,0.6300219010212196
169.24410367530626,0.6298623110097049
169.27410617551462,0.6297031269672075
169.30410867572297,0.6295443490683218
169.33411117593133,0.6293859774871959
169.36411367613968,0.6292280123975331
169.39411617634804,0.62907045397259
169.4241186765564,0.6289133023851774
169.45412117676472,0.6287565578076604
169.48412367697307,0.628600220411957
169.51412617718142,0.6284442903695391
169.54412867738978,0.6282887678514314
169.57413117759813,0.628133653028212
169.6041336778065,0.6279789460700116
169.63413617801484,0.6278246471465136
169.6641386782232,0.6276707564269541
169.69414117843152,0.6275172740801211
169.72414367863988,0.6273642002743548
169.75414617884823,0.6272115351775475
169.78414867905659,0.6270592789571432
169.81415117926494,0.6269074317801371
169.8441536794733,0.626755993813076
169.87415617968165,0.626604965222058
169.90415867989,0.6264543461727323
169.93416118009833,0.6263041368302985
169.96416368030668,0.6261543373595069
169.99416618051504,0.6260049479246583
170.0241686807234,0.6258559686896041
170.05417118093175,0.6257073998177454
170.0841736811401,0.6255592414720335
170.11417618134845,0.6254114938149689
170.1441786815568,0.6252641570086024
170.17418118176514,0.6251172312145338
170.2041836819735,0.6249707165939118
170.23418618218184,0.6248246133074346
170.2641886823902,0.624678921515349
170.29419118259855,0.6245336413774509
170.3241936828069,0.6243887730530838
170.35419618301526,0.6242443167011404
170.3841986832236,0.6241002724800613
170.41420118343194,0.6239566405478347
170.4442036836403,0.623813421061997
170.47420618384865,0.623670614179632
170.504208684057,0.6235282200573711
170.53421118426536,0.6233862388513931
170.5642136844737,0.6232446707174237
170.59421618468207,0.6231035158107356
170.6242186848904,0.6229627742861482
170.65422118509875,0.6228224462980274
170.6842236853071,0.6226825320002862
170.71422618551546,0.6225430315463827
170.7442286857238,0.6224039450893222
170.77423118593217,0.6222652727816553
170.80423368614052,0.6221270147754787
170.83423618634887,0.6219891712224345
170.8642386865572,0.6218517422737102
170.89424118676556,0.6217147280800384
170.9242436869739,0.6215781287916973
170.95424618718226,0.6214419445585097
170.98424868739062,0.621306175529843
171.01425118759897,0.6211708218546095
171.04425368780733,0.6210358836812659
171.07425618801565,0.6209013611578136
171.104258688224,0.6207672544317966
171.13426118843236,0.6206335636503045
171.16426368864072,0.6205002889599701
171.19426618884907,0.6203674305069695
171.22426868905742,0.6202349884370231
171.25427118926578,0.6201029628953936
171.28427368947413,0.6199713540268873
171.31427618968246,0.6198401619758539
171.3442786898908,0.6197093868861854
171.37428119009917,0.6195790289013163
171.40428369030752,0.6194490881642243
171.43428619051588,0.619319564817429
171.46428869072423,0.6191904590029923
171.49429119093259,0.6190617708625182
171.52429369114094,0.6189335005371526
171.55429619134927,0.618805648167583
171.58429869155762,0.6186782138940384
171.61430119176597,0.6185511978562898
171.64430369197433,0.6184246001936486
171.67430619218268,0.6182984210449682
171.70430869239104,0.6181726605486424
171.7343111925994,0.6180473188426059
171.76431369280775,0.6179223960643345
171.79431619301607,0.6177978923508438
171.82431869322443,0.6176738078386903
171.85432119343278,0.6175501426639706
171.88432369364114,0.6174268969623213
171.9143261938495,0.617304070868919
171.94432869405784,0.6171816645184798
171.9743311942662,0.6170596780452599
172.00433369447452,0.6169381115830548
172.03433619468288,0.6168169652651989
172.06433869489123,0.6166962392245663
172.0943411950996,0.6165759335935701
172.12434369530794,0.616456048504162
172.1543461955163,0.6163365840878328
172.18434869572465,0.6162175404756115
172.214351195933,0.6160989177980658
172.24435369614133,0.6159807161853019
172.2743561963497,0.6158629357669639
172.30435869655804,0.6157455766722337
172.3343611967664,0.6156286390298318
172.36436369697475,0.6155121229680158
172.3943661971831,0.6153960286145814
172.42436869739146,0.615280356096861
172.4543711975998,0.6151651055417253
172.48437369780814,0.6150502770755818
172.5143761980165,0.6149358708243745
172.54437869822485,0.6148218869135853
172.5743811984332,0.614708325468232
172.60438369864156,0.6145951866128696
172.6343861988499,0.6144824704715892
172.66438869905826,0.6143701771680189
172.69439119926662,0.6142583068253222
172.72439369947494,0.6141468595661993
172.7543961996833,0.614035835512886
172.78439869989165,0.6139252347871542
172.8144012001,0.6138150575103114
172.84440370030836,0.6137053038032005
172.87440620051672,0.6135959737862
172.90440870072507,0.6134870675792237
172.9344112009334,0.6133785853017206
172.96441370114175,0.6132705270726746
172.9944162013501,0.6131628930106043
173.02441870155846,0.6130556832335636
173.05442120176681,0.6129488978591409
173.08442370197517,0.6128425370044585
173.11442620218352,0.6127366007861738
173.14442870239188,0.6126310893204783
173.1744312026002,0.6125260027230977
173.20443370280856,0.6124213411092911
173.2344362030169,0.6123171045938522
173.26443870322527,0.6122132932911081
173.29444120343362,0.6121099073149197
173.32444370364198,0.6120069467786812
173.35444620385033,0.6119044117953203
173.38444870405868,0.6118023024772978
173.414451204267,0.6117006189366081
173.44445370447536,0.6115993612847779
173.47445620468372,0.6114985296328673
173.50445870489207,0.611398124091469
173.53446120510043,0.6112981447707082
173.56446370530878,0.6111985917802429
173.59446620551714,0.6110994652292634
173.62446870572546,0.6110007652264922
173.65447120593382,0.6109024918801839
173.68447370614217,0.6108046452981253
173.71447620635053,0.6107072255876351
173.74447870655888,0.6106102328555636
173.77448120676723,0.6105136672082931
173.8044837069756,0.6104175287517374
173.83448620718394,0.6103218175913414
173.86448870739227,0.610226533832082
173.89449120760062,0.6101316775784669
173.92449370780898,0.6100372489345345
173.95449620801733,0.6099432480038549
173.9844987082257,0.609849674889529
174.01450120843404,0.6097565296941881
174.0445037086424,0.6096638125199945
174.07450620885075,0.6095715234686407
174.10450870905908,0.6094796626413501
174.13451120926743,0.6093882301388759
174.16451370947578,0.6092972260615018
174.19451620968414,0.6092066505090418
174.2245187098925,0.6091165035808392
174.25452121010085,0.6090267853757683
174.2845237103092,0.6089374959922318
174.31452621051756,0.6088486355281633
174.34452871072588,0.6087602040810252
174.37453121093424,0.6086722017478097
174.4045337111426,0.608584628625038
174.43453621135095,0.608497484808761
174.4645387115593,0.6084107703945585
174.49454121176765,0.6083244854775391
174.524543711976,0.608238630152341
174.55454621218433,0.6081532045131306
174.5845487123927,0.6080682086536029
174.61455121260104,0.6079836426669822
174.6445537128094,0.6078995066460208
174.67455621301775,0.6078158006829995
174.7045587132261,0.6077325248697274
174.73456121343446,0.607649679297542
174.76456371364281,0.6075672640573087
174.79456621385114,0.6074852792394212
174.8245687140595,0.6074037249338005
174.85457121426785,0.607322601229896
174.8845737144762,0.6072419082166847
174.91457621468456,0.607161645982671
174.9445787148929,0.607081814615887
174.97458121510127,0.607002414203892
175.00458371530962,0.606923444833773
175.03458621551795,0.6068449065921444
175.0645887157263,0.6067667995651467
175.09459121593466,0.6066891238384483
175.124593716143,0.6066118794972444
175.15459621635137,0.6065350666262572
175.18459871655972,0.6064586853097353
175.21460121676807,0.6063827356314542
175.2446037169764,0.6063072176747157
175.27460621718475,0.6062321315223487
175.3046087173931,0.6061574772567078
175.33461121760146,0.6060832549596742
175.36461371780982,0.6060094647126555
175.39461621801817,0.6059361065965851
175.42461871822653,0.6058631806919226
175.45462121843488,0.6057906870786536
175.4846237186432,0.6057186258362894
175.51462621885156,0.6056469970438672
175.54462871905992,0.6055758007799499
175.57463121926827,0.6055050371226258
175.60463371947662,0.6054347061495089
175.63463621968498,0.6053648079377387
175.66463871989333,0.6052953425639799
175.6946412201017,0.6052263101044224
175.72464372031,0.6051577106347815
175.75464622051837,0.6050895442302975
175.78464872072672,0.6050218109657355
175.81465122093508,0.6049545109153858
175.84465372114343,0.6048876441530635
175.87465622135178,0.6048212107521083
175.90465872156014,0.6047552107853849
175.9346612217685,0.6046896443252823
175.96466372197682,0.6046245114437142
175.99466622218517,0.6045598122121186
176.02466872239353,0.6044955467014581
176.05467122260188,0.6044317149822194
176.08467372281024,0.6043683171244134
176.1146762230186,0.6043053531975753
176.14467872322695,0.6042428232707643
176.17468122343527,0.6041807274125635
176.20468372364363,0.6041190656910801
176.23468622385198,0.6040578381739448
176.26468872406033,0.6039970449283123
176.2946912242687,0.6039366860208611
176.32469372447704,0.6038767615177931
176.3546962246854,0.603817271484834
176.38469872489375,0.6037582159872324
176.41470122510208,0.603699595089761
176.44470372531043,0.6036414088567155
176.4747062255188,0.6035836573519147
176.50470872572714,0.6035263406387008
176.5347112259355,0.6034694587799392
176.56471372614385,0.6034130118380182
176.5947162263522,0.6033569998748491
176.62471872656056,0.6033014229518661
176.65472122676888,0.6032462811300263
176.68472372697724,0.6031915744698094
176.7147262271856,0.6031373030312182
176.74472872739395,0.6030834668737779
176.7747312276023,0.603030066056536
176.80473372781066,0.602977100638063
176.834736228019,0.6029245706764517
176.86473872822734,0.6028724762293172
176.8947412284357,0.602820817353797
176.92474372864405,0.6027695941065507
176.9547462288524,0.6027188065437603
176.98474872906075,0.60266845472113
177.0147512292691,0.6026185386938858
177.04475372947746,0.602569058516776
177.07475622968582,0.6025200142440705
177.10475872989414,0.6024714059295616
177.1347612301025,0.602423233626563
177.16476373031085,0.6023754973879104
177.1947662305192,0.6023281972659611
177.22476873072756,0.6022813333125943
177.25477123093592,0.6022349055792102
177.28477373114427,0.6021889141167316
177.31477623135262,0.6021433589756018
177.34477873156095,0.602098240205786
177.3747812317693,0.6020535578567706
177.40478373197766,0.6020093119775637
177.434786232186,0.6019655026166942
177.46478873239437,0.6019221298222126
177.49479123260272,0.6018791936416903
177.52479373281108,0.6018366941222199
177.55479623301943,0.6017946313104152
177.58479873322776,0.6017530052524109
177.6148012334361,0.6017118159938628
177.64480373364447,0.6016710635799473
177.67480623385282,0.6016307480553619
177.70480873406117,0.601590869464325
177.73481123426953,0.6015514278505756
177.76481373447788,0.6015124232573733
177.7948162346862,0.6014738557274989
177.82481873489456,0.6014357253032532
177.85482123510292,0.6013980320264579
177.88482373531127,0.6013607759384554
177.91482623551963,0.6013239570801081
177.94482873572798,0.6012875754917992
177.97483123593634,0.6012516312134323
178.0048337361447,0.6012161242844312
178.03483623635302,0.6011810547437402
178.06483873656137,0.6011464226298235
178.09484123676972,0.6011122279806662
178.12484373697808,0.6010784708337729
178.15484623718643,0.6010451512261686
178.1848487373948,0.6010122691943987
178.21485123760314,0.6009798247745279
178.2448537378115,0.6009478180021418
178.27485623801982,0.6009162489123456
178.30485873822818,0.6008851175397643
178.33486123843653,0.600854423918543
178.36486373864489,0.6008241680823467
178.39486623885324,0.60079435006436
178.4248687390616,0.6007649698972877
178.45487123926995,0.600736027613354
178.4848737394783,0.6007075232443028
178.51487623968663,0.600679456821398
178.54487873989498,0.6006518283754232
178.57488124010334,0.6006246379366811
178.6048837403117,0.6005978855349944
178.63488624052005,0.6005715711997054
178.6648887407284,0.6005456949596757
178.69489124093676,0.6005202568432866
178.72489374114508,0.6004952568784385
178.75489624135344,0.6004706950925519
178.7848987415618,0.600446571512566
178.81490124177014,0.6004228861649399
178.8449037419785,0.6003996390756515
178.87490624218685,0.6003768302701986
178.9049087423952,0.6003544597735979
178.93491124260356,0.6003325276103855
178.9649137428119,0.6003110338046169
178.99491624302024,0.6002899783798663
179.0249187432286,0.6002693613592276
179.05492124343695,0.6002491827653136
179.0849237436453,0.6002294426202563
179.11492624385366,0.6002101409457068
179.144928744062,0.6001912777628353
179.17493124427037,0.6001728530923311
179.2049337444787,0.6001548669544023
179.23493624468705,0.6001373193687765
179.2649387448954,0.6001202103546996
179.29494124510376,0.6001035399309371
179.3249437453121,0.6000873081157732
179.35494624552047,0.6000715149270108
179.38494874572882,0.6000561603819724
179.41495124593715,0.6000412444974986
179.4449537461455,0.6000267672899493
179.47495624635386,0.6000127287752033
179.5049587465622,0.5999991289686579
179.53496124677056,0.5999859678852297
179.56496374697892,0.5999732455393536
179.59496624718727,0.5999609619449837
179.62496874739563,0.5999491171155926
179.65497124760395,0.599937711064172
179.6849737478123,0.5999267438032319
179.71497624802066,0.5999162153448012
179.74497874822902,0.5999061257004277
179.77498124843737,0.5998964748811778
179.80498374864572,0.5998872628976365
179.83498624885408,0.5998784897599077
179.86498874906243,0.5998701554776136
179.89499124927076,0.5998622600598953
179.9249937494791,0.5998548035154126
179.95499624968747,0.5998477858523441
179.98499874989582,0.5998412070783865
180.01500125010418,0.5998350672007555
180.04500375031253,0.5998293662261855
180.0750062505209,0.5998241041609292
180.10500875072924,0.5998192810107582
180.13501125093757,0.5998148967809624
180.16501375114592,0.5998109514763506
180.19501625135428,0.5998074451012498
180.22501875156263,0.5998043776595061
180.25502125177098,0.5998017491544838
180.28502375197934,0.5997995595890657
180.3150262521877,0.5997978089656535
180.34502875239602,0.5997964972861671
180.37503125260437,0.5997956245520455
180.40503375281273,0.5997951907642456
180.43503625302108,0.5997951959232433
180.46503875322944,0.599795640029033
180.4950412534378,0.5997965230811273
180.52504375364614,0.5997978450785582
180.5550462538545,0.5997996060198751
180.58504875406283,0.5998018059031471
180.61505125427118,0.5998044447259612
180.64505375447953,0.5998075224854231
180.6750562546879,0.599811039178157
180.70505875489624,0.599814994800306
180.7350612551046,0.5998193893475313
180.76506375531295,0.5998242228150131
180.7950662555213,0.59982949519745
180.82506875572963,0.5998352064890591
180.855071255938,0.5998413566835764
180.88507375614634,0.5998479457742563
180.9150762563547,0.5998549737538718
180.94507875656305,0.5998624406147145
180.9750812567714,0.5998703463485948
181.00508375697976,0.5998786909468418
181.03508625718808,0.5998874744003028
181.06508875739644,0.5998966966993442
181.0950912576048,0.599906357833851
181.12509375781315,0.5999164577932267
181.1550962580215,0.5999269965663936
181.18509875822986,0.5999379741417928
181.2151012584382,0.599949390507384
181.24510375864656,0.5999612456506458
181.2751062588549,0.5999735395585752
181.30510875906324,0.5999862722176883
181.3351112592716,0.5999994436140198
181.36511375947995,0.6000130537331232
181.3951162596883,0.6000271025600711
181.42511875989666,0.6000415900794542
181.45512126010502,0.600056516275383
181.48512376031337,0.6000718811314861
181.5151262605217,0.6000876846309113
181.54512876073005,0.6001039267563253
181.5751312609384,0.6001206074899135
181.60513376114676,0.6001377268133805
181.63513626135511,0.6001552847079497
181.66513876156347,0.6001732811543634
181.69514126177182,0.6001917161328832
181.72514376198018,0.6002105896232895
181.7551462621885,0.6002299016048815
181.78514876239686,0.6002496520564782
181.8151512626052,0.6002698409564166
181.84515376281357,0.6002904682825537
181.87515626302192,0.6003115340122654
181.90515876323028,0.6003330381224468
181.93516126343863,0.6003549805895116
181.96516376364696,0.6003773613893937
181.9951662638553,0.6004001804975454
182.02516876406366,0.6004234378889386
182.05517126427202,0.6004471335380647
182.08517376448037,0.600471267418934
182.11517626468873,0.6004958395050763
182.14517876489708,0.6005208497695409
182.17518126510544,0.6005462981848964
182.20518376531376,0.6005721847232308
182.23518626552212,0.6005985093561517
182.26518876573047,0.6006252720547859
182.29519126593883,0.6006524727897801
182.32519376614718,0.6006801115313003
182.35519626635553,0.6007081882490322
182.3851987665639,0.6007367029121811
182.41520126677224,0.600765655489472
182.44520376698057,0.6007950459491496
182.47520626718892,0.6008248742589781
182.50520876739728,0.6008551403862419
182.53521126760563,0.6008858442977447
182.565213767814,0.6009169859598105
182.59521626802234,0.6009485653382827
182.6252187682307,0.6009805823985251
182.65522126843905,0.6010130371054212
182.68522376864738,0.6010459294233744
182.71522626885573,0.6010792593163083
182.74522876906408,0.6011130267476665
182.77523126927244,0.6011472316804125
182.8052337694808,0.6011818740770305
182.83523626968915,0.6012169538995242
182.8652387698975,0.601252471109418
182.89524127010583,0.6012884256677566
182.92524377031418,0.6013248175351045
182.95524627052254,0.6013616466715472
182.9852487707309,0.6013989130366901
183.01525127093925,0.6014366165896594
183.0452537711476,0.6014747572891015
183.07525627135595,0.6015133350931836
183.1052587715643,0.6015523499595933
183.13526127177263,0.6015918018455388
183.165263771981,0.6016316907077492
183.19526627218934,0.6016720165024743
183.2252687723977,0.6017127791854842
183.25527127260605,0.6017539787120703
183.2852737728144,0.6017956150370449
183.31527627302276,0.6018376881147409
183.34527877323112,0.6018801978990124
183.37528127343944,0.6019231443432342
183.4052837736478,0.6019665274003029
183.43528627385615,0.6020103470226352
183.4652887740645,0.6020546031621699
183.49529127427286,0.6020992957703664
183.5252937744812,0.6021444247982056
183.55529627468957,0.6021899901961899
183.5852987748979,0.6022359919143427
183.61530127510625,0.6022824299022094
183.6453037753146,0.6023293041088562
183.67530627552296,0.6023766144828715
183.7053087757313,0.6024243609723647
183.73531127593967,0.6024725435249676
183.76531377614802,0.602521162087833
183.79531627635637,0.6025702166076361
183.8253187765647,0.6026197070305732
183.85532127677305,0.6026696333023633
183.8853237769814,0.6027199953682468
183.91532627718976,0.6027707931729865
183.94532877739812,0.602822026660867
183.97533127760647,0.602873695775695
184.00533377781483,0.6029258004607998
184.03533627802318,0.6029783406590326
184.0653387782315,0.6030313163127667
184.09534127843986,0.6030847273638986
184.12534377864822,0.6031385737538466
184.15534627885657,0.6031928554235515
184.18534877906492,0.6032475723134771
184.21535127927328,0.6033027243636098
184.24535377948163,0.6033583115134579
184.27535627969,0.6034143337020537
184.3053587798983,0.6034707908679514
184.33536128010667,0.6035276829492289
184.36536378031502,0.6035850098834861
184.39536628052338,0.603642771607847
184.42536878073173,0.603700968058958
184.45537128094008,0.6037595991729889
184.48537378114844,0.6038186648856328
184.51537628135677,0.6038781651321061
184.54537878156512,0.6039380998471486
184.57538128177347,0.6039984689650238
184.60538378198183,0.6040592724195184
184.63538628219018,0.6041205101439426
184.66538878239854,0.6041821820711307
184.6953912826069,0.6042442881334407
184.72539378281525,0.6043068282627543
184.75539628302357,0.6043698023904769
184.78539878323193,0.6044332104475385
184.81540128344028,0.6044970523643927
184.84540378364863,0.6045613280710171
184.875406283857,0.6046260374969141
184.90540878406534,0.6046911805711097
184.9354112842737,0.6047567572221549
184.96541378448205,0.6048227673781249
184.99541628469038,0.6048892109666191
185.02541878489873,0.6049560879147622
185.0554212851071,0.6050233981492028
185.08542378531544,0.605091141596115
185.1154262855238,0.6051593181811973
185.14542878573215,0.6052279278296733
185.1754312859405,0.6052969704662914
185.20543378614883,0.6053664460153253
185.23543628635719,0.6054363544005741
185.26543878656554,0.6055066955453616
185.2954412867739,0.6055774693725375
185.32544378698225,0.6056486758044766
185.3554462871906,0.6057203147630791
185.38544878739896,0.6057923861697713
185.4154512876073,0.6058648899455047
185.44545378781564,0.6059378260107567
185.475456288024,0.6060111942855309
185.50545878823235,0.6060849946893565
185.5354612884407,0.6061592271412887
185.56546378864905,0.6062338915599089
185.5954662888574,0.606308987863325
185.62546878906576,0.6063845159691708
185.65547128927412,0.6064604757946066
185.68547378948244,0.6065368672563193
185.7154762896908,0.6066136902705225
185.74547878989915,0.6066909447529562
185.7754812901075,0.6067686306188873
185.80548379031586,0.6068467477831093
185.83548629052422,0.6069252961599432
185.86548879073257,0.6070042756632363
185.89549129094092,0.607083686206364
185.92549379114925,0.607163527702228
185.9554962913576,0.6072438000632578
185.98549879156596,0.6073245032014103
186.0155012917743,0.6074056370281697
186.04550379198267,0.6074872014545483
186.07550629219102,0.6075691963910854
186.10550879239938,0.6076516217478489
186.1355112926077,0.6077344774344338
186.16551379281606,0.607817763359964
186.1955162930244,0.6079014794330907
186.22551879323277,0.6079856255619938
186.25552129344112,0.6080702016543813
186.28552379364947,0.6081552076174896
186.31552629385783,0.608240643358084
186.34552879406618,0.6083265087824579
186.3755312942745,0.6084128037964336
186.40553379448286,0.6084995283053625
186.43553629469122,0.6085866822141245
186.46553879489957,0.6086742654271287
186.49554129510793,0.6087622778483135
186.52554379531628,0.6088507193811462
186.55554629552464,0.6089395899286238
186.585548795733,0.6090288893932727
186.61555129594132,0.6091186176771484
186.64555379614967,0.6092087746818367
186.67555629635802,0.6092993603084531
186.70555879656638,0.6093903744576423
186.73556129677473,0.6094818170295799
186.7655637969831,0.609573687923971
186.79556629719144,0.6096659870400514
186.8255687973998,0.6097587142765865
186.85557129760812,0.6098518695318725
186.88557379781648,0.6099454527037368
186.91557629802483,0.6100394636895365
186.94557879823319,0.6101339023861598
186.97558129844154,0.6102287686900261
187.0055837986499,0.610324062497085
187.03558629885825,0.6104197837028182
187.06558879906657,0.6105159322022382
187.09559129927493,0.6106125078898885
187.12559379948328,0.6107095106598446
187.15559629969164,0.6108069404057132
187.1855987999,0.6109047970206328
187.21560130010835,0.6110030803972739
187.2456038003167,0.6111017904278386
187.27560630052506,0.6112009270040614
187.30560880073338,0.6113004900172085
187.33561130094174,0.6114004793580788
187.3656138011501,0.6115008949170035
187.39561630135844,0.6116017365838462
187.4256188015668,0.6117030042480033
187.45562130177515,0.6118046977984037
187.4856238019835,0.6119068171235096
187.51562630219186,0.6120093621113158
187.5456288024002,0.6121123326493503
187.57563130260854,0.6122157286246748
187.6056338028169,0.6123195499238836
187.63563630302525,0.6124237964331054
187.6656388032336,0.6125284680380018
187.69564130344196,0.6126335646237684
187.7256438036503,0.6127390860751348
187.75564630385864,0.6128450322763646
187.785648804067,0.612951403111255
187.81565130427535,0.6130581984631382
187.8456538044837,0.6131654182148807
187.87565630469206,0.6132730622488831
187.9056588049004,0.6133811304470806
187.93566130510877,0.6134896226909438
187.96566380531712,0.6135985388614775
187.99566630552545,0.6137078788392221
188.0256688057338,0.6138176425042527
188.05567130594216,0.6139278297361801
188.0856738061505,0.6140384404141503
188.11567630635886,0.614149474416845
188.14567880656722,0.6142609316224813
188.17568130677557,0.6143728119088125
188.20568380698393,0.6144851151531275
188.23568630719225,0.6145978412322517
188.2656888074006,0.6147109900225465
188.29569130760896,0.6148245613999097
188.32569380781732,0.6149385552397754
188.35569630802567,0.6150529714171147
188.38569880823403,0.6151678098064355
188.41570130844238,0.6152830702817822
188.44570380865073,0.6153987527167365
188.47570630885906,0.6155148569844171
188.50570880906741,0.6156313829574807
188.53571130927577,0.6157483305081206
188.56571380948412,0.6158656995080682
188.59571630969248,0.6159834898285926
188.62571880990083,0.6161017013405007
188.6557213101092,0.6162203339141374
188.6857238103175,0.6163393874193859
188.71572631052587,0.6164588617256677
188.74572881073422,0.6165787567019428
188.77573131094258,0.6166990722167097
188.80573381115093,0.6168198081380056
188.83573631135928,0.6169409643334068
188.86573881156764,0.6170625406700283
188.895741311776,0.6171845370145249
188.92574381198432,0.61730695323309
188.95574631219267,0.6174297891914571
188.98574881240103,0.6175530447548988
189.01575131260938,0.6176767197882279
189.04575381281774,0.617800814155797
189.0757563130261,0.6179253277214987
189.10575881323444,0.6180502603487656
189.1357613134428,0.6181756119005712
189.16576381365113,0.6183013822394292
189.19576631385948,0.6184275712273939
189.22576881406783,0.6185541787260607
189.2557713142762,0.6186812045965656
189.28577381448454,0.6188086486995861
189.3157763146929,0.6189365108953409
189.34577881490125,0.6190647910435898
189.37578131510958,0.6191934890036344
189.40578381531793,0.6193226046343184
189.4357863155263,0.619452137794027
189.46578881573464,0.6195820883406875
189.495791315943,0.6197124561317692
189.52579381615135,0.6198432410242842
189.5557963163597,0.6199744428747872
189.58579881656806,0.6201060615393748
189.61580131677638,0.6202380968736871
189.64580381698474,0.6203705487329072
189.6758063171931,0.620503416971761
189.70580881740145,0.6206367014445181
189.7358113176098,0.6207704020049911
189.76581381781816,0.6209045185065367
189.7958163180265,0.6210390508020552
189.82581881823486,0.6211739987439908
189.8558213184432,0.6213093621843317
189.88582381865155,0.6214451409746108
189.9158263188599,0.6215813349659052
189.94582881906825,0.6217179440088365
189.9758313192766,0.621854967953571
190.00583381948496,0.6219924066498204
190.03583631969332,0.6221302599468408
190.06583881990167,0.6222685276934345
190.09584132011,0.6224072097379482
190.12584382031835,0.622546305928275
190.1558463205267,0.6226858161118531
190.18584882073506,0.6228257401356674
190.21585132094341,0.6229660778462484
190.24585382115177,0.6231068290896726
190.27585632136012,0.6232479937115636
190.30585882156845,0.623389571557091
190.3358613217768,0.6235315624709717
190.36586382198516,0.6236739662974693
190.3958663221935,0.6238167828803944
190.42586882240187,0.623960012063105
190.45587132261022,0.6241036536885067
190.48587382281858,0.6242477075990525
190.51587632302693,0.6243921736367433
190.54587882323526,0.6245370516431277
190.5758813234436,0.624682341459303
190.60588382365196,0.6248280429259148
190.63588632386032,0.6249741558831565
190.66588882406867,0.6251206801707707
190.69589132427703,0.6252676156280489
190.72589382448538,0.6254149620938314
190.75589632469374,0.625562719406508
190.78589882490206,0.6257108874040174
190.81590132511042,0.6258594659238481
190.84590382531877,0.6260084548030387
190.87590632552713,0.6261578538781774
190.90590882573548,0.6263076629854021
190.93591132594383,0.6264578819604016
190.9659138261522,0.6266085106384149
190.99591632636051,0.6267595488542316
191.02591882656887,0.6269109964421923
191.05592132677722,0.6270628532361884
191.08592382698558,0.6272151190696624
191.11592632719393,0.6273677937756086
191.1459288274023,0.6275208771865722
191.17593132761064,0.6276743691346509
191.205933827819,0.6278282694514936
191.23593632802732,0.6279825779683015
191.26593882823568,0.6281372945158286
191.29594132844403,0.6282924189243807
191.32594382865238,0.6284479510238166
191.35594632886074,0.6286038906435476
191.3859488290691,0.6287602376125386
191.41595132927745,0.6289169917593074
191.4459538294858,0.6290741529119248
191.47595632969413,0.6292317208980158
191.50595882990248,0.6293896955447593
191.53596133011084,0.6295480766788877
191.5659638303192,0.6297068641266875
191.59596633052755,0.629866057714
191.6259688307359,0.6300256572662204
191.65597133094425,0.6301856626082997
191.6859738311526,0.6303460735647426
191.71597633136093,0.6305068899596098
191.7459788315693,0.6306681116165169
191.77598133177764,0.6308297383586352
191.805983831986,0.6309917700086917
191.83598633219435,0.631154206388969
191.8659888324027,0.6313170473213059
191.89599133261106,0.6314802926270979
191.9259938328194,0.6316439421272964
191.95599633302774,0.6318079956424101
191.9859988332361,0.6319724529925039
192.01600133344445,0.6321373139972002
192.0460038336528,0.6323025784756786
192.07600633386116,0.632468246246676
192.1060088340695,0.6326343171284872
192.13601133427787,0.6328007909389646
192.1660138344862,0.6329676674955189
192.19601633469455,0.6331349466151193
192.2260188349029,0.6333026281142926
192.25602133511126,0.6334707118091253
192.2860238353196,0.6336391975152622
192.31602633552797,0.6338080850479071
192.34602883573632,0.6339773742218233
192.37603133594467,0.6341470648513337
192.406033836153,0.6343171567503201
192.43603633636135,0.6344876497322256
192.4660388365697,0.6346585436100521
192.49604133677806,0.6348298381963624
192.52604383698642,0.6350015333032797
192.55604633719477,0.6351736287424878
192.58604883740313,0.6353461243252315
192.61605133761148,0.6355190198623168
192.6460538378198,0.6356923151641105
192.67605633802816,0.6358660100405422
192.70605883823652,0.6360401043011019
192.73606133844487,0.6362145977548421
192.76606383865322,0.6363894902103775
192.79606633886158,0.636564781475885
192.82606883906993,0.6367404713591043
192.85607133927826,0.6369165596673377
192.8860738394866,0.6370930462074509
192.91607633969497,0.637269930785872
192.94607883990332,0.6374472132085935
192.97608134011168,0.637624893281171
193.00608384032003,0.6378029708087237
193.03608634052839,0.6379814455959356
193.06608884073674,0.6381603174470543
193.09609134094507,0.6383395861658921
193.12609384115342,0.6385192515558267
193.15609634136177,0.6386993134197996
193.18609884157013,0.6388797715603179
193.21610134177848,0.6390606257794547
193.24610384198684,0.6392418758788476
193.2761063421952,0.6394235216597007
193.30610884240355,0.6396055629227839
193.33611134261187,0.6397879994684332
193.36611384282023,0.6399708310965515
193.39611634302858,0.640154057606608
193.42611884323694,0.6403376787976389
193.4561213434453,0.6405216944682472
193.48612384365364,0.6407061044166039
193.516126343862,0.6408909084404469
193.54612884407032,0.6410761063370822
193.57613134427868,0.6412616979033838
193.60613384448703,0.641447682935794
193.6361363446954,0.6416340612303233
193.66613884490374,0.641820832582551
193.6961413451121,0.6420079967876251
193.72614384532045,0.6421955536402629
193.7561463455288,0.6423835029347513
193.78614884573713,0.6425718444649462
193.81615134594549,0.642760578024274
193.84615384615384,0.6429497034057301
193.8761563463622,0.6431392204018813
193.90615884657055,0.6433291288048641
193.9361613467789,0.6435194284063862
193.96616384698726,0.6437101189977256
193.9961663471956,0.6439012003697318
194.02616884740394,0.644092672312826
194.0561713476123,0.6442845346170006
194.08617384782065,0.6444767870718202
194.116176348029,0.6446694294664208
194.14617884823735,0.6448624615895117
194.1761813484457,0.645055883229374
194.20618384865406,0.6452496941738617
194.23618634886242,0.6454438942104019
194.26618884907074,0.6456384831259951
194.2961913492791,0.6458334607072151
194.32619384948745,0.6460288267402097
194.3561963496958,0.6462245810106999
194.38619884990416,0.6464207233039814
194.41620135011252,0.6466172534049245
194.44620385032087,0.6468141710979739
194.4762063505292,0.647011476167149
194.50620885073755,0.6472091683960448
194.5362113509459,0.6474072475678312
194.56621385115426,0.6476057134652542
194.5962163513626,0.6478045658706351
194.62621885157097,0.6480038045658713
194.65622135177932,0.648203429332437
194.68622385198768,0.6484034399513827
194.716226352196,0.6486038362033355
194.74622885240436,0.6488046178684999
194.7762313526127,0.6490057847266573
194.80623385282107,0.6492073365571669
194.83623635302942,0.6494092731389656
194.86623885323777,0.6496115942505682
194.89624135344613,0.6498142996700678
194.92624385365448,0.6500173891751361
194.9562463538628,0.6502208625430231
194.98624885407116,0.6504247195505586
195.01625135427952,0.6506289599741508
195.04625385448787,0.6508335835897878
195.07625635469623,0.6510385901730376
195.10625885490458,0.6512439794990473
195.13626135511294,0.6514497513425452
195.16626385532126,0.6516559054778391
195.19626635552962,0.6518624416788188
195.22626885573797,0.6520693597189539
195.25627135594632,0.6522766593712956
195.28627385615468,0.6524843404084761
195.31627635636303,0.6526924026027106
195.3462788565714,0.6529008457257948
195.37628135677974,0.6531096695491072
195.40628385698807,0.6533188738436083
195.43628635719642,0.6535284583798425
195.46628885740478,0.653738422927936
195.49629135761313,0.6539487672575985
195.52629385782149,0.6541594911381234
195.55629635802984,0.6543705943383871
195.5862988582382,0.6545820766268511
195.61630135844655,0.6547939377715601
195.64630385865487,0.6550061775401437
195.67630635886323,0.655218795699816
195.70630885907158,0.6554317920173767
195.73631135927994,0.6556451662592102
195.7663138594883,0.6558589181912863
195.79631635969665,0.6560730475791607
195.826318859905,0.6562875541879749
195.85632136011336,0.6565024377824575
195.88632386032168,0.6567176981269226
195.91632636053004,0.6569333349852717
195.9463288607384,0.6571493481209929
195.97633136094674,0.657365737297162
196.0063338611551,0.6575825022764421
196.03633636136345,0.6577996428210844
196.0663388615718,0.6580171586929278
196.09634136178013,0.6582350496533991
196.1263438619885,0.6584533154635155
196.15634636219684,0.6586719558838813
196.1863488624052,0.6588909706746904
196.21635136261355,0.6591103595957262
196.2463538628219,0.6593301224063621
196.27635636303026,0.6595502588655608
196.30635886323861,0.6597707687318755
196.33636136344694,0.6599916517634493
196.3663638636553,0.6602129077180174
196.39636636386365,0.6604345363529045
196.426368864072,0.6606565374250273
196.45637136428036,0.6608789106908938
196.4863738644887,0.6611016559066035
196.51637636469707,0.6613247728278489
196.54637886490542,0.6615482612099135
196.57638136511375,0.6617721208076741
196.6063838653221,0.6619963513756006
196.63638636553046,0.6622209526677558
196.6663888657388,0.6624459244377956
196.69639136594716,0.6626712664389696
196.72639386615552,0.6628969784241215
196.75639636636387,0.6631230601456892
196.78639886657223,0.6633495113557053
196.81640136678055,0.6635763318057966
196.8464038669889,0.6638035212471853
196.87640636719726,0.6640310794306887
196.90640886740562,0.6642590061067202
196.93641136761397,0.664487301025288
196.96641386782233,0.6647159639359973
196.99641636803068,0.6649449945880492
197.026418868239,0.6651743927302417
197.05642136844736,0.66540415811097
197.08642386865571,0.665634290478226
197.11642636886407,0.665864789579599
197.14642886907242,0.6660956551622765
197.17643136928078,0.6663268869730441
197.20643386948913,0.6665584847582853
197.2364363696975,0.6667904482639825
197.2664388699058,0.6670227772357163
197.29644137011417,0.667255471418668
197.32644387032252,0.6674885305576169
197.35644637053088,0.6677219543969425
197.38644887073923,0.667955742680624
197.41645137094758,0.6681898951522416
197.44645387115594,0.6684244115549753
197.4764563713643,0.6686592916316065
197.50645887157262,0.668894535124517
197.53646137178097,0.6691301417756907
197.56646387198933,0.6693661113267133
197.59646637219768,0.669602443518772
197.62646887240604,0.669839138092656
197.6564713726144,0.6700761947887575
197.68647387282275,0.6703136133470717
197.71647637303107,0.6705513935071963
197.74647887323943,0.6707895350083332
197.77648137344778,0.671028037589287
197.80648387365613,0.6712669009884672
197.8364863738645,0.671506124943887
197.86648887407284,0.6717457091931642
197.8964913742812,0.6719856534735216
197.92649387448955,0.6722259575217868
197.95649637469788,0.672466621074393
197.98649887490623,0.6727076438673797
198.0165013751146,0.6729490256363913
198.04650387532294,0.6731907661166787
198.0765063755313,0.6734328650431004
198.10650887573965,0.6736753221501205
198.136511375948,0.6739181371718108
198.16651387615636,0.6741613098418506
198.19651637636468,0.6744048398935262
198.22651887657304,0.6746487270597334
198.2565213767814,0.6748929710729751
198.28652387698975,0.6751375716653631
198.3165263771981,0.6753825285686179
198.34652887740646,0.6756278415140698
198.3765313776148,0.6758735102326583
198.40653387782316,0.6761195344549324
198.4365363780315,0.6763659139110509
198.46653887823985,0.6766126483307846
198.4965413784482,0.6768597374435134
198.52654387865655,0.6771071809782283
198.5565463788649,0.6773549786635322
198.58654887907326,0.677603130227639
198.61655137928162,0.677851635398375
198.64655387948994,0.6781004939031781
198.6765563796983,0.6783497054690993
198.70655887990665,0.6785992698228017
198.736561380115,0.678849186690562
198.76656388032336,0.6790994557982701
198.79656638053171,0.6793500768714291
198.82656888074007,0.6796010496351569
198.85657138094842,0.6798523738141846
198.88657388115675,0.6801040491328589
198.9165763813651,0.6803560753151412
198.94657888157346,0.6806084520846075
198.9765813817818,0.6808611791644494
199.00658388199017,0.681114256277475
199.03658638219852,0.6813676831461076
199.06658888240688,0.6816214594923873
199.09659138261523,0.6818755850379709
199.12659388282356,0.6821300595041315
199.1565963830319,0.6823848826117613
199.18659888324026,0.6826400540813682
199.21660138344862,0.6828955736330791
199.24660388365697,0.6831514409866382
199.27660638386533,0.6834076558614093
199.30660888407368,0.6836642179763743
199.336611384282,0.6839211270501346
199.36661388449036,0.6841783828009109
199.39661638469872,0.684435984946544
199.42661888490707,0.6846939332044941
199.45662138511543,0.6849522272918422
199.48662388532378,0.6852108669252902
199.51662638553213,0.6854698518211603
199.5466288857405,0.6857291816953969
199.57663138594882,0.6859888562635652
199.60663388615717,0.6862488752408532
199.63663638636552,0.6865092383420702
199.66663888657388,0.686769945281649
199.69664138678223,0.6870309957736447
199.7266438869906,0.6872923895317354
199.75664638719894,0.6875541262692234
199.7866488874073,0.687816205699034
199.81665138761562,0.6880786275337173
199.84665388782398,0.6883413914854478
199.87665638803233,0.6886044972660245
199.90665888824068,0.6888679445868712
199.93666138844904,0.6891317331590379
199.9666638886574,0.6893958626931997
199.99666638886575,0.689660332899658
200.0266688890741,0.68992514348834
200.05667138928243,0.6901902941688005
200.08667388949078,0.6904557846502208
200.11667638969914,0.6907216146414092
200.1466788899075,0.6909877838508021
200.17668139011585,0.6912542919864638
200.2066838903242,0.6915211387560867
200.23668639053255,0.6917883238669915
200.26668889074088,0.6920558470261282
200.29669139094923,0.6923237079400761
200.3266938911576,0.6925919063150443
200.35669639136594,0.6928604418568707
200.3866988915743,0.6931293142710246
200.41670139178265,0.6933985232626045
200.446703891991,0.6936680685363416
200.47670639219936,0.6939379497965965
200.5067088924077,0.6942081667473619
200.53671139261604,0.6944787190922624
200.5667138928244,0.6947496065345553
200.59671639303275,0.6950208287771296
200.6267188932411,0.6952923855225068
200.65672139344946,0.6955642764728425
200.6867238936578,0.6958365013299246
200.71672639386617,0.6961090597951762
200.7467288940745,0.696381951569653
200.77673139428285,0.6966551763540465
200.8067338944912,0.6969287338486816
200.83673639469956,0.6972026237535196
200.8667388949079,0.6974768457681562
200.89674139511627,0.6977513995918234
200.92674389532462,0.6980262849233888
200.95674639553295,0.6983015014613565
200.9867488957413,0.6985770489038683
201.01675139594965,0.6988529269487018
201.046753896158,0.6991291352932726
201.07675639636636,0.6994056736346335
201.10675889657472,0.6996825416694763
201.13676139678307,0.6999597390941303
201.16676389699143,0.7002372656045641
201.19676639719975,0.7005151208963845
201.2267688974081,0.7007933046648394
201.25677139761646,0.7010718166048144
201.28677389782482,0.7013506564108367
201.31677639803317,0.7016298237770731
201.34677889824152,0.7019093183973308
201.37678139844988,0.7021891399650594
201.40678389865823,0.7024692881733487
201.43678639886656,0.7027497627149304
201.4667888990749,0.7030305632821788
201.49679139928327,0.7033116895671107
201.52679389949162,0.7035931412613847
201.55679639969998,0.7038749180563033
201.58679889990833,0.7041570196428121
201.61680140011669,0.7044394457115002
201.64680390032504,0.704722195952602
201.67680640053337,0.7050052700559947
201.70680890074172,0.7052886677112016
201.73681140095007,0.7055723886073904
201.76681390115843,0.7058564324333747
201.79681640136678,0.7061407988776134
201.82681890157514,0.7064254876282121
201.8568214017835,0.7067104983729227
201.88682390199182,0.7069958307991431
201.91682640220017,0.7072814845939202
201.94682890240853,0.7075674594439469
201.97683140261688,0.7078537550355645
202.00683390282524,0.7081403710547622
202.0368364030336,0.7084273071871785
202.06683890324194,0.7087145631181
202.0968414034503,0.7090021385324627
202.12684390365862,0.7092900331148522
202.15684640386698,0.7095782465495049
202.18684890407533,0.7098667785203063
202.2168514042837,0.7101556287107929
202.24685390449204,0.7104447968041524
202.2768564047004,0.7107342824832235
202.30685890490875,0.7110240854304968
202.3368614051171,0.7113142053281152
202.36686390532543,0.7116046418578729
202.39686640553379,0.711895394701218
202.42686890574214,0.7121864635392514
202.4568714059505,0.7124778480527272
202.48687390615885,0.7127695479220529
202.5168764063672,0.7130615628272908
202.54687890657556,0.7133538924481571
202.5768814067839,0.7136465364640234
202.60688390699224,0.7139394945539159
202.6368864072006,0.714232766396517
202.66688890740895,0.714526351670164
202.6968914076173,0.7148202500528515
202.72689390782566,0.7151144612222299
202.756896408034,0.7154089848556069
202.78689890824236,0.715703820629947
202.8169014084507,0.715998968221873
202.84690390865904,0.7162944273076659
202.8769064088674,0.716590197563264
202.90690890907575,0.7168862786642651
202.9369114092841,0.7171826702859256
202.96691390949246,0.717479372103162
202.99691640970082,0.7177763837905498
203.02691890990917,0.7180737050223251
203.0569214101175,0.718371335472384
203.08692391032585,0.7186692748142844
203.1169264105342,0.7189675227212446
203.14692891074256,0.7192660788661449
203.1769314109509,0.7195649429215266
203.20693391115927,0.7198641145595948
203.23693641136762,0.7201635934522161
203.26693891157598,0.7204633792709203
203.2969414117843,0.7207634716869007
203.32694391199266,0.7210638703710144
203.356946412201,0.7213645749937827
203.38694891240937,0.721665585225391
203.41695141261772,0.7219669007356896
203.44695391282607,0.7222685211941938
203.47695641303443,0.7225704462700853
203.50695891324276,0.7228726756322101
203.5369614134511,0.7231752089490824
203.56696391365946,0.7234780458888813
203.59696641386782,0.7237811861194541
203.62696891407617,0.7240846293083147
203.65697141428453,0.724388375122645
203.68697391449288,0.7246924232292951
203.71697641470124,0.7249967732947827
203.74697891490956,0.7253014249852958
203.77698141511792,0.7256063779666906
203.80698391532627,0.7259116319044931
203.83698641553462,0.7262171864638987
203.86698891574298,0.7265230413097739
203.89699141595133,0.7268291961066555
203.9269939161597,0.727135650518751
203.95699641636804,0.7274424042099397
203.98699891657637,0.7277494568437719
204.01700141678472,0.7280568080834717
204.04700391699308,0.7283644575919339
204.07700641720143,0.7286724050317273
204.1070089174098,0.7289806500650927
204.13701141761814,0.7292891923539462
204.1670139178265,0.7295980315598762
204.19701641803485,0.7299071673441468
204.22701891824317,0.7302165993676955
204.25702141845153,0.7305263272911362
204.28702391865988,0.7308363507747577
204.31702641886824,0.7311466694785242
204.3470289190766,0.7314572830620766
204.37703141928495,0.7317681911847318
204.4070339194933,0.732079393505485
204.43703641970163,0.7323908896830069
204.46703891990998,0.7327026793756477
204.49704142011834,0.7330147622414338
204.5270439203267,0.7333271379380719
204.55704642053504,0.7336398061229463
204.5870489207434,0.7339527664531209
204.61705142095175,0.7342660185853389
204.6470539211601,0.7345795621760236
204.67705642136843,0.734893396881279
204.7070589215768,0.7352075223568897
204.73706142178514,0.7355219382583208
204.7670639219935,0.735836644240719
204.79706642220185,0.7361516399589139
204.8270689224102,0.7364669250674158
204.85707142261856,0.7367824992204186
204.88707392282691,0.7370983620717986
204.91707642303524,0.7374145132751155
204.9470789232436,0.7377309524836138
204.97708142345195,0.7380476793502209
205.0070839236603,0.7383646935275487
205.03708642386866,0.7386819946678945
205.067088924077,0.7389995824232412
205.09709142428537,0.7393174564452561
205.1270939244937,0.7396356163852935
205.15709642470205,0.7399540618943938
205.1870989249104,0.7402727926232848
205.21710142511876,0.7405918082223805
205.2471039253271,0.7409111083417828
205.27710642553546,0.7412306926312816
205.30710892574382,0.741550560740355
205.33711142595217,0.7418707123181703
205.3671139261605,0.7421911470135831
205.39711642636885,0.7425118644751394
205.4271189265772,0.742832864351074
205.45712142678556,0.7431541462893131
205.48712392699392,0.7434757099374726
205.51712642720227,0.7437975549428597
205.54712892741063,0.744119680952473
205.57713142761898,0.7444420876130032
205.6071339278273,0.7447647745708326
205.63713642803566,0.7450877414720369
205.66713892824401,0.745410987962384
205.69714142845237,0.745734513687335
205.72714392866072,0.7460583182920459
205.75714642886908,0.7463824014213657
205.78714892907743,0.7467067627198382
205.8171514292858,0.7470314018317019
205.8471539294941,0.7473563184008911
205.87715642970247,0.7476815120710361
205.90715892991082,0.748006982485462
205.93716143011918,0.7483327292871913
205.96716393032753,0.7486587521189435
205.99716643053588,0.7489850506231346
206.02716893074424,0.7493116244418787
206.05717143095256,0.7496384732169877
206.08717393116092,0.7499655965899723
206.11717643136927,0.7502929942020421
206.14717893157763,0.7506206656941052
206.17718143178598,0.7509486107067701
206.20718393199434,0.7512768288803443
206.2371864322027,0.7516053198548371
206.26718893241105,0.7519340832699575
206.29719143261937,0.7522631187651156
206.32719393282773,0.752592425979424
206.35719643303608,0.7529220045516969
206.38719893324443,0.7532518541204504
206.4172014334528,0.7535819743239038
206.44720393366114,0.7539123647999796
206.4772064338695,0.7542430251863033
206.50720893407785,0.7545739551202053
206.53721143428618,0.7549051542387195
206.56721393449453,0.7552366221785853
206.5972164347029,0.7555683585762464
206.62721893491124,0.7559003630678531
206.6572214351196,0.7562326352892608
206.68722393532795,0.7565651748760314
206.7172264355363,0.7568979814634338
206.74722893574466,0.7572310546864437
206.77723143595298,0.7575643941797449
206.80723393616134,0.7578979995777289
206.8372364363697,0.7582318705144954
206.86723893657805,0.7585660066238525
206.8972414367864,0.7589004075393188
206.92724393699476,0.759235072894121
206.9572464372031,0.7595700023211964
206.98724893741144,0.759905195453192
207.0172514376198,0.7602406519224674
207.04725393782815,0.7605763713610915
207.0772564380365,0.7609123534008453
207.10725893824485,0.7612485976732221
207.1372614384532,0.7615851038094269
207.16726393866156,0.7619218714403786
207.19726643886992,0.7622589001967084
207.22726893907824,0.762596189708761
207.2572714392866,0.7629337396065956
207.28727393949495,0.7632715495199862
207.3172764397033,0.7636096190784205
207.34727893991166,0.7639479479111022
207.37728144012002,0.7642865356469504
207.40728394032837,0.7646253819145998
207.43728644053672,0.7649644863424025
207.46728894074505,0.7653038485584267
207.4972914409534,0.7656434681904585
207.52729394116176,0.7659833448660004
207.5572964413701,0.7663234782122748
207.58729894157847,0.766663867856221
207.61730144178682,0.767004513424498
207.64730394199518,0.7673454145434839
207.6773064422035,0.7676865708392759
207.70730894241186,0.7680279819376931
207.7373114426202,0.7683696474642733
207.76731394282857,0.7687115670442759
207.79731644303692,0.7690537403026815
207.82731894324527,0.7693961668641931
207.85732144345363,0.7697388463532351
207.88732394366198,0.7700817783939549
207.9173264438703,0.7704249626102221
207.94732894407866,0.7707683986256315
207.97733144428702,0.7711120860635001
208.00733394449537,0.7714560245468698
208.03733644470373,0.7718002136985069
208.06733894491208,0.7721446531409025
208.09734144512043,0.7724893424962742
208.1273439453288,0.7728342813865646
208.15734644553712,0.7731794694334426
208.18734894574547,0.7735249062583043
208.21735144595382,0.7738705914822731
208.24735394616218,0.7742165247261992
208.27735644637053,0.7745627056106611
208.3073589465789,0.7749091337559656
208.33736144678724,0.775255808782149
208.3673639469956,0.7756027303089758
208.39736644720392,0.7759498979559405
208.42736894741228,0.7762973113422681
208.45737144762063,0.7766449700869134
208.48737394782898,0.7769928738085629
208.51737644803734,0.7773410221256335
208.5473789482457,0.7776894146562743
208.57738144845405,0.7780380510183664
208.60738394866237,0.7783869308295236
208.63738644887073,0.7787360537070931
208.66738894907908,0.7790854192681546
208.69739144928744,0.7794350271295218
208.7273939494958,0.7797848769077436
208.75739644970415,0.7801349682191024
208.7873989499125,0.7804853006796164
208.81740145012085,0.780835873905039
208.84740395032918,0.7811866875108587
208.87740645053753,0.7815377411123028
208.9074089507459,0.7818890343243331
208.93741145095424,0.7822405667616492
208.9674139511626,0.7825923380386883
208.99741645137095,0.7829443477696263
209.0274189515793,0.7832965955683766
209.05742145178766,0.7836490810485921
209.087423951996,0.784001803823664
209.11742645220434,0.7843547635067254
209.1474289524127,0.7847079597106477
209.17743145262105,0.7850613920480433
209.2074339528294,0.7854150601312655
209.23743645303776,0.7857689635724093
209.2674389532461,0.7861231019833119
209.29744145345444,0.7864774749755518
209.3274439536628,0.7868320821604513
209.35744645387115,0.7871869231490749
209.3874489540795,0.7875419975522315
209.41745145428786,0.7878973049804734
209.4474539544962,0.7882528450440975
209.47745645470457,0.7886086173531455
209.50745895491292,0.7889646215174041
209.53746145512125,0.7893208571464063
209.5674639553296,0.7896773238494312
209.59746645553795,0.7900340212355039
209.6274689557463,0.7903909489133967
209.65747145595466,0.7907481064916297
209.68747395616302,0.7911054935784705
209.71747645637137,0.7914631097819347
209.74747895657973,0.7918209547097872
209.77748145678805,0.7921790279695409
209.8074839569964,0.7925373291684605
209.83748645720476,0.7928958579135588
209.86748895741312,0.7932546138115992
209.89749145762147,0.7936135964690962
209.92749395782982,0.7939728054923164
209.95749645803818,0.7943322404872768
209.98749895824653,0.7946919010597474
210.01750145845486,0.7950517868152499
210.0475039586632,0.7954118973590608
210.07750645887157,0.7957722322962083
210.10750895907992,0.7961327912314751
210.13751145928828,0.7964935737693983
210.16751395949663,0.7968545795142693
210.19751645970499,0.7972158080701356
210.2275189599133,0.7975772590407992
210.25752146012167,0.7979389320298194
210.28752396033002,0.7983008266405105
210.31752646053837,0.7986629424759454
210.34752896074673,0.799025279138953
210.37753146095508,0.7993878362321207
210.40753396116344,0.7997506133577936
210.4375364613718,0.8001136101180759
210.46753896158012,0.8004768261148307
210.49754146178847,0.8008402609496812
210.52754396199683,0.8012039142240099
210.55754646220518,0.8015677855389595
210.58754896241354,0.8019318744954346
210.6175514626219,0.8022961806941
210.64755396283024,0.8026607037353831
210.6775564630386,0.8030254432194724
210.70755896324692,0.8033903987463201
210.73756146345528,0.8037555699156413
210.76756396366363,0.804120956326914
210.797566463872,0.8044865575793804
210.82756896408034,0.8048523732720467
210.8575714642887,0.805218403003685
210.88757396449705,0.8055846463728314
210.91757646470538,0.8059511029777882
210.94757896491373,0.8063177724166238
210.97758146512209,0.8066846542871737
211.00758396533044,0.8070517481870396
211.0375864655388,0.8074190537135908
211.06758896574715,0.8077865704639642
211.0975914659555,0.8081542980350663
211.12759396616386,0.8085222360235711
211.15759646637218,0.808890384025922
211.18759896658054,0.8092587416383327
211.2176014667889,0.8096273084567861
211.24760396699725,0.8099960840770367
211.2776064672056,0.8103650680946092
211.30760896741396,0.8107342601047998
211.3376114676223,0.8111036597026765
211.36761396783066,0.8114732664830804
211.397616468039,0.811843080040624
211.42761896824734,0.8122130999696948
211.4576214684557,0.8125833258644519
211.48762396866405,0.8129537573188306
211.5176264688724,0.8133243939265389
211.54762896908076,0.8136952352810609
211.57763146928912,0.8140662809756556
211.60763396949747,0.8144375306033579
211.6376364697058,0.8148089837569795
211.66763896991415,0.8151806400291088
211.6976414701225,0.815552499012111
211.72764397033086,0.8159245602981287
211.7576464705392,0.8162968234790838
211.78764897074757,0.8166692881466757
211.81765147095592,0.8170419538923832
211.84765397116425,0.8174148203074637
211.8776564713726,0.8177878869829567
211.90765897158096,0.81816115350968
211.9376614717893,0.8185346194782328
211.96766397199767,0.8189082844789957
211.99766647220602,0.8192821481021304
212.02766897241438,0.8196562099375821
212.05767147262273,0.8200304695750775
212.08767397283106,0.820404926604126
212.1176764730394,0.8207795806140217
212.14767897324776,0.8211544311938421
212.17768147345612,0.8215294779324491
212.20768397366447,0.821904720418489
212.23768647387283,0.8222801582403942
212.26768897408118,0.8226557909863819
212.29769147428954,0.8230316182444568
212.32769397449786,0.8234076396024088
212.35769647470622,0.8237838546478164
212.38769897491457,0.8241602629680443
212.41770147512293,0.8245368641502464
212.44770397533128,0.824913657781364
212.47770647553963,0.8252906434481281
212.507708975748,0.8256678207370586
212.53771147595634,0.8260451892344651
212.56771397616467,0.8264227485264481
212.59771647637302,0.826800498198899
212.62771897658138,0.8271784378374994
212.65772147678973,0.827556567027723
212.6877239769981,0.8279348853548361
212.71772647720644,0.8283133924038967
212.7477289774148,0.8286920877597564
212.77773147762312,0.8290709710070594
212.80773397783148,0.8294500417302458
212.83773647803983,0.8298292995135482
212.86773897824818,0.8302087439409945
212.89774147845654,0.830588374596408
212.9277439786649,0.8309681910634076
212.95774647887325,0.831348192925409
212.9877489790816,0.8317283797656237
213.01775147928993,0.8321087511670606
213.04775397949828,0.8324893067125266
213.07775647970664,0.8328700459846267
213.107758979915,0.8332509685657634
213.13776148012334,0.833632074038139
213.1677639803317,0.834013361983755
213.19776648054005,0.8343948319844121
213.2277689807484,0.834776483621713
213.25777148095673,0.8351583164770591
213.2877739811651,0.8355403301316549
213.31777648137344,0.835922524166505
213.3477789815818,0.8363048981624177
213.37778148179015,0.8366874517000028
213.4077839819985,0.8370701843596734
213.43778648220686,0.8374530957216464
213.4677889824152,0.8378361853659417
213.49779148262354,0.838219452872386
213.5277939828319,0.8386028978206086
213.55779648304025,0.8389865197900452
213.5877989832486,0.8393703183599367
213.61780148345696,0.8397542931093314
213.6478039836653,0.8401384436170836
213.67780648387367,0.8405227694618546
213.707808984082,0.8409072702221132
213.73781148429035,0.8412919454761384
213.7678139844987,0.8416767948020155
213.79781648470706,0.8420618177776397
213.8278189849154,0.8424470139807156
213.85782148512376,0.8428323829887577
213.88782398533212,0.8432179243790919
213.91782648554047,0.843603637728854
213.9478289857488,0.843989522614991
213.97783148595715,0.8443755786142628
214.0078339861655,0.8447618053032414
214.03783648637386,0.8451482022583108
214.06783898658222,0.8455347690556688
214.09784148679057,0.8459215052713266
214.12784398699893,0.8463084104811105
214.15784648720728,0.8466954842606602
214.1878489874156,0.8470827261854311
214.21785148762396,0.8474701358306945
214.24785398783231,0.847857712771537
214.27785648804067,0.8482454565828628
214.30785898824902,0.8486333668393917
214.33786148845738,0.8490214431156621
214.36786398866573,0.8494096849860292
214.39786648887406,0.8497980920246676
214.4278689890824,0.8501866638055707
214.45787148929077,0.8505753999025507
214.48787398949912,0.8509642998892392
214.51787648970748,0.8513533633390894
214.54787898991583,0.851742589825374
214.57788149012418,0.8521319789211872
214.60788399033254,0.8525215301994452
214.63788649054086,0.8529112432328851
214.66788899074922,0.8533011175940691
214.69789149095757,0.8536911528553801
214.72789399116593,0.8540813485890253
214.75789649137428,0.8544717043670357
214.78789899158264,0.8548622197612674
214.817901491791,0.855252894343401
214.84790399199935,0.8556437276849422
214.87790649220767,0.8560347193572224
214.90790899241603,0.8564258689314013
214.93791149262438,0.8568171759784629
214.96791399283273,0.8572086400692196
214.9979164930411,0.8576002607743116
215.02791899324944,0.857992037664207
215.0579214934578,0.8583839703092031
215.08792399366612,0.8587760582794255
215.11792649387448,0.8591683011448309
215.14792899408283,0.8595606984752042
215.1779314942912,0.8599532498401629
215.20793399449954,0.8603459548091539
215.2379364947079,0.8607388129514565
215.26793899491625,0.8611318238361816
215.2979414951246,0.8615249870322724
215.32794399533293,0.861918302108506
215.35794649554128,0.8623117686334921
215.38794899574964,0.8627053861756746
215.417951495958,0.8630991543033313
215.44795399616635,0.8634930725845756
215.4779564963747,0.8638871405873557
215.50795899658306,0.8642813578794556
215.5379614967914,0.8646757240284956
215.56796399699974,0.8650702386019322
215.5979664972081,0.8654649011670609
215.62796899741645,0.8658597112910131
215.6579714976248,0.8662546685407588
215.68797399783315,0.8666497724831066
215.7179764980415,0.867045022684705
215.74797899824986,0.8674404187120409
215.77798149845822,0.867835960131442
215.80798399866654,0.8682316465090757
215.8379864988749,0.8686274774109523
215.86798899908325,0.8690234524029214
215.8979914992916,0.869419571050676
215.92799399949996,0.8698158329197506
215.95799649970832,0.870212237575523
215.98799899991667,0.8706087845832149
216.018001500125,0.8710054735078908
216.04800400033335,0.8714023039144608
216.0780065005417,0.8717992753676786
216.10800900075006,0.8721963874321443
216.1380115009584,0.872593639672303
216.16801400116677,0.8729910316524461
216.19801650137512,0.8733885629367122
216.22801900158348,0.8737862330890863
216.2580215017918,0.8741840416734021
216.28802400200016,0.8745819882533412
216.3180265022085,0.8749800723924335
216.34802900241687,0.8753782936540576
216.37803150262522,0.8757766516014431
216.40803400283357,0.8761751457976685
216.43803650304193,0.8765737758056631
216.46803900325028,0.8769725411882071
216.4980415034586,0.8773714415079328
216.52804400366696,0.8777704763273245
216.55804650387532,0.8781696452087184
216.58804900408367,0.8785689477143038
216.61805150429203,0.8789683834061233
216.64805400450038,0.8793679518460742
216.67805650470874,0.8797676525959075
216.7080590049171,0.8801674852172292
216.73806150512542,0.8805674492715001
216.76806400533377,0.8809675443200387
216.79806650554212,0.881367769924018
216.82806900575048,0.8817681256444684
216.85807150595883,0.8821686110422772
216.8880740061672,0.8825692256781904
216.91807650637554,0.8829699691128117
216.94807900658387,0.8833708409066029
216.97808150679222,0.8837718406198865
217.00808400700058,0.8841729678128429
217.03808650720893,0.8845742220455147
217.06808900741729,0.8849756028778035
217.09809150762564,0.8853771098694727
217.128094007834,0.8857787425801469
217.15809650804235,0.8861805005693139
217.18809900825067,0.8865823833963227
217.21810150845903,0.8869843906203865
217.24810400866738,0.8873865218005812
217.27810650887574,0.8877887764958478
217.3081090090841,0.8881911542649906
217.33811150929245,0.8885936546666797
217.3681140095008,0.8889962772594504
217.39811650970915,0.8893990216017038
217.42811900991748,0.8898018872517081
217.45812151012584,0.8902048737675983
217.4881240103342,0.8906079807073762
217.51812651054254,0.8910112076289118
217.5481290107509,0.8914145540899443
217.57813151095925,0.8918180196480806
217.6081340111676,0.8922216038607976
217.63813651137593,0.8926253062854413
217.6681390115843,0.89302912647923
217.69814151179264,0.8934330639992509
217.728144012001,0.8938371184024632
217.75814651220935,0.8942412892456977
217.7881490124177,0.8946455760856573
217.81815151262606,0.8950499784789188
217.8481540128344,0.895454495981931
217.87815651304274,0.8958591281510169
217.9081590132511,0.8962638745423737
217.93816151345945,0.8966687347120738
217.9681640136678,0.8970737082160641
217.99816651387616,0.8974787946101676
218.0281690140845,0.8978839934500832
218.05817151429287,0.8982893042913862
218.08817401450122,0.8986947266895303
218.11817651470955,0.8991002601998455
218.1481790149179,0.8995059043775406
218.17818151512625,0.8999116587777028
218.2081840153346,0.9003175229552989
218.23818651554296,0.9007234964651744
218.26818901575132,0.9011295788620556
218.29819151595967,0.9015357697005489
218.32819401616803,0.9019420685351419
218.35819651637635,0.902348474920204
218.3881990165847,0.9027549884099869
218.41820151679306,0.903161608558624
218.44820401700142,0.903568334920132
218.47820651720977,0.9039751670484116
218.50820901741812,0.904382104497247
218.53821151762648,0.9047891468203069
218.5682140178348,0.9051962935711444
218.59821651804316,0.9056035443032002
218.6282190182515,0.9060108985697988
218.65822151845987,0.9064183559241517
218.68822401866822,0.9068259159193576
218.71822651887658,0.907233578108402
218.74822901908493,0.9076413420441597
218.77823151929329,0.9080492072793926
218.8082340195016,0.9084571733667516
218.83823651970997,0.9088652398587774
218.86823901991832,0.9092734063079011
218.89824152012667,0.9096816722664431
218.92824402033503,0.910090037286615
218.95824652054338,0.91049850092052
218.98824902075174,0.9109070627201524
219.0182515209601,0.9113157222374003
219.04825402116842,0.911724479024043
219.07825652137677,0.9121333326317544
219.10825902158513,0.9125422826121012
219.13826152179348,0.9129513285165455
219.16826402200184,0.913360469896443
219.1982665222102,0.9137697063030453
219.22826902241854,0.9141790372874995
219.25827152262687,0.9145884624008493
219.28827402283522,0.9149979811940356
219.31827652304358,0.9154075932178954
219.34827902325193,0.9158172980231643
219.3782815234603,0.9162270951604751
219.40828402366864,0.9166369841803611
219.438286523877,0.9170469646332533
219.46828902408535,0.917457036069483
219.49829152429368,0.9178671980392811
219.52829402450203,0.9182774500927808
219.55829652471039,0.9186877917800149
219.58829902491874,0.9190982226509185
219.6183015251271,0.9195087422553283
219.64830402533545,0.9199193501429849
219.6783065255438,0.9203300458635311
219.70830902575216,0.9207408289665135
219.73831152596048,0.9211516990013827
219.76831402616884,0.9215626555174946
219.7983165263772,0.9219736980641101
219.82831902658555,0.9223848261903953
219.8583215267939,0.9227960394454227
219.88832402700226,0.9232073373781707
219.9183265272106,0.9236187195375265
219.94832902741896,0.9240301854722835
219.9783315276273,0.9244417347311433
220.00833402783564,0.9248533668627168
220.038336528044,0.925265081415524
220.06833902825235,0.9256768779379938
220.0983415284607,0.9260887559784654
220.12834402866906,0.926500715085189
220.15834652887742,0.9269127548063252
220.18834902908574,0.9273248746899468
220.2183515292941,0.9277370742840391
220.24835402950245,0.9281493531364987
220.2783565297108,0.9285617107951358
220.30835902991916,0.9289741468076749
220.33836153012751,0.9293866607217536
220.36836403033587,0.9297992520849245
220.39836653054422,0.9302119204446551
220.42836903075255,0.9306246653483278
220.4583715309609,0.9310374863432431
220.48837403116926,0.9314503829766161
220.5183765313776,0.9318633547955795
220.54837903158597,0.9322764013471833
220.57838153179432,0.9326895221783964
220.60838403200268,0.9331027168361054
220.63838653221103,0.9335159848671161
220.66838903241936,0.9339293258181531
220.6983915326277,0.9343427392358634
220.72839403283606,0.9347562246668121
220.75839653304442,0.9351697816574862
220.78839903325277,0.9355834097542941
220.81840153346113,0.935997108503566
220.84840403366948,0.9364108774515555
220.8784065338778,0.936824716144438
220.90840903408616,0.9372386241283135
220.93841153429452,0.9376526009492049
220.96841403450287,0.9380666461530609
220.99841653471123,0.938480759285754
221.02841903491958,0.9388949398930829
221.05842153512793,0.939309187520772
221.0884240353363,0.9397235017144718
221.11842653554461,0.9401378820197607
221.14842903575297,0.9405523279821444
221.17843153596132,0.940966839147056
221.20843403616968,0.9413814150598573
221.23843653637803,0.9417960552658395
221.2684390365864,0.9422107593102229
221.29844153679474,0.9426255267381578
221.3284440370031,0.9430403570947251
221.35844653721142,0.9434552499249358
221.38844903741978,0.9438702047737347
221.41845153762813,0.9442852211859963
221.44845403783648,0.9447002987065285
221.47845653804484,0.9451154368800715
221.5084590382532,0.9455306352513003
221.53846153846155,0.9459458933648227
221.5684640386699,0.9463612107651814
221.59846653887823,0.9467765869968534
221.62846903908658,0.9471920216042531
221.65847153929494,0.9476075141317287
221.6884740395033,0.9480230641235662
221.71847653971165,0.9484386711239877
221.74847903992,0.9488543346771531
221.77848154012835,0.9492700543271609
221.80848404033668,0.9496858296180469
221.83848654054503,0.9501016600937874
221.8684890407534,0.9505175452982964
221.89849154096174,0.9509334847754293
221.9284940411701,0.9513494780689814
221.95849654137845,0.9517655247226888
221.9884990415868,0.9521816242802291
222.01850154179516,0.9525977762852227
222.0485040420035,0.953013980281231
222.07850654221184,0.95343023581176
222.1085090424202,0.953846542420258
222.13851154262855,0.9542628996501175
222.1685140428369,0.9546793070446761
222.19851654304526,0.9550957641472156
222.2285190432536,0.9555122705009638
222.25852154346197,0.9559288256490936
222.2885240436703,0.9563454291347258
222.31852654387865,0.9567620805009275
222.348529044087,0.9571787792907129
222.37853154429536,0.9575955250470444
222.4085340445037,0.9580123173128334
222.43853654471206,0.9584291556309398
222.46853904492042,0.9588460395441729
222.49854154512877,0.9592629685952923
222.5285440453371,0.959679942327007
222.55854654554545,0.9600969602819798
222.5885490457538,0.9605140220028221
222.61855154596216,0.9609311270320985
222.64855404617052,0.9613482749123256
222.67855654637887,0.9617654651859738
222.70855904658723,0.9621826973954667
222.73856154679555,0.962599971083181
222.7685640470039,0.9630172857914491
222.79856654721226,0.9634346410625583
222.82856904742061,0.963852036438751
222.85857154762897,0.9642694714622253
222.88857404783732,0.9646869456751365
222.91857654804568,0.965104458619596
222.94857904825403,0.9655220098376744
222.97858154846236,0.9659395988713984
223.0085840486707,0.9663572252627547
223.03858654887907,0.9667748885536878
223.06858904908742,0.9671925882861031
223.09859154929578,0.9676103240018648
223.12859404950413,0.9680280952427982
223.15859654971248,0.9684459015506895
223.18859904992084,0.9688637424672862
223.21860155012916,0.9692816175342984
223.24860405033752,0.969699526293399
223.27860655054587,0.9701174682862227
223.30860905075423,0.9705354430543685
223.33861155096258,0.9709534501393997
223.36861405117094,0.971371489082844
223.3986165513793,0.9717895594261937
223.42861905158762,0.9722076607109064
223.45862155179597,0.9726257924784076
223.48862405200433,0.9730439542700877
223.51862655221268,0.9734621456273044
223.54862905242103,0.9738803660913832
223.5786315526294,0.9742986152036173
223.60863405283774,0.9747168925052695
223.6386365530461,0.9751351975375705
223.66863905325442,0.9755535298417211
223.69864155346278,0.9759718889588921
223.72864405367113,0.9763902744302255
223.7586465538795,0.9768086857968336
223.78864905408784,0.9772271225998004
223.8186515542962,0.9776455843801821
223.84865405450455,0.9780640706790075
223.8786565547129,0.9784825810372789
223.90865905492123,0.9789011149959714
223.93866155512958,0.9793196720960354
223.96866405533794,0.9797382518783945
223.9986665555463,0.9801568538839487
224.02866905575465,0.9805754776535729
224.058671555963,0.980994122728118
224.08867405617136,0.9814127886484122
224.1186765563797,0.9818314749552598
224.14867905658804,0.982250181189444
224.1786815567964,0.9826689068917256
224.20868405700475,0.9830876516028437
224.2386865572131,0.9835064148635168
224.26868905742145,0.9839251962144434
224.2986915576298,0.9843439951963018
224.32869405783816,0.9847628113497507
224.3586965580465,0.9851816442154299
224.38869905825484,0.9856004933339624
224.4187015584632,0.9860193582459518
224.44870405867155,0.9864382384919844
224.4787065588799,0.9868571336126305
224.50870905908826,0.9872760431484431
224.53871155929662,0.9876949666399606
224.56871405950497,0.9881139036277052
224.5987165597133,0.9885328536521842
224.62871905992165,0.9889518162538914
224.65872156013,0.9893707909733065
224.68872406033836,0.9897897773508955
224.7187265605467,0.9902087749271119
224.74872906075507,0.9906277832423965
224.77873156096342,0.9910468018371795
224.80873406117178,0.9914658302518786
224.8387365613801,0.9918848680269008
224.86873906158846,0.992303914702644
224.8987415617968,0.9927229698194948
224.92874406200517,0.993142032917832
224.95874656221352,0.9935611035380245
224.98874906242187,0.9939801812204334
225.01875156263023,0.9943992655054118
225.04875406283855,0.994818355933306
225.0787565630469,0.9952374520444559
225.10875906325526,0.995656553379194
225.13876156346362,0.9960756594778475
225.16876406367197,0.9964947698807393
225.19876656388033,0.9969138841281864
225.22876906408868,0.9973330017605021
225.25877156429704,0.9977521223179958
225.28877406450536,0.9981712453409732
225.31877656471372,0.9985903703697394
225.34877906492207,0.999009496944595
225.37878156513042,0.9994286246058396
225.40878406533878,0.9998477528937715
225.43878656554713,1.0002668813486892
225.4687890657555,1.00068600951089
225.49879156596384,1.0011051369206718
225.52879406617217,1.0015242631183328
225.55879656638052,1.0019433876441746
225.58879906658888,1.002362510038498
225.61880156679723,1.002781629841608
225.64880406700559,1.003200746593811
225.67880656721394,1.0036198598354178
225.7088090674223,1.004038969106743
225.73881156763065,1.004458073948105
225.76881406783897,1.0048771738998272
225.79881656804733,1.0052962685022386
225.82881906825568,1.0057153572956745
225.85882156846404,1.0061344398204755
225.8888240686724,1.0065535156169898
225.91882656888075,1.0069725842255728
225.9488290690891,1.0073916451865874
225.97883156929743,1.0078106980404056
226.00883406950578,1.0082297423274083
226.03883656971414,1.008648777587985
226.0688390699225,1.0090678033625358
226.09884157013084,1.0094868191914708
226.1288440703392,1.0099058246152113
226.15884657054755,1.01032481917419
226.1888490707559,1.010743802408851
226.21885157096423,1.011162773859651
226.2488540711726,1.011581733067061
226.27885657138094,1.0120006795715633
226.3088590715893,1.0124196129136556
226.33886157179765,1.012838532633849
226.368864072006,1.0132574382726707
226.39886657221436,1.0136763293706623
226.4288690724227,1.0140952054683823
226.45887157263104,1.0145140661064038
226.4888740728394,1.01493291082532
226.51887657304775,1.0153517391657387
226.5488790732561,1.015770550668287
226.57888157346446,1.0161893448736103
226.6088840736728,1.016608121322372
226.63888657388117,1.017026879555257
226.66888907408952,1.0174456191129686
226.69889157429785,1.0178643395362303
226.7288940745062,1.018283040365788
226.75889657471456,1.0187017211424085
226.7888990749229,1.01912038140688
226.81890157513126,1.0195390207000143
226.84890407533962,1.0199576385626448
226.87890657554797,1.020376234535629
226.9089090757563,1.0207948081598492
226.93891157596465,1.021213358976212
226.968914076173,1.0216318865256477
226.99891657638136,1.0220503903491132
227.02891907658972,1.0224688699875917
227.05892157679807,1.022887324982092
227.08892407700642,1.0233057548736508
227.11892657721478,1.0237241592033315
227.1489290774231,1.0241425375122255
227.17893157763146,1.0245608893414548
227.2089340778398,1.0249792142321679
227.23893657804817,1.0253975117255436
227.26893907825652,1.025815781362791
227.29894157846488,1.02623402268515
227.32894407867323,1.0266522352338916
227.35894657888159,1.0270704185503172
227.3889490790899,1.027488572175761
227.41895157929827,1.0279066956515908
227.44895407950662,1.028324788519206
227.47895657971497,1.02874285032004
227.50895907992333,1.0291608805955605
227.53896158013168,1.0295788788872693
227.56896408034004,1.029996844736704
227.59896658054836,1.0304147776854373
227.62896908075672,1.0308326772750782
227.65897158096507,1.0312505430472716
227.68897408117343,1.031668374543701
227.71897658138178,1.032086171306086
227.74897908159014,1.032503932876185
227.7789815817985,1.0329216587957943
227.80898408200684,1.0333393486067508
227.83898658221517,1.033757001850929
227.86898908242352,1.0341746180702456
227.89899158263188,1.0345921968066565
227.92899408284023,1.0350097376021585
227.9589965830486,1.0354272399987916
227.98899908325694,1.0358447035386362
228.0190015834653,1.0362621277638164
228.04900408367365,1.0366795122164987
228.07900658388198,1.0370968564388934
228.10900908409033,1.037514159973256
228.1390115842987,1.0379314223618854
228.16901408450704,1.0383486431471252
228.1990165847154,1.0387658218713662
228.22901908492375,1.0391829580770444
228.2590215851321,1.0396000513066426
228.28902408534046,1.0400171011026902
228.31902658554878,1.0404341070077645
228.34902908575714,1.0408510685644925
228.3790315859655,1.0412679853155475
228.40903408617385,1.0416848568036534
228.4390365863822,1.0421016825715825
228.46903908659056,1.0425184621621593
228.4990415867989,1.0429351951182568
228.52904408700724,1.0433518809828
228.5590465872156,1.0437685192987658
228.58904908742394,1.0441851096091834
228.6190515876323,1.044601651457134
228.64905408784065,1.0450181443857522
228.679056588049,1.0454345879382265
228.70905908825736,1.0458509816577988
228.73906158846572,1.046267325087767
228.76906408867404,1.0466836177714827
228.7990665888824,1.0470998592523542
228.82906908909075,1.0475160490738453
228.8590715892991,1.0479321867794775
228.88907408950746,1.048348271912828
228.91907658971581,1.048764304017533
228.94907908992417,1.0491802826372854
228.97908159013252,1.0495962073158378
229.00908409034085,1.0500120775970019
229.0390865905492,1.0504278930246493
229.06908909075756,1.0508436531427114
229.0990915909659,1.0512593574951794
229.12909409117427,1.0516750056261075
229.15909659138262,1.0520905970796102
229.18909909159098,1.0525061313998643
229.2191015917993,1.0529216081311095
229.24910409200766,1.053337026817649
229.279106592216,1.0537523870038499
229.30910909242436,1.0541676882341413
229.33911159263272,1.0545829300530198
229.36911409284107,1.0549981120050462
229.39911659304943,1.0554132336348454
229.42911909325778,1.0558282944871107
229.4591215934661,1.0562432941066007
229.48912409367446,1.0566582320381426
229.51912659388282,1.0570731078266284
229.54912909409117,1.0574879210170214
229.57913159429953,1.0579026711543527
229.60913409450788,1.0583173577837204
229.63913659471623,1.0587319804502957
229.6691390949246,1.0591465386993169
229.69914159513291,1.0595610320760946
229.72914409534127,1.0599754601260105
229.75914659554962,1.0603898223945183
229.78914909575798,1.0608041184271417
229.81915159596633,1.0612183477694797
229.8491540961747,1.0616325099672035
229.87915659638304,1.0620466045660568
229.9091590965914,1.0624606311118594
229.93916159679972,1.062874589150503
229.96916409700808,1.0632884782279586
229.99916659721643,1.0637022978902686
230.02916909742478,1.064116047683555
230.05917159763314,1.0645297271540128
230.0891740978415,1.0649433358479172
230.11917659804985,1.0653568733116205
230.14917909825817,1.0657703390915514
230.17918159846653,1.066183732734219
230.20918409867488,1.0665970537862106
230.23918659888324,1.0670103017941945
230.2691890990916,1.0674234763049166
230.29919159929995,1.0678365768652063
230.3291940995083,1.068249603021971
230.35919659971665,1.0686625543222024
230.38919909992498,1.069075430312973
230.41920160013333,1.069488230541439
230.4492041003417,1.0699009545548377
230.47920660055004,1.0703136019004917
230.5092091007584,1.0707261721258077
230.53921160096675,1.0711386647782752
230.5692141011751,1.0715510794054715
230.59921660138346,1.0719634155550564
230.6292191015918,1.0723756727747784
230.65922160180014,1.0727878506124713
230.6892241020085,1.0731999486160568
230.71922660221685,1.0736119663335426
230.7492291024252,1.0740239033130257
230.77923160263356,1.0744357591026925
230.8092341028419,1.0748475332508156
230.83923660305024,1.0752592253057598
230.8692391032586,1.075670834815979
230.89924160346695,1.0760823613300181
230.9292441036753,1.0764938043965118
230.95924660388366,1.0769051635641878
230.989249104092,1.0773164383818643
231.01925160430036,1.0777276283984532
231.04925410450872,1.07813873316296
231.07925660471705,1.0785497522244811
231.1092591049254,1.0789606851322098
231.13926160513375,1.079371531435432
231.1692641053421,1.0797822906835304
231.19926660555046,1.0801929624259805
231.22926910575882,1.0806035462123567
231.25927160596717,1.0810140415923273
231.28927410617553,1.081424448115659
231.31927660638385,1.081834765332216
231.3492791065922,1.082244992791961
231.37928160680056,1.0826551300449527
231.40928410700892,1.083065176641351
231.43928660721727,1.0834751321314153
231.46928910742562,1.0838849960655028
231.49929160763398,1.0842947679940742
231.52929410784233,1.0847044474676877
231.55929660805066,1.0851140340370053
231.589299108259,1.0855235272527908
231.61930160846737,1.0859329266659097
231.64930410867572,1.0863422318273297
231.67930660888408,1.0867514422881233
231.70930910909243,1.0871605575994667
231.73931160930078,1.0875695773126388
231.7693141095091,1.0879785009790253
231.79931660971747,1.0883873281501164
231.82931910992582,1.0887960583775091
231.85932161013417,1.0892046912129045
231.88932411034253,1.089613226208113
231.91932661055088,1.09002166291505
231.94932911075924,1.0904300008857408
231.9793316109676,1.0908382396723184
232.00933411117592,1.0912463788270232
232.03933661138427,1.0916544179022065
232.06933911159263,1.0920623564503291
232.09934161180098,1.0924701940239623
232.12934411200933,1.092877930175786
232.1593466122177,1.0932855644585948
232.18934911242604,1.0936930964252918
232.2193516126344,1.0941005256288943
232.24935411284272,1.0945078516225315
232.27935661305108,1.094915073959447
232.30935911325943,1.095322192192996
232.3393616134678,1.0957292058766492
232.36936411367614,1.096136114563993
232.3993666138845,1.0965429178087258
232.42936911409285,1.0969496151646656
232.4593716143012,1.0973562061857427
232.48937411450953,1.0977626904260067
232.51937661471788,1.0981690674396234
232.54937911492624,1.0985753367808773
232.5793816151346,1.0989814980041683
232.60938411534295,1.0993875506640174
232.6393866155513,1.0997934943150645
232.66938911575966,1.1001993285120668
232.69939161596798,1.1006050528099043
232.72939411617634,1.1010106667635762
232.7593966163847,1.1014161699282037
232.78939911659305,1.101821561859027
232.8194016168014,1.1022268421114119
232.84940411700975,1.102632010240843
232.8794066172181,1.1030370658029307
232.90940911742646,1.1034420083534084
232.9394116176348,1.1038468374481318
232.96941411784314,1.1042515526430825
232.9994166180515,1.104656153494367
233.02941911825985,1.1050606395582174
233.0594216184682,1.1054650103909898
233.08942411867656,1.1058692655491695
233.11942661888492,1.106273404589366
233.14942911909327,1.106677427068318
233.1794316193016,1.1070813325428914
233.20943411950995,1.1074851205700815
233.2394366197183,1.1078887907070096
233.26943911992666,1.108292342510929
233.299441620135,1.1086957755392226
233.32944412034337,1.1090990893494015
233.35944662055172,1.1095022834991102
233.38944912076005,1.1099053575461213
233.4194516209684,1.1103083110483436
233.44945412117676,1.1107111435638135
233.4794566213851,1.1111138546507036
233.50945912159347,1.1115164438673166
233.53946162180182,1.1119189107720915
233.56946412201017,1.1123212549236006
233.59946662221853,1.11272347588055
233.62946912242685,1.1131255732017815
233.6594716226352,1.113527546446273
233.68947412284356,1.113929395173139
233.71947662305192,1.1143311189416278
233.74947912326027,1.114732717311128
233.77948162346863,1.1151341898411633
233.80948412367698,1.115535536091397
233.83948662388534,1.1159367556216309
233.86948912409366,1.116337847991804
233.89949162430202,1.1167388127619968
233.92949412451037,1.1171396494924288
233.95949662471872,1.1175403577434608
233.98949912492708,1.1179409370755926
234.01950162513543,1.118341387049468
234.0495041253438,1.1187417072258699
234.07950662555214,1.1191418971657252
234.10950912576047,1.1195419564301041
234.13951162596882,1.1199418845802198
234.16951412617718,1.1203416811774276
234.19951662638553,1.1207413457832291
234.22951912659389,1.1211408779592709
234.25952162680224,1.1215402772673422
234.2895241270106,1.1219395432693806
234.31952662721892,1.122338675527469
234.34952912742727,1.1227376736038375
234.37953162763563,1.1231365370608617
234.40953412784398,1.123535265461067
234.43953662805234,1.1239338583671252
234.4695391282607,1.1243323153418576
234.49954162846905,1.1247306359482354
234.5295441286774,1.1251288197493767
234.55954662888573,1.1255268663085525
234.58954912909408,1.1259247751891828
234.61955162930244,1.1263225459548398
234.6495541295108,1.1267201781692453
234.67955662971914,1.1271176713962743
234.7095591299275,1.127515025199955
234.73956163013585,1.1279122391444665
234.7695641303442,1.1283093127941433
234.79956663055253,1.1287062457134718
234.8295691307609,1.1291030374670943
234.85957163096924,1.1294996876198078
234.8895741311776,1.1298961957365645
234.91957663138595,1.1302925613824713
234.9495791315943,1.1306887841227924
234.97958163180266,1.1310848635229496
235.00958413201099,1.1314807991485194
235.03958663221934,1.1318765905652381
235.0695891324277,1.1322722373389997
235.09959163263605,1.132667739035857
235.1295941328444,1.1330630952220206
235.15959663305276,1.133458305463863
235.1895991332611,1.133853369327914
235.21960163346947,1.134248286380866
235.2496041336778,1.1346430561895722
235.27960663388615,1.1350376783210472
235.3096091340945,1.1354321523424662
235.33961163430286,1.1358264778211686
235.3696141345112,1.136220654324657
235.39961663471956,1.1366146814205946
235.42961913492792,1.137008558676812
235.45962163513627,1.1374022856613013
235.4896241353446,1.137795861942221
235.51962663555295,1.1381892870878947
235.5496291357613,1.138582560666812
235.57963163596966,1.1389756822476274
235.60963413617802,1.1393686513991632
235.63963663638637,1.13976146769041
235.66963913659472,1.1401541306905227
235.69964163680308,1.1405466399688282
235.7296441370114,1.140938995094818
235.75964663721976,1.1413311956381578
235.7896491374281,1.1417232411686777
235.81965163763647,1.1421151312563815
235.84965413784482,1.1425068654714408
235.87965663805318,1.1428984433841995
235.90965913826153,1.1432898645651741
235.93966163846986,1.14368112858505
235.9696641386782,1.144072235014688
235.99966663888657,1.1444631834251198
236.02966913909492,1.144853973387552
236.05967163930328,1.1452446044733626
236.08967413951163,1.1456350762541068
236.11967663971998,1.1460253883015117
236.14967913992834,1.1464155401874814
236.17968164013666,1.1468055314840955
236.20968414034502,1.14719536176361
236.23968664055337,1.1475850305984552
236.26968914076173,1.1479745375612416
236.29969164097008,1.1483638822247562
236.32969414117844,1.148753064161962
236.3596966413868,1.149142082946004
236.38969914159514,1.1495309381502028
236.41970164180347,1.1499196293480605
236.44970414201183,1.1503081561132584
236.47970664222018,1.150696518019659
236.50970914242853,1.1510847146413037
236.5397116426369,1.151472745552417
236.56971414284524,1.1518606103274047
236.5997166430536,1.152248308540854
236.62971914326195,1.152635839767536
236.65972164347028,1.153023203582403
236.68972414367863,1.1534103995605947
236.719726643887,1.1537974272774303
236.74972914409534,1.154184286308417
236.7797316443037,1.1545709762292446
236.80973414451205,1.1549574966157905
236.8397366447204,1.1553438470441169
236.86973914492873,1.155730027090472
236.89974164513708,1.1561160363312917
236.92974414534544,1.156501874343199
236.9597466455538,1.1568875407030053
236.98974914576215,1.1572730349877085
237.0197516459705,1.1576583567744976
237.04975414617886,1.1580435056407483
237.0797566463872,1.158428481164028
237.10975914659554,1.1588132829220934
237.1397616468039,1.1591979104928924
237.16976414701224,1.1595823634545621
237.1997666472206,1.1599666413854333
237.22976914742895,1.1603507438640284
237.2597716476373,1.16073467046906
237.28977414784566,1.1611184207794374
237.31977664805402,1.1615019943742595
237.34977914826234,1.1618853908328213
237.3797816484707,1.1622686097346113
237.40978414867905,1.1626516506593143
237.4397866488874,1.163034513186807
237.46978914909576,1.1634171968971645
237.49979164930411,1.1637997013706578
237.52979414951247,1.1641820261877531
237.5597966497208,1.1645641709291146
237.58979914992915,1.164946135175604
237.6198016501375,1.1653279185082817
237.64980415034586,1.1657095205084043
237.6798066505542,1.1660909407574298
237.70980915076257,1.1664721788370132
237.73981165097092,1.1668532343290112
237.76981415117928,1.1672341068154808
237.7998166513876,1.1676147958786776
237.82981915159596,1.1679953011010604
237.8598216518043,1.168375622065289
237.88982415201266,1.1687557583542263
237.91982665222102,1.169135709550935
237.94982915242937,1.1695154752386838
237.97983165263773,1.1698950550009428
238.00983415284608,1.1702744484213874
238.0398366530544,1.1706536550838968
238.06983915326276,1.1710326745725557
238.09984165347112,1.171411506471652
238.12984415367947,1.1717901503656818
238.15984665388783,1.1721686058393468
238.18984915409618,1.1725468724775538
238.21985165430453,1.1729249498654193
238.2498541545129,1.1733028375882646
238.27985665472121,1.173680535231621
238.30985915492957,1.1740580423812277
238.33986165513792,1.1744353586230336
238.36986415534628,1.1748124835431948
238.39986665555463,1.1751894167280794
238.429869155763,1.1755661577642655
238.45987165597134,1.1759427062385404
238.48987415617967,1.176319061737904
238.51987665638802,1.176695223849568
238.54987915659638,1.1770711921609562
238.57988165680473,1.1774469662597034
238.60988415701308,1.1778225457336595
238.63988665722144,1.1781979301708858
238.6698891574298,1.1785731191596593
238.69989165763815,1.1789481122884713
238.72989415784647,1.179322909146026
238.75989665805483,1.1796975093212447
238.78989915826318,1.1800719124032641
238.81990165847154,1.1804461179814376
238.8499041586799,1.180820125645333
238.87990665888825,1.181193934984738
238.9099091590966,1.1815675455896553
238.93991165930495,1.1819409570503072
238.96991415951328,1.1823141689571344
238.99991665972163,1.1826871809007964
239.02991915993,1.1830599924721703
239.05992166013834,1.1834326032623552
239.0899241603467,1.18380501286267
239.11992666055505,1.184177220864653
239.1499291607634,1.1845492268600655
239.17993166097173,1.184921030440887
239.2099341611801,1.1852926311993244
239.23993666138844,1.185664028727802
239.2699391615968,1.18603522261897
239.29994166180515,1.1864062124657
239.3299441620135,1.1867769978610885
239.35994666222186,1.187147578398457
239.3899491624302,1.1875179536713498
239.41995166263854,1.1878881232735372
239.4499541628469,1.188258086799016
239.47995666305525,1.1886278438420081
239.5099591632636,1.1889973939969614
239.53996166347196,1.1893667368585519
239.5699641636803,1.1897358720216813
239.59996666388867,1.190104799081481
239.62996916409702,1.1904735176333106
239.65997166430535,1.1908420272727558
239.6899741645137,1.191210327595634
239.71997666472205,1.1915784181979918
239.7499791649304,1.1919462986761056
239.77998166513876,1.1923139686264812
239.80998416534712,1.1926814276458573
239.83998666555547,1.1930486753312015
239.86998916576383,1.1934157112797155
239.89999166597215,1.1937825350888318
239.9299941661805,1.1941491463562173
239.95999666638886,1.194515544679769
239.98999916659722,1.1948817296576202
240.02000166680557,1.1952477008881377
240.05000416701392,1.195613457969921
240.08000666722228,1.1959790005018065
240.1100091674306,1.1963443280828652
240.14001166763896,1.1967094403124043
240.1700141678473,1.1970743367899657
240.20001666805567,1.1974390171153297
240.23001916826402,1.1978034808885125
240.26002166847238,1.1981677277097684
240.29002416868073,1.1985317571795902
240.32002666888908,1.198895568898707
240.3500291690974,1.199259162468089
240.38003166930577,1.1996225374889449
240.41003416951412,1.1999856935627236
240.44003666972247,1.200348630291112
240.47003916993083,1.2007113472760398
240.50004167013918,1.201073844119678
240.53004417034754,1.2014361204244366
240.5600466705559,1.2017981757929705
240.59004917076422,1.202160009828174
240.62005167097257,1.202521622133186
240.65005417118093,1.2028830123113885
240.68005667138928,1.203244179966407
240.71005917159763,1.2036051247021102
240.740061671806,1.2039658461226124
240.77006417201434,1.2043263438322727
240.80006667222267,1.2046866174356943
240.83006917243102,1.2050466665377275
240.86007167263938,1.205406490743469
240.89007417284773,1.2057660896582618
240.9200766730561,1.206125462887695
240.95007917326444,1.206484610037607
240.9800816734728,1.2068435307140821
241.01008417368115,1.207202224523455
241.04008667388948,1.2075606910723085
241.07008917409783,1.2079189299674746
241.10009167430619,1.208276940816034
241.13009417451454,1.2086347232253194
241.1600966747229,1.2089922768029133
241.19009917493125,1.209349601156648
241.2201016751396,1.2097066958946094
241.25010417534796,1.2100635606251329
241.28010667555628,1.2104201949568076
241.31010917576464,1.2107765984984755
241.340111675973,1.2111327708592317
241.37011417618135,1.211488711648423
241.4001166763897,1.2118444204756524
241.43011917659805,1.2121998969507775
241.4601216768064,1.212555140683908
241.49012417701476,1.212910151285412
241.5201266772231,1.2132649283659103
241.55012917743144,1.2136194715362838
241.5801316776398,1.213973780407666
241.61013417784815,1.21432785459145
241.6401366780565,1.2146816936992844
241.67013917826486,1.2150352973430767
241.70014167847322,1.2153886651349932
241.73014417868154,1.2157417966874575
241.7601466788899,1.2160946916131532
241.79014917909825,1.2164473495250232
241.8201516793066,1.2167997700362712
241.85015417951496,1.217151952760359
241.8801566797233,1.2175038973110122
241.91015917993167,1.2178556033022148
241.94016168014002,1.2182070703482142
241.97016418034835,1.2185582980635197
242.0001666805567,1.2189092860629032
242.03016918076506,1.2192600339613984
242.0601716809734,1.219610541374303
242.09017418118177,1.21996080791718
242.12017668139012,1.2203108332058532
242.15017918159847,1.2206606168564147
242.18018168180683,1.2210101584852184
242.21018418201515,1.221359457708886
242.2401866822235,1.221708514144304
242.27018918243186,1.2220573274086264
242.30019168264022,1.222405897119271
242.33019418284857,1.2227542228939259
242.36019668305693,1.223102304350546
242.39019918326528,1.2234501411073522
242.42020168347364,1.2237977327828369
242.45020418368196,1.2241450789957573
242.48020668389032,1.224492179365145
242.51020918409867,1.2248390335102965
242.54021168430702,1.2251856410507818
242.57021418451538,1.2255320016064384
242.60021668472373,1.2258781147973765
242.6302191849321,1.2262239802439785
242.6602216851404,1.2265695975668955
242.69022418534877,1.2269149663870538
242.72022668555712,1.2272600863256504
242.75022918576548,1.2276049570041567
242.78023168597383,1.2279495780443157
242.81023418618219,1.228293949068146
242.84023668639054,1.2286380696979387
242.8702391865989,1.228981939556261
242.90024168680722,1.2293255582659544
242.93024418701557,1.2296689254501367
242.96024668722393,1.2300120407322
242.99024918743228,1.2303549037358137
243.02025168764064,1.230697514084925
243.050254187849,1.2310398714037551
243.08025668805735,1.2313819753168065
243.1102591882657,1.2317238254488563
243.14026168847403,1.232065421424962
243.17026418868238,1.2324067628704594
243.20026668889074,1.2327478494109638
243.2302691890991,1.2330886806723687
243.26027168930744,1.2334292562808487
243.2902741895158,1.2337695758628597
243.32027668972415,1.2341096390451358
243.35027918993248,1.2344494454546946
243.38028169014083,1.2347889947188349
243.4102841903492,1.2351282864651372
243.44028669055754,1.2354673203214634
243.4702891907659,1.2358060959159611
243.50029169097425,1.236144612877058
243.5302941911826,1.236482870833467
243.56029669139096,1.2368208694141858
243.59029919159929,1.2371586082484947
243.62030169180764,1.2374960869659604
243.650304192016,1.2378333051964345
243.68030669222435,1.2381702625700546
243.7103091924327,1.238506958717243
243.74031169264106,1.2388433932687106
243.7703141928494,1.2391795658554534
243.80031669305777,1.2395154761087557
243.8303191932661,1.2398511236601892
243.86032169347445,1.2401865081416146
243.8903241936828,1.2405216291851795
243.92032669389116,1.2408564864233216
243.9503291940995,1.2411910794887682
243.98033169430786,1.2415254080145348
244.01033419451622,1.2418594716339293
244.04033669472457,1.2421932699805476
244.0703391949329,1.2425268026882785
244.10034169514125,1.2428600693913014
244.1303441953496,1.2431930697240885
244.16034669555796,1.2435258033214018
244.19034919576632,1.2438582698182978
244.22035169597467,1.2441904688501262
244.25035419618303,1.2445224000525283
244.28035669639135,1.2448540630614404
244.3103591965997,1.245185457513093
244.34036169680806,1.2455165830440111
244.3703641970164,1.2458474392910137
244.40036669722477,1.2461780258912167
244.43036919743312,1.24650834248203
244.46037169764148,1.246838388701161
244.49037419784983,1.247168164186614
244.52037669805816,1.2474976685766879
244.5503791982665,1.2478269015099817
244.58038169847487,1.2481558626253904
244.61038419868322,1.2484845515621084
244.64038669889158,1.248812967959627
244.67038919909993,1.249141111457738
244.70039169930828,1.249468981696531
244.73039419951664,1.2497965783163967
244.76039669972496,1.2501239009580254
244.79039919993332,1.2504509492624085
244.82040170014167,1.250777722870836
244.85040420035003,1.2511042214249022
244.88040670055838,1.2514304445665014
244.91040920076674,1.25175639193783
244.9404117009751,1.2520820631813878
244.97041420118342,1.2524074579399753
245.00041670139177,1.2527325758567
245.03041920160013,1.253057416574969
245.06042170180848,1.2533819797384966
245.09042420201683,1.2537062649912987
245.1204267022252,1.2540302719776983
245.15042920243354,1.2543540003423235
245.1804317026419,1.2546774497301059
245.21043420285022,1.2550006197862849
245.24043670305858,1.2553235101564062
245.27043920326693,1.2556461204863223
245.3004417034753,1.2559684504221913
245.33044420368364,1.256290499610481
245.360446703892,1.256612267697965
245.39044920410035,1.2569337543317272
245.4204517043087,1.2572549591591595
245.45045420451703,1.2575758818279619
245.48045670472538,1.257896521986145
245.51045920493374,1.2582168792820292
245.5404617051421,1.2585369533642452
245.57046420535045,1.2588567438817329
245.6004667055588,1.259176250483745
245.63046920576716,1.2594954728198455
245.6604717059755,1.2598144105399085
245.69047420618384,1.260133063294122
245.7204767063922,1.2604514307329862
245.75047920660055,1.260769512507313
245.7804817068089,1.2610873082682295
245.81048420701725,1.2614048176671755
245.8404867072256,1.2617220403559046
245.87048920743396,1.2620389759864852
245.9004917076423,1.2623556242113008
245.93049420785064,1.2626719846830505
245.960496708059,1.2629880570547474
245.99049920826735,1.263303840979722
246.0205017084757,1.2636193361116212
246.05050420868406,1.2639345421044075
246.08050670889241,1.2642494586123623
246.11050920910077,1.2645640852900821
246.1405117093091,1.2648784217924836
246.17051420951745,1.2651924677748003
246.2005167097258,1.265506222892586
246.23051920993416,1.2658196868017106
246.2605217101425,1.2661328591583665
246.29052421035087,1.2664457396190647
246.32052671055922,1.2667583278406351
246.35052921076758,1.2670706234802305
246.3805317109759,1.2673826261953218
246.41053421118426,1.2676943356437045
246.4405367113926,1.2680057514834928
246.47053921160096,1.268316873373125
246.50054171180932,1.2686277009713598
246.53054421201767,1.2689382339372806
246.56054671222603,1.2692484719302932
246.59054921243438,1.2695584146101266
246.6205517126427,1.2698680616368336
246.65055421285106,1.2701774126707925
246.68055671305942,1.2704864673727057
246.71055921326777,1.270795225403599
246.74056171347613,1.271103686424826
246.77056421368448,1.2714118500980642
246.80056671389283,1.2717197160853186
246.83056921410116,1.2720272840489197
246.86057171430951,1.2723345536515263
246.89057421451787,1.2726415245561218
246.92057671472622,1.27294819642602
246.95057921493458,1.2732545689248618
246.98058171514293,1.273560641716615
247.0105842153513,1.2738664144655787
247.04058671555964,1.2741718868363783
247.07058921576797,1.2744770584939706
247.10059171597632,1.274781929103642
247.13059421618468,1.2750864983310088
247.16059671639303,1.2753907658420174
247.19059921660138,1.2756947313029456
247.22060171680974,1.2759983943804032
247.2506042170181,1.2763017547413296
247.28060671722645,1.2766048120529987
247.31060921743477,1.276907565983014
247.34061171764313,1.2772100161993156
247.37061421785148,1.2775121623701728
247.40061671805984,1.277814004164191
247.4306192182682,1.2781155412503076
247.46062171847655,1.2784167732977956
247.4906242186849,1.2787176999762624
247.52062671889323,1.2790183209556492
247.55062921910158,1.2793186359062334
247.58063171930993,1.2796186444986284
247.6106342195183,1.2799183464037835
247.64063671972664,1.2802177412929832
247.670639219935,1.2805168288378501
247.70064172014335,1.2808156087103426
247.7306442203517,1.281114080582758
247.76064672056003,1.2814122441277307
247.7906492207684,1.2817100990182335
247.82065172097674,1.2820076449275768
247.8506542211851,1.2823048815294111
247.88065672139345,1.2826018084977262
247.9106592216018,1.28289842550685
247.94066172181016,1.2831947322314523
247.9706642220185,1.2834907283465413
248.00066672222684,1.2837864135274675
248.0306692224352,1.2840817874499217
248.06067172264355,1.2843768497899366
248.0906742228519,1.2846716002238852
248.12067672306026,1.2849660384284844
248.1506792232686,1.285260164080793
248.18068172347697,1.2855539768582114
248.21068422368532,1.2858474764384855
248.24068672389365,1.2861406624997016
248.270689224102,1.2864335347202935
248.30069172431035,1.2867260927790363
248.3306942245187,1.2870183363550514
248.36069672472706,1.2873102651278034
248.39069922493542,1.287601878777104
248.42070172514377,1.2878931769831103
248.4507042253521,1.2881841594263235
248.48070672556045,1.2884748257875933
248.5107092257688,1.2887651757481153
248.54071172597716,1.2890552089894323
248.57071422618552,1.2893449251934337
248.60071672639387,1.2896343240423578
248.63071922660222,1.2899234052187896
248.66072172681058,1.2902121684056636
248.6907242270189,1.2905006132862629
248.72072672722726,1.2907887395442201
248.7507292274356,1.2910765468635157
248.78073172764397,1.2913640349284816
248.81073422785232,1.2916512034238001
248.84073672806068,1.291938052034502
248.87073922826903,1.292224580445971
248.90074172847739,1.2925107883439406
248.9307442286857,1.2927966754144968
248.96074672889407,1.2930822413440768
248.99074922910242,1.2933674858194713
249.02075172931077,1.2936524085278212
249.05075422951913,1.2939370091566227
249.08075672972748,1.2942212873937242
249.11075922993584,1.2945052429273276
249.14076173014416,1.2947888754459886
249.17076423035252,1.295072184638618
249.20076673056087,1.295355170194481
249.23076923076923,1.295637831803197
249.26077173097758,1.2959201691547415
249.29077423118594,1.296202181939445
249.3207767313943,1.2964838698479944
249.35077923160264,1.2967652325714336
249.38078173181097,1.2970462698011613
249.41078423201932,1.2973269812289352
249.44078673222768,1.2976073665468693
249.47078923243603,1.2978874254474357
249.5007917326444,1.2981671576234635
249.53079423285274,1.298446562768142
249.5607967330611,1.2987256405750172
249.59079923326945,1.2990043907379953
249.62080173347778,1.2992828129513416
249.65080423368613,1.2995609069096818
249.68080673389449,1.2998386723080002
249.71080923410284,1.300116108841642
249.7408117343112,1.3003932162063143
249.77081423451955,1.3006699940980835
249.8008167347279,1.3009464422133783
249.83081923493626,1.3012225602489886
249.86082173514458,1.3014983479020668
249.89082423535294,1.3017738048701277
249.9208267355613,1.3020489308510492
249.95082923576965,1.3023237255430704
249.980831735978,1.3025981886447955
250.01083423618635,1.3028723198551926
250.0408367363947,1.3031461188735918
250.07083923660304,1.3034195853996897
250.1008417368114,1.3036927191335466
250.13084423701974,1.3039655197755882
250.1608467372281,1.3042379870266045
250.19084923743645,1.3045101205877532
250.2208517376448,1.3047819201605553
250.25085423785316,1.3050533854469002
250.28085673806152,1.3053245161490439
250.31085923826984,1.3055953119696078
250.3408617384782,1.3058657726115819
250.37086423868655,1.3061358977783235
250.4008667388949,1.3064056871735588
250.43086923910326,1.3066751405013797
250.4608717393116,1.3069442574662498
250.49087423951997,1.307213037772999
250.52087673972832,1.307481481126828
250.55087923993665,1.307749587233307
250.580881740145,1.3080173557983759
250.61088424035336,1.3082847865283438
250.6408867405617,1.3085518791298918
250.67088924077007,1.3088186333100718
250.70089174097842,1.3090850487763053
250.73089424118677,1.3093511252363874
250.76089674139513,1.3096168623984832
250.79089924160346,1.3098822599711308
250.8209017418118,1.3101473176632412
250.85090424202016,1.3104120351840978
250.88090674222852,1.3106764122433563
250.91090924243687,1.3109404485510467
250.94091174264523,1.3112041438175734
250.97091424285358,1.3114674977537129
251.0009167430619,1.3117305100706174
251.03091924327026,1.3119931804798137
251.06092174347862,1.3122555086932042
251.09092424368697,1.3125174944230646
251.12092674389532,1.3127791373820488
251.15092924410368,1.3130404372831843
251.18093174431203,1.3133013938398765
251.2109342445204,1.313562006765907
251.2409367447287,1.3138222757754336
251.27093924493707,1.3140822005829922
251.30094174514542,1.3143417809034958
251.33094424535378,1.3146010164522357
251.36094674556213,1.31485990694488
251.39094924577049,1.315118452097477
251.42095174597884,1.315376651626453
251.4509542461872,1.3156345052486127
251.48095674639552,1.3158920126811413
251.51095924660387,1.3161491736416038
251.54096174681223,1.3164059878479435
251.57096424702058,1.3166624550184858
251.60096674722894,1.3169185748719365
251.6309692474373,1.3171743471273811
251.66097174764565,1.3174297715042877
251.69097424785397,1.3176848477225056
251.72097674806233,1.317939575502266
251.75097924827068,1.3181939545641812
251.78098174847904,1.3184479846292476
251.8109842486874,1.3187016654188437
251.84098674889574,1.3189549966547305
251.8709892491041,1.3192079780590538
251.90099174931245,1.319460609354341
251.93099424952078,1.3197128902635056
251.96099674972913,1.3199648205098442
251.9909992499375,1.3202163998170389
252.02100175014584,1.3204676279091556
252.0510042503542,1.3207185045106458
252.08100675056255,1.3209690293463474
252.1110092507709,1.3212192021414828
252.14101175097926,1.3214690226216617
252.1710142511876,1.3217184905128785
252.20101675139594,1.3219676055415168
252.2310192516043,1.3222163674343452
252.26102175181265,1.3224647759185206
252.291024252021,1.322712830721587
252.32102675222936,1.3229605315714763
252.3510292524377,1.3232078781965098
252.38103175264607,1.3234548703253954
252.4110342528544,1.3237015076872312
252.44103675306275,1.3239477900115038
252.4710392532711,1.3241937170280902
252.50104175347946,1.3244392884672553
252.5310442536878,1.3246845040596558
252.56104675389616,1.324929363536337
252.59104925410452,1.3251738666287367
252.62105175431284,1.3254180130686817
252.6510542545212,1.325661802588392
252.68105675472955,1.3259052349204767
252.7110592549379,1.3261483097979385
252.74106175514626,1.3263910269541719
252.77106425535462,1.3266333861229627
252.80106675556297,1.3268753870384908
252.83106925577133,1.3271170294353274
252.86107175597965,1.3273583130484383
252.891074256188,1.3275992376131822
252.92107675639636,1.3278398028653124
252.95107925660471,1.3280800085409745
252.98108175681307,1.3283198543767105
253.01108425702142,1.328559340109456
253.04108675722978,1.3287984654765412
253.07108925743813,1.3290372302156932
253.10109175764646,1.329275634065032
253.1310942578548,1.3295136767630766
253.16109675806317,1.3297513580487395
253.19109925827152,1.329988677661331
253.22110175847988,1.330225635340557
253.25110425868823,1.330462230826522
253.28110675889658,1.3306984638597263
253.3111092591049,1.330934334181068
253.34111175931326,1.3311698415318434
253.37111425952162,1.331404985653747
253.40111675972997,1.3316397662888717
253.43111925993833,1.331874183179708
253.46112176014668,1.3321082360691472
253.49112426035504,1.3323419247004777
253.5211267605634,1.3325752488173892
253.55112926077172,1.3328082081639705
253.58113176098007,1.3330408024847107
253.61113426118843,1.3332730315244987
253.64113676139678,1.3335048950286246
253.67113926160513,1.3337363927427794
253.7011417618135,1.333967524413055
253.73114426202184,1.3341982897859452
253.7611467622302,1.3344286886083447
253.79114926243852,1.334658720627551
253.82115176264688,1.3348883855912643
253.85115426285523,1.3351176832475866
253.8811567630636,1.3353466133450225
253.91115926327194,1.3355751756324805
253.9411617634803,1.3358033698592728
253.97116426368865,1.3360311957751139
254.001166763897,1.3362586531301237
254.03116926410533,1.3364857416748248
254.06117176431368,1.3367124611601469
254.09117426452204,1.3369388113374214
254.1211767647304,1.3371647919583871
254.15117926493875,1.3373904027751864
254.1811817651471,1.3376156435403685
254.21118426535546,1.337840514006889
254.24118676556378,1.3380650139281072
254.27118926577214,1.3382891430577912
254.3011917659805,1.338512901150115
254.33119426618885,1.3387362879596596
254.3611967663972,1.3389593032414127
254.39119926660555,1.3391819467507704
254.4212017668139,1.3394042182435355
254.45120426702226,1.3396261174759199
254.4812067672306,1.3398476442045433
254.51120926743894,1.340068798186434
254.5412117676473,1.340289579179029
254.57121426785565,1.3405099869401742
254.601216768064,1.3407300212281261
254.63121926827236,1.3409496818015487
254.66122176848071,1.3411689684195183
254.69122426868907,1.3413878808415192
254.7212267688974,1.3416064188274475
254.75122926910575,1.3418245821376091
254.7812317693141,1.3420423705327225
254.81123426952246,1.342259783773915
254.8412367697308,1.3424768216227267
254.87123926993917,1.3426934838411102
254.90124177014752,1.342909770191428
254.93124427035585,1.343125680436457
254.9612467705642,1.343341214339385
254.99124927077256,1.3435563716638144
255.0212517709809,1.3437711521737579
255.05125427118926,1.3439855556336444
255.08125677139762,1.3441995818083141
255.11125927160597,1.3444132304630225
255.14126177181433,1.3446265013634386
255.17126427202265,1.3448393942756451
255.201266772231,1.3450519089661406
255.23126927243936,1.3452640452018374
255.26127177264772,1.3454758027500637
255.29127427285607,1.3456871813785625
255.32127677306443,1.3458981808554928
255.35127927327278,1.3461088009494286
255.38128177348113,1.346319041429361
255.41128427368946,1.3465289020646973
255.44128677389782,1.3467383826252615
255.47128927410617,1.3469474828812933
255.50129177431452,1.3471562026034507
255.53129427452288,1.3473645415628095
255.56129677473123,1.3475724995308616
255.5912992749396,1.347780076279518
255.62130177514794,1.3479872715811068
255.65130427535627,1.3481940852083756
255.68130677556462,1.3484005169344901
255.71130927577298,1.3486065665330351
255.74131177598133,1.3488122337780135
255.77131427618968,1.3490175184438489
255.80131677639804,1.3492224203053842
255.8313192766064,1.3494269391378813
255.86132177681472,1.349631074717023
255.89132427702307,1.3498348268189126
255.92132677723143,1.350038195220074
255.95132927743978,1.3502411796974507
255.98133177764814,1.3504437800284088
256.01133427785646,1.3506459959907346
256.0413367780648,1.3508478273626379
256.0713392782732,1.3510492739227473
256.1013417784815,1.3512503354501166
256.1313442786899,1.3514510117242193
256.16134677889823,1.351651302524953
256.1913492791066,1.3518512076326379
256.22135177931494,1.3520507268280164
256.2513542795233,1.3522498598922554
256.28135677973165,1.3524486066069443
256.31135927994,1.3526469667540968
256.34136178014836,1.3528449401161504
256.3713642803567,1.3530425264759667
256.40136678056507,1.3532397256168318
256.4313692807734,1.3534365373224575
256.4613717809817,1.353632961376978
256.4913742811901,1.3538289975649562
256.52137678139843,1.3540246456713771
256.5513792816068,1.3542199054816537
256.58138178181514,1.354414776781624
256.6113842820235,1.3546092593575512
256.64138678223185,1.3548033529961268
256.6713892824402,1.354997057484467
256.70139178264856,1.355190372610116
256.7313942828569,1.355383298161045
256.76139678306527,1.3555758339256518
256.7913992832736,1.3557679796927624
256.821401783482,1.3559597352516304
256.85140428369033,1.3561511003919366
256.8814067838987,1.3563420749037918
256.911409284107,1.3565326585777326
256.94141178431533,1.3567228512047271
256.9714142845237,1.356912652576171
257.00141678473204,1.357102062483888
257.0314192849404,1.3572910807201337
257.06142178514875,1.3574797070775908
257.0914242853571,1.357667941349373
257.12142678556546,1.3578557833290246
257.1514292857738,1.358043232810519
257.18143178598217,1.3582302895882603
257.2114342861905,1.3584169534570847
257.2414367863989,1.358603224212257
257.27143928660723,1.3587891016494753
257.3014417868156,1.3589745855648676
257.33144428702394,1.3591596757549946
257.3614467872323,1.3593443720168485
257.3914492874406,1.3595286741478525
257.42145178764895,1.3597125819458644
257.4514542878573,1.359896095209172
257.48145678806566,1.3600792137364974
257.511459288274,1.3602619373269955
257.54146178848237,1.3604442657802536
257.5714642886907,1.360626198896293
257.6014667888991,1.3608077364755689
257.63146928910743,1.360988878318969
257.6614717893158,1.361169624227817
257.69147428952414,1.3613499740038688
257.7214767897325,1.3615299274493164
257.75147928994085,1.361709484366786
257.7814817901492,1.3618886445593381
257.81148429035755,1.3620674078304695
257.84148679056585,1.3622457739841105
257.8714892907742,1.3624237428246293
257.90149179098256,1.3626013141568287
257.9314942911909,1.3627784877859468
257.96149679139927,1.3629552635176587
257.9914992916076,1.3631316411580765
258.021501791816,1.3633076205137478
258.05150429202433,1.3634832013916574
258.0815067922327,1.3636583835992273
258.11150929244104,1.3638331669443167
258.1415117926494,1.3640075512352225
258.17151429285775,1.3641815362806788
258.2015167930661,1.364355121889858
258.23151929327446,1.3645283078723704
258.2615217934828,1.3647010940382645
258.2915242936911,1.364873480198028
258.32152679389947,1.3650454661625862
258.3515292941078,1.3652170517433047
258.3815317943162,1.365388236751987
258.41153429452453,1.3655590210008763
258.4415367947329,1.3657294043026564
258.47153929494124,1.365899386470449
258.5015417951496,1.3660689673178168
258.53154429535795,1.3662381466587634
258.5615467955663,1.3664069243077313
258.59154929577466,1.3665753000796046
258.621551795983,1.3667432737897074
258.65155429619136,1.3669108452538055
258.6815567963997,1.367078014288106
258.7115592966081,1.3672447807092563
258.7415617968164,1.3674111443343466
258.7715642970247,1.3675771049809078
258.8015667972331,1.367742662466914
258.83156929744143,1.367907816610781
258.8615717976498,1.368072567231366
258.89157429785814,1.3682369141479702
258.9215767980665,1.3684008571803372
258.95157929827485,1.3685643961486527
258.9815817984832,1.3687275308735471
259.01158429869156,1.3688902611760927
259.0415867988999,1.369052586877806
259.07158929910827,1.3692145078006481
259.1015917993166,1.3693760237670223
259.131594299525,1.3695371345997776
259.16159679973333,1.3696978401222064
259.1915992999417,1.3698581401580463
259.22160180015,1.370018034531479
259.25160430035834,1.370177523067132
259.2816068005667,1.370336605590077
259.31160930077505,1.370495281925832
259.3416118009834,1.370653551900359
259.37161430119176,1.3708114153400677
259.4016168014001,1.3709688720718116
259.43161930160846,1.371125921922892
259.4616218018168,1.3712825647210558
259.4916243020252,1.3714388002944957
259.5216268022335,1.3715946284718523
259.5516293024419,1.371750049082212
259.58163180265024,1.371905061955109
259.6116343028586,1.3720596669205243
259.64163680306694,1.3722138638088859
259.6716393032753,1.3723676524510704
259.7016418034836,1.3725210326784008
259.73164430369195,1.3726740043226497
259.7616468039003,1.3728265672160367
259.79164930410866,1.3729787211912299
259.821651804317,1.3731304660813457
259.85165430452537,1.3732818017199504
259.8816568047337,1.3734327279410572
259.9116593049421,1.37358324457913
259.94166180515043,1.373733351469081
259.9716643053588,1.3738830484462725
260.00166680556714,1.374032335346516
260.0316693057755,1.3741812120060726
260.06167180598385,1.3743296782616539
260.0916743061922,1.3744777339504208
260.12167680640056,1.3746253789099854
260.15167930660886,1.3747726129784097
260.1816818068172,1.3749194359942067
260.21168430702556,1.3750658477963402
260.2416868072339,1.3752118482242253
260.2716893074423,1.375357437117727
260.3016918076506,1.3755026143171636
260.331694307859,1.375647379663303
260.36169680806734,1.3757917329973663
260.3916993082757,1.3759356741610265
260.42170180848404,1.376079202996407
260.4517043086924,1.3762223193460859
260.48170680890075,1.376365023053091
260.5117093091091,1.376507313960905
260.54171180931746,1.3766491919134627
260.5717143095258,1.3767906567551509
260.60171680973417,1.3769317083308106
260.63171930994247,1.3770723464857353
260.6617218101508,1.3772125710656726
260.6917243103592,1.3773523819168236
260.72172681056753,1.3774917788858425
260.7517293107759,1.3776307618198385
260.78173181098424,1.3777693305663743
260.8117343111926,1.3779074849734665
260.84173681140095,1.378045224889587
260.8717393116093,1.3781825501636615
260.90174181181766,1.3783194606450713
260.931744312026,1.3784559561836525
260.96174681223437,1.378592036629695
260.9917493124427,1.3787277018339463
261.0217518126511,1.3788629516476072
261.05175431285943,1.3789977859223352
261.0817568130677,1.3791322045102432
261.1117593132761,1.3792662072639006
261.14176181348444,1.3793997940363323
261.1717643136928,1.3795329646810195
261.20176681390114,1.3796657190519
261.2317693141095,1.3797980570033679
261.26177181431785,1.3799299783902743
261.2917743145262,1.380061483067927
261.32177681473456,1.3801925708920915
261.3517793149429,1.3803232417189895
261.38178181515127,1.3804534954053005
261.4117843153596,1.3805833318081615
261.441786815568,1.3807127507851675
261.47178931577633,1.380841752194371
261.5017918159847,1.3809703358942826
261.53179431619304,1.3810985017438708
261.56179681640134,1.3812262496025627
261.5917993166097,1.3813535793302436
261.62180181681805,1.3814804907872582
261.6518043170264,1.3816069838344087
261.68180681723476,1.3817330583329568
261.7118093174431,1.381858714144624
261.74181181765147,1.3819839511315894
261.7718143178598,1.382108769156493
261.8018168180682,1.3822331680824336
261.83181931827653,1.3823571477729697
261.8618218184849,1.3824807080921198
261.89182431869324,1.3826038489043622
261.9218268189016,1.3827265700746354
261.95182931910995,1.3828488714683382
261.9818318193183,1.3829707529513298
262.0118343195266,1.3830922143899298
262.04183681973495,1.3832132556509187
262.0718393199433,1.3833338766015377
262.10184182015166,1.3834540771094894
262.13184432036,1.383573857042937
262.16184682056837,1.3836932162705053
262.1918493207767,1.3838121546612805
262.2218518209851,1.38393067208481
262.25185432119343,1.3840487684111036
262.2818568214018,1.3841664435106324
262.31185932161014,1.3842836972543298
262.3418618218185,1.3844005295135915
262.37186432202685,1.3845169401602748
262.4018668222352,1.3846329290667003
262.43186932244356,1.3847484961056504
262.46187182265186,1.3848636411503703
262.4918743228602,1.3849783640745694
262.52187682306857,1.3850926647524178
262.5518793232769,1.3852065430585505
262.5818818234853,1.385319998868065
262.61188432369363,1.3854330320565222
262.641886823902,1.385545642499947
262.67188932411034,1.3856578300748277
262.7018918243187,1.3857695946581159
262.73189432452705,1.385880936127228
262.7618968247354,1.3859918543600438
262.79189932494376,1.3861023492349078
262.8219018251521,1.3862124206306286
262.85190432536047,1.386322068426479
262.8819068255688,1.3864312925021973
262.9119093257772,1.3865400927379854
262.94191182598547,1.3866484690145109
262.9719143261938,1.386756421212906
263.0019168264022,1.386863949214768
263.03191932661053,1.3869710529021602
263.0619218268189,1.3870777321576098
263.09192432702724,1.3871839868641112
263.1219268272356,1.3872898169051233
263.15192932744395,1.3873952221645711
263.1819318276523,1.3875002025268457
263.21193432786066,1.387604757876804
263.241936828069,1.3877088880997692
263.27193932827737,1.3878125930815306
263.3019418284857,1.387915872708344
263.3319443286941,1.388018726866932
263.36194682890243,1.3881211554444832
263.39194932911073,1.3882231583286533
263.4219518293191,1.3883247354075658
263.45195432952744,1.3884258865698096
263.4819568297358,1.388526611704442
263.51195932994415,1.388626910700987
263.5419618301525,1.388726783449436
263.57196433036086,1.3888262298402483
263.6019668305692,1.38892524976435
263.63196933077757,1.389023843113136
263.6619718309859,1.389122009778469
263.6919743311943,1.3892197496526781
263.7219768314026,1.3893170626285627
263.751979331611,1.389413948599389
263.78198183181934,1.3895104074588918
263.8119843320277,1.3896064391012748
263.84198683223605,1.3897020434212097
263.87198933244434,1.3897972203138373
263.9019918326527,1.3898919696747671
263.93199433286105,1.3899862914000778
263.9619968330694,1.3900801853863163
263.99199933327776,1.3901736515304992
264.0220018334861,1.3902666897301126
264.05200433369447,1.3903592998831118
264.0820068339028,1.390451481887921
264.1120093341112,1.390543235643435
264.14201183431953,1.3906345610490174
264.1720143345279,1.390725458004502
264.20201683473624,1.390815926410193
264.2320193349446,1.3909059661668635
264.26202183515295,1.390995577175758
264.2920243353613,1.3910847593385902
264.3220268355696,1.3911735125575446
264.35202933577796,1.391261836735277
264.3820318359863,1.391349731774912
264.41203433619467,1.3914371975800461
264.442036836403,1.391524234054747
264.4720393366114,1.3916108411035515
264.5020418368197,1.3916970186314694
264.5320443370281,1.3917827665439804
264.56204683723644,1.3918680847470357
264.5920493374448,1.391952973147058
264.62205183765315,1.392037431650941
264.6520543378615,1.3921214601660505
264.68205683806985,1.392205058600223
264.7120593382782,1.3922882268617678
264.74206183848656,1.3923709648594653
264.7720643386949,1.3924532725025682
264.8020668389032,1.3925351497008007
264.83206933911157,1.3926165963643597
264.8620718393199,1.3926976124039139
264.8920743395283,1.3927781977306048
264.92207683973663,1.3928583522560456
264.952079339945,1.3929380758923227
264.98208184015334,1.3930173685519944
265.0120843403617,1.3930962301480925
265.04208684057005,1.3931746605941209
265.0720893407784,1.3932526598040567
265.10209184098676,1.3933302276923498
265.1320943411951,1.3934073641739237
265.16209684140347,1.3934840691641743
265.1920993416118,1.3935603425789718
265.2221018418202,1.3936361843346583
265.2521043420285,1.3937115943480503
265.28210684223683,1.3937865725364382
265.3121093424452,1.3938611188175851
265.34211184265354,1.3939352331097283
265.3721143428619,1.394008915331579
265.40211684307025,1.394082165402322
265.4321193432786,1.3941549832416162
265.46212184348695,1.3942273687695947
265.4921243436953,1.3942993219068647
265.52212684390366,1.3943708425745074
265.552129344112,1.3944419306940787
265.5821318443204,1.3945125861876089
265.6121343445287,1.3945828089776022
265.6421368447371,1.3946525989870384
265.67213934494544,1.394721956139371
265.7021418451538,1.3947908803585292
265.7321443453621,1.394859371568916
265.76214684557044,1.3949274296954104
265.7921493457788,1.3949950546633654
265.82215184598715,1.3950622463986098
265.8521543461955,1.3951290048274474
265.88215684640386,1.395195329876657
265.9121593466122,1.3952612214734932
265.94216184682057,1.3953266795456856
265.9721643470289,1.3953917040214394
266.0021668472373,1.3954562948294353
266.03216934744563,1.3955204518988298
266.062171847654,1.3955841751592555
266.09217434786234,1.3956474645408197
266.1221768480707,1.3957103199741068
266.15217934827905,1.3957727413901762
266.18218184848735,1.395834728720564
266.2121843486957,1.3958962818972822
266.24218684890405,1.395957400852819
266.2721893491124,1.3960180855201385
266.30219184932076,1.3960783358326818
266.3321943495291,1.3961381517243656
266.3621968497375,1.396197533129584
266.3921993499458,1.396256479983207
266.4222018501542,1.3963149922205809
266.45220435036254,1.3963730697775296
266.4822068505709,1.3964307125903535
266.51220935077924,1.3964879205958292
266.5422118509876,1.396544693731211
266.57221435119595,1.3966010319342295
266.6022168514043,1.3966569351430929
266.6322193516126,1.3967124032964862
266.66222185182096,1.3967674363335716
266.6922243520293,1.3968220341939885
266.72222685223767,1.3968761968178538
266.752229352446,1.3969299241457618
266.7822318526544,1.3969832161187838
266.81223435286273,1.3970360726784687
266.8422368530711,1.3970884937668437
266.87223935327944,1.3971404793264126
266.9022418534878,1.3971920293001576
266.93224435369615,1.3972431436315382
266.9622468539045,1.3972938222644922
266.99224935411286,1.3973440651434348
267.0222518543212,1.3973938722132595
267.05225435452957,1.3974432434193371
267.0822568547379,1.3974921787075179
267.1122593549462,1.3975406780241286
267.1422618551546,1.3975887413159755
267.1722643553629,1.3976363685303421
267.2022668555713,1.3976835596149906
267.23226935577964,1.3977303145181619
267.262271855988,1.3977766331885748
267.29227435619634,1.397822515575427
267.3222768564047,1.3978679616283936
267.35227935661305,1.39791297129763
267.3822818568214,1.397957544533769
267.41228435702976,1.3980016812879226
267.4422868572381,1.3980453815116811
267.47228935744647,1.398088645157114
267.5022918576548,1.3981314721767695
267.5322943578632,1.3981738625236748
267.5622968580715,1.3982158161513358
267.59229935827983,1.3982573330137376
267.6223018584882,1.3982984130653442
267.65230435869654,1.3983390562610987
267.6823068589049,1.3983792625564238
267.71230935911325,1.3984190319072205
267.7423118593216,1.39845836426987
267.77231435952996,1.3984972596012324
267.8023168597383,1.3985357178586466
267.83231935994667,1.3985737389999318
267.862321860155,1.398611322983386
267.8923243603634,1.3986484697677868
267.92232686057173,1.3986851793123918
267.9523293607801,1.3987214515769373
267.98233186098844,1.39875728652164
268.0123343611968,1.3987926841071958
268.0423368614051,1.3988276442947805
268.07233936161344,1.3988621670460497
268.1023418618218,1.3988962523231383
268.13234436203015,1.3989299000886617
268.1623468622385,1.398963110305715
268.19234936244686,1.3989958829378724
268.2223518626552,1.3990282179491893
268.25235436286357,1.3990601153042004
268.2823568630719,1.3990915749679202
268.3123593632803,1.3991225969058438
268.34236186348863,1.3991531810839462
268.372364363697,1.3991833274686825
268.40236686390534,1.3992130360269877
268.4323693641137,1.3992423067262778
268.46237186432205,1.3992711395344481
268.49237436453035,1.3992995344198749
268.5223768647387,1.3993274913514142
268.55237936494706,1.3993550102984031
268.5823818651554,1.3993820912306585
268.61238436536377,1.3994087341184778
268.6423868655721,1.399434938932639
268.6723893657805,1.3994607056444004
268.70239186598883,1.3994860342255013
268.7323943661972,1.3995109246481607
268.76239686640554,1.399535376885079
268.7923993666139,1.3995593909094368
268.82240186682225,1.3995829666948951
268.8524043670306,1.3996061042155963
268.88240686723896,1.3996288034461626
268.9124093674473,1.3996510643616977
268.94241186765566,1.3996728869377857
268.97241436786396,1.399694271150491
269.0024168680723,1.3997152169763598
269.03241936828067,1.3997357243924187
269.062421868489,1.3997557933761744
269.0924243686974,1.399775423905616
269.12242686890573,1.3997946159592116
269.1524293691141,1.399813369515912
269.18243186932244,1.3998316845551484
269.2124343695308,1.399849561056832
269.24243686973915,1.3998669990013561
269.2724393699475,1.399883998369595
269.30244187015586,1.3999005591429032
269.3324443703642,1.399916681303117
269.36244687057257,1.3999323648325535
269.3924493707809,1.3999476097140109
269.4224518709892,1.3999624159307684
269.4524543711976,1.3999767834665866
269.48245687140593,1.3999907123057072
269.5124593716143,1.400004202432853
269.54246187182264,1.4000172538332276
269.572464372031,1.4000298664925166
269.60246687223935,1.4000420403968858
269.6324693724477,1.4000537755329836
269.66247187265606,1.4000650718879382
269.6924743728644,1.4000759294493599
269.72247687307276,1.40008634820534
269.7524793732811,1.4000963281444512
269.7824818734895,1.4001058692557475
269.8124843736978,1.4001149715287642
269.8424868739062,1.4001236349535178
269.8724893741145,1.4001318595205061
269.90249187432283,1.4001396452207084
269.9324943745312,1.4001469920455853
269.96249687473954,1.400153899987079
269.9924993749479,1.4001603690376125
270.02250187515625,1.4001663991900908
270.0525043753646,1.4001719904379
270.08250687557296,1.4001771427749072
270.1125093757813,1.4001818561954615
270.14251187598967,1.4001861306943932
270.172514376198,1.4001899662670143
270.2025168764064,1.4001933629091174
270.23251937661473,1.4001963206169774
270.2625218768231,1.4001988393873503
270.29252437703144,1.4002009192174731
270.3225268772398,1.4002025601050652
270.3525293774481,1.4002037620483263
270.38253187765645,1.4002045250459385
270.4125343778648,1.4002048490970649
270.44253687807316,1.4002047342013497
270.4725393782815,1.4002041803589194
270.50254187848986,1.4002031875703813
270.5325443786982,1.4002017558368243
270.5625468789066,1.4001998851598185
270.5925493791149,1.400197575541416
270.6225518793233,1.40019482698415
270.65255437953164,1.4001916394910348
270.68255687974,1.4001880130655666
270.71255937994835,1.400183947711723
270.7425618801567,1.400179443433963
270.77256438036505,1.4001745002372266
270.80256688057335,1.4001691181269358
270.8325693807817,1.4001632971089935
270.86257188099006,1.4001570371897842
270.8925743811984,1.4001503383761742
270.92257688140677,1.4001432006755103
270.9525793816151,1.4001356240956218
270.9825818818235,1.400127608644818
271.01258438203183,1.4001191543318907
271.0425868822402,1.4001102611661125
271.07258938244854,1.4001009291572377
271.1025918826569,1.4000911583155016
271.13259438286525,1.4000809486516208
271.1625968830736,1.4000703001767931
271.19259938328196,1.4000592129026985
271.2226018834903,1.4000476868414968
271.25260438369867,1.4000357220058304
271.28260688390696,1.4000233184088222
271.3126093841153,1.4000104760640766
271.3426118843237,1.3999971949856789
271.372614384532,1.399983475188196
271.4026168847404,1.399969316686676
271.43261938494874,1.399954719496648
271.4626218851571,1.399939683634122
271.49262438536545,1.3999242091155897
271.5226268855738,1.3999082959580234
271.55262938578215,1.399891944178877
271.5826318859905,1.3998751537960852
271.61263438619886,1.3998579248280634
271.6426368864072,1.399840257293709
271.6726393866156,1.3998221512123994
271.7026418868239,1.3998036066039936
271.7326443870322,1.3997846234888316
271.7626468872406,1.3997652018877338
271.79264938744893,1.399745341822002
271.8226518876573,1.3997250433134192
271.85265438786564,1.3997043063842487
271.882656888074,1.3996831310572346
271.91265938828235,1.3996615173556024
271.9426618884907,1.3996394653030584
271.97266438869906,1.3996169749237888
272.0026668889074,1.3995940462424614
272.03266938911577,1.3995706792842246
272.0626718893241,1.3995468740747077
272.0926743895325,1.3995226306400197
272.12267688974083,1.3994979490067514
272.1526793899492,1.3994728292019736
272.18268189015754,1.399447271253238
272.21268439036584,1.3994212751885764
272.2426868905742,1.3993948410365016
272.27268939078255,1.3993679688260066
272.3026918909909,1.3993406585865653
272.33269439119925,1.3993129103481314
272.3626968914076,1.3992847241411395
272.39269939161596,1.3992560999965042
272.4227018918243,1.3992270379456209
272.4527043920327,1.3991975380203647
272.482706892241,1.3991676002530915
272.5127093924494,1.3991372246766371
272.54271189265774,1.3991064113243177
272.5727143928661,1.3990751602299294
272.60271689307444,1.3990434714277487
272.6327193932828,1.3990113449525319
272.6627218934911,1.3989787808395155
272.69272439369945,1.3989457791244164
272.7227268939078,1.3989123398434304
272.75272939411616,1.3988784630332343
272.7827318943245,1.3988441487309844
272.81273439453287,1.3988093969743167
272.8427368947412,1.3987742078013472
272.8727393949496,1.3987385812506712
272.90274189515793,1.3987025173613645
272.9327443953663,1.3986660161729823
272.96274689557464,1.3986290777255588
272.992749395783,1.3985917020596086
273.02275189599135,1.3985538892161256
273.0527543961997,1.398515639236583
273.08275689640806,1.3984769521629334
273.1127593966164,1.3984378280376093
273.1427618968247,1.3983982669035222
273.17276439703306,1.3983582688040628
273.2027668972414,1.3983178337831013
273.2327693974498,1.398276961884987
273.2627718976581,1.3982356531545488
273.2927743978665,1.398193907637094
273.32277689807484,1.398151725378409
273.3527793982832,1.3981091064247602
273.38278189849154,1.398066050822892
273.4127843986999,1.3980225586200279
273.44278689890825,1.3979786298638703
273.4727893991166,1.397934264602601
273.50279189932496,1.3978894628848795
273.5327943995333,1.3978442247598448
273.56279689974167,1.3977985502771144
273.59279939994997,1.3977524394867844
273.6228019001583,1.397705892439429
273.6528044003667,1.3976589091861016
273.68280690057503,1.3976114897783334
273.7128094007834,1.3975636342681343
273.74281190099174,1.397515342707993
273.7728144012001,1.397466615150875
273.80281690140845,1.3974174516502258
273.8328194016168,1.3973678522599677
273.86282190182516,1.397317817034502
273.8928244020335,1.3972673460287073
273.92282690224187,1.3972164392979405
273.9528294024502,1.3971650968980363
273.9828319026586,1.3971133188853075
274.01283440286693,1.3970611053165443
274.0428369030752,1.3970084562490153
274.0728394032836,1.3969553717404657
274.10284190349194,1.3969018518491192
274.1328444037003,1.3968478966336766
274.16284690390864,1.396793506153316
274.192849404117,1.3967386804676938
274.22285190432535,1.3966834196369426
274.2528544045337,1.396627723721673
274.28285690474206,1.3965715927829727
274.3128594049504,1.3965150268824063
274.34286190515877,1.3964580260820152
274.3728644053671,1.3964005904443186
274.4028669055755,1.3963427200323124
274.43286940578383,1.3962844149094686
274.4628719059922,1.396225675139737
274.49287440620054,1.396166500787544
274.52287690640884,1.3961068919177915
274.5528794066172,1.3960468485958593
274.58288190682555,1.3959863708876032
274.6128844070339,1.3959254588593555
274.64288690724226,1.395864112577925
274.6728894074506,1.3958023321105963
274.70289190765897,1.3957401175251307
274.7328944078673,1.3956774688897655
274.7628969080757,1.395614386273214
274.79289940828403,1.395550869744666
274.8229019084924,1.395486919373786
274.85290440870074,1.3954225352307157
274.8829069089091,1.3953577173860716
274.91290940911745,1.3952924659109467
274.9429119093258,1.3952267808769085
274.9729144095341,1.3951606623560018
275.00291690974245,1.3950941104207446
275.0329194099508,1.395027125144132
275.06292191015916,1.3949597065996335
275.0929244103675,1.3948918548611946
275.12292691057587,1.394823570003235
275.1529294107842,1.39475485210065
275.1829319109926,1.39468570122881
275.21293441120093,1.39461611746356
275.2429369114093,1.3945461008812197
275.27293941161764,1.3944756515585837
275.302941911826,1.3944047695729211
275.33294441203435,1.3943334550019757
275.3629469122427,1.394261707923966
275.39294941245106,1.3941895284175843
275.4229519126594,1.3941169165619973
275.4529544128677,1.3940438724368467
275.48295691307607,1.393970396122247
275.5129594132844,1.3938964876987878
275.5429619134928,1.393822147247532
275.57296441370113,1.3937473748500169
275.6029669139095,1.393672170588253
275.63296941411784,1.393596534544725
275.6629719143262,1.393520466802391
275.69297441453455,1.393443967444682
275.7229769147429,1.3933670365555033
275.75297941495126,1.393289674219233
275.7829819151596,1.3932118805207228
275.81298441536796,1.393133655545297
275.8429869155763,1.3930549993787529
275.8729894157847,1.3929759121073615
275.90299191599297,1.392896393817866
275.9329944162013,1.3928164445974822
275.9629969164097,1.3927360645338993
275.99299941661803,1.3926552537152783
276.0230019168264,1.392574012230253
276.05300441703474,1.3924923401679294
276.0830069172431,1.392410237617886
276.11300941745145,1.3923277046701734
276.1430119176598,1.392244741415314
276.17301441786816,1.3921613479443025
276.2030169180765,1.392077524348605
276.23301941828487,1.3919932707201599
276.2630219184932,1.3919085871513772
276.2930244187016,1.3918234737351383
276.32302691890993,1.3917379305647954
276.3530294191183,1.3916519577341737
276.3830319193266,1.391565555337568
276.41303441953494,1.391478723469745
276.4430369197433,1.3913914622259425
276.47303941995165,1.3913037717018688
276.50304192016,1.3912156519937038
276.53304442036836,1.3911271031980974
276.5630469205767,1.3910381254121704
276.59304942078506,1.3909487187335143
276.6230519209934,1.3908588832601905
276.6530544212018,1.3907686190907314
276.6830569214101,1.390677926324139
276.7130594216185,1.3905868050598855
276.74306192182684,1.3904952553979135
276.7730644220352,1.3904032774386352
276.80306692224354,1.3903108712829322
276.83306942245184,1.3902180370321564
276.8630719226602,1.3901247747881285
276.89307442286855,1.3900310846531396
276.9230769230769,1.389936966729949
276.95307942328526,1.3898424211217857
276.9830819234936,1.3897474479323484
277.01308442370197,1.3896520472658036
277.0430869239103,1.389556219226788
277.0730894241187,1.3894599639204057
277.10309192432703,1.38936328145223
277.1330944245354,1.3892661719283033
277.16309692474374,1.3891686354551354
277.1930994249521,1.3890706721397048
277.22310192516045,1.3889722820894586
277.2531044253688,1.3888734654123112
277.28310692557716,1.3887742222166453
277.31310942578546,1.3886745526113118
277.3431119259938,1.388574456705628
277.37311442620216,1.3884739346093802
277.4031169264105,1.3883729864328216
277.4331194266189,1.3882716122866725
277.4631219268272,1.3881698122821209
277.4931244270356,1.3880675865308212
277.52312692724394,1.3879649351448955
277.5531294274523,1.387861858236932
277.58313192766065,1.3877583559199866
277.613134427869,1.3876544283075807
277.64313692807735,1.387550075513703
277.6731394282857,1.3874452976528078
277.70314192849406,1.3873400948398162
277.7331444287024,1.3872344671901158
277.7631469289107,1.3871284148195588
277.79314942911907,1.3870219378444641
277.8231519293274,1.3869150363816165
277.8531544295358,1.3868077105482661
277.88315692974413,1.3866999604621282
277.9131594299525,1.3865917862413841
277.94316193016084,1.386483188004679
277.9731644303692,1.3863741658711253
278.00316693057755,1.3862647199602982
278.0331694307859,1.3861548503922385
278.06317193099426,1.3860445572874522
278.0931744312026,1.385933840766909
278.12317693141097,1.3858227009520439
278.1531794316193,1.385711137964755
278.1831819318277,1.3855991519274056
278.213184432036,1.3854867429628226
278.2431869322443,1.3853739111942966
278.2731894324527,1.385260656745582
278.30319193266104,1.385146979740897
278.3331944328694,1.3850328803049232
278.36319693307775,1.3849183585628055
278.3931994332861,1.384803414640152
278.42320193349445,1.3846880486630337
278.4532044337028,1.3845722607579847
278.48320693391116,1.3844560510520014
278.5132094341195,1.384339419672544
278.54321193432787,1.384222366747534
278.5732144345362,1.3841048924053554
278.6032169347446,1.3839869967748553
278.63321943495293,1.383868679985342
278.6632219351613,1.3837499421665855
278.6932244353696,1.3836307834488193
278.72322693557794,1.383511203962736
278.7532294357863,1.3833912038394918
278.78323193599465,1.3832707832107032
278.813234436203,1.3831499422084481
278.84323693641136,1.3830286809652659
278.8732394366197,1.3829069996141563
278.90324193682807,1.3827848982885804
278.9332444370364,1.3826623771224593
278.9632469372448,1.3825394362501748
278.99324943745313,1.3824160758065696
279.0232519376615,1.3822922959269455
279.05325443786984,1.382168096747065
279.0832569380782,1.382043478403151
279.11325943828655,1.381918441031885
279.14326193849485,1.3817929847704093
279.1732644387032,1.3816671097563245
279.20326693891155,1.3815408161276908
279.2332694391199,1.381414104023028
279.26327193932826,1.3812869735813147
279.2932744395366,1.3811594249419883
279.32327693974497,1.3810314582449448
279.3532794399533,1.3809030736305383
279.3832819401617,1.3807742712395825
279.41328444037003,1.3806450512133481
279.4432869405784,1.3805154136935642
279.47328944078674,1.3803853588224184
279.5032919409951,1.3802548867425553
279.53329444120345,1.3801239975970774
279.5632969414118,1.3799926915295446
279.59329944162016,1.3798609686839742
279.62330194182846,1.3797288292048406
279.6533044420368,1.3795962732370746
279.68330694224517,1.379463300926065
279.7133094424535,1.3793299124176561
279.7433119426619,1.3791961078581492
279.77331444287023,1.3790618873943021
279.8033169430786,1.3789272511733282
279.83331944328694,1.378792199342897
279.8633219434953,1.3786567320511351
279.89332444370365,1.3785208494466228
279.923326943912,1.3783845516783972
279.95332944412036,1.3782478388959507
279.9833319443287,1.37811071124923
280.01333444453707,1.3779731688886379
280.0433369447454,1.3778352119650314
280.0733394449537,1.3776968406297228
280.1033419451621,1.3775580550344781
280.1333444453704,1.377418855331518
280.1633469455788,1.3772792416735178
280.19334944578713,1.3771392142136065
280.2233519459955,1.3769987731053668
280.25335444620384,1.3768579185028353
280.2833569464122,1.376716650560502
280.31335944662055,1.3765749694333107
280.3433619468289,1.3764328752766577
280.37336444703726,1.376290368246393
280.4033669472456,1.3761474484988185
280.43336944745397,1.3760041161906897
280.4633719476623,1.3758603714792144
280.4933744478707,1.3757162145220525
280.52337694807903,1.3755716454773157
280.55337944828733,1.3754266645035689
280.5833819484957,1.3752812717598273
280.61338444870404,1.3751354674055585
280.6433869489124,1.374989251600682
280.67338944912075,1.3748426245055676
280.7033919493291,1.374695586281037
280.73339444953746,1.3745481370883625
280.7633969497458,1.374400277089267
280.79339944995417,1.374252006445924
280.8234019501625,1.374103325320958
280.8534044503709,1.373954233877443
280.88340695057923,1.3738047322789035
280.9134094507876,1.373654820689313
280.94341195099594,1.3735044992730963
280.9734144512043,1.373353768195126
281.0034169514126,1.3732026276207254
281.03341945162094,1.3730510777156657
281.0634219518293,1.3728991186461676
281.09342445203765,1.3727467505789015
281.123426952246,1.3725939736809845
281.15342945245436,1.3724407881199836
281.1834319526627,1.3722871940639136
281.21343445287107,1.3721331916812372
281.2434369530794,1.371978781140865
281.2734394532878,1.3718239626121556
281.30344195349613,1.371668736264914
281.3334444537045,1.3715131022693945
281.36344695391284,1.3713570607962962
281.3934494541212,1.371200612016767
281.42345195432955,1.3710437561024005
281.4534544545379,1.3708864932252367
281.4834569547462,1.3707288235577633
281.51345945495456,1.3705707472729125
281.5434619551629,1.370412264544063
281.57346445537127,1.3702533755450406
281.6034669555796,1.3700940804501143
281.633469455788,1.3699343794340009
281.66347195599633,1.369774272671861
281.6934744562047,1.3696137603393
281.72347695641304,1.3694528426123693
281.7534794566214,1.3692915196675641
281.78348195682975,1.3691297916818248
281.8134844570381,1.368967658832535
281.84348695724645,1.3688051212975227
281.8734894574548,1.3686421792550605
281.90349195766316,1.3684788328838635
281.93349445787146,1.3683150823630919
281.9634969580798,1.3681509278723472
281.99349945828817,1.3679863695916747
282.0235019584965,1.3678214077015638
282.0535044587049,1.3676560423829451
282.08350695891323,1.3674902738171921
282.1135094591216,1.3673241021861209
282.14351195932994,1.367157527671989
282.1735144595383,1.3669905504574966
282.20351695974665,1.3668231707257854
282.233519459955,1.3666553886604378
282.26352196016336,1.3664872044454786
282.2935244603717,1.3663186182653728
282.32352696058007,1.366149630305027
282.3535294607884,1.3659802407497879
282.3835319609967,1.3658104497854429
282.4135344612051,1.3656402575982196
282.44353696141343,1.365469664374786
282.4735394616218,1.3652986703022487
282.50354196183014,1.3651272755681563
282.5335444620385,1.3649554803604942
282.56354696224685,1.3647832848676895
282.5935494624552,1.3646106892786063
282.62355196266356,1.3644376937825484
282.6535544628719,1.364264298569259
282.68355696308026,1.3640905038289177
282.7135594632886,1.3639163097521447
282.743561963497,1.3637417165299963
282.7735644637053,1.363566724353967
282.8035669639137,1.3633913334159904
282.83356946412204,1.3632155439084348
282.86357196433033,1.3630393560241083
282.8935744645387,1.3628627699562539
282.92357696474704,1.3626857858985522
282.9535794649554,1.3625084040451205
282.98358196516375,1.3623306245905125
283.0135844653721,1.3621524477297169
283.04358696558046,1.3619738736581595
283.0735894657888,1.361794902571701
283.10359196599717,1.3616155346666388
283.1335944662055,1.3614357701397037
283.1635969664139,1.3612556091880623
283.19359946662223,1.3610750520093167
283.2236019668306,1.3608940988015024
283.25360446703894,1.3607127497630904
283.2836069672473,1.360531005092985
283.3136094674556,1.360348864990525
283.34361196766395,1.3601663296554825
283.3736144678723,1.359983399288063
283.40361696808066,1.3598000740889056
283.433619468289,1.3596163542590824
283.46362196849736,1.3594322400000984
283.4936244687057,1.3592477315138913
283.5236269689141,1.359062829002831
283.5536294691224,1.358877532669719
283.5836319693308,1.3586918427177896
283.61363446953914,1.3585057593507086
283.6436369697475,1.3583192827725736
283.67363946995584,1.358132413187913
283.7036419701642,1.3579451508016855
283.73364447037255,1.3577574958192828
283.7636469705809,1.357569448446525
283.7936494707892,1.3573810088896638
283.82365197099756,1.3571921773553808
283.8536544712059,1.3570029540507869
283.88365697141427,1.3568133391834238
283.9136594716226,1.3566233329612623
283.943661971831,1.3564329355927014
283.97366447203933,1.3562421472865707
284.0036669722477,1.3560509682521276
284.03366947245604,1.3558593986990584
284.0636719726644,1.3556674388374774
284.09367447287275,1.3554750888779272
284.1236769730811,1.3552823490313788
284.15367947328946,1.35508921950923
284.1836819734978,1.3548957005233058
284.21368447370617,1.3547017922858595
284.24368697391446,1.3545074950095708
284.2736894741228,1.3543128089075456
284.3036919743312,1.3541177341933168
284.3336944745395,1.353922271080843
284.3636969747479,1.35372641978451
284.39369947495624,1.3535301805191278
284.4237019751646,1.3533335534999331
284.45370447537294,1.3531365389425878
284.4837069755813,1.3529391370631776
284.51370947578965,1.3527413480782147
284.543711975998,1.3525431722046353
284.57371447620636,1.3523446096597986
284.6037169764147,1.3521456606614903
284.63371947662307,1.3519463254279183
284.6637219768314,1.3517466041777144
284.6937244770398,1.3515464971299345
284.7237269772481,1.3513460045040564
284.75372947745643,1.3511451265199819
284.7837319776648,1.3509438633980346
284.81373447787314,1.3507422153589617
284.8437369780815,1.3505401826239316
284.87373947828985,1.350337765414534
284.9037419784982,1.3501349639527829
284.93374447870656,1.3499317784611107
284.9637469789149,1.3497282091623726
284.99374947912327,1.3495242562798448
285.0237519793316,1.3493199200372237
285.05375447954,1.3491152006586267
285.08375697974833,1.3489100983685909
285.1137594799567,1.3487046133920733
285.14376198016504,1.3484987459544513
285.17376448037334,1.3482924962815217
285.2037669805817,1.3480858645994998
285.23376948079004,1.3478788511350204
285.2637719809984,1.3476714561151368
285.29377448120675,1.3474636797673214
285.3237769814151,1.3472555223194644
285.35377948162346,1.3470469839998733
285.3837819818318,1.346838065037275
285.41378448204017,1.3466287656608125
285.4437869822485,1.3464190861000467
285.4737894824569,1.3462090265849551
285.50379198266523,1.3459985873459317
285.5337944828736,1.3457877686137882
285.56379698308194,1.3455765706197511
285.5937994832903,1.3453649935954641
285.62380198349865,1.3451530377729857
285.65380448370695,1.3449407033847902
285.6838069839153,1.3447279906637668
285.71380948412366,1.3445148998432206
285.743811984332,1.3443014311568697
285.77381448454037,1.344087584838849
285.8038169847487,1.343873361123705
285.8338194849571,1.343658760246401
285.86382198516543,1.343443782442311
285.8938244853738,1.3432284279472244
285.92382698558214,1.3430126969973433
285.9538294857905,1.3427965898292822
285.98383198599885,1.342580106680069
286.0138344862072,1.3423632477871434
286.04383698641556,1.3421460133883572
286.0738394866239,1.3419284037219745
286.1038419868322,1.3417104190266713
286.13384448704056,1.3414920595415332
286.1638469872489,1.3412733255060587
286.19384948745727,1.3410542171601565
286.2238519876656,1.3408347347441458
286.253854487874,1.3406148784987562
286.28385698808233,1.3403946486651268
286.3138594882907,1.3401740454848072
286.34386198849904,1.339953069199756
286.3738644887074,1.3397317200523418
286.40386698891575,1.3395099982853407
286.4338694891241,1.3392879041419385
286.46387198933246,1.3390654378657298
286.4938744895408,1.338842599700716
286.52387698974917,1.3386193898913081
286.55387948995747,1.3383958086823238
286.5838819901658,1.3381718563189868
286.6138844903742,1.3379475330469308
286.64388699058253,1.337722839112194
286.6738894907909,1.3374977747612218
286.70389199099924,1.3372723402408666
286.7338944912076,1.3370465357983856
286.76389699141595,1.3368203616814431
286.7938994916243,1.3365938181381076
286.82390199183266,1.336366905416853
286.853904492041,1.336139623766559
286.88390699224936,1.3359119734365086
286.9139094924577,1.335683954676391
286.9439119926661,1.3354555677362976
286.9739144928744,1.3352268128667242
287.0039169930828,1.3349976903185712
287.0339194932911,1.3347682003431416
287.06392199349943,1.3345383431921398
287.0939244937078,1.3343081191176756
287.12392699391614,1.334077528372259
287.1539294941245,1.3338465712088046
287.18393199433285,1.3336152478806267
287.2139344945412,1.3333835586414413
287.24393699474956,1.3331515037453676
287.2739394949579,1.332919083446924
287.30394199516627,1.3326862980010306
287.3339444953746,1.3324531476630077
287.363946995583,1.3322196326885751
287.39394949579133,1.3319857533338548
287.4239519959997,1.3317515098553656
287.45395449620804,1.3315169025100277
287.48395699641634,1.33128193155516
287.5139594966247,1.3310465972484788
287.54396199683305,1.330810899848101
287.5739644970414,1.3305748396125403
287.60396699724976,1.3303384168007086
287.6339694974581,1.3301016316719165
287.66397199766647,1.3298644844858707
287.6939744978748,1.3296269755026757
287.7239769980832,1.3293891049828328
287.7539794982915,1.3291508731872388
287.7839819984999,1.328912280377189
287.81398449870824,1.328673326814372
287.8439869989166,1.3284340127608742
287.87398949912495,1.3281943384791763
287.9039919993333,1.327954304232154
287.93399449954165,1.3277139102830788
287.96399699974995,1.327473156895616
287.9939994999583,1.3272320443338244
288.02400200016666,1.3269905728621583
288.054004500375,1.3267487427454645
288.08400700058337,1.3265065542489842
288.1140095007917,1.3262640076383505
288.1440120010001,1.3260211031795897
288.17401450120843,1.3257778411391214
288.2040170014168,1.325534221783756
288.23401950162514,1.3252902453806974
288.2640220018335,1.3250459121975395
288.29402450204185,1.324801222502268
288.3240270022502,1.324556176563261
288.35402950245856,1.3243107746492848
288.3840320026669,1.3240650170294992
288.4140345028752,1.3238189039734516
288.44403700308357,1.3235724357510794
288.4740395032919,1.3233256126327113
288.5040420035003,1.323078434889064
288.5340445037086,1.322830902791243
288.564047003917,1.3225830166107435
288.59404950412534,1.3223347766194475
288.6240520043337,1.322086183089627
288.65405450454205,1.3218372362939403
288.6840570047504,1.3215879365054333
288.71405950495875,1.3213382839975396
288.7440620051671,1.3210882790440792
288.77406450537546,1.3208379219192596
288.8040670055838,1.3205872128976732
288.8340695057922,1.3203361522542987
288.8640720060005,1.3200847402645017
288.8940745062088,1.3198329772040323
288.9240770064172,1.319580863349024
288.95407950662553,1.319328398975998
288.9840820068339,1.3190755843618582
289.01408450704224,1.3188224197838934
289.0440870072506,1.3185689055197753
289.07408950745895,1.3183150418475598
289.1040920076673,1.3180608290456866
289.13409450787566,1.3178062673929767
289.164097008084,1.3175513571686357
289.19409950829237,1.31729609865225
289.2241020085007,1.317040492123788
289.2541045087091,1.3167845378636014
289.28410700891743,1.3165282361524215
289.3141095091258,1.3162715872713613
289.3441120093341,1.316014591501916
289.37411450954244,1.3157572491259577
289.4041170097508,1.3154995604257427
289.43411950995915,1.315241525683905
289.4641220101675,1.3149831451834575
289.49412451037585,1.3147244192077947
289.5241270105842,1.3144653480406876
289.55412951079256,1.3142059319662875
289.5841320110009,1.3139461712691236
289.6141345112093,1.3136860662341017
289.6441370114176,1.3134256171465075
289.674139511626,1.3131648242920027
289.70414201183434,1.3129036879566258
289.7341445120427,1.3126422084267932
289.76414701225104,1.3123803859892964
289.79414951245934,1.3121182209313051
289.8241520126677,1.3118557135403617
289.85415451287605,1.311592864104386
289.8841570130844,1.3113296729116732
289.91415951329276,1.3110661402508923
289.9441620135011,1.3108022664110883
289.97416451370947,1.3105380516816787
290.0041670139178,1.3102734963524554
290.0341695141262,1.310008600713585
290.06417201433453,1.3097433650556058
290.0941745145429,1.3094777896694294
290.12417701475124,1.3092118748463413
290.1541795149596,1.3089456208779975
290.18418201516795,1.3086790280564273
290.2141845153763,1.3084120966740311
290.24418701558466,1.3081448270235798
290.27418951579295,1.3078772193982182
290.3041920160013,1.3076092740914573
290.33419451620966,1.307340991397183
290.364197016418,1.307072371609648
290.3941995166264,1.306803415023476
290.4242020168347,1.3065341219336608
290.4542045170431,1.306264492635564
290.48420701725144,1.3059945274249163
290.5142095174598,1.3057242265978175
290.54421201766814,1.3054535904507343
290.5742145178765,1.3051826192805027
290.60421701808485,1.3049113133843253
290.6342195182932,1.304639673059771
290.66422201850156,1.3043676986047772
290.6942245187099,1.3040953903176462
290.7242270189182,1.3038227484970488
290.75422951912657,1.3035497734420183
290.7842320193349,1.3032764654519555
290.8142345195433,1.3030028248266268
290.84423701975163,1.3027288518661622
290.87423951996,1.3024545468710564
290.90424202016834,1.3021799101421696
290.9342445203767,1.3019049419807238
290.96424702058505,1.3016296426883065
290.9942495207934,1.301354012566867
291.02425202100176,1.3010780519187175
291.0542545212101,1.300801761046534
291.08425702141847,1.3005251402533529
291.1142595216268,1.3002481898425744
291.1442620218352,1.2999709101179584
291.17426452204353,1.2996933013836267
291.2042670222518,1.2994153639440635
291.2342695224602,1.2991370981041104
291.26427202266854,1.298858504168971
291.2942745228769,1.2985795824442097
291.32427702308524,1.2983003332357481
291.3542795232936,1.2980207568498696
291.38428202350195,1.2977408535932142
291.4142845237103,1.297460623772781
291.44428702391866,1.2971800676959289
291.474289524127,1.2968991856703718
291.50429202433537,1.2966179780041838
291.5342945245437,1.2963364450057944
291.5642970247521,1.2960545869839901
291.59429952496043,1.2957724042479155
291.6243020251688,1.295489897107069
291.6543045253771,1.2952070658713075
291.68430702558544,1.2949239108508401
291.7143095257938,1.294640432356233
291.74431202600215,1.294356630698408
291.7743145262105,1.2940725061886396
291.80431702641886,1.2937880591385564
291.8343195266272,1.293503289860143
291.86432202683557,1.2932181986657345
291.8943245270439,1.2929327858680217
291.9243270272523,1.2926470517800461
291.95432952746063,1.292360996715202
291.984332027669,1.2920746209872376
292.01433452787734,1.2917879249102495
292.0443370280857,1.2915009087986893
292.07433952829405,1.2912135729673566
292.1043420285024,1.2909259177314032
292.1343445287107,1.2906379434063315
292.16434702891905,1.2903496503079928
292.1943495291274,1.2900610387525875
292.22435202933576,1.2897721090566683
292.2543545295441,1.289482861537133
292.28435702975247,1.2891932965112314
292.3143595299608,1.2889034142965592
292.3443620301692,1.2886132152110605
292.37436453037753,1.2883226995730281
292.4043670305859,1.2880318677011
292.43436953079424,1.2877407199142636
292.4643720310026,1.2874492565318503
292.49437453121095,1.2871574778735386
292.5243770314193,1.2868653842593536
292.55437953162766,1.2865729760096645
292.58438203183596,1.2862802534451876
292.6143845320443,1.285987216886981
292.64438703225267,1.2856938666564488
292.674389532461,1.2854002030753404
292.7043920326694,1.2851062264657467
292.73439453287773,1.2848119371501026
292.7643970330861,1.2845173354511872
292.79439953329444,1.28422242169212
292.8244020335028,1.2839271961963652
292.85440453371115,1.2836316592877273
292.8844070339195,1.2833358112903521
292.91440953412786,1.2830396525287284
292.9444120343362,1.2827431833276837
292.97441453454456,1.2824464040123877
293.0044170347529,1.2821493149083496
293.0344195349613,1.2818519163414177
293.06442203516957,1.2815542086377816
293.0944245353779,1.2812561921239674
293.1244270355863,1.2809578671268411
293.15442953579463,1.2806592339736085
293.184432036003,1.2803602929918105
293.21443453621134,1.2800610445093288
293.2444370364197,1.2797614888543798
293.27443953662805,1.2794616263555174
293.3044420368364,1.2791614573416334
293.33444453704476,1.2788609821419539
293.3644470372531,1.2785602010860426
293.39444953746147,1.2782591145037974
293.4244520376698,1.277957722725451
293.4544545378782,1.2776560260815728
293.48445703808653,1.277354024903064
293.51445953829483,1.2770517195211628
293.5444620385032,1.276749110267438
293.57446453871154,1.2764461974737928
293.6044670389199,1.2761429814724647
293.63446953912825,1.2758394625960223
293.6644720393366,1.275535641177366
293.69447453954496,1.27523151754973
293.7244770397533,1.2749270920466775
293.75447953996166,1.2746223650021054
293.78448204017,1.274317336750239
293.8144845403784,1.2740120076256347
293.8444870405867,1.27370637796318
293.8744895407951,1.2734004480980903
293.90449204100344,1.2730942183659122
293.9344945412118,1.2727876891025196
293.9644970414201,1.2724808606441151
293.99449954162844,1.2721737333272303
294.0245020418368,1.2718663074887238
294.05450454204515,1.2715585834657814
294.0845070422535,1.2712505615959178
294.11450954246186,1.2709422422169716
294.1445120426702,1.2706336256671107
294.17451454287857,1.2703247122848262
294.2045170430869,1.2700155024089361
294.2345195432953,1.2697059963785842
294.26452204350363,1.2693961945332373
294.294524543712,1.269086097212689
294.32452704392034,1.268775704757055
294.3545295441287,1.2684650175067749
294.38453204433705,1.268154035802613
294.4145345445454,1.2678427599856559
294.4445370447537,1.267531190397312
294.47453954496206,1.2672193273793126
294.5045420451704,1.2669071712737103
294.53454454537876,1.2665947224228806
294.5645470455871,1.2662819811695187
294.5945495457955,1.2659689478566403
294.6245520460038,1.265655622827583
294.6545545462122,1.2653420064260024
294.68455704642054,1.2650280989958755
294.7145595466289,1.2647139008814974
294.74456204683725,1.2643994124274818
294.7745645470456,1.2640846339787624
294.80456704725395,1.263769565880589
294.8345695474623,1.2634542084785298
294.86457204767066,1.2631385621184714
294.89457454787896,1.2628226271466163
294.9245770480873,1.262506403909483
294.95457954829567,1.2621898927539075
294.984582048504,1.2618730940270402
295.0145845487124,1.2615560080763486
295.04458704892073,1.261238635249613
295.0745895491291,1.2609209758949314
295.10459204933744,1.260603030360713
295.1345945495458,1.2602847989956822
295.16459704975415,1.2599662821488777
295.1945995499625,1.25964748016965
295.22460205017086,1.2593283934076622
295.2546045503792,1.2590090222128918
295.28460705058757,1.2586893669356254
295.3146095507959,1.258369427926464
295.3446120510043,1.2580492055363175
295.3746145512126,1.257728700116408
295.4046170514209,1.257407912018267
295.4346195516293,1.2570868415937368
295.46462205183764,1.25676548919497
295.494624552046,1.2564438551744268
295.52462705225435,1.2561219398848769
295.5546295524627,1.2557997436793995
295.58463205267105,1.2554772669113812
295.6146345528794,1.2551545099345152
295.64463705308776,1.254831473102804
295.6746395532961,1.2545081567705556
295.7046420535045,1.254184561292386
295.7346445537128,1.253860687023216
295.7646470539212,1.2535365343182718
295.79464955412953,1.2532121035330874
295.82465205433783,1.252887395023499
295.8546545545462,1.2525624091456493
295.88465705475454,1.2522371462559845
295.9146595549629,1.2519116067112537
295.94466205517125,1.251585790868512
295.9746645553796,1.251259699085115
296.00466705558796,1.2509333317187217
296.0346695557963,1.2506066891272947
296.06467205600467,1.250279771669096
296.094674556213,1.2499525797026918
296.1246770564214,1.2496251135869474
296.15467955662973,1.2492973736810289
296.1846820568381,1.248969360344404
296.21468455704644,1.248641073936839
296.2446870572548,1.2483125148184007
296.27468955746315,1.247983683349454
296.30469205767145,1.2476545798906633
296.3346945578798,1.2473252048029912
296.36469705808815,1.2469955584476977
296.3946995582965,1.2466656411863404
296.42470205850486,1.2463354533807753
296.4547045587132,1.2460049953931531
296.4847070589216,1.245674267585923
296.5147095591299,1.2453432703218286
296.5447120593383,1.2450120039639088
296.57471455954663,1.2446804688754993
296.604717059755,1.244348665420229
296.63471955996334,1.2440165939620222
296.6647220601717,1.2436842548650966
296.69472456038005,1.2433516484939628
296.7247270605884,1.2430187752134263
296.7547295607967,1.2426856353885842
296.78473206100506,1.2423522293848248
296.8147345612134,1.2420185575678309
296.84473706142177,1.2416846203035745
296.8747395616301,1.241350417958321
296.9047420618385,1.241015950898625
296.93474456204683,1.2406812194913306
296.9647470622552,1.2403462241035748
296.99474956246354,1.2400109651027809
297.0247520626719,1.2396754428566639
297.05475456288025,1.2393396577332259
297.0847570630886,1.239003610100757
297.11475956329696,1.238667300327838
297.1447620635053,1.2383307287833332
297.17476456371367,1.2379938958363976
297.204767063922,1.237656801856471
297.2347695641303,1.23731944721328
297.2647720643387,1.2369818322768364
297.294774564547,1.2366439574174386
297.3247770647554,1.2363058230056687
297.35477956496374,1.235967429412396
297.3847820651721,1.2356287770087706
297.41478456538044,1.2352898661662297
297.4447870655888,1.234950697256492
297.47478956579715,1.2346112706515595
297.5047920660055,1.234271586723718
297.53479456621386,1.2339316458455334
297.5647970664222,1.2335914483898558
297.59479956663057,1.2332509947298156
297.6248020668389,1.232910285238823
297.6548045670473,1.2325693202905714
297.6848070672556,1.2322281002590332
297.71480956746393,1.2318866255184582
297.7448120676723,1.23154489644338
297.77481456788064,1.231202913408607
297.804817068089,1.2308606767892303
297.83481956829735,1.2305181869606152
297.8648220685057,1.2301754442984065
297.89482456871406,1.229832449178527
297.9248270689224,1.2294892019771746
297.95482956913077,1.229145703070826
297.9848320693391,1.2288019528362317
298.0148345695475,1.2284579516504186
298.04483706975583,1.2281136998906899
298.0748395699642,1.227769197934622
298.10484207017254,1.2274244461600672
298.13484457038084,1.2270794449451514
298.1648470705892,1.2267341946682722
298.19484957079754,1.2263886957081034
298.2248520710059,1.2260429484435897
298.25485457121425,1.2256969532539481
298.2848570714226,1.225350710518669
298.31485957163096,1.225004220617512
298.3448620718393,1.2246574839305104
298.37486457204767,1.2243105008379664
298.404867072256,1.2239632717204523
298.4348695724644,1.223615796958812
298.46487207267273,1.2232680769341564
298.4948745728811,1.222920112027868
298.52487707308944,1.2225719026215962
298.5548795732978,1.222223449097258
298.58488207350615,1.2218747518370405
298.61488457371445,1.2215258112233969
298.6448870739228,1.221176627639045
298.67488957413116,1.2208272014669732
298.7048920743395,1.2204775330904327
298.73489457454787,1.2201276228929432
298.7648970747562,1.2197774712582872
298.7948995749646,1.2194270785705124
298.82490207517293,1.2190764452139324
298.8549045753813,1.218725571573123
298.88490707558964,1.218374458032925
298.914909575798,1.2180231049784416
298.94491207600635,1.2176715127950375
298.9749145762147,1.2173196818683425
299.00491707642306,1.2169676125842455
299.0349195766314,1.2166153053288988
299.0649220768397,1.2162627604887153
299.09492457704806,1.2159099784503662
299.1249270772564,1.2155569596007865
299.15492957746477,1.2152037043271684
299.1849320776731,1.2148502130169638
299.2149345778815,1.2144964860578853
299.24493707808983,1.2141425238379009
299.2749395782982,1.2137883267452398
299.30494207850654,1.2134338951683863
299.3349445787149,1.2130792294960828
299.36494707892325,1.2127243301173294
299.3949495791316,1.2123691974213804
299.42495207933996,1.2120138317977485
299.4549545795483,1.2116582336362003
299.48495707975667,1.2113024033267568
299.514959579965,1.2109463412596961
299.5449620801733,1.210590047825549
299.5749645803817,1.210233523415098
299.60496708059003,1.209876768419383
299.6349695807984,1.2095197832296936
299.66497208100674,1.2091625682375742
299.6949745812151,1.2088051238348194
299.72497708142345,1.208447450413476
299.7549795816318,1.208089548365843
299.78498208184016,1.2077314180844683
299.8149845820485,1.207373059962152
299.84498708225686,1.2070144743919429
299.8749895824652,1.206655661767139
299.9049920826736,1.2062966224812888
299.9349945828819,1.205937356928188
299.9649970830903,1.2055778655018814
299.9949995832986,1.2052181485966615
300.02500208350693,1.2048582066070663
300.0550045837153,1.2044980399278833
300.08500708392364,1.204137648954145
300.115009584132,1.2037770340811296
300.14501208434035,1.2034161957043625
300.1750145845487,1.2030551342196119
300.20501708475706,1.2026938500228936
300.2350195849654,1.202332343510465
300.26502208517377,1.2019706150788279
300.2950245853821,1.2016086651247293
300.3250270855905,1.2012464940451568
300.35502958579883,1.2008841022373427
300.3850320860072,1.2005214900987593
300.41503458621554,1.2001586580271215
300.4450370864239,1.1997956064203865
300.4750395866322,1.1994323356767511
300.50504208684055,1.199068846194651
300.5350445870489,1.1987051383727652
300.56504708725726,1.1983412126100093
300.5950495874656,1.1979770693055398
300.62505208767396,1.197612708858751
300.6550545878823,1.1972481316692745
300.6850570880907,1.1968833381369817
300.715059588299,1.1965183286619792
300.7450620885074,1.1961531036446122
300.77506458871574,1.1957876634854612
300.8050670889241,1.195422008585342
300.83506958913244,1.1950561393453085
300.8650720893408,1.1946900561666471
300.89507458954915,1.1943237594508793
300.92507708975745,1.1939572495997632
300.9550795899658,1.1935905270152865
300.98508209017416,1.1932235920996739
301.0150845903825,1.1928564452553814
301.04508709059087,1.1924890868850968
301.0750895907992,1.192121517391742
301.1050920910076,1.191753737178469
301.13509459121593,1.19138574664866
301.1650970914243,1.19101754620593
301.19509959163264,1.1906491362541227
301.225102091841,1.1902805171973132
301.25510459204935,1.1899116894398039
301.2851070922577,1.1895426533861266
301.31510959246606,1.1891734094410435
301.3451120926744,1.188803958009542
301.37511459288277,1.1884342994968395
301.40511709309106,1.1880644343083795
301.4351195932994,1.1876943628498307
301.4651220935078,1.1873240855270906
301.4951245937161,1.1869536027462813
301.5251270939245,1.1865829149137495
301.55512959413284,1.186212022436069
301.5851320943412,1.1858409257200353
301.61513459454954,1.1854696251726704
301.6451370947579,1.1850981212012184
301.67513959496625,1.1847264142131462
301.7051420951746,1.184354504616145
301.73514459538296,1.1839823928181263
301.7651470955913,1.1836100792272255
301.79514959579967,1.1832375642517976
301.825152096008,1.1828648483004183
301.8551545962163,1.1824919317818865
301.8851570964247,1.1821188151052169
301.91515959663303,1.1817454986796458
301.9451620968414,1.1813719829146305
301.97516459704974,1.1809982682198434
302.0051670972581,1.1806243550051783
302.03516959746645,1.1802502436807445
302.0651720976748,1.1798759346568686
302.09517459788316,1.179501428344096
302.1251770980915,1.1791267251531863
302.15517959829987,1.1787518254951168
302.1851820985082,1.1783767297810792
302.2151845987166,1.1780014384224797
302.24518709892493,1.1776259518309413
302.2751895991333,1.1772502704182983
302.3051920993416,1.176874394596602
302.33519459954994,1.1764983247781131
302.3651970997583,1.1761220613753074
302.39519959996665,1.1757456048008734
302.425202100175,1.1753689554677103
302.45520460038335,1.1749921137889285
302.4852071005917,1.1746150801778512
302.51520960080006,1.1742378550480097
302.5452121010084,1.1738604388131477
302.57521460121677,1.1734828318872168
302.6052171014251,1.1731050346843779
302.6352196016335,1.172727047619002
302.66522210184183,1.172348871105666
302.6952246020502,1.1719705055591576
302.72522710225854,1.171591951394469
302.7552296024669,1.1712132090268006
302.7852321026752,1.1708342788715602
302.81523460288355,1.170455161344359
302.8452371030919,1.170075856861015
302.87523960330026,1.1696963658375525
302.9052421035086,1.1693166886901984
302.93524460371697,1.1689368258353858
302.9652471039253,1.1685567776897496
302.9952496041337,1.168176544670128
303.02525210434203,1.167796127193564
303.0552546045504,1.1674155256773002
303.08525710475874,1.1670347405387838
303.1152596049671,1.1666537721956614
303.14526210517545,1.1662726210657801
303.1752646053838,1.1658912875671903
303.20526710559216,1.1655097721181389
303.23526960580045,1.1651280751370763
303.2652721060088,1.164746197042648
303.29527460621716,1.1643641382536998
303.3252771064255,1.163981899189277
303.35527960663387,1.163599480268621
303.3852821068422,1.1632168819111703
303.4152846070506,1.162834104536562
303.44528710725893,1.1624511485646274
303.4752896074673,1.1620680144153956
303.50529210767564,1.1616847025090897
303.535294607884,1.1613012132661278
303.56529710809235,1.160917547107124
303.5952996083007,1.1605337044528843
303.62530210850906,1.1601496857244107
303.6553046087174,1.159765491342896
303.68530710892577,1.1593811217297267
303.71530960913407,1.1589965773064828
303.7453121093424,1.1586118584949332
303.7753146095508,1.1582269657170392
303.80531710975913,1.1578418993949549
303.8353196099675,1.1574566599510214
303.86532211017584,1.1570712478077734
303.8953246103842,1.1566856633879317
303.92532711059255,1.1562999071144069
303.9553296108009,1.1559139794103
303.98533211100926,1.1555278806988971
304.0153346112176,1.155141611403675
304.04533711142597,1.154755171948295
304.0753396116343,1.1543685627566054
304.1053421118427,1.1539817842526425
304.13534461205103,1.1535948368606261
304.1653471122593,1.1532077210049636
304.1953496124677,1.1528204371102442
304.22535211267603,1.1524329856012427
304.2553546128844,1.1520453669029196
304.28535711309274,1.1516575814404164
304.3153596133011,1.1512696296390574
304.34536211350945,1.1508815119243518
304.3753646137178,1.150493228721988
304.40536711392616,1.1501047804578384
304.4353696141345,1.1497161675579541
304.46537211434287,1.1493273904485677
304.4953746145512,1.148938449556093
304.5253771147596,1.1485493453071212
304.55537961496793,1.1481600781284254
304.5853821151763,1.1477706484469552
304.61538461538464,1.1473810566898386
304.64538711559294,1.1469913032843837
304.6753896158013,1.1466013886580724
304.70539211600965,1.146211313238565
304.735394616218,1.1458210774536999
304.76539711642636,1.1454306817314883
304.7953996166347,1.1450401265001195
304.82540211684307,1.1446494121879562
304.8554046170514,1.1442585392235354
304.8854071172598,1.1438675080355696
304.91540961746813,1.143476319052943
304.9454121176765,1.1430849727047148
304.97541461788484,1.1426934694201152
305.0054171180932,1.1423018096285467
305.03541961830155,1.141909993759585
305.0654221185099,1.1415180222429746
305.0954246187182,1.1411258955086336
305.12542711892655,1.1407336139866475
305.1554296191349,1.140341178107272
305.18543211934326,1.1399485883009348
305.2154346195516,1.1395558449982297
305.24543711975997,1.1391629486299186
305.2754396199683,1.1387698996269344
305.3054421201767,1.1383766984203734
305.33544462038503,1.1379833454415025
305.3654471205934,1.1375898411217527
305.39544962080174,1.1371961858927209
305.4254521210101,1.1368023801861715
305.45545462121845,1.1364084244340316
305.4854571214268,1.1360143190683953
305.51545962163516,1.1356200645215186
305.5454621218435,1.1352256612258218
305.5754646220518,1.13483110961389
305.60546712226017,1.1344364101184683
305.6354696224685,1.1340415631724645
305.6654721226769,1.1336465692089506
305.69547462288523,1.1332514286611564
305.7254771230936,1.1328561419624759
305.75547962330194,1.132460709546461
305.7854821235103,1.1320651318468233
305.81548462371865,1.131669409297436
305.845487123927,1.1312735423323281
305.87548962413535,1.1308775313856905
305.9054921243437,1.130481376891869
305.93549462455206,1.1300850792853676
305.9654971247604,1.1296886390008487
305.9954996249688,1.12929205647313
306.02550212517707,1.1288953321371846
306.0555046253854,1.1284984664281426
306.0855071255938,1.1281014597812875
306.11550962580213,1.1277043126320596
306.1455121260105,1.1273070254160515
306.17551462621884,1.1269095985690094
306.2055171264272,1.126512032526834
306.23551962663555,1.1261143277255774
306.2655221268439,1.125716484601445
306.29552462705226,1.125318503590793
306.3255271272606,1.1249203851301282
306.35552962746897,1.1245221296561108
306.3855321276773,1.1241237376055484
306.4155346278857,1.123725209415399
306.44553712809403,1.1233265455227723
306.47553962830233,1.1229277463649239
306.5055421285107,1.1225288123792587
306.53554462871904,1.1221297440033302
306.5655471289274,1.1217305416748375
306.59554962913575,1.1213312058316298
306.6255521293441,1.120931736911699
306.65555462955246,1.1205321353531863
306.6855571297608,1.120132401594376
306.71555962996916,1.119732536073698
306.7455621301775,1.119332539229728
306.7755646303859,1.1189324115011838
306.8055671305942,1.1185321533269275
306.8355696308026,1.1181317651459655
306.86557213101094,1.1177312473974443
306.8955746312193,1.1173306005206554
306.92557713142764,1.11692982495503
306.95557963163594,1.1165289211401404
306.9855821318443,1.1161278895157003
307.01558463205265,1.1157267305215628
307.045587132261,1.1153254445977223
307.07558963246936,1.1149240321843112
307.1055921326777,1.1145224937215998
307.13559463288607,1.1141208296499991
307.1655971330944,1.1137190404100556
307.1955996333028,1.1133171264424533
307.22560213351113,1.112915088188015
307.2556046337195,1.1125129260876971
307.28560713392784,1.1121106405825947
307.3156096341362,1.1117082321139355
307.34561213434455,1.1113057011230831
307.3756146345529,1.110903048051537
307.4056171347612,1.1105002733409282
307.43561963496956,1.1100973774330225
307.4656221351779,1.1096943607697183
307.49562463538626,1.1092912237930457
307.5256271355946,1.1088879669451688
307.555629635803,1.1084845906683813
307.5856321360113,1.1080810954051077
307.6156346362197,1.1076774815979054
307.64563713642804,1.1072737496894587
307.6756396366364,1.1068699001225841
307.70564213684474,1.1064659333402258
307.7356446370531,1.1060618497854555
307.76564713726145,1.1056576499014759
307.7956496374698,1.1052533341316142
307.82565213767816,1.1048489029193276
307.8556546378865,1.1044443567081976
307.8856571380948,1.1040396959419327
307.91565963830317,1.103634921064367
307.9456621385115,1.1032300325194597
307.9756646387199,1.1028250307512943
308.00566713892823,1.1024199162040802
308.0356696391366,1.1020146893221476
308.06567213934494,1.1016093505499533
308.0956746395533,1.1012039003320742
308.12567713976165,1.1007983391132097
308.15567963997,1.1003926673381825
308.18568214017836,1.0999868854519348
308.2156846403867,1.0995809938995313
308.24568714059507,1.0991749931261556
308.2756896408034,1.0987688835771108
308.3056921410118,1.0983626656978214
308.3356946412201,1.0979563399338292
308.3656971414284,1.0975499067307928
308.3956996416368,1.097143366534492
308.42570214184514,1.0967367197908213
308.4557046420535,1.0963299669457942
308.48570714226184,1.0959231084455388
308.5157096424702,1.0955161447362989
308.54571214267855,1.095109076264436
308.5757146428869,1.0947019034764234
308.60571714309526,1.094294626818852
308.6357196433036,1.0938872467384244
308.66572214351197,1.0934797636819567
308.6957246437203,1.0930721780963792
308.7257271439287,1.0926644904287335
308.75572964413703,1.0922567011261746
308.7857321443454,1.091848810635967
308.8157346445537,1.0914408194054876
308.84573714476204,1.0910327278822236
308.8757396449704,1.0906245365137714
308.90574214517875,1.0902162457478373
308.9357446453871,1.089807856032238
308.96574714559546,1.0893993678148959
308.9957496458038,1.0889907815438449
309.02575214601217,1.0885820976672238
309.0557546462205,1.0881733166332785
309.0857571464289,1.0877644388903638
309.11575964663723,1.0873554648869375
309.1457621468456,1.0869463950715657
309.17576464705394,1.0865372298929181
309.2057671472623,1.0861279697997683
309.23576964747065,1.0857186152409966
309.26577214767894,1.085309166665585
309.2957746478873,1.084899624522617
309.32577714809565,1.0844899892612827
309.355779648304,1.084080261330871
309.38578214851236,1.083670441180775
309.4157846487207,1.0832605292604867
309.44578714892907,1.0828505260195993
309.4757896491374,1.082440431907808
309.5057921493458,1.0820302473749048
309.53579464955413,1.0816199728707836
309.5657971497625,1.081209608845435
309.59579964997084,1.0807991557489478
309.6258021501792,1.0803886140315109
309.65580465038755,1.0799779841434067
309.6858071505959,1.079567266535018
309.71580965080426,1.0791564616568214
309.74581215101256,1.07874556995939
309.7758146512209,1.0783345918933918
309.80581715142927,1.0779235279095898
309.8358196516376,1.0775123784588407
309.865822151846,1.0771011439920966
309.89582465205433,1.0766898249604004
309.9258271522627,1.0762784218148904
309.95582965247104,1.0758669350067953
309.9858321526794,1.075455364987435
310.01583465288775,1.0750437122082235
310.0458371530961,1.0746319771206618
310.07583965330446,1.0742201601763453
310.1058421535128,1.073808261826956
310.13584465372116,1.0733962825242656
310.1658471539295,1.0729842227201363
310.1958496541378,1.072572082866518
310.22585215434617,1.0721598634154454
310.2558546545545,1.0717475648190455
310.2858571547629,1.071335187529528
310.31585965497123,1.070922731999192
310.3458621551796,1.0705101986804204
310.37586465538794,1.0700975880256811
310.4058671555963,1.069684900487529
310.43586965580465,1.0692721365186009
310.465872156013,1.0688592965716197
310.49587465622136,1.0684463810993898
310.5258771564297,1.0680333905547987
310.55587965663807,1.0676203253908176
310.5858821568464,1.0672071860604977
310.6158846570548,1.0667939730169735
310.6458871572631,1.0663806867134595
310.67588965747143,1.0659673276032482
310.7058921576798,1.0655538961397162
310.73589465788814,1.0651403927763166
310.7658971580965,1.0647268179665814
310.79589965830485,1.0643131721641232
310.8259021585132,1.0638994558226296
310.85590465872156,1.063485669395868
310.8859071589299,1.0630718133376813
310.91590965913826,1.0626578881019881
310.9459121593466,1.0622438941427852
310.975914659555,1.0618298319141424
311.0059171597633,1.0614157018702062
311.0359196599717,1.0610015044651964
311.06592216018004,1.0605872401534062
311.0959246603884,1.0601729093892043
311.1259271605967,1.0597585126270308
311.15592966080504,1.0593440503213962
311.1859321610134,1.0589295229268874
311.21593466122175,1.0585149308981585
311.2459371614301,1.058100274689938
311.27593966163846,1.057685554757022
311.3059421618468,1.0572707715542775
311.33594466205517,1.0568559255366416
311.3659471622635,1.0564410171591188
311.3959496624719,1.056026046876784
311.42595216268023,1.0556110151447782
311.4559546628886,1.0551959224183096
311.48595716309694,1.054780769152656
311.5159596633053,1.0543655558031586
311.54596216351365,1.053950282825225
311.57596466372195,1.0535349506743312
311.6059671639303,1.0531195598060126
311.63596966413866,1.0527041106758745
311.665972164347,1.052288603739583
311.69597466455537,1.0518730394528677
311.7259771647637,1.051457418271523
311.7559796649721,1.0510417406514032
311.7859821651804,1.050626007048427
311.8159846653888,1.0502102179185728
311.84598716559714,1.0497943737178794
311.8759896658055,1.0493784749024486
311.90599216601385,1.0489625219284398
311.9359946662222,1.0485465152520714
311.96599716643055,1.0481304553296236
311.9959996666389,1.0477143426174316
312.02600216684726,1.0472981775718913
312.05600466705556,1.046881960649455
312.0860071672639,1.0464656923066296
312.11600966747227,1.0460493729999822
312.1460121676806,1.0456330031861332
312.176014667889,1.0452165833217602
312.20601716809733,1.0448001138635943
312.2360196683057,1.0443835952684206
312.26602216851404,1.0439670279930806
312.2960246687224,1.0435504124944668
312.32602716893075,1.0431337492295243
312.3560296691391,1.0427170386552533
312.38603216934746,1.0423002812287028
312.4160346695558,1.0418834774069758
312.44603716976417,1.0414666276472246
312.4760396699725,1.0410497324066514
312.5060421701808,1.0406327921425111
312.5360446703892,1.0402158073121035
312.5660471705975,1.0397987783727818
312.5960496708059,1.0393817057819448
312.62605217101424,1.0389645899970394
312.6560546712226,1.0385474314755618
312.68605717143095,1.0381302306750533
312.7160596716393,1.0377129880531006
312.74606217184765,1.0372957040673398
312.776064672056,1.0368783791754486
312.80606717226436,1.0364610138351522
312.8360696724727,1.036043608504219
312.8660721726811,1.0356261636404605
312.8960746728894,1.0352086797017337
312.9260771730978,1.0347911571459363
312.95607967330614,1.0343735964310101
312.98608217351443,1.0339559980149384
313.0160846737228,1.0335383623557433
313.04608717393114,1.0331206899114918
313.0760896741395,1.0327029811402884
313.10609217434785,1.032285236500278
313.1360946745562,1.0318674564496464
313.16609717476456,1.0314496414466157
313.1960996749729,1.031031791949449
313.22610217518127,1.0306139084164452
313.2561046753896,1.0301959913059404
313.286107175598,1.0297780410763098
313.31610967580633,1.0293600581859623
313.3461121760147,1.028942043093345
313.37611467622304,1.0285239962569381
313.4061171764314,1.0281059181352576
313.4361196766397,1.0276878091868555
313.46612217684805,1.0272696698703139
313.4961246770564,1.0268515006442505
313.52612717726475,1.0264333019673164
313.5561296774731,1.0260150742981935
313.58613217768146,1.025596818095597
313.6161346778898,1.0251785338182724
313.6461371780982,1.0247602219249947
313.6761396783065,1.0243418828745727
313.7061421785149,1.0239235171258414
313.73614467872324,1.023505125137668
313.7661471789316,1.023086707368946
313.79614967913994,1.022668264278598
313.8261521793483,1.022249796325576
313.85615467955665,1.0218313039688565
313.88615717976495,1.0214127876674461
313.9161596799733,1.020994247880374
313.94616218018166,1.0205756850666963
313.97616468039,1.020157099685497
314.00616718059837,1.0197384921958816
314.0361696808067,1.0193198630569809
314.0661721810151,1.0189012127279504
314.09617468122343,1.018482541667967
314.1261771814318,1.018063850336233
314.15617968164014,1.0176451391919699
314.1861821818485,1.0172264086944223
314.21618468205685,1.0168076593028572
314.2461871822652,1.0163888914765598
314.27618968247356,1.0159701056748385
314.3061921826819,1.0155513023570188
314.33619468289027,1.015132481982446
314.36619718309856,1.0147136450104868
314.3961996833069,1.0142947919005212
314.4262021835153,1.01387592311195
314.4562046837236,1.0134570391041922
314.486207183932,1.0130381403366804
314.51620968414034,1.0126192272688663
314.5462121843487,1.0122003003602158
314.57621468455704,1.0117813600702092
314.6062171847654,1.0113624068583438
314.63621968497375,1.0109434411841285
314.6662221851821,1.0105244635070885
314.69622468539046,1.0101054742867601
314.7262271855988,1.009686473982692
314.75622968580717,1.0092674630544478
314.7862321860155,1.008848441961599
314.8162346862238,1.008429411163733
314.8462371864322,1.0080103711204424
314.87623968664053,1.0075913222913329
314.9062421868489,1.0071722651360207
314.93624468705724,1.0067532001141293
314.9662471872656,1.0063341276852908
314.99624968747395,1.0059150483091477
315.0262521876823,1.0054959624453468
315.05625468789066,1.0050768705535453
315.086257188099,1.0046577730934048
315.11625968830737,1.004238670524593
315.1462621885157,1.0038195633067848
315.1762646887241,1.0034004518996584
315.20626718893243,1.0029813367628988
315.2362696891408,1.0025622183561929
315.26627218934914,1.0021430971392313
315.29627468955744,1.0017239735717105
315.3262771897658,1.0013048481133255
315.35627968997414,1.0008857212237754
315.3862821901825,1.0004665933627623
315.41628469039085,1.0000474649899862
315.4462871905992,0.9996283365651509
315.47628969080756,0.9992092085479582
315.5062921910159,0.9987900813981091
315.53629469122427,0.998370955575306
315.5662971914326,0.9979518315392468
315.596299691641,0.9975327097496306
315.62630219184933,0.9971135906661517
315.6563046920577,0.9966944747485015
315.68630719226604,0.9962753624563698
315.7163096924744,0.9958562542494401
315.7463121926827,0.9954371505873946
315.77631469289105,0.9950180519299062
315.8063171930994,0.9945989587366447
315.83631969330776,0.9941798714672752
315.8663221935161,0.9937607905814541
315.89632469372447,0.9933417165388307
315.9263271939328,0.9929226497990495
315.9563296941412,0.9925035908217436
315.98633219434953,0.9920845400665403
316.0163346945579,0.9916654979930564
316.04633719476624,0.9912464650608985
316.0763396949746,0.9908274417296659
316.10634219518295,0.990408428458944
316.1363446953913,0.9899894257083103
316.16634719559966,0.9895704339373285
316.196349695808,0.9891514536055505
316.2263521960163,0.9887324851725182
316.25635469622466,0.9883135290977564
316.286357196433,0.9878945858407783
316.31635969664137,0.9874756558610845
316.3463621968497,0.9870567396181584
316.3763646970581,0.986637837571471
316.40636719726643,0.9862189501804756
316.4363696974748,0.9858000779046092
316.46637219768314,0.985381221203295
316.4963746978915,0.9849623805359357
316.52637719809985,0.9845435563619193
316.5563796983082,0.9841247491406138
316.58638219851656,0.9837059593313685
316.6163846987249,0.9832871873935158
316.64638719893327,0.9828684337863663
316.67638969914157,0.9824496989692113
316.7063921993499,0.9820309834013212
316.7363946995583,0.981612287541945
316.76639719976663,0.9811936118503118
316.796399699975,0.9807749567856268
316.82640220018334,0.9803563228070724
316.8564047003917,0.9799377103738101
316.88640720060005,0.9795191199449746
316.9164097008084,0.9791005519796798
316.94641220101676,0.9786820069370126
316.9764147012251,0.9782634852760346
317.00641720143346,0.9778449874557842
317.0364197016418,0.9774265139352712
317.0664222018502,0.9770080651734792
317.0964247020585,0.9765896416293661
317.1264272022669,0.9761712437618599
317.1564297024752,0.9757528720298637
317.18643220268353,0.9753345268922479
317.2164347028919,0.9749162088078556
317.24643720310024,0.9744979182355016
317.2764397033086,0.974079655633968
317.30644220351695,0.9736614214620091
317.3364447037253,0.9732432161783453
317.36644720393366,0.9728250402416659
317.396449704142,0.97240689411063
317.42645220435037,0.9719887782438617
317.4564547045587,0.9715706930999521
317.4864572047671,0.9711526391374607
317.51645970497543,0.9707346168149098
317.5464622051838,0.9703166265907902
317.57646470539214,0.9698986689235548
317.60646720560044,0.9694807442716221
317.6364697058088,0.969062853093374
317.66647220601715,0.9686449958471551
317.6964747062255,0.9682271729912749
317.72647720643386,0.9678093849840032
317.7564797066422,0.9673916322835712
317.78648220685056,0.9669739153481738
317.8164847070589,0.9665562346359645
317.8464872072673,0.9661385906050572
317.8764897074756,0.9657209837135274
317.906492207684,0.9653034144194073
317.93649470789234,0.9648858831806902
317.9664972081007,0.9644683904553265
317.99649970830905,0.9640509367012233
318.0265022085174,0.9636335223762478
318.0565047087257,0.9632161479382214
318.08650720893405,0.9627988138449227
318.1165097091424,0.9623815205540862
318.14651220935076,0.9619642685234004
318.1765147095591,0.9615470582105112
318.20651720976747,0.9611298900730163
318.2365197099758,0.9607127645684674
318.2665222101842,0.9602956821543713
318.29652471039253,0.959878643288185
318.3265272106009,0.9594616484273202
318.35652971080924,0.9590446980291384
318.3865322110176,0.9586277925509525
318.41653471122595,0.9582109324500281
318.4465372114343,0.957794118183578
318.47653971164266,0.9573773502087679
318.506542211851,0.9569606289827104
318.5365447120593,0.9565439549624677
318.56654721226766,0.95612732860505
318.596549712476,0.9557107503674155
318.6265522126844,0.9552942207064685
318.6565547128927,0.9548777400790627
318.6865572131011,0.9544613089419945
318.71655971330944,0.9540449277520097
318.7465622135178,0.9536285969657964
318.77656471372615,0.9532123170399878
318.8065672139345,0.9527960884311634
318.83656971414285,0.9523799115958437
318.8665722143512,0.951963786990495
318.89657471455956,0.9515477150715242
318.9265772147679,0.9511316962952808
318.9565797149763,0.9507157311180577
318.98658221518457,0.9502998199960878
319.0165847153929,0.9498839633855424
319.0465872156013,0.9494681617425376
319.07658971580963,0.9490524155231252
319.106592216018,0.9486367251832998
319.13659471622634,0.9482210911789916
319.1665972164347,0.9478055139660697
319.19659971664305,0.947389994000343
319.2266022168514,0.9469745317375543
319.25660471705976,0.9465591276333866
319.2866072172681,0.9461437821434565
319.31660971747647,0.9457284957233165
319.3466122176848,0.9453132688284563
319.3766147178932,0.9448981019142978
319.40661721810153,0.9444829954361996
319.4366197183099,0.944067949849452
319.4666222185182,0.9436529656092792
319.49662471872654,0.9432380431708384
319.5266272189349,0.9428231829892185
319.55662971914325,0.9424083855194398
319.5866322193516,0.9419936512164558
319.61663471955995,0.9415789805351477
319.6466372197683,0.9411643739303304
319.67663971997666,0.9407498318567458
319.706642220185,0.9403353547690658
319.7366447203934,0.9399209431218911
319.7666472206017,0.9395065973697493
319.7966497208101,0.9390923179670998
319.82665222101843,0.9386781053683252
319.8566547212268,0.9382639600277359
319.88665722143514,0.937849882399569
319.91665972164344,0.9374358729379869
319.9466622218518,0.9370219320970775
319.97666472206015,0.9366080603308533
320.0066672222685,0.9361942580932497
320.03666972247686,0.9357805258381301
320.0666722226852,0.9353668640192768
320.09667472289357,0.9349532730903963
320.1266772231019,0.9345397535051174
320.1566797233103,0.9341263057169893
320.18668222351863,0.9337129301794865
320.216684723727,0.9332996273460001
320.24668722393534,0.9328863976698428
320.2766897241437,0.9324732416042474
320.30669222435205,0.932060159602364
320.3366947245604,0.9316471521172661
320.36669722476876,0.9312342196019413
320.39669972497705,0.9308213625092959
320.4267022251854,0.9304085812921541
320.45670472539376,0.9299958764032563
320.4867072256021,0.9295832482952597
320.5167097258105,0.9291706974207369
320.5467122260188,0.9287582242321746
320.5767147262272,0.9283458291819783
320.60671722643553,0.9279335127224637
320.6367197266439,0.9275212753058619
320.66672222685224,0.9271091173843171
320.6967247270606,0.9266970394098848
320.72672722726895,0.9262850418345372
320.7567297274773,0.9258731251101542
320.78673222768566,0.9254612896885281
320.816734727894,0.9250495360213623
320.8467372281023,0.9246378645602705
320.87673972831067,0.9242262757567761
320.906742228519,0.9238147700623119
320.9367447287274,0.9234033479282183
320.96674722893573,0.922992009805748
320.9967497291441,0.9225807561460575
321.02675222935244,0.9221695874002122
321.0567547295608,0.9217585040191839
321.08675722976915,0.9213475064538499
321.1167597299775,0.9209365951549973
321.14676223018586,0.9205257705733143
321.1767647303942,0.9201150331593957
321.20676723060257,0.9197043833637405
321.2367697308109,0.9192938216367501
321.2667722310193,0.9188833484287338
321.29677473122763,0.9184729641898991
321.3267772314359,0.9180626693703581
321.3567797316443,0.917652464420124
321.38678223185264,0.917242349789112
321.416784732061,0.916832325927138
321.44678723226934,0.9164223932839184
321.4767897324777,0.9160125523090681
321.50679223268605,0.9156028034521058
321.5367947328944,0.9151931471624446
321.56679723310276,0.9147835838893981
321.5967997333111,0.9143741140821772
321.62680223351947,0.9139647381898893
321.6568047337278,0.913555456661543
321.6868072339362,0.9131462699460391
321.71680973414453,0.9127371784921755
321.7468122343529,0.9123281827486462
321.7768147345612,0.9119192831640399
321.80681723476954,0.9115104801868398
321.8368197349779,0.9111017742654233
321.86682223518625,0.9106931658480598
321.8968247353946,0.910284655382916
321.92682723560296,0.9098762433180471
321.9568297358113,0.9094679301014015
321.98683223601967,0.9090597161808194
322.016834736228,0.9086516020040307
322.0468372364364,0.9082435880186601
322.07683973664473,0.9078356746722179
322.1068422368531,0.9074278624121058
322.13684473706144,0.9070201516856146
322.1668472372698,0.9066125429399234
322.19684973747815,0.9062050366220985
322.22685223768644,0.9057976331790991
322.2568547378948,0.905390333057762
322.28685723810315,0.9049831367048201
322.3168597383115,0.9045760445668876
322.34686223851986,0.9041690570904649
322.3768647387282,0.9037621747219383
322.40686723893657,0.9033553979075774
322.4368697391449,0.9029487270935395
322.4668722393533,0.9025421627258623
322.49687473956163,0.9021357052504677
322.52687723977,0.9017293551131605
322.55687973997834,0.9013231127596277
322.5868822401867,0.9009169786354367
322.61688474039505,0.9005109531860405
322.6468872406034,0.9001050368567683
322.67688974081176,0.8996992300928317
322.70689224102006,0.8992935333393215
322.7368947412284,0.8988879470412082
322.76689724143677,0.898482471643341
322.7968997416451,0.8980771075904462
322.8269022418535,0.897671855327132
322.85690474206183,0.8972667152978799
322.8869072422702,0.8968616879470497
322.91690974247854,0.8964567737188774
322.9469122426869,0.8960519730574753
322.97691474289525,0.8956472864068297
323.0069172431036,0.8952427142108055
323.03691974331196,0.8948382569131386
323.0669222435203,0.8944339149574397
323.09692474372866,0.8940296887871936
323.126927243937,0.893625578845756
323.1569297441453,0.8932215855763612
323.18693224435367,0.8928177094221057
323.216934744562,0.8924139508259671
323.2469372447704,0.8920103102307886
323.27693974497873,0.8916067880792855
323.3069422451871,0.8912033848140429
323.33694474539544,0.8908001008775159
323.3669472456038,0.8903969367120271
323.39694974581215,0.8899938927597717
323.4269522460205,0.8895909694628094
323.45695474622886,0.8891881672630683
323.4869572464372,0.8887854866023442
323.51695974664557,0.8883829279222981
323.5469622468539,0.8879804916644612
323.5769647470623,0.8875781782702266
323.60696724727063,0.8871759881808534
323.63696974747893,0.8867739218374663
323.6669722476873,0.8863719796810535
323.69697474789564,0.8859701621524675
323.726977248104,0.885568469692424
323.75697974831235,0.8851669027414998
323.7869822485207,0.8847654617401387
323.81698474872906,0.884364147128642
323.8469872489374,0.8839629593471736
323.87698974914576,0.8835618988357585
323.9069922493541,0.8831609660342806
323.9369947495625,0.882760161382488
323.9669972497708,0.8823594853199841
323.9969997499792,0.8819589382862323
324.02700225018754,0.881558520720555
324.0570047503959,0.8811582330621308
324.0870072506042,0.8807580757500018
324.11700975081254,0.880358049223058
324.1470122510209,0.8799581539200514
324.17701475122925,0.8795583902795915
324.2070172514376,0.87915875874014
324.23701975164596,0.878759259740015
324.2670222518543,0.8783598937173892
324.29702475206267,0.8779606611102879
324.327027252271,0.8775615623565945
324.3570297524794,0.8771625978940412
324.38703225268773,0.8767637681602143
324.4170347528961,0.8763650735925524
324.44703725310444,0.8759665146283447
324.4770397533128,0.8755680917047355
324.50704225352115,0.8751698052587157
324.5370447537295,0.8747716557271281
324.5670472539378,0.8743736435466652
324.59704975414616,0.8739757691538691
324.6270522543545,0.8735780329851305
324.65705475456286,0.8731804354766884
324.6870572547712,0.8727829770646287
324.7170597549796,0.8723856581848888
324.7470622551879,0.8719884792732484
324.7770647553963,0.871591440765336
324.80706725560464,0.8711945430966251
324.837069755813,0.8707977867024342
324.86707225602134,0.8704011720179305
324.8970747562297,0.8700046994781216
324.92707725643805,0.8696083695178609
324.9570797566464,0.8692121825718452
324.98708225685476,0.8688161390746131
325.01708475706306,0.8684202394605514
325.0470872572714,0.8680244841638807
325.07708975747977,0.8676288736186677
325.1070922576881,0.8672334082588227
325.1370947578965,0.8668380885180932
325.16709725810483,0.8664429148300677
325.1970997583132,0.8660478876281752
325.22710225852154,0.865653007345682
325.2571047587299,0.8652582744156977
325.28710725893825,0.8648636892711663
325.3171097591466,0.8644692523448707
325.34711225935496,0.8640749640694316
325.3771147595633,0.8636808248773054
325.40711725977167,0.8632868352007882
325.43711975998,0.8628929954720091
325.4671222601884,0.8624993061229336
325.4971247603967,0.8621057675853621
325.527127260605,0.86171238029093
325.5571297608134,0.8613191446711066
325.58713226102174,0.8609260611571947
325.6171347612301,0.8605331301803292
325.64713726143844,0.8601403521714817
325.6771397616468,0.8597477275614516
325.70714226185515,0.859355256780872
325.7371447620635,0.8589629402602068
325.76714726227186,0.8585707784297496
325.7971497624802,0.8581787717196282
325.82715226268857,0.8577869205597966
325.8571547628969,0.8573952253800389
325.8871572631053,0.8570036866099687
325.91715976331363,0.8566123046790266
325.94716226352193,0.8562210800164862
325.9771647637303,0.8558300130514409
326.00716726393864,0.8554391042128152
326.037169764147,0.8550483539293625
326.06717226435535,0.8546577626296586
326.0971747645637,0.8542673307421063
326.12717726477206,0.8538770586949329
326.1571797649804,0.8534869469161901
326.18718226518877,0.853096995833757
326.2171847653971,0.8527072058753327
326.2471872656055,0.8523175774684411
326.27718976581383,0.8519281110404286
326.3071922660222,0.8515388070184629
326.33719476623054,0.8511496658295371
326.3671972664389,0.8507606879004624
326.3971997666472,0.8503718736578718
326.42720226685555,0.8499832235282188
326.4572047670639,0.8495947379377768
326.48720726727225,0.8492064173126391
326.5172097674806,0.8488182620787179
326.54721226768896,0.8484302726617425
326.5772147678973,0.8480424494872646
326.60721726810567,0.8476547929806493
326.637219768314,0.8472673035670804
326.6672222685224,0.8468799816715582
326.69722476873073,0.8464928277188983
326.7272272689391,0.846105842133736
326.75722976914744,0.8457190253405177
326.7872322693558,0.8453323777635062
326.81723476956415,0.8449458998267786
326.8472372697725,0.8445595919542247
326.8772397699808,0.8441734545695531
326.90724227018916,0.8437874880962772
326.9372447703975,0.8434016929577274
326.96724727060587,0.8430160695770483
326.9972497708142,0.8426306183771926
327.0272522710226,0.8422453397809249
327.05725477123093,0.8418602342108212
327.0872572714393,0.841475302089266
327.11725977164764,0.8410905438384574
327.147262271856,0.8407059598803992
327.17726477206435,0.840321550636905
327.2072672722727,0.839937316529597
327.23726977248106,0.839553257979904
327.2672722726894,0.839169375409066
327.29727477289777,0.8387856692381263
327.32727727310606,0.8384021398879358
327.3572797733144,0.8380187877791515
327.38728227352277,0.8376356133322362
327.4172847737311,0.8372526169674577
327.4472872739395,0.8368697991048885
327.47728977414783,0.8364871601644038
327.5072922743562,0.836104700565687
327.53729477456454,0.8357224207282201
327.5672972747729,0.8353403210712902
327.59729977498125,0.8349584020139859
327.6273022751896,0.8345766639751968
327.65730477539796,0.834195107373618
327.6873072756063,0.8338137326277416
327.71730977581467,0.8334325401558613
327.747312276023,0.8330515303760712
327.7773147762314,0.8326707037062635
327.8073172764397,0.8322900605641348
327.83731977664803,0.8319096013671727
327.8673222768564,0.8315293265326671
327.89732477706474,0.8311492364777078
327.9273272772731,0.8307693316191784
327.95732977748145,0.8303896123737607
327.9873322776898,0.8300100791579328
328.01733477789816,0.8296307323879675
328.0473372781065,0.8292515724799369
328.07733977831487,0.8288725998497043
328.1073422785232,0.8284938149129291
328.1373447787316,0.8281152180850644
328.1673472789399,0.8277368097813563
328.1973497791483,0.8273585904168475
328.22735227935664,0.8269805604063696
328.25735477956493,0.8266027201645482
328.2873572797733,0.8262250701058004
328.31735977998164,0.8258476106443348
328.34736228019,0.8254703421941509
328.37736478039835,0.8250932651690391
328.4073672806067,0.824716379982578
328.43736978081506,0.8243396870481398
328.4673722810234,0.8239631867788821
328.49737478123177,0.8235868795877527
328.5273772814401,0.823210765887487
328.5573797816485,0.8228348460906075
328.58738228185683,0.8224591206094275
328.6173847820652,0.8220835898560435
328.64738728227354,0.8217082542423397
328.6773897824819,0.8213331141799861
328.70739228269025,0.8209581700804373
328.73739478289855,0.8205834223549375
328.7673972831069,0.8202088714145085
328.79739978331526,0.8198345176699597
328.8274022835236,0.819460361531887
328.85740478373197,0.8190864034106652
328.8874072839403,0.818712643716454
328.9174097841487,0.8183390828591949
328.94741228435703,0.8179657212486101
328.9774147845654,0.8175925592942074
329.00741728477374,0.8172195974052714
329.0374197849821,0.8168468359908687
329.06742228519045,0.8164742754598462
329.0974247853988,0.8161019162208288
329.12742728560715,0.815729758682225
329.1574297858155,0.8153578032522175
329.1874322860238,0.8149860503387694
329.21743478623216,0.814614500349621
329.2474372864405,0.8142431536922906
329.27743978664887,0.8138720107740731
329.3074422868572,0.8135010720020401
329.3374447870656,0.813130337783038
329.36744728727393,0.8127598085236925
329.3974497874823,0.812389484630401
329.42745228769064,0.8120193665093365
329.457454787899,0.8116494545664468
329.48745728810735,0.8112797492074519
329.5174597883157,0.8109102508378494
329.54746228852406,0.8105409598629055
329.5774647887324,0.8101718766876609
329.60746728894077,0.8098030017169277
329.6374697891491,0.8094343353552889
329.6674722893574,0.8090658780071034
329.6974747895658,0.8086976300764934
329.72747728977413,0.8083295919673555
329.7574797899825,0.8079617640833583
329.78748229019084,0.807594146827936
329.8174847903992,0.8072267406042932
329.84748729060755,0.8068595458154031
329.8774897908159,0.8064925628640057
329.90749229102425,0.8061257921526125
329.9374947912326,0.805759234083498
329.96749729144096,0.8053928890587055
329.9974997916493,0.8050267574800439
330.0275022918577,0.8046608397490872
330.057504792066,0.8042951362671783
330.0875072922744,0.8039296474354216
330.1175097924827,0.8035643736546872
330.14751229269103,0.8031993153256094
330.1775147928994,0.8028344728485861
330.20751729310774,0.8024698466237785
330.2375197933161,0.8021054370511107
330.26752229352445,0.8017412445302677
330.2975247937328,0.8013772694607004
330.32752729394116,0.8010135122416175
330.3575297941495,0.8006499732719896
330.38753229435787,0.8002866529505485
330.4175347945662,0.7999235516757843
330.4475372947746,0.7995606698459513
330.47753979498293,0.7991980078590588
330.5075422951913,0.7988355661128764
330.53754479539964,0.7984733450049324
330.56754729560794,0.7981113449325126
330.5975497958163,0.7977495662926607
330.62755229602465,0.7973880094821776
330.657554796233,0.7970266748976194
330.68755729644135,0.7966655629353023
330.7175597966497,0.7963046739912947
330.74756229685806,0.7959440084614215
330.7775647970664,0.7955835667412625
330.8075672972748,0.7952233492261511
330.8375697974831,0.7948633563111782
330.8675722976915,0.7945035883911846
330.89757479789984,0.7941440458607658
330.9275772981082,0.7937847291142701
330.95757979831654,0.7934256385457967
330.9875822985249,0.7930667745492006
331.01758479873325,0.7927081375180844
331.04758729894155,0.7923497278458034
331.0775897991499,0.7919915459254628
331.10759229935826,0.791633592149919
331.1375947995666,0.7912758669117773
331.16759729977497,0.7909183706033929
331.1975997999833,0.7905611036168683
331.2276023001917,0.7902040663440583
331.25760480040003,0.7898472591765621
331.2876073006084,0.7894906825057277
331.31760980081674,0.7891343367226505
331.3476123010251,0.7887782222181712
331.37761480123345,0.7884223393828804
331.4076173014418,0.7880666886071112
331.43761980165016,0.7877112702809432
331.4676223018585,0.7873560847942013
331.4976248020668,0.7870011325364548
331.52762730227516,0.7866464138970173
331.5576298024835,0.786291929264946
331.5876323026919,0.7859376790290403
331.6176348029002,0.7855836635778464
331.6476373031086,0.785229883299649
331.67763980331694,0.7848763385824764
331.7076423035253,0.7845230298140982
331.73764480373364,0.7841699573820242
331.767647303942,0.7838171216735085
331.79764980415035,0.783464523075542
331.8276523043587,0.7831121619748569
331.85765480456706,0.7827600387579247
331.8876573047754,0.7824081538109547
331.91765980498377,0.7820565075198989
331.9476623051921,0.7817051002704434
331.9776648054004,0.7813539324480135
332.0076673056088,0.7810030044377723
332.03766980581713,0.7806523166246193
332.0676723060255,0.7803018693931909
332.09767480623384,0.7799516631278594
332.1276773064422,0.7796016982127317
332.15767980665055,0.7792519750316539
332.1876823068589,0.7789024939682028
332.21768480706726,0.7785532554056911
332.2476873072756,0.7782042597271657
332.27768980748397,0.7778555073154056
332.3076923076923,0.7775069985529268
332.3376948079007,0.7771587338219745
332.36769730810903,0.7768107135045272
332.3976998083174,0.7764629379822956
332.4277023085257,0.7761154076367216
332.45770480873404,0.7757681228489783
332.4877073089424,0.7754210839999699
332.51770980915074,0.7750742914703289
332.5477123093591,0.7747277456404219
332.57771480956745,0.7743814468903408
332.6077173097758,0.7740353955999082
332.63771980998416,0.7736895921486747
332.6677223101925,0.7733440369159186
332.69772481040087,0.7729987302806487
332.7277273106092,0.7726536726215983
332.7577298108176,0.7723088643172284
332.78773231102593,0.7719643057457267
332.8177348112343,0.7716199972850056
332.84773731144264,0.7712759393127069
332.877739811651,0.7709321322061939
332.9077423118593,0.7705885763425565
332.93774481206765,0.7702452720986082
332.967747312276,0.7699022198508871
332.99774981248436,0.7695594199756549
333.0277523126927,0.7692168728488962
333.05775481290107,0.7688745788463174
333.0877573131094,0.7685325383433508
333.1177598133178,0.768190751715147
333.14776231352613,0.7678492193365795
333.1777648137345,0.7675079415822428
333.20776731394284,0.7671669188264512
333.2377698141512,0.7668261514432423
333.26777231435955,0.7664856398063706
333.2977748145679,0.7661453842893113
333.32777731477626,0.7658053852652583
333.35777981498455,0.7654656431071244
333.3877823151929,0.7651261581875406
333.41778481540126,0.7647869308788559
333.4477873156096,0.7644479615531353
333.47778981581797,0.7641092505821646
333.5077923160263,0.7637707983374429
333.5377948162347,0.763432605190186
333.56779731644303,0.7630946715113263
333.5977998166514,0.76275699767151
333.62780231685974,0.7624195840411019
333.6578048170681,0.762082430990178
333.68780731727645,0.7617455388885297
333.7178098174848,0.7614089081056618
333.74781231769316,0.7610725390107929
333.7778148179015,0.7607364319728533
333.8078173181098,0.7604005873604905
333.83781981831817,0.7600650055420561
333.8678223185265,0.7597296868856214
333.8978248187349,0.7593946317589646
333.92782731894323,0.759059840529576
333.9578298191516,0.7587253135646563
333.98783231935994,0.7583910512311156
334.0178348195683,0.7580570538955768
334.04783731977665,0.7577233219243686
334.077839819985,0.7573898556835306
334.10784232019336,0.7570566555388097
334.1378448204017,0.7567237218556621
334.16784732061006,0.7563910549992499
334.1978498208184,0.7560586553344463
334.2278523210268,0.7557265232258278
334.2578548212351,0.7553946590376788
334.2878573214434,0.7550630631339896
334.3178598216518,0.7547317358784565
334.34786232186013,0.754400677634481
334.3778648220685,0.7540698887651685
334.40786732227684,0.7537393696333321
334.4378698224852,0.753409120601486
334.46787232269355,0.7530791420318491
334.4978748229019,0.7527494342863437
334.52787732311026,0.7524199977265948
334.5578798233186,0.7520908327139294
334.58788232352697,0.7517619396093795
334.6178848237353,0.7514333187736759
334.6478873239437,0.7511049705672515
334.67788982415203,0.7507768953502405
334.7078923243604,0.7504490934824763
334.7378948245687,0.7501215653234975
334.76789732477704,0.7497943112325338
334.7978998249854,0.749467331568523
334.82790232519375,0.7491406266900968
334.8579048254021,0.748814196955587
334.88790732561046,0.7484880427230236
334.9179098258188,0.7481621643501339
334.94791232602716,0.7478365621943425
334.9779148262355,0.7475112366127734
335.0079173264439,0.7471861879622446
335.0379198266522,0.746861416599271
335.0679223268606,0.7465369228800638
335.09792482706894,0.7462127071605281
335.1279273272773,0.745888769796268
335.15792982748565,0.7455651111425785
335.187932327694,0.7452417315544501
335.2179348279023,0.7449186313865672
335.24793732811065,0.744595810993308
335.277939828319,0.7442732707287436
335.30794232852736,0.7439510109466378
335.3379448287357,0.743629032000446
335.36794732894407,0.7433073342433185
335.3979498291524,0.742985918028094
335.4279523293608,0.7426647837073035
335.45795482956913,0.742343931633169
335.4879573297775,0.7420233621576017
335.51795982998584,0.7417030756322059
335.5479623301942,0.7413830724082728
335.57796483040255,0.7410633528367835
335.6079673306109,0.7407439172684082
335.63796983081926,0.7404247660535044
335.66797233102756,0.7401058995421221
335.6979748312359,0.7397873180839928
335.72797733144427,0.739469022028538
335.7579798316526,0.7391510117248692
335.787982331861,0.7388332875217802
335.8179848320693,0.738515849767753
335.8479873322777,0.7381986988109548
335.87798983248604,0.7378818349992375
335.9079923326944,0.7375652586801413
335.93799483290275,0.7372489702008878
335.9679973331111,0.7369329699083835
335.99799983331945,0.7366172581492196
336.0280023335278,0.7363018352696692
336.05800483373616,0.7359867016156922
336.0880073339445,0.7356718575329275
336.1180098341529,0.735357303366698
336.14801233436117,0.7350430394620084
336.1780148345695,0.7347290661635452
336.2080173347779,0.7344153838156756
336.23801983498623,0.7341019927624484
336.2680223351946,0.7337888933475915
336.29802483540294,0.7334760859145161
336.3280273356113,0.73316357080631
336.35802983581965,0.7328513483657415
336.388032336028,0.7325394189352579
336.41803483623636,0.732227782856984
336.4480373364447,0.731916440472726
336.47803983665307,0.7316053921239649
336.5080423368614,0.7312946381518601
336.5380448370698,0.7309841788972484
336.56804733727813,0.7306740147006421
336.5980498374864,0.7303641459022341
336.6280523376948,0.730054572841887
336.65805483790314,0.7297452958591423
336.6880573381115,0.7294363152932186
336.71805983831985,0.7291276314830064
336.7480623385282,0.728819244767072
336.77806483873655,0.7285111554836554
336.8080673389449,0.7282033639706698
336.83806983915326,0.7278958705657043
336.8680723393616,0.7275886756060186
336.89807483957,0.7272817794285455
336.9280773397783,0.7269751823698908
336.9580798399867,0.7266688847663305
336.98808234019504,0.7263628869538155
337.0180848404034,0.7260571892679649
337.04808734061174,0.7257517920440696
337.07808984082004,0.725446695617091
337.1080923410284,0.7251419003216603
337.13809484123675,0.7248374064920787
337.1680973414451,0.7245332144623169
337.19809984165346,0.724229324566013
337.2281023418618,0.7239257371364772
337.25810484207017,0.723622452506685
337.2881073422785,0.7233194710092805
337.3181098424869,0.7230167929765756
337.34811234269523,0.7227144187405479
337.3781148429036,0.7224123486328453
337.40811734311194,0.7221105829847788
337.4381198433203,0.7218091221273268
337.46812234352865,0.721507966391133
337.498124843737,0.7212071161065057
337.5281273439453,0.7209065716034222
337.55812984415365,0.7206063332115182
337.588132344362,0.7203064012600968
337.61813484457036,0.7200067760781272
337.6481373447787,0.7197074579942387
337.6781398449871,0.719408447336725
337.7081423451954,0.7191097444335428
337.7381448454038,0.7188113496123099
337.76814734561214,0.7185132632003091
337.7981498458205,0.7182154855244827
337.82815234602884,0.7179180169114345
337.8581548462372,0.7176208576874299
337.88815734644555,0.7173240081783936
337.9181598466539,0.7170274687099139
337.94816234686226,0.7167312396072356
337.97816484707056,0.7164353211952647
338.0081673472789,0.7161397137985659
338.03816984748727,0.715844417741363
338.0681723476956,0.7155494333475385
338.098174847904,0.7152547609406328
338.12817734811233,0.714960400843843
338.1581798483207,0.714666353380027
338.18818234852904,0.7143726188716968
338.2181848487374,0.7140791976410217
338.24818734894575,0.7137860900098278
338.2781898491541,0.7134932962995962
338.30819234936246,0.7132008168314666
338.3381948495708,0.7129086519262311
338.36819734977917,0.7126168019043375
338.3981998499875,0.7123252670858888
338.4282023501959,0.7120340477906408
338.4582048504042,0.7117431443380076
338.4882073506125,0.7114525570470503
338.5182098508209,0.7111622862364869
338.54821235102924,0.7108723322246899
338.5782148512376,0.7105826953296814
338.60821735144594,0.710293375869137
338.6382198516543,0.7100043741603834
338.66822235186265,0.7097156905203984
338.698224852071,0.7094273252658139
338.72822735227936,0.7091392787129094
338.7582298524877,0.7088515511776159
338.78823235269607,0.7085641429755144
338.8182348529044,0.708277054421835
338.8482373531128,0.7079902858314598
338.87823985332113,0.7077038375189173
338.90824235352943,0.7074177097983854
338.9382448537378,0.7071319029836904
338.96824735394614,0.7068464173883073
338.9982498541545,0.7065612533253576
339.02825235436285,0.7062764111076113
339.0582548545712,0.7059918910474836
339.08825735477956,0.7057076934570397
339.1182598549879,0.705423818647988
339.14826235519627,0.705140266931684
339.1782648554046,0.7048570386191286
339.208267355613,0.7045741340209676
339.23826985582133,0.7042915534474938
339.2682723560297,0.7040092972086422
339.29827485623804,0.7037273656139931
339.3282773564464,0.7034457589727705
339.35827985665475,0.7031644775938413
339.38828235686304,0.702883521785719
339.4182848570714,0.7026028918565548
339.44828735727975,0.7023225881141452
339.4782898574881,0.7020426108659306
339.50829235769646,0.7017629604189904
339.5382948579048,0.7014836370800472
339.56829735811317,0.7012046411554641
339.5982998583215,0.7009259729512444
339.6283023585299,0.7006476327730348
339.65830485873823,0.7003696209261193
339.6883073589466,0.7000919377154229
339.71830985915494,0.6998145834455101
339.7483123593633,0.6995375584205834
339.77831485957165,0.6992608629444873
339.80831735978,0.6989844973207021
339.8383198599883,0.6987084618523469
339.86832236019666,0.6984327568421791
339.898324860405,0.6981573825925934
339.92832736061337,0.6978823394056216
339.9583298608217,0.6976076275829328
339.9883323610301,0.6973332474258312
340.01833486123843,0.6970591992352606
340.0483373614468,0.6967854833117973
340.07833986165514,0.6965120999556547
340.1083423618635,0.6962390494666809
340.13834486207185,0.6959663321443584
340.1683473622802,0.6956939482878068
340.19834986248856,0.6954218981957773
340.2283523626969,0.6951501821666558
340.25835486290526,0.6948788004984621
340.2883573631136,0.694607753488848
340.3183598633219,0.6943370414351021
340.34836236353027,0.6940666646341401
340.3783648637386,0.6937966233825129
340.408367363947,0.6935269179764048
340.43836986415533,0.6932575487116294
340.4683723643637,0.6929885158836322
340.49837486457204,0.69271981978749
340.5283773647804,0.6924514607179092
340.55837986498875,0.6921834389692293
340.5883823651971,0.691915754835417
340.61838486540546,0.6916484086100698
340.6483873656138,0.6913814005864145
340.67838986582217,0.6911147310573058
340.7083923660305,0.6908484003152304
340.7383948662389,0.6905824086523005
340.7683973664472,0.6903167563602567
340.79839986665553,0.6900514437304681
340.8284023668639,0.6897864710539312
340.85840486707224,0.6895218386212694
340.8884073672806,0.6892575467227329
340.91840986748895,0.6889935956481974
340.9484123676973,0.688729985687168
340.97841486790566,0.6884667171287725
341.008417368114,0.6882037902617653
341.03841986832236,0.6879412053745259
341.0684223685307,0.6876789627550579
341.0984248687391,0.6874170626909926
341.1284273689474,0.6871555054695819
341.1584298691558,0.6868942913777037
341.18843236936414,0.6866334207018588
341.2184348695725,0.6863728937281708
341.2484373697808,0.6861127107423894
341.27843986998914,0.6858528720298825
341.3084423701975,0.6855933778756425
341.33844487040585,0.6853342285642855
341.3684473706142,0.6850754243800472
341.39844987082256,0.6848169656067854
341.4284523710309,0.6845588525279791
341.45845487123927,0.6843010854267271
341.4884573714476,0.6840436645857517
341.518459871656,0.6837865902873925
341.54846237186433,0.68352986281361
341.5784648720727,0.6832734824459841
341.60846737228104,0.6830174494657135
341.6384698724894,0.6827617641536183
341.66847237269775,0.6825064267901347
341.69847487290605,0.6822514376553179
341.7284773731144,0.6819967970288416
341.75847987332276,0.6817425051899969
341.7884823735311,0.6814885624176924
341.81848487373946,0.681234968990454
341.8484873739478,0.6809817251864234
341.8784898741562,0.6807288312833617
341.9084923743645,0.680476287558643
341.9384948745729,0.680224094289259
341.96849737478124,0.6799722517518167
341.9984998749896,0.6797207602225372
342.02850237519795,0.6794696199772596
342.0585048754063,0.6792188312914351
342.08850737561465,0.6789683944401301
342.118509875823,0.678718309698025
342.1485123760313,0.6784685773394141
342.17851487623966,0.6782191976382053
342.208517376448,0.6779701708679193
342.23851987665637,0.6777214973016895
342.2685223768647,0.6774731772122641
342.2985248770731,0.6772252108720008
342.32852737728143,0.6769775985528707
342.3585298774898,0.6767303405264562
342.38853237769814,0.6764834370639503
342.4185348779065,0.6762368884361599
342.44853737811485,0.6759906949135
342.4785398783232,0.6757448567659969
342.50854237853156,0.6754993742632873
342.5385448787399,0.6752542476746168
342.56854737894827,0.6750094772688435
342.5985498791566,0.6747650633144318
342.6285523793649,0.6745210060794562
342.6585548795733,0.6742773058316002
342.6885573797816,0.6740339628381554
342.71855987999,0.6737909773660218
342.74856238019834,0.6735483496817072
342.7785648804067,0.673306080051326
342.80856738061505,0.6730641687406027
342.8385698808234,0.6728226160148658
342.86857238103175,0.672581422139052
342.8985748812401,0.6723405873777037
342.92857738144846,0.6721001119949692
342.9585798816568,0.6718599962546048
342.98858238186517,0.6716202404199698
343.0185848820735,0.6713808447540297
343.0485873822819,0.6711418095193551
343.0785898824902,0.670903134978121
343.10859238269853,0.6706648213921071
343.1385948829069,0.6704268690226969
343.16859738311524,0.6701892781308769
343.1985998833236,0.66995204897724
343.22860238353195,0.6697151818219794
343.2586048837403,0.6694786769248924
343.28860738394866,0.6692425345453787
343.318609884157,0.6690067549424399
343.34861238436537,0.6687713383746817
343.3786148845737,0.6685362851003097
343.4086173847821,0.6683015953771316
343.43861988499043,0.6680672694625562
343.4686223851988,0.6678333076135927
343.49862488540714,0.6675997100868534
343.5286273856155,0.6673664771385485
343.5586298858238,0.667133609024489
343.58863238603215,0.6669011060000861
343.6186348862405,0.6666689683203504
343.64863738644885,0.6664371962398914
343.6786398866572,0.6662057900129184
343.70864238686556,0.665974749893238
343.7386448870739,0.6657440761342579
343.7686473872823,0.6655137689889816
343.7986498874906,0.6652838287100109
343.828652387699,0.665054255549546
343.85865488790733,0.6648250497593828
343.8886573881157,0.6645962115909173
343.91865988832404,0.6643677412951395
343.9486623885324,0.664139639122637
343.97866488874075,0.6639119053235933
344.00866738894905,0.6636845401477881
344.0386698891574,0.6634575438445969
344.06867238936576,0.6632309166629904
344.0986748895741,0.6630046588515336
344.12867738978247,0.6627787706583891
344.1586798899908,0.6625532523313113
344.1886823901992,0.6623281041176501
344.21868489040753,0.662103326264349
344.2486873906159,0.661878919017945
344.27868989082424,0.6616548826245708
344.3086923910326,0.6614312173299499
344.33869489124095,0.6612079233793995
344.3686973914493,0.6609850010178295
344.39869989165766,0.6607624504897427
344.428702391866,0.6605402720392328
344.45870489207437,0.6603184659099877
344.48870739228266,0.660097032345285
344.518709892491,0.6598759715879942
344.5487123926994,0.6596552838805758
344.5787148929077,0.6594349694650814
344.6087173931161,0.659215028583153
344.63871989332443,0.6589954614760222
344.6687223935328,0.6587762683845129
344.69872489374114,0.6585574495490364
344.7287273939495,0.6583390052095945
344.75872989415785,0.6581209356057782
344.7887323943662,0.6579032409767673
344.81873489457456,0.6576859215613298
344.8487373947829,0.6574689775978242
344.87873989499127,0.6572524093241952
344.9087423951996,0.6570362169779758
344.9387448954079,0.6568204007962872
344.9687473956163,0.6566049610158375
344.99874989582463,0.6563898978729226
345.028752396033,0.6561752116034238
345.05875489624134,0.6559609024428117
345.0887573964497,0.6557469706261412
345.11875989665805,0.6555334163880537
345.1487623968664,0.6553202399627768
345.17876489707476,0.6551074415841234
345.2087673972831,0.6548950214854912
345.23876989749147,0.6546829798998652
345.2687723976998,0.6544713170598131
345.2987748979082,0.6542600331974877
345.32877739811653,0.6540491285446265
345.3587798983249,0.65383860333255
345.38878239853324,0.6536284577921647
345.41878489874154,0.6534186921539589
345.4487873989499,0.6532093066480045
345.47878989915824,0.6530003015039567
345.5087923993666,0.6527916769510536
345.53879489957495,0.6525834332181155
345.5687973997833,0.6523755705335454
345.59879989999166,0.6521680891253276
345.6288024002,0.6519609892210301
345.65880490040837,0.6517542710478006
345.6888074006167,0.6515479348323685
345.7188099008251,0.6513419808010446
345.74881240103343,0.6511364091797198
345.7788149012418,0.6509312201938674
345.80881740145014,0.6507264140685391
345.8388199016585,0.6505219910283676
345.8688224018668,0.650317951297565
345.89882490207515,0.650114295099923
345.9288274022835,0.6499110226588132
345.95882990249186,0.6497081341971856
345.9888324027002,0.649505629937569
346.01883490290857,0.6493035101020721
346.0488374031169,0.6491017749123807
346.0788399033253,0.6489004245897589
346.10884240353363,0.6486994593550489
346.138844903742,0.6484988794286697
346.16884740395034,0.6482986850306198
346.1988499041587,0.6480988763804729
346.22885240436705,0.6478994536973801
346.2588549045754,0.6477004172000695
346.28885740478376,0.6475017671068444
346.31885990499205,0.6473035036355876
346.3488624052004,0.6471056270037533
346.37886490540876,0.6469081374283738
346.4088674056171,0.6467110351260581
346.43886990582547,0.6465143203129884
346.4688724060338,0.6463179932049223
346.4988749062422,0.6461220540171928
346.52887740645053,0.6459265029647063
346.5588799066589,0.6457313402619455
346.58888240686724,0.6455365661229652
346.6188849070756,0.6453421807613948
346.64888740728395,0.6451481843904372
346.6788899074923,0.644954577222868
346.70889240770066,0.644761359471038
346.738894907909,0.6445685313468688
346.76889740811737,0.6443760930618552
346.79889990832567,0.6441840448270646
346.828902408534,0.6439923868531365
346.8589049087424,0.6438011193502826
346.88890740895073,0.6436102425282859
346.9189099091591,0.6434197565965007
346.94891240936744,0.6432296617638541
346.9789149095758,0.6430399582388425
347.00891740978415,0.6428506462295339
347.0389199099925,0.6426617259435666
347.06892241020086,0.6424731975881489
347.0989249104092,0.6422850613700608
347.12892741061756,0.6420973174956506
347.1589299108259,0.6419099661708368
347.1889324110343,0.6417230076011073
347.2189349112426,0.6415364419915187
347.2489374114509,0.641350269546699
347.2789399116593,0.6411644904708413
347.30894241186763,0.640979104967709
347.338944912076,0.6407941132406354
347.36894741228434,0.6406095154925195
347.3989499124927,0.6404253119258294
347.42895241270105,0.6402415027426003
347.4589549129094,0.6400580881444347
347.48895741311776,0.6398750683325037
347.5189599133261,0.6396924435075442
347.54896241353447,0.6395102138698596
347.5789649137428,0.6393283796193208
347.6089674139512,0.6391469409553638
347.63896991415953,0.6389658980769926
347.6689724143679,0.6387852511827756
347.69897491457624,0.6386050004708472
347.72897741478454,0.6384251461389074
347.7589799149929,0.6382456883842214
347.78898241520125,0.6380666274036193
347.8189849154096,0.6378879633934963
347.84898741561796,0.6377096965498114
347.8789899158263,0.6375318270680899
347.90899241603466,0.6373543551434193
347.938994916243,0.6371772809704517
347.9689974164514,0.6370006047434034
347.9989999166597,0.6368243266560527
348.0290024168681,0.6366484469017439
348.05900491707644,0.6364729656733823
348.0890074172848,0.6362978831634365
348.11900991749314,0.636123199563938
348.1490124177015,0.6359489150664801
348.1790149179098,0.6357750298622208
348.20901741811815,0.6356015441418765
348.2390199183265,0.6354284580957273
348.26902241853486,0.635255771913616
348.2990249187432,0.6350834857849454
348.32902741895157,0.6349115998986797
348.3590299191599,0.6347401144433442
348.3890324193683,0.6345690296070248
348.41903491957663,0.634398345577369
348.449037419785,0.6342280625415835
348.47903991999334,0.6340581806864358
348.5090424202017,0.6338887001982532
348.53904492041005,0.6337196212629223
348.5690474206184,0.6335509440658907
348.59904992082676,0.6333826687921642
348.6290524210351,0.6332147956263077
348.6590549212434,0.6330473247524457
348.68905742145176,0.632880256354261
348.7190599216601,0.6327135906149952
348.7490624218685,0.632547327717448
348.7790649220768,0.6323814678439771
348.8090674222852,0.6322160111764996
348.83906992249354,0.6320509578964886
348.8690724227019,0.6318863081849754
348.89907492291024,0.6317220622225488
348.9290774231186,0.6315582201893541
348.95907992332695,0.6313947822650953
348.9890824235353,0.6312317486290313
349.01908492374366,0.6310691194599782
349.049087423952,0.6309068949363089
349.07908992416037,0.6307450752359514
349.10909242436867,0.6305836605363918
349.139094924577,0.6304226510146693
349.1690974247854,0.63026204684738
349.19909992499373,0.6301018482106764
349.2291024252021,0.6299420552802646
349.25910492541044,0.6297826682314065
349.2891074256188,0.6296236872389188
349.31910992582715,0.629465112477172
349.3491124260355,0.6293069441200927
349.37911492624386,0.6291491823411605
349.4091174264522,0.6289918273134092
349.43911992666057,0.6288348792094268
349.4691224268689,0.6286783382013543
349.4991249270773,0.6285222044608876
349.52912742728563,0.6283664781592747
349.559129927494,0.628211159467317
349.5891324277023,0.6280562485553687
349.61913492791064,0.6279017455933372
349.649137428119,0.6277476507506821
349.67913992832734,0.6275939641964152
349.7091424285357,0.6274406860991006
349.73914492874405,0.6272878166268555
349.7691474289524,0.6271353559473474
349.79914992916076,0.6269833042277957
349.8291524293691,0.626831661634972
349.85915492957747,0.6266804283351979
349.8891574297858,0.626529604494348
349.9191599299942,0.6263791902778464
349.94916243020253,0.626229185850668
349.9791649304109,0.6260795913773385
350.00916743061924,0.6259304070219335
350.03916993082754,0.6257816329480805
350.0691724310359,0.6256332693189546
350.09917493124425,0.6254853162972814
350.1291774314526,0.6253377740453379
350.15917993166096,0.6251906427249485
350.1891824318693,0.6250439224974877
350.21918493207767,0.6248976135238793
350.249187432286,0.6247517159645949
350.2791899324944,0.6246062299796569
350.30919243270273,0.6244611557286346
350.3391949329111,0.6243164933706462
350.36919743311944,0.6241722430643581
350.3991999333278,0.6240284049679845
350.42920243353615,0.6238849792392887
350.4592049337445,0.6237419660355801
350.4892074339528,0.6235993655137166
350.51920993416115,0.6234571778301033
350.5492124343695,0.6233154031406923
350.57921493457786,0.6231740416009829
350.6092174347862,0.6230330933660211
350.63921993499457,0.6228925585903992
350.6692224352029,0.6227524374282576
350.6992249354113,0.6226127300332812
350.72922743561963,0.6224734365587021
350.759229935828,0.6223345571572981
350.78923243603634,0.6221960919813923
350.8192349362447,0.6220580411828551
350.84923743645305,0.6219204049131007
350.8792399366614,0.6217831833230896
350.90924243686976,0.621646376563327
350.9392449370781,0.6215099847838628
350.9692474372864,0.6213740081342938
350.99924993749477,0.6212384467637582
351.0292524377031,0.6211033008209408
351.0592549379115,0.6209685704540711
351.08925743811983,0.6208342558109218
351.1192599383282,0.6207003570388099
351.14926243853654,0.6205668742845961
351.1792649387449,0.6204338076946847
351.20926743895325,0.6203011574150249
351.2392699391616,0.6201689235911076
351.26927243936996,0.6200371063679675
351.2992749395783,0.6199057058901827
351.32927743978667,0.6197747223018732
351.359279939995,0.6196441557467038
351.3892824402034,0.6195140063678799
351.41928494041167,0.6193842743081499
351.44928744062,0.6192549597098049
351.4792899408284,0.6191260627146777
351.50929244103673,0.6189975834641434
351.5392949412451,0.6188695220991185
351.56929744145344,0.6187418787600609
351.5992999416618,0.6186146535869718
351.62930244187015,0.6184878467193917
351.6593049420785,0.618361458296403
351.68930744228686,0.6182354884566295
351.7193099424952,0.6181099373382348
351.74931244270357,0.6179848050789252
351.7793149429119,0.6178600918159459
351.8093174431203,0.6177357976860831
351.83931994332863,0.6176119228256632
351.869322443537,0.6174884673705525
351.8993249437453,0.617365431456159
351.92932744395364,0.6172428152174274
351.959329944162,0.6171206187888444
351.98933244437035,0.6169988423044364
352.0193349445787,0.6168774858977677
352.04933744478706,0.6167565497019432
352.0793399449954,0.6166360338496061
352.10934244520377,0.6165159384729384
352.1393449454121,0.6163962637036624
352.1693474456205,0.6162770096730372
352.1993499458288,0.6161581765118618
352.2293524460372,0.6160397643504727
352.25935494624554,0.6159217733187448
352.2893574464539,0.6158042035460918
352.31935994666225,0.6156870551614648
352.34936244687054,0.6155703282933525
352.3793649470789,0.6154540230697818
352.40936744728725,0.6153381396183167
352.4393699474956,0.615222678066059
352.46937244770396,0.6151076385396474
352.4993749479123,0.6149930211652576
352.52937744812067,0.6148788260686031
352.559379948329,0.6147650533749336
352.5893824485374,0.6146517032090354
352.61938494874573,0.6145387756952316
352.6493874489541,0.6144262709573816
352.67938994916244,0.6143141891188816
352.7093924493708,0.6142025303026633
352.73939494957915,0.6140912946311947
352.7693974497875,0.6139804822264798
352.79939994999586,0.6138700932100578
352.82940245020416,0.613760127703005
352.8594049504125,0.6136505858259311
352.88940745062087,0.6135414676989823
352.9194099508292,0.6134327734418407
352.9494124510376,0.6133245031737222
352.97941495124593,0.6132166570133784
353.0094174514543,0.6131092350790952
353.03941995166264,0.6130022374886938
353.069422451871,0.6128956643595299
353.09942495207935,0.6127895158084935
353.1294274522877,0.6126837919520087
353.15942995249605,0.6125784929060341
353.1894324527044,0.6124736187860618
353.21943495291276,0.6123691697071192
353.2494374531211,0.6122651457837659
353.2794399533294,0.6121615471300963
353.30944245353777,0.6120583738597378
353.3394449537461,0.6119556260858513
353.3694474539545,0.6118533039211314
353.39944995416283,0.6117514074778052
353.4294524543712,0.6116499368676331
353.45945495457954,0.6115488922019096
353.4894574547879,0.6114482735914604
353.51945995499625,0.6113480811466443
353.5494624552046,0.6112483149773533
353.57946495541296,0.6111489751930111
353.6094674556213,0.6110500619025747
353.63946995582967,0.6109515752145325
353.669472456038,0.610853515236905
353.6994749562464,0.610755882077245
353.7294774564547,0.6106586758426371
353.75947995666303,0.6105618966396977
353.7894824568714,0.6104655445745748
353.81948495707974,0.6103696197529473
353.8494874572881,0.610274122280027
353.87948995749645,0.6101790522605555
353.9094924577048,0.6100844097988062
353.93949495791315,0.6099901949985834
353.9694974581215,0.6098964079632221
353.99949995832986,0.6098030487955892
354.0295024585382,0.609710117598081
354.0595049587466,0.6096176144726252
354.0895074589549,0.6095255395206796
354.1195099591633,0.6094338928432319
354.14951245937164,0.6093426745408018
354.17951495958,0.6092518847134374
354.2095174597883,0.6091615234607177
354.23951995999664,0.6090715908817511
354.269522460205,0.6089820870751764
354.29952496041335,0.6088930121391618
354.3295274606217,0.6088043661714051
354.35952996083006,0.6087161492691333
354.3895324610384,0.6086283615291039
354.41953496124677,0.6085410030476028
354.4495374614551,0.6084540739204451
354.4795399616635,0.6083675742429752
354.50954246187183,0.608281504110066
354.5395449620802,0.6081958636161202
354.56954746228854,0.6081106528550688
354.5995499624969,0.608025871920371
354.62955246270525,0.6079415209050155
354.65955496291355,0.6078575999015186
354.6895574631219,0.6077741090019253
354.71955996333025,0.6076910482978088
354.7495624635386,0.6076084178802708
354.77956496374696,0.6075262178399405
354.8095674639553,0.6074444482669759
354.8395699641637,0.6073631092510616
354.869572464372,0.6072822008814112
354.8995749645804,0.6072017232467648
354.92957746478874,0.6071216764353915
354.9595799649971,0.6070420605350868
354.98958246520544,0.6069628756331736
355.0195849654138,0.6068841218165026
355.04958746562215,0.606805799171451
355.0795899658305,0.606727907783924
355.10959246603886,0.6066504477393533
355.13959496624716,0.606573419122697
355.1695974664555,0.606496822018441
355.19959996666387,0.6064206565105972
355.2296024668722,0.6063449226827043
355.2596049670806,0.6062696206178277
355.28960746728893,0.6061947503985587
355.3196099674973,0.606120312107016
355.34961246770564,0.6060463058248435
355.379614967914,0.605972731633212
355.40961746812235,0.6058995896128178
355.4396199683307,0.6058268798438833
355.46962246853906,0.6057546024061574
355.4996249687474,0.6056827573789142
355.52962746895577,0.6056113448409537
355.5596299691641,0.6055403648706017
355.5896324693724,0.6054698175457092
355.6196349695808,0.6053997029436529
355.6496374697891,0.605330021141335
355.6796399699975,0.6052607722151826
355.70964247020584,0.6051919562411487
355.7396449704142,0.6051235732947109
355.76964747062254,0.6050556234508719
355.7996499708309,0.6049881067841596
355.82965247103925,0.6049210233686262
355.8596549712476,0.6048543732778497
355.88965747145596,0.6047881565849321
355.9196599716643,0.6047223733625002
355.94966247187267,0.6046570236827054
355.979664972081,0.6045921076172236
356.0096674722894,0.6045276252372548
356.03966997249773,0.604463576613524
356.06967247270603,0.6043999618162801
356.0996749729144,0.604336780915296
356.12967747312274,0.6042740339798689
356.1596799733311,0.6042117210788198
356.18968247353945,0.6041498422804941
356.2196849737478,0.6040883976527605
356.24968747395616,0.6040273872630121
356.2796899741645,0.6039668111781653
356.30969247437287,0.6039066694646602
356.3396949745812,0.6038469621884608
356.3696974747896,0.6037876894150541
356.39969997499793,0.6037288512094507
356.4297024752063,0.6036704476361852
356.45970497541464,0.6036124787593143
356.489707475623,0.6035549446424191
356.5197099758313,0.6034978453486031
356.54971247603964,0.6034411809404931
356.579714976248,0.603384951480239
356.60971747645635,0.6033291570295133
356.6397199766647,0.6032737976495121
356.66972247687306,0.6032188734009536
356.6997249770814,0.6031643843440792
356.72972747728977,0.6031103305386526
356.7597299774981,0.6030567120439603
356.7897324777065,0.6030035289188114
356.81973497791483,0.6029507812215376
356.8497374781232,0.6028984690099926
356.87973997833154,0.6028465923415529
356.9097424785399,0.602795151273117
356.93974497874825,0.6027441458611057
356.9697474789566,0.6026935761614622
356.9997499791649,0.6026434422296516
357.02975247937326,0.602593744120661
357.0597549795816,0.6025444818889996
357.08975747978997,0.6024956555886982
357.1197599799983,0.6024472652733102
357.1497624802067,0.60239931099591
357.17976498041503,0.6023517928090941
357.2097674806234,0.602304710764981
357.23976998083174,0.6022580649152105
357.2697724810401,0.6022118553109439
357.29977498124845,0.602166082002864
357.3297774814568,0.6021207450411754
357.35977998166516,0.602075844475604
357.3897824818735,0.6020313803553967
357.41978498208186,0.6019873527293225
357.44978748229016,0.6019437616456704
357.4797899824985,0.601900607152252
357.50979248270687,0.601857889296399
357.5397949829152,0.6018156081249648
357.5697974831236,0.6017737636843233
357.59979998333193,0.60173235602037
357.6298024835403,0.601691385178521
357.65980498374864,0.6016508512037135
357.689807483957,0.601610754140405
357.71980998416535,0.6015710940325742
357.7498124843737,0.601531870923721
357.77981498458206,0.6014930848568651
357.8098174847904,0.6014547358745473
357.83981998499877,0.6014168240188291
357.8698224852071,0.6013793493312923
357.8998249854154,0.6013423118530397
357.9298274856238,0.6013057116246937
357.95982998583213,0.6012695486863977
357.9898324860405,0.6012338230778158
358.01983498624884,0.6011985348381317
358.0498374864572,0.6011636840060498
358.07983998666555,0.6011292706197948
358.1098424868739,0.6010952947171111
358.13984498708226,0.6010617563352643
358.1698474872906,0.6010286555110389
358.19984998749896,0.6009959922807404
358.2298524877073,0.600963766680194
358.2598549879157,0.6009319787447446
358.289857488124,0.6009006285092577
358.3198599883324,0.6008697160081183
358.34986248854074,0.6008392412752315
358.37986498874903,0.6008092043440219
358.4098674889574,0.6007796052474343
358.43986998916574,0.6007504440179332
358.4698724893741,0.6007217206875028
358.49987498958245,0.6006934352876468
358.5298774897908,0.6006655878493892
358.55987998999916,0.6006381784032728
358.5898824902075,0.6006112069793607
358.61988499041587,0.6005846736072351
358.6498874906242,0.6005585783159979
358.6798899908326,0.6005329211342709
358.70989249104093,0.6005077020901949
358.7398949912493,0.6004829212114301
358.76989749145764,0.6004585785251564
358.799899991666,0.600434674058073
358.8299024918743,0.6004112078363986
358.85990499208265,0.6003881798858709
358.889907492291,0.600365590231747
358.91990999249936,0.6003434388988035
358.9499124927077,0.600321725911336
358.97991499291606,0.6003004512931597
359.0099174931244,0.6002796150676084
359.0399199933328,0.6002592172575355
359.0699224935411,0.6002392578853134
359.0999249937495,0.6002197369728337
359.12992749395784,0.6002006545415071
359.1599299941662,0.6001820106122631
359.18993249437455,0.6001638052055506
359.2199349945829,0.6001460383413374
359.24993749479125,0.6001287100391103
359.2799399949996,0.600111820317875
359.3099424952079,0.6000953691961564
359.33994499541626,0.600079356691998
359.3699474956246,0.6000637828229625
359.39994999583297,0.6000486476061312
359.4299524960413,0.6000339510581048
359.4599549962497,0.6000196931950024
359.48995749645803,0.600005874032462
359.5199599966664,0.5999924935856408
359.54996249687474,0.5999795518692143
359.5799649970831,0.5999670488973771
359.60996749729145,0.5999549846838426
359.6399699974998,0.5999433592418428
359.66997249770816,0.5999321725841287
359.6999749979165,0.5999214247229698
359.72997749812487,0.5999111156701544
359.75997999833316,0.5999012454369895
359.7899824985415,0.5998918140343008
359.8199849987499,0.5998828214724328
359.8499874989582,0.5998742677612486
359.8799899991666,0.5998661529101299
359.90999249937494,0.5998584769279771
359.9399949995833,0.5998512398232093
359.96999749979165,0.5998444416037642
360.0,0.599838082277098
