Phi_fit,Counts_fit
0.0,0.6244679780232273
0.1000277854959711,0.6245018003093614
0.2000555709919422,0.6245402004654639
0.3000833564879133,0.6245831780233811
0.4001111419838844,0.624630732459154
0.5001389274798556,0.6246828631930247
0.6001667129758266,0.6247395695894435
0.7001944984717977,0.624800850957077
0.8002222839677688,0.6248667065488163
0.90025006946374,0.6249371355617852
1.000277854959711,0.625012137137352
1.1003056404556821,0.6250917103611381
1.2003334259516532,0.6251758542630299
1.3003612114476244,0.6252645678171908
1.4003889969435954,0.6253578499420732
1.5004167824395667,0.6254556995004323
1.6004445679355377,0.6255581152993395
1.7004723534315087,0.6256650960901968
1.80050013892748,0.6257766405687527
1.900527924423451,0.6258927473751176
2.000555709919422,0.6260134150937804
2.100583495415393,0.6261386422536257
2.2006112809113643,0.6262684273279522
2.3006390664073355,0.6264027687344906
2.4006668519033063,0.6265416648354238
2.5006946373992776,0.6266851139374059
2.600722422895249,0.6268331142915833
2.70075020839122,0.6269856640936162
2.800777993887191,0.6271427614837002
2.900805779383162,0.6273044045465896
3.0008335648791333,0.6274705913116198
3.100861350375104,0.6276413197527321
3.2008891358710754,0.6278165877884981
3.3009169213670466,0.6279963932821453
3.4009447068630174,0.6281807340415828
3.5009724923589887,0.6283696078194283
3.60100027785496,0.6285630123130352
3.7010280633509307,0.6287609451645211
3.801055848846902,0.6289634039607963
3.901083634342873,0.6291703862335931
4.001111419838844,0.6293818894594961
4.101139205334816,0.6295979110599732
4.201166990830786,0.6298184484014061
4.301194776326757,0.6300434987951236
4.4012225618227285,0.6302730594974335
4.5012503473187,0.6305071277096567
4.601278132814671,0.6307457005781605
4.701305918310642,0.6309887751943943
4.801333703806613,0.6312363485949244
4.901361489302584,0.6314884177614706
5.001389274798555,0.6317449796209424
5.101417060294526,0.6320060310454774
5.201444845790498,0.632271568852478
5.301472631286469,0.6325415898046522
5.40150041678244,0.6328160906100507
5.50152820227841,0.6330950679221092
5.601555987774382,0.6333785183396881
5.701583773270353,0.6336664384071136
5.801611558766324,0.6339588246142208
5.901639344262295,0.6342556733963961
6.001667129758267,0.6345569811346203
6.101694915254237,0.6348627441555136
6.201722700750208,0.635172958731379
6.3017504862461795,0.6354876210802491
6.401778271742151,0.6358067273659318
6.501806057238122,0.6361302736980565
6.601833842734093,0.6364582561321221
6.7018616282300645,0.6367906706695452
6.801889413726035,0.6371275132577082
6.901917199222006,0.6374687797900096
7.001944984717977,0.6378144661059131
7.101972770213949,0.6381645679909992
7.20200055570992,0.6385190811770158
7.302028341205891,0.6388780013419311
7.402056126701861,0.639241324109985
7.502083912197833,0.6396090450517444
7.602111697693804,0.639981159684155
7.702139483189775,0.6403576634705976
7.802167268685746,0.6407385518209427
7.902195054181718,0.6411238200916066
8.002222839677689,0.6415134635856077
8.10225062517366,0.6419074775526246
8.202278410669631,0.6423058571890528
8.302306196165603,0.6427085976380644
8.402333981661572,0.643115693989667
8.502361767157543,0.6435271412807628
8.602389552653515,0.6439429344952103
8.702417338149486,0.6443630685638845
8.802445123645457,0.6447875383647392
8.902472909141428,0.6452163387228691
9.0025006946374,0.6456494644105737
9.10252848013337,0.6460869101474196
9.202556265629342,0.6465286706003064
9.302584051125313,0.6469747403835306
9.402611836621285,0.6474251140588518
9.502639622117256,0.6478797861355592
9.602667407613225,0.6483387510705376
9.702695193109196,0.6488020032683364
9.802722978605168,0.649269537081236
9.902750764101139,0.6497413468093187
10.00277854959711,0.6502174267005367
10.102806335093081,0.6506977709507824
10.202834120589053,0.6511823737039601
10.302861906085024,0.6516712290520563
10.402889691580995,0.6521643310352122
10.502917477076966,0.6526616736417966
10.602945262572938,0.6531632508084786
10.702973048068909,0.653669056420302
10.80300083356488,0.6541790843107597
10.90302861906085,0.6546933282618688
11.00305640455682,0.6552117820042468
11.103084190052792,0.6557344392171871
11.203111975548763,0.6562612935287373
11.303139761044735,0.6567923385157757
11.403167546540706,0.6573275677040907
11.503195332036677,0.6578669745684589
11.603223117532648,0.6584105525327248
11.70325090302862,0.6589582949698813
11.80327868852459,0.6595101952021507
11.903306474020562,0.6600662465010648
12.003334259516533,0.6606264420875487
12.103362045012505,0.6611907751320021
12.203389830508474,0.6617592387543834
12.303417616004445,0.662331826024293
12.403445401500417,0.662908529961058
12.503473186996388,0.6634893435338174
12.603500972492359,0.664074259661608
12.70352875798833,0.6646632712134504
12.803556543484301,0.6652563710084356
12.903584328980273,0.6658535518158133
13.003612114476244,0.6664548063550795
13.103639899972215,0.6670601272960661
13.203667685468186,0.6676695072590287
13.303695470964158,0.6682829388147383
13.403723256460129,0.6689004144845707
13.503751041956098,0.6695219267405979
13.60377882745207,0.6701474680056806
13.703806612948041,0.6707770306535594
13.803834398444012,0.671410607008949
13.903862183939983,0.6720481893476304
14.003889969435955,0.6726897698965467
14.103917754931926,0.6733353408338962
14.203945540427897,0.673984894289229
14.303973325923868,0.6746384223435424
14.40400111141984,0.6752959170293776
14.50402889691581,0.6759573703309167
14.604056682411782,0.6766227741840805
14.704084467907753,0.6772921204766269
14.804112253403723,0.6779654010482496
14.904140038899694,0.6786426076906782
15.004167824395665,0.6793237321477767
15.104195609891637,0.6800087661156466
15.204223395387608,0.6806977012427257
15.304251180883579,0.6813905291298914
15.40427896637955,0.6820872413305625
15.504306751875522,0.682787829350803
15.604334537371493,0.683492284649424
15.704362322867464,0.6842005986380896
15.804390108363435,0.6849127626814207
15.904417893859407,0.6856287680971
16.004445679355378,0.686348606155979
16.10447346485135,0.6870722680821831
16.20450125034732,0.6877997450532196
16.30452903584329,0.6885310282000845
16.404556821339263,0.689266108607371
16.504584606835234,0.6900049773133786
16.604612392331205,0.6907476253102214
16.704640177827173,0.6914940435439387
16.804667963323144,0.6922442229146051
16.904695748819115,0.6929981542764414
17.004723534315087,0.693755828437926
17.104751319811058,0.6945172361619077
17.20477910530703,0.6952823681657173
17.304806890803,0.6960512151212809
17.40483467629897,0.6968237676552345
17.504862461794943,0.6976000163490376
17.604890247290914,0.6983799517390878
17.704918032786885,0.699163564316837
17.804945818282857,0.6999508445289062
17.904973603778828,0.7007417827772031
18.0050013892748,0.7015363694190385
18.10502917477077,0.7023345947672439
18.20505696026674,0.7031364490902896
18.305084745762713,0.7039419226124037
18.405112531258684,0.7047510055136904
18.505140316754655,0.7055636879302511
18.605168102250627,0.7063799599543032
18.705195887746598,0.7071998116343021
18.80522367324257,0.7080232329750615
18.90525145873854,0.7088502139378761
19.00527924423451,0.7096807444406432
19.105307029730483,0.7105148143579865
19.20533481522645,0.7113524135213787
19.30536260072242,0.7121935317192662
19.405390386218393,0.7130381586971932
19.505418171714364,0.7138862841579263
19.605445957210335,0.7147378977615811
19.705473742706307,0.7155929891257474
19.805501528202278,0.7164515478256159
19.90552931369825,0.7173135633941055
20.00555709919422,0.7181790253219911
20.10558488469019,0.719047923058031
20.205612670186163,0.7199202460090965
20.305640455682134,0.7207959835403001
20.405668241178105,0.7216751249751259
20.505696026674077,0.7225576595955592
20.605723812170048,0.7234435766422176
20.70575159766602,0.7243328653144822
20.80577938316199,0.7252255147706285
20.90580716865796,0.7261215141279598
21.005834954153933,0.7270208524629385
21.105862739649904,0.7279235188113207
21.205890525145875,0.7288295021682888
21.305918310641847,0.7297387914885862
21.405946096137818,0.7306513756866515
21.50597388163379,0.7315672436367544
21.60600166712976,0.7324863841731305
21.70602945262573,0.7334087860901178
21.8060572381217,0.7343344381422938
21.90608502361767,0.7352633290446113
22.00611280911364,0.7361954474725377
22.106140594609613,0.7371307820621915
22.206168380105584,0.7380693214104818
22.306196165601555,0.7390110540752468
22.406223951097527,0.739955968575394
22.506251736593498,0.740904053391039
22.60627952208947,0.7418552969636474
22.70630730758544,0.7428096876961743
22.80633509308141,0.7437672139532067
22.906362878577383,0.7447278640611047
23.006390664073354,0.7456916263081443
23.106418449569325,0.7466584889446606
23.206446235065297,0.747628440183189
23.306474020561268,0.7486014681986116
23.40650180605724,0.7495775611282995
23.50652959155321,0.7505567070722585
23.60655737704918,0.751538894093273
23.706585162545153,0.752524110217053
23.806612948041124,0.7535123434323788
23.906640733537095,0.7545035816912482
24.006668519033067,0.7554978129090231
24.106696304529038,0.7564950249645768
24.20672409002501,0.7574952057004418
24.30675187552098,0.7584983429229584
24.406779661016948,0.7595044244024226
24.50680744651292,0.7605134378732359
24.60683523200889,0.7615253710340545
24.706863017504862,0.7625402115479392
24.806890803000833,0.763557947042506
24.906918588496804,0.7645785651100769
25.006946373992776,0.7656020533078313
25.106974159488747,0.7666283991579569
25.207001944984718,0.7676575901478033
25.30702973048069,0.7686896137300334
25.40705751597666,0.7697244573227764
25.50708530147263,0.7707621083097816
25.607113086968603,0.7718025540405722
25.707140872464574,0.7728457818305994
25.807168657960545,0.7738917789613968
25.907196443456517,0.7749405326807359
26.007224228952488,0.7759920302027815
26.10725201444846,0.7770462587082474
26.20727979994443,0.7781032053445521
26.3073075854404,0.7791628572259773
26.407335370936373,0.7802252014338227
26.507363156432344,0.7812902250165654
26.607390941928315,0.7823579149900166
26.707418727424287,0.7834282583374804
26.807446512920258,0.7845012420099124
26.907474298416226,0.7855768529260789
27.007502083912197,0.7866550779727164
27.107529869408168,0.7877359040046907
27.20755765490414,0.7888193178451588
27.30758544040011,0.7899053062857273
27.407613225896082,0.7909938560866161
27.507641011392053,0.7920849539768169
27.607668796888024,0.793178586654258
27.707696582383996,0.7942747407859635
27.807724367879967,0.7953734030082183
27.907752153375938,0.79647455992673
28.00777993887191,0.7975781981167914
28.10780772436788,0.7986843041234457
28.207835509863852,0.7997928644616497
28.307863295359823,0.8009038656164383
28.407891080855794,0.8020172940430892
28.507918866351766,0.803133136167288
28.607946651847737,0.804251378385294
28.707974437343708,0.8053720070641062
28.80800222283968,0.8064950085416285
28.90803000833565,0.8076203691268371
29.00805779383162,0.8087480750999477
29.108085579327593,0.8098781127125819
29.208113364823564,0.8110104681879351
29.308141150319535,0.812145127720945
29.408168935815507,0.8132820774784593
29.508196721311474,0.8144213035994041
29.608224506807446,0.8155627921949542
29.708252292303417,0.8167065293487007
29.808280077799388,0.8178525011168218
29.90830786329536,0.8190006935282528
30.00833564879133,0.8201510925848557
30.108363434287302,0.8213036842615906
30.208391219783273,0.8224584545066861
30.308419005279244,0.8236153892418108
30.408446790775216,0.8247744743622454
30.508474576271187,0.825935695737054
30.608502361767158,0.827099039209257
30.70853014726313,0.8282644905960026
30.8085579327591,0.829432035688741
30.908585718255072,0.8306016602533974
31.008613503751043,0.8317733500305444
31.108641289247014,0.8329470907355772
31.208669074742986,0.8341228680588868
31.308696860238957,0.8353006676660356
31.408724645734928,0.8364804751979306
31.5087524312309,0.8376622762709994
31.60878021672687,0.8388460564773659
31.708808002222842,0.8400318013850253
31.808835787718813,0.84121949653802
31.908863573214784,0.842409127456616
32.008891358710756,0.84360067963748
32.10891914420672,0.8447941385538552
32.2089469297027,0.8459894896557394
32.308974715198666,0.8471867183700614
32.40900250069464,0.8483858101008594
32.50903028619061,0.849586750229459
32.60905807168658,0.8507895241146506
32.70908585718255,0.8519941170928685
32.809113642678525,0.8532005144783704
32.90914142817449,0.8544087015634145
33.00916921367047,0.8556186636184409
33.109196999166436,0.8568303858922495
33.20922478466241,0.858043853612181
33.30925257015838,0.8592590519842966
33.409280355654346,0.8604759661935582
33.50930814115032,0.861694581404009
33.60933592664629,0.8629148827589548
33.70936371214226,0.8641368553811446
33.80939149763823,0.8653604843729523
33.909419283134206,0.8665857548165586
34.00944706863017,0.8678126517741318
34.10947485412615,0.8690411602880113
34.209502639622116,0.8702712653808886
34.30953042511809,0.8715029520559914
34.40955821061406,0.8727362052972648
34.50958599611003,0.8739710100695559
34.609613781606,0.8752073513187958
34.709641567101976,0.876445213972184
34.80966935259794,0.8776845829383717
34.90969713809392,0.8789254431076463
35.009724923589886,0.8801677793521149
35.10975270908586,0.8814115765258891
35.20978049458183,0.8826568194652699
35.3098082800778,0.883903492988932
35.40983606557377,0.8851515818981096
35.509863851069746,0.8864010709767809
35.60989163656571,0.8876519449918542
35.70991942206169,0.8889041886933533
35.809947207557656,0.8901577868146036
35.90997499305362,0.8914127240724182
36.0100027785496,0.892668985167284
36.110030564045566,0.8939265547835487
36.21005834954154,0.8951854175896068
36.31008613503751,0.8964455582380871
36.41011392053348,0.8977069613660401
36.51014170602945,0.8989696115951239
36.610169491525426,0.9002334935317937
36.71019727702139,0.9014985917674874
36.81022506251737,0.9027648908788151
36.910252848013336,0.9040323754277462
37.01028063350931,0.9053010299617981
37.11030841900528,0.9065708390142239
37.21033620450125,0.907841787104202
37.31036398999722,0.9091138587370241
37.410391775493196,0.9103870384042841
37.51041956098916,0.9116613105840675
37.61044734648514,0.9129366597411406
37.710475131981106,0.9142130703271393
37.81050291747708,0.9154905267807597
37.91053070297305,0.9167690135279469
38.01055848846902,0.9180485149820854
38.11058627396499,0.9193290155441889
38.210614059460966,0.9206104996030905
38.31064184495693,0.9218929515356328
38.4106696304529,0.9231763557068591
38.510697415948876,0.9244606964702033
38.61072520144484,0.9257459581676807
38.71075298694082,0.9270321251300793
38.810780772436786,0.9283191816771504
38.91080855793276,0.9296071121178003
39.01083634342873,0.9308959007502808
39.1108641289247,0.9321855318623817
39.21089191442067,0.933475989731621
39.310919699916646,0.9347672586254381
39.41094748541261,0.936059322801384
39.51097527090859,0.937352166507315
39.611003056404556,0.9386457739815828
39.71103084190053,0.9399401294532286
39.8110586273965,0.9412352171421735
39.91108641289247,0.9425310212594127
40.01111419838844,0.9438275260072063
40.111141983884416,0.9451247155792735
40.21116976938038,0.9464225741609836
40.31119755487636,0.9477210859295505
40.411225340372326,0.9490202350542243
40.5112531258683,0.9503200056964849
40.61128091136427,0.9516203820102351
40.71130869686024,0.9529213481419938
40.81133648235621,0.9542228882310888
40.911364267852186,0.9555249864098507
41.01139205334815,0.9568276268038063
41.11141983884412,0.9581307935318718
41.211447624340096,0.9594344707065469
41.31147540983606,0.9607386424341078
41.41150319533204,0.9620432928148017
41.511530980828006,0.9633484059430403
41.61155876632398,0.9646539659075936
41.71158655181995,0.9659599567917841
41.81161433731592,0.9672663626736807
41.91164212281189,0.968573167626293
42.011669908307866,0.9698803557177652
42.11169769380383,0.9711879110115705
42.21172547929981,0.9724958175667056
42.311753264795776,0.9738040594378843
42.41178105029175,0.9751126206757331
42.51180883578772,0.9764214853269843
42.61183662128369,0.9777306374346716
42.71186440677966,0.9790400610383239
42.811892192275636,0.9803497401741604
42.9119199777716,0.9816596588752848
43.01194776326758,0.9829698011718804
43.111975548763546,0.9842801510914041
43.21200333425952,0.9855906926587821
43.31203111975549,0.9869014098966037
43.41205890525146,0.9882122868253169
43.51208669074743,0.9895233074634224
43.6121144762434,0.9908344558276694
43.71214226173937,0.9921457159332494
43.81217004723534,0.993457071793992
43.912197832731316,0.9947685074225593
44.01222561822728,0.9960800068306407
44.11225340372326,0.9973915540291484
44.212281189219226,0.9987031330284116
44.3123089747152,1.0000147278383722
44.41233676021117,1.001326322468779
44.51236454570714,1.0026379009293829
44.61239233120311,1.0039494472301325
44.712420116699086,1.005260945381368
44.81244790219505,1.0065723793940167
44.91247568769103,1.0078837332797879
45.012503473186996,1.0091949910513676
45.11253125868297,1.010506136722614
45.21255904417894,1.0118171543087515
45.31258682967491,1.0131280278265664
45.41261461517088,1.014438741294601
45.512642400666856,1.015749278733349
45.61267018616282,1.0170596241654504
45.7126979716588,1.018369761615886
45.812725757154766,1.0196796751121717
45.91275354265074,1.0209893486845545
46.01278132814671,1.0222987663662055
46.112809113642676,1.0236079121934163
46.21283689913865,1.0249167702057929
46.31286468463462,1.0262253244464488
46.41289247013059,1.0275335589622028
46.51292025562656,1.0288414578037701
46.612948041122536,1.0301490050259592
46.712975826618504,1.031456184687865
46.81300361211448,1.0327629808530632
46.913031397610446,1.0340693775898055
47.01305918310642,1.035375358971213
47.11308696860239,1.0366809090754703
47.21311475409836,1.03798601198602
47.31314253959433,1.0392906517917566
47.413170325090306,1.0405948125872213
47.51319811058627,1.041898478472794
47.61322589608225,1.0432016335548888
47.713253681578216,1.0445042619461473
47.81328146707419,1.045806347765632
47.91330925257016,1.0471078751390204
48.01333703806613,1.0484088281987982
48.1133648235621,1.0497091910844525
48.213392609058076,1.051008947942666
48.31342039455404,1.0523080829275093
48.41344818005002,1.053606580200635
48.513475965545986,1.0549044239314695
48.61350375104196,1.0562015982974082
48.71353153653793,1.0574980874840059
48.813559322033896,1.0587938756851707
48.91358710752987,1.0600889471033577
49.01361489302584,1.0613832859497596
49.11364267852181,1.062676876444501
49.21367046401778,1.0639697028168293
49.313698249513756,1.0652617493053083
49.413726035009724,1.0665530001580095
49.5137538205057,1.067843439632704
49.613781606001666,1.069133051997055
49.71380939149764,1.0704218215288097
49.81383717699361,1.0717097325159906
49.91386496248958,1.0729967692570865
50.01389274798555,1.074282916061245
50.113920533481526,1.0755681572484639
50.213948318977494,1.0768524771497803
50.31397610447347,1.0781358601074644
50.414003889969436,1.0794182904752088
50.51403167546541,1.0806997526183193
50.61405946096138,1.081980230913906
50.71408724645735,1.0832597097510732
50.81411503195332,1.0845381735311106
50.914142817449296,1.0858156066676827
51.01417060294526,1.0870919935870187
51.11419838844124,1.088367318728103
51.214226173937206,1.089641566542865
51.314253959433174,1.0909147214963675
51.41428174492915,1.0921867680669974
51.514309530425116,1.0934576907466542
51.61433731592109,1.0947274740409394
51.71436510141706,1.0959961024693452
51.81439288691303,1.0972635605654433
51.914420672409,1.0985298328770734
52.014448457904976,1.0997949039665318
52.114476243400944,1.1010587584107592
52.21450402889692,1.1023213808015293
52.314531814392886,1.103582755745636
52.41455959988886,1.1048428678650812
52.51458738538483,1.1061017017972636
52.6146151708808,1.1073592421951635
52.71464295637677,1.1086154737275318
52.814670741872746,1.1098703810790769
52.914698527368714,1.11112394895065
53.01472631286469,1.112376162059433
53.114754098360656,1.1136270051391242
53.21478188385663,1.1148764629401249
53.3148096693526,1.116124520229724
53.41483745484857,1.1173711617922861
53.51486524034454,1.1186163724294345
53.614893025840516,1.119860136960238
53.71492081133648,1.121102440221395
53.81494859683245,1.1223432670674196
53.914976382328426,1.1235826023708255
54.015004167824394,1.12482043102231
54.11503195332037,1.1260567379309392
54.215059738816336,1.1272915080243306
54.31508752431231,1.1285247262488391
54.41511530980828,1.1297563775697377
54.51514309530425,1.1309864469714035
54.61517088080022,1.1322149194574982
54.715198666296196,1.1334417800511534
54.815226451792164,1.1346670137951513
54.91525423728814,1.1358906057521083
55.015282022784106,1.137112541004656
55.11530980828008,1.1383328046556243
55.21533759377605,1.1395513818282215
55.31536537927202,1.140768257666217
55.41539316476799,1.1419834173341223
55.515420950263966,1.1431968460173711
55.615448735759934,1.1444085289225001
55.71547652125591,1.1456184512773304
55.815504306751876,1.1468265983311456
55.91553209224785,1.1480329553548738
56.01555987774382,1.1492375076412658
56.11558766323979,1.1504402405050749
56.21561544873576,1.1516411392832355
56.315643234231736,1.1528401893350424
56.415671019727704,1.1540373760423293
56.51569880522367,1.155232684809646
56.615726590719646,1.1564261010644383
56.715754376215614,1.1576176102572233
56.81578216171159,1.158807197861769
56.915809947207556,1.1599948493752692
57.01583773270353,1.1611805503185229
57.1158655181995,1.1623642862361079
57.21589330369547,1.16354604269656
57.31592108919144,1.164725805292546
57.415948874687416,1.165903559641042
57.515976660183384,1.1670792913835069
57.61600444567936,1.1682529861860584
57.716032231175326,1.1694246297396473
57.8160600166713,1.1705942077602323
57.91608780216727,1.1717617059889534
58.01611558766324,1.1729271101923073
58.11614337315921,1.174090406162319
58.216171158655186,1.1752515797167162
58.316198944151154,1.1764106166991024
58.41622672964713,1.1775675029791284
58.516254515143096,1.1787222244526654
58.61628230063907,1.179874767041977
58.71631008613504,1.1810251166958903
58.81633787163101,1.182173259389967
58.91636565712698,1.1833191811266763
59.01639344262295,1.1844628679355624
59.116421228118924,1.1856043058734178
59.21644901361489,1.1867434810244513
59.316476799110866,1.1878803795004587
59.416504584606834,1.1890149874409917
59.51653237010281,1.1901472910135267
59.616560155598776,1.1912772764136343
59.71658794109475,1.1924049298651465
59.81661572659072,1.1935302376203252
59.916643512086694,1.19465318596003
60.01667129758266,1.1957737611938848
60.116699083078636,1.1968919496604458
60.216726868574604,1.1980077377273664
60.31675465407058,1.1991211117915657
60.416782439566546,1.2002320582793913
60.51681022506252,1.2013405636467882
60.61683801055849,1.2024466143794608
60.71686579605446,1.2035501969930402
60.81689358155043,1.2046512980332467
60.916921367046406,1.205749904076055
61.016949152542374,1.2068460017278573
61.11697693803835,1.2079395776256265
61.217004723534316,1.20903061843708
61.31703250903029,1.2101191108608411
61.41706029452626,1.2112050416266014
61.517088080022226,1.2122883974952836
61.6171158655182,1.2133691652592016
61.71714365101417,1.2144473317422222
61.817171436510144,1.215522883799926
61.91719922200611,1.216595808319766
62.017227007502086,1.2176660922212308
62.117254792998054,1.2187337224559995
62.21728257849403,1.2197986860081056
62.317310363989996,1.2208609698940913
62.41733814948597,1.2219205611631698
62.51736593498194,1.2229774468973795
62.617393720477914,1.2240316142117442
62.71742150597388,1.225083050254429
62.817449291469856,1.226131742206897
62.917477076965824,1.227177677284066
63.0175048624618,1.2282208427344636
63.117532647957766,1.2292612258403843
63.21756043345374,1.2302988139180422
63.31758821894971,1.2313335943177275
63.417616004445684,1.23236555442396
63.51764378994165,1.2333946816556427
63.617671575437626,1.2344209634662164
63.717699360933594,1.2354443873438101
63.81772714642957,1.236464940811397
63.917754931925536,1.2374826114269433
64.01778271742151,1.2384973867835622
64.11781050291748,1.2395092545096642
64.21783828841345,1.2405182022691075
64.31786607390941,1.2415242177613497
64.4178938594054,1.2425272887215968
64.51792164490136,1.2435274029209527
64.61794943039733,1.2445245481665683
64.7179772158933,1.2455187123017912
64.81800500138928,1.2465098832063124
64.91803278688525,1.2474980487963148
65.01806057238122,1.2484831970246208
65.11808835787718,1.2494653158808384
65.21811614337317,1.2504443933915086
65.31814392886913,1.2514204176202501
65.4181717143651,1.2523933766679063
65.51819949986107,1.2533632586726893
65.61822728535705,1.2543300518103249
65.71825507085302,1.255293744294196
65.81828285634899,1.2562543243754882
65.91831064184495,1.2572117803433311
66.01833842734094,1.2581661005249418
66.1183662128369,1.2591172732857676
66.21839399833287,1.2600652870296267
66.31842178382884,1.261010130198851
66.41844956932482,1.2619517912744265
66.51847735482079,1.2628902587761324
66.61850514031676,1.2638255212626834
66.71853292581272,1.2647575673318676
66.81856071130869,1.265686385620686
66.91858849680467,1.2666119648054905
67.01861628230064,1.2675342936021228
67.11864406779661,1.2684533607660515
67.21867185329258,1.2693691550925095
67.31869963878856,1.27028166541663
67.41872742428453,1.2711908806135828
67.5187552097805,1.2720967895987108
67.61878299527646,1.2729993813276634
67.71881078077244,1.2738986447965337
67.81883856626841,1.2747945690419893
67.91886635176438,1.2756871431414094
68.01889413726035,1.2765763562130152
68.11892192275633,1.2774621974160048
68.2189497082523,1.278344655950683
68.31897749374826,1.2792237210585955
68.41900527924423,1.280099382022658
68.51903306474021,1.280971628167288
68.61906085023618,1.2818404488585349
68.71908863573215,1.2827058335042085
68.81911642122812,1.2835677715540097
68.9191442067241,1.2844262524996586
69.01917199222007,1.285281265875022
69.11919977771603,1.2861328012562407
69.219227563212,1.2869808482618592
69.31925534870797,1.2878253965529487
69.41928313420395,1.2886664358332358
69.51931091969992,1.2895039558492267
69.61933870519589,1.2903379463903322
69.71936649069185,1.2911683972889931
69.81939427618784,1.2919952984208034
69.9194220616838,1.292818639704634
70.01944984717977,1.2936384111027552
70.11947763267574,1.2944546026209598
70.21950541817172,1.2952672043086846
70.31953320366769,1.2960762062591313
70.41956098916366,1.2968815986093878
70.51958877465962,1.297683371540548
70.6196165601556,1.2984815152778326
70.71964434565157,1.2992760200907068
70.81967213114754,1.3000668762929997
70.91969991664351,1.300854074243022
71.01972770213949,1.3016376043436846
71.11975548763546,1.3024174570426141
71.21978327313143,1.3031936228322702
71.3198110586274,1.3039660922500618
71.41983884412338,1.304734855878461
71.51986662961934,1.30549990434512
71.61989441511531,1.3062612283229833
71.71992220061128,1.3070188185304032
71.81994998610725,1.3077726657312514
71.91997777160323,1.3085227607350323
72.0200055570992,1.3092690943969956
72.12003334259516,1.3100116576182468
72.22006112809113,1.3107504413458586
72.32008891358711,1.3114854365729816
72.42011669908308,1.3122166343389532
72.52014448457905,1.3129440257294076
72.62017227007502,1.3136676018763844
72.720200055571,1.314387353958437
72.82022784106697,1.3151032732007382
72.92025562656293,1.3158153508751904
73.0202834120589,1.3165235783005294
73.12031119755488,1.3172279468424315
73.22033898305085,1.3179284479136177
73.32036676854682,1.3186250729739604
73.42039455404279,1.319317813530585
73.52042233953877,1.3200066611379757
73.62045012503474,1.320691607398076
73.7204779105307,1.3213726439603939
73.82050569602667,1.3220497625221017
73.92053348152265,1.322722954828138
74.02056126701862,1.3233922126713078
74.12058905251459,1.3240575278923834
74.22061683801056,1.3247188923802034
74.32064462350652,1.3253762980717712
74.4206724090025,1.326029736952354
74.52070019449847,1.3266792010555797
74.62072797999444,1.3273246824635356
74.72075576549041,1.3279661733068626
74.82078355098639,1.3286036657648537
74.92081133648236,1.3292371520655464
75.02083912197833,1.3298666244858208
75.1208669074743,1.3304920753514908
75.22089469297028,1.3311134970373997
75.32092247846624,1.3317308819675118
75.42095026396221,1.3323442226150057
75.52097804945818,1.3329535115023656
75.62100583495416,1.3335587412014722
75.72103362045013,1.3341599043336947
75.8210614059461,1.3347569935699781
75.92108919144206,1.3353500016309354
76.02111697693805,1.3359389212869346
76.12114476243401,1.336523745358187
76.22117254792998,1.337104466714836
76.32120033342595,1.3376810782770416
76.42122811892193,1.33825357301507
76.5212559044179,1.3388219439493756
76.62128368991387,1.3393861841506893
76.72131147540983,1.3399462867401013
76.8213392609058,1.340502244889145
76.92136704640178,1.3410540518198812
77.02139483189775,1.3416017008049792
77.12142261739372,1.3421451851678006
77.22145040288969,1.3426844982824793
77.32147818838567,1.343219633574003
77.42150597388164,1.3437505845182929
77.5215337593776,1.3442773446422835
77.62156154487357,1.3447999075240022
77.72158933036955,1.345318266792646
77.82161711586552,1.3458324161286606
77.92164490136149,1.3463423492638165
78.02167268685746,1.346848059981286
78.12170047235344,1.3473495421157193
78.2217282578494,1.3478467895533186
78.32175604334537,1.348339796231913
78.42178382884134,1.3488285561410336
78.52181161433732,1.3493130633219852
78.62183939983329,1.349793311867919
78.72186718532926,1.3502692959239062
78.82189497082523,1.3507410096870078
78.92192275632121,1.3512084474063462
79.02195054181718,1.3516716033831742
79.12197832731314,1.3521304719709462
79.22200611280911,1.352585047575386
79.3220338983051,1.3530353246545546
79.42206168380106,1.3534812977189186
79.52208946929703,1.3539229613314168
79.622117254793,1.3543603101075263
79.72214504028896,1.354793338715329
79.82217282578495,1.3552220418755752
79.92220061128091,1.3556464143617488
80.02222839677688,1.3560664510001312
80.12225618227285,1.356482146669864
80.22228396776883,1.356893496303012
80.3223117532648,1.357300494884623
80.42233953876077,1.3577031374527926
80.52236732425673,1.3581014190987206
80.62239510975272,1.358495334966774
80.72242289524868,1.3588848802545448
80.82245068074465,1.3592700502129083
80.92247846624062,1.3596508401460816
81.0225062517366,1.3600272454116813
81.12253403723257,1.3603992614207783
81.22256182272854,1.360766883637956
81.3225896082245,1.3611301075813644
81.42261739372049,1.361488928822774
81.52264517921645,1.3618433429876315
81.62267296471242,1.3621933457551123
81.72270075020839,1.3625389328581725
81.82272853570437,1.3628801000836022
81.92275632120034,1.3632168432720757
82.0227841066963,1.3635491583182033
82.12281189219227,1.3638770411705807
82.22283967768824,1.3642004878318381
82.32286746318422,1.3645194943586896
82.42289524868019,1.3648340568619814
82.52292303417616,1.3651441715067378
82.62295081967213,1.3654498345122101
82.72297860516811,1.365751042151921
82.82300639066408,1.3660477907537105
82.92303417616004,1.3663400766997809
83.02306196165601,1.3666278964267409
83.123089747152,1.3669112464256488
83.22311753264796,1.3671901232420556
83.32314531814393,1.3674645234760463
83.4231731036399,1.367734443782283
83.52320088913588,1.3679998808700433
83.62322867463185,1.368260831503263
83.72325646012781,1.3685172925005733
83.82328424562378,1.3687692607353419
83.92331203111976,1.3690167331357084
84.02333981661573,1.369259706684624
84.1233676021117,1.3694981784198872
84.22339538760767,1.3697321454341802
84.32342317310365,1.3699616048751044
84.42345095859962,1.370186553945215
84.52347874409558,1.3704069899020552
84.62350652959155,1.3706229100581895
84.72353431508752,1.3708343117812367
84.8235621005835,1.3710411924939023
84.92358988607947,1.3712435496740085
85.02361767157544,1.371441380854527
85.1236454570714,1.371634683623607
85.22367324256739,1.371823455624607
85.32370102806335,1.3720076945561208
85.42372881355932,1.3721873981720076
85.52375659905529,1.3723625642814186
85.62378438455127,1.3725331907488239
85.72381217004724,1.372699275494038
85.8238399555432,1.3728608164922464
85.92386774103917,1.3730178117740288
86.02389552653516,1.3731702594253838
86.12392331203112,1.3733181575877533
86.22395109752709,1.3734615044580425
86.32397888302306,1.3736002982886446
86.42400666851904,1.3737345373874605
86.52403445401501,1.37386422011792
86.62406223951098,1.3739893448990022
86.72409002500694,1.3741099102052532
86.82411781050293,1.3742259145668068
86.9241455959989,1.3743373565694006
87.02417338149486,1.3744442348543942
87.12420116699083,1.374546548118786
87.2242289524868,1.3746442951152278
87.32425673798278,1.3747374746520415
87.42428452347875,1.374826085593233
87.52431230897471,1.374910126858506
87.62434009447068,1.3749895974232746
87.72436787996666,1.3750644963186773
87.82439566546263,1.3751348226315872
87.9244234509586,1.3752005755046242
88.02445123645457,1.3752617541361651
88.12447902195055,1.375318357780353
88.22450680744652,1.3753703857471073
88.32453459294248,1.3754178374021313
88.42456237843845,1.3754607121669202
88.52459016393443,1.375499009518768
88.6246179494304,1.3755327289907742
88.72464573492637,1.3755618701718497
88.82467352042234,1.3755864327067207
88.92470130591832,1.375606416295934
89.02472909141429,1.375621820695861
89.12475687691025,1.3756326457186994
89.22478466240622,1.3756388912324764
89.3248124479022,1.37564055716105
89.42484023339817,1.3756376434841102
89.52486801889414,1.3756301502371788
89.6248958043901,1.3756180775116098
89.72492358988607,1.375601425454587
89.82495137538206,1.3755801942691233
89.92497916087802,1.3755543842140576
90.02500694637399,1.3755239956040524
90.12503473186996,1.375489028809589
90.22506251736594,1.3754494842569631
90.32509030286191,1.3754053624282812
90.42511808835788,1.375356663861452
90.52514587385384,1.3753033891501825
90.62517365934983,1.3752455389439684
90.7252014448458,1.3751831139480883
90.82522923034176,1.375116114923594
90.92525701583773,1.375044542687301
91.02528480133371,1.374968398111779
91.12531258682968,1.3748876821253415
91.22534037232565,1.3748023957120339
91.32536815782161,1.3747125399116218
91.4253959433176,1.374618115819578
91.52542372881356,1.3745191245870698
91.62545151430953,1.374415567420945
91.7254792998055,1.3743074455837159
91.82550708530148,1.374194760393545
91.92553487079745,1.374077513224229
92.02556265629342,1.373955705505182
92.12559044178938,1.3738293387214173
92.22561822728535,1.3736984144135298
92.32564601278133,1.3735629341776778
92.4256737982773,1.3734228996655626
92.52570158377327,1.373278312584409
92.62572936926924,1.3731291746969438
92.72575715476522,1.3729754878213756
92.82578494026119,1.3728172538313705
92.92581272575715,1.3726544746560319
93.02584051125312,1.372487152279875
93.1258682967491,1.372315288742803
93.22589608224507,1.3721388861400827
93.32592386774104,1.3719579466223193
93.42595165323701,1.3717724723954285
93.52597943873299,1.3715824657206115
93.62600722422896,1.3713879289143263
93.72603500972492,1.37118886434826
93.82606279522089,1.3709852744492996
93.92609058071687,1.3707771616995024
94.02611836621284,1.3705645286360661
94.12614615170881,1.3703473778512973
94.22617393720478,1.3701257119925805
94.32620172270076,1.3698995337623452
94.42622950819673,1.3696688459180337
94.5262572936927,1.3694336512720664
94.62628507918866,1.369193952691809
94.72631286468464,1.3689497530995363
94.82634065018061,1.3687010554723966
94.92636843567658,1.3684478628423766
95.02639622117255,1.368190178296263
95.12642400666851,1.3679280049756062
95.2264517921645,1.3676613460766802
95.32647957766046,1.3673902048504458
95.42650736315643,1.367114584602509
95.5265351486524,1.3668344886930828
95.62656293414838,1.3665499205369436
95.72659071964435,1.366260883603392
95.82661850514032,1.3659673814162092
95.92664629063628,1.3656694175536144
96.02667407613227,1.365366995648221
96.12670186162823,1.3650601193869925
96.2267296471242,1.3647487925111976
96.32675743262017,1.364433018816364
96.42678521811615,1.3641128021522333
96.52681300361212,1.363788146422713
96.62684078910809,1.3634590555858292
96.72686857460405,1.3631255336536787
96.82689636010004,1.3627875846923796
96.926924145596,1.3624452128220217
97.02695193109197,1.362098422216617
97.12697971658794,1.361747217104048
97.22700750208392,1.3613916017660166
97.32703528757989,1.3610315805379916
97.42706307307586,1.3606671578091563
97.52709085857182,1.3602983380223546
97.62711864406779,1.3599251256740366
97.72714642956377,1.3595475253142046
97.82717421505974,1.359165541546357
97.92720200055571,1.3587791790274324
98.02722978605168,1.3583884424677524
98.12725757154766,1.3579933366309649
98.22728535704363,1.3575938663339855
98.3273131425396,1.3571900364469387
98.42734092803556,1.3567818518930994
98.52736871353154,1.3563693176488316
98.62739649902751,1.3559524387435287
98.72742428452348,1.3555312202595515
98.82745207001945,1.3551056673321673
98.92747985551543,1.3546757851494857
99.0275076410114,1.354241578952397
99.12753542650736,1.3538030540345067
99.22756321200333,1.3533602157420725
99.32759099749931,1.3529130694739382
99.42761878299528,1.3524616206814681
99.52764656849125,1.3520058748684805
99.62767435398722,1.3515458375911806
99.7277021394832,1.3510815144580928
99.82772992497917,1.3506129111299925
99.92775771047513,1.3501400333198368
100.0277854959711,1.3496628867926947
100.12781328146707,1.3491814773656776
100.22784106696305,1.3486958109078677
100.32786885245902,1.3482058933402463
100.42789663795499,1.347711730635622
100.52792442345095,1.3472133288185582
100.62795220894694,1.3467106939652986
100.7279799944429,1.3462038322036944
100.82800777993887,1.345692749713129
100.92803556543484,1.345177452724442
101.02806335093082,1.344657947519854
101.12809113642679,1.3441342404328904
101.22811892192276,1.3436063378483036
101.32814670741872,1.3430742462019947
101.4281744929147,1.3425379719809356
101.52820227841067,1.3419975217230908
101.62823006390664,1.3414529020173356
101.72825784940261,1.3409041195033777
101.82828563489859,1.340351180871675
101.92831342039456,1.3397940928633552
102.02834120589053,1.3392328622701322
102.1283689913865,1.3386674959342244
102.22839677688248,1.3380980007482708
102.32842456237844,1.3375243836552473
102.42845234787441,1.336946651648382
102.52848013337038,1.3363648117710691
102.62850791886635,1.3357788711167844
102.72853570436233,1.3351888368289977
102.8285634898583,1.3345947161010865
102.92859127535426,1.333996516176248
103.02861906085023,1.33339424434741
103.12864684634621,1.332787907957144
103.22867463184218,1.3321775143975734
103.32870241733815,1.3315630711102846
103.42873020283412,1.3309445855862365
103.5287579883301,1.3303220653656682
103.62878577382607,1.3296955180380077
103.72881355932203,1.3290649512417803
103.828841344818,1.328430372664513
103.92886913031398,1.3277917900426428
104.02889691580995,1.3271492111614225
104.12892470130592,1.3265026438548242
104.22895248680189,1.3258520960054454
104.32898027229787,1.3251975755444114
104.42900805779384,1.3245390904512806
104.5290358432898,1.3238766487539448
104.62906362878577,1.3232102585285335
104.72909141428175,1.322539927899314
104.82911919977772,1.321865665038593
104.92914698527369,1.3211874781666166
105.02917477076966,1.320505375551471
105.12920255626562,1.3198193655089805
105.2292303417616,1.3191294564026066
105.32925812725757,1.318435656643346
105.42928591275354,1.3177379746896283
105.52931369824951,1.3170364190472128
105.62934148374549,1.3163309982690847
105.72936926924146,1.3156217209553507
105.82939705473743,1.3149085957531341
105.9294248402334,1.31419163135647
106.02945262572938,1.3134708365061987
106.12948041122534,1.312746219989859
106.22950819672131,1.312017790641582
106.32953598221728,1.3112855573419822
106.42956376771326,1.3105495290180498
106.52959155320923,1.3098097146430425
106.6296193387052,1.309066123236375
106.72964712420116,1.3083187638635092
106.82967490969715,1.3075676456358447
106.92970269519311,1.3068127777106069
107.02973048068908,1.306054169290735
107.12975826618505,1.3052918296247706
107.22978605168103,1.3045257680067446
107.329813837177,1.3037559937760639
107.42984162267297,1.3029825163173976
107.52986940816893,1.3022053450605624
107.6298971936649,1.301424489480408
107.72992497916088,1.3006399590967006
107.82995276465685,1.2998517634740094
107.92998055015282,1.2990599122215862
108.03000833564879,1.2982644149932514
108.13003612114477,1.2974652814872747
108.23006390664074,1.2966625214462577
108.3300916921367,1.2958561446570145
108.43011947763267,1.2950461609504524
108.53014726312865,1.2942325802014527
108.63017504862462,1.2934154123287496
108.73020283412059,1.2925946672948099
108.83023061961656,1.291770355105711
108.93025840511254,1.2909424858110186
109.0302861906085,1.2901110695036657
109.13031397610447,1.2892761163198279
109.23034176160044,1.2884376364388006
109.33036954709642,1.2875956400828747
109.43039733259239,1.2867501375172126
109.53042511808836,1.2859011390497215
109.63045290358433,1.2850486550309295
109.73048068908031,1.2841926958538583
109.83050847457628,1.2833332719538975
109.93053626007224,1.2824703938086754
110.03056404556821,1.281604071937934
110.13059183106418,1.2807343169033985
110.23061961656016,1.2798611393086494
110.33064740205613,1.2789845497989936
110.4306751875521,1.2781045590613338
110.53070297304807,1.2772211778240392
110.63073075854405,1.2763344168568131
110.73075854404001,1.2754442869705638
110.83078632953598,1.2745507990172709
110.93081411503195,1.2736539638898536
111.03084190052793,1.272753792522039
111.1308696860239,1.2718502958882267
111.23089747151987,1.270943485003357
111.33092525701583,1.2700333709227745
111.43095304251182,1.2691199647420963
111.53098082800778,1.268203277597074
111.63100861350375,1.2672833206634588
111.73103639899972,1.266360105156866
111.8310641844957,1.2654336423326364
111.93109196999167,1.2645039434857024
112.03111975548764,1.2635710199504464
112.1311475409836,1.2626348831005652
112.23117532647959,1.2616955443489302
112.33120311197555,1.2607530151474495
112.43123089747152,1.2598073069869267
112.53125868296749,1.2588584313969216
112.63128646846347,1.2579063999456093
112.73131425395944,1.2569512242396403
112.83134203945541,1.255992915923998
112.93136982495137,1.2550314866818557
113.03139761044734,1.2540669482344369
113.13142539594332,1.2530993123408694
113.23145318143929,1.252128590798045
113.33148096693526,1.2511547954404725
113.43150875243123,1.250177938140136
113.53153653792721,1.2491980308063484
113.63156432342318,1.2482150853856075
113.73159210891914,1.2472291138614502
113.83161989441511,1.2462401282543047
113.9316476799111,1.2452481406213463
114.03167546540706,1.244253163056349
114.13170325090303,1.2432552076895385
114.231731036399,1.2422542866874444
114.33175882189498,1.2412504122527515
114.43178660739095,1.2402435966241512
114.53181439288691,1.2392338520761927
114.63184217838288,1.2382211909191325
114.73186996387886,1.2372056254987847
114.83189774937483,1.2361871681963719
114.9319255348708,1.2351658314283713
115.03195332036677,1.2341416276463657
115.13198110586275,1.233114569336891
115.23200889135872,1.2320846690212843
115.33203667685468,1.2310519392555301
115.43206446235065,1.2300163926301086
115.53209224784662,1.2289780417698413
115.6321200333426,1.2279368993337374
115.73214781883857,1.22689297801484
115.83217560433454,1.2258462905400704
115.9322033898305,1.2247968496700734
116.03223117532649,1.2237446681990611
116.13225896082245,1.222689758954659
116.23228674631842,1.221632134797747
116.33231453181439,1.2205718086223039
116.43234231731037,1.21950879335525
116.53237010280634,1.21844310195629
116.63239788830231,1.217374747417754
116.73242567379828,1.2163037427644403
116.83245345929426,1.2152301010534552
116.93248124479022,1.2141538353740544
117.03250903028619,1.2130749588474852
117.13253681578216,1.2119934846268232
117.23256460127814,1.2109094258968147
117.33259238677411,1.209822795873714
117.43262017227008,1.2087336078051238
117.53264795776605,1.2076418749698339
117.63267574326203,1.2065476106776567
117.732703528758,1.2054508282692684
117.83273131425396,1.2043515411160433
117.93275909974993,1.2032497626198937
118.0327868852459,1.2021455062131037
118.13281467074188,1.2010387853581677
118.23284245623785,1.1999296135476243
118.33287024173381,1.1988180043038936
118.43289802722978,1.1977039711791115
118.53292581272576,1.1965875277549645
118.63295359822173,1.1954686876425236
118.7329813837177,1.1943474644820795
118.83300916921367,1.193223871942976
118.93303695470965,1.1920979237234421
119.03306474020562,1.190969633550427
119.13309252570158,1.1898390151794311
119.23312031119755,1.1887060823943387
119.33314809669353,1.1875708490072512
119.4331758821895,1.1864333288583166
119.53320366768547,1.1852935358155627
119.63323145318144,1.1841514837747265
119.73325923867742,1.1830071866590859
119.83328702417339,1.1818606584192897
119.93331480966935,1.1807119130331865
120.03334259516532,1.179560964505656
120.1333703806613,1.1784078268684368
120.23339816615727,1.1772525141799568
120.33342595165324,1.1760950405251602
120.43345373714921,1.1749354200153366
120.53348152264518,1.1737736667879488
120.63350930814116,1.1726097950064611
120.73353709363712,1.171443818860166
120.83356487913309,1.17027575256401
120.93359266462906,1.1691056103584234
121.03362045012504,1.1679334065091433
121.13364823562101,1.1667591553070427
121.23367602111698,1.1655828710679537
121.33370380661295,1.1644045681324944
121.43373159210893,1.1632242608658934
121.5337593776049,1.1620419636578163
121.63378716310086,1.1608576909221875
121.73381494859683,1.1596714570970166
121.83384273409281,1.1584832766442215
121.93387051958878,1.1572931640494528
122.03389830508475,1.1561011338219167
122.13392609058072,1.1549072004941974
122.2339538760767,1.153711378622081
122.33398166157266,1.1525136827843783
122.43400944706863,1.1513141275827459
122.5340372325646,1.1501127276415088
122.63406501806058,1.1489094976074816
122.73409280355655,1.1477044521497919
122.83412058905252,1.1464976059596985
122.93414837454849,1.1452889737504144
123.03417616004445,1.144078570256926
123.13420394554043,1.1428664102358155
123.2342317310364,1.1416525084650788
123.33425951653237,1.1404368797439468
123.43428730202834,1.139219538892704
123.53431508752432,1.1380005007525078
123.63434287302029,1.13677978018521
123.73437065851626,1.1355573920731712
123.83439844401222,1.1343333513190836
123.9344262295082,1.133107672845786
124.03445401500417,1.131880371596085
124.13448180050014,1.13065146253257
124.23450958599611,1.1294209606374326
124.33453737149209,1.1281888809122826
124.43456515698806,1.1269552383779673
124.53459294248403,1.1257200480743854
124.63462072797999,1.1244833250603057
124.73464851347597,1.123245084413183
124.83467629897194,1.1220053412289746
124.93470408446791,1.1207641106219557
125.03473186996388,1.1195214077245348
125.13475965545986,1.1182772476870702
125.23478744095583,1.1170316456776854
125.3348152264518,1.115784616882083
125.43484301194776,1.1145361765033601
125.53487079744373,1.1132863397618233
125.63489858293971,1.1120351218948026
125.73492636843568,1.1107825381564669
125.83495415393165,1.1095286038176357
125.93498193942762,1.1082733341655955
126.0350097249236,1.107016744503911
126.13503751041956,1.1057588501522408
126.23506529591553,1.1044996664461495
126.3350930814115,1.10323920873692
126.43512086690748,1.1019774923913677
126.53514865240345,1.1007145327916525
126.63517643789942,1.099450345335092
126.73520422339539,1.0981849454339718
126.83523200889137,1.09691834851536
126.93525979438733,1.095650570020918
127.0352875798833,1.0943816254067122
127.13531536537927,1.0931115301430256
127.23534315087525,1.0918402997141692
127.33537093637122,1.0905679496182936
127.43539872186719,1.0892944953672
127.53542650736316,1.0880199524861498
127.63545429285914,1.0867443365136777
127.7354820783551,1.0854676630013997
127.83550986385107,1.0841899475138261
127.93553764934704,1.0829112056281693
128.03556543484302,1.0816314529341557
128.135593220339,1.080350705033834
128.23562100583496,1.079068977541387
128.33564879133093,1.07778628608294
128.4356765768269,1.0765026462963694
128.53570436232286,1.0752180738311141
128.63573214781883,1.0739325843479834
128.73575993331482,1.0726461935189662
128.8357877188108,1.071358917027041
128.93581550430676,1.0700707705659827
129.03584328980273,1.0687817698401725
129.1358710752987,1.0674919305644075
129.23589886079466,1.0662012684637066
129.33592664629063,1.064909799273121
129.4359544317866,1.0636175387375408
129.5359822172826,1.0623245026115038
129.63601000277856,1.0610307066590048
129.73603778827453,1.0597361666532998
129.8360655737705,1.0584408983767177
129.93609335926647,1.057144917620465
130.03612114476243,1.0558482401844345
130.1361489302584,1.054550881877013
130.23617671575437,1.0532528585148881
130.33620450125036,1.0519541859228547
130.43623228674633,1.050654879933624
130.5362600722423,1.0493549563876274
130.63628785773827,1.0480544311328273
130.73631564323424,1.0467533200245198
130.8363434287302,1.0454516389251451
130.93637121422617,1.0441494037040913
131.03639899972214,1.0428466302375026
131.1364267852181,1.041543334408085
131.2364545707141,1.0402395321049132
131.33648235621007,1.0389352392232358
131.43651014170604,1.0376304716642832
131.536537927202,1.0363252453350722
131.63656571269797,1.0350195761482126
131.73659349819394,1.0337134800217136
131.8366212836899,1.032406972878789
131.93664906918588,1.0311000706476647
132.03667685468187,1.0297927892613814
132.13670464017784,1.028485144657604
132.2367324256738,1.0271771527784246
132.33676021116977,1.025868829570169
132.43678799666574,1.0245601909832032
132.5368157821617,1.0232512529717372
132.63684356765768,1.021942031493632
132.73687135315365,1.0206325425102039
132.83689913864964,1.0193228019860312
132.9369269241456,1.0180128258887589
133.03695470964158,1.0167026301889033
133.13698249513754,1.0153922308596584
133.2370102806335,1.0140816438767004
133.33703806612948,1.0127708852179935
133.43706585162545,1.011459970863595
133.53709363712142,1.0101489167954603
133.63712142261738,1.0088377389972474
133.73714920811338,1.007526453454124
133.83717699360935,1.006215076152571
133.93720477910531,1.0049036230801875
134.03723256460128,1.0035921102254965
134.13726035009725,1.00228055357775
134.23728813559322,1.0009689691267336
134.33731592108919,0.9996573728625724
134.43734370658515,0.9983457807755349
134.53737149208115,0.9970342088558386
134.63739927757712,0.9957226730934566
134.73742706307308,0.9944111894779195
134.83745484856905,0.9930997739981229
134.93748263406502,0.9917884426421314
135.037510419561,0.9904772113969842
135.13753820505696,0.9891660962485
135.23756599055292,0.9878551131810823
135.33759377604892,0.9865442781775232
135.4376215615449,0.9852336072188121
135.53764934704085,0.9839231162839365
135.63767713253682,0.9826128213496892
135.7377049180328,0.9813027383904742
135.83773270352876,0.9799928833781107
135.93776048902473,0.9786832722816394
136.0377882745207,0.977373921067127
136.13781606001666,0.9760648456974715
136.23784384551266,0.974756062132208
136.33787163100862,0.9734475863273157
136.4378994165046,0.9721394342350196
136.53792720200056,0.9708316218035993
136.63795498749653,0.969524164977193
136.7379827729925,0.9682170796956038
136.83801055848846,0.9669103818941049
136.93803834398443,0.965604087503246
137.03806612948043,0.9642982124486578
137.1380939149764,0.9629927726508596
137.23812170047236,0.9616877840250643
137.33814948596833,0.9603832624809835
137.4381772714643,0.959079223922635
137.53820505696027,0.9577756842481482
137.63823284245623,0.9564726593495702
137.7382606279522,0.9551701651126724
137.8382884134482,0.9538682174167564
137.93831619894416,0.9525668321344615
138.03834398444013,0.951266025131569
138.1383717699361,0.9499658122668118
138.23839955543207,0.9486662093916779
138.33842734092804,0.9473672323502194
138.438455126424,0.9460688969788583
138.53848291191997,0.9447712191061939
138.63851069741594,0.9434742145528094
138.73853848291193,0.9421778991310793
138.8385662684079,0.940882288644977
138.93859405390387,0.9395873988898811
139.03862183939984,0.938293245652384
139.1386496248958,0.9369998447100987
139.23867741039177,0.9357072118314661
139.33870519588774,0.934415362775564
139.4387329813837,0.9331243132919139
139.5387607668797,0.931834079120289
139.63878855237567,0.930544675990524
139.73881633787164,0.9292561196223205
139.8388441233676,0.9279684257250571
139.93887190886358,0.9266816099975986
140.03889969435954,0.9253956881281028
140.1389274798555,0.9241106757938301
140.23895526535148,0.9228265886609525
140.33898305084747,0.921543442384362
140.43901083634344,0.9202612526074815
140.5390386218394,0.9189800349620715
140.63906640733538,0.9176998050680409
140.73909419283135,0.9164205785332569
140.8391219783273,0.9151423709533545
140.93914976382328,0.9138651979115456
141.03917754931925,0.9125890749784298
141.13920533481522,0.9113140177118042
141.2392331203112,0.9100400416564738
141.33926090580718,0.908767162344063
141.43928869130315,0.907495395292824
141.53931647679912,0.9062247560074497
141.63934426229508,0.9049552599788832
141.73937204779105,0.9036869226841309
141.83939983328702,0.9024197595860712
141.939427618783,0.9011537861332682
142.03945540427898,0.8998890177597818
142.13948318977495,0.8986254698849812
142.23951097527092,0.8973631579133549
142.33953876076689,0.8961020972343244
142.43956654626285,0.8948423032220564
142.53959433175882,0.8935837912352746
142.6396221172548,0.8923265766170728
142.73964990275076,0.8910706746947291
142.83967768824675,0.8898161007795165
142.93970547374272,0.8885628701665188
143.0397332592387,0.8873109981344423
143.13976104473466,0.8860604999454303
143.23978883023062,0.8848113908448774
143.3398166157266,0.8835636860612426
143.43984440122256,0.8823174008058645
143.53987218671853,0.8810725502727754
143.6398999722145,0.8798291496385169
143.7399277577105,0.8785872140619533
143.83995554320646,0.8773467586840886
143.93998332870243,0.8761077986278805
144.0400111141984,0.8748703489980564
144.14003889969436,0.8736344248809297
144.24006668519033,0.8724000413442156
144.3400944706863,0.8711672134368472
144.44012225618226,0.869935956188792
144.54015004167826,0.8687062846108696
144.64017782717423,0.8674782136945679
144.7402056126702,0.8662517584118595
144.84023339816616,0.8650269337150208
144.94026118366213,0.8638037545364489
145.0402889691581,0.8625822357884794
145.14031675465407,0.861362392363205
145.24034454015003,0.8601442391322938
145.34037232564603,0.8589277909468073
145.440400111142,0.8577130626370219
145.54042789663796,0.8565000690122443
145.64045568213393,0.8552888248606335
145.7404834676299,0.8540793449490199
145.84051125312587,0.8528716440227253
145.94053903862184,0.8516657368053829
146.0405668241178,0.8504616379987583
146.14059460961377,0.8492593622825695
146.24062239510977,0.848058924314308
146.34065018060573,0.8468603387290624
146.4406779661017,0.845663620139336
146.54070575159767,0.8444687831348716
146.64073353709364,0.8432758422824725
146.7407613225896,0.8420848121258252
146.84078910808557,0.840895707185322
146.94081689358154,0.839708541957884
147.04084467907754,0.8385233309167841
147.1408724645735,0.8373400885114721
147.24090025006947,0.8361588291673958
147.34092803556544,0.8349795672858271
147.4409558210614,0.833802317243686
147.54098360655738,0.8326270933933652
147.64101139205334,0.831453910062555
147.7410391775493,0.830282781554069
147.8410669630453,0.8291137221456693
147.94109474854127,0.8279467460898928
148.04112253403724,0.8267818676138781
148.1411503195332,0.8256191009191898
148.24117810502918,0.8244584601816477
148.34120589052515,0.8232999595511526
148.4412336760211,0.822143613151515
148.54126146151708,0.8209894350802812
148.64128924701305,0.8198374394085634
148.74131703250904,0.818687640180866
148.841344818005,0.817540051414917
148.94137260350098,0.8163946871014949
149.04140038899695,0.8152515612042588
149.14142817449292,0.8141106876595783
149.24145595998888,0.8129720803763636
149.34148374548485,0.8118357532358957
149.44151153098082,0.8107017200916578
149.54153931647681,0.8095699947691651
149.64156710197278,0.8084405910657985
149.74159488746875,0.8073135227506332
149.84162267296472,0.8061888035642745
149.94165045846069,0.8050664472186868
150.04167824395665,0.8039464673970289
150.14170602945262,0.8028288777534859
150.2417338149486,0.8017136919131034
150.34176160044458,0.8006009234716209
150.44178938594055,0.799490585995307
150.54181717143652,0.7983826930207922
150.6418449569325,0.7972772580549056
150.74187274242846,0.7961742945745098
150.84190052792442,0.795073816026336
150.9419283134204,0.7939758358268203
151.04195609891636,0.7928803673619407
151.14198388441233,0.7917874239870535
151.24201166990832,0.7906970190267297
151.3420394554043,0.7896091657745947
151.44206724090026,0.7885238774931639
151.54209502639623,0.7874411674136816
151.6421228118922,0.7863610487359616
151.74215059738816,0.7852835346282232
151.84217838288413,0.7842086382269329
151.9422061683801,0.7831363726366434
152.0422339538761,0.7820667509298337
152.14226173937206,0.7809997861467509
152.24228952486803,0.7799354912952494
152.342317310364,0.7788738793506337
152.44234509585996,0.7778149632554993
152.54237288135593,0.7767587559195762
152.6424006668519,0.77570527021957
152.74242845234787,0.774654518999006
152.84245623784386,0.7736065150680712
152.94248402333983,0.772561271203461
153.0425118088358,0.7715188001482199
153.14253959433177,0.7704791146115887
153.24256737982773,0.7694422272688481
153.3425951653237,0.7684081507611651
153.44262295081967,0.7673768976954387
153.54265073631564,0.7663484806441457
153.6426785218116,0.7653229121451878
153.7427063073076,0.7643002047017384
153.84273409280357,0.7632803707820915
153.94276187829954,0.7622634228195077
154.0427896637955,0.7612493732120637
154.14281744929147,0.7602382343225011
154.24284523478744,0.7592300184780758
154.3428730202834,0.7582247379704077
154.44290080577937,0.7572224050553301
154.54292859127537,0.756223031952741
154.64295637677134,0.7552266308464545
154.7429841622673,0.7542332138840511
154.84301194776327,0.7532427931767306
154.94303973325924,0.7522553807991639
155.0430675187552,0.751270988789346
155.14309530425118,0.7502896291484493
155.24312308974714,0.749311313840677
155.34315087524314,0.7483360547931178
155.4431786607391,0.7473638638956002
155.54320644623508,0.746394753000547
155.64323423173104,0.7454287339228316
155.743262017227,0.7444658184396336
155.84328980272298,0.7435060182902951
155.94331758821895,0.7425493451761778
156.0433453737149,0.7415958107605205
156.1433731592109,0.740645426668296
156.24340094470688,0.7396982044860716
156.34342873020285,0.7387541557618649
156.4434565156988,0.7378132920050049
156.54348430119478,0.7368756246859911
156.64351208669075,0.7359411652363538
156.74353987218672,0.7350099250485148
156.84356765768268,0.7340819154756482
156.94359544317865,0.7331571478315426
157.04362322867465,0.7322356333904618
157.14365101417062,0.7313173833870101
157.24367879966658,0.730402409015992
157.34370658516255,0.7294907214322777
157.44373437065852,0.7285823317506666
157.5437621561545,0.7276772510457522
157.64378994165045,0.7267754903517865
157.74381772714642,0.7258770606625458
157.84384551264242,0.7249819729311959
157.94387329813839,0.724090238070161
158.04390108363435,0.7232018669509876
158.14392886913032,0.7223168704042133
158.2439566546263,0.7214352592192352
158.34398444012226,0.7205570441441775
158.44401222561822,0.7196822358857613
158.5440400111142,0.7188108451091733
158.6440677966102,0.717942882437936
158.74409558210616,0.7170783584537789
158.84412336760212,0.7162172836965086
158.9441511530981,0.7153596686638806
159.04417893859406,0.714505523811471
159.14420672409003,0.7136548595525497
159.244234509586,0.7128076862579531
159.34426229508196,0.7119640142559573
159.44429008057793,0.7111238538321533
159.54431786607392,0.7102872152293197
159.6443456515699,0.7094541086473001
159.74437343706586,0.7086245442428771
159.84440122256183,0.7077985321296492
159.9444290080578,0.7069760823779068
160.04445679355376,0.7061572050145106
160.14448457904973,0.705341910022768
160.2445123645457,0.7045302073423129
160.3445401500417,0.7037221068689825
160.44456793553766,0.7029176184546995
160.54459572103363,0.7021167519073486
160.6446235065296,0.7013195169906599
160.74465129202557,0.7005259234240881
160.84467907752153,0.6997359808826948
160.9447068630175,0.6989496989970301
161.04473464851347,0.698167087353015
161.14476243400946,0.6973881554918258
161.24479021950543,0.6966129129097762
161.3448180050014,0.6958413690582024
161.44484579049737,0.6950735333433476
161.54487357599334,0.694309415126248
161.6449013614893,0.6935490237226172
161.74492914698527,0.692792368402734
161.84495693248124,0.6920394583913287
161.9449847179772,0.6912903028674713
162.0450125034732,0.6905449109644582
162.14504028896917,0.689803291769703
162.24506807446514,0.6890654543246236
162.3450958599611,0.6883314076245328
162.44512364545707,0.6876011606185297
162.54515143095304,0.6868747222093883
162.645179216449,0.6861521012534513
162.74520700194498,0.6854333065605203
162.84523478744097,0.6847183468937494
162.94526257293694,0.684007230969539
163.0452903584329,0.6832999674574274
163.14531814392888,0.682596564979987
163.24534592942484,0.6818970321127185
163.3453737149208,0.6812013773839465
163.44540150041678,0.6805096092747154
163.54542928591275,0.679821736218686
163.64545707140874,0.6791377666020326
163.7454848569047,0.6784577087633412
163.84551264240068,0.6777815709935074
163.94554042789665,0.6771093615356354
164.0455682133926,0.6764410885849372
164.14559599888858,0.6757767602886338
164.24562378438455,0.6751163847458547
164.34565156988052,0.6744599700075395
164.44567935537648,0.6738075240763399
164.54570714087248,0.6731590549065221
164.64573492636845,0.67251457040387
164.74576271186442,0.6718740784255881
164.84579049736038,0.6712375867802065
164.94581828285635,0.6706051032274858
165.04584606835232,0.669976635478321
165.1458738538483,0.6693521911946501
165.24590163934425,0.668731777989358
165.34592942484025,0.6681154034261851
165.44595721033622,0.6675030750196358
165.54598499583219,0.6668948002348847
165.64601278132815,0.6662905864876874
165.74604056682412,0.6656904411442895
165.8460683523201,0.6650943715213371
165.94609613781606,0.6645023848857867
166.04612392331202,0.663914488454818
166.14615170880802,0.6633306893957446
166.246179494304,0.6627509948259274
166.34620727979996,0.6621754118126875
166.44623506529592,0.66160394737322
166.5462628507919,0.6610366084745091
166.64629063628786,0.660473402033242
166.74631842178383,0.6599143349157257
166.8463462072798,0.6593594139378024
166.94637399277576,0.6588086458647673
167.04640177827176,0.6582620374112853
167.14642956376773,0.65771959524131
167.2464573492637,0.6571813259680008
167.34648513475966,0.6566472361536447
167.44651292025563,0.6561173323095741
167.5465407057516,0.655591620896089
167.64656849124756,0.6550701083223769
167.74659627674353,0.6545528009464359
167.84662406223953,0.6540397050749959
167.9466518477355,0.6535308269634436
168.04667963323146,0.6530261728157438
168.14670741872743,0.6525257487843661
168.2467352042234,0.6520295609702078
168.34676298971937,0.6515376154225214
168.44679077521533,0.6510499181388396
168.5468185607113,0.6505664750649024
168.6468463462073,0.650087292094585
168.74687413170327,0.6496123750698262
168.84690191719923,0.6491417297805557
168.9469297026952,0.6486753619646255
169.04695748819117,0.6482132773077383
169.14698527368714,0.6477554814433792
169.2470130591831,0.6473019799527465
169.34704084467907,0.6468527783646839
169.44706863017504,0.6464078821556132
169.54709641567104,0.6459672967494665
169.647124201167,0.6455310275176226
169.74715198666297,0.6450990797788383
169.84717977215894,0.6446714587991857
169.9472075576549,0.6442481697919875
170.04723534315087,0.6438292179177534
170.14726312864684,0.6434146082841163
170.2472909141428,0.6430043459457723
170.3473186996388,0.6425984359044161
170.44734648513477,0.6421968831086828
170.54737427063074,0.6417996924540859
170.6474020561267,0.6414068687829577
170.74742984162268,0.6410184168843912
170.84745762711864,0.6406343414941805
170.9474854126146,0.6402546472947643
171.04751319811058,0.6398793389151676
171.14754098360658,0.6395084209309464
171.24756876910254,0.6391418978641312
171.3475965545985,0.6387797741831719
171.44762434009448,0.6384220543028837
171.54765212559045,0.638068742584393
171.6476799110864,0.6377198433350841
171.74770769658238,0.6373753608085471
171.84773548207835,0.6370352992045258
171.94776326757432,0.6366996626688664
172.0477910530703,0.636368455293467
172.14781883856628,0.636041681116228
172.24784662406225,0.6357193441210027
172.34787440955822,0.6354014482375484
172.44790219505418,0.635087997341479
172.54792998055015,0.6347789952542175
172.64795776604612,0.6344744457429494
172.7479855515421,0.6341743525205767
172.84801333703808,0.633878719245673
172.94804112253405,0.6335875495224383
173.04806890803002,0.633300846900656
173.14809669352599,0.6330186148756483
173.24812447902195,0.6327408568882347
173.34815226451792,0.6324675763246899
173.4481800500139,0.6321987765167016
173.54820783550986,0.6319344607413313
173.64823562100585,0.631674632220973
173.74826340650182,0.631419294123315
173.8482911919978,0.6311684495613007
173.94831897749376,0.6309221015930904
174.04834676298972,0.6306802532220248
174.1483745484857,0.6304429073965877
174.24840233398166,0.6302100670103705
174.34843011947763,0.6299817349020367
174.4484579049736,0.6297579138552871
174.5484856904696,0.6295386065988262
174.64851347596556,0.6293238158063292
174.74854126146153,0.6291135440964086
174.8485690469575,0.6289077940325825
174.94859683245346,0.6287065681232442
175.04862461794943,0.6285098688216304
175.1486524034454,0.6283176985257923
175.24868018894136,0.6281300595785655
175.34870797443736,0.6279469542675421
175.44873575993333,0.6277683848250426
175.5487635454293,0.6275943534280886
175.64879133092526,0.6274248621983762
175.74881911642123,0.6272599132022506
175.8488469019172,0.62709950845068
175.94887468741317,0.626943649899232
176.04890247290913,0.6267923394480497
176.14893025840513,0.6266455789418275
176.2489580439011,0.6265033701697897
176.34898582939707,0.6263657148656687
176.44901361489303,0.6262326147076829
176.549041400389,0.6261040713185172
176.64906918588497,0.6259800862653027
176.74909697138094,0.6258606610595977
176.8491247568769,0.6257457971573694
176.94915254237287,0.6256354959589763
177.04918032786887,0.6255297588091504
177.14920811336484,0.6254285869969818
177.2492358988608,0.625331981755902
177.34926368435677,0.6252399442636697
177.44929146985274,0.625152475642356
177.5493192553487,0.6250695769583308
177.64934704084467,0.6249912492222498
177.74937482634064,0.6249174933890421
177.84940261183664,0.6248483103578989
177.9494303973326,0.624783700972262
178.04945818282857,0.6247236660198139
178.14948596832454,0.6246682062324682
178.2495137538205,0.6246173222863602
178.34954153931648,0.6245710148018399
178.44956932481244,0.6245292843434624
178.5495971103084,0.624492131419983
178.6496248958044,0.62445955648435
178.74965268130038,0.6244315599336994
178.84968046679634,0.6244081421093496
178.9497082522923,0.6243893032967982
179.04973603778828,0.6243750437257177
179.14976382328425,0.6243653635699532
179.2497916087802,0.6243602629475197
179.34981939427618,0.6243597419206013
179.44984717977215,0.6243638004955501
179.54987496526815,0.6243724386228862
179.6499027507641,0.624385656197298
179.74993053626008,0.6244034530576443
179.84995832175605,0.6244258289869553
179.94998610725202,0.6244527837124358
180.05001389274798,0.6244843169054687
180.15004167824395,0.6245204281816181
180.25006946373992,0.6245611171006353
180.35009724923592,0.6246063831664628
180.45012503473188,0.6246562258272415
180.55015282022785,0.6247106444753165
180.65018060572382,0.6247696384472456
180.7502083912198,0.6248332070238063
180.85023617671575,0.6249013494300049
180.95026396221172,0.6249740648350861
181.0502917477077,0.6250513523525436
181.15031953320369,0.6251332110401298
181.25034731869965,0.6252196398998678
181.35037510419562,0.6253106378780644
181.4504028896916,0.6254062038653213
181.55043067518756,0.6255063366965501
181.65045846068352,0.6256110351509858
181.7504862461795,0.6257202979522016
181.85051403167546,0.6258341237681251
181.95054181717143,0.6259525112110533
182.05056960266742,0.6260754588376714
182.1505973881634,0.6262029651490685
182.25062517365936,0.6263350285907568
182.35065295915533,0.6264716475526908
182.4506807446513,0.6266128203692864
182.55070853014726,0.6267585453194411
182.65073631564323,0.6269088206265558
182.7507641011392,0.6270636444585556
182.8507918866352,0.6272230149279122
182.95081967213116,0.6273869300916677
183.05084745762713,0.6275553879514575
183.1508752431231,0.6277283864535348
183.25090302861906,0.627905923488796
183.35093081411503,0.6280879968928061
183.450958599611,0.6282746044458251
183.55098638510697,0.6284657438728349
183.65101417060296,0.6286614128435677
183.75104195609893,0.6288616089725338
183.8510697415949,0.6290663298190506
183.95109752709087,0.6292755728872732
184.05112531258683,0.6294893356262233
184.1511530980828,0.6297076154298222
184.25118088357877,0.6299304096369209
184.35120866907474,0.6301577155313336
184.4512364545707,0.6303895303418704
184.5512642400667,0.6306258512423712
184.65129202556267,0.6308666753517398
184.75131981105864,0.6311119997339798
184.8513475965546,0.6313618213982295
184.95137538205057,0.631616137298799
185.05140316754654,0.631874944335207
185.1514309530425,0.6321382393522188
185.25145873853847,0.6324060191398846
185.35148652403447,0.6326782804335791
185.45151430953044,0.6329550199140401
185.5515420950264,0.6332362342074106
185.65156988052237,0.6335219198852786
185.75159766601834,0.6338120734647197
185.8516254515143,0.6341066914083391
185.95165323701028,0.6344057701243149
186.05168102250624,0.6347093059664419
186.15170880800224,0.6350172952341764
186.2517365934982,0.6353297341726802
186.35176437899418,0.6356466189728679
186.45179216449014,0.6359679457714521
186.5518199499861,0.6362937106509912
186.65184773548208,0.6366239096399368
186.75187552097805,0.6369585387126822
186.85190330647401,0.6372975937896117
186.95193109196998,0.63764107073715
187.05195887746598,0.637988965367813
187.15198666296195,0.6383412734402584
187.2520144484579,0.6386979906593375
187.35204223395388,0.6390591126761479
187.45207001944985,0.6394246350880863
187.55209780494582,0.6397945534389022
187.65212559044178,0.640168863218752
187.75215337593775,0.6405475598642543
187.85218116143375,0.6409306387585454
187.95220894692972,0.6413180952313356
188.05223673242568,0.6417099245589664
188.15226451792165,0.6421061219644671
188.25229230341762,0.6425066826176148
188.3523200889136,0.6429116016349914
188.45234787440955,0.6433208740800447
188.55237565990552,0.6437344949631469
188.65240344540152,0.6441524592416574
188.75243123089749,0.6445747618199827
188.85245901639345,0.6450013975496394
188.95248680188942,0.6454323612293165
189.0525145873854,0.6458676476049391
189.15254237288136,0.6463072513697321
189.25257015837732,0.6467511671642857
189.3525979438733,0.6471993895766195
189.4526257293693,0.6476519131422496
189.55265351486526,0.6481087323442545
189.65268130036122,0.6485698416133427
189.7527090858572,0.6490352353279208
189.85273687135316,0.6495049078141615
189.95276465684913,0.6499788533460732
190.0527924423451,0.6504570661455693
190.15282022784106,0.6509395403825395
190.25284801333703,0.6514262701749203
190.35287579883303,0.6519172495887663
190.452903584329,0.6524124726383232
190.55293136982496,0.6529119332861011
190.65295915532093,0.653415625442947
190.7529869408169,0.6539235429681198
190.85301472631286,0.6544356796693653
190.95304251180883,0.6549520293029912
191.0530702973048,0.6554725855739434
191.1530980828008,0.6559973421358828
191.25312586829676,0.6565262925912623
191.35315365379273,0.6570594304914055
191.4531814392887,0.6575967493365851
191.55320922478467,0.6581382425761017
191.65323701028063,0.6586839036083638
191.7532647957766,0.6592337257809691
191.85329258127257,0.6597877023907841
191.95332036676857,0.6603458266840274
192.05334815226453,0.6609080918563507
192.1533759377605,0.6614744910529226
192.25340372325647,0.662045017368512
192.35343150875244,0.6626196638475721
192.4534592942484,0.6631984234843253
192.55348707974437,0.6637812892228488
192.65351486524034,0.6643682539571603
192.7535426507363,0.6649593105313047
192.8535704362323,0.6655544517394418
192.95359822172827,0.666153670325933
193.05362600722424,0.666756958985431
193.1536537927202,0.6673643103629685
193.25368157821617,0.6679757170540476
193.35370936371214,0.6685911716047301
193.4537371492081,0.6692106665117288
193.55376493470408,0.6698341942224983
193.65379272020007,0.670461747135328
193.75382050569604,0.6710933175994335
193.853848291192,0.6717288979150509
193.95387607668798,0.6723684803335306
194.05390386218394,0.6730120570574314
194.1539316476799,0.6736596202406155
194.25395943317588,0.6743111619883447
194.35398721867185,0.6749666743573761
194.45401500416784,0.6756261493560591
194.5540427896638,0.676289578944433
194.65407057515978,0.6769569550343246
194.75409836065575,0.6776282694894478
194.8541261461517,0.6783035141255012
194.95415393164768,0.6789826807102692
195.05418171714365,0.679665760963722
195.15420950263962,0.6803527465581166
195.25423728813558,0.6810436291180978
195.35426507363158,0.6817384002208011
195.45429285912755,0.6824370513959546
195.55432064462352,0.6831395741259829
195.65434843011948,0.6838459598461111
195.75437621561545,0.6845561999444678
195.85440400111142,0.6852702857621922
195.9544317866074,0.6859882085935378
196.05445957210335,0.6867099596859798
196.15448735759935,0.6874355302403213
196.25451514309532,0.6881649114108002
196.3545429285913,0.6888980943051977
196.45457071408725,0.6896350699849463
196.55459849958322,0.6903758294652397
196.6546262850792,0.6911203637151402
196.75465407057516,0.6918686636576911
196.85468185607112,0.6926207201700263
196.95470964156712,0.6933765240834816
197.0547374270631,0.6941360661837062
197.15476521255906,0.6948993372107758
197.25479299805502,0.6956663278593048
197.354820783551,0.6964370287785602
197.45484856904696,0.6972114305725754
197.55487635454293,0.697989523800264
197.6549041400389,0.6987712989755368
197.75493192553486,0.6995567465674156
197.85495971103086,0.7003458570001505
197.95498749652683,0.7011386206533354
198.0550152820228,0.7019350278620272
198.15504306751876,0.7027350689168619
198.25507085301473,0.7035387340641737
198.3550986385107,0.7043460135061143
198.45512642400666,0.7051568974007709
198.55515420950263,0.7059713758622881
198.65518199499863,0.7067894389609872
198.7552097804946,0.7076110767234873
198.85523756599056,0.7084362791328276
198.95526535148653,0.7092650361285887
199.0552931369825,0.7100973376070158
199.15532092247847,0.7109331734211415
199.25534870797443,0.7117725333809102
199.3553764934704,0.7126154072533009
199.4554042789664,0.7134617847624538
199.55543206446237,0.7143116555897941
199.65545984995833,0.7151650093741588
199.7554876354543,0.7160218357119222
199.85551542095027,0.7168821241571233
199.95554320644624,0.717745864221593
200.0555709919422,0.7186130453750819
200.15559877743817,0.7194836570453889
200.25562656293414,0.720357688618489
200.35565434843014,0.7212351294386652
200.4556821339261,0.722115968808635
200.55570991942207,0.7230001959896841
200.65573770491804,0.723887800201795
200.755765490414,0.7247787706237798
200.85579327590997,0.7256730963934113
200.95582106140594,0.7265707666075556
201.0558488469019,0.7274717703223058
201.1558766323979,0.728376096553114
201.25590441789387,0.729283734274926
201.35593220338984,0.7301946724223163
201.4559599888858,0.7311088998896219
201.55598777438178,0.7320264055310786
201.65601555987774,0.7329471781609563
201.7560433453737,0.7338712065536954
201.85607113086968,0.7347984794440441
201.95609891636568,0.7357289855271957
202.05612670186164,0.7366627134589248
202.1561544873576,0.7375996518557282
202.25618227285358,0.7385397892949626
202.35621005834955,0.7394831143149829
202.4562378438455,0.7404296154152834
202.55626562934148,0.7413792810566371
202.65629341483745,0.7423320996612366
202.75632120033342,0.7432880596128353
202.8563489858294,0.7442471492568894
202.95637677132538,0.7452093569006986
203.05640455682135,0.7461746708135504
203.15643234231732,0.7471430792268623
203.25646012781328,0.7481145703343253
203.35648791330925,0.7490891322920479
203.45651569880522,0.7500667532187003
203.5565434843012,0.7510474211956595
203.65657126979718,0.752031124267155
203.75659905529315,0.7530178504404127
203.85662684078912,0.7540075876858037
203.9566546262851,0.7550003239369895
204.05668241178105,0.7559960470910693
204.15671019727702,0.7569947450087275
204.256737982773,0.757996405514382
204.35676576826896,0.7590010163963322
204.45679355376495,0.7600085654069086
204.55682133926092,0.761019040262621
204.6568491247569,0.7620324286443088
204.75687691025286,0.7630487181972918
204.85690469574882,0.7640678965315204
204.9569324812448,0.7650899512217261
205.05696026674076,0.7661148698075735
205.15698805223673,0.7671426397938124
205.2570158377327,0.7681732486504297
205.3570436232287,0.7692066838128025
205.45707140872466,0.770242932681851
205.55709919422063,0.7712819826241915
205.6571269797166,0.7723238209722924
205.75715476521256,0.7733684350246266
205.85718255070853,0.7744158120458275
205.9572103362045,0.7754659392668436
206.05723812170046,0.7765188038850945
206.15726590719646,0.7775743930646275
206.25729369269243,0.7786326939362722
206.3573214781884,0.7796936935978004
206.45734926368436,0.78075737911408
206.55737704918033,0.781823737517236
206.6574048346763,0.7828927558068058
206.75743262017227,0.7839644209498999
206.85746040566823,0.785038719881359
206.95748819116423,0.7861156395039147
207.0575159766602,0.7871951666883479
207.15754376215617,0.7882772882736501
207.25757154765213,0.7893619910671832
207.3575993331481,0.7904492618448398
207.45762711864407,0.7915390873512058
207.55765490414004,0.792631454299721
207.657682689636,0.7937263493728413
207.75771047513197,0.7948237592222007
207.85773826062797,0.7959236704687755
207.95776604612394,0.7970260697030447
208.0577938316199,0.7981309434851565
208.15782161711587,0.79923827834509
208.25784940261184,0.8003480607828207
208.3578771881078,0.801460277268484
208.45790497360377,0.8025749142425411
208.55793275909974,0.8036919581159437
208.65796054459574,0.8048113952703005
208.7579883300917,0.8059332120580416
208.85801611558767,0.8070573948025863
208.95804390108364,0.8081839297985101
209.0580716865796,0.8093128033117103
209.15809947207558,0.8104440015795749
209.25812725757154,0.8115775108111487
209.3581550430675,0.8127133171873038
209.4581828285635,0.8138514068609062
209.55821061405948,0.8149917659569846
209.65823839955544,0.8161343805729012
209.7582661850514,0.8172792367785194
209.85829397054738,0.8184263206163747
209.95832175604335,0.8195756181018442
210.05834954153931,0.820727115223318
210.15837732703528,0.8218807979423685
210.25840511253125,0.8230366521939232
210.35843289802725,0.8241946638864356
210.4584606835232,0.825354818902056
210.55848846901918,0.8265171030968052
210.65851625451515,0.8276815023007459
210.75854404001112,0.8288480023181561
210.85857182550708,0.8300165889277014
210.95859961100305,0.8311872478826093
211.05862739649902,0.8323599649108415
211.15865518199502,0.8335347257152701
211.25868296749098,0.834711515973849
211.35871075298695,0.8358903213397914
211.45873853848292,0.8370711274417428
211.5587663239789,0.8382539198839573
211.65879410947485,0.8394386842464718
211.75882189497082,0.8406254060852836
211.8588496804668,0.841814070932525
211.9588774659628,0.8430046642966401
212.05890525145875,0.8441971716625613
212.15893303695472,0.8453915784918872
212.2589608224507,0.8465878702230589
212.35898860794666,0.8477860322715378
212.45901639344262,0.8489860500299835
212.5590441789386,0.8501879088684315
212.65907196443456,0.8513915941344723
212.75909974993053,0.8525970911534294
212.85912753542652,0.8538043852285381
212.9591553209225,0.855013461641125
213.05918310641846,0.8562243056507878
213.15921089191443,0.8574369024955745
213.2592386774104,0.8586512373921633
213.35926646290636,0.8598672955360431
213.45929424840233,0.8610850621016942
213.5593220338983,0.8623045222427683
213.6593498193943,0.8635256610922707
213.75937760489026,0.8647484637627391
213.85940539038623,0.8659729153464284
213.9594331758822,0.8671990009154906
214.05946096137816,0.8684267055221566
214.15948874687413,0.8696560141989194
214.2595165323701,0.8708869119587153
214.35954431786607,0.8721193837951081
214.45957210336206,0.8733534146824716
214.55959988885803,0.8745889895761706
214.659627674354,0.8758260934127482
214.75965545984997,0.8770647111101069
214.85968324534593,0.8783048275676926
214.9597110308419,0.8795464276666797
215.05973881633787,0.8807894962701546
215.15976660183384,0.8820340182233003
215.2597943873298,0.8832799783535817
215.3598221728258,0.8845273614709308
215.45984995832177,0.8857761523679291
215.55987774381774,0.8870263358199973
215.6599055293137,0.8882778965855785
215.75993331480967,0.889530819406324
215.85996110030564,0.8907850890072795
215.9599888858016,0.8920406900970718
216.06001667129757,0.8932976073680949
216.16004445679357,0.894555825496697
216.26007224228954,0.8958153291433659
216.3601000277855,0.8970761029529175
216.46012781328147,0.8983381315546832
216.56015559877744,0.899601399562696
216.6601833842734,0.900865891575879
216.76021116976938,0.9021315921782329
216.86023895526534,0.9033984859390237
216.96026674076134,0.9046665574129716
217.0602945262573,0.9059357911404379
217.16032231175328,0.9072061716476152
217.26035009724924,0.9084776834467143
217.3603778827452,0.9097503110361548
217.46040566824118,0.9110240389007526
217.56043345373715,0.91229885151191
217.66046123923311,0.9135747333278045
217.76048902472908,0.9148516687935784
217.86051681022508,0.9161296423415288
217.96054459572105,0.9174086383912962
218.060572381217,0.9186886413500565
218.16060016671298,0.9199696356127086
218.26062795220895,0.9212516055620671
218.36065573770492,0.9225345355690511
218.46068352320088,0.9238184099928751
218.56071130869685,0.92510321318124
218.66073909419285,0.9263889294705241
218.76076687968882,0.9276755431859722
218.86079466518478,0.9289630386418898
218.96082245068075,0.9302514001418322
219.06085023617672,0.9315406119787956
219.1608780216727,0.9328306584354102
219.26090580716865,0.9341215237841309
219.36093359266462,0.9354131922874289
219.46096137816062,0.9367056481979841
219.5609891636566,0.9379988757588757
219.66101694915255,0.9392928592037768
219.76104473464852,0.9405875827571444
219.8610725201445,0.9418830306344127
219.96110030564046,0.943179187042185
220.06112809113642,0.9444760361784267
220.1611558766324,0.9457735622326583
220.26118366212836,0.9470717493861474
220.36121144762436,0.9483705818121018
220.46123923312032,0.949670043675862
220.5612670186163,0.9509701191350955
220.66129480411226,0.952270792339989
220.76132258960823,0.9535720474334416
220.8613503751042,0.9548738685512588
220.96137816060016,0.9561762398223443
221.06140594609613,0.9574791453688959
221.16143373159213,0.9587825693065974
221.2614615170881,0.9600864957448122
221.36148930258406,0.9613909087867779
221.46151708808003,0.9626957925297998
221.561544873576,0.9640011310654444
221.66157265907196,0.9653069084797339
221.76160044456793,0.9666131088533398
221.8616282300639,0.9679197162617766
221.9616560155599,0.9692267147755975
222.06168380105586,0.9705340884605864
222.16171158655183,0.9718418213779542
222.2617393720478,0.9731498975845319
222.36176715754377,0.9744583011329652
222.46179494303973,0.9757670160719092
222.5618227285357,0.9770760264462228
222.66185051403167,0.9783853162971632
222.76187829952767,0.9796948696625797
222.86190608502363,0.9810046705771092
222.9619338705196,0.9823147030723711
223.06196165601557,0.9836249511771613
223.16198944151154,0.9849353989176469
223.2620172270075,0.9862460303175614
223.36204501250347,0.987556829398399
223.46207279799944,0.9888677801796097
223.5621005834954,0.9901788666787945
223.6621283689914,0.9914900729118991
223.76215615448737,0.9928013828934091
223.86218393998334,0.9941127806365465
223.9622117254793,0.9954242501534628
224.06223951097527,0.9967357754554342
224.16226729647124,0.9980473405530572
224.2622950819672,0.999358929456443
224.36232286746318,1.0006705261754123
224.46235065295917,1.0019821147196917
224.56237843845514,1.003293679099105
224.6624062239511,1.0046052033237727
224.76243400944708,1.0059166714043044
224.86246179494304,1.0072280673519942
224.962489580439,1.0085393751790153
225.06251736593498,1.0098505788986152
225.16254515143095,1.011161662525311
225.26257293692694,1.0124726100750843
225.3626007224229,1.0137834055655737
225.46262850791888,1.0150940330162734
225.56265629341485,1.0164044764487266
225.66268407891081,1.0177147198867185
225.76271186440678,1.0190247473564733
225.86273964990275,1.0203345428868484
225.96276743539872,1.0216440905095283
226.06279522089469,1.0229533742592203
226.16282300639068,1.0242623781738491
226.26285079188665,1.025571086294749
226.36287857738262,1.0268794826668626
226.46290636287858,1.0281875513389325
226.56293414837455,1.0294952763636962
226.66296193387052,1.0308026417980811
226.7629897193665,1.0321096317033984
226.86301750486246,1.0334162301455376
226.96304529035845,1.0347224211951607
227.06307307585442,1.036028188927896
227.1631008613504,1.0373335174245328
227.26312864684635,1.038638390771216
227.36315643234232,1.0399427930596385
227.4631842178383,1.041246708387237
227.56321200333426,1.0425501208573842
227.66323978883023,1.043853014579584
227.76326757432622,1.045155373669664
227.8632953598222,1.0464571822499698
227.96332314531816,1.0477584244495592
228.06335093081412,1.049059084404394
228.1633787163101,1.0503591462575355
228.26340650180606,1.0516585941593357
228.36343428730203,1.0529574122676322
228.463462072798,1.0542555847479402
228.56348985829396,1.0555530957736472
228.66351764378996,1.0568499295262035
228.76354542928593,1.0581460701953165
228.8635732147819,1.059441501979144
228.96360100027786,1.0607362090844856
229.06362878577383,1.0620301757269761
229.1636565712698,1.0633233861312772
229.26368435676576,1.0646158245312707
229.36371214226173,1.0659074751702498
229.46373992775773,1.067198322301113
229.5637677132537,1.068488350186552
229.66379549874966,1.0697775430992489
229.76382328424563,1.071065885322064
229.8638510697416,1.0723533611482297
229.96387885523757,1.0736399548815398
230.06390664073353,1.074925650836543
230.1639344262295,1.0762104333387332
230.2639622117255,1.077494286724741
230.36398999722147,1.0787771953425223
230.46401778271743,1.0800591435515532
230.5640455682134,1.0813401157230176
230.66407335370937,1.0826200962399994
230.76410113920534,1.0838990694976716
230.8641289247013,1.0851770199034871
230.96415671019727,1.0864539318773698
231.06418449569324,1.0877297898519023
231.16421228118924,1.0890045782725184
231.2642400666852,1.0902782815976892
231.36426785218117,1.091550884299117
231.46429563767714,1.092822370861921
231.5643234231731,1.0940927257848279
231.66435120866907,1.0953619335803613
231.76437899416504,1.0966299787750293
231.864406779661,1.0978968459095144
231.964434565157,1.0991625195388612
232.06446235065297,1.1004269842326637
232.16449013614894,1.1016902245752564
232.2645179216449,1.1029522251658992
232.36454570714088,1.1042129706189672
232.46457349263684,1.1054724455641365
232.5646012781328,1.1067306346465737
232.66462906362878,1.107987522527121
232.76465684912478,1.1092430938824847
232.86468463462074,1.1104973334054216
232.9647124201167,1.1117502258049237
233.06474020561268,1.113001755806409
233.16476799110865,1.1142519081519036
233.26479577660461,1.1155006676002293
233.36482356210058,1.1167480189271901
233.46485134759655,1.1179939469257563
233.56487913309252,1.1192384364062509
233.6649069185885,1.1204814721965346
233.76493470408448,1.1217230391421906
233.86496248958045,1.1229631221067102
233.96499027507642,1.1242017059716745
234.06501806057238,1.1254387756369426
234.16504584606835,1.126674316020834
234.26507363156432,1.1279083120603115
234.3651014170603,1.129140748711166
234.46512920255628,1.1303716109481998
234.56515698805225,1.1316008837654097
234.66518477354822,1.1328285521761694
234.7652125590442,1.1340546012134134
234.86524034454015,1.1352790159298172
234.96526813003612,1.1365017813979823
235.0652959155321,1.137722882710617
235.16532370102806,1.1389423049807177
235.26535148652405,1.1401600333417505
235.36537927202002,1.1413760529478336
235.465407057516,1.1425903489739166
235.56543484301196,1.1438029066159625
235.66546262850792,1.1450137110911278
235.7654904140039,1.1462227476379414
235.86551819949986,1.1474300015164873
235.96554598499583,1.1486354580085827
236.0655737704918,1.1498391024179568
236.1656015559878,1.1510409200704315
236.26562934148376,1.1522408963140989
236.36565712697973,1.1534390165195008
236.4656849124757,1.154635266079807
236.56571269797166,1.1558296304109934
236.66574048346763,1.1570220949520182
236.7657682689636,1.1582126451650026
236.86579605445957,1.1594012665354052
236.96582383995556,1.1605879445722
237.06585162545153,1.161772664808054
237.1658794109475,1.1629554127995014
237.26590719644346,1.164136174127122
237.36593498193943,1.1653149343957148
237.4659627674354,1.1664916792344764
237.56599055293137,1.1676663942971717
237.66601833842734,1.168839065262314
237.76604612392333,1.1700096778333362
237.8660739094193,1.171178217738766
237.96610169491527,1.1723446707324
238.06612948041123,1.173509022593477
238.1661572659072,1.1746712591268524
238.26618505140317,1.1758313661631696
238.36621283689914,1.1769893295590352
238.4662406223951,1.1781451351971872
238.56626840789107,1.1792987689866723
238.66629619338707,1.1804502168630142
238.76632397888304,1.1815994647883865
238.866351764379,1.1827464987517826
238.96637954987497,1.1838913047691881
239.06640733537094,1.1850338688837503
239.1664351208669,1.1861741771659482
239.26646290636288,1.187312215713764
239.36649069185884,1.1884479706528488
239.46651847735484,1.1895814281366963
239.5665462628508,1.1907125743468088
239.66657404834677,1.1918413954928666
239.76660183384274,1.1929678778128958
239.8666296193387,1.1940920075734363
239.96665740483468,1.1952137710697086
240.06668519033065,1.1963331546257823
240.1667129758266,1.1974501445947416
240.2667407613226,1.1985647273588513
240.36676854681858,1.1996768893297243
240.46679633231454,1.2007866169484862
240.5668241178105,1.2018938966859414
240.66685190330648,1.2029987150427366
240.76687968880245,1.2041010585495275
240.86690747429842,1.2052009137671407
240.96693525979438,1.2062982672867393
241.06696304529035,1.2073931057299863
241.16699083078635,1.208485415749205
241.26701861628231,1.2095751840275464
241.36704640177828,1.2106623972791475
241.46707418727425,1.211747042249295
241.56710197277022,1.2128291057145877
241.66712975826619,1.2139085744830953
241.76715754376215,1.2149854353945215
241.86718532925812,1.2160596753203634
241.96721311475412,1.217131281164072
242.06724090025008,1.2182002398612102
242.16726868574605,1.2192665383796153
242.26729647124202,1.2203301637195552
242.367324256738,1.2213911029138877
242.46735204223395,1.2224493430282188
242.56737982772992,1.2235048711610603
242.6674076132259,1.224557674443987
242.7674353987219,1.2256077400417937
242.86746318421785,1.2266550551526505
242.96749096971382,1.2276996070082609
243.0675187552098,1.228741382874017
243.16754654070576,1.2297803700491532
243.26757432620172,1.2308165558669026
243.3676021116977,1.2318499276946513
243.46762989719366,1.232880472934091
243.56765768268963,1.2339081790213746
243.66768546818562,1.2349330334272683
243.7677132536816,1.2359550236573036
243.86774103917756,1.2369741372519312
243.96776882467353,1.237990361786672
244.0677966101695,1.2390036848722692
244.16782439566546,1.240014094154838
244.26785218116143,1.2410215773160178
244.3678799666574,1.2420261220731215
244.4679077521534,1.243027716179286
244.56793553764936,1.244026347423619
244.66796332314533,1.2450220036313517
244.7679911086413,1.246014672663985
244.86801889413726,1.2470043424194373
244.96804667963323,1.247991000832193
245.0680744651292,1.248974635873449
245.16810225062517,1.249955235551261
245.26813003612116,1.250932787910692
245.36815782161713,1.2519072810339533
245.4681856071131,1.2528787030405553
245.56821339260907,1.2538470420874483
245.66824117810503,1.2548122863691695
245.768268963601,1.255774424117985
245.86829674909697,1.256733443604034
245.96832453459294,1.2576893331354726
246.0683523200889,1.258642081058615
246.1683801055849,1.2595916757580767
246.26840789108087,1.2605381056569143
246.36843567657684,1.2614813592167695
246.4684634620728,1.2624214249380077
246.56849124756877,1.263358291359858
246.66851903306474,1.2642919470605545
246.7685468185607,1.2652223806574743
246.86857460405668,1.2661495808072767
246.96860238955267,1.267073536206042
247.06863017504864,1.2679942355894067
247.1686579605446,1.2689116677327055
247.26868574604057,1.2698258214511038
247.36871353153654,1.2707366855997364
247.4687413170325,1.271644249073843
247.56876910252848,1.2725485008089026
247.66879688802445,1.2734494297807695
247.76882467352044,1.274347025005808
247.8688524590164,1.275241275541024
247.96888024451238,1.2761321704842012
248.06890803000834,1.277019698974033
248.1689358155043,1.2779038501902542
248.26896360100028,1.278784613353774
248.36899138649625,1.2796619777268061
248.46901917199222,1.2805359326130012
248.56904695748818,1.2814064673575765
248.66907474298418,1.2822735713474456
248.76910252848015,1.2831372340113472
248.86913031397611,1.283997444819976
248.96915809947208,1.2848541932861095
249.06918588496805,1.2857074689647356
249.16921367046402,1.2865572614531813
249.26924145595999,1.2874035603912382
249.36926924145595,1.28824635546129
249.46929702695195,1.2890856363884373
249.56932481244792,1.2899213929406226
249.66935259794388,1.2907536149287566
249.76938038343985,1.291582292206841
249.86940816893582,1.292407414672093
249.9694359544318,1.2932289722650676
250.06946373992776,1.2940469549697815
250.16949152542372,1.2948613528138342
250.26951931091972,1.29567215586853
250.3695470964157,1.2964793542489979
250.46957488191165,1.2972829381143143
250.56960266740762,1.2980828976676217
250.6696304529036,1.2988792231562478
250.76965823839956,1.2996719048718253
250.86968602389553,1.3004609331504093
250.9697138093915,1.3012462983725959
251.06974159488746,1.3020279909636392
251.16976938038346,1.3028060013935683
251.26979716587942,1.3035803201773022
251.3698249513754,1.3043509378747675
251.46985273687136,1.305117845091012
251.56988052236733,1.3058810324763197
251.6699083078633,1.3066404907263252
251.76993609335926,1.3073962105821255
251.86996387885523,1.3081481828303954
251.96999166435123,1.3088963983034982
252.0700194498472,1.309640847879597
252.17004723534316,1.310381522482767
252.27007502083913,1.3111184130831064
252.3701028063351,1.3118515106968456
252.47013059183107,1.3125808063864564
252.57015837732703,1.3133062912607627
252.670186162823,1.3140279564750468
252.770213948319,1.3147457932311593
252.87024173381496,1.3154597927776237
252.97026951931093,1.3161699464097458
253.0702973048069,1.316876245469719
253.17032509030287,1.3175786813467285
253.27035287579884,1.318277245477058
253.3703806612948,1.3189719293441935
253.47040844679077,1.3196627244789265
253.57043623228674,1.3203496224594586
253.67046401778273,1.321032614911503
253.7704918032787,1.3217116935083864
253.87051958877467,1.3223868499711515
253.97054737427064,1.3230580760686586
254.0705751597666,1.323725363617683
254.17060294526257,1.3243887044830178
254.27063073075854,1.325048090577572
254.3706585162545,1.3257035138624684
254.4706863017505,1.326354966347143
254.57071408724647,1.3270024400894407
254.67074187274244,1.3276459271957135
254.7707696582384,1.3282854198209164
254.87079744373438,1.3289209101687032
254.97082522923034,1.3295523904915205
255.0708530147263,1.3301798530907039
255.17088080022228,1.3308032903165699
255.27090858571827,1.331422694568511
255.37093637121424,1.3320380582950877
255.4709641567102,1.3326493739941188
255.57099194220618,1.333256634212776
255.67101972770215,1.333859831547673
255.7710475131981,1.3344589586449556
255.87107529869408,1.3350540082003919
255.97110308419005,1.3356449729594608
256.07113086968604,1.3362318457174416
256.171158655182,1.3368146193195
256.271186440678,1.3373932866607783
256.37121422617395,1.337967840686477
256.4712420116699,1.3385382743919467
256.5712697971659,1.3391045808227697
256.67129758266185,1.3396667530748454
256.7713253681578,1.3402247842944757
256.8713531536538,1.340778667678447
256.97138093914975,1.3413283964741138
257.0714087246457,1.341873963979482
257.1714365101417,1.3424153635432887
257.27146429563766,1.342952588565085
257.3714920811337,1.3434856324953153
257.47151986662965,1.3440144888353973
257.5715476521256,1.3445391511378024
257.6715754376216,1.3450596130061327
257.77160322311755,1.3455758680952
257.8716310086135,1.346087910111103
257.9716587941095,1.3465957328113036
258.07168657960545,1.3470993300047038
258.1717143651014,1.3475986955517198
258.2717421505974,1.3480938233643585
258.37176993609336,1.3485847074062904
258.4717977215893,1.3490713416929245
258.5718255070853,1.34955372029148
258.67185329258126,1.350031837321059
258.77188107807723,1.3505056869527186
258.8719088635732,1.3509752634095415
258.97193664906916,1.351440560966707
259.0719644345652,1.3519015739515605
259.17199222006116,1.3523582967436814
259.2720200055571,1.352810723774954
259.3720477910531,1.353258849529634
259.47207557654906,1.3537026685444156
259.572103362045,1.3541421754084988
259.672131147541,1.3545773647636543
259.77215893303696,1.3550082313042906
259.87218671853293,1.3554347697775164
259.9722145040289,1.3558569749832072
260.07224228952487,1.356274841774066
260.17227007502083,1.356688365055688
260.2722978605168,1.3570975397866225
260.37232564601277,1.3575023609784334
260.47235343150874,1.3579028236957604
260.5723812170047,1.3582989230563802
260.67240900250073,1.3586906542312647
260.7724367879967,1.3590780124446398
260.87246457349266,1.3594609929740449
260.97249235898863,1.3598395911503898
261.0725201444846,1.360213802358011
261.17254792998057,1.360583622034729
261.27257571547653,1.3609490456719031
261.3726035009725,1.3613100688144872
261.47263128646847,1.3616666870610832
261.57265907196444,1.3620188960639954
261.6726868574604,1.362366691529283
261.7727146429564,1.3627100692168126
261.87274242845234,1.36304902494031
261.9727702139483,1.3633835545674113
262.0727979994443,1.3637136540197135
262.17282578494024,1.3640393192728228
262.2728535704362,1.364360546356406
262.37288135593224,1.3646773313542369
262.4729091414282,1.3649896704042448
262.57293692692417,1.3652975596985621
262.67296471242014,1.3656009954835695
262.7729924979161,1.365899974059943
262.8730202834121,1.3661944917826983
262.97304806890804,1.3664845450612353
263.073075854404,1.3667701303593822
263.1731036399,1.367051244195438
263.27313142539595,1.3673278831422162
263.3731592108919,1.3676000438270846
263.4731869963879,1.367867722932008
263.57321478188385,1.3681309171935885
263.6732425673798,1.3683896234031048
263.7732703528758,1.368643838406551
263.87329813837175,1.368893559104676
263.9733259238677,1.369138782453021
264.07335370936374,1.3693795054619562
264.1733814948597,1.3696157251967176
264.2734092803557,1.3698474387774422
264.37343706585165,1.3700746433792041
264.4734648513476,1.3702973362320487
264.5734926368436,1.370515514621025
264.67352042233955,1.3707291758862215
264.7735482078355,1.3709383174227956
264.8735759933315,1.3711429366810075
264.97360377882745,1.3713430311662504
265.0736315643234,1.371538598439081
265.1736593498194,1.3717296361152498
265.27368713531536,1.371916141865729
265.3737149208113,1.3720981134167418
265.4737427063073,1.37227554854979
265.57377049180326,1.372448445101681
265.6737982772993,1.3726168009645539
265.77382606279525,1.3727806140859053
265.8738538482912,1.372939882468615
265.9738816337872,1.3730946041709693
266.07390941928315,1.3732447773066854
266.1739372047791,1.373390400044934
266.2739649902751,1.3735314706103616
266.37399277577106,1.373667987283113
266.474020561267,1.3737999483988508
266.574048346763,1.3739273523487767
266.67407613225896,1.3740501975796513
266.7741039177549,1.374168482593812
266.8741317032509,1.3742822059491924
266.97415948874686,1.3743913662593392
267.07418727424283,1.374495962193429
267.1742150597388,1.3745959924762854
267.27424284523477,1.3746914558883931
267.3742706307308,1.3747823512659143
267.47429841622676,1.374868677500702
267.5743262017227,1.3749504335403133
267.6743539872187,1.3750276183880237
267.77438177271466,1.3751002311028366
267.87440955821063,1.375168270799498
267.9744373437066,1.3752317366485047
268.07446512920257,1.3752906278761157
268.17449291469853,1.3753449437643606
268.2745207001945,1.37539468365105
268.37454848569047,1.3754398469297822
268.47457627118644,1.375480433049951
268.5746040566824,1.3755164415167527
268.67463184217837,1.375547871891191
268.77465962767434,1.3755747237900848
268.8746874131703,1.3755969968860697
268.9747151986663,1.3756146909076046
269.0747429841623,1.375627805638973
269.17477076965827,1.375636340920288
269.27479855515423,1.3756402966474914
269.3748263406502,1.3756396727723577
269.47485412614617,1.3756344693024924
269.57488191164214,1.3756246863013337
269.6749096971381,1.3756103238881503
269.7749374826341,1.3755913822380412
269.87496526813004,1.3755678615819327
269.974993053626,1.3755397622065755
270.075020839122,1.3755070844545425
270.17504862461794,1.3754698287242226
270.2750764101139,1.3754279954698179
270.3751041956099,1.375381585201336
270.47513198110585,1.3753305984845863
270.5751597666018,1.3752750359411707
270.67518755209784,1.375214898248478
270.7752153375938,1.375150186139674
270.8752431230898,1.3750809004036935
270.97527090858574,1.3750070418852305
271.0752986940817,1.374928611484728
271.1753264795777,1.374845610158367
271.27535426507364,1.3747580389180543
271.3753820505696,1.3746658988314109
271.4754098360656,1.374569191021759
271.57543762156155,1.374467916668107
271.6754654070575,1.3743620770051375
271.7754931925535,1.3742516733231895
271.87552097804945,1.374136706968245
271.9755487635454,1.3740171793419116
272.0755765490414,1.3738930919014045
272.17560433453735,1.373764446159531
272.2756321200333,1.3736312436846696
272.37565990552935,1.3734934861007526
272.4756876910253,1.3733511750872456
272.5757154765213,1.3732043123791273
272.67574326201725,1.3730528997668678
272.7757710475132,1.3728969390964076
272.8757988330092,1.3727364322691342
272.97582661850515,1.3725713812418596
273.0758544040011,1.3724017880267962
273.1758821894971,1.3722276546915328
273.27590997499306,1.3720489833590077
273.375937760489,1.371865776207485
273.475965545985,1.371678035470527
273.57599333148096,1.371485763436966
273.6760211169769,1.3712889624508788
273.7760489024729,1.3710876349115557
273.87607668796886,1.3708817832734728
273.9761044734649,1.3706714100462611
274.07613225896085,1.3704565177946773
274.1761600444568,1.3702371091385703
274.2761878299528,1.3700131867528516
274.37621561544876,1.3697847533674608
274.4762434009447,1.369551811767334
274.5762711864407,1.3693143647923685
274.67629897193666,1.3690724153373885
274.7763267574326,1.3688259663521105
274.8763545429286,1.3685750208411065
274.97638232842456,1.368319581863768
275.07641011392053,1.3680596525342676
275.1764378994165,1.3677952360215229
275.27646568491247,1.3675263355491565
275.37649347040843,1.3672529543954564
275.4765212559044,1.3669750958933369
275.57654904140037,1.3666927634302986
275.6765768268964,1.3664059604483845
275.77660461239236,1.3661146904441412
275.87663239788833,1.3658189569685744
275.9766601833843,1.3655187636271058
276.07668796888026,1.3652141140795289
276.17671575437623,1.3649050120399664
276.2767435398722,1.3645914612768217
276.37677132536817,1.3642734656127355
276.47679911086414,1.363951028924538
276.5768268963601,1.3636241551432022
276.67685468185607,1.3632928482537956
276.77688246735204,1.3629571122954316
276.876910252848,1.3626169513612205
276.976938038344,1.3622723695982195
277.07696582383994,1.3619233712073826
277.1769936093359,1.3615699604435079
277.2770213948319,1.3612121416151877
277.3770491803279,1.3608499190847545
277.47707696582387,1.360483297268229
277.57710475131984,1.3601122806352643
277.6771325368158,1.3597368737090945
277.7771603223118,1.3593570810664761
277.87718810780774,1.3589729073376349
277.9772158933037,1.358584357206208
278.0772436787997,1.3581914354091875
278.17727146429564,1.3577941467368626
278.2772992497916,1.3573924960327606
278.3773270352876,1.356986488193589
278.47735482078355,1.356576128169174
278.5773826062795,1.3561614209624027
278.6774103917755,1.3557423716291597
278.77743817727145,1.3553189852782663
278.8774659627674,1.3548912670714195
278.97749374826344,1.3544592222231266
279.0775215337594,1.3540228560006442
279.1775493192554,1.3535821737239115
279.27757710475134,1.3531371807654877
279.3776048902473,1.352687882550485
279.4776326757433,1.3522342845565032
279.57766046123925,1.3517763923135622
279.6776882467352,1.3513142114040353
279.7777160322312,1.3508477474625815
279.87774381772715,1.3503770061760751
279.9777716032231,1.3499019932835383
280.0777993887191,1.3494227145760702
280.17782717421505,1.348939175896776
280.277854959711,1.3484513831406968
280.377882745207,1.3479593422547365
280.47791053070296,1.3474630592375902
280.5779383161989,1.3469625401396708
280.67796610169495,1.346457791063035
280.7779938871909,1.3459488181613095
280.8780216726869,1.345435627639615
280.97804945818285,1.3449182257544916
281.0780772436788,1.3443966188138219
281.1781050291748,1.343870813176754
281.27813281467076,1.3433408152536246
281.3781606001667,1.3428066315058804
281.4781883856627,1.342268268445999
281.57821617115866,1.3417257326374106
281.6782439566546,1.341179030694417
281.7782717421506,1.3406281692821107
281.87829952764656,1.3400731551162948
281.97832731314253,1.3395139949634007
282.0783550986385,1.3389506956404047
282.17838288413446,1.3383832640147462
282.27841066963043,1.337811707004243
282.37843845512646,1.3372360315770073
282.4784662406224,1.336656244751362
282.5784940261184,1.336072353595752
282.67852181161436,1.3354843652286612
282.7785495971103,1.3348922868185245
282.8785773826063,1.3342961255836396
282.97860516810226,1.3336958887920807
283.07863295359823,1.3330915837616084
283.1786607390942,1.332483217859581
283.27868852459017,1.3318707985028648
283.37871631008613,1.3312543331577444
283.4787440955821,1.3306338293398297
283.57877188107807,1.3300092946139663
283.67879966657404,1.329380736594142
283.77882745207,1.3287481629433944
283.878855237566,1.3281115813737179
283.978883023062,1.3274709996459688
284.07891080855796,1.3268264255697717
284.17893859405393,1.3261778670034232
284.2789663795499,1.3255253318537967
284.37899416504587,1.3248688280762466
284.47902195054183,1.3242083636745097
284.5790497360378,1.323543946700609
284.67907752153377,1.3228755852547553
284.77910530702974,1.3222032874852483
284.8791330925257,1.3215270615883765
284.9791608780217,1.320846915808319
285.07918866351764,1.320162858437043
285.1792164490136,1.3194748978142044
285.2792442345096,1.3187830423270457
285.37927202000554,1.3180873004102924
285.4792998055015,1.3173876805460518
285.5793275909975,1.3166841912637095
285.6793553764935,1.3159768411398238
285.7793831619895,1.3152656387980235
285.87941094748544,1.3145505929089012
285.9794387329814,1.3138317121899072
286.0794665184774,1.313109005405245
286.17949430397334,1.3123824813657625
286.2795220894693,1.3116521489288462
286.3795498749653,1.3109180169983121
286.47957766046125,1.3101800945242976
286.5796054459572,1.309438390503153
286.6796332314532,1.3086929139773298
286.77966101694915,1.3079436740352732
286.8796888024451,1.3071906798113093
286.9797165879411,1.3064339404855339
287.07974437343705,1.3056734652837023
287.179772158933,1.3049092634771147
287.279799944429,1.3041413443825038
287.379827729925,1.3033697173619219
287.479855515421,1.3025943918226268
287.57988330091695,1.3018153772169658
287.6799110864129,1.3010326830422614
287.7799388719089,1.3002463188406956
287.87996665740485,1.2994562941991936
287.9799944429008,1.2986626187493064
288.0800222283968,1.2978653021670934
288.18005001389275,1.2970643541730054
288.2800777993887,1.296259784531765
288.3801055848847,1.2954516030522476
288.48013337038066,1.294639819587363
288.5801611558766,1.293824444033934
288.6801889413726,1.2930054863325755
288.78021672686856,1.2921829564675753
288.8802445123645,1.2913568644667706
288.98027229786055,1.2905272204014255
289.0803000833565,1.2896940343861103
289.1803278688525,1.2888573165785757
289.28035565434845,1.2880170771796307
289.3803834398444,1.2871733264330167
289.4804112253404,1.286326074625285
289.58043901083636,1.2854753320856687
289.6804667963323,1.2846211091859585
289.7804945818283,1.283763416340376
289.88052236732426,1.2829022640054457
289.98055015282023,1.2820376626798695
290.0805779383162,1.2811696229043963
290.18060572381216,1.2802981552616957
290.28063350930813,1.2794232703762272
290.3806612948041,1.278544978914112
290.48068908030007,1.2776632915830022
290.58071686579603,1.27677821913195
290.68074465129206,1.2758897723512783
290.780772436788,1.2749979620724479
290.880800222284,1.2741027991679243
290.98082800777996,1.2732042945510476
291.08085579327593,1.2723024591758971
291.1808835787719,1.2713973040371602
291.28091136426787,1.2704888401699959
291.38093914976383,1.269577078649902
291.4809669352598,1.2686620305925798
291.58099472075577,1.2677437071537974
291.68102250625174,1.2668221195292553
291.7810502917477,1.265897278954449
291.88107807724367,1.264969196704532
291.98110586273964,1.2640378840941786
292.0811336482356,1.2631033524774462
292.1811614337316,1.2621656132476364
292.28118921922754,1.2612246778371559
292.38121700472357,1.2602805577173772
292.48124479021953,1.2593332643985014
292.5812725757155,1.258382809429413
292.68130036121147,1.2574292043975421
292.78132814670744,1.2564724609287232
292.8813559322034,1.2555125906870528
292.9813837176994,1.254549605374747
293.08141150319534,1.2535835167319993
293.1814392886913,1.2526143365368376
293.2814670741873,1.2516420766049798
293.38149485968324,1.250666748789691
293.4815226451792,1.2496883649816373
293.5815504306752,1.248706937108743
293.68157821617115,1.2477224771360425
293.7816060016671,1.2467349970655373
293.8816337871631,1.2457445089360477
293.9816615726591,1.2447510248230653
294.0816893581551,1.243754556838611
294.18171714365104,1.2427551171310793
294.281744929147,1.2417527178850964
294.381772714643,1.2407473713213688
294.48180050013895,1.2397390896965357
294.5818282856349,1.2387278853030184
294.6818560711309,1.2377137704688712
294.78188385662685,1.2366967575576313
294.8819116421228,1.235676858968167
294.9819394276188,1.2346540871345282
295.08196721311475,1.2336284545257925
295.1819949986107,1.232599973645916
295.2820227841067,1.2315686570335778
295.38205056960265,1.23053451726203
295.4820783550986,1.2294975669389423
295.5821061405946,1.22845781870625
295.6821339260906,1.2274152852399975
295.7821617115866,1.2263699792501872
295.88218949708255,1.2253219134806215
295.9822172825785,1.2242711007087483
296.0822450680745,1.2232175537455063
296.18227285357045,1.2221612854351669
296.2823006390664,1.2211023086551793
296.3823284245624,1.2200406363160132
296.48235621005836,1.2189762813610006
296.5823839955543,1.2179092567661784
296.6824117810503,1.216839575540131
296.78243956654626,1.21576725072383
296.8824673520422,1.2146922953904769
296.9824951375382,1.2136147226453433
297.08252292303416,1.21253454562561
297.18255070853013,1.2114517775002083
297.2825784940261,1.2103664314696587
297.3826062795221,1.2092785207659098
297.4826340650181,1.2081880586521783
297.58266185051406,1.2070950584227849
297.68268963601,1.2059995334029951
297.782717421506,1.2049014969488543
297.88274520700196,1.203800962447026
297.9827729924979,1.2026979433146288
298.0828007779939,1.2015924529990722
298.18282856348986,1.2004845049778938
298.28285634898583,1.1993741127585933
298.3828841344818,1.1982612898784692
298.48291191997777,1.1971460499044535
298.58293970547373,1.1960284064329456
298.6829674909697,1.1949083730896473
298.78299527646567,1.1937859635293961
298.88302306196164,1.192661191436
298.98305084745766,1.191534070522068
299.08307863295363,1.190404614528847
299.1831064184496,1.18927283722605
299.28313420394556,1.1881387524116906
299.38316198944153,1.1870023739119147
299.4831897749375,1.1858637155808307
299.58321756043347,1.1847227913003433
299.68324534592944,1.1835796149799807
299.7832731314254,1.182434200556727
299.88330091692137,1.1812865619948527
299.98332870241734,1.1801367132857432
300.0833564879133,1.1789846684477292
300.1833842734093,1.177830441525915
300.28341205890524,1.176674046592008
300.3834398444012,1.1755154977441469
300.4834676298972,1.1743548091067293
300.58349541539314,1.1731919948302405
300.68352320088917,1.1720270690910792
300.78355098638514,1.1708600460913887
300.8835787718811,1.169690940058878
300.9836065573771,1.1685197652466526
301.08363434287304,1.167346535933039
301.183662128369,1.1661712664214121
301.283689913865,1.1649939710400177
301.38371769936094,1.1638146641418028
301.4837454848569,1.1626333601042353
301.5837732703529,1.1614500733291324
301.68380105584885,1.1602648182424828
301.7838288413448,1.159077609294273
301.8838566268408,1.1578884609583087
301.98388441233675,1.1566973877320401
302.0839121978327,1.155504404136385
302.1839399833287,1.1543095247155508
302.28396776882465,1.1531127640368581
302.3839955543207,1.1519141366905619
302.48402333981664,1.1507136572896768
302.5840511253126,1.1495113404697943
302.6840789108086,1.1483072008889077
302.78410669630455,1.1471012532272324
302.8841344818005,1.1458935121870268
302.9841622672965,1.1446839924924135
303.08419005279245,1.1434727088891983
303.1842178382884,1.142259676144694
303.2842456237844,1.1410449090475356
303.38427340928035,1.1398284224075037
303.4843011947763,1.138610231055342
303.5843289802723,1.137390349842578
303.68435676576826,1.1361687936413394
303.7843845512642,1.1349455773441763
303.8844123367602,1.1337207158638767
303.9844401222562,1.1324942241332854
304.0844679077522,1.1312661171051244
304.18449569324815,1.1300364097518063
304.2845234787441,1.1288051170652549
304.3845512642401,1.1275722540567215
304.48457904973606,1.1263378357566018
304.584606835232,1.1251018772142527
304.684634620728,1.1238643934978092
304.78466240622396,1.1226253996939999
304.8846901917199,1.1213849109079634
304.9847179772159,1.1201429422630664
305.08474576271186,1.1188995089007143
305.18477354820783,1.1176546259801714
305.2848013337038,1.1164083086783736
305.38482911919976,1.1151605721897437
305.48485690469573,1.1139114317260073
305.5848846901917,1.1126609025160055
305.6849124756877,1.1114089998055108
305.7849402611837,1.1101557388570413
305.88496804667966,1.1089011349496731
305.9849958321756,1.1076452033788549
306.0850236176716,1.106387959456222
306.18505140316756,1.105129418509409
306.28507918866353,1.103869595881863
306.3851069741595,1.102608506932657
306.48513475965547,1.1013461670363016
306.58516254515143,1.1000825915825592
306.6851903306474,1.0988177959762542
306.78521811614337,1.0975517956370884
306.88524590163934,1.096284605999449
306.9852736871353,1.095016242512224
307.0853014726313,1.0937467206386113
307.18532925812724,1.0924760558559317
307.2853570436232,1.0912042636554393
307.38538482911923,1.0899313595421332
307.4854126146152,1.0886573590345696
307.58544040011117,1.0873822776646695
307.68546818560714,1.0861061309775324
307.7854959711031,1.0848289345312447
307.88552375659907,1.0835507038966914
307.98555154209504,1.0822714546573657
308.085579327591,1.0809912024091792
308.185607113087,1.0797099627602715
308.28563489858294,1.0784277513308198
308.3856626840789,1.0771445837528493
308.4856904695749,1.0758604756700407
308.58571825507084,1.0745754427375434
308.6857460405668,1.0732895006217797
308.7857738260628,1.072002665000257
308.88580161155875,1.0707149515613759
308.9858293970548,1.0694263760042382
309.08585718255074,1.0681369540384578
309.1858849680467,1.066846701383966
309.2859127535427,1.0655556337708219
309.38594053903864,1.0642637669390203
309.4859683245346,1.0629711166382991
309.5859961100306,1.0616776986279486
309.68602389552655,1.060383528676618
309.7860516810225,1.059088622562124
309.8860794665185,1.0577929960712582
309.98610725201445,1.0564966649995948
310.0861350375104,1.0551996451512975
310.1861628230064,1.053901952338927
310.28619060850235,1.0526036023832495
310.3862183939983,1.0513046111130409
310.4862461794943,1.0500049943648981
310.58627396499026,1.0487047679830415
310.6863017504863,1.047403947819124
310.78632953598225,1.0461025497320393
310.8863573214782,1.0448005895877248
310.9863851069742,1.0434980832589709
311.08641289247015,1.0421950466252272
311.1864406779661,1.0408914955724078
311.2864684634621,1.0395874459926988
311.38649624895805,1.0382829137843639
311.486524034454,1.0369779148515508
311.58655181995,1.0356724651040972
311.68657960544596,1.034366580457337
311.7866073909419,1.033060276831906
311.8866351764379,1.0317535701535478
311.98666296193386,1.0304464763529204
312.0866907474298,1.0291390113654009
312.1867185329258,1.027831191130891
312.2867463184218,1.0265230315936253
312.3867741039178,1.0252145487019741
312.48680188941375,1.0239057584082492
312.5868296749097,1.0225966766685104
312.6868574604057,1.0212873194423708
312.78688524590166,1.0199777026928023
312.8869130313976,1.0186678423859403
312.9869408168936,1.01735775449089
313.08696860238956,1.0160474549795306
313.18699638788553,1.014736959826322
313.2870241733815,1.0134262850081088
313.38705195887746,1.0121154465039257
313.48707974437343,1.0108044602948036
313.5871075298694,1.009493342363574
313.68713531536537,1.0081821086946736
313.78716310086133,1.006870775273951
313.8871908863573,1.0055593580884705
313.9872186718533,1.0042478731263165
314.0872464573493,1.0029363363764032
314.18727424284526,1.001624763828273
314.28730202834123,1.000313171471905
314.3873298138372,0.9990015752975205
314.48735759933317,0.9976899912953875
314.58738538482913,0.9963784354556251
314.6874131703251,0.9950669237680094
314.78744095582107,0.993755472221778
314.88746874131704,0.9924440968054353
314.987496526813,0.9911328135065578
315.087524312309,0.9898216383115986
315.18755209780494,0.9885105872056934
315.2875798833009,0.9871996761724644
315.3876076687969,0.9858889211938267
315.48763545429284,0.9845783382497924
315.5876632397888,0.9832679433182765
315.68769102528483,0.9819577523749005
315.7877188107808,0.9806477813928031
315.88774659627677,0.9793380463424369
315.98777438177274,0.9780285631913801
316.0878021672687,0.9767193479041394
316.1878299527647,0.9754104164419561
316.28785773826064,0.9741017847626112
316.3878855237566,0.9727934688202309
316.4879133092526,0.9714854845650921
316.58794109474854,0.9701778479434279
316.6879688802445,0.9688705748972333
316.7879966657405,0.9675636813640708
316.88802445123645,0.966257183276876
316.9880522367324,0.9649510965637638
317.0880800222284,0.9636454371478331
317.18810780772435,0.9623402209469741
317.2881355932204,0.9610354638736728
317.38816337871634,0.9597311818348189
317.4881911642123,0.9584273907315106
317.5882189497083,0.9571241064588599
317.68824673520425,0.9558213449058004
317.7882745207002,0.9545191219548929
317.8883023061962,0.9532174534821317
317.98833009169215,0.9519163553567516
318.0883578771881,0.9506158434410336
318.1883856626841,0.9493159335901122
318.28841344818005,0.9480166416517819
318.388441233676,0.9467179834663038
318.488469019172,0.9454199748662125
318.58849680466795,0.9441226316761238
318.6885245901639,0.9428259697125403
318.7885523756599,0.9415300047836602
318.88858016115586,0.9402347526891837
318.9886079466519,0.9389402292201193
319.08863573214785,0.9376464501585952
319.1886635176438,0.9363534312776611
319.2886913031398,0.9350611883411019
319.38871908863575,0.9337697371032403
319.4887468741317,0.9324790933087481
319.5887746596277,0.9311892726924528
319.68880244512366,0.9299002909791464
319.7888302306196,0.9286121638833934
319.8888580161156,0.9273249071093393
319.98888580161156,0.926038536350519
320.0889135871075,0.9247530672896658
320.1889413726035,0.9234685155985196
320.28896915809946,0.9221848969376366
320.38899694359543,0.920902226956198
320.4890247290914,0.9196205212918187
320.58905251458737,0.918339795570358
320.6890803000834,0.9170600654057269
320.78910808557936,0.9157813463997015
320.8891358710753,0.9145036541417282
320.9891636565713,0.9132270042087359
321.08919144206726,0.9119514121649481
321.1892192275632,0.910676893561689
321.2892470130592,0.9094034639371968
321.38927479855516,0.9081311388164335
321.48930258405113,0.9068599337108951
321.5893303695471,0.9055898641184236
321.68935815504307,0.9043209455230171
321.78938594053903,0.9030531933946416
321.889413726035,0.9017866231890419
321.98944151153097,0.9005212503475536
322.08946929702694,0.8992570902969147
322.1894970825229,0.8979941584490774
322.28952486801893,0.8967324702010198
322.3895526535149,0.8954720409345606
322.48958043901087,0.8942128860161676
322.58960822450683,0.8929550207967734
322.6896360100028,0.891698460611587
322.78966379549877,0.8904432207799066
322.88969158099474,0.8891893166049354
322.9897193664907,0.8879367633735908
323.08974715198667,0.8866855763563212
323.18977493748264,0.8854357708069185
323.2898027229786,0.8841873619623328
323.3898305084746,0.8829403650424864
323.48985829397054,0.8816947952500878
323.5898860794665,0.8804506677704469
323.6899138649625,0.87920799777129
323.78994165045845,0.877966800402574
323.8899694359544,0.876727090796303
323.98999722145044,0.8754888840663418
324.0900250069464,0.8742521953082354
324.1900527924424,0.8730170395990202
324.29008057793834,0.8717834319970433
324.3901083634343,0.8705513875417783
324.4901361489303,0.8693209212536414
324.59016393442624,0.8680920481338088
324.6901917199222,0.8668647831640333
324.7902195054182,0.8656391413064634
324.89024729091415,0.864415137503458
324.9902750764101,0.8631927866774063
325.0903028619061,0.861972103730545
325.19033064740205,0.8607531035447773
325.290358432898,0.859535800981491
325.390386218394,0.8583202108813771
325.49041400388995,0.8571063480642498
325.5904417893859,0.8558942273288646
325.69046957488194,0.8546838634527381
325.7904973603779,0.85347527119197
325.8905251458739,0.8522684652810599
325.99055293136985,0.8510634604327294
326.0905807168658,0.8498602713377429
326.1906085023618,0.8486589126647277
326.29063628785775,0.8474593990599958
326.3906640733537,0.8462617451473653
326.4906918588497,0.845065965527981
326.59071964434565,0.8438720747801394
326.6907474298416,0.8426800874591072
326.7907752153376,0.8414900180969456
326.89080300083356,0.8403018812023337
326.9908307863295,0.8391156912603909
327.0908585718255,0.8379314627325
327.19088635732146,0.8367492100561317
327.2909141428175,0.8355689476446675
327.39094192831345,0.8343906898872264
327.4909697138094,0.8332144511484862
327.5909974993054,0.8320402457685101
327.69102528480136,0.8308680880625718
327.7910530702973,0.8296979923209814
327.8910808557933,0.8285299728089099
327.99110864128926,0.8273640437662165
328.0911364267852,0.8262002194072744
328.1911642122812,0.8250385139207975
328.29119199777716,0.8238789414696674
328.39121978327313,0.8227215161907622
328.4912475687691,0.8215662521947813
328.59127535426506,0.8204131635660754
328.69130313976103,0.8192622643624745
328.791330925257,0.818113568615116
328.89135871075297,0.8169670903282742
328.991386496249,0.8158228434791888
329.09141428174496,0.8146808420178964
329.1914420672409,0.8135410998670578
329.2914698527369,0.8124036309217899
329.39149763823286,0.8112684490494956
329.49152542372883,0.8101355680896956
329.5915532092248,0.8090050018538586
329.69158099472077,0.8078767641252338
329.79160878021673,0.8067508686586824
329.8916365657127,0.80562732918051
329.99166435120867,0.8045061593882994
330.09169213670464,0.8033873729507425
330.1917199222006,0.8022709835074768
330.2917477076966,0.8011570046689152
330.39177549319254,0.8000454500160821
330.4918032786885,0.7989363331004475
330.5918310641845,0.7978296674437624
330.6918588496805,0.7967254665378923
330.79188663517647,0.7956237438446556
330.89191442067244,0.7945245127956562
330.9919422061684,0.7934277867921214
331.09196999166437,0.7923335792047387
331.19199777716034,0.7912419033734922
331.2920255626563,0.7901527726075005
331.3920533481523,0.7890662001848537
331.49208113364824,0.7879821993524525
331.5921089191442,0.7869007833258457
331.6921367046402,0.7858219652890698
331.79216449013614,0.784745758394488
331.8921922756321,0.7836721757626293
331.9922200611281,0.7826012304820307
332.09224784662405,0.7815329356090746
332.19227563212,0.7804673041678313
332.29230341761604,0.7794043491498996
332.392331203112,0.7783440835142507
332.492358988608,0.7772865201870662
332.59238677410394,0.7762316720615835
332.6924145595999,0.7751795519979376
332.7924423450959,0.7741301728230046
332.89247013059185,0.7730835473302449
332.9924979160878,0.7720396882795477
333.0925257015838,0.7709986083970755
333.19255348707975,0.7699603203751079
333.2925812725757,0.7689248368718885
333.3926090580717,0.7678921705114693
333.49263684356765,0.7668623338835574
333.5926646290636,0.7658353395433611
333.6926924145596,0.7648112000114369
333.79272020005556,0.7637899277735382
333.8927479855515,0.7627715352804606
333.99277577104755,0.7617560349478913
334.0928035565435,0.7607434391562599
334.1928313420395,0.7597337602505828
334.29285912753545,0.7587270105403169
334.3928869130314,0.7577232022992073
334.4929146985274,0.7567223477651386
334.59294248402335,0.7557244591399852
334.6929702695193,0.7547295485894631
334.7929980550153,0.7537376282429807
334.89302584051126,0.752748710193492
334.9930536260072,0.7517628064973483
335.0930814115032,0.7507799291741517
335.19310919699916,0.7498000902066082
335.2931369824951,0.7488233015403819
335.3931647679911,0.7478495750839496
335.49319255348706,0.7468789227084548
335.59322033898303,0.7459113562475634
335.69324812447906,0.7449468874973202
335.793275909975,0.7439855282160044
335.893303695471,0.7430272901239856
335.99333148096696,0.7420721849035818
336.0933592664629,0.7411202241989167
336.1933870519589,0.7401714196157776
336.29341483745486,0.7392257827214747
336.39344262295083,0.7382833250446987
336.4934704084468,0.7373440580753817
336.59349819394276,0.7364079932645559
336.69352597943873,0.7354751420242147
336.7935537649347,0.7345455157271735
336.89358155043067,0.7336191257069309
336.99360933592664,0.7326959832575304
337.0936371214226,0.7317760996334233
337.19366490691857,0.7308594860493305
337.2936926924146,0.7299461536801057
337.39372047791056,0.7290361136606028
337.49374826340653,0.7281293770855342
337.5937760489025,0.7272259550093392
337.69380383439847,0.7263258584460488
337.79383161989443,0.7254290983691514
337.8938594053904,0.724535685711458
337.99388719088637,0.7236456313649704
338.09391497638234,0.7227589461807475
338.1939427618783,0.7218756409687732
338.2939705473743,0.7209957264978244
338.39399833287024,0.7201192134953401
338.4940261183662,0.7192461126472907
338.5940539038622,0.7183764345980468
338.69408168935814,0.7175101899502508
338.7941094748541,0.7166473892646867
338.8941372603501,0.7157880430601513
338.9941650458461,0.7149321618133258
339.09419283134207,0.7140797559586507
339.19422061683804,0.7132308358881942
339.294248402334,0.7123854119515284
339.39427618783,0.7115434944556025
339.49430397332594,0.7107050936646169
339.5943317588219,0.7098702197998985
339.6943595443179,0.7090388830397756
339.79438732981384,0.7082110935194541
339.8944151153098,0.7073868613308942
339.9944429008058,0.7065661965226866
340.09447068630175,0.7057491090999306
340.1944984717977,0.7049356090241119
340.2945262572937,0.7041257062129814
340.39455404278965,0.7033194105404341
340.4945818282856,0.7025167318363883
340.5946096137816,0.7017176798866669
340.6946373992776,0.7009222644328763
340.7946651847736,0.7001304951722899
340.89469297026955,0.6993423817577287
340.9947207557655,0.6985579337974424
341.0947485412615,0.6977771608549945
341.19477632675745,0.6970000724491443
341.2948041122534,0.6962266780537313
341.3948318977494,0.6954569870975595
341.49485968324535,0.6946910089642828
341.5948874687413,0.6939287529922904
341.6949152542373,0.6931702284745926
341.79494303973325,0.6924154446587083
341.8949708252292,0.6916644107465515
341.9949986107252,0.6909171358943194
342.09502639622116,0.6901736292123808
342.1950541817171,0.6894338997651652
342.29508196721315,0.6886979565710516
342.3951097527091,0.68796580860226
342.4951375382051,0.6872374647847403
342.59516532370105,0.6865129339980642
342.695193109197,0.6857922250753179
342.795220894693,0.6850753468029925
342.89524868018896,0.6843623079208784
342.9952764656849,0.6836531171219579
343.0953042511809,0.6829477830522999
343.19533203667686,0.682246314310954
343.2953598221728,0.6815487194498457
343.3953876076688,0.6808550069736728
343.49541539316476,0.6801651853398005
343.59544317866073,0.6794792629581592
343.6954709641567,0.678797248191142
343.79549874965267,0.6781191493535021
343.89552653514863,0.677444974712252
343.99555432064466,0.6767747324865622
344.0955821061406,0.6761084308476624
344.1956098916366,0.6754460779187395
344.29563767713256,0.6747876817748405
344.39566546262853,0.6741332504427732
344.4956932481245,0.6734827919010091
344.59572103362046,0.6728363140795852
344.69574881911643,0.6721938248600074
344.7957766046124,0.6715553320751555
344.89580439010837,0.670920843509186
344.99583217560433,0.6702903668974391
345.0958599611003,0.6696639099263428
345.19588774659627,0.66904148023332
345.29591553209224,0.6684230854066953
345.3959433175882,0.6678087329856022
345.4959711030842,0.6671984304598915
345.5959988885802,0.6665921852700398
345.69602667407617,0.6659900048070595
345.79605445957213,0.6653918964124071
345.8960822450681,0.6647978673778953
345.99611003056407,0.6642079249456029
346.09613781606004,0.6636220763077877
346.196165601556,0.6630403286067974
346.29619338705197,0.6624626889349846
346.39622117254794,0.6618891643346178
346.4962489580439,0.6613197617977971
346.5962767435399,0.660754488266369
346.69630452903584,0.6601933506318409
346.7963323145318,0.6596363557352982
346.8963601000278,0.6590835103673197
346.99638788552375,0.6585348212678958
347.0964156710197,0.6579902951263457
347.1964434565157,0.657449938581236
347.2964712420117,0.6569137582203002
347.3964990275077,0.6563817605803579
347.49652681300364,0.6558539521472353
347.5965545984996,0.6553303393556857
347.6965823839956,0.6548109285893118
347.79661016949154,0.6542957261804874
347.8966379549875,0.65378473841028
347.9966657404835,0.6532779715083749
348.09669352597945,0.652775431652999
348.1967213114754,0.6522771249708448
348.2967490969714,0.6517830575369967
348.39677688246735,0.6512932353748564
348.4968046679633,0.6508076644560692
348.5968324534593,0.650326350700452
348.69686023895525,0.6498492999759204
348.7968880244512,0.6493765180984179
348.8969158099472,0.6489080108318438
348.9969435954432,0.648443783887984
349.0969713809392,0.6479838429264415
349.19699916643515,0.6475281935545665
349.2970269519311,0.6470768413273882
349.3970547374271,0.6466297917475476
349.49708252292305,0.6461870502652307
349.597110308419,0.6457486222781006
349.697138093915,0.645314513131233
349.79716587941095,0.6448847281170509
349.8971936649069,0.6444592724752594
349.9972214504029,0.6440381513927829
350.09724923589886,0.6436213700037001
350.1972770213948,0.6432089333891837
350.2973048068908,0.6428008465774366
350.39733259238676,0.6423971145436314
350.4973603778827,0.6419977422098495
350.59738816337875,0.6416027344450214
350.6974159488747,0.6412120960648673
350.7974437343707,0.6408258318318376
350.89747151986666,0.6404439464550564
350.9974993053626,0.6400664445902624
351.0975270908586,0.639693330839753
351.19755487635456,0.6393246097523285
351.2975826618505,0.6389602858232359
351.3976104473465,0.6386003634941146
351.49763823284246,0.638244847152942
351.59766601833843,0.6378937411339801
351.6976938038344,0.6375470497177225
351.79772158933037,0.6372047771308427
351.89774937482633,0.6368669275461422
351.9977771603223,0.6365335050824992
352.09780494581827,0.6362045138048193
352.19783273131424,0.6358799577239854
352.29786051681026,0.6355598407968086
352.3978883023062,0.635244166925981
352.4979160878022,0.6349329399600264
352.59794387329816,0.6346261636932551
352.69797165879413,0.6343238418657164
352.7979994442901,0.6340259781631539
352.89802722978607,0.6337325762169597
352.99805501528203,0.6334436396041311
353.098082800778,0.6331591718472263
353.19811058627397,0.6328791764143213
353.29813837176994,0.6326036567189683
353.3981661572659,0.6323326161201541
353.4981939427619,0.6320660579222578
353.59822172825784,0.6318039853750125
353.6982495137538,0.631546401673464
353.7982772992498,0.631293309957933
353.89830508474574,0.631044713313976
353.99833287024177,0.6308006147723481
354.09836065573774,0.6305610173089662
354.1983884412337,0.6303259238448724
354.29841622672967,0.6300953372461983
354.39844401222564,0.6298692603241305
354.4984717977216,0.6296476958348758
354.5984995832176,0.6294306464796282
354.69852736871354,0.6292181149045353
354.7985551542095,0.6290101037006668
354.8985829397055,0.6288066154039821
354.99861072520144,0.6286076524952998
355.0986385106974,0.6284132174002677
355.1986662961934,0.6282233124893328
355.29869408168935,0.6280379400777125
355.3987218671853,0.6278571024253667
355.4987496526813,0.6276808017369695
355.5987774381773,0.627509040161883
355.6988052236733,0.6273418197941314
355.79883300916924,0.6271791426723741
355.8988607946652,0.6270210107798825
355.9988885801612,0.6268674260445144
356.09891636565715,0.6267183903386917
356.1989441511531,0.6265739054793764
356.2989719366491,0.6264339732280497
356.39899972214505,0.6262985952906893
356.499027507641,0.6261677733177495
356.599055293137,0.6260415089041409
356.69908307863295,0.6259198035892104
356.7991108641289,0.6258026588567231
356.8991386496249,0.6256900761348438
356.99916643512086,0.6255820567961201
357.0991942206168,0.6254786021574648
357.1992220061128,0.6253797134801409
357.2992497916088,0.6252853919697451
357.3992775771048,0.6251956387761942
357.49930536260075,0.6251104549937103
357.5993331480967,0.625029841660808
357.6993609335927,0.6249537997602808
357.79938871908865,0.6248823302191906
357.8994165045846,0.624815433908855
357.9994442900806,0.6247531116448375
358.09947207557656,0.6246953641869373
358.1994998610725,0.62464219223918
358.2995276465685,0.6245935964498092
358.39955543206446,0.6245495774112781
358.4995832175604,0.6245101356602432
358.5996110030564,0.6244752716775566
358.69963878855236,0.6244449858882613
358.79966657404833,0.6244192786615849
358.8996943595443,0.6243981503109362
358.9997221450403,0.6243816010939003
359.0997499305363,0.6243696312122365
359.19977771603226,0.624362240811875
359.2998055015282,0.6243594299829156
359.3998332870242,0.6243611987596263
359.49986107252016,0.6243675471204431
359.59988885801613,0.6243784749879704
359.6999166435121,0.6243939822289815
359.79994442900806,0.6244140686544205
359.89997221450403,0.6244387340194046
360.0,0.6244679780232273
