Phi_fit,Counts_fit
0.0,0.6347591035121203
0.020001111172842936,0.6347518618924175
0.04000222234568587,0.6347447983100014
0.06000333351852881,0.6347379127683154
0.08000444469137175,0.6347312052707155
0.10000555586421468,0.6347246758204712
0.12000666703705762,0.6347183244207655
0.14000777820990057,0.6347121510746941
0.1600088893827435,0.6347061557852662
0.1800100005555864,0.6347003385554043
0.20001111172842936,0.6346946993879438
0.22001222290127231,0.6346892382856334
0.24001333407411524,0.6346839552511352
0.26001444524695816,0.6346788502870244
0.28001555641980114,0.6346739233957893
0.30001666759264406,0.6346691745798315
0.320017778765487,0.6346646038414658
0.3400188899383299,0.63466021118292
0.3600200011111728,0.6346559966063356
0.3800211122840158,0.6346519601137667
0.4000222234568587,0.6346481017071809
0.42002333462970165,0.634644421388459
0.44002444580254463,0.6346409191593949
0.46002555697538755,0.6346375950216958
0.4800266681482305,0.6346344489769818
0.5000277793210735,0.6346314810267868
0.5200288904939163,0.6346286911725572
0.5400300016667593,0.6346260794156529
0.5600311128396023,0.6346236457573471
0.5800322240124451,0.6346213901988261
0.6000333351852881,0.6346193127411892
0.620034446358131,0.6346174133854492
0.640035557530974,0.6346156921325319
0.6600366687038169,0.6346141489832762
0.6800377798766598,0.6346127839384343
0.7000388910495028,0.6346115969986716
0.7200400022223457,0.634610588164567
0.7400411133951886,0.6346097574366116
0.7600422245680316,0.6346091048152108
0.7800433357408745,0.6346086303006826
0.8000444469137175,0.6346083338932584
0.8200455580865604,0.6346082155930824
0.8400466692594033,0.6346082754002126
0.8600477804322463,0.6346085133146195
0.8800488916050893,0.6346089293361875
0.9000500027779321,0.6346095234647136
0.9200511139507751,0.6346102956999082
0.940052225123618,0.6346112460413948
0.960053336296461,0.6346123744887104
0.9800544474693039,0.6346136810413049
1.000055558642147,0.6346151656985413
1.0200566698149898,0.6346168284596958
1.0400577809878326,0.6346186693239582
1.0600588921606757,0.6346206882904311
1.0800600033335186,0.6346228853581302
1.1000611145063615,0.6346252605259848
1.1200622256792045,0.634627813792837
1.1400633368520474,0.6346305451574421
1.1600644480248903,0.6346334546184691
1.1800655591977331,0.6346365421744994
1.2000666703705762,0.6346398078240283
1.220067781543419,0.6346432515654638
1.240068892716262,0.6346468733971273
1.260070003889105,0.6346506733172534
1.280071115061948,0.6346546513239899
1.3000722262347908,0.6346588074153978
1.3200733374076339,0.634663141589451
1.3400744485804768,0.6346676538440371
1.3600755597533196,0.6346723441769566
1.3800766709261627,0.634677212585923
1.4000777820990056,0.6346822590685636
1.4200788932718484,0.6346874836224182
1.4400800044446913,0.6346928862449404
1.4600811156175344,0.6346984669334965
1.4800822267903773,0.6347042256853663
1.5000833379632201,0.6347101624977429
1.5200844491360632,0.6347162773677324
1.540085560308906,0.6347225702923539
1.560086671481749,0.6347290412685402
1.580087782654592,0.6347356902931371
1.600088893827435,0.6347425173629035
1.6200900050002778,0.6347495224745117
1.6400911161731209,0.6347567056245469
1.6600922273459637,0.6347640668095079
1.6800933385188066,0.6347716060258065
1.7000944496916497,0.6347793232697678
1.7200955608644926,0.6347872185376301
1.7400966720373354,0.6347952918255448
1.7600977832101785,0.6348035431295769
1.7800988943830214,0.634811972445704
1.8001000055558642,0.6348205797698175
1.8201011167287071,0.6348293650977219
1.8401022279015502,0.6348383284251348
1.860103339074393,0.6348474697476869
1.880104450247236,0.6348567890609227
1.900105561420079,0.6348662863602994
1.920106672592922,0.6348759616411875
1.9401077837657648,0.6348858148988711
1.9601088949386078,0.6348958461285471
1.9801100061114507,0.6349060553253258
2.000111117284294,0.6349164424842312
2.0201122284571364,0.6349270076001998
2.0401133396299795,0.6349377506680818
2.0601144508028226,0.6349486716826406
2.0801155619756653,0.6349597706385528
2.1001166731485084,0.6349710475304085
2.1201177843213515,0.6349825023527105
2.140118895494194,0.6349941350998756
2.160120006667037,0.6350059457662333
2.1801211178398803,0.6350179343460266
2.200122229012723,0.6350301008334118
2.220123340185566,0.6350424452224586
2.240124451358409,0.6350549675071495
2.2601255625312517,0.6350676676813809
2.280126673704095,0.6350805457389621
2.3001277848769375,0.6350936016736157
2.3201288960497806,0.635106835478978
2.3401300072226237,0.6351202471485977
2.3601311183954663,0.635133836675938
2.3801322295683094,0.6351476040543745
2.4001333407411525,0.6351615492771965
2.420134451913995,0.6351756723376063
2.440135563086838,0.63518997322872
2.4601366742596813,0.6352044519435667
2.480137785432524,0.6352191084750886
2.500138896605367,0.6352339428161418
2.52014000777821,0.6352489549594953
2.5401411189510528,0.6352641448978315
2.560142230123896,0.6352795126237463
2.580143341296739,0.6352950581297487
2.6001444524695816,0.6353107814082612
2.6201455636424247,0.6353266824516198
2.6401466748152678,0.6353427612520735
2.6601477859881104,0.6353590178017847
2.6801488971609535,0.6353754520928295
2.7001500083337966,0.6353920641171971
2.7201511195066392,0.6354088538667899
2.7401522306794823,0.6354258213334241
2.7601533418523254,0.6354429665088288
2.780154453025168,0.635460289384647
2.800155564198011,0.6354777899524346
2.8201566753708542,0.6354954682036613
2.840157786543697,0.6355133241297097
2.86015889771654,0.6355313577218764
2.8801600088893826,0.6355495689713708
2.9001611200622257,0.6355679578693161
2.920162231235069,0.6355865244067486
2.9401633424079114,0.6356052685746184
2.9601644535807545,0.6356241903637887
2.9801655647535976,0.6356432897650364
3.0001666759264403,0.6356625667690512
3.0201677870992834,0.6356820213664373
3.0401688982721264,0.6357016535477112
3.060170009444969,0.6357214633033037
3.080171120617812,0.6357414506235584
3.1001722317906553,0.6357616154987329
3.120173342963498,0.6357819579189977
3.140174454136341,0.6358024778744373
3.160175565309184,0.6358231753550494
3.1801766764820267,0.6358440503507451
3.20017778765487,0.635865102851349
3.220178898827713,0.6358863328465993
3.2401800100005556,0.6359077403261477
3.2601811211733986,0.635929325279559
3.2801822323462417,0.6359510876963121
3.3001833435190844,0.635973027565799
3.3201844546919275,0.6359951448773252
3.3401855658647706,0.6360174396201099
3.360186677037613,0.6360399117832856
3.3801877882104563,0.6360625613558983
3.4001888993832994,0.6360853883269081
3.420190010556142,0.6361083926851878
3.440191121728985,0.6361315744195242
3.460192232901828,0.6361549335186174
3.480193344074671,0.6361784699710815
3.500194455247514,0.6362021837654437
3.520195566420357,0.6362260748901448
3.5401966775931997,0.6362501433335395
3.5601977887660428,0.6362743890838956
3.5801988999388854,0.6362988121293947
3.6002000111117285,0.6363234124581321
3.6202011222845716,0.6363481900581166
3.6402022334574142,0.6363731449172705
3.6602033446302573,0.6363982770234295
3.6802044558031004,0.6364235863643437
3.700205566975943,0.6364490729276759
3.720206678148786,0.6364747367010029
3.7402077893216292,0.6365005776718151
3.760208900494472,0.6365265958275166
3.780210011667315,0.6365527911554251
3.800211122840158,0.6365791636427718
3.8202122340130007,0.6366057132767016
3.840213345185844,0.6366324400442731
3.860214456358687,0.6366593439324586
3.8802155675315295,0.6366864249281441
3.9002166787043726,0.636713683018129
3.9202177898772157,0.6367411181891268
3.9402189010500583,0.6367687304277643
3.9602200122229014,0.636796519720582
3.9802211233957445,0.6368244860540346
4.000222234568588,0.6368526294144898
4.02022334574143,0.6368809497882294
4.040224456914273,0.6369094471614489
4.060225568087116,0.6369381215202576
4.080226679259959,0.6369669728506784
4.100227790432802,0.6369960011386476
4.120228901605645,0.6370252063700161
4.1402300127784875,0.6370545885305476
4.1602311239513305,0.6370841476059204
4.180232235124174,0.6371138835817258
4.200233346297017,0.6371437964434694
4.22023445746986,0.6371738861765704
4.240235568642703,0.6372041527663619
4.260236679815545,0.6372345961980905
4.280237790988388,0.637265216456917
4.300238902161231,0.6372960135279158
4.320240013334074,0.6373269873960747
4.3402411245069175,0.6373581380462964
4.3602422356797605,0.6373894654633963
4.380243346852603,0.637420969632104
4.400244458025446,0.6374526505370635
4.420245569198289,0.6374845081628318
4.440246680371132,0.6375165424938805
4.460247791543975,0.6375487535145943
4.480248902716818,0.6375811412092725
4.50025001388966,0.6376137055621279
4.5202511250625035,0.6376464465572873
4.540252236235347,0.6376793641787913
4.56025334740819,0.6377124584105945
4.580254458581033,0.6377457292365655
4.600255569753875,0.6377791766404864
4.620256680926718,0.6378128006060538
4.640257792099561,0.637846601116878
4.660258903272404,0.6378805781564829
4.680260014445247,0.6379147317083069
4.70026112561809,0.6379490617557021
4.720262236790933,0.6379835682819346
4.740263347963776,0.6380182512701844
4.760264459136619,0.6380531107035455
4.780265570309462,0.6380881465650261
4.800266681482305,0.6381233588375483
4.820267792655148,0.638158747503948
4.84026890382799,0.6381943125469753
4.860270015000833,0.6382300539492943
4.880271126173676,0.6382659716934832
4.9002722373465195,0.6383020657620342
4.920273348519363,0.6383383361373535
4.940274459692206,0.6383747828017613
4.960275570865048,0.6384114057374921
4.980276682037891,0.6384482049266942
5.000277793210734,0.6384851803514304
5.020278904383577,0.638522331993677
5.04028001555642,0.6385596598353249
5.060281126729263,0.6385971638581789
5.0802822379021055,0.638634844043958
5.100283349074949,0.6386727003742952
5.120284460247792,0.638710732830738
5.140285571420635,0.6387489413947474
5.160286682593478,0.6387873260476992
5.18028779376632,0.638825886770883
5.200288904939163,0.6388646235455029
5.220290016112006,0.6389035363526765
5.240291127284849,0.6389426251734366
5.2602922384576924,0.6389818899887293
5.2802933496305355,0.6390213307794155
5.300294460803378,0.6390609475262699
5.320295571976221,0.6391007402099816
5.340296683149064,0.6391407088111543
5.360297794321907,0.6391808533103055
5.38029890549475,0.6392211736878668
5.400300016667593,0.6392616699241848
5.420301127840435,0.6393023419995196
5.4403022390132785,0.639343189894046
5.460303350186122,0.6393842135878531
5.480304461358965,0.6394254130609441
5.500305572531808,0.6394667882932368
5.520306683704651,0.6395083392645631
5.540307794877493,0.6395500659546692
5.560308906050336,0.6395919683432159
5.580310017223179,0.6396340464097783
5.600311128396022,0.6396763001338455
5.620312239568865,0.6397187294948216
5.6403133507417085,0.6397613344720244
5.660314461914551,0.6398041150446867
5.680315573087394,0.6398470711919553
5.700316684260237,0.6398902028928917
5.72031779543308,0.6399335101264716
5.740318906605923,0.6399769928715853
5.760320017778765,0.6400206511070374
5.780321128951608,0.6400644848115471
5.800322240124451,0.640108493963748
5.8203233512972945,0.6401526785421883
5.840324462470138,0.6401970385253304
5.860325573642981,0.6402415738915515
5.880326684815823,0.640286284619143
5.900327795988666,0.6403311706863113
5.920328907161509,0.6403762320711768
5.940330018334352,0.6404214687517749
5.960331129507195,0.6404668807060552
5.980332240680038,0.640512467911882
6.0003333518528805,0.6405582303470342
6.020334463025724,0.6406041679892054
6.040335574198567,0.6406502808160034
6.06033668537141,0.6406965688049511
6.080337796544253,0.6407430319334857
6.100338907717096,0.640789670178959
6.120340018889938,0.6408364835186379
6.140341130062781,0.6408834719297033
6.160342241235624,0.6409306353892512
6.180343352408467,0.6409779738742921
6.2003444635813105,0.6410254873617514
6.220345574754154,0.6410731758284687
6.240346685926996,0.6411210392511988
6.260347797099839,0.6411690776066112
6.280348908272682,0.6412172908712899
6.300350019445525,0.6412656790217337
6.320351130618368,0.641314242034356
6.340352241791211,0.6413629798854854
6.3603533529640535,0.641411892551365
6.3803544641368966,0.6414609800081528
6.40035557530974,0.6415102422319212
6.420356686482583,0.641559679198658
6.440357797655426,0.6416092908842652
6.460358908828268,0.6416590772645605
6.480360020001111,0.6417090383152756
6.500361131173954,0.6417591740120574
6.520362242346797,0.6418094843304677
6.54036335351964,0.641859969245983
6.5603644646924835,0.6419106287339951
6.580365575865326,0.6419614627698104
6.600366687038169,0.6420124713286499
6.620367798211012,0.6420636543856504
6.640368909383855,0.6421150119158626
6.660370020556698,0.6421665438942531
6.680371131729541,0.6422182502957029
6.700372242902383,0.6422701310950081
6.720373354075226,0.6423221862668798
6.7403744652480695,0.6423744157859443
6.760375576420913,0.6424268196267424
6.780376687593756,0.6424793977637306
6.800377798766599,0.64253215017128
6.820378909939441,0.6425850768236768
6.840380021112284,0.6426381776951224
6.860381132285127,0.6426914527597332
6.88038224345797,0.6427449019915406
6.900383354630813,0.6427985253644912
6.920384465803656,0.6428523228524468
6.940385576976499,0.6429062944291843
6.960386688149342,0.6429604400683955
6.980387799322185,0.6430147597436877
7.000388910495028,0.6430692534285832
7.020390021667871,0.6431239210965195
7.040391132840714,0.6431787627208492
7.060392244013556,0.6432337782748401
7.080393355186399,0.6432889677316755
7.100394466359242,0.6433443310644537
7.1203955775320855,0.6433998682461881
7.140396688704929,0.6434555792498079
7.160397799877771,0.6435114640481568
7.180398911050614,0.6435675226139945
7.200400022223457,0.6436237549199957
7.2204011333963,0.6436801609387504
7.240402244569143,0.6437367406427636
7.260403355741986,0.6437934940044564
7.2804044669148285,0.6438504209961646
7.3004055780876715,0.6439075215901398
7.320406689260515,0.6439647957585485
7.340407800433358,0.644022243473473
7.360408911606201,0.6440798647069108
7.380410022779044,0.6441376594307751
7.400411133951886,0.6441956276168941
7.420412245124729,0.6442537692370117
7.440413356297572,0.6443120842627873
7.460414467470415,0.6443705726657958
7.4804155786432585,0.6444292344175272
7.5004166898161015,0.6444880694893875
7.520417800988944,0.6445470778526982
7.540418912161787,0.6446062594786958
7.56042002333463,0.6446656143385328
7.580421134507473,0.6447251424032772
7.600422245680316,0.6447848436439125
7.620423356853159,0.6448447180313378
7.640424468026001,0.6449047655363678
7.6604255791988445,0.6449649861297329
7.680426690371688,0.6450253797820789
7.700427801544531,0.6450859464639676
7.720428912717374,0.645146686145876
7.740430023890216,0.6452075987981972
7.760431135063059,0.6452686843912399
7.780432246235902,0.6453299428952282
7.800433357408745,0.6453913742803021
7.820434468581588,0.6454529785165177
7.840435579754431,0.6455147555738462
7.860436690927274,0.645576705422175
7.880437802100117,0.645638828031307
7.90043891327296,0.6457011233709613
7.920440024445803,0.6457635914107723
7.940441135618646,0.6458262321202906
7.960442246791489,0.6458890454689823
7.980443357964331,0.6459520314262296
8.000444469137175,0.6460151899613307
8.020445580310017,0.6460785210434992
8.04044669148286,0.646142024641865
8.060447802655704,0.6462057007254738
8.080448913828546,0.6462695492632871
8.10045002500139,0.6463335702241826
8.120451136174232,0.6463977635769537
8.140452247347076,0.6464621292903099
8.160453358519918,0.6465266673328764
8.18045446969276,0.6465913776731951
8.200455580865604,0.6466562602797232
8.220456692038447,0.6467213151208341
8.24045780321129,0.6467865421648176
8.260458914384133,0.646851941379879
8.280460025556975,0.6469175127341402
8.300461136729819,0.6469832561956388
8.320462247902661,0.6470491717323289
8.340463359075505,0.6471152593120804
8.360464470248347,0.6471815189026793
8.38046558142119,0.647247950471828
8.400466692594033,0.647314553987145
8.420467803766876,0.6473813294161648
8.44046891493972,0.6474482767263385
8.460470026112562,0.6475153958850329
8.480471137285406,0.6475826868595316
8.500472248458248,0.6476501496170338
8.52047335963109,0.6477177841246555
8.540474470803934,0.647785590349429
8.560475581976776,0.6478535682583023
8.58047669314962,0.6479217178181403
8.600477804322463,0.6479900389957243
8.620478915495305,0.6480585317577512
8.640480026668149,0.648127196070835
8.660481137840991,0.6481960319015059
8.680482249013835,0.6482650392162103
8.700483360186677,0.6483342179813112
8.720484471359521,0.6484035681630878
8.740485582532363,0.6484730897277362
8.760486693705205,0.6485427826413686
8.78048780487805,0.6486126468700133
8.800488916050892,0.6486826823796162
8.820490027223736,0.6487528891360388
8.840491138396578,0.6488232671050591
8.86049224956942,0.6488938162523723
8.880493360742264,0.6489645365435897
8.900494471915106,0.649035427944239
8.92049558308795,0.6491064904197651
8.940496694260792,0.649177723935529
8.960497805433636,0.6492491284568084
8.980498916606479,0.6493207039487978
9.00050002777932,0.6493924503766085
9.020501138952165,0.649464367705268
9.040502250125007,0.649536455899721
9.060503361297851,0.6496087149248284
9.080504472470693,0.6496811447453685
9.100505583643535,0.6497537453260356
9.12050669481638,0.6498265166314413
9.140507805989222,0.6498994586261138
9.160508917162066,0.6499725712744981
9.180510028334908,0.650045854540956
9.20051113950775,0.6501193083897662
9.220512250680594,0.6501929327851241
9.240513361853436,0.6502667276911422
9.26051447302628,0.6503406930718498
9.280515584199122,0.650414828891193
9.300516695371966,0.6504891351130347
9.320517806544808,0.6505636117011553
9.34051891771765,0.6506382586192514
9.360520028890495,0.6507130758309372
9.380521140063337,0.6507880632997436
9.40052225123618,0.6508632209891185
9.420523362409023,0.6509385488624271
9.440524473581865,0.6510140468829511
9.46052558475471,0.6510897150138897
9.480526695927551,0.6511655532183593
9.500527807100395,0.6512415614593929
9.520528918273238,0.651317739699941
9.540530029446082,0.6513940879028711
9.560531140618924,0.651470606030968
9.580532251791766,0.6515472940469333
9.60053336296461,0.6516241519133862
9.620534474137452,0.6517011795928629
9.640535585310296,0.6517783770478169
9.660536696483138,0.6518557442406191
9.68053780765598,0.6519332811335572
9.700538918828824,0.6520109876888365
9.720540030001667,0.6520888638685798
9.74054114117451,0.6521669096348266
9.760542252347353,0.6522451249495343
9.780543363520195,0.6523235097745776
9.800544474693039,0.6524020640717483
9.820545585865881,0.6524807878027558
9.840546697038725,0.6525596809292267
9.860547808211567,0.6526387434127052
9.880548919384411,0.6527179752146532
9.900550030557254,0.6527973762964496
9.920551141730096,0.6528769466193909
9.94055225290294,0.6529566861446914
9.960553364075782,0.6530365948334824
9.980554475248626,0.6531166726468132
10.000555586421468,0.6531969195456506
10.02055669759431,0.6532773354908787
10.040557808767154,0.6533579204432998
10.060558919939997,0.6534386743636329
10.08056003111284,0.6535195972125153
10.100561142285683,0.6536006889505019
10.120562253458527,0.6536819495380652
10.140563364631369,0.6537633789355952
10.160564475804211,0.6538449771034001
10.180565586977055,0.6539267440017051
10.200566698149897,0.654008679590654
10.220567809322741,0.6540907838303077
10.240568920495583,0.6541730566806452
10.260570031668426,0.6542554981015632
10.28057114284127,0.6543381080528765
10.300572254014112,0.6544208864943173
10.320573365186956,0.654503833385536
10.340574476359798,0.6545869486861009
10.36057558753264,0.6546702323554979
10.380576698705484,0.6547536843531312
10.400577809878326,0.6548373046383227
10.42057892105117,0.6549210931703124
10.440580032224013,0.6550050499082583
10.460581143396857,0.6550891748112363
10.480582254569699,0.6551734678382404
10.500583365742541,0.6552579289481826
10.520584476915385,0.6553425580998931
10.540585588088227,0.65542735525212
10.560586699261071,0.6555123203635298
10.580587810433913,0.6555974533927066
10.600588921606755,0.6556827542981531
10.6205900327796,0.6557682230382904
10.640591143952442,0.6558538595714569
10.660592255125286,0.6559396638559103
10.680593366298128,0.6560256358498254
10.700594477470972,0.6561117755112964
10.720595588643814,0.6561980827983348
10.740596699816656,0.656284557668871
10.7605978109895,0.6563712000807536
10.780598922162342,0.6564580099917492
10.800600033335186,0.656544987359543
10.820601144508029,0.656632132141739
10.84060225568087,0.6567194442958587
10.860603366853715,0.6568069237793427
10.880604478026557,0.6568945705495497
10.900605589199401,0.6569823845637572
10.920606700372243,0.6570703657791608
10.940607811545085,0.6571585141528747
10.96060892271793,0.6572468296419319
10.980610033890772,0.6573353122032836
11.000611145063615,0.6574239617937996
11.020612256236458,0.6575127783702684
11.040613367409302,0.6576017618893972
11.060614478582144,0.6576909123078116
11.080615589754986,0.657780229582056
11.10061670092783,0.6578697136685931
11.120617812100672,0.6579593645238051
11.140618923273516,0.6580491821039921
11.160620034446358,0.6581391663653733
11.1806211456192,0.6582293172640865
11.200622256792045,0.6583196347561885
11.220623367964887,0.6584101187976548
11.24062447913773,0.6585007693443794
11.260625590310573,0.6585915863521757
11.280626701483417,0.6586825697767756
11.30062781265626,0.6587737195738299
11.320628923829101,0.6588650356989085
11.340630035001945,0.6589565181074999
11.360631146174788,0.6590481667550118
11.380632257347632,0.6591399815967708
11.400633368520474,0.6592319625880225
11.420634479693316,0.6593241096839315
11.44063559086616,0.6594164228395814
11.460636702039002,0.6595089020099749
11.480637813211846,0.6596015471500339
11.500638924384688,0.6596943582145991
11.52064003555753,0.6597873351584305
11.540641146730374,0.6598804779362073
11.560642257903217,0.6599737865025278
11.58064336907606,0.6600672608119095
11.600644480248903,0.660160900818789
11.620645591421747,0.6602547064775223
11.640646702594589,0.6603486777423845
11.660647813767431,0.6604428145675701
11.680648924940275,0.660537116907193
11.700650036113117,0.660631584715286
11.720651147285961,0.6607262179458018
11.740652258458804,0.660821016552612
11.760653369631646,0.6609159804895078
11.78065448080449,0.6610111097101999
11.800655591977332,0.6611064041683183
11.820656703150176,0.6612018638174123
11.840657814323018,0.6612974886109511
11.860658925495862,0.6613932785023229
11.880660036668704,0.6614892334448359
11.900661147841546,0.6615853533917175
11.92066225901439,0.661681638296115
11.940663370187233,0.6617780881110948
11.960664481360077,0.6618747027896434
11.980665592532919,0.6619714822846667
12.000666703705761,0.6620684265489903
12.020667814878605,0.6621655355353595
12.040668926051447,0.6622628091964393
12.060670037224291,0.6623602474848145
12.080671148397133,0.6624578503529894
12.100672259569977,0.6625556177533884
12.12067337074282,0.6626535496383557
12.140674481915662,0.6627516459601548
12.160675593088506,0.6628499066709699
12.180676704261348,0.6629483317229041
12.200677815434192,0.6630469210679814
12.220678926607034,0.6631456746581448
12.240680037779876,0.6632445924452579
12.26068114895272,0.6633436743811039
12.280682260125563,0.663442920417386
12.300683371298406,0.6635423305057279
12.320684482471249,0.6636419045976725
12.340685593644091,0.6637416426446834
12.360686704816935,0.6638415445981442
12.380687815989777,0.6639416104093583
12.400688927162621,0.6640418400295496
12.420690038335463,0.6641422334098617
12.440691149508307,0.6642427905013589
12.46069226068115,0.6643435112550253
12.480693371853992,0.6644443956217656
12.500694483026836,0.6645454435524043
12.520695594199678,0.6646466549976864
12.540696705372522,0.6647480299082773
12.560697816545364,0.6648495682347625
12.580698927718206,0.6649512699276479
12.60070003889105,0.6650531349373601
12.620701150063892,0.6651551632142456
12.640702261236736,0.6652573547085716
12.660703372409579,0.6653597093705255
12.680704483582423,0.6654622271502156
12.700705594755265,0.6655649079976704
12.720706705928107,0.6656677518628388
12.740707817100951,0.6657707586955903
12.760708928273793,0.6658739284457154
12.780710039446637,0.6659772610629244
12.80071115061948,0.666080756496849
12.820712261792321,0.6661844146970408
12.840713372965165,0.6662882356129729
12.860714484138008,0.6663922191940382
12.880715595310852,0.666496365389551
12.900716706483694,0.666600674148746
12.920717817656536,0.6667051454207789
12.94071892882938,0.6668097791547256
12.960720040002222,0.6669145752995835
12.980721151175066,0.6670195338042706
13.000722262347908,0.6671246546176255
13.020723373520752,0.6672299376884081
13.040724484693595,0.6673353829652988
13.060725595866437,0.6674409903968995
13.08072670703928,0.6675467599317324
13.100727818212123,0.667652691518241
13.120728929384967,0.6677587851047899
13.14073004055781,0.6678650406396645
13.160731151730651,0.6679714580710716
13.180732262903495,0.6680780373471387
13.200733374076338,0.6681847784159146
13.220734485249181,0.6682916812253692
13.240735596422024,0.6683987457233938
13.260736707594868,0.6685059718578004
13.28073781876771,0.6686133595763226
13.300738929940552,0.6687209088266151
13.320740041113396,0.6688286195562538
13.340741152286238,0.6689364917127361
13.360742263459082,0.6690445252434805
13.380743374631924,0.6691527200958267
13.400744485804767,0.6692610762170365
13.42074559697761,0.669369593554292
13.440746708150453,0.6694782720546979
13.460747819323297,0.6695871116652793
13.480748930496139,0.6696961123329833
13.500750041668981,0.6698052740046784
13.520751152841825,0.6699145966271547
13.540752264014667,0.6700240801471236
13.560753375187511,0.6701337245112182
13.580754486360354,0.6702435296659934
13.600755597533198,0.6703534955579257
13.62075670870604,0.6704636221334126
13.640757819878882,0.6705739093387744
13.660758931051726,0.670684357120252
13.680760042224568,0.6707949654240086
13.700761153397412,0.6709057341961293
13.720762264570254,0.6710166633826206
13.740763375743096,0.6711277529294108
13.76076448691594,0.6712390027823505
13.780765598088783,0.6713504128872116
13.800766709261627,0.6714619831896882
13.820767820434469,0.6715737136353963
13.840768931607313,0.6716856041698738
13.860770042780155,0.6717976547385804
13.880771153952997,0.6719098652868982
13.900772265125841,0.6720222357601309
13.920773376298683,0.6721347661035042
13.940774487471527,0.6722474562621665
13.96077559864437,0.6723603061811876
13.980776709817212,0.6724733158055599
14.000777820990056,0.6725864850801977
14.020778932162898,0.6726998139499374
14.040780043335742,0.6728133023595378
14.060781154508584,0.6729269502536801
14.080782265681428,0.6730407575769672
14.10078337685427,0.6731547242739249
14.120784488027113,0.673268850289001
14.140785599199956,0.6733831355665656
14.160786710372799,0.6734975800509112
14.180787821545643,0.6736121836862529
14.200788932718485,0.6737269464167279
14.220790043891327,0.6738418681863962
14.240791155064171,0.6739569489392402
14.260792266237013,0.6740721886191644
14.280793377409857,0.6741875871699963
14.3007944885827,0.6743031445354859
14.320795599755542,0.6744188606593053
14.340796710928386,0.6745347354850502
14.360797822101228,0.6746507689562378
14.380798933274072,0.6747669610163087
14.400800044446914,0.6748833116086261
14.420801155619758,0.6749998206764758
14.4408022667926,0.6751164881630662
14.460803377965442,0.675233314011529
14.480804489138286,0.675350298164918
14.500805600311129,0.6754674405662104
14.520806711483973,0.6755847411583062
14.540807822656815,0.675702199884028
14.560808933829657,0.6758198166861216
14.5808100450025,0.6759375915072554
14.600811156175343,0.6760555242900212
14.620812267348187,0.6761736149769336
14.64081337852103,0.6762918635104302
14.660814489693873,0.6764102698328716
14.680815600866715,0.6765288338865418
14.700816712039558,0.6766475556136474
14.720817823212402,0.6767664349563188
14.740818934385244,0.6768854718566089
14.760820045558088,0.6770046662564944
14.78082115673093,0.6771240180978746
14.800822267903772,0.6772435273225726
14.820823379076616,0.6773631938723347
14.840824490249458,0.6774830176888302
14.860825601422302,0.677602998713652
14.880826712595145,0.6777231368883163
14.900827823767987,0.6778434321542628
14.92082893494083,0.6779638844528544
14.940830046113673,0.6780844937253776
14.960831157286517,0.6782052599130424
14.98083226845936,0.6783261829569824
15.000833379632203,0.6784472627982544
15.020834490805045,0.6785684993778393
15.040835601977887,0.6786898926366409
15.060836713150731,0.6788114425154874
15.080837824323574,0.6789331489551302
15.100838935496418,0.6790550118962444
15.12084004666926,0.6791770312794287
15.140841157842102,0.6792992070452061
15.160842269014946,0.6794215391340228
15.180843380187788,0.6795440274862489
15.200844491360632,0.6796666720421786
15.220845602533474,0.6797894727420296
15.240846713706318,0.679912429525944
15.26084782487916,0.6800355423339872
15.280848936052003,0.6801588111061491
15.300850047224847,0.680282235782343
15.320851158397689,0.6804058163024069
15.340852269570533,0.6805295526061022
15.360853380743375,0.6806534446331147
15.380854491916217,0.6807774923230542
15.400855603089061,0.6809016956154547
15.420856714261904,0.6810260544497742
15.440857825434747,0.681150568765395
15.46085893660759,0.6812752385016237
15.480860047780432,0.6814000635976909
15.500861158953276,0.6815250439927518
15.520862270126118,0.6816501796258856
15.540863381298962,0.6817754704360959
15.560864492471804,0.6819009163623104
15.580865603644648,0.6820265173433822
15.60086671481749,0.6821522733180874
15.620867825990333,0.6822781842251278
15.640868937163177,0.6824042500031287
15.660870048336019,0.6825304705906405
15.680871159508863,0.6826568459261382
15.700872270681705,0.6827833759480209
15.720873381854547,0.6829100605946126
15.740874493027391,0.6830368998041618
15.760875604200233,0.683163893514842
15.780876715373077,0.6832910416647507
15.80087782654592,0.6834183441919112
15.820878937718764,0.6835458010342702
15.840880048891606,0.6836734121297003
15.860881160064448,0.6838011774159984
15.880882271237292,0.6839290968308864
15.900883382410134,0.6840571703120109
15.920884493582978,0.6841853977969434
15.94088560475582,0.6843137792231808
15.960886715928662,0.6844423145281442
15.980887827101506,0.6845710036491803
16.00088893827435,0.6846998465235606
16.020890049447193,0.6848288430884817
16.040891160620035,0.684957993281065
16.060892271792877,0.6850872970383577
16.08089338296572,0.6852167542973313
16.100894494138565,0.6853463649948832
16.120895605311407,0.6854761290678355
16.14089671648425,0.6856060464529359
16.16089782765709,0.6857361170868571
16.180898938829934,0.6858663409061972
16.20090005000278,0.6859967178474797
16.22090116117562,0.6861272478471535
16.240902272348464,0.6862579308415926
16.260903383521306,0.6863887667670967
16.280904494694152,0.6865197555598908
16.300905605866994,0.6866508971561256
16.320906717039836,0.686782191491877
16.34090782821268,0.6869136385031468
16.36090893938552,0.687045238125862
16.380910050558366,0.6871769902958758
16.40091116173121,0.6873088949489663
16.42091227290405,0.6874409520208378
16.440913384076893,0.6875731614471199
16.460914495249735,0.6877055231633684
16.48091560642258,0.6878380371050647
16.500916717595423,0.6879707032076158
16.520917828768265,0.6881035214063546
16.540918939941108,0.68823649163654
16.56092005111395,0.6883696138333568
16.580921162286796,0.6885028879319156
16.600922273459638,0.6886363138672529
16.62092338463248,0.6887698915743317
16.640924495805322,0.6889036209880399
16.660925606978164,0.6890375020431927
16.68092671815101,0.6891715346745309
16.700927829323852,0.689305718816721
16.720928940496695,0.6894400544043562
16.740930051669537,0.6895745413719557
16.76093116284238,0.6897091796539649
16.780932274015225,0.6898439691847555
16.800933385188067,0.6899789098986253
16.82093449636091,0.6901140017297986
16.84093560753375,0.690249244612426
16.860936718706597,0.6903846384805843
16.88093782987944,0.6905201832682769
16.90093894105228,0.6906558789094336
16.920940052225124,0.6907917253379107
16.940941163397966,0.6909277224874908
16.96094227457081,0.6910638702918834
16.980943385743654,0.6912001686847242
17.000944496916496,0.6913366175995757
17.020945608089338,0.6914732169699267
17.04094671926218,0.6916099667291933
17.060947830435026,0.6917468668107176
17.08094894160787,0.6918839171477691
17.10095005278071,0.6920211176735434
17.120951163953553,0.6921584683211632
17.140952275126395,0.6922959690236785
17.16095338629924,0.692433619714065
17.180954497472083,0.6925714203252265
17.200955608644925,0.6927093707899927
17.220956719817767,0.6928474710411212
17.24095783099061,0.6929857210112961
17.260958942163455,0.6931241206331282
17.280960053336297,0.6932626698391562
17.30096116450914,0.693401368561845
17.320962275681982,0.6935402167335871
17.340963386854824,0.6936792142867022
17.36096449802767,0.693818361153437
17.380965609200512,0.6939576572659654
17.400966720373354,0.6940971025563886
17.420967831546196,0.6942366969567351
17.440968942719042,0.694376440398961
17.460970053891884,0.6945163328149491
17.480971165064727,0.6946563741365102
17.50097227623757,0.6947965642953822
17.52097338741041,0.6949369032232307
17.540974498583257,0.6950773908516481
17.5609756097561,0.6952180271121555
17.58097672092894,0.6953588119362004
17.600977832101783,0.6954997452551586
17.620978943274626,0.6956408270003331
17.64098005444747,0.6957820571029548
17.660981165620314,0.6959234354941823
17.680982276793156,0.6960649621051017
17.700983387965998,0.6962066368667272
17.72098449913884,0.6963484597100004
17.740985610311686,0.6964904305657909
17.760986721484528,0.6966325493648962
17.78098783265737,0.6967748160380414
17.800988943830212,0.6969172305158801
17.820990055003055,0.6970597927289932
17.8409911661759,0.6972025026078901
17.860992277348743,0.697345360083008
17.880993388521585,0.6974883650847119
17.900994499694427,0.6976315175432954
17.920995610867273,0.6977748173889801
17.940996722040115,0.6979182645519153
17.960997833212957,0.698061858962179
17.9809989443858,0.6982056005497772
18.00100005555864,0.6983494892446444
18.021001166731487,0.6984935249766429
18.04100227790433,0.6986377076755639
18.06100338907717,0.6987820372711265
18.081004500250014,0.6989265136929785
18.101005611422856,0.6990711368706961
18.121006722595702,0.6992159067337838
18.141007833768544,0.6993608232116745
18.161008944941386,0.69950588623373
18.18101005611423,0.6996510957292406
18.20101116728707,0.6997964516274249
18.221012278459916,0.6999419538574304
18.24101338963276,0.7000876023483331
18.2610145008056,0.7002333970291381
18.281015611978443,0.7003793378287787
18.301016723151285,0.7005254246761172
18.32101783432413,0.700671657499945
18.341018945496973,0.7008180362289818
18.361020056669815,0.7009645607918764
18.381021167842658,0.701111231117207
18.4010222790155,0.7012580471334798
18.421023390188346,0.7014050087691308
18.441024501361188,0.7015521159525248
18.46102561253403,0.7016993686119553
18.481026723706872,0.7018467666756454
18.501027834879718,0.701994310071747
18.52102894605256,0.7021419987283413
18.541030057225402,0.7022898325734386
18.561031168398245,0.7024378115349783
18.581032279571087,0.7025859355408297
18.601033390743932,0.7027342045187905
18.621034501916775,0.7028826183965884
18.641035613089617,0.70303117710188
18.66103672426246,0.7031798805622519
18.6810378354353,0.7033287287052196
18.701038946608147,0.7034777214582282
18.72104005778099,0.7036268587486523
18.74104116895383,0.7037761405037964
18.761042280126674,0.7039255666508941
18.781043391299516,0.7040751371171089
18.80104450247236,0.7042248518295339
18.821045613645204,0.7043747107151916
18.841046724818046,0.704524713701035
18.861047835990888,0.7046748607139459
18.88104894716373,0.7048251516807365
18.901050058336576,0.7049755865281484
18.92105116950942,0.7051261651828538
18.94105228068226,0.7052768875714541
18.961053391855103,0.7054277536204808
18.981054503027945,0.7055787632563956
19.00105561420079,0.70572991640559
19.021056725373633,0.7058812129943854
19.041057836546475,0.7060326529490342
19.061058947719317,0.7061842361957171
19.081060058892163,0.7063359626605471
19.101061170065005,0.7064878322695656
19.121062281237847,0.7066398449487454
19.14106339241069,0.706792000623989
19.161064503583532,0.7069442992211292
19.181065614756378,0.7070967406659295
19.20106672592922,0.7072493248840835
19.221067837102062,0.7074020518012152
19.241068948274904,0.7075549213428789
19.261070059447746,0.7077079334345598
19.281071170620592,0.7078610880016734
19.301072281793434,0.7080143849695655
19.321073392966277,0.7081678242635128
19.34107450413912,0.7083214058087227
19.36107561531196,0.708475129530333
19.381076726484807,0.7086289953534122
19.40107783765765,0.7087830032029598
19.42107894883049,0.7089371530039059
19.441080060003333,0.7090914446811113
19.461081171176176,0.7092458781593678
19.48108228234902,0.709400453363398
19.501083393521863,0.7095551702178555
19.521084504694706,0.7097100286473248
19.541085615867548,0.7098650285763213
19.56108672704039,0.7100201699292918
19.581087838213236,0.7101754526306135
19.601088949386078,0.7103308766045955
19.62109006055892,0.7104864417754773
19.641091171731762,0.7106421480674299
19.661092282904608,0.7107979954045558
19.68109339407745,0.7109539837108881
19.701094505250293,0.7111101129103918
19.721095616423135,0.711266382926963
19.741096727595977,0.7114227936844291
19.761097838768823,0.7115793451065486
19.781098949941665,0.7117360371170123
19.801100061114507,0.7118928696394413
19.82110117228735,0.7120498425973895
19.84110228346019,0.7122069559143411
19.861103394633037,0.7123642095137129
19.88110450580588,0.7125216033188526
19.90110561697872,0.7126791372530401
19.921106728151564,0.7128368112394867
19.941107839324406,0.7129946252013353
19.961108950497252,0.7131525790616609
19.981110061670094,0.7133106727434699
20.001111172842936,0.7134689061697012
20.02111228401578,0.7136272792632248
20.04111339518862,0.7137857919468433
20.061114506361466,0.7139444441432907
20.08111561753431,0.7141032357752335
20.10111672870715,0.7142621667652698
20.121117839879993,0.7144212370359302
20.141118951052835,0.7145804465096768
20.16112006222568,0.7147397951089045
20.181121173398523,0.71489928275594
20.201122284571365,0.7150589093730422
20.221123395744208,0.7152186748824028
20.241124506917053,0.7153785792061449
20.261125618089896,0.7155386222663246
20.281126729262738,0.7156988039849301
20.30112784043558,0.7158591242838824
20.321128951608422,0.7160195830850344
20.341130062781268,0.7161801803101717
20.36113117395411,0.7163409158810127
20.381132285126952,0.7165017897192079
20.401133396299794,0.7166628017463406
20.421134507472637,0.716823951883927
20.441135618645482,0.7169852400534156
20.461136729818325,0.7171466661761878
20.481137840991167,0.7173082301735578
20.50113895216401,0.7174699319667726
20.52114006333685,0.7176317714770115
20.541141174509697,0.7177937486253877
20.56114228568254,0.7179558633329464
20.58114339685538,0.7181181155206661
20.601144508028224,0.7182805051094583
20.621145619201066,0.7184430320201675
20.64114673037391,0.7186056961735714
20.661147841546754,0.7187684974903803
20.681148952719596,0.7189314358912384
20.701150063892438,0.7190945112967224
20.72115117506528,0.7192577236273426
20.741152286238126,0.7194210728035425
20.76115339741097,0.7195845587456988
20.78115450858381,0.7197481813741216
20.801155619756653,0.7199119406090543
20.8211567309295,0.7200758363706738
20.84115784210234,0.7202398685790905
20.861158953275183,0.7204040371543481
20.881160064448025,0.720568342016424
20.901161175620867,0.720732783085229
20.921162286793713,0.7208973602806078
20.941163397966555,0.7210620735223384
20.961164509139397,0.7212269227301327
20.98116562031224,0.7213919078236363
21.001166731485082,0.7215570287224284
21.021167842657928,0.7217222853460225
21.04116895383077,0.7218876776138652
21.061170065003612,0.7220532054453375
21.081171176176454,0.7222188687597542
21.101172287349296,0.722384667476364
21.121173398522142,0.7225506015143497
21.141174509694984,0.7227166707928279
21.161175620867827,0.7228828752308496
21.18117673204067,0.7230492147473997
21.20117784321351,0.7232156892613976
21.221178954386357,0.7233822986916963
21.2411800655592,0.7235490429570836
21.26118117673204,0.7237159219762812
21.281182287904883,0.7238829356679451
21.301183399077726,0.7240500839506663
21.32118451025057,0.7242173667429692
21.341185621423413,0.7243847839633133
21.361186732596256,0.7245523355300925
21.381187843769098,0.7247200213616352
21.401188954941944,0.7248878413762041
21.421190066114786,0.7250557954919966
21.441191177287628,0.725223883627145
21.46119228846047,0.7253921056997161
21.481193399633312,0.7255604616277112
21.501194510806158,0.7257289513290668
21.521195621979,0.7258975747216537
21.541196733151843,0.726066331723278
21.561197844324685,0.7262352222516801
21.581198955497527,0.7264042462245361
21.601200066670373,0.7265734035594564
21.621201177843215,0.7267426941739866
21.641202289016057,0.7269121179856073
21.6612034001889,0.7270816749117344
21.68120451136174,0.7272513648697185
21.701205622534587,0.7274211877768457
21.72120673370743,0.7275911435503373
21.74120784488027,0.7277612321073492
21.761208956053114,0.7279314533649738
21.781210067225956,0.7281018072402378
21.801211178398802,0.7282722936501034
21.821212289571644,0.7284429125114686
21.841213400744486,0.7286136637411665
21.86121451191733,0.7287845472559659
21.88121562309017,0.7289555629725708
21.901216734263016,0.7291267108076209
21.92121784543586,0.729297990677692
21.9412189566087,0.7294694024992945
21.961220067781543,0.7296409461888753
21.98122117895439,0.7298126216628174
22.00122229012723,0.7299844288374379
22.021223401300073,0.7301563676289915
22.041224512472915,0.7303284379536678
22.061225623645758,0.7305006397275924
22.081226734818603,0.7306729728668271
22.101227845991446,0.7308454372873694
22.121228957164288,0.731018032905153
22.14123006833713,0.7311907596360474
22.161231179509972,0.7313636173958583
22.181232290682818,0.7315366061003277
22.20123340185566,0.7317097256651336
22.221234513028502,0.7318829760058903
22.241235624201344,0.7320563570381482
22.261236735374187,0.732229868677394
22.281237846547032,0.7324035108390512
22.301238957719875,0.7325772834384789
22.321240068892717,0.7327511863909735
22.34124118006556,0.7329252196117668
22.3612422912384,0.7330993830160283
22.381243402411247,0.733273676518863
22.40124451358409,0.7334481000353132
22.42124562475693,0.7336226534803575
22.441246735929774,0.733797336768911
22.461247847102616,0.733972149815826
22.48124895827546,0.7341470925358912
22.501250069448304,0.7343221648438321
22.521251180621146,0.7344973666543109
22.541252291793988,0.7346726978819274
22.561253402966834,0.7348481584412173
22.581254514139676,0.7350237482466542
22.60125562531252,0.7351994672126477
22.62125673648536,0.7353753152535456
22.641257847658203,0.7355512922836317
22.66125895883105,0.7357273982171277
22.68126007000389,0.7359036329681921
22.701261181176733,0.7360799964509204
22.721262292349575,0.736256488579346
22.741263403522417,0.7364331092674391
22.761264514695263,0.7366098584291074
22.781265625868105,0.7367867359781958
22.801266737040947,0.7369637418284868
22.82126784821379,0.7371408758937003
22.841268959386632,0.7373181380874938
22.861270070559478,0.7374955283234622
22.88127118173232,0.7376730465151381
22.901272292905162,0.7378506925759916
22.921273404078004,0.7380284664194307
22.941274515250846,0.7382063679588007
22.961275626423692,0.7383843971073851
22.981276737596534,0.7385625537784051
23.001277848769377,0.7387408378850193
23.02127895994222,0.7389192493403249
23.04128007111506,0.7390977880573564
23.061281182287907,0.7392764539490869
23.08128229346075,0.7394552469284266
23.10128340463359,0.7396341669082249
23.121284515806433,0.7398132138012681
23.14128562697928,0.7399923875202816
23.16128673815212,0.7401716879779284
23.181287849324963,0.7403511150868102
23.201288960497806,0.7405306687594664
23.221290071670648,0.7407103489083751
23.241291182843494,0.7408901554459526
23.261292294016336,0.7410700882845538
23.281293405189178,0.7412501473364718
23.30129451636202,0.7414303325139381
23.321295627534862,0.741610643729123
23.341296738707708,0.7417910808941353
23.36129784988055,0.7419716439210222
23.381298961053393,0.7421523327217698
23.401300072226235,0.7423331472083028
23.421301183399077,0.7425140872924845
23.441302294571923,0.7426951528861172
23.461303405744765,0.742876343900942
23.481304516917607,0.7430576602486387
23.50130562809045,0.743239101840826
23.52130673926329,0.7434206685890619
23.541307850436137,0.7436023604048427
23.56130896160898,0.7437841771996048
23.58131007278182,0.7439661188847224
23.601311183954664,0.74414818537151
23.62131229512751,0.7443303765712204
23.641313406300352,0.744512692395046
23.661314517473194,0.7446951327541188
23.681315628646036,0.744877697559509
23.70131673981888,0.7450603867222276
23.721317850991724,0.7452432001532238
23.741318962164566,0.7454261377633866
23.76132007333741,0.7456091994635448
23.78132118451025,0.7457923851644661
23.801322295683093,0.7459756947768584
23.82132340685594,0.7461591282113689
23.84132451802878,0.7463426853785842
23.861325629201623,0.7465263661890307
23.881326740374465,0.7467101705531752
23.901327851547308,0.7468940983814232
23.921328962720153,0.7470781495841211
23.941330073892996,0.7472623240715539
23.961331185065838,0.7474466217539479
23.98133229623868,0.7476310425414683
24.001333407411522,0.7478155863442206
24.021334518584368,0.7480002530722507
24.04133562975721,0.7481850426355441
24.061336740930052,0.7483699549440265
24.081337852102894,0.7485549899075641
24.101338963275737,0.7487401474359628
24.121340074448582,0.7489254274389694
24.141341185621425,0.7491108298262703
24.161342296794267,0.7492963545074927
24.18134340796711,0.7494820013922042
24.201344519139955,0.7496677703899126
24.221345630312797,0.7498536614100665
24.24134674148564,0.7500396743620545
24.26134785265848,0.7502258091552062
24.281348963831324,0.7504120656987916
24.30135007500417,0.7505984439020217
24.32135118617701,0.7507849436740475
24.341352297349854,0.7509715649239617
24.361353408522696,0.7511583075607967
24.381354519695538,0.7513451714935266
24.401355630868384,0.7515321566310663
24.421356742041226,0.7517192628822709
24.44135785321407,0.7519064901559374
24.46135896438691,0.7520938383608029
24.481360075559753,0.7522813074055463
24.5013611867326,0.7524688971987875
24.52136229790544,0.752656607649087
24.541363409078283,0.752844438664947
24.561364520251125,0.7530323901548106
24.581365631423967,0.7532204620270627
24.601366742596813,0.7534086541900289
24.621367853769655,0.7535969665519764
24.641368964942497,0.7537853990211141
24.66137007611534,0.7539739515055918
24.681371187288182,0.7541626239135011
24.701372298461028,0.7543514161528756
24.72137340963387,0.7545403281316894
24.741374520806712,0.7547293597578594
24.761375631979554,0.7549185109392433
24.7813767431524,0.755107781583641
24.801377854325242,0.7552971715987941
24.821378965498084,0.7554866808923857
24.841380076670927,0.7556763093720413
24.86138118784377,0.7558660569453279
24.881382299016614,0.7560559235197546
24.901383410189457,0.7562459090027723
24.9213845213623,0.7564360133017742
24.94138563253514,0.7566262363240954
24.961386743707983,0.7568165779770136
24.98138785488083,0.7570070381677477
25.00138896605367,0.7571976168034599
25.021390077226513,0.7573883137912536
25.041391188399356,0.7575791290381757
25.061392299572198,0.7577700624512145
25.081393410745044,0.757961113937301
25.101394521917886,0.7581522834033088
25.121395633090728,0.7583435707560539
25.14139674426357,0.7585349759022946
25.161397855436412,0.7587264987487322
25.181398966609258,0.7589181392020103
25.2014000777821,0.7591098971687155
25.221401188954943,0.7593017725553767
25.241402300127785,0.7594937652684657
25.261403411300627,0.7596858752143973
25.281404522473473,0.7598781022995291
25.301405633646315,0.7600704464301616
25.321406744819157,0.760262907512538
25.341407855992,0.7604554854528449
25.361408967164845,0.7606481801572115
25.381410078337687,0.7608409915317104
25.40141118951053,0.7610339194823572
25.42141230068337,0.7612269639151108
25.441413411856214,0.7614201247358732
25.46141452302906,0.7616134018504896
25.481415634201902,0.7618067951647488
25.501416745374744,0.7620003045843825
25.521417856547586,0.7621939300150665
25.54141896772043,0.7623876713624191
25.561420078893274,0.7625815285320032
25.581421190066116,0.7627755014293242
25.60142230123896,0.7629695899598318
25.6214234124118,0.763163794028919
25.641424523584643,0.7633581135419227
25.66142563475749,0.7635525484041232
25.68142674593033,0.7637470985207451
25.701427857103173,0.7639417637969561
25.721428968276015,0.7641365441378685
25.741430079448858,0.7643314394485379
25.761431190621703,0.7645264496339644
25.781432301794545,0.7647215745990916
25.801433412967388,0.7649168142488076
25.82143452414023,0.7651121684879443
25.841435635313072,0.7653076372212779
25.861436746485918,0.7655032203535288
25.88143785765876,0.7656989177893613
25.901438968831602,0.7658947294333844
25.921440080004444,0.7660906551901513
25.94144119117729,0.7662866949641595
25.961442302350132,0.7664828486598511
25.981443413522975,0.7666791161816123
26.001444524695817,0.7668754974337744
26.02144563586866,0.7670719923206124
26.041446747041505,0.7672686007463472
26.061447858214347,0.7674653226151429
26.08144896938719,0.7676621578311094
26.10145008056003,0.7678591062983007
26.121451191732874,0.7680561679207161
26.14145230290572,0.7682533426022993
26.16145341407856,0.7684506302469392
26.181454525251404,0.7686480307584693
26.201455636424246,0.7688455440406685
26.221456747597088,0.7690431699972605
26.241457858769934,0.7692409085319141
26.261458969942776,0.7694387595482431
26.28146008111562,0.7696367229498068
26.30146119228846,0.7698347986401094
26.321462303461303,0.7700329865226003
26.34146341463415,0.7702312865006751
26.36146452580699,0.7704296984776732
26.381465636979833,0.7706282223568808
26.401466748152675,0.7708268580415287
26.421467859325517,0.7710256054347938
26.441468970498363,0.7712244644397982
26.461470081671205,0.7714234349596096
26.481471192844047,0.7716225168972415
26.50147230401689,0.7718217101556528
26.521473415189735,0.7720210146377485
26.541474526362578,0.7722204302463793
26.56147563753542,0.7724199568843414
26.581476748708262,0.7726195944543772
26.601477859881104,0.7728193428591753
26.62147897105395,0.7730192020013695
26.641480082226792,0.7732191717835405
26.661481193399634,0.773419252108214
26.681482304572476,0.7736194428778631
26.70148341574532,0.7738197439949059
26.721484526918164,0.7740201553617077
26.741485638091007,0.7742206768805792
26.76148674926385,0.7744213084537779
26.78148786043669,0.7746220499835075
26.801488971609533,0.7748229013719181
26.82149008278238,0.7750238625211067
26.84149119395522,0.7752249333331159
26.861492305128063,0.7754261137099355
26.881493416300906,0.7756274035535017
26.901494527473748,0.7758288027656975
26.921495638646594,0.7760303112483524
26.941496749819436,0.7762319289032428
26.961497860992278,0.7764336556320915
26.98149897216512,0.7766354913365687
27.001500083337962,0.7768374359182912
27.021501194510808,0.7770394892788225
27.04150230568365,0.7772416513196734
27.061503416856493,0.7774439219423017
27.081504528029335,0.7776463010481122
27.10150563920218,0.7778487885384566
27.121506750375023,0.7780513843146344
27.141507861547865,0.7782540882778914
27.161508972720707,0.7784569003294216
27.18151008389355,0.7786598203703659
27.201511195066395,0.7788628483018121
27.221512306239237,0.7790659840247963
27.24151341741208,0.7792692274403015
27.26151452858492,0.7794725784492581
27.281515639757764,0.7796760369525445
27.30151675093061,0.7798796028509866
27.321517862103452,0.7800832760453574
27.341518973276294,0.7802870564363784
27.361520084449136,0.7804909439247183
27.38152119562198,0.780694938410994
27.401522306794824,0.7808990397957696
27.421523417967666,0.7811032479795581
27.44152452914051,0.7813075628628192
27.46152564031335,0.7815119843459617
27.481526751486193,0.7817165123293418
27.50152786265904,0.7819211467132641
27.52152897383188,0.782125887397981
27.541530085004723,0.7823307342836935
27.561531196177565,0.7825356872705505
27.581532307350408,0.7827407462586492
27.601533418523253,0.7829459111480355
27.621534529696095,0.7831511818387031
27.641535640868938,0.7833565582305948
27.66153675204178,0.7835620402236012
27.681537863214626,0.783767627717562
27.701538974387468,0.783973320612265
27.72154008556031,0.784179118807447
27.741541196733152,0.7843850222027933
27.761542307905994,0.7845910306979378
27.78154341907884,0.7847971441924634
27.801544530251682,0.7850033625859018
27.821545641424525,0.7852096857777333
27.841546752597367,0.7854161136673875
27.86154786377021,0.7856226461542426
27.881548974943055,0.7858292831376262
27.901550086115897,0.7860360245168145
27.92155119728874,0.7862428701910332
27.94155230846158,0.7864498200594573
27.961553419634424,0.7866568740212101
27.98155453080727,0.7868640319753655
28.00155564198011,0.7870712938209454
28.021556753152954,0.7872786594569221
28.041557864325796,0.7874861287822168
28.061558975498638,0.7876937016957
28.081560086671484,0.7879013780961922
28.101561197844326,0.788109157882463
28.12156230901717,0.7883170409532321
28.14156342019001,0.7885250272071682
28.161564531362856,0.7887331165428904
28.1815656425357,0.7889413088589668
28.20156675370854,0.7891496040539161
28.221567864881383,0.7893580020262061
28.241568976054225,0.7895665026742553
28.26157008722707,0.7897751058964316
28.281571198399913,0.7899838115910529
28.301572309572755,0.7901926196563873
28.321573420745597,0.790401529990653
28.34157453191844,0.7906105424920185
28.361575643091285,0.790819657058602
28.381576754264128,0.7910288735884725
28.40157786543697,0.791238191979649
28.421578976609812,0.7914476121301008
28.441580087782654,0.791657133937748
28.4615811989555,0.7918667573004607
28.481582310128342,0.7920764821160596
28.501583421301184,0.7922863082823164
28.521584532474026,0.7924962356969523
28.54158564364687,0.7927062642576406
28.561586754819714,0.7929163938620041
28.581587865992557,0.7931266244076169
28.6015889771654,0.7933369557920038
28.62159008833824,0.7935473879126407
28.641591199511083,0.7937579206669537
28.66159231068393,0.7939685539523206
28.68159342185677,0.7941792876660698
28.701594533029613,0.7943901217054807
28.721595644202456,0.7946010559677844
28.7415967553753,0.7948120903501621
28.761597866548144,0.7950232247497472
28.781598977720986,0.7952344590636236
28.801600088893828,0.795445793188827
28.82160120006667,0.7956572270223441
28.841602311239516,0.7958687604611137
28.861603422412358,0.7960803934020247
28.8816045335852,0.7962921257419189
28.901605644758043,0.796503957377589
28.921606755930885,0.7967158882057792
28.94160786710373,0.7969279181231855
28.961608978276573,0.7971400470264558
28.981610089449415,0.7973522748121893
29.001611200622257,0.7975646013769374
29.0216123117951,0.7977770266172035
29.041613422967945,0.797989550429442
29.061614534140787,0.7982021727100604
29.08161564531363,0.7984148933554173
29.10161675648647,0.7986277122618239
29.121617867659314,0.7988406293255434
29.14161897883216,0.799053644442791
29.161620090005,0.7992667575097342
29.181621201177844,0.7994799684224927
29.201622312350686,0.7996932770771384
29.22162342352353,0.799906683369696
29.241624534696374,0.8001201871961422
29.261625645869216,0.800333788452406
29.28162675704206,0.8005474870343697
29.3016278682149,0.8007612828378671
29.321628979387746,0.8009751757586856
29.34163009056059,0.8011891656925643
29.36163120173343,0.8014032525351962
29.381632312906273,0.8016174361822255
29.401633424079115,0.8018317165292508
29.42163453525196,0.8020460934718228
29.441635646424803,0.8022605669054448
29.461636757597645,0.8024751367255736
29.481637868770488,0.802689802827619
29.50163897994333,0.8029045651069435
29.521640091116176,0.8031194234588632
29.541641202289018,0.8033343777786469
29.56164231346186,0.8035494279615168
29.581643424634702,0.8037645739026488
29.601644535807544,0.8039798154971711
29.62164564698039,0.8041951526401666
29.641646758153232,0.8044105852266703
29.661647869326075,0.8046261131516718
29.681648980498917,0.8048417363101134
29.70165009167176,0.8050574545968914
29.721651202844605,0.8052732679068557
29.741652314017447,0.8054891761348099
29.76165342519029,0.8057051791755111
29.78165453636313,0.8059212769236703
29.801655647535974,0.8061374692739527
29.82165675870882,0.8063537561209766
29.84165786988166,0.8065701373593153
29.861658981054504,0.8067866128834948
29.881660092227346,0.8070031825879963
29.90166120340019,0.8072198463672546
29.921662314573034,0.8074366041156585
29.941663425745876,0.8076534557275513
29.96166453691872,0.8078704010972304
29.98166564809156,0.8080874401189475
30.001666759264406,0.8083045726869086
30.02166787043725,0.8085217986952742
30.04166898161009,0.8087391180381591
30.061670092782933,0.8089565306096331
30.081671203955775,0.8091740363037196
30.10167231512862,0.8093916350143979
30.121673426301463,0.8096093266356006
30.141674537474305,0.8098271110612161
30.161675648647147,0.8100449881850867
30.18167675981999,0.8102629579010103
30.201677870992835,0.8104810201027393
30.221678982165677,0.8106991746839808
30.24168009333852,0.8109174215383972
30.261681204511362,0.8111357605596058
30.281682315684204,0.8113541916411791
30.30168342685705,0.8115727146766444
30.321684538029892,0.8117913295594845
30.341685649202734,0.8120100361831373
30.361686760375576,0.8122288344409961
30.38168787154842,0.8124477242264093
30.401688982721264,0.812666705432681
30.421690093894107,0.8128857779530704
30.44169120506695,0.8131049416807924
30.46169231623979,0.8133241965090174
30.481693427412637,0.8135435423308714
30.50169453858548,0.8137629790394361
30.52169564975832,0.8139825065277485
30.541696760931163,0.814202124688802
30.561697872104006,0.8144218334155454
30.58169898327685,0.8146416326008836
30.601700094449694,0.8148615221376769
30.621701205622536,0.8150815019187424
30.641702316795378,0.8153015718368519
30.66170342796822,0.8155217317847351
30.681704539141066,0.8157419816550758
30.701705650313908,0.8159623213405158
30.72170676148675,0.8161827507336517
30.741707872659592,0.8164032697270371
30.761708983832435,0.816623878213182
30.78171009500528,0.8168445760845524
30.801711206178123,0.8170653632335708
30.821712317350965,0.8172862395526164
30.841713428523807,0.8175072049340247
30.86171453969665,0.8177282592700879
30.881715650869495,0.817949402453055
30.901716762042337,0.8181706343751313
30.92171787321518,0.8183919549284793
30.94171898438802,0.8186133640052177
30.961720095560864,0.8188348614974228
30.98172120673371,0.8190564472971272
31.00172231790655,0.8192781212963208
31.021723429079394,0.8194998833869502
31.041724540252236,0.8197217334609195
31.061725651425082,0.8199436714100894
31.081726762597924,0.8201656971262782
31.101727873770766,0.8203878105012611
31.12172898494361,0.8206100114267707
31.14173009611645,0.8208322997944972
31.161731207289296,0.8210546754960875
31.18173231846214,0.8212771384231469
31.20173342963498,0.8214996884672369
31.221734540807823,0.8217223255198779
31.241735651980665,0.8219450494725468
31.26173676315351,0.822167860216679
31.281737874326353,0.8223907576436666
31.301738985499195,0.8226137416448608
31.321740096672038,0.8228368121115692
31.34174120784488,0.8230599689350582
31.361742319017726,0.8232832120065516
31.381743430190568,0.8235065412172315
31.40174454136341,0.8237299564582379
31.421745652536252,0.8239534576206684
31.441746763709094,0.8241770445955798
31.46174787488194,0.8244007172739859
31.481748986054782,0.8246244755468597
31.501750097227625,0.8248483193051315
31.521751208400467,0.8250722484396906
31.54175231957331,0.8252962628413849
31.561753430746155,0.8255203624010199
31.581754541918997,0.8257445470093604
31.60175565309184,0.8259688165571292
31.62175676426468,0.8261931709350079
31.641757875437527,0.8264176100336369
31.66175898661037,0.8266421337436151
31.68176009778321,0.8268667419554999
31.701761208956054,0.8270914345598085
31.721762320128896,0.8273162114470156
31.74176343130174,0.827541072507556
31.761764542474584,0.8277660176318224
31.781765653647426,0.8279910467101679
31.801766764820268,0.8282161596329032
31.82176787599311,0.828441356290299
31.841768987165956,0.8286666365725851
31.8617700983388,0.8288920003699504
31.88177120951164,0.8291174475725429
31.901772320684483,0.8293429780704704
31.921773431857325,0.8295685917537999
31.94177454303017,0.8297942885125577
31.961775654203013,0.8300200682367296
31.981776765375855,0.8302459308162611
32.0017778765487,0.8304718761410577
32.02177898772154,0.8306979041009834
32.041780098894385,0.8309240145858636
32.061781210067224,0.8311502074854817
32.08178232124007,0.8313764826895823
32.101783432412915,0.8316028400878692
32.121784543585754,0.8318292795700064
32.1417856547586,0.8320558010256176
32.16178676593144,0.8322824043442867
32.181787877104284,0.832509089415558
32.20178898827713,0.8327358561289355
32.22179009944997,0.8329627043738836
32.241791210622814,0.8331896340398267
32.26179232179565,0.8334166450161502
32.2817934329685,0.8336437371921991
32.301794544141345,0.8338709104572793
32.32179565531418,0.8340981647006568
32.34179676648703,0.8343254998115587
32.36179787765987,0.8345529156791718
32.38179898883271,0.8347804121926443
32.40180010000556,0.8350079892410851
32.4218012111784,0.8352356467135631
32.44180232235124,0.835463384499109
32.46180343352409,0.8356912024867135
32.48180454469693,0.8359191005653285
32.501805655869774,0.8361470786238671
32.52180676704261,0.8363751365512031
32.54180787821546,0.8366032742361714
32.561808989388304,0.8368314915675685
32.58181010056114,0.8370597884341512
32.60181121173399,0.8372881647246384
32.62181232290683,0.8375166203277096
32.64181343407967,0.8377451551320061
32.66181454525252,0.8379737690261304
32.68181565642536,0.8382024618986466
32.7018167675982,0.8384312336380799
32.72181787877104,0.8386600841329175
32.74181898994389,0.8388890132716084
32.76182010111673,0.8391180209425624
32.78182121228957,0.8393471070341517
32.80182232346242,0.83957627143471
32.821823434635256,0.8398055140325333
32.8418245458081,0.840034834715879
32.86182565698095,0.8402642333729665
32.881826768153786,0.840493709891977
32.90182787932663,0.8407232641610546
32.92182899049947,0.8409528960683041
32.941830101672316,0.841182605501794
32.96183121284516,0.841412392349554
32.981832324018,0.8416422564995761
33.001833435190846,0.8418721978398154
33.021834546363685,0.8421022162581883
33.04183565753653,0.8423323116425746
33.06183676870938,0.8425624838808158
33.081837879882215,0.8427927328607163
33.10183899105506,0.8430230584700431
33.1218401022279,0.8432534605965261
33.141841213400745,0.8434839391278574
33.16184232457359,0.8437144939516921
33.18184343574643,0.843945124955648
33.201844546919276,0.844175832027306
33.221845658092114,0.8444066150542097
33.24184676926496,0.8446374739238658
33.261847880437806,0.844868408523744
33.281848991610644,0.8450994187412769
33.30185010278349,0.8453305044638608
33.32185121395633,0.8455616655788545
33.341852325129175,0.8457929019735805
33.36185343630202,0.8460242135353242
33.38185454747486,0.846255600151335
33.401855658647705,0.8464870617088252
33.42185676982054,0.8467185980949706
33.44185788099339,0.8469502091969108
33.461858992166235,0.8471818949017488
33.48186010333907,0.8474136550965511
33.50186121451192,0.8476454896683482
33.52186232568476,0.8478773985041341
33.541863436857604,0.8481093814908667
33.56186454803045,0.8483414385154678
33.58186565920329,0.848573569464823
33.601866770376134,0.848805774225782
33.62186788154898,0.8490380526851584
33.64186899272182,0.8492704047297299
33.661870103894664,0.8495028302462384
33.6818712150675,0.8497353291213899
33.70187232624035,0.8499679012418547
33.721873437413194,0.8502005464942675
33.74187454858603,0.8504332647652268
33.76187565975888,0.8506660559412964
33.78187677093172,0.850898919909004
33.80187788210456,0.8511318565548418
33.82187899327741,0.8513648657652668
33.84188010445025,0.8515979474267004
33.86188121562309,0.8518311014255289
33.88188232679593,0.8520643276481032
33.90188343796878,0.8522976259807391
33.92188454914162,0.8525309963097172
33.94188566031446,0.8527644385212829
33.96188677148731,0.8529979525016468
33.981887882660146,0.8532315381369842
34.00188899383299,0.8534651953134358
34.02189010500584,0.8536989239171071
34.041891216178676,0.8539327238340693
34.06189232735152,0.8541665949503581
34.08189343852436,0.854400537151975
34.10189454969721,0.8546345503248869
34.12189566087005,0.854868634355026
34.14189677204289,0.8551027891282895
34.16189788321574,0.855337014530541
34.181898994388575,0.8555713104476088
34.20190010556142,0.8558056767652876
34.22190121673427,0.8560401133693373
34.241902327907106,0.8562746201454834
34.26190343907995,0.8565091969794176
34.28190455025279,0.8567438437567975
34.301905661425636,0.8569785603632462
34.32190677259848,0.8572133466843529
34.34190788377132,0.8574482026056729
34.361908994944166,0.8576831280127278
34.381910106117004,0.8579181227910049
34.40191121728985,0.8581531868259578
34.421912328462696,0.8583883200030066
34.441913439635535,0.8586235222075373
34.46191455080838,0.8588587933249028
34.48191566198122,0.8590941332404216
34.501916773154065,0.8593295418393796
34.52191788432691,0.8595650190070285
34.54191899549975,0.8598005646285868
34.561920106672595,0.8600361785892399
34.581921217845434,0.8602718607741393
34.60192232901828,0.860507611068404
34.621923440191125,0.8607434293571192
34.641924551363964,0.8609793155253371
34.66192566253681,0.861215269458077
34.68192677370965,0.8614512910403251
34.701927884882494,0.8616873801570344
34.72192899605534,0.8619235366931252
34.74193010722818,0.8621597605334848
34.761931218401024,0.862396051562968
34.78193232957387,0.8626324096663964
34.80193344074671,0.8628688347285591
34.821934551919554,0.8631053266342129
34.84193566309239,0.8633418852680815
34.86193677426524,0.8635785105148563
34.881937885438084,0.8638152022591963
34.90193899661092,0.8640519603857277
34.92194010778377,0.864288784779045
34.94194121895661,0.8645256753237098
34.96194233012945,0.864762631904252
34.9819434413023,0.8649996544051687
35.00194455247514,0.8652367427109253
35.02194566364798,0.865473896705955
35.04194677482082,0.8657111162746589
35.06194788599367,0.8659484013014063
35.08194899716651,0.8661857516705346
35.10195010833935,0.8664231672663489
35.1219512195122,0.8666606479731234
35.14195233068504,0.8668981936750995
35.16195344185788,0.8671358042564878
35.18195455303073,0.8673734796014669
35.20195566420357,0.8676112195941836
35.22195677537641,0.8678490241187538
35.24195788654925,0.8680868930592611
35.2619589977221,0.8683248262997587
35.28196010889494,0.8685628237242676
35.30196122006778,0.868800885216778
35.32196233124063,0.8690390106612488
35.341963442413466,0.8692771999416073
35.36196455358631,0.8695154529417505
35.38196566475916,0.8697537695455436
35.401966775931996,0.8699921496368211
35.42196788710484,0.8702305930993868
35.44196899827768,0.8704690998170128
35.461970109450526,0.8707076696734414
35.48197122062337,0.8709463025523834
35.50197233179621,0.8711849983375191
35.521973442969056,0.8714237569124983
35.541974554141895,0.8716625781609398
35.56197566531474,0.8719014619664325
35.581976776487586,0.8721404082125339
35.601977887660425,0.8723794167827719
35.62197899883327,0.8726184875606435
35.64198011000611,0.8728576204296156
35.661981221178955,0.873096815273125
35.6819823323518,0.8733360719745777
35.70198344352464,0.8735753904173502
35.721984554697485,0.8738147704847887
35.741985665870324,0.8740542120602092
35.76198677704317,0.8742937150268977
35.781987888216015,0.8745332792681104
35.801988999388854,0.8747729046670738
35.8219901105617,0.8750125911069845
35.841991221734546,0.8752523384710089
35.861992332907384,0.8754921466422843
35.88199344408023,0.8757320155039181
35.90199455525307,0.875971944938988
35.921995666425914,0.8762119348305425
35.94199677759876,0.8764519850616004
35.9619978887716,0.8766920955151509
35.981998999944445,0.8769322660741546
36.00200011111728,0.8771724966215417
36.02200122229013,0.8774127870402142
36.042002333462975,0.8776531372130443
36.06200344463581,0.8778935470228749
36.08200455580866,0.8781340163525206
36.1020056669815,0.8783745450847664
36.12200677815434,0.8786151331023685
36.14200788932719,0.8788557802880542
36.16200900050003,0.8790964865245219
36.182010111672874,0.8793372516944412
36.20201122284571,0.8795780756804532
36.22201233401856,0.8798189583651702
36.242013445191404,0.8800598996311757
36.26201455636424,0.8803008993610248
36.28201566753709,0.8805419574372443
36.30201677870993,0.8807830737423321
36.32201788988277,0.8810242481587582
36.34201900105562,0.881265480568964
36.36202011222846,0.8815067708553627
36.3820212234013,0.8817481189003393
36.40202233457414,0.8819895245862505
36.42202344574699,0.8822309877954251
36.44202455691983,0.8824725084101638
36.46202566809267,0.8827140863127393
36.48202677926552,0.8829557213853965
36.502027890438356,0.883197413510352
36.5220290016112,0.8834391625697952
36.54203011278405,0.8836809684458874
36.562031223956886,0.8839228310207621
36.58203233512973,0.8841647501765254
36.60203344630257,0.8844067257952558
36.622034557475416,0.8846487577590043
36.64203566864826,0.8848908459497942
36.6620367798211,0.8851329902496216
36.682037890993946,0.8853751905404551
36.702039002166785,0.8856174467042363
36.72204011333963,0.8858597586228791
36.74204122451248,0.8861021261782708
36.762042335685315,0.8863445492522709
36.78204344685816,0.8865870277267127
36.802044558031,0.8868295614834015
36.822045669203845,0.8870721504041166
36.84204678037669,0.8873147943706096
36.86204789154953,0.8875574932646058
36.882049002722376,0.8878002469678036
36.902050113895214,0.8880430553618746
36.92205122506806,0.8882859183284637
36.942052336240906,0.8885288357491896
36.962053447413744,0.8887718075056438
36.98205455858659,0.8890148334793917
37.002055669759436,0.8892579135519725
37.022056780932274,0.8895010476048985
37.04205789210512,0.889744235519656
37.06205900327796,0.8899874771777049
37.082060114450805,0.8902307724604792
37.10206122562365,0.8904741212493866
37.12206233679649,0.8907175234258083
37.142063447969335,0.8909609788711004
37.16206455914217,0.8912044874665919
37.18206567031502,0.891448049093587
37.202066781487865,0.8916916636333633
37.222067892660704,0.8919353309671726
37.24206900383355,0.8921790509762416
37.26207011500639,0.8924228235417708
37.282071226179234,0.8926666485449352
37.30207233735208,0.8929105258668841
37.32207344852492,0.8931544553887417
37.342074559697764,0.8933984369916064
37.3620756708706,0.8936424705565512
37.38207678204345,0.8938865559646241
37.402077893216294,0.8941306930968475
37.42207900438913,0.8943748818342186
37.44208011556198,0.8946191220577098
37.46208122673482,0.8948634136482679
37.48208233790766,0.8951077564868152
37.50208344908051,0.8953521504542485
37.52208456025335,0.8955965954314399
37.54208567142619,0.8958410912992368
37.56208678259903,0.8960856379384615
37.58208789377188,0.896330235229912
37.60208900494472,0.896574883054361
37.62209011611756,0.8968195812925567
37.64209122729041,0.8970643298252233
37.662092338463246,0.89730912853306
37.68209344963609,0.8975539772967415
37.70209456080894,0.8977988759969183
37.722095671981776,0.8980438245142164
37.74209678315462,0.8982888227292378
37.76209789432746,0.8985338705225598
37.78209900550031,0.8987789677747361
37.80210011667315,0.8990241143662958
37.82210122784599,0.8992693101777443
37.84210233901884,0.8995145550895626
37.862103450191675,0.8997598489822082
37.88210456136452,0.9000051917361147
37.90210567253737,0.9002505832316916
37.922106783710205,0.9004960233493245
37.94210789488305,0.9007415119693761
37.96210900605589,0.9009870489721845
37.982110117228736,0.901232634238065
38.00211122840158,0.9014782676473088
38.02211233957442,0.9017239490801838
38.042113450747266,0.9019696784169348
38.062114561920104,0.9022154555377827
38.08211567309295,0.9024612803229257
38.102116784265796,0.9027071526525383
38.122117895438635,0.9029530724067718
38.14211900661148,0.9031990394657552
38.162120117784326,0.9034450537095932
38.182121228957165,0.9036911150183683
38.20212234013001,0.90393722327214
38.22212345130285,0.9041833783509446
38.242124562475695,0.9044295801347961
38.26212567364854,0.9046758285036852
38.28212678482138,0.90492212333758
38.302127895994225,0.9051684645164263
38.322129007167064,0.9054148519201468
38.34213011833991,0.9056612854286421
38.362131229512755,0.9059077649217901
38.382132340685594,0.9061542902794464
38.40213345185844,0.906400861381444
38.42213456303128,0.9066474781075939
38.442135674204124,0.906894140337685
38.46213678537697,0.9071408479514834
38.48213789654981,0.9073876008287336
38.502139007722654,0.9076343988491578
38.52214011889549,0.9078812418924562
38.54214123006834,0.9081281298383076
38.562142341241184,0.9083750625663679
38.58214345241402,0.9086220399562719
38.60214456358687,0.9088690618876325
38.62214567475971,0.9091161282400407
38.64214678593255,0.9093632388930664
38.6621478971054,0.909610393726257
38.68214900827824,0.9098575926191388
38.70215011945108,0.9101048354512171
38.72215123062392,0.9103521221019751
38.74215234179677,0.910599452450875
38.76215345296961,0.9108468263773575
38.78215456414245,0.9110942437608421
38.8021556753153,0.9113417044807275
38.82215678648814,0.9115892084163906
38.84215789766098,0.9118367554471877
38.86215900883383,0.9120843454524541
38.88216012000667,0.9123319783115037
38.90216123117951,0.9125796539036302
38.92216234235235,0.9128273721081058
38.9421634535252,0.9130751328041826
38.96216456469804,0.9133229358710915
38.98216567587088,0.9135707811880426
39.00216678704373,0.913818668634226
39.022167898216566,0.9140665980888107
39.04216900938941,0.9143145694309458
39.06217012056226,0.9145625825397594
39.082171231735096,0.9148106372943594
39.10217234290794,0.9150587335738338
39.12217345408078,0.9153068712572499
39.142174565253626,0.9155550502236549
39.16217567642647,0.915803270352076
39.18217678759931,0.9160515315215202
39.202177898772156,0.9162998336109748
39.222179009944995,0.9165481764994067
39.24218012111784,0.9167965600657633
39.262181232290686,0.9170449841889718
39.282182343463525,0.9172934487479402
39.30218345463637,0.9175419536215561
39.322184565809216,0.917790498688688
39.342185676982055,0.9180390838281844
39.3621867881549,0.9182877089188748
39.38218789932774,0.9185363738395683
39.402189010500585,0.9187850784690558
39.42219012167343,0.9190338226861078
39.44219123284627,0.9192826063694761
39.462192344019115,0.9195314293978931
39.482193455191954,0.9197802916500718
39.5021945663648,0.9200291930047065
39.522195677537646,0.9202781333404723
39.542196788710484,0.9205271125360249
39.56219789988333,0.9207761304700016
39.58219901105617,0.9210251870210204
39.602200122229014,0.9212742820676811
39.62220123340186,0.9215234154885639
39.6422023445747,0.9217725871622308
39.662203455747544,0.9220217969672251
39.68220456692038,0.9222710447820716
39.70220567809323,0.9225203304852762
39.722206789266075,0.9227696539553266
39.74220790043891,0.9230190150706923
39.76220901161176,0.923268413709824
39.7822101227846,0.9235178497511544
39.80221123395744,0.923767323073098
39.82221234513029,0.9240168335540507
39.84221345630313,0.924266381072391
39.862214567475974,0.9245159655064787
39.88221567864881,0.9247655867346559
39.90221678982166,0.9250152446352469
39.922217900994504,0.9252649390865578
39.94221901216734,0.9255146699668769
39.96222012334019,0.9257644371544752
39.98222123451303,0.9260142405276054
40.00222234568587,0.926264079964503
40.02222345685872,0.9265139553433858
40.04222456803156,0.9267638665424538
40.0622256792044,0.92701381343989
40.08222679037724,0.9272637959138597
40.10222790155009,0.927513813842511
40.12222901272293,0.9277638671039746
40.14223012389577,0.928013955576364
40.16223123506862,0.9282640791377758
40.182232346241456,0.9285142376662889
40.2022334574143,0.9287644310399659
40.22223456858715,0.9290146591368517
40.242235679759986,0.9292649218349749
40.26223679093283,0.9295152190123467
40.28223790210567,0.9297655505469619
40.302239013278516,0.9300159163167983
40.32224012445136,0.9302663161998174
40.3422412356242,0.9305167500739632
40.362242346797046,0.9307672178171642
40.382243457969885,0.9310177193073317
40.40224456914273,0.9312682544223609
40.42224568031558,0.9315188230401303
40.442246791488415,0.9317694250385024
40.46224790266126,0.9320200602953229
40.48224901383411,0.9322707286884222
40.502250125006945,0.9325214300956134
40.52225123617979,0.9327721643946945
40.54225234735263,0.9330229314634468
40.562253458525475,0.9332737311796363
40.58225456969832,0.9335245634210124
40.60225568087116,0.9337754280653088
40.622256792044006,0.9340263249902437
40.642257903216844,0.9342772540735196
40.66225901438969,0.9345282151928227
40.682260125562536,0.9347792082258244
40.702261236735374,0.9350302330501797
40.72226234790822,0.9352812895435292
40.74226345908106,0.9355323775834967
40.762264570253905,0.9357834970476919
40.78226568142675,0.9360346478137084
40.80226679259959,0.9362858297591248
40.822267903772435,0.9365370427615043
40.84226901494527,0.9367882866983953
40.86227012611812,0.937039561447331
40.882271237290965,0.9372908668858295
40.902272348463804,0.9375422028913938
40.92227345963665,0.9377935693415124
40.94227457080949,0.9380449661136585
40.962275681982334,0.9382963930852911
40.98227679315518,0.9385478501338538
41.00227790432802,0.9387993371367759
41.022279015500864,0.9390508539714723
41.0422801266737,0.9393024005153428
41.06228123784655,0.9395539766457733
41.082282349019394,0.9398055822401351
41.10228346019223,0.9400572171757847
41.12228457136508,0.9403088813300651
41.14228568253792,0.9405605745803043
41.16228679371076,0.9408122968038165
41.18228790488361,0.9410640478779018
41.20228901605645,0.941315827679846
41.22229012722929,0.9415676360869213
41.24229123840213,0.9418194729763854
41.26229234957498,0.9420713382254826
41.28229346074782,0.9423232317114433
41.30229457192066,0.9425751533114837
41.32229568309351,0.9428271029028069
41.342296794266346,0.943079080362602
41.36229790543919,0.9433310855680448
41.38229901661204,0.943583118396297
41.402300127784876,0.9438351787245074
41.42230123895772,0.9440872664298112
41.44230235013056,0.9443393813893303
41.46230346130341,0.9445915234801734
41.48230457247625,0.9448436925794355
41.50230568364909,0.9450958885641989
41.52230679482194,0.9453481113115331
41.54230790599478,0.9456003606984936
41.56230901716762,0.9458526366021236
41.58231012834047,0.9461049388994534
41.602311239513305,0.9463572674674999
41.62231235068615,0.9466096221832682
41.642313461859,0.9468620029237493
41.662314573031836,0.9471144095659226
41.68231568420468,0.9473668419867546
41.70231679537752,0.9476193000631987
41.722317906550366,0.9478717836721967
41.74231901772321,0.9481242926906772
41.76232012889605,0.9483768269955567
41.782321240068896,0.9486293864637396
41.802322351241735,0.9488819709721175
41.82232346241458,0.9491345803975703
41.842324573587426,0.9493872146169656
41.862325684760265,0.9496398735071586
41.88232679593311,0.949892556944993
41.90232790710595,0.9501452648073001
41.922329018278795,0.9503979969708997
41.94233012945164,0.9506507533125993
41.96233124062448,0.9509035337091949
41.982332351797325,0.9511563380374708
42.002333462970164,0.9514091661741993
42.02233457414301,0.9516620179961419
42.042335685315855,0.9519148933800474
42.062336796488694,0.952167792202654
42.08233790766154,0.9524207143406881
42.10233901883438,0.9526736596708649
42.122340130007224,0.9529266280698883
42.14234124118007,0.9531796194144506
42.16234235235291,0.9534326335812333
42.182343463525754,0.9536856704469069
42.20234457469859,0.9539387298881302
42.22234568587144,0.9541918117815518
42.242346797044284,0.9544449160038087
42.26234790821712,0.9546980424315273
42.28234901938997,0.9549511909413233
42.30235013056281,0.9552043614098011
42.32235124173565,0.9554575537135552
42.3423523529085,0.9557107677291691
42.36235346408134,0.9559640033332151
42.38235457525418,0.956217260402256
42.40235568642702,0.9564705388128434
42.42235679759987,0.9567238384415191
42.44235790877271,0.9569771591648139
42.46235901994555,0.9572305008592485
42.4823601311184,0.9574838634013341
42.50236124229124,0.9577372466675707
42.52236235346408,0.9579906505344487
42.54236346463693,0.9582440748784484
42.56236457580977,0.9584975195760402
42.58236568698261,0.9587509845036847
42.60236679815545,0.959004469537832
42.6223679093283,0.9592579745549233
42.64236902050114,0.9595114994313894
42.66237013167398,0.9597650440436515
42.68237124284683,0.9600186082681215
42.70237235401967,0.9602721919812014
42.72237346519251,0.9605257950592839
42.74237457636536,0.9607794173787524
42.762375687538196,0.9610330588159803
42.78237679871104,0.9612867192473326
42.80237790988389,0.9615403985491642
42.822379021056726,0.9617940965978212
42.84238013222957,0.9620478132696406
42.86238124340241,0.9623015484409502
42.882382354575256,0.9625553019880688
42.9023834657481,0.9628090737873065
42.92238457692094,0.9630628637149637
42.942385688093786,0.9633166716473331
42.962386799266625,0.9635704974606978
42.98238791043947,0.9638243410313325
43.002389021612316,0.9640782022355031
43.022390132785155,0.964332080949467
43.042391243958,0.964585977049473
43.06239235513084,0.9648398904117618
43.082393466303685,0.9650938209125649
43.10239457747653,0.9653477684281062
43.12239568864937,0.9656017328346008
43.142396799822215,0.9658557140082561
43.162397910995054,0.9661097118252706
43.1823990221679,0.9663637261618354
43.202400133340745,0.9666177568941332
43.222401244513584,0.9668718038983387
43.24240235568643,0.9671258670506188
43.26240346685927,0.9673799462271321
43.282404578032114,0.9676340413040302
43.30240568920496,0.9678881521574563
43.3224068003778,0.9681422786635459
43.342407911550644,0.9683964206984274
43.36240902272348,0.968650578138221
43.38241013389633,0.9689047508590399
43.402411245069175,0.9691589387369896
43.42241235624201,0.969413141648168
43.44241346741486,0.9696673594686664
43.4624145785877,0.969921592074568
43.48241568976054,0.9701758393419493
43.50241680093339,0.9704301011468793
43.52241791210623,0.9706843773654202
43.54241902327907,0.9709386678736274
43.56242013445191,0.9711929725475485
43.58242124562476,0.9714472912632252
43.602422356797604,0.9717016238966915
43.62242346797044,0.9719559703239752
43.64242457914329,0.9722103304210971
43.66242569031613,0.9724647040640713
43.68242680148897,0.9727190911289056
43.70242791266182,0.9729734914916011
43.72242902383466,0.973227905028152
43.7424301350075,0.9734823316145469
43.76243124618034,0.9737367711267673
43.78243235735319,0.9739912234407889
43.80243346852603,0.9742456884325807
43.82243457969887,0.974500165978106
43.84243569087172,0.9747546559533216
43.86243680204456,0.9750091582341786
43.8824379132174,0.9752636726966216
43.90243902439025,0.9755181992165898
43.922440135563086,0.975772737670016
43.94244124673593,0.976027287932828
43.96244235790878,0.9762818498809468
43.982443469081616,0.9765364233902882
44.00244458025446,0.9767910083367628
44.0224456914273,0.9770456045962749
44.042446802600146,0.9773002120447236
44.06244791377299,0.9775548305580026
44.08244902494583,0.9778094600120002
44.10245013611868,0.9780641002825992
44.122451247291515,0.9783187512456771
44.14245235846436,0.9785734127771066
44.16245346963721,0.978828084752755
44.182454580810045,0.9790827670484842
44.20245569198289,0.9793374595401515
44.22245680315573,0.979592162103609
44.242457914328575,0.9798468746147041
44.26245902550142,0.9801015969492792
44.28246013667426,0.9803563289831718
44.302461247847106,0.980611070592215
44.322462359019944,0.9808658216522367
44.34246347019279,0.981120582039061
44.362464581365636,0.9813753516285068
44.382465692538474,0.9816301302963883
44.40246680371132,0.9818849179185164
44.42246791488416,0.9821397143706962
44.442469026057005,0.9823945195287299
44.46247013722985,0.9826493332684142
44.48247124840269,0.9829041554655423
44.502472359575535,0.9831589859959035
44.52247347074837,0.9834138247352822
44.54247458192122,0.9836686715594596
44.562475693094065,0.9839235263442125
44.5824768042669,0.9841783889653141
44.60247791543975,0.9844332592985335
44.62247902661259,0.9846881372196363
44.642480137785434,0.9849430226043845
44.66248124895828,0.985197915328536
44.68248236013112,0.9854528152678451
44.702483471303964,0.9857077222980634
44.7224845824768,0.9859626362949382
44.74248569364965,0.9862175571342138
44.762486804822494,0.9864724846916312
44.78248791599533,0.9867274188429277
44.80248902716818,0.9869823594638379
44.82249013834102,0.9872373064300929
44.84249124951386,0.987492259617421
44.86249236068671,0.9877472189015473
44.88249347185955,0.9880021841581937
44.90249458303239,0.9882571552630797
44.92249569420523,0.9885121320919215
44.94249680537808,0.9887671145204326
44.96249791655092,0.9890221024243242
44.98249902772376,0.9892770956793041
45.00250013889661,0.9895320941610782
45.02250125006945,0.9897870977453492
45.04250236124229,0.9900421063078179
45.06250347241514,0.9902971197241823
45.082504583587976,0.9905521378701382
45.10250569476082,0.990807160621379
45.12250680593367,0.9910621878535959
45.14250791710651,0.9913172194424779
45.16250902827935,0.991572255263712
45.18251013945219,0.9918272951929828
45.20251125062504,0.9920823391059733
45.22251236179788,0.9923373868783645
45.24251347297072,0.9925924383858351
45.26251458414357,0.9928474935040624
45.282515695316405,0.9931025521087219
45.30251680648925,0.9933576140754873
45.3225179176621,0.9936126792800307
45.342519028834936,0.9938677475980224
45.36252014000778,0.9941228189051317
45.38252125118062,0.9943778930770257
45.402522362353466,0.9946329699893711
45.42252347352631,0.9948880495178323
45.44252458469915,0.9951431315380729
45.462525695871996,0.9953982159257552
45.482526807044835,0.9956533025565404
45.50252791821768,0.9959083913060885
45.522529029390526,0.9961634820500587
45.542530140563365,0.9964185746641088
45.56253125173621,0.9966736690238962
45.58253236290905,0.9969287650050769
45.602533474081895,0.9971838624833067
45.62253458525474,0.9974389613342401
45.64253569642758,0.9976940614335315
45.662536807600425,0.9979491626568341
45.682537918773264,0.998204264879801
45.70253902994611,0.9984593679780847
45.722540141118955,0.9987144718273371
45.742541252291794,0.9989695763032099
45.76254236346464,0.9992246812813546
45.78254347463748,0.9994797866374221
45.802544585810324,0.9997348922470636
45.82254569698317,0.9999899979859297
45.84254680815601,1.0002451037296711
45.862547919328854,1.0005002093539388
45.88254903050169,1.0007553147343833
45.90255014167454,1.0010104197466558
45.922551252847384,1.0012655242664072
45.94255236402022,1.0015206281692888
45.96255347519307,1.0017757313309525
45.98255458636591,1.00203083362705
46.00255569753875,1.002285934933234
46.0225568087116,1.0025410351251574
46.04255791988444,1.0027961340784735
46.06255903105728,1.0030512316688363
46.08256014223012,1.0033063277719003
46.10256125340297,1.0035614222633216
46.12256236457581,1.0038165150187561
46.14256347574865,1.0040716059138606
46.1625645869215,1.0043266948242935
46.18256569809434,1.0045817816257137
46.20256680926718,1.0048368661937808
46.22256792044003,1.0050919484041563
46.24256903161287,1.0053470281325019
46.26257014278571,1.0056021052544817
46.28257125395856,1.00585717964576
46.3025723651314,1.0061122511820026
46.32257347630424,1.0063673197388776
46.34257458747708,1.0066223851920533
46.36257569864993,1.0068774474172002
46.38257680982277,1.0071325062899903
46.40257792099561,1.0073875616860972
46.42257903216846,1.0076426134811962
46.442580143341296,1.0078976615509643
46.46258125451414,1.0081527057710804
46.48258236568699,1.0084077460172254
46.502583476859826,1.0086627821650813
46.52258458803267,1.0089178140903337
46.54258569920551,1.0091728416686687
46.562586810378356,1.0094278647757753
46.5825879215512,1.0096828832873446
46.60258903272404,1.0099378970790698
46.622590143896886,1.0101929060266464
46.642591255069725,1.0104479100057724
46.66259236624257,1.010702908892148
46.682593477415416,1.0109579025614766
46.702594588588255,1.0112128908894626
46.7225956997611,1.0114678737518148
46.74259681093394,1.0117228510242435
46.762597922106785,1.0119778225824623
46.78259903327963,1.012232788302187
46.80260014445247,1.0124877480591368
46.822601255625315,1.0127427017290336
46.842602366798154,1.0129976491876023
46.862603477971,1.0132525903105707
46.882604589143845,1.0135075249736698
46.902605700316684,1.013762453052634
46.92260681148953,1.0140173744232002
46.94260792266237,1.014272288961109
46.962609033835214,1.014527196542105
46.98261014500806,1.0147820970419348
47.0026112561809,1.0150369903363496
47.022612367353744,1.0152918763011038
47.04261347852658,1.0155467548119548
47.06261458969943,1.0158016257446645
47.082615700872275,1.0160564889749981
47.10261681204511,1.0163113443787242
47.12261792321796,1.0165661918316158
47.1426190343908,1.0168210312094497
47.16262014556364,1.0170758623880063
47.18262125673649,1.0173306852430701
47.20262236790933,1.0175854996504299
47.22262347908217,1.0178403054858782
47.24262459025502,1.0180951026252125
47.26262570142786,1.0183498909442334
47.282626812600704,1.0186046703187466
47.30262792377354,1.0188594406245617
47.32262903494639,1.0191142017374935
47.342630146119234,1.01936895353336
47.36263125729207,1.0196236958879852
47.38263236846492,1.0198784286771965
47.40263347963776,1.0201331517768264
47.4226345908106,1.0203878650627125
47.44263570198345,1.0206425684106966
47.46263681315629,1.0208972616966254
47.48263792432913,1.0211519447963515
47.50263903550197,1.0214066175857306
47.52264014667482,1.0216612799406253
47.54264125784766,1.021915931736902
47.5626423690205,1.022170572850433
47.58264348019335,1.022425203157095
47.602644591366186,1.0226798225327713
47.62264570253903,1.0229344308533492
47.64264681371188,1.023189027994722
47.662647924884716,1.0234436138327883
47.68264903605756,1.0236981882434524
47.7026501472304,1.023952751102624
47.722651258403246,1.0242073022862184
47.74265236957609,1.0244618416701567
47.76265348074893,1.0247163691303658
47.782654591921776,1.0249708845427783
47.802655703094615,1.0252253877833324
47.82265681426746,1.0254798787279729
47.84265792544031,1.02573435725265
47.862659036613145,1.0259888232333203
47.88266014778599,1.0262432765459464
47.90266125895883,1.026497717066497
47.922662370131675,1.026752144670947
47.94266348130452,1.027006559235278
47.96266459247736,1.0272609606354772
47.982665703650206,1.0275153487475392
48.002666814823044,1.0277697234474643
48.02266792599589,1.0280240846112594
48.042669037168736,1.0282784321149385
48.062670148341574,1.0285327658345218
48.08267125951442,1.0287870856460362
48.10267237068726,1.0290413914255157
48.122673481860105,1.029295683049001
48.14267459303295,1.0295499603925398
48.16267570420579,1.0298042233321862
48.182676815378635,1.0300584717440024
48.20267792655147,1.0303127055040564
48.22267903772432,1.0305669244884246
48.242680148897165,1.0308211285731894
48.26268126007,1.0310753176344414
48.28268237124285,1.031329491548278
48.30268348241569,1.0315836501908044
48.322684593588534,1.0318377934381329
48.34268570476138,1.0320919211663833
48.36268681593422,1.032346033251683
48.382687927107064,1.0326001295701674
48.40268903827991,1.032854209997979
48.42269014945275,1.0331082744112683
48.442691260625594,1.0333623226861939
48.46269237179843,1.0336163546989219
48.48269348297128,1.0338703703256262
48.502694594144124,1.0341243694424893
48.52269570531696,1.034378351925701
48.54269681648981,1.0346323176514598
48.56269792766265,1.034886266495972
48.58269903883549,1.0351401983354522
48.60270015000834,1.0353941130461237
48.62270126118118,1.0356480105042174
48.64270237235402,1.0359018905859734
48.66270348352686,1.0361557531676393
48.68270459469971,1.0364095981254726
48.70270570587255,1.036663425335738
48.72270681704539,1.0369172346747095
48.74270792821824,1.0371710260186702
48.762709039391076,1.037424799243911
48.78271015056392,1.0376785542267326
48.80271126173677,1.0379322908434438
48.822712372909606,1.038186008970363
48.84271348408245,1.038439708483817
48.86271459525529,1.0386933892601424
48.88271570642814,1.0389470511756844
48.90271681760098,1.0392006941067975
48.92271792877382,1.0394543179298452
48.94271903994667,1.039707922521201
48.962720151119505,1.039961507757247
48.98272126229235,1.0402150735143756
49.0027223734652,1.0404686196689878
49.022723484638036,1.0407221460974947
49.04272459581088,1.040975652676317
49.06272570698372,1.0412291392818844
49.082726818156566,1.0414826057906375
49.10272792932941,1.0417360520790258
49.12272904050225,1.0419894780235088
49.142730151675096,1.0422428835005564
49.162731262847934,1.0424962683866477
49.18273237402078,1.0427496325582728
49.202733485193626,1.043002975891931
49.222734596366465,1.043256298264132
49.24273570753931,1.043509599551396
49.26273681871215,1.0437628796302534
49.282737929884995,1.0440161383772448
49.30273904105784,1.0442693756689212
49.32274015223068,1.0445225913818441
49.342741263403525,1.0447757853925856
49.362742374576364,1.045028957577728
49.38274348574921,1.045282107813865
49.402744596922055,1.0455352359776005
49.422745708094894,1.0457883419455487
49.44274681926774,1.0460414255943355
49.46274793044058,1.0462944868005972
49.482749041613424,1.0465475254409813
49.50275015278627,1.0468005413921462
49.52275126395911,1.0470535345307608
49.542752375131954,1.047306504733506
49.5627534863048,1.0475594518770734
49.58275459747764,1.047812375838166
49.602755708650484,1.048065276493498
49.62275681982332,1.048318153719795
49.64275793099617,1.048571007393794
49.662759042169014,1.0488238373922434
49.68276015334185,1.0490766435919034
49.7027612645147,1.0493294258695456
49.72276237568754,1.049582184101953
49.74276348686038,1.0498349181659214
49.76276459803323,1.0500876279382567
49.78276570920607,1.050340313295778
49.80276682037891,1.050592974115316
49.82276793155175,1.0508456102737127
49.8427690427246,1.051098221647823
49.86277015389744,1.0513508081145135
49.88277126507028,1.0516033695506628
49.90277237624313,1.0518559058331618
49.92277348741597,1.0521084168389139
49.94277459858881,1.0523609024448344
49.96277570976166,1.0526133625278515
49.9827768209345,1.0528657969649053
50.00277793210734,1.0531182056329487
50.02277904328018,1.0533705884089473
50.04278015445303,1.0536229451698789
50.06278126562587,1.0538752757927343
50.08278237679871,1.0541275801545167
50.10278348797156,1.054379858132243
50.122784599144396,1.0546321096029416
50.14278571031724,1.0548843344436551
50.16278682149009,1.0551365325314381
50.182787932662926,1.055388703743359
50.20278904383577,1.0556408479564985
50.22279015500861,1.0558929650479514
50.242791266181456,1.056145054894825
50.2627923773543,1.0563971173742401
50.28279348852714,1.056649152363331
50.302794599699986,1.0569011597392453
50.322795710872825,1.0571531393791436
50.34279682204567,1.0574050911602009
50.362797933218516,1.0576570149596052
50.382799044391355,1.057908910654558
50.4028001555642,1.0581607781222753
50.42280126673704,1.0584126172399857
50.442802377909885,1.0586644278849324
50.46280348908273,1.0589162099343727
50.48280460025557,1.059167963265577
50.502805711428415,1.0594196877558304
50.522806822601254,1.0596713832824318
50.5428079337741,1.059923049722694
50.562809044946945,1.0601746869539446
50.582810156119784,1.0604262948535246
50.60281126729263,1.06067787329879
50.62281237846547,1.0609294221671108
50.642813489638314,1.0611809413358717
50.66281460081116,1.0614324306824714
50.682815711984,1.0616838900843235
50.702816823156844,1.0619353194188563
50.72281793432969,1.0621867185635125
50.74281904550253,1.0624380873957495
50.762820156675375,1.0626894257930397
50.78282126784821,1.0629407336328702
50.80282237902106,1.063192010792743
50.822823490193905,1.0634432571501748
50.84282460136674,1.063694472582698
50.86282571253959,1.0639456569678591
50.88282682371243,1.0641968101832209
50.90282793488527,1.0644479321063605
50.92282904605812,1.0646990226148703
50.94283015723096,1.0649500815863584
50.962831268403804,1.0652011088984485
50.98283237957664,1.0654521044287786
51.00283349074949,1.0657030680550035
51.022834601922334,1.0659539996547929
51.04283571309517,1.066204899105832
51.06283682426802,1.0664557662858218
51.08283793544086,1.0667066010724793
51.1028390466137,1.0669574033435372
51.12284015778655,1.0672081729767438
51.14284126895939,1.0674589098498632
51.16284238013223,1.0677096138406763
51.18284349130507,1.067960284826979
51.20284460247792,1.0682109226865837
51.22284571365076,1.0684615272973192
51.2428468248236,1.06871209853703
51.26284793599645,1.0689626362835776
51.282849047169286,1.069213140414839
51.30285015834213,1.069463610808708
51.32285126951498,1.069714047343095
51.342852380687816,1.0699644498959264
51.36285349186066,1.070214818345146
51.3828546030335,1.0704651525687132
51.402855714206346,1.0707154524446048
51.42285682537919,1.070965717850814
51.44285793655203,1.071215948665351
51.462859047724876,1.071466144766243
51.482860158897715,1.0717163060315333
51.50286127007056,1.0719664323392837
51.52286238124341,1.0722165235675714
51.542863492416245,1.0724665795944914
51.56286460358909,1.0727166002981565
51.58286571476193,1.0729665855566957
51.602866825934775,1.0732165352482557
51.62286793710762,1.0734664492510004
51.64286904828046,1.0737163274431114
51.662870159453306,1.0739661697027876
51.682871270626144,1.0742159759082455
51.70287238179899,1.0744657459377187
51.722873492971836,1.074715479669459
51.742874604144674,1.0749651769817357
51.76287571531752,1.0752148377528357
51.782876826490366,1.075464461861064
51.802877937663204,1.0757140491847434
51.82287904883605,1.0759635996022143
51.84288016000889,1.0762131129918355
51.862881271181735,1.076462589231984
51.88288238235458,1.0767120282010538
51.90288349352742,1.0769614297774583
51.922884604700265,1.0772107938396291
51.9428857158731,1.0774601202660152
51.96288682704595,1.0777094089350845
51.982887938218795,1.0779586597253232
52.002889049391634,1.0782078725152362
52.02289016056448,1.0784570471833466
52.04289127173732,1.078706183608196
52.062892382910164,1.078955281668345
52.08289349408301,1.079204341242373
52.10289460525585,1.0794533622088776
52.122895716428694,1.0797023444464753
52.14289682760153,1.0799512878338022
52.16289793877438,1.0802001922495126
52.182899049947224,1.08044905757228
52.20290016112006,1.080697883680797
52.22290127229291,1.0809466704537753
52.24290238346575,1.081195417769946
52.26290349463859,1.081444125508059
52.28290460581144,1.0816927935468836
52.30290571698428,1.0819414217652086
52.32290682815712,1.0821900100418422
52.34290793932996,1.0824385582556122
52.36290905050281,1.0826870662853656
52.38291016167565,1.0829355340099691
52.40291127284849,1.0831839613083092
52.42291238402134,1.083432348059292
52.442913495194176,1.083680694141843
52.46291460636702,1.0839289994349086
52.48291571753987,1.0841772638174538
52.502916828712706,1.0844254871684644
52.52291793988555,1.0846736693669456
52.54291905105839,1.0849218102919231
52.56292016223124,1.085169909822443
52.58292127340408,1.0854179678375706
52.60292238457692,1.0856659842163923
52.62292349574977,1.0859139588380142
52.642924606922605,1.0861618915815634
52.66292571809545,1.0864097823261871
52.6829268292683,1.0866576309510525
52.702927940441135,1.0869054373353482
52.72292905161398,1.0871532013582828
52.74293016278682,1.0874009228990855
52.762931273959666,1.0876486018370068
52.78293238513251,1.0878962380513173
52.80293349630535,1.088143831421309
52.822934607478196,1.0883913818262942
52.842935718651034,1.0886388891456062
52.86293682982388,1.0888863532586002
52.882937940996726,1.0891337740446516
52.902939052169565,1.0893811513831566
52.92294016334241,1.0896284851535336
52.942941274515256,1.0898757752352217
52.962942385688095,1.0901230215076811
52.98294349686094,1.0903702238503938
53.00294460803378,1.0906173821428626
53.022945719206625,1.0908644962646128
53.04294683037947,1.0911115660951902
53.06294794155231,1.0913585915141626
53.082949052725155,1.0916055724011193
53.102950163897994,1.0918525086356716
53.12295127507084,1.0920994000974527
53.142952386243685,1.092346246666117
53.162953497416524,1.092593048221341
53.18295460858937,1.0928398046428234
53.20295571976221,1.0930865158102847
53.222956830935054,1.093333181603468
53.2429579421079,1.0935798019021372
53.26295905328074,1.0938263765860796
53.282960164453584,1.0940729055351046
53.30296127562642,1.0943193886290432
53.32296238679927,1.0945658257477493
53.342963497972114,1.0948122167710994
53.36296460914495,1.0950585615789916
53.3829657203178,1.0953048600513478
53.40296683149064,1.0955511120681112
53.42296794266348,1.0957973175092484
53.44296905383633,1.0960434762547488
53.46297016500917,1.0962895881846237
53.48297127618201,1.0965356531789083
53.50297238735485,1.09678167111766
53.5229734985277,1.0970276418809592
53.54297460970054,1.0972735653489099
53.56297572087338,1.097519441401638
53.58297683204623,1.0977652699192937
53.60297794321907,1.0980110507820495
53.62297905439191,1.0982567838701018
53.64298016556476,1.0985024690636698
53.6629812767376,1.098748106242996
53.68298238791044,1.0989936952883472
53.70298349908328,1.099239236080012
53.72298461025613,1.0994847284983045
53.74298572142897,1.0997301724235606
53.76298683260181,1.0999755677361411
53.78298794377466,1.1002209143164299
53.802989054947496,1.1004662120448347
53.82299016612034,1.100711460801787
53.84299127729319,1.1009566604677425
53.862992388466026,1.1012018109231803
53.88299349963887,1.101446912048604
53.90299461081171,1.1016919637245408
53.922995721984556,1.1019369658315425
53.9429968331574,1.1021819182501846
53.96299794433024,1.102426820861067
53.982999055503086,1.1026716735448139
54.003000166675925,1.1029164761820736
54.02300127784877,1.1031612286535195
54.043002389021616,1.1034059308398487
54.063003500194455,1.1036505826217828
54.0830046113673,1.1038951838800688
54.103005722540146,1.1041397344954775
54.123006833712985,1.1043842343488044
54.14300794488583,1.1046286833208703
54.16300905605867,1.1048730812925205
54.183010167231515,1.1051174281446252
54.20301127840436,1.1053617237580793
54.2230123895772,1.1056059680138028
54.243013500750045,1.105850160792741
54.263014611922884,1.106094301975864
54.28301572309573,1.1063383914441671
54.303016834268576,1.106582429078671
54.323017945441414,1.1068264147604212
54.34301905661426,1.1070703483704891
54.3630201677871,1.1073142297899712
54.383021278959944,1.1075580588999894
54.40302239013279,1.107801835581691
54.42302350130563,1.108045559716249
54.443024612478474,1.1082892311848622
54.46302572365131,1.108532849868755
54.48302683482416,1.108776415649177
54.503027945997005,1.1090199284074045
54.52302905716984,1.109263388024739
54.54303016834269,1.1095067943825077
54.56303127951553,1.1097501473620641
54.58303239068837,1.1099934468447885
54.60303350186122,1.110236692712086
54.62303461303406,1.110479884845388
54.643035724206904,1.1107230231261531
54.66303683537974,1.110966107435865
54.68303794655259,1.1112091376560347
54.703039057725434,1.1114521136681985
54.72304016889827,1.11169503535392
54.74304128007112,1.1119379025947889
54.76304239124396,1.1121807152724212
54.7830435024168,1.1124234732684606
54.80304461358965,1.1126661764645758
54.82304572476249,1.1129088247424637
54.84304683593533,1.1131514179838469
54.86304794710817,1.1133939560704753
54.88304905828102,1.1136364388841258
54.90305016945386,1.1138788663066022
54.9230512806267,1.114121238219735
54.94305239179955,1.114363554505382
54.963053502972386,1.1146058150454279
54.98305461414523,1.1148480197217852
55.00305572531808,1.1150901684163925
55.023056836490916,1.1153322610112169
55.04305794766376,1.115574297388252
55.0630590588366,1.1158162774295195
55.083060170009446,1.1160582010170677
55.10306128118229,1.1163000680329729
55.12306239235513,1.1165418783593393
55.143063503527976,1.1167836318782982
55.163064614700815,1.1170253284720086
55.18306572587366,1.1172669680226577
55.20306683704651,1.11750855041246
55.223067948219345,1.1177500755236585
55.24306905939219,1.1179915432385232
55.26307017056504,1.1182329534393531
55.283071281737875,1.118474306008474
55.30307239291072,1.1187156008282415
55.32307350408356,1.1189568377810375
55.343074615256405,1.1191980167492734
55.36307572642925,1.1194391376153885
55.38307683760209,1.1196802002618502
55.403077948774936,1.1199212045711544
55.423079059947774,1.1201621504258255
55.44308017112062,1.1204030377084162
55.463081282293466,1.1206438663015086
55.483082393466304,1.1208846360877118
55.50308350463915,1.1211253469496651
55.52308461581199,1.1213659987700357
55.543085726984835,1.1216065914315199
55.56308683815768,1.1218471248168427
55.58308794933052,1.122087598808758
55.603089060503365,1.1223280132900486
55.6230901716762,1.1225683681435266
55.64309128284905,1.1228086632520327
55.663092394021895,1.123048898498437
55.68309350519473,1.1232890737656387
55.70309461636758,1.1235291889365668
55.72309572754042,1.1237692438941784
55.743096838713264,1.1240092385214608
55.76309794988611,1.124249172701431
55.78309906105895,1.1244890463171344
55.803100172231794,1.124728859251647
55.82310128340463,1.1249686113880732
55.84310239457748,1.1252083026095485
55.863103505750324,1.125447932799237
55.88310461692316,1.125687501840333
55.90310572809601,1.1259270096160603
55.92310683926885,1.126166456009673
55.94310795044169,1.1264058409044546
55.96310906161454,1.126645164183719
55.98311017278738,1.1268844257308097
56.00311128396022,1.127123625429101
56.02311239513306,1.1273627631619967
56.04311350630591,1.1276018388129312
56.06311461747875,1.127840852265369
56.08311572865159,1.1280798034028041
56.10311683982444,1.128318692108763
56.123117950997276,1.1285575182668002
56.14311906217012,1.1287962817605022
56.16312017334297,1.1290349824734858
56.183121284515806,1.129273620289398
56.20312239568865,1.1295121950919171
56.22312350686149,1.1297507067647512
56.24312461803434,1.12998915519164
56.26312572920718,1.1302275402563535
56.28312684038002,1.130465861842693
56.30312795155287,1.1307041198344905
56.32312906272571,1.1309423141156092
56.34313017389855,1.1311804445699427
56.3631312850714,1.131418511081417
56.383132396244235,1.1316565135339878
56.40313350741708,1.1318944518116427
56.42313461858993,1.1321323257984013
56.443135729762766,1.1323701353783129
56.46313684093561,1.1326078804354598
56.48313795210845,1.1328455608539547
56.503139063281296,1.1330831765179425
56.52314017445414,1.1333207273115993
56.54314128562698,1.1335582131191324
56.563142396799826,1.1337956338247817
56.583143507972665,1.1340329893128183
56.60314461914551,1.134270279467545
56.623145730318356,1.1345075041732966
56.643146841491195,1.1347446633144402
56.66314795266404,1.1349817567753742
56.68314906383688,1.135218784440529
56.703150175009725,1.135455746194368
56.72315128618257,1.1356926419213853
56.74315239735541,1.1359294715061086
56.763153508528255,1.1361662348330972
56.783154619701094,1.1364029317869422
56.80315573087394,1.1366395622522683
56.823156842046785,1.1368761261137312
56.843157953219624,1.1371126232560198
56.86315906439247,1.137349053563856
56.88316017556531,1.137585416921993
56.903161286738154,1.137821713215218
56.923162397911,1.1380579423283501
56.94316350908384,1.138294104146241
56.963164620256684,1.138530198553776
56.98316573142952,1.1387662254358721
57.00316684260237,1.1390021846774805
57.023167953775214,1.1392380761635845
57.04316906494805,1.1394738997792007
57.0631701761209,1.1397096554093789
57.08317128729374,1.1399453429392015
57.10317239846658,1.140180962253785
57.12317350963943,1.1404165132382782
57.14317462081227,1.140651995777864
57.16317573198511,1.1408874097577584
57.18317684315795,1.1411227550632101
57.2031779543308,1.1413580315795027
57.22317906550364,1.1415932391919519
57.24318017667648,1.141828377785908
57.26318128784933,1.1420634472467546
57.28318239902217,1.1422984474599085
57.30318351019501,1.1425333783108216
57.32318462136786,1.1427682396849779
57.3431857325407,1.143003031467896
57.36318684371354,1.1432377535451297
57.38318795488638,1.1434724058022643
57.40318906605923,1.143706988124921
57.42319017723207,1.1439415003987548
57.44319128840491,1.1441759425094538
57.46319239957776,1.1444103143427418
57.4831935107506,1.1446446157843757
57.50319462192344,1.1448788467201474
57.52319573309629,1.1451130070358826
57.543196844269126,1.145347096617442
57.56319795544197,1.1455811153507205
57.58319906661482,1.1458150631216473
57.603200177787656,1.1460489398161864
57.6232012889605,1.1462827453203368
57.64320240013334,1.1465164795201317
57.663203511306186,1.146750142301639
57.68320462247903,1.1469837335509623
57.70320573365187,1.1472172531542388
57.723206844824716,1.1474507009976413
57.743207955997555,1.147684076967378
57.7632090671704,1.147917380949691
57.783210178343246,1.1481506128308585
57.803211289516085,1.1483837724971935
57.82321240068893,1.148616859835044
57.84321351186177,1.1488498747307936
57.863214623034615,1.149082817070861
57.88321573420746,1.1493156867417
57.9032168453803,1.1495484836298007
57.923217956553145,1.149781207621688
57.943219067725984,1.150013858603922
57.96322017889883,1.1502464364630993
57.983221290071675,1.1504789410858516
58.003222401244514,1.1507113723588462
58.02322351241736,1.1509437301687864
58.0432246235902,1.1511760144024115
58.063225734763044,1.151408224946496
58.08322684593589,1.151640361687851
58.10322795710873,1.1518724245133232
58.123229068281574,1.1521044133097953
58.14323017945441,1.1523363279641863
58.16323129062726,1.1525681683634517
58.183232401800105,1.152799934394582
58.20323351297294,1.1530316259446052
58.22323462414579,1.1532632429005851
58.24323573531863,1.1534947851496216
58.26323684649147,1.1537262525788514
58.28323795766432,1.1539576450754476
58.30323906883716,1.1541889625266197
58.32324018001,1.154420204819614
58.34324129118284,1.154651371841713
58.36324240235569,1.1548824634802366
58.383243513528534,1.1551134796225406
58.40324462470137,1.1553444201560183
58.42324573587422,1.1555752849680996
58.44324684704706,1.155806073946251
58.4632479582199,1.1560367869779766
58.48324906939275,1.156267423950817
58.50325018056559,1.15649798475235
58.52325129173843,1.156728469270191
58.54325240291127,1.1569588773919914
58.56325351408412,1.1571892090054412
58.58325462525696,1.157419463998267
58.6032557364298,1.1576496422582325
58.62325684760265,1.1578797436731396
58.64325795877549,1.1581097681308272
58.66325906994833,1.1583397155191713
58.68326018112118,1.158569585726086
58.703261292294016,1.1587993786395232
58.72326240346686,1.1590290941474721
58.74326351463971,1.1592587321379595
58.763264625812546,1.15948829249905
58.78326573698539,1.159717775118847
58.80326684815823,1.1599471798854903
58.823267959331076,1.1601765066871588
58.84326907050392,1.1604057554120686
58.86327018167676,1.1606349259484747
58.88327129284961,1.1608640181846694
58.903272404022445,1.1610930320089838
58.92327351519529,1.1613219673097868
58.94327462636814,1.1615508239754855
58.963275737540975,1.161779601894526
58.98327684871382,1.1620083009553919
59.00327795988666,1.1622369210466057
59.023279071059505,1.1624654620567287
59.04328018223235,1.1626939238743603
59.06328129340519,1.1629223063881384
59.083282404578036,1.16315060948674
59.103283515750874,1.1633788330588803
59.12328462692372,1.163606976993314
59.143285738096566,1.1638350411788339
59.163286849269404,1.1640630255042717
59.18328796044225,1.1642909298584985
59.20328907161509,1.164518754130424
59.223290182787935,1.1647464982089977
59.24329129396078,1.1649741619832068
59.26329240513362,1.1652017453420787
59.283293516306465,1.1654292481746797
59.3032946274793,1.1656566703701152
59.32329573865215,1.1658840118175304
59.343296849824995,1.1661112724061093
59.36329796099783,1.1663384520250757
59.38329907217068,1.1665655505636925
59.40330018334352,1.1667925679112625
59.423301294516364,1.1670195039571278
59.44330240568921,1.1672463585906703
59.46330351686205,1.1674731317013116
59.483304628034894,1.1676998231785127
59.50330573920773,1.167926432911775
59.52330685038058,1.168152960790639
59.543307961553424,1.168379406704686
59.56330907272626,1.168605770543536
59.58331018389911,1.1688320521968505
59.60331129507195,1.16905825155433
59.62331240624479,1.1692843685057155
59.64331351741764,1.1695104029407881
59.66331462859048,1.1697363547493689
59.68331573976332,1.1699622238213199
59.70331685093616,1.1701880100465427
59.72331796210901,1.1704137133149797
59.74331907328185,1.1706393335166136
59.76332018445469,1.1708648705414675
59.78332129562754,1.1710903242796058
59.80332240680038,1.1713156946211323
59.82332351797322,1.171540981456192
59.84332462914607,1.1717661846749707
59.863325740318906,1.1719913041676953
59.88332685149175,1.1722163398246326
59.9033279626646,1.1724412915360911
59.92332907383744,1.1726661591924197
59.94333018501028,1.1728909426840084
59.96333129618312,1.1731156419012887
59.98333240735597,1.1733402567347322
60.00333351852881,1.1735647870748525
60.02333462970165,1.173789232812204
60.0433357408745,1.1740135938373824
60.063336852047335,1.1742378700410245
60.08333796322018,1.1744620613138093
60.10333907439303,1.1746861675464562
60.123340185565866,1.1749101886297262
60.14334129673871,1.1751341244544222
60.16334240791155,1.1753579749113885
60.183343519084396,1.1755817398915107
60.20334463025724,1.1758054192857168
60.22334574143008,1.176029012984976
60.243346852602926,1.176252520880299
60.263347963775765,1.176475942862739
60.28334907494861,1.1766992788233903
60.303350186121456,1.1769225286533902
60.323351297294295,1.1771456922439167
60.34335240846714,1.177368769486191
60.36335351963998,1.1775917602714756
60.383354630812825,1.1778146644910756
60.40335574198567,1.178037482036338
60.42335685315851,1.1782602127986521
60.443357964331355,1.1784828566694499
60.463359075504194,1.1787054135402049
60.48336018667704,1.1789278833024341
60.503361297849885,1.179150265847696
60.523362409022724,1.179372561067592
60.54336352019557,1.1795947688537662
60.56336463136841,1.1798168890979053
60.583365742541254,1.1800389216917386
60.6033668537141,1.1802608665270378
60.62336796488694,1.1804827234956174
60.643369076059784,1.1807044924893357
60.66337018723262,1.180926173400093
60.68337129840547,1.1811477661198324
60.703372409578314,1.1813692705405405
60.72337352075115,1.1815906865542467
60.743374631924,1.1818120140530237
60.76337574309684,1.182033252928987
60.78337685426968,1.1822544030742954
60.80337796544253,1.182475464381151
60.82337907661537,1.1826964367417996
60.84338018778821,1.1829173200485297
60.86338129896105,1.1831381141936732
60.8833824101339,1.1833588190696065
60.90338352130674,1.1835794345687483
60.92338463247958,1.1837999605835612
60.94338574365243,1.184020397006552
60.96338685482527,1.1842407437302704
60.98338796599811,1.1844610006473104
61.00338907717096,1.1846811676503093
61.0233901883438,1.1849012446319485
61.04339129951664,1.185121231484953
61.06339241068949,1.1853411281020927
61.08339352186233,1.18556093437618
61.10339463303517,1.1857806502000723
61.12339574420801,1.186000275466671
61.14339685538086,1.1862198100689216
61.1633979665537,1.1864392538998134
61.18339907772654,1.1866586068523803
61.20340018889939,1.1868778688197008
61.223401300072226,1.1870970396948972
61.24340241124507,1.1873161193711366
61.26340352241792,1.1875351077416298
61.283404633590756,1.187754004699633
61.3034057447636,1.1879728101384468
61.32340685593644,1.1881915239514163
61.343407967109286,1.1884101460319307
61.36340907828213,1.1886286762734248
61.38341018945497,1.1888471145693777
61.403411300627816,1.1890654608133133
61.423412411800655,1.1892837148988007
61.4434135229735,1.1895018767194534
61.463414634146346,1.1897199461689305
61.483415745319185,1.1899379231409353
61.50341685649203,1.1901558075292171
61.52341796766487,1.1903735992275697
61.543419078837715,1.1905912981298323
61.56342019001056,1.1908089041298895
61.5834213011834,1.191026417121671
61.603422412356245,1.1912438369991512
61.623423523529084,1.1914611636563512
61.64342463470193,1.1916783969873368
61.663425745874775,1.191895536886219
61.683426857047614,1.1921125832471549
61.70342796822046,1.1923295359643469
61.7234290793933,1.1925463949320432
61.743430190566144,1.1927631600445376
61.76343130173899,1.19297983119617
61.78343241291183,1.1931964082813251
61.803433524084674,1.1934128911944348
61.82343463525751,1.193629279829976
61.84343574643036,1.1938455740824714
61.863436857603205,1.1940617738464907
61.88343796877604,1.1942778790166486
61.90343907994889,1.1944938894876067
61.92344019112173,1.1947098051540719
61.94344130229457,1.1949256259107988
61.96344241346742,1.1951413516525864
61.98344352464026,1.1953569822742809
62.0034446358131,1.1955725176707754
62.02344574698595,1.195787957737009
62.04344685815879,1.1960033023679664
62.063447969331634,1.19621855145868
62.08344908050447,1.1964337049042286
62.10345019167732,1.1966487625997373
62.123451302850164,1.1968637244403775
62.143452414023,1.197078590321368
62.16345352519585,1.1972933601379743
62.18345463636869,1.1975080337855084
62.20345574754153,1.1977226111593295
62.22345685871438,1.1979370921548436
62.24345796988722,1.1981514766675032
62.26345908106006,1.198365764592809
62.2834601922329,1.1985799558263073
62.30346130340575,1.1987940502635928
62.32346241457859,1.1990080478003067
62.34346352575143,1.1992219483321378
62.36346463692428,1.1994357517548218
62.383465748097116,1.199649457964142
62.40346685926996,1.199863066855929
62.42346797044281,1.2000765783260607
62.443469081615646,1.2002899922704628
62.46347019278849,1.2005033085851087
62.48347130396133,1.2007165271660183
62.503472415134176,1.2009296479092606
62.52347352630702,1.2011426707109514
62.54347463747986,1.2013555954672541
62.563475748652706,1.2015684220743807
62.583476859825545,1.2017811504285905
62.60347797099839,1.2019937804261904
62.62347908217124,1.202206311963536
62.643480193344075,1.2024187449370303
62.66348130451692,1.2026310792431245
62.68348241568976,1.2028433147783182
62.703483526862605,1.2030554514391585
62.72348463803545,1.2032674891222415
62.74348574920829,1.2034794277242107
62.763486860381136,1.2036912671417588
62.783487971553974,1.2039030072716257
62.80348908272682,1.204114648010601
62.823490193899666,1.2043261892555222
62.843491305072504,1.2045376309032745
62.86349241624535,1.2047489728507927
62.88349352741819,1.2049602149950602
62.903494638591035,1.2051713572331082
62.92349574976388,1.2053823994620174
62.94349686093672,1.205593341578917
62.963497972109565,1.2058041834809847
62.9834990832824,1.2060149250654473
63.00350019445525,1.2062255662295809
63.023501305628095,1.2064361068707097
63.04350241680093,1.2066465468862073
63.06350352797378,1.2068568861734967
63.08350463914662,1.2070671246300497
63.103505750319464,1.2072772621533874
63.12350686149231,1.2074872986410794
63.14350797266515,1.2076972339907455
63.163509083837994,1.207907068100054
63.18351019501084,1.2081168008667236
63.20351130618368,1.208326432188521
63.223512417356524,1.2085359619632636
63.24351352852936,1.2087453900888177
63.26351463970221,1.208954716463099
63.283515750875054,1.2091639409840733
63.30351686204789,1.2093730635497555
63.32351797322074,1.2095820840582108
63.34351908439358,1.2097910024075536
63.36352019556642,1.2099998184959484
63.38352130673927,1.2102085322216096
63.40352241791211,1.210417143482801
63.42352352908495,1.210625652177837
63.44352464025779,1.2108340582050816
63.46352575143064,1.211042361462949
63.48352686260348,1.2112505618499034
63.50352797377632,1.2114586592644592
63.52352908494917,1.211666653605181
63.543530196122006,1.2118745447706836
63.56353130729485,1.212082332659632
63.5835324184677,1.212290017170742
63.603533529640536,1.2124975982027788
63.62353464081338,1.2127050756545594
63.64353575198622,1.2129124494249501
63.66353686315907,1.2131197194128684
63.68353797433191,1.2133268855172823
63.70353908550475,1.2135339476372102
63.7235401966776,1.2137409056717214
63.743541307850435,1.2139477595199357
63.76354241902328,1.2141545090810237
63.78354353019613,1.2143611542542077
63.803544641368966,1.2145676949387594
63.82354575254181,1.2147741310340026
63.84354686371465,1.2149804624393112
63.863547974887496,1.2151866890541112
63.88354908606034,1.2153928107778789
63.90355019723318,1.2155988275101417
63.923551308406026,1.2158047391504787
63.943552419578864,1.2160105455985197
63.96355353075171,1.216216246753946
63.983554641924556,1.2164218425164903
64.0035557530974,1.2166273327859365
64.02355686427023,1.21683271746212
64.04355797544308,1.217037996444928
64.06355908661592,1.2172431696342985
64.08356019778877,1.2174482369302215
64.10356130896162,1.2176531982327388
64.12356242013445,1.2178580534419434
64.1435635313073,1.2180628024579807
64.16356464248014,1.218267445181047
64.18356575365299,1.218471981511391
64.20356686482583,1.218676411349313
64.22356797599866,1.2188807345951653
64.24356908717151,1.2190849511493524
64.26357019834435,1.2192890609123304
64.2835713095172,1.2194930637846075
64.30357242069005,1.2196969596667446
64.32357353186288,1.2199007484593536
64.34357464303572,1.2201044300630999
64.36357575420857,1.2203080043787002
64.38357686538141,1.220511471306924
64.40357797655426,1.2207148307485927
64.42357908772709,1.2209180826045805
64.44358019889994,1.221121226775814
64.46358131007278,1.2213242631632724
64.48358242124563,1.2215271916679866
64.50358353241847,1.2217300121910413
64.5235846435913,1.221932724633573
64.54358575476415,1.2221353288967711
64.563586865937,1.2223378248818781
64.58358797710984,1.2225402124901885
64.60358908828269,1.2227424916230505
64.62359019945552,1.2229446621818643
64.64359131062837,1.2231467240680838
64.66359242180121,1.2233486771832154
64.68359353297406,1.223550521428819
64.7035946441469,1.2237522567065067
64.72359575531974,1.2239538829179444
64.74359686649258,1.2241553999648516
64.76359797766543,1.2243568077489995
64.78359908883827,1.2245581061722142
64.80360020001112,1.2247592951363742
64.82360131118395,1.2249603745434112
64.8436024223568,1.225161344295311
64.86360353352964,1.2253622042941128
64.88360464470249,1.2255629544419082
64.90360575587533,1.2257635946408438
64.92360686704818,1.2259641247931188
64.94360797822101,1.2261645448009864
64.96360908939386,1.2263648545667538
64.9836102005667,1.2265650539927813
65.00361131173955,1.2267651429814834
65.0236124229124,1.226965121435328
65.04361353408522,1.2271649892568377
65.06361464525807,1.2273647463485882
65.08361575643092,1.2275643926132096
65.10361686760376,1.227763927953386
65.12361797877661,1.2279633522718556
65.14361908994944,1.2281626654714102
65.16362020112228,1.2283618674548964
65.18362131229513,1.2285609581252148
65.20362242346798,1.2287599373853204
65.22362353464082,1.228958805138222
65.24362464581365,1.2291575612869832
65.2636257569865,1.2293562057347223
65.28362686815935,1.229554738384611
65.30362797933219,1.2297531591398767
65.32362909050504,1.2299514679038006
65.34363020167787,1.2301496645797185
65.36363131285071,1.2303477490710213
65.38363242402356,1.230545721281154
65.4036335351964,1.230743581113617
65.42363464636925,1.2309413284719646
65.44363575754208,1.2311389632598069
65.46363686871493,1.2313364853808082
65.48363797988777,1.231533894738688
65.50363909106062,1.2317311912372206
65.52364020223347,1.2319283747802354
65.5436413134063,1.2321254452716168
65.56364242457914,1.2323224026153046
65.58364353575199,1.2325192467152934
65.60364464692483,1.232715977475633
65.62364575809768,1.2329125948004287
65.64364686927051,1.2331090985938407
65.66364798044336,1.2333054887600854
65.6836490916162,1.2335017652034332
65.70365020278905,1.2336979278282112
65.7236513139619,1.2338939765388015
65.74365242513473,1.2340899112396415
65.76365353630757,1.2342857318352245
65.78365464748042,1.2344814382300993
65.80365575865326,1.2346770303288706
65.82365686982611,1.2348725080361982
65.84365798099894,1.2350678712567982
65.86365909217179,1.2352631198954427
65.88366020334463,1.2354582538569587
65.90366131451748,1.2356532730462302
65.92366242569032,1.2358481773681966
65.94366353686316,1.236042966727853
65.963664648036,1.2362376410302511
65.98366575920885,1.2364322001804988
66.00366687038169,1.2366266440837594
66.02366798155454,1.2368209726452526
66.04366909272737,1.237015185770255
66.06367020390022,1.2372092833640984
66.08367131507306,1.237403265332172
66.10367242624591,1.2375971315799206
66.12367353741875,1.2377908820128458
66.14367464859158,1.237984516536505
66.16367575976443,1.2381780350565135
66.18367687093728,1.2383714374785413
66.20367798211012,1.2385647237083166
66.22367909328297,1.2387578936516233
66.2436802044558,1.2389509472143019
66.26368131562865,1.2391438843022506
66.28368242680149,1.2393367048214237
66.30368353797434,1.2395294086778321
66.32368464914718,1.239721995777544
66.34368576032001,1.239914466026684
66.36368687149286,1.2401068193314346
66.3836879826657,1.2402990555980344
66.40368909383855,1.2404911747327794
66.4236902050114,1.2406831766420225
66.44369131618423,1.2408750612321742
66.46369242735707,1.2410668284097017
66.48369353852992,1.2412584780811298
66.50369464970277,1.2414500101530401
66.52369576087561,1.2416414245320722
66.54369687204844,1.2418327211249223
66.56369798322129,1.2420238998383446
66.58369909439413,1.2422149605791506
66.60370020556698,1.2424059032542092
66.62370131673983,1.242596727770447
66.64370242791266,1.242787434034848
66.6637035390855,1.2429780219544542
66.68370465025835,1.2431684914363645
66.7037057614312,1.2433588423877366
66.72370687260404,1.2435490747157854
66.74370798377687,1.2437391883277833
66.76370909494972,1.2439291831310613
66.78371020612256,1.244119059033008
66.80371131729541,1.2443088159410696
66.82371242846826,1.2444984537627508
66.84371353964109,1.244687972405614
66.86371465081393,1.24487737177728
66.88371576198678,1.2450666517854276
66.90371687315962,1.2452558123377937
66.92371798433247,1.2454448533421736
66.9437190955053,1.2456337747064206
66.96372020667815,1.2458225763384467
66.98372131785099,1.246011258146222
67.00372242902384,1.2461998200377749
67.02372354019668,1.2463882619211923
67.04372465136952,1.24657658370462
67.06372576254236,1.2467647852962622
67.08372687371521,1.2469528666043812
67.10372798488805,1.2471408275372986
67.1237290960609,1.247328668003394
67.14373020723374,1.247516387911106
67.16373131840658,1.2477039871689322
67.18373242957942,1.247891465685429
67.20373354075227,1.2480788233692115
67.22373465192511,1.2482660601289535
67.24373576309796,1.2484531758733879
67.26373687427079,1.2486401705113066
67.28373798544364,1.248827043951561
67.30373909661648,1.2490137961030605
67.32374020778933,1.2492004268747747
67.34374131896217,1.2493869361757317
67.363742430135,1.249573323915019
67.38374354130785,1.249759590001784
67.4037446524807,1.2499457343452318
67.42374576365354,1.2501317568546286
67.44374687482639,1.250317657439299
67.46374798599922,1.2505034360086267
67.48374909717207,1.2506890924720564
67.50375020834491,1.2508746267390904
67.52375131951776,1.2510600387192925
67.5437524306906,1.251245328322284
67.56375354186343,1.2514304954577478
67.58375465303628,1.2516155400354254
67.60375576420913,1.2518004619651182
67.62375687538197,1.2519852611566875
67.64375798655482,1.2521699375200546
67.66375909772765,1.2523544909652
67.6837602089005,1.2525389214021652
67.70376132007334,1.2527232287410508
67.72376243124619,1.2529074128920177
67.74376354241903,1.253091473765287
67.76376465359186,1.2532754112711388
67.78376576476471,1.2534592253199155
67.80376687593755,1.2536429158220175
67.8237679871104,1.2538264826879069
67.84376909828325,1.254009925828105
67.86377020945608,1.254193245153194
67.88377132062892,1.254376440573817
67.90377243180177,1.254559512000676
67.92377354297462,1.2547424593445349
67.94377465414746,1.2549252825162172
67.96377576532029,1.2551079814266068
67.98377687649314,1.2552905559866494
68.00377798766598,1.25547300610735
68.02377909883883,1.2556553316997752
68.04378021001168,1.255837532675051
68.0637813211845,1.2560196089443658
68.08378243235735,1.2562015604189676
68.1037835435302,1.2563833870101657
68.12378465470304,1.25656508862933
68.14378576587589,1.2567466651878918
68.16378687704872,1.2569281165973427
68.18378798822157,1.2571094427692362
68.20378909939441,1.2572906436151858
68.22379021056726,1.257471719046867
68.2437913217401,1.2576526689760157
68.26379243291294,1.257833493314429
68.28379354408578,1.2580141919739662
68.30379465525863,1.258194764866547
68.32379576643147,1.2583752119041525
68.34379687760432,1.2585555329988252
68.36379798877715,1.2587357280626688
68.38379909995,1.258915797007849
68.40380021112284,1.259095739746593
68.42380132229569,1.2592755561911881
68.44380243346853,1.2594552462539852
68.46380354464137,1.259634809847395
68.48380465581421,1.2598142468838913
68.50380576698706,1.2599935572760088
68.5238068781599,1.260172740936344
68.54380798933275,1.2603517977775553
68.56380910050558,1.2605307277123625
68.58381021167843,1.2607095306535483
68.60381132285127,1.2608882065139562
68.62381243402412,1.261066755206492
68.64381354519696,1.261245176644124
68.6638146563698,1.2614234707398817
68.68381576754264,1.2616016374068573
68.70381687871549,1.2617796765582048
68.72381798988833,1.2619575881071405
68.74381910106118,1.2621353719669426
68.76382021223401,1.262313028050952
68.78382132340685,1.2624905562725715
68.8038224345797,1.2626679565452665
68.82382354575255,1.2628452287825649
68.84382465692539,1.2630223728980563
68.86382576809822,1.2631993888053934
68.88382687927107,1.2633762764182914
68.90382799044392,1.2635530356505276
68.92382910161676,1.2637296664159423
68.9438302127896,1.263906168628438
68.96383132396244,1.2640825422019804
68.98383243513528,1.2642587870505972
69.00383354630813,1.2644349030883797
69.02383465748098,1.2646108902294815
69.04383576865382,1.264786748388119
69.06383687982665,1.264962477478571
69.0838379909995,1.2651380774151808
69.10383910217234,1.2653135481123527
69.12384021334519,1.2654888894845555
69.14384132451804,1.2656641014463201
69.16384243569087,1.265839183912241
69.18384354686371,1.2660141367969755
69.20384465803656,1.2661889600152445
69.2238457692094,1.2663636534818314
69.24384688038225,1.266538217111584
69.26384799155508,1.2667126508194115
69.28384910272793,1.2668869545202885
69.30385021390077,1.2670611281292519
69.32385132507362,1.267235171561402
69.34385243624646,1.2674090847319028
69.3638535474193,1.2675828675559817
69.38385465859214,1.2677565199489296
69.40385576976499,1.267930041826101
69.42385688093783,1.2681034331029142
69.44385799211068,1.2682766936948509
69.46385910328353,1.2684498235174566
69.48386021445636,1.2686228224863405
69.5038613256292,1.268795690517176
69.52386243680205,1.2689684275256996
69.5438635479749,1.269141033427712
69.56386465914774,1.2693135081390778
69.58386577032057,1.269485851575726
69.60386688149342,1.2696580636536487
69.62386799266626,1.2698301442889028
69.64386910383911,1.2700020933976088
69.66387021501195,1.2701739108959516
69.68387132618479,1.27034559670018
69.70387243735763,1.270517150726607
69.72387354853048,1.2706885728916104
69.74387465970332,1.2708598631116317
69.76387577087617,1.2710310213031766
69.783876882049,1.2712020473828154
69.80387799322185,1.271372941267183
69.82387910439469,1.2715437028729786
69.84388021556754,1.2717143321169657
69.86388132674038,1.2718848289159725
69.88388243791321,1.2720551931868915
69.90388354908606,1.2722254248466802
69.9238846602589,1.2723955238123605
69.94388577143175,1.272565490001019
69.9638868826046,1.272735323329807
69.98388799377743,1.2729050237159405
70.00388910495028,1.273074591076701
70.02389021612312,1.2732440253294335
70.04389132729597,1.273413326391549
70.06389243846881,1.273582494180523
70.08389354964164,1.2737515286138956
70.10389466081449,1.273920429609273
70.12389577198734,1.2740891970843253
70.14389688316018,1.2742578309567885
70.16389799433303,1.2744263311444632
70.18389910550586,1.274594697565215
70.2039002166787,1.2747629301369754
70.22390132785155,1.274931028777741
70.2439024390244,1.2750989934055728
70.26390355019724,1.2752668239385985
70.28390466137007,1.2754345202950095
70.30390577254292,1.2756020823930647
70.32390688371576,1.2757695101510866
70.34390799488861,1.275936803487464
70.36390910606146,1.2761039623206512
70.38391021723429,1.2762709865691675
70.40391132840713,1.2764378761515989
70.42391243957998,1.2766046309865962
70.44391355075282,1.2767712509928761
70.46391466192567,1.276937736089221
70.4839157730985,1.2771040861944787
70.50391688427135,1.2772703012275637
70.5239179954442,1.2774363811074556
70.54391910661704,1.2776023257531999
70.56392021778989,1.2777681350839085
70.58392132896272,1.2779338090187589
70.60392244013556,1.2780993474769946
70.62392355130841,1.2782647503779252
70.64392466248125,1.2784300176409265
70.6639257736541,1.2785951491854401
70.68392688482693,1.278760144930974
70.70392799599978,1.2789250047971024
70.72392910717262,1.2790897287034657
70.74393021834547,1.2792543165697707
70.76393132951831,1.2794187683157898
70.78393244069115,1.2795830838613629
70.80393355186399,1.2797472631263955
70.82393466303684,1.2799113060308598
70.84393577420968,1.280075212494794
70.86393688538253,1.2802389824383038
70.88393799655536,1.2804026157815602
70.9039391077282,1.2805661124448022
70.92394021890105,1.280729472348334
70.9439413300739,1.2808926954125275
70.96394244124674,1.2810557815578207
70.98394355241957,1.2812187307047187
71.00394466359242,1.2813815427737931
71.02394577476527,1.2815442176856826
71.04394688593811,1.2817067553610926
71.06394799711096,1.2818691557207953
71.08394910828379,1.28203141868563
71.10395021945664,1.282193544176503
71.12395133062948,1.2823555321143876
71.14395244180233,1.2825173824203238
71.16395355297517,1.282679095015419
71.183954664148,1.2828406698208479
71.20395577532085,1.283002106757852
71.2239568864937,1.2831634057477401
71.24395799766654,1.2833245667118884
71.26395910883939,1.2834855895717403
71.28396022001222,1.2836464742488065
71.30396133118506,1.283807220664665
71.32396244235791,1.2839678287409613
71.34396355353076,1.284128298399408
71.3639646647036,1.2842886295617857
71.38396577587643,1.2844488221499422
71.40396688704928,1.284608876085793
71.42396799822212,1.284768791291321
71.44396910939497,1.284928567688577
71.46397022056782,1.285088205199679
71.48397133174065,1.2852477037468129
71.5039724429135,1.2854070632522328
71.52397355408634,1.2855662836382598
71.54397466525919,1.2857253648272833
71.56397577643203,1.2858843067417607
71.58397688760486,1.2860431093042166
71.60397799877771,1.2862017724372443
71.62397910995055,1.2863602960635048
71.6439802211234,1.2865186801057265
71.66398133229625,1.286676924486707
71.68398244346909,1.2868350291293107
71.70398355464192,1.2869929939564713
71.72398466581477,1.2871508188911898
71.74398577698761,1.287308503856536
71.76398688816046,1.2874660487756473
71.7839879993333,1.28762345357173
71.80398911050614,1.2877807181680578
71.82399022167898,1.287937842487974
71.84399133285183,1.2880948264548893
71.86399244402467,1.2882516699922832
71.88399355519752,1.2884083730237035
71.90399466637035,1.2885649354727664
71.9239957775432,1.288721357263157
71.94399688871604,1.2888776383186291
71.96399799988889,1.2890337785630042
71.98399911106173,1.2891897779201729
72.00400022223457,1.289345636314095
72.02400133340741,1.2895013536687983
72.04400244458026,1.2896569299083798
72.0640035557531,1.289812364957005
72.08400466692595,1.2899676587389084
72.10400577809878,1.290122811178393
72.12400688927163,1.2902778221998312
72.14400800044447,1.2904326917276643
72.16400911161732,1.2905874196864022
72.18401022279016,1.2907420060006238
72.204011333963,1.2908964505949776
72.22401244513584,1.2910507533941806
72.24401355630869,1.2912049143230193
72.26401466748153,1.291358933306349
72.28401577865438,1.2915128102690945
72.30401688982721,1.2916665451362497
72.32401800100006,1.2918201378328775
72.3440191121729,1.2919735882841108
72.36402022334575,1.2921268964151509
72.3840213345186,1.2922800621512696
72.40402244569142,1.2924330854178068
72.42402355686427,1.2925859661401733
72.44402466803712,1.292738704243848
72.46402577920996,1.29289129965438
72.48402689038281,1.2930437522973883
72.50402800155564,1.2931960620985605
72.52402911272848,1.2933482289836549
72.54403022390133,1.2935002528784985
72.56403133507418,1.293652133708989
72.58403244624702,1.293803871401093
72.60403355741985,1.2939554658808472
72.6240346685927,1.294106917074358
72.64403577976555,1.2942582249078018
72.66403689093839,1.2944093893074249
72.68403800211124,1.2945604101995434
72.70403911328407,1.294711287510543
72.72404022445691,1.2948620211668804
72.74404133562976,1.2950126110950815
72.7640424468026,1.295163057221742
72.78404355797545,1.2953133594735284
72.80404466914828,1.2954635177771774
72.82404578032113,1.295613532059495
72.84404689149397,1.295763402247358
72.86404800266682,1.295913128267714
72.88404911383967,1.2960627100475797
72.9040502250125,1.2962121475140425
72.92405133618534,1.2963614405942607
72.94405244735819,1.2965105892154627
72.96405355853103,1.2966595933049465
72.98405466970388,1.2968084527900818
73.00405578087671,1.2969571675983083
73.02405689204956,1.2971057376571358
73.0440580032224,1.2972541628941452
73.06405911439525,1.297402443236988
73.0840602255681,1.2975505786133856
73.10406133674093,1.2976985689511311
73.12406244791377,1.2978464141780877
73.14406355908662,1.2979941142221891
73.16406467025946,1.2981416690114402
73.18406578143231,1.2982890784739172
73.20406689260514,1.2984363425377656
73.22406800377799,1.2985834611312033
73.24406911495083,1.2987304341825185
73.26407022612368,1.2988772616200701
73.28407133729652,1.2990239433722885
73.30407244846936,1.2991704793676746
73.3240735596422,1.2993168695348007
73.34407467081505,1.2994631138023105
73.36407578198789,1.2996092120989176
73.38407689316074,1.2997551643534082
73.40407800433357,1.2999009704946385
73.42407911550642,1.300046630451537
73.44408022667926,1.3001921441531028
73.46408133785211,1.3003375115284062
73.48408244902495,1.3004827325065889
73.50408356019778,1.3006278070168644
73.52408467137063,1.3007727349885174
73.54408578254348,1.3009175163509037
73.56408689371632,1.3010621510334508
73.58408800488917,1.3012066389656576
73.604089116062,1.3013509800770948
73.62409022723484,1.3014951742974041
73.64409133840769,1.3016392215562997
73.66409244958054,1.3017831217835667
73.68409356075338,1.301926874909062
73.70409467192621,1.3020704808627144
73.72409578309906,1.3022139395745242
73.7440968942719,1.3023572509745638
73.76409800544475,1.302500414992977
73.7840991166176,1.3026434315599797
73.80410022779043,1.3027863006058595
73.82410133896327,1.3029290220609764
73.84410245013612,1.3030715958557615
73.86410356130897,1.303214021920719
73.88410467248181,1.3033563001864235
73.90410578365464,1.3034984305835233
73.92410689482749,1.303640413042738
73.94410800600033,1.303782247494859
73.96410911717318,1.3039239338707507
73.98411022834603,1.304065472101349
74.00411133951887,1.3042068621176621
74.0241124506917,1.3043481038507707
74.04411356186455,1.304489197231828
74.0641146730374,1.3046301421920585
74.08411578421024,1.30477093866276
74.10411689538309,1.3049115865753025
74.12411800655592,1.305052085861128
74.14411911772876,1.3051924364517515
74.16412022890161,1.3053326382787604
74.18412134007446,1.3054726912738142
74.2041224512473,1.305612595368645
74.22412356242013,1.305752350495058
74.24412467359298,1.3058919565849303
74.26412578476582,1.3060314135702122
74.28412689593867,1.3061707213829268
74.30412800711152,1.3063098799551693
74.32412911828435,1.3064488892191082
74.34413022945719,1.3065877491069842
74.36413134063004,1.3067264595511117
74.38413245180288,1.3068650204838765
74.40413356297573,1.3070034318377393
74.42413467414856,1.3071416935452316
74.44413578532141,1.3072798055389594
74.46413689649425,1.307417767751601
74.4841380076671,1.307555580115908
74.50413911883994,1.3076932425647043
74.52414023001278,1.307830755030888
74.54414134118562,1.3079681174474296
74.56414245235847,1.3081053297473728
74.58414356353131,1.3082423918638346
74.60414467470416,1.308379303730005
74.62414578587699,1.3085160652791477
74.64414689704984,1.3086526764445994
74.66414800822268,1.3087891371597697
74.68414911939553,1.3089254473581422
74.70415023056837,1.3090616069732735
74.7241513417412,1.3091976159387937
74.74415245291405,1.3093334741884064
74.7641535640869,1.3094691816558883
74.78415467525974,1.3096047382750904
74.80415578643259,1.309740143979936
74.82415689760542,1.3098753987044234
74.84415800877827,1.3100105023826234
74.86415911995111,1.3101454549486808
74.88416023112396,1.3102802563368139
74.9041613422968,1.310414906481315
74.92416245346963,1.31054940531655
74.94416356464248,1.3106837527769586
74.96416467581533,1.3108179487970542
74.98416578698817,1.3109519933114238
75.00416689816102,1.3110858862547285
75.02416800933385,1.3112196275617034
75.0441691205067,1.3113532171671571
75.06417023167954,1.311486655005973
75.08417134285239,1.3116199410131073
75.10417245402523,1.311753075123591
75.12417356519806,1.311886057272529
75.14417467637091,1.3120188873951002
75.16417578754375,1.3121515654265576
75.1841768987166,1.3122840913022285
75.20417800988945,1.3124164649575139
75.22417912106228,1.3125486863278892
75.24418023223512,1.3126807553489048
75.26418134340797,1.3128126719561841
75.28418245458082,1.3129444360854259
75.30418356575366,1.3130760476724026
75.32418467692649,1.313207506652961
75.34418578809934,1.3133388129630226
75.36418689927218,1.3134699665385832
75.38418801044503,1.3136009673157132
75.40418912161788,1.313731815230557
75.4241902327907,1.313862510219334
75.44419134396355,1.313993052218338
75.4641924551364,1.3141234411639375
75.48419356630924,1.3142536769925752
75.50419467748209,1.3143837596407688
75.52419578865492,1.3145136890451103
75.54419689982777,1.314643465142267
75.56419801100061,1.3147730878689803
75.58419912217346,1.314902557162067
75.6042002333463,1.3150318729584178
75.62420134451914,1.3151610351949992
75.64420245569198,1.3152900438088522
75.66420356686483,1.315418898737092
75.68420467803767,1.31554759991691
75.70420578921052,1.3156761472855711
75.72420690038335,1.3158045407804162
75.7442080115562,1.3159327803388612
75.76420912272904,1.3160608658983965
75.78421023390189,1.3161887973965878
75.80421134507473,1.316316574771076
75.82421245624757,1.3164441979595771
75.84421356742041,1.3165716668998821
75.86421467859326,1.3166989815298573
75.8842157897661,1.316826141787444
75.90421690093895,1.3169531476106595
75.92421801211178,1.317079998937595
75.94421912328463,1.3172066957064188
75.96422023445747,1.3173332378553728
75.98422134563032,1.3174596253227753
76.00422245680316,1.3175858580470199
76.024223567976,1.317711935966575
76.04422467914884,1.3178378590199857
76.06422579032169,1.317963627145871
76.08422690149453,1.3180892402829267
76.10422801266738,1.3182146983699237
76.12422912384021,1.318340001345708
76.14423023501305,1.3184651491492025
76.1642313461859,1.3185901417194041
76.18423245735875,1.3187149789953865
76.20423356853159,1.3188396609162987
76.22423467970442,1.3189641874213656
76.24423579087727,1.3190885584498877
76.26423690205011,1.3192127739412411
76.28423801322296,1.3193368338348785
76.3042391243958,1.3194607380703274
76.32424023556865,1.3195844865871917
76.34424134674148,1.3197080793251514
76.36424245791433,1.3198315162239622
76.38424356908718,1.3199547972234558
76.40424468026002,1.3200779222635395
76.42424579143287,1.3202008912841974
76.4442469026057,1.3203237042254887
76.46424801377854,1.32044636102755
76.48424912495139,1.3205688616305926
76.50425023612424,1.320691205974905
76.52425134729708,1.3208133940008508
76.54425245846991,1.320935425648871
76.56425356964276,1.3210573008594821
76.5842546808156,1.3211790195732769
76.60425579198845,1.3213005817309247
76.6242569031613,1.321421987273171
76.64425801433413,1.3215432361408372
76.66425912550697,1.3216643282748222
76.68426023667982,1.3217852636161003
76.70426134785266,1.3219060421057225
76.72426245902551,1.3220266636848164
76.74426357019834,1.3221471282945858
76.76426468137119,1.3222674358763111
76.78426579254403,1.32238758637135
76.80426690371688,1.3225075797211352
76.82426801488973,1.3226274158671774
76.84426912606256,1.3227470947510631
76.8642702372354,1.3228666163144565
76.88427134840825,1.322985980499097
76.9042724595811,1.3231051872468018
76.92427357075394,1.3232242364994646
76.94427468192677,1.3233431281990558
76.96427579309962,1.3234618622876222
76.98427690427246,1.3235804387072883
77.00427801544531,1.3236988574002546
77.02427912661815,1.3238171183087992
77.04428023779099,1.3239352213752764
77.06428134896383,1.324053166542118
77.08428246013668,1.324170953751833
77.10428357130952,1.3242885829470061
77.12428468248237,1.3244060540703004
77.1442857936552,1.3245233670644554
77.16428690482805,1.324640521872288
77.18428801600089,1.324757518436692
77.20428912717374,1.324874356700638
77.22429023834658,1.3249910366071744
77.24429134951941,1.3251075580994267
77.26429246069226,1.3252239211205972
77.2842935718651,1.3253401256139656
77.30429468303795,1.3254561715228892
77.3242957942108,1.3255720587908022
77.34429690538363,1.325687787361216
77.36429801655648,1.32580335717772
77.38429912772932,1.3259187681839806
77.40430023890217,1.3260340203237417
77.42430135007501,1.3261491135408243
77.44430246124784,1.326264047779127
77.46430357242069,1.3263788229826265
77.48430468359354,1.3264934390953762
77.50430579476638,1.3266078960615078
77.52430690593923,1.3267221938252296
77.54430801711206,1.3268363323308283
77.5643091282849,1.3269503115226682
77.58431023945775,1.3270641313451907
77.6043113506306,1.3271777917429157
77.62431246180344,1.32729129266044
77.64431357297627,1.3274046340424384
77.66431468414912,1.3275178158336638
77.68431579532196,1.3276308379789465
77.70431690649481,1.327743700423195
77.72431801766766,1.327856403111395
77.74431912884049,1.3279689459886108
77.76432024001333,1.3280813289999842
77.78432135118618,1.3281935520907349
77.80432246235902,1.3283056152061605
77.82432357353187,1.3284175182916373
77.8443246847047,1.3285292612926183
77.86432579587755,1.328640844154636
77.8843269070504,1.3287522668232996
77.90432801822324,1.3288635292442976
77.92432912939609,1.3289746313633954
77.94433024056892,1.3290855731264375
77.96433135174176,1.3291963544793464
77.98433246291461,1.3293069753681221
78.00433357408745,1.3294174357388437
78.0243346852603,1.3295277355376682
78.04433579643313,1.3296378747108306
78.06433690760598,1.329747853204645
78.08433801877882,1.3298576709655023
78.10433912995167,1.3299673279398736
78.12434024112451,1.330076824074307
78.14434135229735,1.3301861593154296
78.16434246347019,1.330295333609947
78.18434357464304,1.3304043469046427
78.20434468581588,1.3305131991463794
78.22434579698873,1.3306218902820979
78.24434690816156,1.3307304202588173
78.2643480193344,1.3308387890236357
78.28434913050725,1.3309469965237295
78.3043502416801,1.331055042706354
78.32435135285294,1.3311629275188428
78.34435246402577,1.3312706509086085
78.36435357519862,1.331378212823142
78.38435468637147,1.3314856132100132
78.40435579754431,1.3315928520168707
78.42435690871716,1.3316999291914415
78.44435801988999,1.331806844681532
78.46435913106284,1.3319135984350272
78.48436024223568,1.3320201903998905
78.50436135340853,1.3321266205241646
78.52436246458137,1.3322328887559711
78.54436357575422,1.3323389950435103
78.56436468692705,1.3324449393350615
78.5843657980999,1.3325507215789831
78.60436690927274,1.3326563417237125
78.62436802044559,1.3327617997177656
78.64436913161843,1.3328670955097381
78.66437024279126,1.3329722290483044
78.68437135396411,1.3330772002822178
78.70437246513696,1.333182009160311
78.7243735763098,1.333286655631496
78.74437468748265,1.3333911396447633
78.76437579865548,1.333495461149183
78.78437690982832,1.3335996200939049
78.80437802100117,1.333703616428157
78.82437913217402,1.3338074501012476
78.84438024334686,1.3339111210625636
78.8643813545197,1.334014629261571
78.88438246569254,1.3341179746478165
78.90438357686538,1.3342211571709242
78.92438468803823,1.3343241767805993
78.94438579921108,1.3344270334266255
78.96438691038391,1.3345297270588659
78.98438802155675,1.3346322576272638
79.0043891327296,1.3347346250818413
79.02439024390245,1.3348368293727
79.04439135507529,1.3349388704500214
79.06439246624812,1.3350407482640663
79.08439357742097,1.3351424627651753
79.10439468859381,1.3352440139037682
79.12439579976666,1.3353454016303452
79.1443969109395,1.3354466258954854
79.16439802211234,1.3355476866498477
79.18439913328518,1.335648583844171
79.20440024445803,1.3357493174292738
79.22440135563087,1.3358498873560543
79.24440246680372,1.3359502935754903
79.26440357797655,1.3360505360386399
79.2844046891494,1.3361506146966404
79.30440580032224,1.3362505295007094
79.32440691149509,1.3363502804021443
79.34440802266793,1.3364498673523224
79.36440913384077,1.3365492903027005
79.38441024501361,1.3366485492048161
79.40441135618646,1.336747644010286
79.4244124673593,1.336846574670807
79.44441357853215,1.3369453411381564
79.46441468970498,1.3370439433641914
79.48441580087783,1.337142381300849
79.50441691205067,1.3372406549001465
79.52441802322352,1.337338764114181
79.54441913439636,1.33743670889513
79.5644202455692,1.3375344891952512
79.58442135674204,1.3376321049668825
79.60442246791489,1.3377295561624416
79.62442357908773,1.3378268427344269
79.64442469026058,1.3379239646354166
79.66442580143341,1.3380209218180696
79.68442691260626,1.3381177142351248
79.7044280237791,1.338214341839402
79.72442913495195,1.3383108045838
79.7444302461248,1.3384071024212991
79.76443135729762,1.33850323530496
79.78443246847047,1.3385992031879232
79.80443357964332,1.3386950060234102
79.82443469081616,1.3387906437647223
79.84443580198901,1.338886116365242
79.86443691316184,1.3389814237784314
79.88443802433468,1.3390765659578345
79.90443913550753,1.3391715428570743
79.92444024668038,1.3392663544298555
79.94444135785322,1.3393610006299626
79.96444246902605,1.3394554814112614
79.9844435801989,1.3395497967276977
80.00444469137175,1.3396439465332985
80.02444580254459,1.339737930782171
80.04444691371744,1.3398317494285035
80.06444802489027,1.339925402426565
80.08444913606311,1.3400188897307046
80.10445024723596,1.340112211295353
80.1244513584088,1.3402053670750214
80.14445246958165,1.3402983570243017
80.16445358075448,1.3403911810978666
80.18445469192733,1.3404838392504697
80.20445580310017,1.3405763314369457
80.22445691427302,1.34066865761221
80.24445802544587,1.3407608177312589
80.2644591366187,1.3408528117491696
80.28446024779154,1.3409446396211004
80.30446135896439,1.3410363013022906
80.32446247013723,1.3411277967480606
80.34446358131008,1.341219125913811
80.36446469248291,1.3413102887550252
80.38446580365576,1.3414012852272656
80.4044669148286,1.3414921152861774
80.42446802600145,1.341582778887486
80.4444691371743,1.3416732759869976
80.46447024834713,1.341763606540601
80.48447135951997,1.3418537705042648
80.50447247069282,1.3419437678340393
80.52447358186566,1.342033598486056
80.54447469303851,1.342123262416528
80.56447580421134,1.342212759581749
80.58447691538419,1.3423020899380944
80.60447802655703,1.3423912534420208
80.62447913772988,1.3424802500500665
80.64448024890272,1.3425690797188503
80.66448136007556,1.3426577424050732
80.6844824712484,1.342746238065517
80.70448358242125,1.3428345666570456
80.72448469359409,1.3429227281366036
80.74448580476694,1.3430107224612178
80.76448691593977,1.3430985495879955
80.78448802711262,1.3431862094741265
80.80448913828546,1.3432737020768815
80.82449024945831,1.343361027353613
80.84449136063115,1.343448185261755
80.864492471804,1.3435351757588232
80.88449358297683,1.3436219988024143
80.90449469414968,1.3437086543502075
80.92449580532252,1.3437951423599632
80.94449691649537,1.3438814627895237
80.96449802766821,1.3439676155968123
80.98449913884104,1.344053600739835
81.00450025001389,1.3441394181766786
81.02450136118674,1.3442250678655123
81.04450247235958,1.3443105497645869
81.06450358353243,1.3443958638322349
81.08450469470526,1.3444810100268705
81.1045058058781,1.34456598830699
81.12450691705095,1.3446507986311713
81.1445080282238,1.3447354409580745
81.16450913939664,1.3448199152464413
81.18451025056947,1.3449042214550953
81.20451136174232,1.344988359542942
81.22451247291517,1.345072329468969
81.24451358408801,1.3451561311922462
81.26451469526086,1.3452397646719247
81.28451580643369,1.3453232298672382
81.30451691760653,1.3454065267375024
81.32451802877938,1.3454896552421145
81.34451913995223,1.3455726153405545
81.36452025112507,1.345655406992384
81.3845213622979,1.345738030157247
81.40452247347075,1.3458204847948696
81.4245235846436,1.3459027708650595
81.44452469581644,1.3459848883277077
81.46452580698929,1.346066837142786
81.48452691816212,1.3461486172703494
81.50452802933496,1.346230228670535
81.52452914050781,1.3463116713035617
81.54453025168065,1.3463929451297312
81.5645313628535,1.346474050109427
81.58453247402633,1.346554986203115
81.60453358519918,1.346635753371344
81.62453469637202,1.3467163515747442
81.64453580754487,1.346796780774029
81.66453691871772,1.346877040929994
81.68453802989055,1.3469571320035163
81.70453914106339,1.3470370539555567
81.72454025223624,1.347116806747158
81.74454136340908,1.347196390339445
81.76454247458193,1.3472758046936253
81.78454358575476,1.3473550497709894
81.80454469692761,1.3474341255329094
81.82454580810045,1.3475130319408408
81.8445469192733,1.3475917689563213
81.86454803044614,1.347670336540971
81.88454914161898,1.3477487346564927
81.90455025279182,1.347826963264672
81.92455136396467,1.3479050223273772
81.94455247513751,1.3479829118065587
81.96455358631036,1.3480606316642503
81.98455469748319,1.3481381818625673
82.00455580865604,1.3482155623637093
82.02455691982888,1.3482927731299574
82.04455803100173,1.348369814123676
82.06455914217457,1.3484466853073118
82.0845602533474,1.3485233866433948
82.10456136452025,1.3485999180945374
82.1245624756931,1.3486762796234353
82.14456358686594,1.3487524711928662
82.16456469803879,1.3488284927656915
82.18456580921162,1.3489043443048547
82.20456692038447,1.3489800257733828
82.22456803155731,1.3490555371343858
82.24456914273016,1.3491308783510558
82.264570253903,1.3492060493866687
82.28457136507583,1.3492810502045822
82.30457247624868,1.3493558807682389
82.32457358742153,1.3494305410411624
82.34457469859437,1.3495050309869605
82.36457580976722,1.3495793505693237
82.38457692094005,1.349653499752025
82.4045780321129,1.349727478498922
82.42457914328574,1.3498012867739533
82.44458025445859,1.349874924541142
82.46458136563143,1.3499483917645945
82.48458247680426,1.3500216884084988
82.50458358797711,1.3500948144371279
82.52458469914995,1.3501677698148364
82.5445858103228,1.3502405545060634
82.56458692149565,1.3503131684753304
82.58458803266848,1.3503856116872421
82.60458914384132,1.3504578841064867
82.62459025501417,1.3505299856978359
82.64459136618702,1.3506019164261438
82.66459247735986,1.3506736762563487
82.68459358853269,1.350745265153472
82.70459469970554,1.3508166830826178
82.72459581087838,1.3508879300089744
82.74459692205123,1.350959005897813
82.76459803322408,1.3510299107144879
82.7845991443969,1.3511006444244376
82.80460025556975,1.351171206993183
82.8246013667426,1.3512415983863293
82.84460247791544,1.3513118185695647
82.86460358908829,1.3513818675086609
82.88460470026112,1.3514517451694732
82.90460581143397,1.3515214515179401
82.92460692260681,1.351590986520084
82.94460803377966,1.3516603501420106
82.9646091449525,1.351729542349909
82.98461025612534,1.351798563110052
83.00461136729818,1.3518674123887962
83.02461247847103,1.3519360901525812
83.04461358964387,1.352004596367931
83.06461470081672,1.3520729310014528
83.08461581198956,1.352141094019837
83.1046169231624,1.3522090853898585
83.12461803433524,1.3522769050783752
83.14461914550809,1.3523445530523288
83.16462025668093,1.3524120292787454
83.18462136785378,1.3524793337247336
83.20462247902661,1.3525464663574869
83.22462359019946,1.3526134271442818
83.2446247013723,1.3526802160524787
83.26462581254515,1.352746833049522
83.284626923718,1.3528132781029398
83.30462803489083,1.352879551180344
83.32462914606367,1.35294565224943
83.34463025723652,1.3530115812779782
83.36463136840936,1.353077338233851
83.38463247958221,1.3531429230849963
83.40463359075504,1.353208335799445
83.42463470192789,1.3532735763453128
83.44463581310073,1.3533386446907978
83.46463692427358,1.3534035408041836
83.48463803544642,1.353468264653837
83.50463914661925,1.3535328162082085
83.5246402577921,1.3535971954358337
83.54464136896495,1.3536614023053306
83.56464248013779,1.3537254367854028
83.58464359131064,1.3537892988448368
83.60464470248347,1.3538529884525037
83.62464581365631,1.3539165055773583
83.64464692482916,1.35397985018844
83.664648036002,1.3540430222548716
83.68464914717485,1.354106021745861
83.70465025834768,1.3541688486306989
83.72465136952053,1.3542315028787613
83.74465248069338,1.3542939844595074
83.76465359186622,1.3543562933424818
83.78465470303907,1.3544184294973118
83.8046558142119,1.3544803928937101
83.82465692538474,1.3545421835014728
83.84465803655759,1.3546038012904809
83.86465914773044,1.3546652462306992
83.88466025890328,1.3547265182921766
83.90466137007611,1.3547876174450468
83.92466248124896,1.3548485436595277
83.9446635924218,1.3549092969059207
83.96466470359465,1.3549698771546124
83.9846658147675,1.3550302843760735
84.00466692594033,1.3550905185408593
84.02466803711317,1.3551505796196084
84.04466914828602,1.3552104675830452
84.06467025945886,1.3552701824019775
84.08467137063171,1.3553297240472975
84.10467248180454,1.3553890924899825
84.12467359297739,1.3554482877010938
84.14467470415023,1.3555073096517771
84.16467581532308,1.3555661583132625
84.18467692649592,1.355624833656865
84.20467803766876,1.3556833356539835
84.2246791488416,1.3557416642761018
84.24468026001445,1.3557998194947878
84.2646813711873,1.3558578012816946
84.28468248236014,1.3559156096085592
84.30468359353297,1.3559732444472032
84.32468470470582,1.3560307057695336
84.34468581587866,1.3560879935475407
84.36468692705151,1.3561451077533007
84.38468803822435,1.3562020483589727
84.40468914939719,1.3562588153368025
84.42469026057003,1.356315408659119
84.44469137174288,1.3563718282983361
84.46469248291572,1.356428074226953
84.48469359408857,1.3564841464175525
84.5046947052614,1.356540044842803
84.52469581643425,1.3565957694754573
84.54469692760709,1.3566513202883528
84.56469803877994,1.3567066972544115
84.58469914995278,1.3567619003466407
84.60470026112561,1.3568169295381316
84.62470137229846,1.3568717848020613
84.6447024834713,1.3569264661116904
84.66470359464415,1.3569809734403655
84.684704705817,1.3570353067615168
84.70470581698983,1.3570894660486608
84.72470692816268,1.3571434512753973
84.74470803933552,1.3571972624154116
84.76470915050837,1.3572508994424743
84.78471026168121,1.3573043623304404
84.80471137285404,1.3573576510532497
84.82471248402689,1.357410765584927
84.84471359519974,1.3574637058995822
84.86471470637258,1.35751647197141
84.88471581754543,1.3575690637746896
84.90471692871826,1.357621481283786
84.9247180398911,1.3576737244731485
84.94471915106395,1.3577257933173117
84.9647202622368,1.3577776877908947
84.98472137340964,1.3578294078686026
85.00472248458247,1.357880953525224
85.02472359575532,1.3579323247356343
85.04472470692816,1.3579835214747924
85.06472581810101,1.3580345437177432
85.08472692927386,1.3580853914396158
85.10472804044669,1.3581360646156255
85.12472915161953,1.358186563221072
85.14473026279238,1.3582368872313397
85.16473137396522,1.3582870366218986
85.18473248513807,1.3583370113683044
85.2047335963109,1.3583868114461968
85.22473470748375,1.358436436831301
85.2447358186566,1.3584858874994281
85.26473692982944,1.3585351634264735
85.28473804100229,1.3585842645884179
85.30473915217512,1.3586331909613272
85.32474026334796,1.358681942521353
85.34474137452081,1.3587305192447314
85.36474248569365,1.3587789211077845
85.3847435968665,1.3588271480869187
85.40474470803935,1.3588752001586266
85.42474581921218,1.3589230772994854
85.44474693038502,1.3589707794861576
85.46474804155787,1.3590183066953911
85.48474915273071,1.3590656589040198
85.50475026390356,1.3591128360889617
85.52475137507639,1.3591598382272205
85.54475248624924,1.3592066652958859
85.56475359742208,1.359253317272132
85.58475470859493,1.3592997941332188
85.60475581976777,1.3593460958564916
85.6247569309406,1.3593922224193808
85.64475804211345,1.3594381737994028
85.6647591532863,1.3594839499741587
85.68476026445914,1.359529550921335
85.70476137563199,1.3595749766187042
85.72476248680482,1.359620227044124
85.74476359797767,1.3596653021755372
85.76476470915051,1.3597102019909721
85.78476582032336,1.3597549264685433
85.8047669314962,1.3597994755864498
85.82476804266904,1.3598438493229763
85.84476915384188,1.3598880476564934
85.86477026501473,1.3599320705654572
85.88477137618757,1.3599759180284086
85.90477248736042,1.3600195900239749
85.92477359853325,1.3600630865308683
85.9447747097061,1.3601064075278868
85.96477582087894,1.3601495529939143
85.98477693205179,1.3601925229079193
86.00477804322463,1.3602353172489567
86.02477915439746,1.360277935996167
86.04478026557031,1.3603203791287757
86.06478137674316,1.3603626466260943
86.084782487916,1.36040473846752
86.10478359908885,1.3604466546325353
86.12478471026168,1.3604883951007087
86.14478582143452,1.3605299598516938
86.16478693260737,1.3605713488652305
86.18478804378022,1.3606125621211438
86.20478915495306,1.360653599599345
86.2247902661259,1.3606944612798304
86.24479137729874,1.3607351471426823
86.26479248847158,1.3607756571680687
86.28479359964443,1.3608159913362439
86.30479471081728,1.3608561496275464
86.32479582199011,1.3608961320224018
86.34479693316295,1.360935938501321
86.3647980443358,1.3609755690449008
86.38479915550865,1.3610150236338234
86.40480026668149,1.361054302248857
86.42480137785432,1.3610934048708556
86.44480248902717,1.361132331480759
86.46480360020001,1.3611710820595926
86.48480471137286,1.3612096565884677
86.5048058225457,1.3612480550485817
86.52480693371854,1.3612862774212173
86.54480804489138,1.3613243236877435
86.56480915606423,1.361362193829615
86.58481026723707,1.361399887828372
86.60481137840992,1.361437405665641
86.62481248958275,1.3614747473231346
86.6448136007556,1.3615119127826505
86.66481471192844,1.3615489020260725
86.68481582310129,1.3615857150353712
86.70481693427413,1.3616223517926016
86.72481804544697,1.3616588122799058
86.74481915661981,1.3616950964795116
86.76482026779266,1.3617312043737322
86.7848213789655,1.3617671359449672
86.80482249013835,1.3618028911757023
86.82482360131118,1.3618384700485087
86.84482471248403,1.3618738725460435
86.86482582365687,1.3619090986510505
86.88482693482972,1.3619441483463588
86.90482804600256,1.3619790216148837
86.9248291571754,1.3620137184396264
86.94483026834824,1.3620482388036743
86.96483137952109,1.362082582690201
86.98483249069393,1.3621167500824654
87.00483360186678,1.3621507409638132
87.02483471303961,1.3621845553176755
87.04483582421246,1.36221819312757
87.0648369353853,1.3622516543771004
87.08483804655815,1.3622849390499558
87.10483915773099,1.3623180471299123
87.12484026890382,1.3623509786008312
87.14484138007667,1.3623837334466609
87.16484249124952,1.3624163116514347
87.18484360242236,1.3624487131992729
87.20484471359521,1.3624809380743816
87.22484582476804,1.3625129862610532
87.24484693594088,1.3625448577436658
87.26484804711373,1.362576552506684
87.28484915828658,1.3626080705346586
87.30485026945942,1.362639411812226
87.32485138063225,1.3626705763241096
87.3448524918051,1.362701564055118
87.36485360297795,1.3627323749901472
87.38485471415079,1.362763009114178
87.40485582532364,1.3627934664122785
87.42485693649647,1.3628237468696018
87.44485804766931,1.362853850471389
87.46485915884216,1.3628837772029654
87.484860270015,1.3629135270497441
87.50486138118785,1.3629430999972234
87.52486249236068,1.3629724960309881
87.54486360353353,1.3630017151367098
87.56486471470637,1.3630307573001454
87.58486582587922,1.363059622507139
87.60486693705207,1.3630883107436202
87.62486804822491,1.3631168219956051
87.64486915939774,1.3631451562491965
87.66487027057059,1.3631733134905826
87.68487138174343,1.3632012937060385
87.70487249291628,1.3632290968819256
87.72487360408913,1.3632567230046915
87.74487471526196,1.3632841720608697
87.7648758264348,1.3633114440370808
87.78487693760765,1.3633385389200314
87.8048780487805,1.3633654566965139
87.82487915995334,1.3633921973534076
87.84488027112617,1.363418760877678
87.86488138229902,1.3634451472563769
87.88488249347186,1.3634713564766425
87.90488360464471,1.3634973885256993
87.92488471581756,1.3635232433908582
87.94488582699039,1.3635489210595164
87.96488693816323,1.3635744215191576
87.98488804933608,1.3635997447573518
88.00488916050892,1.3636248907617554
88.02489027168177,1.3636498595201112
88.0448913828546,1.3636746510202482
88.06489249402745,1.3636992652500821
88.08489360520029,1.363723702197615
88.10489471637314,1.3637479618509352
88.12489582754598,1.3637720441982175
88.14489693871882,1.3637959492277232
88.16489804989166,1.3638196769278
88.18489916106451,1.363843227286882
88.20490027223735,1.3638666002934896
88.2249013834102,1.3638897959362302
88.24490249458303,1.3639128142037968
88.26490360575588,1.3639356550849695
88.28490471692872,1.363958318568615
88.30490582810157,1.3639808046436859
88.32490693927441,1.3640031132992214
88.34490805044724,1.3640252445243477
88.36490916162009,1.364047198308277
88.38491027279294,1.3640689746403079
88.40491138396578,1.3640905735098257
88.42491249513863,1.3641119949063023
88.44491360631146,1.3641332388192962
88.4649147174843,1.364154305238452
88.48491582865715,1.364175194153501
88.50491693983,1.3641959055542612
88.52491805100284,1.3642164394306369
88.54491916217567,1.3642367957726191
88.56492027334852,1.3642569745702853
88.58492138452137,1.3642769758137994
88.60492249569421,1.364296799493412
88.62492360686706,1.3643164455994603
88.64492471803989,1.3643359141223677
88.66492582921273,1.3643552050526448
88.68492694038558,1.364374318380888
88.70492805155843,1.364393254097781
88.72492916273127,1.3644120121940935
88.7449302739041,1.3644305926606821
88.76493138507695,1.36444899548849
88.7849324962498,1.3644672206685466
88.80493360742264,1.3644852681919684
88.82493471859549,1.3645031380499584
88.84493582976832,1.3645208302338057
88.86493694094116,1.3645383447348869
88.88493805211401,1.364555681544664
88.90493916328685,1.364572840654687
88.9249402744597,1.3645898220565917
88.94494138563253,1.3646066257421001
88.96494249680538,1.3646232517030221
88.98494360797822,1.3646396999312531
89.00494471915107,1.3646559704187755
89.02494583032392,1.3646720631576588
89.04494694149675,1.3646879781400583
89.06494805266959,1.3647037153582162
89.08494916384244,1.3647192748044623
89.10495027501528,1.3647346564712115
89.12495138618813,1.3647498603509665
89.14495249736096,1.364764886436316
89.1649536085338,1.3647797347199362
89.18495471970665,1.3647944051945888
89.2049558308795,1.3648088978531234
89.22495694205234,1.3648232126884752
89.24495805322518,1.3648373496936665
89.26495916439802,1.3648513088618068
89.28496027557087,1.3648650901860915
89.30496138674371,1.364878693659803
89.32496249791656,1.3648921192763104
89.34496360908939,1.3649053670290696
89.36496472026224,1.3649184369116232
89.38496583143508,1.3649313289176
89.40496694260793,1.364944043040716
89.42496805378077,1.3649565792747742
89.4449691649536,1.3649689376136633
89.46497027612645,1.3649811180513598
89.4849713872993,1.3649931205819263
89.50497249847214,1.3650049451995123
89.52497360964499,1.3650165918983541
89.54497472081782,1.365028060672774
89.56497583199067,1.3650393515171824
89.58497694316351,1.3650504644260755
89.60497805433636,1.365061399394036
89.6249791655092,1.365072156415734
89.64498027668203,1.365082735485926
89.66498138785488,1.3650931365994556
89.68498249902773,1.3651033597512527
89.70498361020057,1.3651134049363338
89.72498472137342,1.3651232721498028
89.74498583254625,1.36513296138685
89.7649869437191,1.3651424726427523
89.78498805489194,1.3651518059128736
89.80498916606479,1.3651609611926645
89.82499027723763,1.365169938477662
89.84499138841046,1.365178737763491
89.86499249958331,1.3651873590458614
89.88499361075615,1.3651958023205715
89.904994721929,1.3652040675835055
89.92499583310185,1.3652121548306344
89.94499694427469,1.3652200640580163
89.96499805544752,1.365227795261796
89.98499916662037,1.3652353484382047
90.00500027779321,1.3652427235835607
90.02500138896606,1.3652499206942692
90.0450025001389,1.3652569397668222
90.06500361131174,1.365263780797798
90.08500472248458,1.365270443783862
90.10500583365743,1.3652769287217668
90.12500694483028,1.3652832356083506
90.14500805600312,1.36528936444054
90.16500916717595,1.3652953152153469
90.1850102783488,1.365301087929871
90.20501138952164,1.3653066825812983
90.22501250069449,1.3653120991669017
90.24501361186734,1.365317337684041
90.26501472304017,1.365322398130163
90.28501583421301,1.3653272805028005
90.30501694538586,1.3653319847995737
90.3250180565587,1.36533651101819
90.34501916773155,1.3653408591564427
90.36502027890438,1.3653450292122127
90.38502139007723,1.3653490211834667
90.40502250125007,1.3653528350682596
90.42502361242292,1.3653564708647319
90.44502472359576,1.3653599285711113
90.4650258347686,1.3653632081857126
90.48502694594144,1.3653663097069373
90.50502805711429,1.3653692331332732
90.52502916828713,1.3653719784632956
90.54503027945998,1.365374545695666
90.56503139063281,1.3653769348291336
90.58503250180566,1.365379145862533
90.6050336129785,1.3653811787947874
90.62503472415135,1.365383033624905
90.6450358353242,1.3653847103519823
90.66503694649703,1.3653862089752016
90.68503805766987,1.3653875294938327
90.70503916884272,1.365388671907232
90.72504028001556,1.3653896362148419
90.74504139118841,1.3653904224161932
90.76504250236124,1.3653910305109023
90.78504361353409,1.3653914604986728
90.80504472470693,1.365391712379295
90.82504583587978,1.3653917861526463
90.84504694705262,1.365391681818691
90.86504805822545,1.3653913993774796
90.8850491693983,1.3653909388291496
90.90505028057115,1.3653903001739258
90.92505139174399,1.3653894834121196
90.94505250291684,1.365388488544129
90.96505361408967,1.3653873155704386
90.98505472526251,1.3653859644916206
91.00505583643536,1.3653844353083335
91.0250569476082,1.3653827280213224
91.04505805878105,1.36538084263142
91.06505916995388,1.3653787791395449
91.08506028112673,1.365376537546703
91.10506139229958,1.3653741178539873
91.12506250347242,1.3653715200625767
91.14506361464527,1.3653687441737379
91.1650647258181,1.3653657901888239
91.18506583699094,1.3653626581092744
91.20506694816379,1.3653593479366162
91.22506805933664,1.3653558596724629
91.24506917050948,1.3653521933185149
91.26507028168231,1.365348348876559
91.28507139285516,1.3653443263484695
91.305072504028,1.365340125736207
91.32507361520085,1.365335747041819
91.3450747263737,1.36533119026744
91.36507583754653,1.3653264554152913
91.38507694871937,1.3653215424876803
91.40507805989222,1.3653164514870022
91.42507917106506,1.3653111824157387
91.44508028223791,1.3653057352764577
91.46508139341074,1.3653001100718147
91.48508250458359,1.3652943068045515
91.50508361575643,1.365288325477497
91.52508472692928,1.3652821660935668
91.54508583810212,1.3652758286557631
91.56508694927496,1.365269313167175
91.5850880604478,1.3652626196309785
91.60508917162065,1.3652557480504364
91.6250902827935,1.365248698428898
91.64509139396634,1.3652414707697997
91.66509250513917,1.3652340650766646
91.68509361631202,1.3652264813531023
91.70509472748486,1.3652187196028096
91.72509583865771,1.36521077982957
91.74509694983055,1.3652026620372537
91.76509806100339,1.3651943662298174
91.78509917217623,1.3651858924113052
91.80510028334908,1.365177240585847
91.82510139452192,1.3651684107576607
91.84510250569477,1.36515940293105
91.8651036168676,1.365150217110406
91.88510472804045,1.3651408533002056
91.90510583921329,1.3651313115050137
91.92510695038614,1.3651215917294812
91.94510806155898,1.3651116939783459
91.96510917273181,1.3651016182564324
91.98511028390466,1.365091364568652
92.0051113950775,1.3650809329200029
92.02511250625035,1.3650703233155697
92.0451136174232,1.3650595357605242
92.06511472859603,1.3650485702601245
92.08511583976887,1.3650374268197158
92.10511695094172,1.36502610544473
92.12511806211457,1.3650146061406851
92.14511917328741,1.365002928913187
92.16512028446024,1.3649910737679274
92.18512139563309,1.3649790407106848
92.20512250680594,1.3649668297473248
92.22512361797878,1.3649544408837995
92.24512472915163,1.3649418741261479
92.26512584032447,1.3649291294804953
92.2851269514973,1.364916206953054
92.30512806267015,1.3649031065501234
92.325129173843,1.3648898282780886
92.34513028501584,1.3648763721434223
92.36513139618869,1.3648627381526837
92.38513250736152,1.3648489263125183
92.40513361853436,1.3648349366296588
92.42513472970721,1.3648207691109242
92.44513584088006,1.3648064237632203
92.4651369520529,1.3647919005935398
92.48513806322573,1.364777199608962
92.50513917439858,1.3647623208166524
92.52514028557142,1.3647472642238636
92.54514139674427,1.3647320298379353
92.56514250791712,1.364716617666293
92.58514361908995,1.3647010277164493
92.6051447302628,1.3646852599960033
92.62514584143564,1.364669314512641
92.64514695260848,1.3646531912741346
92.66514806378133,1.364636890288344
92.68514917495416,1.364620411563214
92.70515028612701,1.3646037551067776
92.72515139729985,1.3645869209271537
92.7451525084727,1.3645699090325483
92.76515361964555,1.3645527194312532
92.78515473081838,1.3645353521316477
92.80515584199122,1.364517807142197
92.82515695316407,1.3645000844714539
92.84515806433691,1.3644821841280563
92.86515917550976,1.3644641061207303
92.88516028668259,1.3644458504582877
92.90516139785544,1.364427417149627
92.92516250902828,1.3644088062037332
92.94516362020113,1.3643900176296784
92.96516473137397,1.3643710514366205
92.9851658425468,1.364351907633805
93.00516695371965,1.3643325862305629
93.0251680648925,1.3643130872363125
93.04516917606534,1.3642934106605584
93.06517028723819,1.3642735565128918
93.08517139841102,1.3642535248029903
93.10517250958387,1.3642333155406186
93.12517362075671,1.3642129287356268
93.14517473192956,1.3641923643979532
93.1651758431024,1.3641716225376208
93.18517695427524,1.3641507031647409
93.20517806544808,1.3641296062895099
93.22517917662093,1.3641083319222116
93.24518028779377,1.3640868800732158
93.26518139896662,1.3640652507529791
93.28518251013945,1.3640434439720448
93.3051836213123,1.3640214597410423
93.32518473248514,1.3639992980706872
93.34518584365799,1.3639769589717827
93.36518695483083,1.3639544424552175
93.38518806600366,1.3639317485319669
93.40518917717651,1.3639088772130932
93.42519028834936,1.3638858285097446
93.4451913995222,1.3638626024331564
93.46519251069505,1.3638391989946494
93.48519362186788,1.363815618205632
93.50519473304072,1.363791860077598
93.52519584421357,1.3637679246221284
93.54519695538642,1.3637438118508902
93.56519806655926,1.363719521775637
93.5851991777321,1.3636950544082087
93.60520028890494,1.363670409760532
93.62520140007778,1.3636455878446196
93.64520251125063,1.3636205886725705
93.66520362242348,1.3635954122565708
93.68520473359631,1.3635700586088924
93.70520584476915,1.3635445277418934
93.725206955942,1.3635188196680188
93.74520806711485,1.3634929343998001
93.76520917828769,1.3634668719498544
93.78521028946052,1.363440632330886
93.80521140063337,1.3634142155556852
93.82521251180621,1.3633876216371283
93.84521362297906,1.3633608505881785
93.8652147341519,1.3633339024218851
93.88521584532474,1.3633067771513838
93.90521695649758,1.3632794747898966
93.92521806767043,1.363251995350732
93.94521917884327,1.3632243388472842
93.96522029001612,1.3631965052930344
93.98522140118895,1.3631684947015499
94.0052225123618,1.363140307086484
94.02522362353464,1.363111942461577
94.04522473470749,1.3630834008406545
94.06522584588033,1.363054682237629
94.08522695705317,1.3630257866664994
94.10522806822601,1.3629967141413504
94.12522917939886,1.3629674646763532
94.1452302905717,1.3629380382857654
94.16523140174455,1.3629084349839302
94.18523251291738,1.362878654785278
94.20523362409023,1.3628486977043248
94.22523473526307,1.3628185637556727
94.24523584643592,1.3627882529540105
94.26523695760876,1.3627577653141127
94.2852380687816,1.3627271008508406
94.30523917995444,1.3626962595791412
94.32524029112729,1.3626652415140477
94.34524140230013,1.3626340466706797
94.36524251347298,1.3626026750642428
94.38524362464581,1.3625711267100291
94.40524473581866,1.3625394016234162
94.4252458469915,1.3625074998198687
94.44524695816435,1.3624754213149366
94.46524806933719,1.3624431661242562
94.48524918051004,1.3624107342635503
94.50525029168287,1.3623781257486274
94.52525140285572,1.3623453405953823
94.54525251402856,1.362312378819796
94.56525362520141,1.3622792404379351
94.58525473637425,1.362245925465953
94.60525584754708,1.3622124339200885
94.62525695871993,1.362178765816667
94.64525806989278,1.3621449211720997
94.66525918106562,1.362110900002884
94.68526029223847,1.362076702325603
94.7052614034113,1.3620423281569263
94.72526251458414,1.3620077775136092
94.74526362575699,1.3619730504124934
94.76526473692984,1.361938146870506
94.78526584810268,1.3619030669046606
94.80526695927551,1.3618678105320567
94.82526807044836,1.3618323777698795
94.8452691816212,1.3617967686354007
94.86527029279405,1.3617609831459774
94.8852714039669,1.3617250213190533
94.90527251513973,1.3616888831721576
94.92527362631257,1.3616525687229053
94.94527473748542,1.3616160779889979
94.96527584865827,1.3615794109882222
94.98527695983111,1.3615425677384516
95.00527807100394,1.3615055482576448
95.02527918217679,1.361468352563847
95.04528029334963,1.361430980675188
95.06528140452248,1.3613934326098858
95.08528251569533,1.3613557083862418
95.10528362686816,1.361317808022645
95.125284738041,1.3612797315375693
95.14528584921385,1.3612414789495748
95.1652869603867,1.3612030502773074
95.18528807155954,1.3611644455394991
95.20528918273237,1.3611256647549674
95.22529029390522,1.3610867079426154
95.24529140507806,1.3610475751214326
95.26529251625091,1.3610082663104939
95.28529362742375,1.36096878152896
95.30529473859659,1.3609291207960776
95.32529584976943,1.3608892841311786
95.34529696094228,1.3608492715536815
95.36529807211512,1.3608090830830901
95.38529918328797,1.3607687187389936
95.4053002944608,1.3607281785410676
95.42530140563365,1.3606874625090728
95.44530251680649,1.3606465706628563
95.46530362797934,1.36060550302235
95.48530473915218,1.3605642596075727
95.50530585032502,1.3605228404386276
95.52530696149786,1.3604812455357043
95.54530807267071,1.3604394749190778
95.56530918384355,1.3603975286091088
95.5853102950164,1.360355406626244
95.60531140618923,1.3603131089910154
95.62531251736208,1.3602706357240404
95.64531362853492,1.3602279868460223
95.66531473970777,1.3601851623777503
95.68531585088061,1.3601421623400982
95.70531696205344,1.3600989867540267
95.72531807322629,1.3600556356405809
95.74531918439914,1.3600121090208923
95.76532029557198,1.3599684069161773
95.78532140674483,1.3599245293477382
95.80532251791766,1.3598804763369632
95.8253236290905,1.359836247905325
95.84532474026335,1.3597918440743826
95.8653258514362,1.3597472648657805
95.88532696260904,1.3597025103012481
95.90532807378187,1.359657580402601
95.92532918495472,1.35961247519174
95.94533029612757,1.3595671946906507
95.96533140730041,1.3595217389214052
95.98533251847326,1.3594761079061604
96.00533362964609,1.359430301667159
96.02533474081893,1.3593843202267286
96.04533585199178,1.3593381636072825
96.06533696316463,1.3592918318313194
96.08533807433747,1.3592453249214236
96.1053391855103,1.3591986429002643
96.12534029668315,1.3591517857905961
96.145341407856,1.3591047536152594
96.16534251902884,1.3590575463971797
96.18534363020169,1.3590101641593677
96.20534474137452,1.3589626069249194
96.22534585254736,1.358914874717016
96.24534696372021,1.3588669675589249
96.26534807489305,1.3588188854739973
96.2853491860659,1.3587706284856709
96.30535029723873,1.358722196617468
96.32535140841158,1.3586735898929962
96.34535251958442,1.3586248083359487
96.36535363075727,1.3585758519701034
96.38535474193012,1.3585267208193241
96.40535585310295,1.3584774149075591
96.42535696427579,1.3584279342588423
96.44535807544864,1.3583782788972925
96.46535918662148,1.358328448847114
96.48536029779433,1.3582784441325957
96.50536140896716,1.3582282647781123
96.52536252014,1.3581779108081236
96.54536363131285,1.3581273822471736
96.5653647424857,1.3580766791198924
96.58536585365854,1.3580258014509945
96.60536696483138,1.3579747492652805
96.62536807600422,1.357923522587635
96.64536918717707,1.3578721214430278
96.66537029834991,1.3578205458565142
96.68537140952276,1.3577687958532345
96.70537252069559,1.3577168714584136
96.72537363186844,1.3576647726973614
96.74537474304128,1.3576124995954735
96.76537585421413,1.3575600521782298
96.78537696538697,1.3575074304711952
96.80537807655982,1.35745463450002
96.82537918773265,1.3574016642904392
96.8453802989055,1.3573485198682724
96.86538141007834,1.3572952012594246
96.88538252125119,1.3572417084898856
96.90538363242403,1.3571880415857298
96.92538474359687,1.357134200573117
96.94538585476971,1.3570801854782915
96.96538696594256,1.3570259963275824
96.9853880771154,1.3569716331474035
97.00538918828825,1.3569170959642545
97.02539029946108,1.3568623848047183
97.04539141063393,1.356807499695464
97.06539252180677,1.3567524406632445
97.08539363297962,1.356697207734898
97.10539474415246,1.3566418009373475
97.1253958553253,1.3565862202976005
97.14539696649814,1.3565304658427493
97.16539807767099,1.356474537599971
97.18539918884383,1.3564184355965274
97.20540030001668,1.3563621598597648
97.22540141118951,1.3563057104171148
97.24540252236235,1.3562490872960926
97.2654036335352,1.3561922905242991
97.28540474470805,1.3561353201294195
97.30540585588089,1.3560781761392233
97.32540696705372,1.356020858581565
97.34540807822657,1.3559633674843836
97.36540918939941,1.3559057028757027
97.38541030057226,1.3558478647836303
97.4054114117451,1.3557898532363595
97.42541252291794,1.355731668262167
97.44541363409078,1.3556733098894151
97.46541474526363,1.35561477814655
97.48541585643648,1.3555560730621021
97.50541696760932,1.3554971946646872
97.52541807878215,1.3554381429830051
97.545419189955,1.3553789180458398
97.56542030112784,1.3553195198820602
97.58542141230069,1.3552599485206196
97.60542252347354,1.3552002039905553
97.62542363464637,1.3551402863209894
97.64542474581921,1.3550801955411282
97.66542585699206,1.3550199316802627
97.6854269681649,1.354959494767768
97.70542807933775,1.3548988848331032
97.72542919051058,1.3548381019058127
97.74543030168343,1.3547771460155242
97.76543141285627,1.3547160171919503
97.78543252402912,1.354654715464888
97.80543363520196,1.354593240864218
97.8254347463748,1.3545315934199058
97.84543585754764,1.354469773162001
97.86543696872049,1.3544077801206371
97.88543807989333,1.3543456143260322
97.90543919106618,1.3542832758084888
97.92544030223901,1.354220764598393
97.94544141341186,1.3541580807262157
97.9654425245847,1.3540952242225113
97.98544363575755,1.3540321951179188
98.0054447469304,1.3539689934431616
98.02544585810323,1.3539056192290464
98.04544696927607,1.3538420725064646
98.06544808044892,1.3537783533063914
98.08544919162176,1.3537144616598864
98.10545030279461,1.3536503975980931
98.12545141396744,1.353586161152239
98.14545252514029,1.3535217523536358
98.16545363631313,1.3534571712336785
98.18545474748598,1.3533924178238472
98.20545585865882,1.353327492155705
98.22545696983165,1.3532623942609
98.2454580810045,1.3531971241711631
98.26545919217735,1.3531316819183097
98.28546030335019,1.3530660675342394
98.30546141452304,1.3530002810509354
98.32546252569587,1.3529343225004644
98.34546363686871,1.3528681919149779
98.36546474804156,1.3528018893267102
98.3854658592144,1.3527354147679804
98.40546697038725,1.3526687682711909
98.42546808156008,1.3526019498688278
98.44546919273293,1.3525349595934613
98.46547030390578,1.3524677974777455
98.48547141507862,1.3524004635544176
98.50547252625147,1.3523329578562993
98.5254736374243,1.3522652804162956
98.54547474859714,1.3521974312673954
98.56547585976999,1.352129410442671
98.58547697094284,1.3520612179752791
98.60547808211568,1.3519928538984591
98.62547919328851,1.3519243182455347
98.64548030446136,1.351855611049913
98.6654814156342,1.3517867323450847
98.68548252680705,1.3517176821646246
98.7054836379799,1.3516484605421901
98.72548474915273,1.3515790675115231
98.74548586032557,1.3515095031064486
98.76548697149842,1.351439767360875
98.78548808267126,1.3513698603087947
98.80548919384411,1.3512997819842831
98.82549030501694,1.3512295324214998
98.84549141618979,1.3511591116546868
98.86549252736263,1.3510885197181703
98.88549363853548,1.35101775664636
98.90549474970832,1.3509468224737486
98.92549586088116,1.3508757172349126
98.945496972054,1.3508044409645112
98.96549808322685,1.350732993697288
98.9854991943997,1.3506613754680692
99.00550030557254,1.3505895863117643
99.02550141674539,1.3505176262633667
99.04550252791822,1.3504454953579528
99.06550363909106,1.3503731936306818
99.08550475026391,1.3503007211167968
99.10550586143675,1.3502280778516242
99.1255069726096,1.350155263870573
99.14550808378243,1.350082279209136
99.16550919495528,1.350009123902889
99.18551030612812,1.3499357979874909
99.20551141730097,1.349862301498684
99.22551252847381,1.3497886344722931
99.24551363964665,1.3497147969442271
99.26551475081949,1.3496407889504776
99.28551586199234,1.3495666105271187
99.30551697316518,1.3494922617103082
99.32551808433803,1.3494177425362872
99.34551919551086,1.3493430530413792
99.3655203066837,1.349268193261991
99.38552141785655,1.3491931632346126
99.4055225290294,1.3491179629958163
99.42552364020224,1.3490425925822584
99.44552475137507,1.3489670520306773
99.46552586254792,1.348891341377895
99.48552697372077,1.3488154606608154
99.50552808489361,1.3487394099164267
99.52552919606646,1.3486631891817986
99.54553030723929,1.3485867984940847
99.56553141841214,1.3485102378905207
99.58553252958498,1.348433507408426
99.60553364075783,1.3483566070852016
99.62553475193067,1.3482795369583322
99.6455358631035,1.348202297065385
99.66553697427635,1.3481248874440104
99.6855380854492,1.3480473081319404
99.70553919662204,1.347969559166991
99.72554030779489,1.3478916405870598
99.74554141896772,1.347813552430128
99.76554253014056,1.347735294734259
99.78554364131341,1.3476568675375986
99.80554475248626,1.3475782708783757
99.8255458636591,1.3474995047949017
99.84554697483193,1.3474205693255703
99.86554808600478,1.3473414645088582
99.88554919717762,1.3472621903833242
99.90555030835047,1.3471827469876099
99.92555141952332,1.3471031343604394
99.94555253069615,1.3470233525406192
99.965553641869,1.3469434015670383
99.98555475304184,1.3468632814786683
100.00555586421468,1.3467829923145629
100.02555697538753,1.3467025341138585
100.04555808656036,1.3466219069157739
100.06555919773321,1.34654111075961
100.08556030890605,1.34646014568475
100.1055614200789,1.3463790117306604
100.12556253125175,1.3462977089368888
100.14556364242458,1.3462162373430657
100.16556475359742,1.3461345969889038
100.18556586477027,1.346052787914198
100.20556697594311,1.3459708101588255
100.22556808711596,1.3458886637627456
100.24556919828879,1.3458063487660001
100.26557030946164,1.3457238652087127
100.28557142063448,1.345641213131089
100.30557253180733,1.3455583925734178
100.32557364298017,1.345475403576069
100.345574754153,1.3453922461794947
100.36557586532585,1.3453089204242294
100.3855769764987,1.3452254263508898
100.40557808767154,1.3451417640001744
100.42557919884439,1.3450579334128634
100.44558031001722,1.3449739346298197
100.46558142119007,1.3448897676919875
100.48558253236291,1.3448054326403938
100.50558364353576,1.3447209295161466
100.5255847547086,1.3446362583604365
100.54558586588143,1.3445514192145356
100.56558697705428,1.3444664121197982
100.58558808822713,1.3443812371176604
100.60558919939997,1.34429589424964
100.62559031057282,1.3442103835573365
100.64559142174565,1.3441247050824316
100.6655925329185,1.3440388588666887
100.68559364409134,1.3439528449519527
100.70559475526419,1.3438666633801502
100.72559586643703,1.34378031419329
100.74559697760986,1.3436937974334624
100.76559808878271,1.343607113142839
100.78559919995556,1.3435202613636736
100.8056003111284,1.3434332421383013
100.82560142230125,1.343346055509139
100.84560253347408,1.3432587015186852
100.86560364464692,1.3431711802095196
100.88560475581977,1.343083491624304
100.90560586699262,1.3429956358057813
100.92560697816546,1.3429076127967763
100.9456080893383,1.3428194226401953
100.96560920051114,1.3427310653790254
100.98561031168398,1.3426425410563363
101.00561142285683,1.3425538497152776
101.02561253402968,1.342464991399082
101.04561364520251,1.3423759661510624
101.06561475637535,1.3422867740146134
101.0856158675482,1.342197415033211
101.10561697872105,1.3421078892504126
101.12561808989389,1.3420181967098568
101.14561920106672,1.3419283374552637
101.16562031223957,1.3418383115304344
101.18562142341241,1.341748118979251
101.20562253458526,1.3416577598456776
101.2256236457581,1.3415672341737586
101.24562475693094,1.3414765420076202
101.26562586810378,1.3413856833914697
101.28562697927663,1.3412946583695953
101.30562809044947,1.3412034669863664
101.32562920162232,1.3411121092862337
101.34563031279517,1.3410205853137285
101.365631423968,1.3409288951134635
101.38563253514084,1.3408370387301325
101.40563364631369,1.34074501620851
101.42563475748653,1.3406528275934515
101.44563586865938,1.340560472929894
101.46563697983221,1.340467952262855
101.48563809100506,1.3403752656374326
101.5056392021779,1.3402824130988065
101.52564031335075,1.3401893946922367
101.5456414245236,1.3400962104630643
101.56564253569643,1.3400028604567114
101.58564364686927,1.3399093447186807
101.60564475804212,1.3398156632945555
101.62564586921496,1.33972181623
101.64564698038781,1.3396278035707594
101.66564809156064,1.3395336253626595
101.68564920273349,1.3394392816516068
101.70565031390633,1.3393447724835879
101.72565142507918,1.3392500979046709
101.74565253625202,1.3391552579610038
101.76565364742486,1.3390602526988162
101.7856547585977,1.3389650821644172
101.80565586977055,1.338869746404197
101.82565698094339,1.3387742454646263
101.84565809211624,1.3386785793922564
101.86565920328907,1.3385827482337187
101.88566031446192,1.3384867520357255
101.90566142563476,1.3383905908450693
101.92566253680761,1.3382942647086233
101.94566364798045,1.3381977736733406
101.96566475915328,1.338101117786255
101.98566587032613,1.338004297094481
102.00566698149898,1.3379073116452127
102.02566809267182,1.337810161485725
102.04566920384467,1.337712846663373
102.0656703150175,1.3376153672255922
102.08567142619034,1.3375177232198978
102.10567253736319,1.3374199146938859
102.12567364853604,1.3373219416952322
102.14567475970888,1.337223804271693
102.16567587088171,1.337125502471105
102.18567698205456,1.337027036341384
102.2056780932274,1.3369284059305269
102.22567920440025,1.33682961128661
102.2456803155731,1.3367306524577902
102.26568142674593,1.3366315294923043
102.28568253791877,1.3365322424384687
102.30568364909162,1.3364327913446803
102.32568476026447,1.3363331762594157
102.34568587143731,1.3362333972312312
102.36568698261014,1.336133454308764
102.38568809378299,1.3360333475407296
102.40568920495583,1.3359330769759246
102.42569031612868,1.3358326426632254
102.44569142730153,1.3357320446515875
102.46569253847436,1.3356312829900467
102.4856936496472,1.3355303577277187
102.50569476082005,1.3354292689137983
102.5256958719929,1.335328016597561
102.54569698316574,1.3352266008283606
102.56569809433857,1.3351250216556323
102.58569920551142,1.3350232791288894
102.60570031668426,1.3349213732977259
102.62570142785711,1.3348193042118146
102.64570253902995,1.3347170719209087
102.66570365020279,1.3346146764748403
102.68570476137563,1.334512117923521
102.70570587254848,1.3344093963169423
102.72570698372132,1.3343065117051753
102.74570809489417,1.3342034641383702
102.765709206067,1.3341002536667566
102.78571031723985,1.3339968803406435
102.80571142841269,1.3338933442104195
102.82571253958554,1.3337896453265525
102.84571365075838,1.3336857837395897
102.86571476193122,1.3335817595001576
102.88571587310406,1.3334775726589618
102.9057169842769,1.3333732232667876
102.92571809544975,1.3332687113744992
102.9457192066226,1.33316403703304
102.96572031779543,1.3330592002934327
102.98572142896828,1.3329542012067792
103.00572254014112,1.3328490398242605
103.02572365131397,1.3327437161971365
103.04572476248681,1.3326382303767466
103.06572587365964,1.332532582414509
103.08572698483249,1.3324267723619205
103.10572809600534,1.332320800270558
103.12572920717818,1.3322146661920764
103.14573031835103,1.3321083701782097
103.16573142952386,1.3320019122807718
103.1857325406967,1.3318952925516538
103.20573365186955,1.3317885110428274
103.2257347630424,1.3316815678063418
103.24573587421524,1.3315744628943262
103.26573698538807,1.3314671963589877
103.28573809656092,1.3313597682526126
103.30573920773377,1.3312521786275657
103.32574031890661,1.331144427536291
103.34574143007946,1.3310365150313104
103.36574254125229,1.3309284411652256
103.38574365242513,1.3308202059907162
103.40574476359798,1.3307118095605401
103.42574587477083,1.3306032519275348
103.44574698594367,1.3304945331446159
103.4657480971165,1.330385653264777
103.48574920828935,1.3302766123410912
103.5057503194622,1.3301674104267092
103.52575143063504,1.330058047574861
103.54575254180789,1.3299485238388544
103.56575365298073,1.329838839272076
103.58575476415356,1.3297289939279906
103.60575587532641,1.3296189878601414
103.62575698649925,1.3295088211221502
103.6457580976721,1.3293984937677166
103.66575920884495,1.329288005850619
103.68576032001778,1.3291773574247137
103.70576143119062,1.3290665485439352
103.72576254236347,1.3289555792622971
103.74576365353632,1.3288444496338898
103.76576476470916,1.328733159712883
103.78576587588199,1.3286217095535238
103.80576698705484,1.3285100992101377
103.82576809822768,1.3283983287371284
103.84576920940053,1.3282863981889774
103.86577032057338,1.3281743076202446
103.8857714317462,1.3280620570855672
103.90577254291905,1.3279496466396614
103.9257736540919,1.3278370763373202
103.94577476526474,1.3277243462334156
103.96577587643759,1.3276114563828965
103.98577698761042,1.3274984068407907
104.00577809878327,1.3273851976622029
104.02577920995611,1.327271828902316
104.04578032112896,1.327158300616391
104.0657814323018,1.327044612859766
104.08578254347464,1.3269307656878575
104.10578365464748,1.326816759156159
104.12578476582033,1.3267025933202428
104.14578587699317,1.326588268235757
104.16578698816602,1.3264737839584295
104.18578809933885,1.3263591405440645
104.2057892105117,1.3262443380485436
104.22579032168454,1.3261293765278266
104.24579143285739,1.3260142560379506
104.26579254403023,1.3258989766350304
104.28579365520307,1.3257835383752576
104.30579476637591,1.325667941314902
104.32579587754876,1.32555218551031
104.3457969887216,1.3254362710179064
104.36579809989445,1.3253201978941924
104.38579921106728,1.325203966195747
104.40580032224013,1.3250875759792267
104.42580143341297,1.3249710273013646
104.44580254458582,1.3248543202189715
104.46580365575866,1.3247374547889357
104.4858047669315,1.3246204310682217
104.50580587810434,1.3245032491138722
104.52580698927719,1.3243859089830066
104.54580810045003,1.3242684107328213
104.56580921162288,1.32415075442059
104.58581032279571,1.324032940103663
104.60581143396855,1.3239149678394684
104.6258125451414,1.3237968376855105
104.64581365631425,1.323678549699371
104.66581476748709,1.3235601039387084
104.68581587865992,1.3234415004612583
104.70581698983277,1.323322739324833
104.72581810100561,1.3232038205873213
104.74581921217846,1.3230847443066898
104.7658203233513,1.3229655105409805
104.78582143452414,1.3228461193483139
104.80582254569698,1.3227265707868856
104.82582365686983,1.3226068649149685
104.84582476804268,1.322487001790913
104.86582587921552,1.3223669814731447
104.88582699038835,1.3222468040201667
104.9058281015612,1.3221264694905588
104.92582921273404,1.322005977942977
104.94583032390689,1.3218853294361537
104.96583143507974,1.3217645240288982
104.98583254625257,1.3216435617800966
105.00583365742541,1.3215224427487102
105.02583476859826,1.321401166993778
105.0458358797711,1.3212797345744147
105.06583699094395,1.3211581455498116
105.08583810211678,1.3210363999792363
105.10583921328963,1.3209144979220329
105.12584032446247,1.3207924394376211
105.14584143563532,1.3206702245854978
105.16584254680816,1.3205478534252355
105.185843657981,1.320425326016483
105.20584476915384,1.3203026424189654
105.22584588032669,1.320179802692484
105.24584699149953,1.3200568068969156
105.26584810267238,1.3199336550922136
105.28584921384521,1.3198103473384077
105.30585032501806,1.319686883695603
105.3258514361909,1.3195632642239812
105.34585254736375,1.319439488983799
105.3658536585366,1.3193155580353904
105.38585476970943,1.319191471439164
105.40585588088227,1.319067229255605
105.42585699205512,1.3189428315452743
105.44585810322796,1.3188182783688083
105.46585921440081,1.31869356978692
105.48586032557364,1.3185687058603972
105.50586143674649,1.3184436866501037
105.52586254791933,1.3183185122169796
105.54586365909218,1.3181931826220399
105.56586477026502,1.3180676979263752
105.58586588143785,1.3179420581911527
105.6058669926107,1.3178162634776138
105.62586810378355,1.3176903138470766
105.64586921495639,1.317564209360934
105.66587032612924,1.3174379500806548
105.68587143730207,1.317311536067783
105.70587254847491,1.317184967383938
105.72587365964776,1.3170582440908147
105.7458747708206,1.3169313662501836
105.76587588199345,1.31680433392389
105.78587699316628,1.316677147173855
105.80587810433913,1.3165498060620746
105.82587921551197,1.3164223106506203
105.84588032668482,1.3162946610016386
105.86588143785767,1.3161668571773515
105.88588254903051,1.316038899240056
105.90588366020334,1.3159107872521238
105.92588477137619,1.3157825212760024
105.94588588254904,1.3156541013742138
105.96588699372188,1.3155255276093556
105.98588810489473,1.3153968000440996
106.00588921606756,1.3152679187411935
106.0258903272404,1.3151388837634592
106.04589143841325,1.3150096951737937
106.0658925495861,1.3148803530351691
106.08589366075894,1.314750857410632
106.10589477193177,1.3146212083633042
106.12589588310462,1.314491405956382
106.14589699427746,1.3143614502531364
106.16589810545031,1.3142313413169138
106.18589921662316,1.314101079211134
106.20590032779599,1.313970663999293
106.22590143896883,1.31384009574496
106.24590255014168,1.31370937451178
106.26590366131452,1.3135785003634715
106.28590477248737,1.3134474733638284
106.3059058836602,1.3133162935767189
106.32590699483305,1.313184961066085
106.3459081060059,1.313053475895944
106.36590921717874,1.3129218381303873
106.38591032835159,1.3127900478335808
106.40591143952442,1.3126581050697645
106.42591255069726,1.3125260099032527
106.44591366187011,1.3123937623984343
106.46591477304295,1.3122613626197723
106.4859158842158,1.3121288106318039
106.50591699538863,1.3119961064991408
106.52591810656148,1.3118632502864678
106.54591921773432,1.311730242058545
106.56592032890717,1.3115970818802065
106.58592144008001,1.3114637698163598
106.60592255125285,1.3113303059319872
106.62592366242569,1.311196690292144
106.64592477359854,1.3110629229619604
106.66592588477138,1.3109290040066404
106.68592699594423,1.3107949334914615
106.70592810711706,1.3106607114817752
106.7259292182899,1.3105263380430072
106.74593032946275,1.3103918132406567
106.7659314406356,1.3102571371402965
106.78593255180844,1.3101223098075736
106.80593366298127,1.3099873313082089
106.82593477415412,1.3098522017079957
106.84593588532697,1.3097169210728024
106.86593699649981,1.3095814894685704
106.88593810767266,1.3094459069613147
106.90593921884549,1.3093101736171242
106.92594033001834,1.3091742895021605
106.94594144119118,1.3090382546826596
106.96594255236403,1.3089020692249305
106.98594366353687,1.3087657331953557
107.0059447747097,1.3086292466603913
107.02594588588255,1.308492609686566
107.0459469970554,1.308355822340483
107.06594810822824,1.3082188846888179
107.08594921940109,1.30808179679832
107.10595033057392,1.3079445587358118
107.12595144174676,1.3078071705681886
107.14595255291961,1.3076696323624193
107.16595366409246,1.3075319441855457
107.1859547752653,1.3073941061046832
107.20595588643813,1.3072561181870195
107.22595699761098,1.3071179804998154
107.24595810878382,1.3069796931104058
107.26595921995667,1.3068412560861973
107.28596033112952,1.30670266949467
107.30596144230235,1.306563933403377
107.3259625534752,1.3064250478799435
107.34596366464804,1.3062860129920688
107.36596477582088,1.3061468288075242
107.38596588699373,1.3060074953941538
107.40596699816656,1.3058680128198745
107.42596810933941,1.3057283811526763
107.44596922051225,1.305588600460621
107.4659703316851,1.305448670811844
107.48597144285795,1.3053085922745526
107.50597255403078,1.3051683649170274
107.52597366520362,1.3050279888076208
107.54597477637647,1.304887464014758
107.56597588754931,1.3047467906069365
107.58597699872216,1.3046059686527272
107.60597810989499,1.3044649982207717
107.62597922106784,1.3043238793797856
107.64598033224068,1.3041826121985556
107.66598144341353,1.3040411967459415
107.68598255458637,1.3038996330908752
107.7059836657592,1.303757921302361
107.72598477693205,1.3036160614494747
107.7459858881049,1.303474053601365
107.76598699927774,1.3033318978272523
107.78598811045059,1.3031895941964295
107.80598922162342,1.3030471427782615
107.82599033279627,1.3029045436421849
107.84599144396911,1.3027617968577085
107.86599255514196,1.302618902494413
107.8859936663148,1.3024758606219513
107.90599477748763,1.302332671310048
107.92599588866048,1.3021893346284994
107.94599699983333,1.3020458506471742
107.96599811100617,1.301902219436012
107.98599922217902,1.301758441065025
108.00600033335185,1.3016145156042969
108.0260014445247,1.3014704431239827
108.04600255569754,1.3013262236943097
108.06600366687039,1.3011818573855765
108.08600477804323,1.301037344268153
108.10600588921608,1.3008926844124813
108.12600700038891,1.3007478778890746
108.14600811156176,1.3006029247685174
108.1660092227346,1.3004578251214662
108.18601033390745,1.3003125790186487
108.20601144508029,1.3001671865308637
108.22601255625312,1.300021647728982
108.24601366742597,1.2998759626839451
108.26601477859882,1.2997301314667662
108.28601588977166,1.2995841541485291
108.30601700094451,1.2994380308003897
108.32601811211734,1.2992917614935744
108.34601922329018,1.2991453462993812
108.36602033446303,1.298998785289179
108.38602144563588,1.2988520785344075
108.40602255680872,1.2987052261065781
108.42602366798155,1.298558228077273
108.4460247791544,1.2984110845181447
108.46602589032724,1.2982637955009173
108.48602700150009,1.2981163610973858
108.50602811267294,1.2979687813794158
108.52602922384577,1.297821056418944
108.54603033501861,1.2976731862879776
108.56603144619146,1.2975251710585949
108.5860325573643,1.2973770108029445
108.60603366853715,1.297228705593246
108.62603477970998,1.29708025550179
108.64603589088283,1.2969316606009367
108.66603700205567,1.2967829209631176
108.68603811322852,1.296634036660835
108.70603922440137,1.2964850077666612
108.7260403355742,1.296335834353239
108.74604144674704,1.296186516493282
108.76604255791989,1.2960370542595738
108.78604366909273,1.2958874477249687
108.80604478026558,1.2957376969623913
108.82604589143841,1.295587802044836
108.84604700261126,1.2954377630453684
108.8660481137841,1.2952875800371233
108.88604922495695,1.2951372530933067
108.9060503361298,1.294986782287194
108.92605144730263,1.2948361676921314
108.94605255847547,1.2946854093815339
108.96605366964832,1.2945345074288883
108.98605478082116,1.2943834619077499
109.00605589199401,1.2942322728917453
109.02605700316684,1.29408094045457
109.04605811433969,1.2939294646699895
109.06605922551253,1.29377784561184
109.08606033668538,1.2936260833540267
109.10606144785822,1.293474177970525
109.12606255903106,1.29332212953538
109.1460636702039,1.2931699381227062
109.16606478137675,1.2930176038066885
109.18606589254959,1.2928651266615807
109.20606700372244,1.2927125067617071
109.22606811489527,1.2925597441814605
109.24606922606812,1.2924068389953038
109.26607033724096,1.2922537912777698
109.28607144841381,1.2921006011034601
109.30607255958665,1.291947268547046
109.32607367075948,1.2917937936832686
109.34607478193233,1.2916401765869376
109.36607589310518,1.2914864173329326
109.38607700427802,1.2913325159962021
109.40607811545087,1.2911784726517643
109.4260792266237,1.2910242873747066
109.44608033779654,1.290869960240185
109.46608144896939,1.2907154913234251
109.48608256014224,1.2905608806997215
109.50608367131508,1.2904061284444381
109.52608478248791,1.2902512346330077
109.54608589366076,1.290096199340932
109.5660870048336,1.2899410226437813
109.58608811600645,1.2897857046171959
109.6060892271793,1.2896302453368838
109.62609033835213,1.2894746448786227
109.64609144952497,1.2893189033182584
109.66609256069782,1.2891630207317064
109.68609367187067,1.2890069971949503
109.70609478304351,1.2888508327840422
109.72609589421634,1.2886945275751036
109.74609700538919,1.288538081644324
109.76609811656203,1.2883814950679615
109.78609922773488,1.2882247679223433
109.80610033890773,1.2880679002838649
109.82610145008056,1.2879108922289901
109.8461025612534,1.287753743834251
109.86610367242625,1.2875964551762484
109.8861047835991,1.2874390263316515
109.90610589477194,1.2872814573771976
109.92610700594477,1.2871237483896927
109.94610811711762,1.2869658994460105
109.96610922829046,1.286807910623093
109.98611033946331,1.2866497819979512
110.00611145063615,1.2864915136476633
110.02611256180899,1.286333105649376
110.04611367298183,1.2861745580803041
110.06611478415468,1.28601587101773
110.08611589532752,1.285857044539005
110.10611700650037,1.285698078721547
110.1261181176732,1.2855389736428435
110.14611922884605,1.2853797293804483
110.16612034001889,1.2852203460119842
110.18612145119174,1.285060823615141
110.20612256236458,1.2849011622676771
110.22612367353742,1.2847413620474177
110.24612478471026,1.2845814230322563
110.2661258958831,1.2844213453001538
110.28612700705595,1.2842611289291388
110.3061281182288,1.2841007739973078
110.32612922940163,1.2839402805828244
110.34613034057448,1.2837796487639195
110.36613145174732,1.2836188786188922
110.38613256292017,1.2834579702261084
110.40613367409301,1.2832969236640017
110.42613478526586,1.283135739011073
110.44613589643869,1.2829744163458903
110.46613700761154,1.282812955747089
110.48613811878438,1.2826513572933722
110.50613922995723,1.2824896210635095
110.52614034113007,1.2823277471363377
110.5461414523029,1.2821657355907616
110.56614256347575,1.2820035865057517
110.5861436746486,1.2818412999603468
110.60614478582144,1.2816788760336517
110.62614589699429,1.2815163148048392
110.64614700816712,1.2813536163531483
110.66614811933997,1.2811907807578846
110.68614923051281,1.2810278080984214
110.70615034168566,1.2808646984541987
110.7261514528585,1.2807014519047224
110.74615256403133,1.2805380685295664
110.76615367520418,1.2803745484083697
110.78615478637703,1.2802108916208397
110.80615589754987,1.2800470982467493
110.82615700872272,1.2798831683659382
110.84615811989555,1.279719102058313
110.8661592310684,1.2795548994038461
110.88616034224124,1.2793905604825768
110.90616145341409,1.2792260853746114
110.92616256458693,1.279061474160121
110.94616367575976,1.278896726919345
110.96616478693261,1.2787318437325874
110.98616589810545,1.2785668246802198
111.0061670092783,1.2784016698426788
111.02616812045115,1.278236379300468
111.04616923162398,1.2780709531341576
111.06617034279682,1.2779053914243823
111.08617145396967,1.2777396942518444
111.10617256514251,1.2775738616973114
111.12617367631536,1.2774078938416171
111.14617478748819,1.2772417907656615
111.16617589866104,1.2770755525504098
111.18617700983388,1.276909179276894
111.20617812100673,1.2767426710262109
111.22617923217958,1.2765760278795237
111.2461803433524,1.2764092499180615
111.26618145452525,1.2762423372231189
111.2861825656981,1.2760752898760557
111.30618367687094,1.2759081079582983
111.32618478804379,1.2757407915513381
111.34618589921662,1.2755733407367322
111.36618701038947,1.275405755596103
111.38618812156231,1.2752380362111382
111.40618923273516,1.2750701826635917
111.426190343908,1.2749021950352826
111.44619145508084,1.2747340734080947
111.46619256625368,1.2745658178639778
111.48619367742653,1.2743974284849466
111.50619478859937,1.2742289053530809
111.52619589977222,1.2740602485505264
111.54619701094505,1.2738914581594933
111.5661981221179,1.2737225342622573
111.58619923329074,1.2735534769411587
111.60620034446359,1.2733842862786033
111.62620145563643,1.2732149623570617
111.64620256680927,1.2730455052590697
111.66620367798211,1.2728759150672275
111.68620478915496,1.2727061918642006
111.7062059003278,1.2725363357327193
111.72620701150065,1.2723663467555784
111.74620812267348,1.272196225015638
111.76620923384633,1.2720259705958226
111.78621034501917,1.2718555835791208
111.80621145619202,1.2716850640485868
111.82621256736486,1.2715144120873392
111.8462136785377,1.2713436277785606
111.86621478971054,1.2711727112054982
111.88621590088339,1.2710016624514644
111.90621701205623,1.2708304815998355
111.92621812322908,1.2706591687340518
111.94621923440191,1.270487723937619
111.96622034557475,1.2703161472941065
111.9862214567476,1.2701444388871472
112.00622256792045,1.2699725988004396
112.02622367909329,1.2698006271177456
112.04622479026612,1.2696285239228917
112.06622590143897,1.2694562892997676
112.08622701261181,1.269283923332328
112.10622812378466,1.269111426104592
112.1262292349575,1.268938797700641
112.14623034613034,1.2687660382046217
112.16623145730318,1.2685931477007446
112.18623256847603,1.2684201262732833
112.20623367964888,1.268246974006576
112.22623479082172,1.2680736909850245
112.24623590199455,1.267900277293094
112.2662370131674,1.2677267330153137
112.28623812434024,1.2675530582362764
112.30623923551309,1.2673792530406385
112.32624034668594,1.2672053175131197
112.34624145785877,1.267031251738504
112.36624256903161,1.2668570558016379
112.38624368020446,1.266682729787432
112.4062447913773,1.26650827378086
112.42624590255015,1.2663336878669593
112.44624701372298,1.2661589721308304
112.46624812489583,1.2659841266576368
112.48624923606867,1.2658091515326058
112.50625034724152,1.2656340468410274
112.52625145841436,1.2654588126682553
112.5462525695872,1.265283449099706
112.56625368076004,1.2651079562208585
112.58625479193289,1.264932334117256
112.60625590310573,1.264756582874504
112.62625701427858,1.2645807025782707
112.64625812545142,1.264404693314288
112.66625923662426,1.2642285551683499
112.6862603477971,1.2640522882263137
112.70626145896995,1.263875892574099
112.7262625701428,1.2636993682976887
112.74626368131564,1.2635227154831283
112.76626479248847,1.2633459342165256
112.78626590366132,1.2631690245840512
112.80626701483416,1.2629919866719383
112.82626812600701,1.2628148205664826
112.84626923717985,1.2626375263540424
112.86627034835269,1.2624601041210384
112.88627145952553,1.2622825539539535
112.90627257069838,1.2621048759393332
112.92627368187122,1.261927070163785
112.94627479304407,1.2617491367139793
112.9662759042169,1.2615710756766483
112.98627701538975,1.261392887138586
113.00627812656259,1.2612145711866491
113.02627923773544,1.2610361279077567
113.04628034890828,1.2608575573888892
113.06628146008111,1.2606788597170895
113.08628257125396,1.2605000349794622
113.1062836824268,1.2603210832631742
113.12628479359965,1.260142004655454
113.1462859047725,1.2599627992435918
113.16628701594533,1.2597834671149402
113.18628812711817,1.2596040083569129
113.20628923829102,1.259424423056986
113.22629034946387,1.2592447113026968
113.24629146063671,1.259064873181644
113.26629257180954,1.2588849087814888
113.28629368298239,1.2587048181899534
113.30629479415524,1.2585246014948208
113.32629590532808,1.2583442587839366
113.34629701650093,1.2581637901452078
113.36629812767376,1.257983195666602
113.3862992388466,1.2578024754361488
113.40630035001945,1.2576216295419382
113.4263014611923,1.257440658072123
113.44630257236514,1.2572595611149153
113.46630368353797,1.2570783387585904
113.48630479471082,1.256896991091483
113.50630590588366,1.2567155182019896
113.52630701705651,1.256533920178568
113.54630812822936,1.2563521971097364
113.56630923940219,1.2561703490840745
113.58631035057503,1.2559883761902229
113.60631146174788,1.2558062785168822
113.62631257292072,1.255624056152815
113.64631368409357,1.2554417091868433
113.6663147952664,1.255259237707852
113.68631590643925,1.2550766418047843
113.7063170176121,1.2548939215666457
113.72631812878494,1.2547110770825012
113.74631923995778,1.2545281084414774
113.76632035113062,1.2543450157327607
113.78632146230346,1.254161799045598
113.80632257347631,1.253978458469297
113.82632368464915,1.2537949940932256
113.846324795822,1.253611406006812
113.86632590699483,1.2534276942995448
113.88632701816768,1.2532438590609725
113.90632812934052,1.2530599003807046
113.92632924051337,1.2528758183484099
113.94633035168621,1.2526916130538182
113.96633146285905,1.2525072845867185
113.98633257403189,1.25232283303696
114.00633368520474,1.2521382584944525
114.02633479637758,1.2519535610491654
114.04633590755043,1.2517687407911282
114.06633701872326,1.2515837978104296
114.0863381298961,1.2513987321972189
114.10633924106895,1.2512135440417045
114.1263403522418,1.251028233434155
114.14634146341464,1.2508428004648988
114.16634257458747,1.2506572452243239
114.18634368576032,1.250471567802877
114.20634479693317,1.2502857682910657
114.22634590810601,1.2500998467794564
114.24634701927886,1.2499138033586747
114.26634813045169,1.2497276381194065
114.28634924162454,1.249541351152396
114.30635035279738,1.2493549425484476
114.32635146397023,1.2491684123984246
114.34635257514307,1.2489817607932499
114.3663536863159,1.248794987823905
114.38635479748875,1.2486080935814312
114.4063559086616,1.2484210781569283
114.42635701983444,1.2482339416415555
114.44635813100729,1.2480466841265312
114.46635924218012,1.2478593057031324
114.48636035335296,1.2476718064626953
114.50636146452581,1.2474841864966149
114.52636257569866,1.247296445896345
114.5463636868715,1.2471085847533983
114.56636479804433,1.2469206031593463
114.58636590921718,1.246732501205819
114.60636702039002,1.2465442789845054
114.62636813156287,1.2463559365871526
114.64636924273572,1.2461674741055666
114.66637035390855,1.2459788916316124
114.6863714650814,1.2457901892572125
114.70637257625424,1.2456013670743487
114.72637368742708,1.2454124251750605
114.74637479859993,1.2452233636514465
114.76637590977276,1.2450341825956632
114.78637702094561,1.244844882099925
114.80637813211845,1.2446554622565054
114.8263792432913,1.2444659231577353
114.84638035446415,1.2442762648960042
114.86638146563698,1.2440864875637594
114.88638257680982,1.243896591253506
114.90638368798267,1.243706576057808
114.92638479915551,1.2435164420692868
114.94638591032836,1.2433261893806211
114.9663870215012,1.2431358180845489
114.98638813267404,1.2429453282738645
115.00638924384688,1.2427547200414204
115.02639035501973,1.2425639934801278
115.04639146619257,1.2423731486829546
115.06639257736542,1.2421821857429263
115.08639368853825,1.2419911047531267
115.1063947997111,1.2417999058066966
115.12639591088394,1.2416085889968338
115.14639702205679,1.241417154416795
115.16639813322963,1.2412256021598926
115.18639924440247,1.241033932319498
115.20640035557531,1.2408421449890388
115.22640146674816,1.240650240262
115.246402577921,1.2404582182319246
115.26640368909385,1.2402660789924116
115.28640480026668,1.2400738226371182
115.30640591143953,1.2398814492597576
115.32640702261237,1.2396889589541016
115.34640813378522,1.239496351813977
115.36640924495806,1.2393036279332694
115.3864103561309,1.2391107874059204
115.40641146730374,1.2389178303259283
115.42641257847659,1.2387247567873485
115.44641368964943,1.2385315668842936
115.46641480082228,1.2383382607109317
115.48641591199511,1.2381448383614893
115.50641702316796,1.2379512999302478
115.5264181343408,1.2377576455115462
115.54641924551365,1.2375638751997797
115.56642035668649,1.2373699890894005
115.58642146785932,1.2371759872749166
115.60642257903217,1.2369818698508925
115.62642369020502,1.2367876369119495
115.64642480137786,1.2365932885527642
115.66642591255071,1.2363988248680708
115.68642702372354,1.2362042459526592
115.70642813489638,1.236009551901375
115.72642924606923,1.23581474280912
115.74643035724208,1.235619818770853
115.76643146841492,1.2354247798815874
115.78643257958775,1.2352296262363942
115.8064336907606,1.2350343579303988
115.82643480193344,1.2348389750587834
115.84643591310629,1.2346434777167856
115.86643702427914,1.2344478659996998
115.88643813545197,1.2342521400028745
115.90643924662481,1.234056299821715
115.92644035779766,1.2338603455516826
115.9464414689705,1.2336642772882926
115.96644258014335,1.2334680951271177
115.98644369131618,1.2332717991637854
116.00644480248903,1.2330753894939779
116.02644591366187,1.2328788662134338
116.04644702483472,1.2326822294179474
116.06644813600757,1.2324854792033668
116.0864492471804,1.2322886156655972
116.10645035835324,1.2320916389005976
116.12645146952609,1.2318945490043829
116.14645258069893,1.2316973460730227
116.16645369187178,1.2315000302026426
116.18645480304461,1.2313026014894224
116.20645591421746,1.231105060029597
116.2264570253903,1.2309074059194565
116.24645813656315,1.2307096392553456
116.266459247736,1.2305117601336644
116.28646035890883,1.2303137686508676
116.30646147008167,1.230115664903464
116.32646258125452,1.229917448988018
116.34646369242736,1.2297191210011487
116.36646480360021,1.229520681039529
116.38646591477304,1.2293221291998873
116.40646702594589,1.2291234655790058
116.42646813711873,1.2289246902737212
116.44646924829158,1.2287258033809256
116.46647035946442,1.2285268049975644
116.48647147063726,1.2283276952206381
116.5064725818101,1.2281284741472007
116.52647369298295,1.2279291418743616
116.54647480415579,1.227729698499283
116.56647591532864,1.2275301441191824
116.58647702650147,1.227330478831331
116.60647813767432,1.2271307027330536
116.62647924884716,1.22693081592173
116.64648036002,1.2267308184947932
116.66648147119285,1.2265307105497303
116.68648258236568,1.2263304921840825
116.70648369353853,1.2261301634954447
116.72648480471138,1.2259297245814649
116.74648591588422,1.2257291755398463
116.76648702705707,1.2255285164683443
116.7864881382299,1.225327747464769
116.80648924940274,1.2251268686269832
116.82649036057559,1.2249258800529041
116.84649147174844,1.2247247818405016
116.86649258292128,1.2245235740877998
116.88649369409411,1.2243222568928758
116.90649480526696,1.2241208303538593
116.9264959164398,1.2239192945689352
116.94649702761265,1.2237176496363396
116.9664981387855,1.223515895654363
116.98649924995833,1.2233140327213492
117.00650036113117,1.2231120609356942
117.02650147230402,1.2229099803958474
117.04650258347687,1.222707791200312
117.06650369464971,1.2225054934476425
117.08650480582254,1.2223030872364484
117.10650591699539,1.2221005726653904
117.12650702816823,1.2218979498331826
117.14650813934108,1.2216952188385917
117.16650925051393,1.2214923797804382
117.18651036168676,1.2212894327575936
117.2065114728596,1.2210863778689827
117.22651258403245,1.2208832152135836
117.2465136952053,1.2206799448904255
117.26651480637814,1.2204765669985917
117.28651591755099,1.2202730816372167
117.30651702872382,1.2200694889054882
117.32651813989666,1.2198657889026452
117.34651925106951,1.2196619817279801
117.36652036224235,1.2194580674808368
117.3865214734152,1.2192540462606123
117.40652258458803,1.2190499181667545
117.42652369576088,1.218845683298764
117.44652480693372,1.2186413417561937
117.46652591810657,1.2184368936386483
117.48652702927942,1.2182323390457839
117.50652814045225,1.2180276780773098
117.52652925162509,1.2178229108329859
117.54653036279794,1.2176180374126242
117.56653147397078,1.217413057916089
117.58653258514363,1.2172079724432954
117.60653369631646,1.2170027810942114
117.6265348074893,1.2167974839688551
117.64653591866215,1.2165920811672977
117.666537029835,1.2163865727896603
117.68653814100784,1.2161809589361172
117.70653925218068,1.215975239706893
117.72654036335352,1.2157694152022633
117.74654147452637,1.2155634855225563
117.76654258569921,1.2153574507681502
117.78654369687206,1.2151513110394754
117.80654480804489,1.2149450664370132
117.82654591921774,1.2147387170612955
117.84654703039058,1.2145322630129058
117.86654814156343,1.2143257043924787
117.88654925273627,1.2141190413006988
117.9065503639091,1.2139122738383035
117.92655147508195,1.213705402106079
117.9465525862548,1.2134984262048638
117.96655369742764,1.2132913462355461
117.98655480860049,1.2130841622990662
118.00655591977332,1.2128768744964138
118.02655703094617,1.2126694829286293
118.04655814211901,1.2124619876968048
118.06655925329186,1.2122543889020816
118.0865603644647,1.2120466866456523
118.10656147563753,1.2118388810287601
118.12656258681038,1.2116309721526977
118.14656369798323,1.2114229601188085
118.16656480915607,1.2112148450284868
118.18656592032892,1.211006626983176
118.20656703150175,1.2107983060843712
118.2265681426746,1.210589882433616
118.24656925384744,1.210381356132505
118.26657036502029,1.2101727272826828
118.28657147619313,1.209963995985844
118.30657258736596,1.2097551623437328
118.32657369853881,1.2095462264581434
118.34657480971165,1.2093371884309203
118.3665759208845,1.2091280483639568
118.38657703205735,1.2089188063591974
118.40657814323018,1.2087094625186348
118.42657925440302,1.208500016944312
118.44658036557587,1.2082904697383217
118.46658147674871,1.2080808210028064
118.48658258792156,1.207871070839957
118.50658369909439,1.207661219352015
118.52658481026724,1.207451266641271
118.54658592144008,1.207241212810064
118.56658703261293,1.2070310579607837
118.58658814378578,1.2068208021958684
118.6065892549586,1.2066104456178057
118.62659036613145,1.2063999883291314
118.6465914773043,1.2061894304324323
118.66659258847714,1.2059787720303423
118.68659369964999,1.205768013225546
118.70659481082282,1.2055571541207752
118.72659592199567,1.205346194818812
118.74659703316851,1.2051351354224864
118.76659814434136,1.2049239760346786
118.7865992555142,1.2047127167583154
118.80660036668704,1.2045013576963743
118.82660147785988,1.2042898989518802
118.84660258903273,1.2040783406279068
118.86660370020557,1.2038666828275768
118.88660481137842,1.203654925654061
118.90660592255125,1.203443069210579
118.9266070337241,1.203231113600398
118.94660814489694,1.2030190589268346
118.96660925606979,1.2028069052932526
118.98661036724263,1.2025946528030653
119.00661147841546,1.2023823015597332
119.02661258958831,1.2021698516667647
119.04661370076116,1.2019573032277175
119.066614811934,1.2017446563461962
119.08661592310685,1.201531911125854
119.10661703427968,1.201319067670392
119.12661814545253,1.201106126083559
119.14661925662537,1.2008930864691512
119.16662036779822,1.2006799489310138
119.18662147897106,1.2004667135730382
119.2066225901439,1.200253380499165
119.22662370131674,1.2000399498133811
119.24662481248959,1.199826421619722
119.26662592366243,1.1996127960222702
119.28662703483528,1.1993990731251558
119.30662814600811,1.1991852530325566
119.32662925718095,1.1989713358486966
119.3466303683538,1.1987573216778489
119.36663147952665,1.1985432106243326
119.38663259069949,1.1983290027925144
119.40663370187232,1.1981146982868087
119.42663481304517,1.1979002972116761
119.44663592421801,1.1976857996716244
119.46663703539086,1.1974712057712094
119.4866381465637,1.1972565156150325
119.50663925773655,1.1970417293077433
119.52664036890938,1.1968268469540373
119.54664148008223,1.1966118686586573
119.56664259125507,1.1963967945263925
119.58664370242792,1.1961816246620796
119.60664481360077,1.195966359170601
119.6266459247736,1.1957509981568863
119.64664703594644,1.1955355417259117
119.66664814711929,1.1953199899826992
119.68664925829214,1.1951043430323183
119.70665036946498,1.1948886009798838
119.72665148063781,1.1946727639305583
119.74665259181066,1.1944568319895488
119.7666537029835,1.1942408052621105
119.78665481415635,1.1940246838535435
119.8066559253292,1.1938084678691947
119.82665703650203,1.1935921574144563
119.84665814767487,1.1933757525947675
119.86665925884772,1.193159253515613
119.88666037002056,1.192942660282524
119.90666148119341,1.1927259730010764
119.92666259236624,1.1925091917768933
119.94666370353909,1.1922923167156425
119.96666481471193,1.1920753479230382
119.98666592588478,1.1918582855048403
120.00666703705762,1.1916411295668536
120.02666814823046,1.1914238802149297
120.0466692594033,1.1912065375549648
120.06667037057615,1.1909891016929006
120.086671481749,1.1907715727347248
120.10667259292184,1.19055395078647
120.12667370409467,1.1903362359542144
120.14667481526752,1.190118428344081
120.16667592644036,1.189900528062239
120.18667703761321,1.1896825352149014
120.20667814878605,1.1894644499083276
120.22667925995889,1.1892462722488215
120.24668037113173,1.189028002342732
120.26668148230458,1.1888096402964528
120.28668259347742,1.1885911862164231
120.30668370465027,1.1883726402091264
120.3266848158231,1.1881540023810913
120.34668592699595,1.1879352728388906
120.36668703816879,1.187716451689143
120.38668814934164,1.1874975390385103
120.40668926051448,1.1872785349937007
120.42669037168731,1.1870594396614655
120.44669148286016,1.1868402531486006
120.466692594033,1.1866209755619472
120.48669370520585,1.1864016070083903
120.5066948163787,1.186182147594859
120.52669592755153,1.1859625974283277
120.54669703872437,1.185742956615814
120.56669814989722,1.18552322526438
120.58669926107007,1.185303403481132
120.60670037224291,1.1850834913732204
120.62670148341574,1.1848634890478398
120.64670259458859,1.1846433966122285
120.66670370576144,1.1844232141736684
120.68670481693428,1.184202941839486
120.70670592810713,1.1839825797170516
120.72670703927996,1.1837621279137784
120.7467081504528,1.1835415865371242
120.76670926162565,1.18332095569459
120.7867103727985,1.1831002354937203
120.80671148397134,1.182879426042104
120.82671259514417,1.1826585274473729
120.84671370631702,1.1824375398172013
120.86671481748986,1.1822164632593086
120.88671592866271,1.181995297881457
120.90671703983556,1.181774043791451
120.92671815100839,1.18155270109714
120.94671926218123,1.1813312699064156
120.96672037335408,1.1811097503272119
120.98672148452692,1.1808881424675073
121.00672259569977,1.1806664464353234
121.0267237068726,1.1804446623387232
121.04672481804545,1.180222790285814
121.0667259292183,1.1800008303847458
121.08672704039114,1.1797787827437107
121.10672815156398,1.1795566474709445
121.12672926273682,1.179334424674725
121.14673037390966,1.1791121144633727
121.16673148508251,1.1788897169452512
121.18673259625535,1.1786672322287668
121.2067337074282,1.178444660422367
121.22673481860103,1.1782220016345435
121.24673592977388,1.1779992559738293
121.26673704094672,1.1777764235487995
121.28673815211957,1.1775535044680727
121.30673926329241,1.1773304988403086
121.32674037446525,1.1771074067742096
121.34674148563809,1.17688422837852
121.36674259681094,1.1766609637620267
121.38674370798378,1.1764376130335579
121.40674481915663,1.1762141763019844
121.42674593032946,1.1759906536762186
121.4467470415023,1.1757670452652143
121.46674815267515,1.175543351177968
121.486749263848,1.1753195715235183
121.50675037502084,1.1750957064109435
121.52675148619367,1.1748717559493662
121.54675259736652,1.1746477202479482
121.56675370853937,1.1744235994158942
121.58675481971221,1.1741993935624504
121.60675593088506,1.1739751027969039
121.62675704205789,1.1737507272285836
121.64675815323073,1.1735262669668591
121.66675926440358,1.1733017221211426
121.68676037557643,1.173077092800886
121.70676148674927,1.1728523791155836
121.7267625979221,1.1726275811747697
121.74676370909495,1.1724026990880205
121.7667648202678,1.1721777329649532
121.78676593144064,1.1719526829152254
121.80676704261349,1.1717275490485362
121.82676815378633,1.1715023314746251
121.84676926495916,1.1712770303032731
121.86677037613201,1.1710516456443008
121.88677148730486,1.1708261776075706
121.9067725984777,1.1706006263029844
121.92677370965055,1.1703749918404867
121.94677482082338,1.17014927433006
121.96677593199622,1.1699234738817288
121.98677704316907,1.1696975906055578
122.00677815434192,1.1694716246116523
122.02677926551476,1.1692455760101574
122.0467803766876,1.1690194449112585
122.06678148786044,1.1687932314251819
122.08678259903328,1.1685669356621926
122.10678371020613,1.1683405577325976
122.12678482137898,1.1681140977467426
122.14678593255181,1.167887555815014
122.16678704372465,1.1676609320478373
122.1867881548975,1.1674342265556792
122.20678926607034,1.1672074394490446
122.22679037724319,1.16698057083848
122.24679148841602,1.16675362083457
122.26679259958887,1.1665265895479395
122.28679371076171,1.1662994770892536
122.30679482193456,1.1660722835692163
122.3267959331074,1.1658450090985712
122.34679704428024,1.1656176537881016
122.36679815545308,1.1653902177486297
122.38679926662593,1.1651627010910173
122.40680037779877,1.1649351039261662
122.42680148897162,1.164707426365016
122.44680260014445,1.164479668518547
122.4668037113173,1.1642518304977774
122.48680482249014,1.1640239124137657
122.50680593366299,1.163795914377608
122.52680704483583,1.1635678365004407
122.54680815600867,1.1633396788934385
122.56680926718151,1.1631114416678143
122.58681037835436,1.1628831249348215
122.6068114895272,1.1626547288057505
122.62681260070005,1.1624262533919314
122.64681371187288,1.162197698804733
122.66681482304573,1.1619690651555623
122.68681593421857,1.1617403525558643
122.70681704539142,1.1615115611171243
122.72681815656426,1.1612826909508636
122.7468192677371,1.1610537421686442
122.76682037890994,1.1608247148820645
122.78682149008279,1.160595609202763
122.80682260125563,1.1603664252424144
122.82682371242848,1.1601371631127333
122.84682482360131,1.1599078229254713
122.86682593477416,1.1596784047924187
122.886827045947,1.1594489088254034
122.90682815711985,1.1592193351362912
122.92682926829269,1.1589896838369862
122.94683037946552,1.1587599550394303
122.96683149063837,1.1585301488556026
122.98683260181122,1.1583002653975203
123.00683371298406,1.1580703047772385
123.02683482415691,1.1578402671068493
123.04683593532974,1.1576101524984832
123.06683704650258,1.1573799610643076
123.08683815767543,1.157149692916527
123.10683926884828,1.156919348167384
123.12684038002112,1.156688926929159
123.14684149119395,1.1564584293141682
123.1668426023668,1.1562278554347658
123.18684371353964,1.1559972054033436
123.20684482471249,1.15576647933233
123.22684593588534,1.1555356773341905
123.24684704705817,1.1553047995214276
123.26684815823101,1.1550738460065813
123.28684926940386,1.1548428169022271
123.3068503805767,1.1546117123209796
123.32685149174955,1.1543805323754877
123.34685260292238,1.154149277178439
123.36685371409523,1.1539179468425567
123.38685482526807,1.1536865414806008
123.40685593644092,1.1534550612053678
123.42685704761377,1.1532235061296918
123.4468581587866,1.1529918763664417
123.46685926995944,1.1527601720285237
123.48686038113229,1.1525283932288803
123.50686149230513,1.1522965400804903
123.52686260347798,1.1520646126963687
123.54686371465081,1.1518326111895667
123.56686482582366,1.1516005356731709
123.5868659369965,1.1513683862603052
123.60686704816935,1.1511361630641295
123.6268681593422,1.1509038661978381
123.64686927051503,1.150671495774663
123.66687038168787,1.1504390519078713
123.68687149286072,1.1502065347107653
123.70687260403356,1.1499739442966843
123.72687371520641,1.149741280779002
123.74687482637924,1.149508544271129
123.76687593755209,1.1492757348865106
123.78687704872493,1.1490428527386278
123.80687815989778,1.148809897940997
123.82687927107062,1.1485768706071706
123.84688038224346,1.1483437708507358
123.8668814934163,1.1481105987853146
123.88688260458915,1.1478773545245655
123.90688371576199,1.1476440381821815
123.92688482693484,1.1474106498718906
123.94688593810767,1.1471771897074565
123.96688704928052,1.1469436578026768
123.98688816045336,1.146710054271385
124.0068892716262,1.1464763792274497
124.02689038279905,1.1462426327847732
124.0468914939719,1.146008815057294
124.06689260514473,1.1457749261589845
124.08689371631758,1.1455409662038518
124.10689482749042,1.1453069353059377
124.12689593866327,1.1450728335793194
124.14689704983611,1.144838661138107
124.16689816100894,1.1446044180964468
124.18689927218179,1.144370104568518
124.20690038335464,1.1441357206685352
124.22690149452748,1.1439012665107466
124.24690260570033,1.1436667422094358
124.26690371687316,1.1434321478789193
124.286904828046,1.1431974836335481
124.30690593921885,1.1429627495877077
124.3269070503917,1.142727945855817
124.34690816156454,1.1424930725523297
124.36690927273737,1.1422581297917325
124.38691038391022,1.1420231176885463
124.40691149508307,1.141788036357326
124.42691260625591,1.1415528859126605
124.44691371742876,1.1413176664691713
124.46691482860159,1.1410823781415151
124.48691593977443,1.1408470210443808
124.50691705094728,1.1406115952924911
124.52691816212013,1.1403761010006026
124.54691927329297,1.1401405382835055
124.5669203844658,1.1399049072560226
124.58692149563865,1.1396692080330102
124.6069226068115,1.1394334407293585
124.62692371798434,1.13919760545999
124.64692482915719,1.1389617023398608
124.66692594033002,1.13872573148396
124.68692705150286,1.1384896930073096
124.70692816267571,1.1382535870249648
124.72692927384855,1.138017413652014
124.7469303850214,1.1377811730035772
124.76693149619423,1.1375448651948086
124.78693260736708,1.1373084903408943
124.80693371853992,1.1370720485570533
124.82693482971277,1.1368355399585377
124.84693594088561,1.136598964660631
124.86693705205845,1.1363623227786506
124.88693816323129,1.136125614427945
124.90693927440414,1.1358888397238966
124.92694038557698,1.1356519987819187
124.94694149674983,1.135415091717458
124.96694260792266,1.1351781186459928
124.9869437190955,1.1349410796830333
125.00694483026835,1.134703974944123
125.0269459414412,1.1344668045448358
125.04694705261404,1.1342295686007793
125.06694816378688,1.1339922672275922
125.08694927495972,1.1337549005409449
125.10695038613257,1.1335174686565397
125.12695149730541,1.1332799716901114
125.14695260847826,1.1330424097574257
125.16695371965109,1.1328047829742802
125.18695483082394,1.1325670914565042
125.20695594199678,1.1323293353199588
125.22695705316963,1.132091514680536
125.24695816434247,1.1318536296541597
125.2669592755153,1.1316156803567854
125.28696038668815,1.1313776669043987
125.306961497861,1.1311395894130183
125.32696260903384,1.1309014479986925
125.34696372020669,1.1306632427775016
125.36696483137952,1.1304249738655572
125.38696594255237,1.1301866413790016
125.40696705372521,1.129948245434007
125.42696816489806,1.129709786146779
125.4469692760709,1.1294712636335518
125.46697038724373,1.1292326780105917
125.48697149841658,1.1289940293941951
125.50697260958943,1.1287553179006895
125.52697372076227,1.1285165436464326
125.54697483193512,1.1282777067478136
125.56697594310795,1.1280388073212513
125.5869770542808,1.1277998454831952
125.60697816545364,1.1275608213501256
125.62697927662649,1.1273217350385525
125.64698038779933,1.127082586665017
125.66698149897216,1.12684337634609
125.68698261014501,1.1266041041983728
125.70698372131785,1.126364770338496
125.7269848324907,1.126125374883122
125.74698594366355,1.1258859179489413
125.76698705483638,1.125646399652676
125.78698816600922,1.125406820111077
125.80698927718207,1.125167179440925
125.82699038835491,1.1249274777590317
125.84699149952776,1.1246877151822376
125.86699261070059,1.1244478918274128
125.88699372187344,1.1242080078114574
125.90699483304628,1.123968063251301
125.92699594421913,1.1237280582639024
125.94699705539198,1.1234879929662505
125.9669981665648,1.1232478674753632
125.98699927773765,1.123007681908287
126.0070003889105,1.1227674363820994
126.02700150008334,1.1225271310139058
126.04700261125619,1.1222867659208409
126.06700372242902,1.1220463412200692
126.08700483360187,1.1218058570287837
126.10700594477471,1.1215653134642058
126.12700705594756,1.1213247106435875
126.1470081671204,1.121084048684208
126.16700927829324,1.1208433277033767
126.18701038946608,1.1206025478184305
126.20701150063893,1.1203617091467362
126.22701261181177,1.120120811805688
126.24701372298462,1.1198798559127103
126.26701483415745,1.1196388415852545
126.2870159453303,1.1193977689408008
126.30701705650314,1.1191566380968587
126.32701816767599,1.1189154491709656
126.34701927884883,1.1186742022806864
126.36702039002168,1.118432897543616
126.38702150119451,1.1181915350773757
126.40702261236736,1.1179501149996158
126.4270237235402,1.117708637428015
126.44702483471305,1.1174671024802787
126.4670259458859,1.117225510274142
126.48702705705873,1.1169838609273672
126.50702816823157,1.116742154557744
126.52702927940442,1.11650039128309
126.54703039057726,1.1162585712212514
126.56703150175011,1.1160166944901007
126.58703261292294,1.1157747612075393
126.60703372409579,1.1155327714914958
126.62703483526863,1.1152907254599254
126.64703594644148,1.115048623230812
126.66703705761432,1.1148064649221667
126.68703816878715,1.1145642506520275
126.70703927996,1.1143219805384592
126.72704039113285,1.114079654699555
126.74704150230569,1.1138372732534343
126.76704261347854,1.1135948363182446
126.78704372465137,1.1133523440121595
126.80704483582421,1.1131097964533798
126.82704594699706,1.1128671937601333
126.8470470581699,1.1126245360506752
126.86704816934275,1.1123818234432867
126.88704928051558,1.1121390560562763
126.90705039168843,1.1118962340079792
126.92705150286127,1.1116533574167562
126.94705261403412,1.1114104264009965
126.96705372520697,1.1111674410791146
126.9870548363798,1.1109244015695519
127.00705594755264,1.1106813079907756
127.02705705872549,1.11043816046128
127.04705816989834,1.1101949590995854
127.06705928107118,1.1099517040242386
127.08706039224401,1.109708395353812
127.10706150341686,1.1094650332069045
127.1270626145897,1.109221617702141
127.14706372576255,1.108978148958173
127.1670648369354,1.1087346270936767
127.18706594810823,1.1084910522273552
127.20706705928107,1.1082474244779372
127.22706817045392,1.1080037439641766
127.24706928162676,1.1077600108048542
127.26707039279961,1.1075162251187753
127.28707150397244,1.1072723870247718
127.30707261514529,1.1070284966416999
127.32707372631813,1.1067845540884427
127.34707483749098,1.1065405594839073
127.36707594866382,1.106296512947028
127.38707705983666,1.1060524145967623
127.4070781710095,1.1058082645520944
127.42707928218235,1.1055640629320331
127.4470803933552,1.1053198098556132
127.46708150452804,1.105075505441893
127.48708261570087,1.1048311498099577
127.50708372687372,1.1045867430789158
127.52708483804656,1.1043422853679012
127.54708594921941,1.1040977767960736
127.56708706039225,1.1038532174826161
127.58708817156509,1.1036086075467377
127.60708928273793,1.1033639471076713
127.62709039391078,1.1031192362846747
127.64709150508362,1.1028744751970299
127.66709261625647,1.1026296639640445
127.6870937274293,1.1023848027050493
127.70709483860215,1.1021398915393998
127.72709594977499,1.1018949305864765
127.74709706094784,1.101649919965683
127.76709817212068,1.101404859796448
127.78709928329351,1.1011597501982249
127.80710039446636,1.1009145912904896
127.8271015056392,1.1006693831927428
127.84710261681205,1.1004241260245096
127.8671037279849,1.1001788199053384
127.88710483915773,1.0999334649548018
127.90710595033057,1.0996880612924964
127.92710706150342,1.0994426090380416
127.94710817267627,1.0991971083110814
127.96710928384911,1.0989515592312837
127.98711039502194,1.098705961918339
128.0071115061948,1.0984603164919615
128.02711261736764,1.0982146230718897
128.04711372854047,1.0979688817778843
128.06711483971333,1.09772309272973
128.08711595088616,1.097477256047235
128.10711706205902,1.0972313718502305
128.12711817323185,1.0969854402585706
128.14711928440468,1.0967394613921329
128.16712039557754,1.0964934353708171
128.18712150675037,1.0962473623145477
128.20712261792323,1.0960012423432701
128.22712372909606,1.0957550755769543
128.2471248402689,1.0955088621355917
128.26712595144176,1.0952626021391973
128.2871270626146,1.0950162957078087
128.30712817378745,1.0947699429614857
128.32712928496028,1.0945235440203114
128.3471303961331,1.0942770990043906
128.36713150730597,1.094030608033851
128.3871326184788,1.0937840712288431
128.40713372965166,1.0935374887095382
128.4271348408245,1.0932908605961325
128.44713595199732,1.093044187008842
128.46713706317018,1.0927974680679058
128.48713817434302,1.0925507038935853
128.50713928551588,1.0923038946061634
128.5271403966887,1.0920570403259457
128.54714150786154,1.0918101411732595
128.5671426190344,1.0915631972684527
128.58714373020723,1.0913162087318977
128.6071448413801,1.0910691756839856
128.62714595255292,1.0908220982451322
128.64714706372575,1.0905749765357722
128.6671481748986,1.0903278106763634
128.68714928607145,1.0900806007873853
128.7071503972443,1.0898333469893373
128.72715150841714,1.0895860494027427
128.74715261958997,1.089338708148144
128.76715373076283,1.0890913233461057
128.78715484193566,1.0888438951172137
128.80715595310852,1.0885964235820746
128.82715706428135,1.088348908861317
128.84715817545418,1.0881013510755895
128.86715928662704,1.087853750345562
128.88716039779987,1.0876061067919263
128.90716150897273,1.0873584205353932
128.92716262014557,1.0871106916966966
128.9471637313184,1.086862920396589
128.96716484249126,1.0866151067558447
128.9871659536641,1.0863672508952589
129.00716706483695,1.086119352935646
129.02716817600978,1.0858714129978433
129.0471692871826,1.0856234312027064
129.06717039835547,1.0853754076711113
129.0871715095283,1.0851273425239565
129.10717262070116,1.0848792358821582
129.127173731874,1.084631087866655
129.14717484304683,1.084382898598404
129.1671759542197,1.0841346681983832
129.18717706539252,1.0838863967875907
129.20717817656538,1.0836380844870441
129.2271792877382,1.0833897314177816
129.24718039891104,1.083141337700861
129.2671815100839,1.0828929034573591
129.28718262125673,1.0826444288083739
129.3071837324296,1.082395913875022
129.32718484360242,1.0821473587784405
129.34718595477526,1.0818987636397852
129.36718706594812,1.0816501285802311
129.38718817712095,1.081401453720975
129.4071892882938,1.0811527391832303
129.42719039946664,1.0809039850882316
129.44719151063947,1.0806551915572318
129.46719262181233,1.0804063587115027
129.48719373298516,1.080157486672337
129.50719484415802,1.0799085755610445
129.52719595533085,1.0796596254989554
129.54719706650368,1.0794106366074183
129.56719817767654,1.0791616090078007
129.58719928884938,1.0789125428214894
129.60720040002224,1.0786634381698894
129.62720151119507,1.078414295174425
129.6472026223679,1.0781651139565391
129.66720373354076,1.0779158946376926
129.6872048447136,1.077666637339366
129.70720595588645,1.077417342183057
129.72720706705928,1.0771680092902836
129.74720817823214,1.0769186387825802
129.76720928940497,1.0766692307815013
129.7872104005778,1.0764197854086186
129.80721151175067,1.0761703027855214
129.8272126229235,1.075920783033819
129.84721373409636,1.0756712262751373
129.8672148452692,1.0754216326311212
129.88721595644202,1.075172002223433
129.90721706761488,1.0749223351737525
129.9272181787877,1.0746726316037785
129.94721928996057,1.0744228916352265
129.9672204011334,1.074173115389831
129.98722151230623,1.073923302989343
130.0072226234791,1.0736734545555309
130.02722373465193,1.0734235702101824
130.0472248458248,1.0731736500751012
130.06722595699762,1.072923694272109
130.08722706817045,1.0726737029230449
130.1072281793433,1.0724236761497643
130.12722929051614,1.072173614074142
130.147230401689,1.0719235168180676
130.16723151286183,1.0716733845034498
130.18723262403466,1.0714232172522136
130.20723373520752,1.0711730151863004
130.22723484638036,1.0709227784276698
130.24723595755322,1.0706725070982972
130.26723706872605,1.070422201320176
130.28723817989888,1.0701718612153155
130.30723929107174,1.0699214869057414
130.32724040224457,1.0696710785134975
130.34724151341743,1.0694206361606424
130.36724262459026,1.0691701599692536
130.3872437357631,1.0689196500614226
130.40724484693595,1.0686691065592588
130.42724595810878,1.0684185295848878
130.44724706928164,1.068167919260451
130.46724818045448,1.0679172757081068
130.4872492916273,1.0676665990500291
130.50725040280017,1.0674158894084083
130.527251513973,1.0671651469054508
130.54725262514586,1.0669143716633789
130.5672537363187,1.0666635638044313
130.58725484749152,1.0664127234508622
130.60725595866438,1.0661618507249415
130.6272570698372,1.0659109457489555
130.64725818101007,1.0656600086452048
130.6672592921829,1.0654090395360083
130.68726040335574,1.0651580385436978
130.7072615145286,1.064907005790622
130.72726262570143,1.064655941399145
130.7472637368743,1.0644048454916455
130.76726484804712,1.064153718190519
130.78726595921995,1.063902559618175
130.8072670703928,1.0636513698970387
130.82726818156564,1.063400149149551
130.8472692927385,1.0631488974981667
130.86727040391133,1.0628976150653573
130.88727151508417,1.0626463019736079
130.90727262625703,1.0623949583454186
130.92727373742986,1.062143584303306
130.94727484860272,1.0618921799697991
130.96727595977555,1.0616407454674441
130.98727707094838,1.0613892809188
131.00727818212124,1.061137786446441
131.02727929329407,1.060886262172957
131.04728040446693,1.0606347082209504
131.06728151563976,1.0603831247130404
131.0872826268126,1.0601315117718584
131.10728373798545,1.059879869520051
131.1272848491583,1.0596281980802802
131.14728596033115,1.0593764975752202
131.16728707150398,1.0591247681275613
131.1872881826768,1.0588730098600065
131.20728929384967,1.058621222895273
131.2272904050225,1.058369407356093
131.24729151619536,1.0581175633652116
131.2672926273682,1.0578656910453885
131.28729373854102,1.0576137905193965
131.30729484971388,1.057361861910022
131.32729596088672,1.057109905340067
131.34729707205958,1.0568579209323445
131.3672981832324,1.056605908809683
131.38729929440524,1.0563538690949235
131.4073004055781,1.0561018019109205
131.42730151675093,1.0558497073805426
131.4473026279238,1.0555975856266708
131.46730373909662,1.0553454367722004
131.48730485026945,1.055093260940039
131.5073059614423,1.0548410582531074
131.52730707261514,1.0545888288343404
131.547308183788,1.0543365728066845
131.56730929496084,1.0540842902931007
131.58731040613367,1.0538319814165618
131.60731151730653,1.0535796463000529
131.62731262847936,1.0533272850665742
131.64731373965222,1.053074897839136
131.66731485082505,1.0528224847407635
131.68731596199788,1.0525700458944924
131.70731707317074,1.0523175814233725
131.72731818434357,1.0520650914504657
131.74731929551643,1.0518125760988457
131.76732040668927,1.0515600354915997
131.7873215178621,1.0513074697518263
131.80732262903496,1.0510548790026366
131.8273237402078,1.050802263367154
131.84732485138065,1.050549622968514
131.86732596255348,1.0502969579298644
131.8873270737263,1.0500442683743645
131.90732818489917,1.0497915544251852
131.927329296072,1.0495388162055113
131.94733040724486,1.0492860538385362
131.9673315184177,1.0490332674474687
131.98733262959053,1.0487804571555268
132.00733374076339,1.0485276230859404
132.02733485193622,1.0482747653619522
132.04733596310908,1.048021884106815
132.0673370742819,1.0477689794437943
132.08733818545474,1.0475160514961663
132.1073392966276,1.0472631003872181
132.12734040780043,1.0470101262402498
132.1473415189733,1.0467571291785707
132.16734263014612,1.0465041093255028
132.18734374131895,1.0462510668043783
132.20734485249181,1.0459980017385404
132.22734596366465,1.0457449142513446
132.2473470748375,1.045491804466155
132.26734818601034,1.0452386725063496
132.28734929718317,1.0449855184953145
132.30735040835603,1.0447323425564476
132.32735151952886,1.044479144813158
132.34735263070172,1.0442259253888644
132.36735374187455,1.043972684406997
132.38735485304738,1.043719421990996
132.40735596422024,1.0434661382643116
132.42735707539308,1.0432128333504058
132.44735818656594,1.0429595073727493
132.46735929773877,1.0427061604548244
132.4873604089116,1.0424527927201228
132.50736152008446,1.0421994042921463
132.5273626312573,1.0419459952944077
132.54736374243015,1.0416925658504284
132.56736485360298,1.0414391160837413
132.5873659647758,1.041185646117888
132.60736707594867,1.0409321560764202
132.6273681871215,1.0406786460829005
132.64736929829436,1.0404251162608995
132.6673704094672,1.0401715667339988
132.68737152064003,1.0399179976257886
132.7073726318129,1.0396644090598695
132.72737374298572,1.039410801159851
132.74737485415858,1.0391571740493524
132.7673759653314,1.0389035278520022
132.78737707650424,1.0386498626914382
132.8073781876771,1.0383961786913072
132.82737929884993,1.038142475975266
132.8473804100228,1.0378887546669793
132.86738152119563,1.0376350148901219
132.88738263236846,1.0373812567683776
132.90738374354132,1.0371274804254373
132.92738485471415,1.036873685985004
132.947385965887,1.036619873570787
132.96738707705984,1.0363660433065054
132.98738818823267,1.0361121953158865
133.00738929940553,1.0358583297226662
133.02739041057836,1.0356044466505898
133.04739152175122,1.0353505462234103
133.06739263292405,1.0350966285648895
133.0873937440969,1.0348426937987976
133.10739485526975,1.0345887420489126
133.12739596644258,1.034334773439022
133.14739707761544,1.0340807880929201
133.16739818878827,1.0338267861344108
133.1873992999611,1.0335727676873048
133.20740041113396,1.033318732875421
133.2274015223068,1.0330646818225873
133.24740263347965,1.032810614652638
133.26740374465248,1.0325565314894174
133.28740485582532,1.0323024324567758
133.30740596699818,1.032048317678571
133.327407078171,1.0317941872786702
133.34740818934387,1.0315400413809466
133.3674093005167,1.0312858801092821
133.38741041168953,1.0310317035875651
133.4074115228624,1.030777511939692
133.42741263403522,1.030523305289567
133.44741374520808,1.0302690837611002
133.4674148563809,1.0300148474782107
133.48741596755374,1.0297605965648235
133.5074170787266,1.0295063311448713
133.52741818989944,1.0292520513422938
133.5474193010723,1.028997757281037
133.56742041224513,1.0287434490850556
133.58742152341796,1.0284891268783096
133.60742263459082,1.0282347907847662
133.62742374576365,1.0279804409283997
133.6474248569365,1.0277260774331907
133.66742596810934,1.027471700423127
133.68742707928217,1.0272173100222024
133.70742819045503,1.0269629063544172
133.72742930162786,1.026708489543779
133.74743041280072,1.0264540597143006
133.76743152397356,1.0261996169900025
133.7874326351464,1.0259451614949104
133.80743374631925,1.0256906933530563
133.82743485749208,1.0254362126884793
133.84743596866494,1.0251817196252233
133.86743707983777,1.0249272142873398
133.8874381910106,1.0246726967988842
133.90743930218346,1.0244181672839199
133.9274404133563,1.0241636258665152
133.94744152452915,1.0239090726707438
133.96744263570199,1.0236545078206865
133.98744374687482,1.0233999314404283
134.00744485804768,1.0231453436540598
134.0274459692205,1.0228907445856792
134.04744708039337,1.0226361343593875
134.0674481915662,1.0223815130992933
134.08744930273903,1.0221268809295094
134.1074504139119,1.0218722379741538
134.12745152508472,1.021617584357351
134.14745263625758,1.0213629202032288
134.16745374743041,1.0211082456359224
134.18745485860325,1.0208535607795701
134.2074559697761,1.0205988657583158
134.22745708094894,1.0203441606963095
134.2474581921218,1.0200894457177043
134.26745930329463,1.0198347209466596
134.2874604144675,1.0195799865073383
134.30746152564032,1.0193252425239094
134.32746263681315,1.0190704891205453
134.347463747986,1.0188157264214235
134.36746485915884,1.0185609545507264
134.3874659703317,1.01830617363264
134.40746708150454,1.0180513837913558
134.42746819267737,1.0177965851510686
134.44746930385023,1.017541777835978
134.46747041502306,1.0172869619702885
134.48747152619592,1.017032137678207
134.50747263736875,1.0167773050839464
134.52747374854158,1.016522464311722
134.54747485971444,1.0162676154857546
134.56747597088727,1.016012758730268
134.58747708206013,1.0157578941694902
134.60747819323296,1.0155030219276528
134.6274793044058,1.0152481421289914
134.64748041557866,1.0149932548977445
134.6674815267515,1.0147383603581557
134.68748263792435,1.0144834586344704
134.70748374909718,1.0142285498509394
134.72748486027,1.0139736341318153
134.74748597144287,1.0137187116013548
134.7674870826157,1.0134637823838182
134.78748819378856,1.0132088466034679
134.8074893049614,1.0129539043845712
134.82749041613422,1.0126989558513975
134.84749152730708,1.0124440011282185
134.86749263847992,1.0121890403393112
134.88749374965278,1.0119340736089533
134.9074948608256,1.0116791010614268
134.92749597199844,1.011424122821016
134.9474970831713,1.0111691390120072
134.96749819434413,1.0109141497586913
134.987499305517,1.0106591551853599
135.00750041668982,1.0104041554163088
135.02750152786265,1.0101491505758353
135.0475026390355,1.0098941407882391
135.06750375020835,1.0096391261778235
135.0875048613812,1.0093841068688922
135.10750597255404,1.0091290829857535
135.12750708372687,1.0088740546527164
135.14750819489973,1.0086190219940918
135.16750930607256,1.0083639851341937
135.18751041724542,1.0081089441973379
135.20751152841825,1.0078538993078423
135.22751263959108,1.0075988505900264
135.24751375076394,1.0073437981682112
135.26751486193677,1.0070887421667203
135.28751597310963,1.0068336827098785
135.30751708428247,1.006578619922013
135.3275181954553,1.0063235539274518
135.34751930662816,1.0060684848505244
135.367520417801,1.005813412815563
135.38752152897385,1.0055583379468993
135.40752264014668,1.0053032603688687
135.4275237513195,1.0050481802058064
135.44752486249237,1.0047930975820485
135.4675259736652,1.0045380126219337
135.48752708483806,1.0042829254498002
135.5075281960109,1.00402783618999
135.52752930718373,1.0037727449668428
135.5475304183566,1.0035176519047009
135.56753152952942,1.0032625571279081
135.58753264070228,1.0030074607608077
135.6075337518751,1.0027523629277448
135.62753486304794,1.0024972637530645
135.6475359742208,1.0022421633611127
135.66753708539363,1.0019870618762365
135.6875381965665,1.0017319594227827
135.70753930773932,1.0014768561250995
135.72754041891216,1.0012217521075344
135.74754153008502,1.0009666474944356
135.76754264125785,1.0007115424101527
135.7875437524307,1.0004564369790334
135.80754486360354,1.0002013313254283
135.82754597477637,0.9999462255736857
135.84754708594923,0.9996911198481548
135.86754819712206,0.9994360142731854
135.88754930829492,0.999180908973126
135.90755041946775,0.9989258040723262
135.92755153064059,0.9986706996951348
135.94755264181345,0.9984155959658997
135.96755375298628,0.9981604930089701
135.98755486415914,0.9979053909486932
136.00755597533197,0.9976502899094171
136.0275570865048,0.9973951900154883
136.04755819767766,0.997140091391253
136.0675593088505,0.9968849941610577
136.08756042002335,0.9966298984492467
136.10756153119618,0.9963748043801651
136.127562642369,0.9961197120781562
136.14756375354187,0.995864621667562
136.1675648647147,0.9956095332727256
136.18756597588757,0.9953544470179867
136.2075670870604,0.9950993630276859
136.22756819823323,0.9948442814261614
136.2475693094061,0.9945892023377504
136.26757042057892,0.9943341258867898
136.28757153175178,0.994079052197614
136.3075726429246,0.9938239813945572
136.32757375409744,0.9935689136019513
136.3475748652703,0.9933138489441269
136.36757597644313,0.9930587875454135
136.387577087616,0.9928037295301385
136.40757819878883,0.9925486750226283
136.42757930996166,0.992293624147207
136.44758042113452,0.9920385770281964
136.46758153230735,0.9917835337899183
136.4875826434802,0.9915284945566909
136.50758375465304,0.9912734594528314
136.52758486582587,0.9910184286026543
136.54758597699873,0.9907634021304722
136.56758708817156,0.9905083801605962
136.58758819934442,0.9902533628173341
136.60758931051726,0.9899983502249927
136.6275904216901,0.9897433425078758
136.64759153286295,0.989488339790284
136.66759264403578,0.9892333421965176
136.68759375520864,0.9889783498508721
136.70759486638147,0.9887233628776422
136.7275959775543,0.988468381401119
136.74759708872716,0.9882134055455909
136.7675981999,0.9879584354353443
136.78759931107285,0.9877034711946615
136.80760042224568,0.9874485129478242
136.82760153341852,0.9871935608191089
136.84760264459138,0.9869386149327898
136.8676037557642,0.9866836754131387
136.88760486693707,0.9864287423844234
136.9076059781099,0.9861738159709095
136.92760708928273,0.9859188962968585
136.9476082004556,0.9856639834865287
136.96760931162842,0.985409077664176
136.98761042280128,0.9851541789540514
137.0076115339741,0.984899287480404
137.02761264514695,0.9846444033674784
137.0476137563198,0.9843895267395152
137.06761486749264,0.9841346577207528
137.0876159786655,0.9838797964354242
137.10761708983833,0.9836249430077607
137.12761820101116,0.9833700975619878
137.14761931218402,0.9831152602223278
137.16762042335685,0.9828604311129995
137.1876215345297,0.9826056103582168
137.20762264570254,0.9823507980821907
137.22762375687537,0.9820959944091271
137.24762486804823,0.9818411994632276
137.26762597922107,0.9815864133686907
137.28762709039393,0.9813316362497092
137.30762820156676,0.9810768682304728
137.3276293127396,0.9808221094351657
137.34763042391245,0.9805673599879678
137.36763153508528,0.9803126200130554
137.38763264625814,0.9800578896345988
137.40763375743097,0.9798031689767649
137.4276348686038,0.9795484581637148
137.44763597977666,0.9792937573196049
137.4676370909495,0.9790390665685881
137.48763820212235,0.9787843860348105
137.5076393132952,0.9785297158424148
137.52764042446802,0.9782750561155376
137.54764153564088,0.9780204069783103
137.5676426468137,0.9777657685548604
137.58764375798657,0.9775111409693087
137.6076448691594,0.9772565243457719
137.62764598033223,0.9770019188083606
137.6476470915051,0.9767473244811801
137.66764820267792,0.9764927414883307
137.68764931385078,0.9762381699539062
137.70765042502362,0.9759836100019964
137.72765153619645,0.975729061756684
137.7476526473693,0.9754745253420458
137.76765375854214,0.975220000882155
137.787654869715,0.9749654885010764
137.80765598088783,0.9747109883228708
137.82765709206066,0.9744565004715919
137.84765820323352,0.9742020250712875
137.86765931440635,0.9739475622460001
137.8876604255792,0.9736931121197651
137.90766153675204,0.9734386748166126
137.92766264792488,0.973184250460566
137.94766375909774,0.9729298391756419
137.96766487027057,0.9726754410858517
137.98766598144343,0.9724210563151992
138.00766709261626,0.9721666849876827
138.0276682037891,0.9719123272272933
138.04766931496195,0.9716579831580152
138.06767042613478,0.9714036529038268
138.08767153730764,0.9711493365886993
138.10767264848047,0.9708950343365975
138.1276737596533,0.9706407462714787
138.14767487082617,0.9703864725172933
138.167675981999,0.9701322131979855
138.18767709317186,0.9698779684374915
138.2076782043447,0.9696237383597414
138.22767931551752,0.9693695230886574
138.24768042669038,0.9691153227481543
138.2676815378632,0.9688611374621406
138.28768264903607,0.9686069673545166
138.3076837602089,0.9683528125491756
138.32768487138173,0.9680986731700034
138.3476859825546,0.9678445493408778
138.36768709372743,0.96759044118567
138.3876882049003,0.967336348828242
138.40768931607312,0.9670822723924506
138.42769042724595,0.9668282120021424
138.4476915384188,0.966574167781157
138.46769264959164,0.9663201398533267
138.4876937607645,0.9660661283424749
138.50769487193733,0.965812133372418
138.52769598311016,0.9655581550669635
138.54769709428302,0.9653041935499109
138.56769820545586,0.9650502489450523
138.58769931662871,0.9647963213761702
138.60770042780155,0.9645424109670404
138.62770153897438,0.9642885178414291
138.64770265014724,0.9640346421230941
138.66770376132007,0.9637807839357857
138.68770487249293,0.9635269434032446
138.70770598366576,0.9632731206492035
138.7277070948386,0.9630193157973866
138.74770820601145,0.9627655289715085
138.76770931718428,0.9625117602952761
138.78771042835714,0.9622580098923863
138.80771153952998,0.9620042778865284
138.82771265070284,0.9617505644013813
138.84771376187567,0.9614968695606164
138.8677148730485,0.9612431934878948
138.88771598422136,0.9609895363068686
138.9077170953942,0.9607358981411814
138.92771820656705,0.9604822791144668
138.94771931773988,0.9602286793503498
138.9677204289127,0.9599750989724453
138.98772154008557,0.9597215381043587
139.0077226512584,0.9594679968696869
139.02772376243126,0.9592144753920155
139.0477248736041,0.9589609737949228
139.06772598477693,0.9587074922019757
139.0877270959498,0.9584540307367313
139.10772820712262,0.9582005895227379
139.12772931829548,0.9579471686835329
139.1477304294683,0.9576937683426449
139.16773154064114,0.9574403886235915
139.187732651814,0.9571870296498803
139.20773376298683,0.9569336915450098
139.2277348741597,0.956680374432467
139.24773598533253,0.9564270784357298
139.26773709650536,0.9561738036782651
139.28773820767822,0.9559205502835294
139.30773931885105,0.9556673183749697
139.3277404300239,0.955414108076021
139.34774154119674,0.9551609195101091
139.36774265236957,0.9549077528006491
139.38774376354243,0.9546546080710444
139.40774487471526,0.9544014854446891
139.42774598588812,0.954148385044965
139.44774709706095,0.9538953069952447
139.4677482082338,0.9536422514188886
139.48774931940665,0.9533892184392463
139.50775043057948,0.9531362081796575
139.52775154175234,0.9528832207634492
139.54775265292517,0.9526302563139389
139.567753764098,0.9523773149544317
139.58775487527086,0.9521243968082215
139.6077559864437,0.9518715019985919
139.62775709761655,0.9516186306488138
139.64775820878938,0.951365782882148
139.66775931996222,0.9511129588218428
139.68776043113508,0.9508601585911345
139.7077615423079,0.95060738231325
139.72776265348077,0.9503546301114021
139.7477637646536,0.9501019021087933
139.76776487582643,0.9498491984286138
139.7877659869993,0.9495965191940414
139.80776709817212,0.9493438645282435
139.82776820934498,0.9490912345543737
139.8477693205178,0.9488386293955752
139.86777043169064,0.9485860491749781
139.8877715428635,0.9483334940157002
139.90777265403634,0.9480809640408482
139.9277737652092,0.9478284593735151
139.94777487638203,0.9475759801367831
139.96777598755486,0.9473235264537206
139.98777709872772,0.9470710984473838
140.00777820990055,0.9468186962408177
140.0277793210734,0.946566319957053
140.04778043224624,0.946313969719109
140.06778154341907,0.9460616456499915
140.08778265459193,0.9458093478726937
140.10778376576476,0.9455570765101965
140.12778487693762,0.9453048316854671
140.14778598811046,0.9450526135214609
140.1677870992833,0.9448004221411191
140.18778821045615,0.9445482576673704
140.20778932162898,0.9442961202231307
140.22779043280184,0.9440440099313018
140.24779154397467,0.9437919269147735
140.2677926551475,0.9435398712964215
140.28779376632036,0.9432878431991076
140.3077948774932,0.943035842745682
140.32779598866605,0.942783870058979
140.34779709983889,0.9425319252618221
140.36779821101172,0.942280008477019
140.38779932218458,0.9420281198273643
140.4078004333574,0.9417762594356398
140.42780154453027,0.9415244274246122
140.4478026557031,0.9412726239170355
140.46780376687593,0.9410208490356491
140.4878048780488,0.9407691029031783
140.50780598922162,0.9405173856423353
140.52780710039448,0.9402656973758172
140.54780821156731,0.940014038226308
140.56780932274015,0.9397624083164767
140.587810433913,0.9395108077689778
140.60781154508584,0.9392592367064527
140.6278126562587,0.9390076952515267
140.64781376743153,0.938756183526813
140.66781487860436,0.9385047016549084
140.68781598977722,0.9382532497583954
140.70781710095005,0.9380018279598427
140.7278182121229,0.9377504363818033
140.74781932329574,0.9374990751468167
140.76782043446858,0.9372477443774067
140.78782154564144,0.9369964441960819
140.80782265681427,0.9367451747253372
140.82782376798713,0.9364939360876516
140.84782487915996,0.9362427284054897
140.8678259903328,0.9359915518013006
140.88782710150565,0.9357404063975177
140.90782821267848,0.9354892923165606
140.92782932385134,0.9352382096808324
140.94783043502417,0.9349871586127216
140.967831546197,0.9347361392346011
140.98783265736986,0.9344851516688274
141.0078337685427,0.9342341960377438
141.02783487971556,0.9339832724636755
141.0478359908884,0.933732381068934
141.06783710206122,0.9334815219758138
141.08783821323408,0.933230695306594
141.1078393244069,0.9329799011835387
141.12784043557977,0.9327291397288947
141.1478415467526,0.9324784110648945
141.16784265792543,0.9322277153137533
141.1878437690983,0.9319770525976705
141.20784488027113,0.9317264230388302
141.22784599144398,0.9314758267593993
141.24784710261682,0.9312252638815295
141.26784821378965,0.9309747345273554
141.2878493249625,0.9307242388189947
141.30785043613534,0.930473776878551
141.3278515473082,0.9302233488281091
141.34785265848103,0.9299729547897385
141.36785376965386,0.9297225948854917
141.38785488082672,0.9294722692374041
141.40785599199955,0.9292219779674958
141.4278571031724,0.9289717211977686
141.44785821434525,0.9287214990502087
141.46785932551808,0.9284713116467845
141.48786043669094,0.9282211591094478
141.50786154786377,0.9279710415601339
141.52786265903663,0.92772095912076
141.54786377020946,0.9274709119132274
141.5678648813823,0.9272209000594194
141.58786599255515,0.9269709236812018
141.60786710372798,0.9267209829004244
141.62786821490084,0.9264710778389177
141.64786932607367,0.9262212086184973
141.6678704372465,0.9259713753609593
141.68787154841937,0.9257215781880826
141.7078726595922,0.9254718172216295
141.72787377076506,0.9252220925833434
141.7478748819379,0.9249724043949512
141.76787599311072,0.924722752778161
141.78787710428358,0.9244731378546631
141.8078782154564,0.9242235597461312
141.82787932662927,0.9239740185742193
141.8478804378021,0.923724514460565
141.86788154897494,0.9234750475267868
141.8878826601478,0.9232256178944849
141.90788377132063,0.9229762256852424
141.9278848824935,0.9227268710206228
141.94788599366632,0.9224775540221731
141.96788710483915,0.9222282748114203
141.987888216012,0.9219790335098734
142.00788932718484,0.9217298302390236
142.0278904383577,0.9214806651203423
142.04789154953053,0.9212315382752839
142.06789266070336,0.9209824498252828
142.08789377187622,0.9207333998917548
142.10789488304906,0.9204843885960982
142.12789599422192,0.9202354160596907
142.14789710539475,0.9199864824038927
142.16789821656758,0.9197375877500447
142.18789932774044,0.9194887322194678
142.20790043891327,0.9192399159334655
142.22790155008613,0.9189911390133207
142.24790266125896,0.918742401580298
142.2679037724318,0.9184937037556427
142.28790488360465,0.91824504566058
142.30790599477749,0.9179964274163169
142.32790710595035,0.9177478491440398
142.34790821712318,0.9174993109649169
142.367909328296,0.9172508130000956
142.38791043946887,0.9170023553707042
142.4079115506417,0.9167539381978518
142.42791266181456,0.9165055616026269
142.4479137729874,0.9162572257060991
142.46791488416022,0.9160089306293177
142.48791599533308,0.9157606764933116
142.50791710650591,0.9155124634190911
142.52791821767877,0.915264291527645
142.5479193288516,0.9150161609399433
142.56792044002444,0.914768071776935
142.5879215511973,0.9145200241595485
142.60792266237013,0.914272018208694
142.627923773543,0.9140240540452589
142.64792488471582,0.9137761317901121
142.66792599588865,0.913528251564101
142.6879271070615,0.9132804134880524
142.70792821823434,0.9130326176827738
142.7279293294072,0.9127848642690506
142.74793044058003,0.9125371533676487
142.76793155175287,0.9122894850993128
142.78793266292573,0.9120418595847662
142.80793377409856,0.9117942769447128
142.82793488527142,0.911546737299834
142.84793599644425,0.9112992407707918
142.86793710761708,0.911051787478226
142.88793821878994,0.9108043775427551
142.90793932996277,0.9105570110849783
142.92794044113563,0.9103096882254716
142.94794155230846,0.9100624090847912
142.9679426634813,0.9098151737834709
142.98794377465416,0.9095679824420233
143.007944885827,0.9093208351809404
143.02794599699985,0.9090737321206916
143.04794710817268,0.9088266733817261
143.0679482193455,0.90857965908447
143.08794933051837,0.9083326893493285
143.1079504416912,0.9080857642966855
143.12795155286406,0.9078388840469022
143.1479526640369,0.9075920487203186
143.16795377520972,0.9073452584372528
143.18795488638258,0.9070985133180001
143.20795599755542,0.9068518134828352
143.22795710872828,0.9066051590520089
143.2479582199011,0.9063585501457523
143.26795933107394,0.9061119868842723
143.2879604422468,0.9058654693877539
143.30796155341963,0.9056189977763607
143.3279626645925,0.9053725721702326
143.34796377576532,0.9051261926894886
143.36796488693818,0.9048798594542236
143.387965998111,0.9046335725845115
143.40796710928385,0.9043873322004025
143.4279682204567,0.9041411384219242
143.44796933162954,0.9038949913690825
143.4679704428024,0.903648891161859
143.48797155397523,0.903402837920214
143.50797266514806,0.9031568317640841
143.52797377632092,0.9029108728133821
143.54797488749375,0.9026649611880001
143.5679759986666,0.9024190970078048
143.58797710983944,0.9021732803926413
143.60797822101227,0.9019275114623307
143.62797933218513,0.901681790336671
143.64798044335797,0.9014361171354371
143.66798155453083,0.9011904919783803
143.68798266570366,0.900944914985229
143.7079837768765,0.9006993862756876
143.72798488804935,0.9004539059694365
143.74798599922218,0.9002084741861341
143.76798711039504,0.8999630910454134
143.78798822156787,0.8997177566668849
143.8079893327407,0.8994724711701348
143.82799044391356,0.8992272346747251
143.8479915550864,0.8989820473001952
143.86799266625925,0.8987369091660584
143.8879937774321,0.8984918203918071
143.90799488860492,0.8982467810969068
143.92799599977778,0.8980017914007997
143.9479971109506,0.897756851422905
143.96799822212347,0.8975119612826158
143.9879993332963,0.8972671210993025
144.00800044446913,0.8970223309923103
144.028001555642,0.8967775910809599
144.04800266681482,0.8965329014845482
144.06800377798768,0.8962882623223468
144.08800488916052,0.8960436737136036
144.10800600033335,0.8957991357775411
144.1280071115062,0.8955546486333571
144.14800822267904,0.8953102124002255
144.1680093338519,0.8950658271972938
144.18801044502473,0.8948214931436869
144.20801155619756,0.8945772103585028
144.22801266737042,0.894332978960815
144.24801377854325,0.8940887990696726
144.2680148897161,0.8938446708040987
144.28801600088894,0.8936005942830922
144.30801711206178,0.8933565696256259
144.32801822323464,0.8931125969506475
144.34801933440747,0.89286867637708
144.36802044558033,0.8926248080238199
144.38802155675316,0.8923809920097396
144.408022667926,0.892137228453685
144.42802377909885,0.8918935174744763
144.44802489027168,0.8916498591909091
144.46802600144454,0.8914062537217521
144.48802711261737,0.8911627011857495
144.5080282237902,0.8909192017016185
144.52802933496307,0.8906757553880507
144.5480304461359,0.8904323623637129
144.56803155730876,0.8901890227472444
144.5880326684816,0.8899457366572598
144.60803377965442,0.8897025042123468
144.62803489082728,0.8894593255310663
144.6480360020001,0.8892162007319548
144.66803711317297,0.888973129933521
144.6880382243458,0.8887301132542481
144.70803933551863,0.8884871508125927
144.7280404466915,0.8882442427269842
144.74804155786433,0.8880013891158272
144.7680426690372,0.8877585900974978
144.78804378021002,0.8875158457903474
144.80804489138285,0.8872731563126991
144.8280460025557,0.8870305217828496
144.84804711372854,0.8867879423190703
144.8680482249014,0.8865454180396037
144.88804933607423,0.886302949062667
144.90805044724706,0.8860605355064494
144.92805155841992,0.8858181774891132
144.94805266959276,0.8855758751287943
144.96805378076562,0.8853336285436006
144.98805489193845,0.8850914378516139
145.00805600311128,0.8848493031708878
145.02805711428414,0.8846072246194486
145.04805822545697,0.8843652023152961
145.06805933662983,0.8841232363764016
145.08806044780266,0.88388132692071
145.1080615589755,0.8836394740661379
145.12806267014835,0.8833976779305741
145.14806378132118,0.883155938631881
145.16806489249404,0.8829142562878916
145.18806600366688,0.882672631016413
145.2080671148397,0.882431062935223
145.22806822601257,0.8821895521620718
145.2480693371854,0.8819480988146825
145.26807044835826,0.881706703010749
145.2880715595311,0.8814653648679383
145.30807267070392,0.8812240845038884
145.32807378187678,0.8809828620362093
145.3480748930496,0.8807416975824836
145.36807600422247,0.8805005912602641
145.3880771153953,0.8802595431870772
145.40807822656814,0.8800185534804192
145.428079337741,0.8797776222577585
145.44808044891383,0.8795367496365355
145.4680815600867,0.8792959357341609
145.48808267125952,0.8790551806680187
145.50808378243235,0.8788144845554624
145.5280848936052,0.8785738475138171
145.54808600477804,0.87833326966038
145.5680871159509,0.8780927511124181
145.58808822712373,0.8778522919871713
145.60808933829657,0.8776118924018487
145.62809044946943,0.8773715524736311
145.64809156064226,0.8771312723196708
145.66809267181512,0.8768910520570898
145.68809378298795,0.8766508918029823
145.70809489416078,0.876410791674412
145.72809600533364,0.8761707517884136
145.74809711650647,0.8759307722619933
145.76809822767933,0.8756908532121266
145.78809933885216,0.8754509947557605
145.808100450025,0.8752111970098116
145.82810156119785,0.8749714600911678
145.8481026723707,0.8747317841166872
145.86810378354355,0.8744921692031973
145.88810489471638,0.874252615467497
145.9081060058892,0.8740131230263547
145.92810711706207,0.8737736919965088
145.9481082282349,0.8735343224946684
145.96810933940776,0.8732950146375119
145.9881104505806,0.8730557685416885
146.00811156175342,0.8728165843238166
146.02811267292628,0.8725774621004841
146.04811378409912,0.8723384019882501
146.06811489527198,0.8720994041036417
146.0881160064448,0.8718604685631574
146.10811711761764,0.8716215954832637
146.1281182287905,0.8713827849803971
146.14811933996333,0.8711440371709651
146.1681204511362,0.8709053521713422
146.18812156230902,0.8706667300978744
146.20812267348185,0.8704281710668758
146.2281237846547,0.8701896751946296
146.24812489582754,0.8699512425973894
146.2681260070004,0.8697128733913767
146.28812711817324,0.8694745676927833
146.30812822934607,0.869236325617769
146.32812934051893,0.8689981472824628
146.34813045169176,0.8687600328029633
146.36813156286462,0.8685219822953371
146.38813267403745,0.8682839958756203
146.40813378521028,0.8680460736598176
146.42813489638314,0.8678082157639013
146.44813600755597,0.8675704223038148
146.46813711872883,0.8673326933954676
146.48813822990166,0.8670950291547393
146.5081393410745,0.8668574296974773
146.52814045224736,0.866619895139497
146.5481415634202,0.8663824255965836
146.56814267459305,0.866145021184489
146.58814378576588,0.8659076820189348
146.6081448969387,0.8656704082156095
146.62814600811157,0.8654331998901703
146.6481471192844,0.865196057158243
146.66814823045726,0.8649589801354203
146.6881493416301,0.8647219689372642
146.70815045280293,0.8644850236793035
146.72815156397579,0.864248144477035
146.74815267514862,0.8640113314459242
146.76815378632148,0.8637745847014029
146.7881548974943,0.8635379043588723
146.80815600866714,0.8633012905337002
146.82815711984,0.8630647433412215
146.84815823101283,0.86282826289674
146.8681593421857,0.8625918493155255
146.88816045335852,0.8623555027128165
146.90816156453135,0.862119223203818
146.92816267570421,0.8618830109037022
146.94816378687705,0.8616468659276096
146.9681648980499,0.8614107883906466
146.98816600922274,0.8611747784078878
147.00816712039557,0.8609388360943742
147.02816823156843,0.8607029615651136
147.04816934274126,0.8604671549350817
147.06817045391412,0.8602314163192198
147.08817156508695,0.859995745832438
147.10817267625978,0.8597601435896113
147.12817378743264,0.8595246097055819
147.14817489860548,0.8592891442951593
147.16817600977834,0.859053747473119
147.18817712095117,0.8588184193542037
147.208178232124,0.858583160053122
147.22817934329686,0.8583479696845486
147.2481804544697,0.8581128483631261
147.26818156564255,0.8578777962034617
147.28818267681538,0.8576428133201304
147.3081837879882,0.8574078998276724
147.32818489916107,0.8571730558405941
147.3481860103339,0.8569382814733689
147.36818712150676,0.8567035768404352
147.3881882326796,0.8564689420561983
147.40818934385243,0.8562343772350289
147.4281904550253,0.8559998824912631
147.44819156619812,0.8557654579392048
147.46819267737098,0.8555311036931212
147.4881937885438,0.8552968198672473
147.50819489971664,0.8550626065757825
147.5281960108895,0.8548284639328918
147.54819712206233,0.8545943920527068
147.5681982332352,0.8543603910493234
147.58819934440803,0.8541264610368041
147.60820045558086,0.853892602129176
147.62820156675372,0.8536588144404312
147.64820267792655,0.8534250980845286
147.6682037890994,0.8531914531753906
147.68820490027224,0.852957879826906
147.70820601144507,0.8527243781529281
147.72820712261793,0.8524909482672749
147.74820823379076,0.852257590283731
147.76820934496362,0.8520243043160441
147.78821045613645,0.8517910904779282
147.80821156730929,0.851557948883061
147.82821267848215,0.8513248796450854
147.84821378965498,0.8510918828776097
147.86821490082784,0.8508589586942057
147.88821601200067,0.850626107208411
147.9082171231735,0.850393328533727
147.92821823434636,0.8501606227836194
147.9482193455192,0.8499279900715193
147.96822045669205,0.8496954305108213
147.98822156786488,0.849462944214885
148.00822267903774,0.8492305312970336
148.02822379021057,0.8489981918705555
148.0482249013834,0.8487659260487024
148.06822601255627,0.8485337339446897
148.0882271237291,0.8483016156716988
148.10822823490196,0.8480695713428732
148.1282293460748,0.8478376010713214
148.14823045724762,0.8476057049701153
148.16823156842048,0.8473738831522906
148.1882326795933,0.8471421357308473
148.20823379076617,0.8469104628187484
148.228234901939,0.8466788645289216
148.24823601311184,0.8464473409742574
148.2682371242847,0.8462158922676097
148.28823823545753,0.845984518521797
148.3082393466304,0.8457532198496
148.32824045780322,0.8455219963637639
148.34824156897605,0.8452908481769964
148.3682426801489,0.8450597754019684
148.38824379132174,0.8448287781513156
148.4082449024946,0.8445978565376349
148.42824601366743,0.8443670106734876
148.44824712484026,0.8441362406713977
148.46824823601312,0.8439055466438516
148.48824934718596,0.8436749287033001
148.50825045835882,0.8434443869621553
148.52825156953165,0.8432139215327936
148.54825268070448,0.8429835325275532
148.56825379187734,0.8427532200587351
148.58825490305017,0.8425229842386038
148.60825601422303,0.8422928251793855
148.62825712539586,0.8420627429932699
148.6482582365687,0.8418327377924083
148.66825934774155,0.8416028096889148
148.68826045891439,0.8413729587948664
148.70826157008725,0.8411431852223014
148.72826268126008,0.840913489083222
148.7482637924329,0.8406838704895916
148.76826490360577,0.8404543295533352
148.7882660147786,0.8402248663863415
148.80826712595146,0.83999548110046
148.8282682371243,0.8397661738075031
148.84826934829712,0.8395369446192446
148.86827045946998,0.8393077936474201
148.88827157064281,0.839078721003728
148.90827268181567,0.8388497267998276
148.9282737929885,0.8386208111473406
148.94827490416134,0.8383919741578498
148.9682760153342,0.8381632159428998
148.98827712650703,0.8379345366139974
149.0082782376799,0.8377059362826098
149.02827934885272,0.8374774150601676
149.04828046002555,0.8372489730580608
149.0682815711984,0.8370206103876416
149.08828268237124,0.836792327160224
149.1082837935441,0.8365641234870824
149.12828490471693,0.8363359994794533
149.14828601588977,0.8361079552485337
149.16828712706263,0.8358799909054815
149.18828823823546,0.8356521065614169
149.20828934940832,0.8354243023274196
149.22829046058115,0.8351965783145315
149.24829157175398,0.8349689346337547
149.26829268292684,0.8347413713960519
149.28829379409967,0.8345138887123476
149.30829490527253,0.8342864866935258
149.32829601644536,0.8340591654504323
149.3482971276182,0.8338319250938726
149.36829823879106,0.8336047657346135
149.3882993499639,0.8333776874833821
149.40830046113675,0.8331506904508655
149.42830157230958,0.8329237747477122
149.4483026834824,0.8326969404845299
149.46830379465527,0.8324701877718872
149.4883049058281,0.8322435167203132
149.50830601700096,0.8320169274402963
149.5283071281738,0.8317904200422864
149.54830823934662,0.8315639946366924
149.56830935051948,0.8313376513338832
149.58831046169232,0.8311113902441886
149.60831157286518,0.8308852114778972
149.628312684038,0.8306591151452587
149.64831379521084,0.8304331013564815
149.6683149063837,0.8302071702217337
149.68831601755653,0.8299813218511449
149.7083171287294,0.8297555563548021
149.72831823990222,0.8295298738427535
149.74831935107505,0.829304274425006
149.7683204622479,0.8290787582115258
149.78832157342075,0.8288533253122397
149.8083226845936,0.8286279758370324
149.82832379576644,0.8284027098957494
149.84832490693927,0.8281775275981946
149.86832601811213,0.8279524290541309
149.88832712928496,0.8277274143732813
149.90832824045782,0.8275024836653271
149.92832935163065,0.8272776370399093
149.94833046280348,0.8270528746066272
149.96833157397634,0.8268281964750396
149.98833268514917,0.8266036027546639
150.00833379632203,0.8263790935549769
150.02833490749487,0.8261546689854137
150.0483360186677,0.8259303291553681
150.06833712984056,0.8257060741741928
150.0883382410134,0.8254819041511994
150.10833935218625,0.8252578191956571
150.12834046335908,0.8250338194167951
150.1483415745319,0.8248099049237999
150.16834268570477,0.8245860758258166
150.1883437968776,0.8243623322319495
150.20834490805046,0.8241386742512601
150.2283460192233,0.8239151019927691
150.24834713039613,0.8236916155654548
150.268348241569,0.8234682150782536
150.28834935274182,0.823244900640061
150.30835046391468,0.8230216723597287
150.3283515750875,0.8227985303460688
150.34835268626034,0.8225754747078496
150.3683537974332,0.8223525055537975
150.38835490860603,0.8221296229925975
150.4083560197789,0.8219068271328914
150.42835713095172,0.8216841180832799
150.44835824212456,0.8214614959523203
150.46835935329742,0.8212389608485279
150.48836046447025,0.821016512880376
150.5083615756431,0.8207941521562947
150.52836268681594,0.8205718787846725
150.54836379798877,0.8203496928738544
150.56836490916163,0.8201275945321429
150.58836602033446,0.8199055838677988
150.60836713150732,0.8196836609890383
150.62836824268015,0.8194618260040372
150.64836935385298,0.8192400790209267
150.66837046502584,0.8190184201477951
150.68837157619868,0.818796849492689
150.70837268737154,0.8185753671636107
150.72837379854437,0.8183539732685204
150.7483749097172,0.8181326679153347
150.76837602089006,0.8179114512119265
150.7883771320629,0.8176903232661271
150.80837824323575,0.8174692841857227
150.82837935440858,0.8172483340784578
150.8483804655814,0.8170274730520323
150.86838157675427,0.8168067012141029
150.8883826879271,0.8165860186722838
150.90838379909997,0.8163654255341442
150.9283849102728,0.8161449219072109
150.94838602144563,0.8159245078989666
150.9683871326185,0.8157041836168498
150.98838824379132,0.8154839491682568
151.00838935496418,0.8152638046605383
151.028390466137,0.8150437502010026
151.04839157730984,0.8148237858969132
151.0683926884827,0.8146039118554895
151.08839379965553,0.8143841281839082
151.1083949108284,0.8141644349893002
151.12839602200123,0.813944832378754
151.14839713317406,0.8137253204593128
151.16839824434692,0.8135058993379757
151.18839935551975,0.8132865691216982
151.2084004666926,0.8130673299173905
151.22840157786544,0.8128481818319198
151.24840268903827,0.8126291249721075
151.26840380021113,0.8124101594447307
151.28840491138396,0.8121912853565235
151.30840602255682,0.8119725028141735
151.32840713372966,0.811753811924325
151.3484082449025,0.8115352127935771
151.36840935607535,0.8113167055284836
151.38841046724818,0.8110982902355548
151.40841157842104,0.8108799670212549
151.42841268959387,0.8106617359920043
151.4484138007667,0.8104435972541779
151.46841491193956,0.8102255509141054
151.4884160231124,0.810007597078072
151.50841713428525,0.8097897358523174
151.52841824545808,0.8095719673430365
151.54841935663092,0.8093542916563787
151.56842046780378,0.8091367088984481
151.5884215789766,0.8089192191753042
151.60842269014947,0.8087018225929595
151.6284238013223,0.8084845192573838
151.64842491249513,0.808267309274499
151.668426023668,0.8080501927501822
151.68842713484082,0.8078331697902656
151.70842824601368,0.8076162405005349
151.7284293571865,0.8073994049867309
151.74843046835935,0.8071826633545482
151.7684315795322,0.8069660157096356
151.78843269070504,0.8067494621575966
151.8084338018779,0.806533002803988
151.82843491305073,0.8063166377543218
151.84843602422356,0.8061003671140631
151.86843713539642,0.805884190988631
151.88843824656925,0.8056681094833995
151.9084393577421,0.8054521227036948
151.92844046891494,0.8052362307547991
151.94844158008777,0.8050204337419468
151.96844269126063,0.8048047317703259
151.98844380243347,0.8045891249450793
152.00844491360633,0.8043736133713022
152.02844602477916,0.8041581971540447
152.048447135952,0.8039428763983092
152.06844824712485,0.8037276512090521
152.08844935829768,0.8035125216911835
152.10845046947054,0.8032974879495661
152.12845158064337,0.803082550089017
152.1484526918162,0.8028677082143055
152.16845380298906,0.8026529624301545
152.1884549141619,0.8024383128412405
152.20845602533475,0.8022237595521922
152.2284571365076,0.8020093026675925
152.24845824768042,0.8017949422919763
152.26845935885328,0.8015806785298315
152.2884604700261,0.8013665114856002
152.30846158119897,0.8011524412636757
152.3284626923718,0.8009384679684052
152.34846380354463,0.8007245917040882
152.3684649147175,0.8005108125749765
152.38846602589032,0.8002971306852757
152.40846713706318,0.8000835461391429
152.42846824823602,0.7998700590406884
152.44846935940885,0.7996566694939748
152.4684704705817,0.7994433776030168
152.48847158175454,0.7992301834717822
152.5084726929274,0.7990170872041904
152.52847380410023,0.798804088904114
152.5484749152731,0.7985911886753765
152.56847602644592,0.7983783866217555
152.58847713761875,0.7981656828469791
152.6084782487916,0.7979530774547277
152.62847935996444,0.7977405705486348
152.6484804711373,0.7975281622322845
152.66848158231014,0.7973158526092143
152.68848269348297,0.7971036417829124
152.70848380465583,0.7968915298568189
152.72848491582866,0.7966795169343268
152.74848602700152,0.7964676031187794
152.76848713817435,0.7962557885134731
152.78848824934718,0.7960440732216549
152.80848936052004,0.7958324573465234
152.82849047169287,0.7956209409912297
152.84849158286573,0.7954095242588752
152.86849269403857,0.7951982072525138
152.8884938052114,0.79498699007515
152.90849491638426,0.7947758728297394
152.9284960275571,0.7945648556191905
152.94849713872995,0.7943539385463612
152.96849824990278,0.7941431217140618
152.9884993610756,0.793932405225053
153.00850047224847,0.7937217891820467
153.0285015834213,0.7935112736877065
153.04850269459416,0.793300858844646
153.068503805767,0.7930905447554306
153.08850491693983,0.7928803315225761
153.10850602811269,0.792670219248549
153.12850713928552,0.7924602080357672
153.14850825045838,0.7922502979865989
153.1685093616312,0.792040489203363
153.18851047280404,0.7918307817883294
153.2085115839769,0.7916211758437174
153.22851269514973,0.791411671471699
153.2485138063226,0.7912022687743946
153.26851491749542,0.7909929678538763
153.28851602866825,0.790783768812166
153.30851713984111,0.7905746717512359
153.32851825101395,0.790365676773009
153.3485193621868,0.790156783979358
153.36852047335964,0.7899479934721062
153.38852158453247,0.7897393053530268
153.40852269570533,0.789530719723843
153.42852380687816,0.7893222366862286
153.44852491805102,0.7891138563418064
153.46852602922385,0.7889055787921504
153.48852714039668,0.7886974041387834
153.50852825156954,0.7884893324831783
153.52852936274238,0.7882813639267583
153.54853047391524,0.788073498570896
153.56853158508807,0.7878657365169138
153.5885326962609,0.7876580778660836
153.60853380743376,0.7874505227196266
153.6285349186066,0.7872430711787143
153.64853602977945,0.7870357233444669
153.66853714095228,0.7868284793179551
153.6885382521251,0.7866213392001978
153.70853936329797,0.7864143030921638
153.7285404744708,0.7862073710947715
153.74854158564366,0.7860005433088878
153.7685426968165,0.7857938198353298
153.78854380798933,0.785587200774863
153.8085449191622,0.7853806862282018
153.82854603033502,0.7851742762960108
153.84854714150788,0.7849679710789019
153.8685482526807,0.784761770677438
153.88854936385354,0.7845556751921294
153.9085504750264,0.7843496847234354
153.92855158619923,0.7841437993717648
153.9485526973721,0.7839380192374745
153.96855380854493,0.7837323444208708
153.98855491971776,0.7835267750222079
154.00855603089062,0.7833213111416888
154.02855714206345,0.7831159528794657
154.0485582532363,0.7829107003356383
154.06855936440914,0.7827055536102558
154.08856047558197,0.7825005128033151
154.10856158675483,0.7822955780147617
154.12856269792766,0.7820907493444895
154.14856380910052,0.7818860268923404
154.16856492027335,0.7816814107581049
154.1885660314462,0.7814769010415218
154.20856714261905,0.7812724978422771
154.22856825379188,0.7810682012600061
154.24856936496474,0.780864011394291
154.26857047613757,0.7806599283446629
154.2885715873104,0.7804559522106005
154.30857269848326,0.7802520830915298
154.3285738096561,0.7800483210868259
154.34857492082895,0.7798446662958103
154.36857603200178,0.7796411188177534
154.38857714317462,0.7794376787518726
154.40857825434747,0.779234346197333
154.4285793655203,0.7790311212532477
154.44858047669317,0.7788280040186767
154.468581587866,0.7786249945926283
154.48858269903883,0.7784220930740577
154.5085838102117,0.7782192995618671
154.52858492138452,0.7780166141549074
154.54858603255738,0.7778140369519755
154.5685871437302,0.7776115680518162
154.58858825490304,0.7774092075531215
154.6085893660759,0.7772069555545298
154.62859047724874,0.777004812154628
154.6485915884216,0.7768027774519486
154.66859269959443,0.7766008515449724
154.68859381076726,0.7763990345321263
154.70859492194012,0.7761973265117841
154.72859603311295,0.7759957275822672
154.7485971442858,0.7757942378418431
154.76859825545864,0.7755928573887267
154.78859936663147,0.7753915863210791
154.80860047780433,0.7751904247370077
154.82860158897716,0.7749893727345682
154.84860270015002,0.774788430411761
154.86860381132286,0.7745875978665344
154.8886049224957,0.7743868751967822
154.90860603366855,0.774186262500345
154.92860714484138,0.7739857598750103
154.94860825601424,0.7737853674185109
154.96860936718707,0.7735850852285271
154.9886104783599,0.7733849134026844
155.00861158953276,0.7731848520385551
155.0286127007056,0.7729849012336578
155.04861381187845,0.7727850610854564
155.06861492305129,0.7725853316913619
155.08861603422412,0.7723857131487306
155.10861714539698,0.7721862055548646
155.1286182565698,0.7719868090070129
155.14861936774267,0.7717875236023689
155.1686204789155,0.7715883494380738
155.18862159008833,0.7713892866112129
155.2086227012612,0.7711903352188174
155.22862381243402,0.7709914953578654
155.24862492360688,0.7707927671252789
155.26862603477971,0.7705941506179271
155.28862714595255,0.7703956459326239
155.3086282571254,0.7701972531661283
155.32862936829824,0.7699989724151459
155.3486304794711,0.7698008037763266
155.36863159064393,0.7696027473462667
155.38863270181676,0.7694048032215067
155.40863381298962,0.7692069714985329
155.42863492416245,0.7690092522737771
155.4486360353353,0.7688116456436155
155.46863714650814,0.7686141517043705
155.48863825768098,0.7684167705523086
155.50863936885384,0.7682195022836414
155.52864048002667,0.7680223469945264
155.54864159119953,0.7678253047810647
155.56864270237236,0.7676283757393034
155.5886438135452,0.7674315599652339
155.60864492471805,0.7672348575547923
155.62864603589088,0.7670382686038598
155.64864714706374,0.7668417932082618
155.66864825823657,0.7666454314637692
155.6886493694094,0.7664491834660967
155.70865048058226,0.7662530493109034
155.7286515917551,0.7660570290937941
155.74865270292796,0.7658611229103166
155.7686538141008,0.7656653308559643
155.78865492527362,0.7654696530261743
155.80865603644648,0.7652740895163277
155.8286571476193,0.7650786404217513
155.84865825879217,0.7648833058377146
155.868659369965,0.7646880858594322
155.88866048113783,0.7644929805820624
155.9086615923107,0.7642979901007072
155.92866270348352,0.764103114510414
155.94866381465638,0.7639083539061727
155.96866492582922,0.7637137083829184
155.98866603700205,0.763519178035529
156.0086671481749,0.7633247629588268
156.02866825934774,0.7631304632475782
156.0486693705206,0.7629362789964925
156.06867048169343,0.7627422103002239
156.08867159286626,0.7625482572533694
156.10867270403912,0.7623544199504693
156.12867381521195,0.762160698486009
156.1486749263848,0.7619670929544158
156.16867603755765,0.7617736034500615
156.18867714873048,0.7615802300672612
156.20867825990334,0.7613869729002724
156.22867937107617,0.7611938320432976
156.24868048224903,0.7610008075904813
156.26868159342186,0.760807899635912
156.2886827045947,0.760615108273621
156.30868381576755,0.7604224335975828
156.32868492694038,0.7602298757017154
156.34868603811324,0.7600374346798793
156.36868714928607,0.7598451106258788
156.3886882604589,0.7596529036334603
156.40868937163177,0.7594608137963135
156.4286904828046,0.7592688412080715
156.44869159397746,0.759076985962309
156.4686927051503,0.7588852481525453
156.48869381632312,0.7586936278722411
156.50869492749598,0.7585021252147999
156.5286960386688,0.7583107402735686
156.54869714984167,0.7581194731418357
156.5686982610145,0.7579283239128334
156.58869937218734,0.7577372926797354
156.6087004833602,0.7575463795356585
156.62870159453303,0.7573555845736621
156.6487027057059,0.7571649078867471
156.66870381687872,0.7569743495678579
156.68870492805155,0.7567839097098803
156.7087060392244,0.7565935884056426
156.72870715039724,0.7564033857479158
156.7487082615701,0.7562133018294119
156.76870937274293,0.7560233367427868
156.78871048391576,0.755833490580637
156.80871159508862,0.7556437634355011
156.82871270626146,0.7554541553998608
156.84871381743432,0.7552646665661384
156.86871492860715,0.7550752970266993
156.88871603977998,0.7548860468738499
156.90871715095284,0.7546969161998383
156.92871826212567,0.7545079050968553
156.94871937329853,0.7543190136570324
156.96872048447136,0.7541302419724436
156.9887215956442,0.7539415901351041
157.00872270681705,0.7537530582369703
157.02872381798988,0.7535646463699412
157.04872492916274,0.7533763546258561
157.06872604033558,0.7531881830964968
157.08872715150844,0.7530001318735853
157.10872826268127,0.7528122010487865
157.1287293738541,0.7526243907137056
157.14873048502696,0.7524367009598887
157.1687315961998,0.7522491318788243
157.18873270737265,0.7520616835619409
157.20873381854548,0.7518743561006093
157.2287349297183,0.7516871495861404
157.24873604089117,0.7515000641097862
157.268737152064,0.7513130997627407
157.28873826323687,0.7511262566361376
157.3087393744097,0.7509395348210527
157.32874048558253,0.7507529344085015
157.3487415967554,0.7505664554894411
157.36874270792822,0.7503800981547692
157.38874381910108,0.7501938624953237
157.4087449302739,0.7500077486018846
157.42874604144674,0.7498217565651711
157.4487471526196,0.7496358864758434
157.46874826379243,0.7494501384245029
157.4887493749653,0.7492645125016903
157.50875048613813,0.7490790087978881
157.52875159731096,0.7488936274035184
157.54875270848382,0.7487083684089436
157.56875381965665,0.7485232319044672
157.5887549308295,0.748338217980332
157.60875604200234,0.748153326726722
157.62875715317517,0.7479685582337607
157.64875826434803,0.747783912591512
157.66875937552086,0.7475993898899802
157.68876048669372,0.7474149902191092
157.70876159786656,0.747230713668783
157.7287627090394,0.7470465603288263
157.74876382021225,0.7468625302890026
157.76876493138508,0.7466786236390162
157.78876604255794,0.7464948404685107
157.80876715373077,0.7463111808670699
157.8287682649036,0.7461276449242173
157.84876937607646,0.7459442327294158
157.8687704872493,0.7457609443720683
157.88877159842215,0.7455777799415171
157.90877270959498,0.7453947395270446
157.92877382076782,0.7452118232178723
157.94877493194068,0.7450290311031608
157.9687760431135,0.7448463632720113
157.98877715428637,0.7446638198134632
158.0087782654592,0.7444814008164964
158.02877937663203,0.7442991063700293
158.0487804878049,0.7441169365629194
158.06878159897772,0.743934891483965
158.08878271015058,0.7437529712219015
158.1087838213234,0.7435711758654053
158.12878493249625,0.7433895055030908
158.1487860436691,0.7432079602235113
158.16878715484194,0.7430265401151602
158.1887882660148,0.7428452452664689
158.20878937718763,0.7426640757658085
158.22879048836046,0.7424830317014883
158.24879159953332,0.7423021131617568
158.26879271070615,0.7421213202348015
158.288793821879,0.7419406530087482
158.30879493305184,0.741760111571662
158.32879604422467,0.7415796960115463
158.34879715539753,0.7413994064163426
158.36879826657037,0.7412192428739327
158.38879937774323,0.7410392054721351
158.40880048891606,0.740859294298708
158.4288016000889,0.7406795094413476
158.44880271126175,0.7404998509876883
158.46880382243458,0.7403203190253036
158.48880493360744,0.7401409136417045
158.50880604478027,0.7399616349243411
158.5288071559531,0.7397824829606012
158.54880826712596,0.7396034578378108
158.5688093782988,0.7394245596432345
158.58881048947165,0.7392457884640747
158.6088116006445,0.7390671443874723
158.62881271181732,0.7388886275005057
158.64881382299018,0.7387102378901911
158.668814934163,0.7385319756434838
158.68881604533587,0.7383538408472755
158.7088171565087,0.7381758335883977
158.72881826768153,0.7379979539536178
158.7488193788544,0.7378202020296418
158.76882049002722,0.7376425779031139
158.78882160120008,0.7374650816606151
158.80882271237292,0.7372877133886651
158.82882382354575,0.7371104731737201
158.8488249347186,0.7369333611021744
158.86882604589144,0.7367563772603605
158.8888271570643,0.7365795217345469
158.90882826823713,0.7364027946109412
158.92882937940996,0.7362261959756872
158.94883049058282,0.7360497259148664
158.96883160175565,0.735873384514498
158.9888327129285,0.7356971718605378
159.00883382410134,0.7355210880388799
159.02883493527418,0.7353451331353547
159.04883604644704,0.7351693072357297
159.06883715761987,0.7349936104257102
159.08883826879273,0.7348180427909379
159.10883937996556,0.734642604416992
159.1288404911384,0.7344672953893887
159.14884160231125,0.7342921157935807
159.16884271348408,0.734117065714958
159.18884382465694,0.7339421452388473
159.20884493582977,0.7337673544505123
159.2288460470026,0.7335926934351535
159.24884715817547,0.7334181622779076
159.2688482693483,0.7332437610638489
159.28884938052116,0.7330694898779873
159.308850491694,0.7328953488052705
159.32885160286682,0.732721337930582
159.34885271403968,0.7325474573387414
159.3688538252125,0.7323737071145064
159.38885493638537,0.7322000873425695
159.4088560475582,0.7320265981075607
159.42885715873103,0.7318532394940456
159.4488582699039,0.7316800115865264
159.46885938107673,0.731506914469442
159.4888604922496,0.7313339482271669
159.50886160342242,0.7311611129440124
159.52886271459525,0.7309884087042255
159.5488638257681,0.7308158355919895
159.56886493694094,0.7306433936914238
159.5888660481138,0.7304710830865838
159.60886715928663,0.7302989038614611
159.62886827045946,0.730126856099983
159.64886938163232,0.7299549398860123
159.66887049280515,0.7297831553033491
159.68887160397801,0.7296115024357277
159.70887271515085,0.7294399813668195
159.72887382632368,0.7292685921802308
159.74887493749654,0.7290973349595036
159.76887604866937,0.7289262097881162
159.78887715984223,0.728755216749482
159.80887827101506,0.7285843559269505
159.8288793821879,0.7284136274038062
159.84888049336075,0.7282430312632693
159.86888160453358,0.7280725675884958
159.88888271570644,0.7279022364625765
159.90888382687928,0.7277320379685384
159.9288849380521,0.7275619721893429
159.94888604922497,0.7273920392078874
159.9688871603978,0.7272222391070047
159.98888827157066,0.7270525719694616
160.0088893827435,0.726883037877962
160.02889049391632,0.7267136369151438
160.04889160508918,0.7265443691635796
160.068892716262,0.7263752347057779
160.08889382743487,0.7262062336241819
160.1088949386077,0.7260373660011701
160.12889604978054,0.7258686319190553
160.1488971609534,0.7257000314600855
160.16889827212623,0.7255315647064442
160.1888993832991,0.7253632317402486
160.20890049447192,0.7251950326435518
160.22890160564475,0.7250269674983406
160.2489027168176,0.7248590363865371
160.26890382799044,0.7246912393899985
160.2889049391633,0.7245235765905149
160.30890605033613,0.7243560480698137
160.32890716150897,0.7241886539095546
160.34890827268183,0.7240213941913323
160.36890938385466,0.7238542689966767
160.38891049502752,0.7236872784070513
160.40891160620035,0.7235204225038545
160.42891271737318,0.723353701368419
160.44891382854604,0.7231871150820113
160.46891493971887,0.723020663725833
160.48891605089173,0.722854347381019
160.50891716206456,0.7226881661286393
160.5289182732374,0.7225221200496976
160.54891938441025,0.7223562092251312
160.5689204955831,0.7221904337358127
160.58892160675595,0.7220247936625477
160.60892271792878,0.7218592890860762
160.6289238291016,0.7216939200870718
160.64892494027447,0.7215286867461426
160.6689260514473,0.7213635891438305
160.68892716262016,0.7211986273606104
160.708928273793,0.7210338014768922
160.72892938496582,0.7208691115730187
160.74893049613868,0.7207045577292664
160.76893160731152,0.7205401400258463
160.78893271848438,0.7203758585429021
160.8089338296572,0.7202117133605117
160.82893494083004,0.7200477045586863
160.8489360520029,0.7198838322173704
160.86893716317573,0.7197200964164429
160.8889382743486,0.7195564972357147
160.90893938552142,0.7193930347549317
160.92894049669425,0.719229709053772
160.9489416078671,0.7190665202118469
160.96894271903994,0.7189034683087026
160.9889438302128,0.7187405534238166
161.00894494138564,0.718577775636601
161.02894605255847,0.7184151350264001
161.04894716373133,0.7182526316724919
161.06894827490416,0.7180902656540875
161.08894938607702,0.7179280370503307
161.10895049724985,0.7177659459402987
161.12895160842268,0.7176039924030015
161.14895271959554,0.717442176517382
161.16895383076837,0.7172804983623161
161.18895494194123,0.7171189580166124
161.20895605311406,0.7169575555590126
161.2289571642869,0.7167962910681912
161.24895827545976,0.7166351646227549
161.2689593866326,0.7164741763012434
161.28896049780545,0.7163133261821297
161.30896160897828,0.7161526143438188
161.3289627201511,0.7159920408646483
161.34896383132397,0.7158316058228882
161.3689649424968,0.7156713092967417
161.38896605366966,0.7155111513643437
161.4089671648425,0.7153511321037622
161.42896827601533,0.7151912515929972
161.44896938718819,0.7150315099099809
161.46897049836102,0.7148719071325786
161.48897160953388,0.714712443338587
161.5089727207067,0.7145531186057359
161.52897383187954,0.7143939330116864
161.5489749430524,0.7142348866340322
161.56897605422523,0.7140759795502998
161.5889771653981,0.7139172118379463
161.60897827657092,0.7137585835743627
161.62897938774378,0.7136000948368704
161.64898049891661,0.7134417457027238
161.66898161008945,0.713283536249109
161.6889827212623,0.7131254665531435
161.70898383243514,0.7129675366918775
161.728984943608,0.7128097467422924
161.74898605478083,0.7126520967813019
161.76898716595366,0.7124945868857511
161.78898827712652,0.7123372171324167
161.80898938829935,0.7121799875980078
161.8289904994722,0.7120228983591642
161.84899161064504,0.7118659494924582
161.86899272181788,0.7117091410743932
161.88899383299074,0.7115524731814036
161.90899494416357,0.7113959458898569
161.92899605533643,0.7112395592760503
161.94899716650926,0.7110833134162138
161.9689982776821,0.7109272083865079
161.98899938885495,0.7107712442630245
162.00900050002778,0.7106154211217874
162.02900161120064,0.7104597390387513
162.04900272237347,0.7103041980898022
162.0690038335463,0.7101487983507573
162.08900494471916,0.7099935398973646
162.109006055892,0.7098384228053041
162.12900716706486,0.709683447150186
162.1490082782377,0.7095286130075524
162.16900938941052,0.7093739204528757
162.18901050058338,0.7092193695615593
162.2090116117562,0.7090649604089383
162.22901272292907,0.7089106930702774
162.2490138341019,0.708756567620774
162.26901494527473,0.7086025841355549
162.2890160564476,0.7084487426896777
162.30901716762042,0.708295043358132
162.32901827879328,0.7081414862158365
162.34901938996612,0.7079880713376421
162.36902050113895,0.7078347987983291
162.3890216123118,0.7076816686726091
162.40902272348464,0.7075286810351245
162.4290238346575,0.7073758359604474
162.44902494583033,0.7072231335230814
162.46902605700316,0.7070705737974599
162.48902716817602,0.7069181568579466
162.50902827934885,0.7067658827788363
162.5290293905217,0.7066137516343534
162.54903050169455,0.7064617634986536
162.56903161286738,0.706309918445822
162.58903272404024,0.7061582165498741
162.60903383521307,0.706006657884756
162.62903494638593,0.7058552425243436
162.64903605755876,0.7057039705424433
162.6690371687316,0.7055528420127913
162.68903827990445,0.7054018570090539
162.70903939107728,0.7052510156048277
162.72904050225014,0.705100317873639
162.74904161342297,0.7049497638889444
162.7690427245958,0.7047993537241302
162.78904383576867,0.7046490874525122
162.8090449469415,0.7044989651473371
162.82904605811436,0.7043489868817804
162.8490471692872,0.7041991527289482
162.86904828046002,0.7040494627618756
162.88904939163288,0.7038999170535275
162.9090505028057,0.7037505156767997
162.92905161397857,0.7036012587045158
162.9490527251514,0.7034521462094306
162.96905383632424,0.7033031782642275
162.9890549474971,0.7031543549415196
163.00905605866993,0.7030056763138497
163.0290571698428,0.70285714245369
163.04905828101562,0.7027087534334424
163.06905939218845,0.7025605093254379
163.0890605033613,0.7024124102019365
163.10906161453414,0.7022644561351283
163.129062725707,0.7021166471971321
163.14906383687983,0.7019689834599965
163.16906494805266,0.7018214649956986
163.18906605922552,0.7016740918761453
163.20906717039836,0.7015268641731726
163.22906828157122,0.7013797819585452
163.24906939274405,0.7012328453039575
163.26907050391688,0.7010860542810322
163.28907161508974,0.7009394089613217
163.30907272626257,0.700792909416307
163.32907383743543,0.700646555717398
163.34907494860826,0.7005003479359339
163.3690760597811,0.7003542861431823
163.38907717095395,0.7002083704103398
163.40907828212679,0.7000626008085322
163.42907939329965,0.6999169774088132
163.44908050447248,0.6997715002821665
163.4690816156453,0.6996261694995032
163.48908272681817,0.6994809851316635
163.509083837991,0.6993359472494168
163.52908494916386,0.6991910559234602
163.5490860603367,0.6990463112244205
163.56908717150952,0.6989017132228519
163.58908828268238,0.6987572619892375
163.60908939385521,0.698612957593989
163.62909050502807,0.6984688001074464
163.6490916162009,0.6983247895998782
163.66909272737374,0.6981809261414811
163.6890938385466,0.6980372098023799
163.70909494971943,0.6978936406526287
163.7290960608923,0.6977502187622084
163.74909717206512,0.6976069442010294
163.76909828323795,0.6974638170389295
163.7890993944108,0.6973208373456747
163.80910050558364,0.6971780051909596
163.8291016167565,0.6970353206444062
163.84910272792933,0.6968927837755656
163.86910383910217,0.696750394653916
163.88910495027503,0.6966081533488635
163.90910606144786,0.6964660599297428
163.92910717262072,0.6963241144658161
163.94910828379355,0.6961823170262736
163.96910939496638,0.6960406676802335
163.98911050613924,0.6958991664967412
164.00911161731207,0.6957578135447708
164.02911272848493,0.6956166088932234
164.04911383965776,0.6954755526109282
164.0691149508306,0.695334644766642
164.08911606200346,0.6951938854290488
164.1091171731763,0.6950532746667613
164.12911828434915,0.6949128125483184
164.14911939552198,0.6947724991421876
164.1691205066948,0.6946323345167638
164.18912161786767,0.6944923187403682
164.2091227290405,0.6943524518812516
164.22912384021336,0.69421273400759
164.2491249513862,0.6940731651874885
164.26912606255902,0.6939337454889782
164.28912717373188,0.6937944749800184
164.30912828490472,0.6936553537284955
164.32912939607758,0.6935163818022227
164.3491305072504,0.6933775592689413
164.36913161842324,0.6932388861963188
164.3891327295961,0.6931003626519501
164.40913384076893,0.692961988703358
164.4291349519418,0.6928237644179911
164.44913606311462,0.6926856898632263
164.46913717428745,0.6925477651063668
164.4891382854603,0.6924099902146426
164.50913939663315,0.6922723652552112
164.529140507806,0.692134890295157
164.54914161897884,0.6919975654014907
164.56914273015167,0.6918603906411506
164.58914384132453,0.6917233660810009
164.60914495249736,0.6915864917878338
164.62914606367022,0.691449767828367
164.64914717484305,0.6913131942692459
164.66914828601588,0.691176771177042
164.68914939718874,0.6910404986182535
164.70915050836157,0.6909043766593057
164.72915161953443,0.6907684053665498
164.74915273070727,0.6906325848062644
164.7691538418801,0.6904969150446538
164.78915495305296,0.6903613961478491
164.8091560642258,0.6902260281819079
164.82915717539865,0.6900908112128143
164.84915828657148,0.6899557453064792
164.8691593977443,0.6898208305287389
164.88916050891717,0.6896860669453564
164.90916162009,0.6895514546220214
164.92916273126286,0.6894169936243495
164.9491638424357,0.6892826840178827
164.96916495360853,0.6891485258680894
164.9891660647814,0.6890145192403633
165.00916717595422,0.6888806642000254
165.02916828712708,0.6887469608123218
165.0491693982999,0.6886134091424256
165.06917050947274,0.6884800092554355
165.0891716206456,0.6883467612163757
165.10917273181843,0.6882136650901974
165.1291738429913,0.6880807209417767
165.14917495416412,0.6879479288359169
165.16917606533696,0.6878152888373462
165.18917717650982,0.6876828010107185
165.20917828768265,0.6875504654206144
165.2291793988555,0.6874182821315394
165.24918051002834,0.6872862512079256
165.26918162120117,0.6871543727141304
165.28918273237403,0.6870226467144365
165.30918384354686,0.6868910732730531
165.32918495471972,0.6867596524541143
165.34918606589255,0.6866283843216805
165.36918717706538,0.6864972689397371
165.38918828823824,0.686366306372195
165.40918939941108,0.6862354966828914
165.42919051058394,0.6861048399355879
165.44919162175677,0.6859743361939724
165.4691927329296,0.6858439855216579
165.48919384410246,0.6857137879821826
165.5091949552753,0.6855837436390106
165.52919606644815,0.6854538525555307
165.54919717762098,0.6853241147950573
165.5691982887938,0.6851945304208302
165.58919939996667,0.6850650994960139
165.6092005111395,0.6849358220836989
165.62920162231237,0.6848066982469001
165.6492027334852,0.6846777280485581
165.66920384465803,0.6845489115515384
165.6892049558309,0.6844202488186313
165.70920606700372,0.6842917399125528
165.72920717817658,0.6841633848959431
165.7492082893494,0.6840351838313683
165.76920940052224,0.6839071367813188
165.7892105116951,0.6837792438082098
165.80921162286793,0.6836515049743821
165.8292127340408,0.6835239203421009
165.84921384521363,0.6833964899735563
165.86921495638646,0.6832692139308634
165.88921606755932,0.6831420922760613
165.90921717873215,0.683015125071115
165.929218289905,0.6828883123779134
165.94921940107784,0.6827616542582704
165.96922051225067,0.6826351507739246
165.98922162342353,0.6825088019865388
166.00922273459636,0.6823826079577011
166.02922384576922,0.6822565687489233
166.04922495694206,0.6821306844216428
166.0692260681149,0.6820049550372205
166.08922717928775,0.6818793806569419
166.10922829046058,0.6817539613420179
166.12922940163344,0.6816286971535828
166.14923051280627,0.6815035881526958
166.16923162397913,0.68137863440034
166.18923273515196,0.6812538359574234
166.2092338463248,0.6811291928847778
166.22923495749765,0.6810047052431595
166.24923606867048,0.6808803730932491
166.26923717984334,0.6807561964956511
166.28923829101618,0.6806321755108948
166.309239402189,0.6805083101994329
166.32924051336187,0.6803846006216425
166.3492416245347,0.6802610468378252
166.36924273570756,0.6801376489082058
166.3892438468804,0.6800144068929341
166.40924495805322,0.6798913208520834
166.42924606922608,0.6797683908456504
166.4492471803989,0.6796456169335573
166.46924829157177,0.6795229991756486
166.4892494027446,0.6794005376316936
166.50925051391744,0.6792782323613851
166.5292516250903,0.6791560834243398
166.54925273626313,0.6790340908800983
166.569253847436,0.6789122547881248
166.58925495860882,0.6787905752078076
166.60925606978165,0.6786690521984582
166.6292571809545,0.6785476858193118
166.64925829212734,0.678426476129528
166.6692594033002,0.6783054231881891
166.68926051447303,0.6781845270543015
166.70926162564587,0.6780637877867952
166.72926273681873,0.6779432054445231
166.74926384799156,0.6778227800862628
166.76926495916442,0.6777025117707143
166.78926607033725,0.6775824005565014
166.80926718151008,0.6774624465021715
166.82926829268294,0.6773426496661951
166.84926940385577,0.6772230101069663
166.86927051502863,0.6771035278828024
166.88927162620146,0.6769842030519441
166.9092727373743,0.6768650356725554
166.92927384854715,0.6767460258027231
166.94927495972,0.6766271735004583
166.96927607089285,0.6765084788236939
166.98927718206568,0.6763899418302872
167.0092782932385,0.6762715625780178
167.02927940441137,0.6761533411245888
167.0492805155842,0.6760352775276264
167.06928162675706,0.6759173718446794
167.0892827379299,0.6757996241332206
167.10928384910272,0.6756820344506448
167.12928496027558,0.6755646028542701
167.14928607144842,0.6754473294013378
167.16928718262128,0.6753302141490116
167.1892882937941,0.6752132571543787
167.20928940496694,0.6750964584744489
167.2292905161398,0.6749798181661544
167.24929162731263,0.674863336286351
167.2692927384855,0.6747470128918164
167.28929384965832,0.674630848039252
167.30929496083115,0.6745148417852813
167.329296072004,0.6743989941864502
167.34929718317684,0.6742833052992283
167.3692982943497,0.6741677751800066
167.38929940552254,0.6740524038851
167.40930051669537,0.673937191470745
167.42930162786823,0.6738221379931009
167.44930273904106,0.6737072435082496
167.46930385021392,0.6735925080721956
167.48930496138675,0.6734779317408659
167.50930607255958,0.6733635145701096
167.52930718373244,0.6732492566156982
167.54930829490527,0.6731351579333263
167.56930940607813,0.6730212185786102
167.58931051725096,0.6729074386070888
167.6093116284238,0.6727938180742232
167.62931273959666,0.6726803570353965
167.6493138507695,0.6725670555459151
167.66931496194235,0.6724539136610062
167.68931607311518,0.6723409314358202
167.709317184288,0.6722281089254294
167.72931829546087,0.672115446184828
167.7493194066337,0.6720029432689331
167.76932051780656,0.6718906002325826
167.7893216289794,0.671778417130538
167.80932274015223,0.6716663940174816
167.82932385132509,0.6715545309480181
167.84932496249792,0.6714428279766745
167.86932607367078,0.6713312851578993
167.8893271848436,0.6712199025460635
167.90932829601644,0.6711086801954593
167.9293294071893,0.6709976181603012
167.94933051836213,0.6708867164947258
167.969331629535,0.6707759752527909
167.98933274070782,0.6706653944884765
168.00933385188065,0.6705549742556844
168.02933496305351,0.670444714608238
168.04933607422635,0.6703346155998826
168.0693371853992,0.6702246772842848
168.08933829657204,0.6701148997150336
168.10933940774487,0.6700052829456389
168.12934051891773,0.6698958270295323
168.14934163009056,0.6697865320200678
168.16934274126342,0.6696773979705198
168.18934385243625,0.6695684249340853
168.20934496360908,0.669459612963882
168.22934607478194,0.6693509621129494
168.24934718595478,0.669242472434249
168.26934829712764,0.6691341439806624
168.28934940830047,0.6690259768049942
168.3093505194733,0.6689179709599693
168.32935163064616,0.6688101264982342
168.349352741819,0.668702443472357
168.36935385299185,0.6685949219348266
168.38935496416468,0.6684875619380539
168.4093560753375,0.6683803635343708
168.42935718651037,0.6682733267760297
168.4493582976832,0.6681664517152054
168.46935940885606,0.6680597384039928
168.4893605200289,0.6679531868944091
168.50936163120173,0.6678467972383914
168.5293627423746,0.6677405694877985
168.54936385354742,0.6676345036944106
168.56936496472028,0.6675285999099283
168.5893660758931,0.667422858185974
168.60936718706594,0.6673172785740903
168.6293682982388,0.667211861125741
168.64936940941163,0.6671066058923115
168.6693705205845,0.667001512925107
168.68937163175733,0.6668965822753548
168.70937274293016,0.6667918139942023
168.72937385410302,0.6666872081327178
168.74937496527585,0.6665827647418908
168.7693760764487,0.6664784838726312
168.78937718762154,0.6663743655757701
168.80937829879437,0.6662704099020591
168.82937940996723,0.6661666169021704
168.84938052114006,0.6660629866266972
168.86938163231292,0.665959519126153
168.88938274348575,0.6658562144509728
168.90938385465859,0.665753072651511
168.92938496583145,0.6656500937780434
168.94938607700428,0.6655472778807665
168.96938718817714,0.6654446250097967
168.98938829934997,0.6653421352151717
169.0093894105228,0.6652398085468493
169.02939052169566,0.6651376450547074
169.0493916328685,0.6650356447885453
169.06939274404135,0.6649338077980818
169.08939385521418,0.6648321341329568
169.10939496638701,0.6647306238427303
169.12939607755987,0.6646292769768825
169.1493971887327,0.6645280935848142
169.16939829990557,0.6644270737158464
169.1893994110784,0.6643262174192206
169.20940052225123,0.6642255247440984
169.2294016334241,0.6641249957395612
169.24940274459692,0.6640246304546117
169.26940385576978,0.6639244289381716
169.2894049669426,0.6638243912390837
169.30940607811544,0.6637245174061104
169.3294071892883,0.6636248074879343
169.34940830046114,0.6635252615331585
169.369409411634,0.6634258795903056
169.38941052280683,0.6633266617078188
169.40941163397966,0.6632276079340611
169.42941274515252,0.6631287183173149
169.44941385632535,0.6630299929057839
169.4694149674982,0.6629314317475904
169.48941607867104,0.6628330348907776
169.50941718984387,0.6627348023833083
169.52941830101673,0.6626367342730648
169.54941941218956,0.6625388306078501
169.56942052336242,0.662441091435386
169.58942163453526,0.6623435168033153
169.6094227457081,0.6622461067591995
169.62942385688095,0.6621488613505203
169.64942496805378,0.6620517806246797
169.66942607922664,0.6619548646289984
169.68942719039947,0.6618581134107178
169.7094283015723,0.6617615270169981
169.72942941274516,0.6616651054949197
169.749430523918,0.6615688488914826
169.76943163509085,0.6614727572536062
169.78943274626369,0.6613768306281298
169.80943385743652,0.6612810690618118
169.82943496860938,0.6611854726013304
169.8494360797822,0.6610900412932836
169.86943719095507,0.6609947751841884
169.8894383021279,0.6608996743204816
169.90943941330073,0.6608047387485194
169.9294405244736,0.6607099685145772
169.94944163564642,0.6606153636648502
169.96944274681928,0.6605209242454525
169.98944385799211,0.6604266503024183
170.00944496916495,0.6603325418817003
170.0294460803378,0.660238599029171
170.04944719151064,0.6601448217906223
170.0694483026835,0.6600512102117647
170.08944941385633,0.6599577643382288
170.10945052502916,0.6598644842155641
170.12945163620202,0.6597713698892388
170.14945274737485,0.6596784214046412
170.1694538585477,0.659585638807078
170.18945496972054,0.6594930221417756
170.20945608089337,0.659400571453879
170.22945719206623,0.6593082867884525
170.24945830323907,0.65921616819048
170.26945941441193,0.6591242157048633
170.28946052558476,0.6590324293764245
170.3094616367576,0.6589408092499038
170.32946274793045,0.6588493553699608
170.34946385910328,0.658758067781174
170.36946497027614,0.6586669465280406
170.38946608144897,0.658575991654977
170.4094671926218,0.6584852032063186
170.42946830379466,0.6583945812263194
170.4494694149675,0.6583041257591524
170.46947052614036,0.6582138368489092
170.4894716373132,0.6581237145396007
170.50947274848602,0.6580337588751561
170.52947385965888,0.6579439698994236
170.5494749708317,0.6578543476561702
170.56947608200457,0.6577648921890814
170.5894771931774,0.6576756035417617
170.60947830435023,0.6575864817577342
170.6294794155231,0.6574975268804402
170.64948052669592,0.6574087389532405
170.66948163786878,0.6573201180194137
170.68948274904162,0.6572316641221578
170.70948386021448,0.6571433773045886
170.7294849713873,0.657055257609741
170.74948608256014,0.6569673050805682
170.769487193733,0.6568795197599417
170.78948830490583,0.656791901690652
170.8094894160787,0.6567044509154079
170.82949052725152,0.6566171674768364
170.84949163842435,0.6565300514174832
170.8694927495972,0.6564431027798123
170.88949386077005,0.6563563216062062
170.9094949719429,0.6562697079389653
170.92949608311574,0.6561832618203094
170.94949719428857,0.6560969832923755
170.96949830546143,0.6560108723972196
170.98949941663426,0.6559249291768157
171.00950052780712,0.6558391536730559
171.02950163897995,0.6557535459277513
171.04950275015278,0.6556681059826303
171.06950386132564,0.6555828338793399
171.08950497249847,0.6554977296594455
171.10950608367133,0.6554127933644303
171.12950719484417,0.6553280250356961
171.149508306017,0.6552434247145623
171.16950941718986,0.6551589924422667
171.1895105283627,0.6550747282599652
171.20951163953555,0.6549906322087315
171.22951275070838,0.654906704329558
171.2495138618812,0.6548229446633542
171.26951497305407,0.654739353250948
171.2895160842269,0.6546559301330861
171.30951719539976,0.6545726753504316
171.3295183065726,0.6544895889435669
171.34951941774543,0.6544066709529917
171.3695205289183,0.6543239214191235
171.38952164009112,0.6542413403822982
171.40952275126398,0.6541589278827691
171.4295238624368,0.6540766839607075
171.44952497360964,0.6539946086562025
171.4695260847825,0.6539127020092612
171.48952719595533,0.6538309640598083
171.5095283071282,0.6537493948476862
171.52952941830102,0.6536679944126553
171.54953052947386,0.6535867627943936
171.56953164064672,0.6535057000324964
171.58953275181955,0.6534248061664778
171.6095338629924,0.6533440812357683
171.62953497416524,0.653263525279717
171.64953608533807,0.65318313833759
171.66953719651093,0.6531029204485712
171.68953830768376,0.6530228716517625
171.70953941885662,0.6529429919861828
171.72954053002945,0.6528632814907689
171.74954164120228,0.652783740204375
171.76954275237514,0.6527043681657729
171.78954386354798,0.6526251654136519
171.80954497472084,0.6525461319866186
171.82954608589367,0.6524672679231973
171.8495471970665,0.6523885732618298
171.86954830823936,0.6523100480408749
171.8895494194122,0.6522316922986093
171.90955053058505,0.6521535060732268
171.92955164175788,0.6520754894028387
171.9495527529307,0.6519976423254736
171.96955386410357,0.6519199648790772
171.9895549752764,0.6518424571015133
172.00955608644927,0.6517651190305618
172.0295571976221,0.651687950703921
172.04955830879493,0.651610952159206
172.0695594199678,0.6515341234339487
172.08956053114062,0.6514574645655988
172.10956164231348,0.6513809755915233
172.1295627534863,0.6513046565490059
172.14956386465914,0.651228507475248
172.169564975832,0.6511525284073675
172.18956608700483,0.6510767193824
172.2095671981777,0.6510010804372977
172.22956830935053,0.6509256116089306
172.24956942052336,0.6508503129340854
172.26957053169622,0.6507751844494654
172.28957164286905,0.6507002261916918
172.3095727540419,0.650625438197302
172.32957386521474,0.6505508205027514
172.34957497638757,0.6504763731444113
172.36957608756043,0.6504020961585706
172.38957719873326,0.650327989581435
172.40957830990612,0.6502540534491272
172.42957942107896,0.6501802877976869
172.4495805322518,0.6501066926630704
172.46958164342465,0.6500332680811511
172.48958275459748,0.6499600140877192
172.50958386577034,0.6498869307184818
172.52958497694317,0.6498140180090629
172.549586088116,0.6497412759950032
172.56958719928886,0.64966870471176
172.5895883104617,0.6495963041947077
172.60958942163455,0.6495240744791375
172.62959053280738,0.6494520156002572
172.64959164398022,0.6493801275931912
172.66959275515308,0.6493084104929805
172.6895938663259,0.6492368643345836
172.70959497749877,0.6491654891528746
172.7295960886716,0.6490942849826451
172.74959719984443,0.6490232518586028
172.7695983110173,0.6489523898153721
172.78959942219012,0.6488816988874945
172.80960053336298,0.6488111791094274
172.8296016445358,0.6487408305155454
172.84960275570864,0.6486706531401392
172.8696038668815,0.648600647017416
172.88960497805434,0.6485308121815001
172.9096060892272,0.6484611486664318
172.92960720040003,0.648391656506168
172.94960831157286,0.648322335734582
172.96960942274572,0.6482531863854637
172.98961053391855,0.6481842084925196
173.0096116450914,0.6481154020893722
173.02961275626424,0.6480467672095607
173.04961386743707,0.6479783038865408
173.06961497860993,0.6479100121536838
173.08961608978277,0.6478418920442788
173.10961720095563,0.6477739435915297
173.12961831212846,0.6477061668285578
173.1496194233013,0.6476385617884004
173.16962053447415,0.6475711285040106
173.18962164564698,0.6475038670082587
173.20962275681984,0.6474367773339305
173.22962386799267,0.6473698595137285
173.2496249791655,0.6473031135802711
173.26962609033836,0.6472365395660933
173.2896272015112,0.6471701375036458
173.30962831268405,0.6471039074252958
173.3296294238569,0.6470378493633268
173.34963053502972,0.6469719633499381
173.36963164620258,0.6469062494172453
173.3896327573754,0.6468407075972804
173.40963386854827,0.6467753379219909
173.4296349797211,0.6467101404232409
173.44963609089393,0.6466451151328105
173.4696372020668,0.6465802620823955
173.48963831323962,0.6465155813036081
173.50963942441248,0.6464510728279764
173.52964053558532,0.6463867366869447
173.54964164675815,0.6463225729118731
173.569642757931,0.6462585815340376
173.58964386910384,0.6461947625846303
173.6096449802767,0.6461311160947593
173.62964609144953,0.6460676420954485
173.64964720262236,0.6460043406176381
173.66964831379522,0.6459412116921834
173.68964942496805,0.6458782553498563
173.7096505361409,0.6458154716213446
173.72965164731374,0.6457528605372513
173.74965275848658,0.6456904221280961
173.76965386965944,0.6456281564243138
173.78965498083227,0.6455660634562556
173.80965609200513,0.6455041432541877
173.82965720317796,0.6454423958482932
173.8496583143508,0.6453808212686702
173.86965942552365,0.6453194195453325
173.88966053669648,0.6452581907082102
173.90966164786934,0.6451971347871486
173.92966275904217,0.6451362518119088
173.949663870215,0.6450755418121681
173.96966498138787,0.6450150048175189
173.9896660925607,0.6449546408574695
174.00966720373356,0.6448944499614436
174.0296683149064,0.6448344321587812
174.04966942607922,0.6447745874787372
174.06967053725208,0.6447149159504825
174.0896716484249,0.6446554176031034
174.10967275959777,0.6445960924656021
174.1296738707706,0.6445369405668961
174.14967498194343,0.6444779619358184
174.1696760931163,0.6444191566011177
174.18967720428913,0.6443605245914583
174.20967831546199,0.6443020659354197
174.22967942663482,0.6442437806614973
174.24968053780765,0.644185668798102
174.2696816489805,0.6441277303735593
174.28968276015334,0.6440699654161115
174.3096838713262,0.6440123739539152
174.32968498249903,0.6439549560150433
174.34968609367186,0.6438977116274833
174.36968720484472,0.6438406408191388
174.38968831601755,0.6437837436178284
174.40968942719041,0.6437270200512861
174.42969053836325,0.6436704701471616
174.44969164953608,0.6436140939330196
174.46969276070894,0.64355789143634
174.48969387188177,0.6435018626845186
174.50969498305463,0.643446007704866
174.52969609422746,0.6433903265246084
174.5496972054003,0.643334819170887
174.56969831657315,0.6432794856707582
174.58969942774598,0.6432243260511943
174.60970053891884,0.6431693403390821
174.62970165009168,0.6431145285612243
174.6497027612645,0.6430598907443382
174.66970387243737,0.6430054269150565
174.6897049836102,0.6429511370999275
174.70970609478306,0.6428970213254137
174.7297072059559,0.6428430796178941
174.74970831712872,0.6427893120036619
174.76970942830158,0.6427357185089255
174.7897105394744,0.6426822991598089
174.80971165064727,0.6426290539823507
174.8297127618201,0.6425759830025051
174.84971387299294,0.6425230862461409
174.8697149841658,0.6424703637390421
174.88971609533863,0.6424178155069082
174.9097172065115,0.6423654415753532
174.92971831768432,0.6423132419699066
174.94971942885715,0.6422612167160124
174.96972054003,0.6422093658390299
174.98972165120284,0.6421576893642336
175.0097227623757,0.6421061873168126
175.02972387354853,0.6420548597218712
175.04972498472137,0.6420037066044286
175.06972609589423,0.6419527279894192
175.08972720706706,0.6419019239016919
175.10972831823992,0.6418512943660106
175.12972942941275,0.6418008394070547
175.14973054058558,0.6417505590494177
175.16973165175844,0.6417004533176085
175.18973276293127,0.6416505222360509
175.20973387410413,0.641600765829083
175.22973498527696,0.6415511841209585
175.24973609644982,0.6415017771358454
175.26973720762265,0.641452544897827
175.2897383187955,0.6414034874309009
175.30973942996835,0.64135460475898
175.32974054114118,0.6413058969058916
175.34974165231404,0.6412573638953778
175.36974276348687,0.641209005751096
175.3897438746597,0.6411608224966179
175.40974498583256,0.6411128141554296
175.4297460970054,0.6410649807509332
175.44974720817825,0.6410173223064439
175.46974831935108,0.6409698388451929
175.48974943052391,0.6409225303903257
175.50975054169677,0.6408753969649019
175.5297516528696,0.6408284385918968
175.54975276404247,0.6407816552941997
175.5697538752153,0.6407350470946149
175.58975498638813,0.640688614015861
175.609756097561,0.6406423560805715
175.62975720873382,0.6405962733112944
175.64975831990668,0.6405503657304925
175.6697594310795,0.6405046333605432
175.68976054225234,0.6404590762237381
175.7097616534252,0.6404136943422837
175.72976276459804,0.6403684877383011
175.7497638757709,0.6403234564338259
175.76976498694373,0.6402786004508083
175.78976609811656,0.640233919811113
175.80976720928942,0.6401894145365191
175.82976832046225,0.6401450846487204
175.8497694316351,0.6401009301693252
175.86977054280794,0.6400569511198562
175.88977165398077,0.6400131475217506
175.90977276515363,0.6399695193963602
175.92977387632646,0.6399260667649511
175.94977498749932,0.639882789648704
175.96977609867216,0.6398396880687139
175.989777209845,0.6397967620459906
176.00977832101785,0.6397540116014575
176.02977943219068,0.6397114367559535
176.04978054336354,0.6396690375302311
176.06978165453637,0.6396268139449575
176.0897827657092,0.6395847660207142
176.10978387688206,0.6395428937779972
176.1297849880549,0.6395011972372169
176.14978609922775,0.6394596764186978
176.16978721040059,0.639418331342679
176.18978832157342,0.6393771620293136
176.20978943274628,0.6393361684986695
176.2297905439191,0.6392953507707285
176.24979165509197,0.639254708865387
176.2697927662648,0.6392142428024555
176.28979387743763,0.6391739526016589
176.3097949886105,0.6391338382826363
176.32979609978332,0.6390938998649411
176.34979721095618,0.639054137368041
176.36979832212901,0.6390145508113179
176.38979943330185,0.638975140214068
176.4098005444747,0.6389359055955014
176.42980165564754,0.6388968469747431
176.4498027668204,0.6388579643708316
176.46980387799323,0.6388192578027203
176.48980498916606,0.638780727289276
176.50980610033892,0.6387423728492803
176.52980721151175,0.6387041945014287
176.5498083226846,0.6386661922643309
176.56980943385744,0.6386283661565109
176.58981054503028,0.6385907161964066
176.60981165620314,0.6385532424023701
176.62981276737597,0.638515944792668
176.64981387854883,0.6384788233854807
176.66981498972166,0.6384418781989025
176.6898161008945,0.6384051092509422
176.70981721206735,0.6383685165595222
176.72981832324018,0.6383321001424798
176.74981943441304,0.6382958600175656
176.76982054558587,0.6382597962024446
176.7898216567587,0.6382239087146959
176.80982276793156,0.6381881975718124
176.8298238791044,0.6381526627912015
176.84982499027726,0.6381173043901841
176.8698261014501,0.6380821223859954
176.88982721262292,0.6380471167957847
176.90982832379578,0.6380122876366151
176.9298294349686,0.6379776349254638
176.94983054614147,0.637943158679222
176.9698316573143,0.637908858914695
176.98983276848713,0.6378747356486016
177.00983387966,0.6378407888975753
177.02983499083282,0.637807018678163
177.04983610200568,0.6377734250068257
177.06983721317852,0.6377400078999385
177.08983832435135,0.63770676737379
177.1098394355242,0.6376737034445834
177.12984054669704,0.6376408161284352
177.1498416578699,0.637608105441376
177.16984276904273,0.6375755713993507
177.18984388021556,0.6375432140182176
177.20984499138842,0.6375110333137489
177.22984610256125,0.637479029301631
177.2498472137341,0.6374472019974639
177.26984832490695,0.6374155514167616
177.28984943607978,0.6373840775749519
177.30985054725264,0.6373527804873764
177.32985165842547,0.6373216601692908
177.34985276959833,0.6372907166358643
177.36985388077116,0.6372599499021804
177.389854991944,0.6372293599832357
177.40985610311685,0.637198946893941
177.42985721428968,0.6371687106491212
177.44985832546254,0.6371386512635145
177.46985943663537,0.6371087687517734
177.4898605478082,0.6370790631284635
177.50986165898107,0.6370495344080647
177.5298627701539,0.6370201826049706
177.54986388132676,0.6369910077334886
177.5698649924996,0.6369620098078397
177.58986610367242,0.6369331888421585
177.60986721484528,0.6369045448504937
177.6298683260181,0.6368760778468077
177.64986943719097,0.6368477878449764
177.6698705483638,0.6368196748587895
177.68987165953664,0.6367917389019505
177.7098727707095,0.6367639799880764
177.72987388188233,0.6367363981306984
177.7498749930552,0.6367089933432608
177.76987610422802,0.6366817656391219
177.78987721540085,0.6366547150315538
177.8098783265737,0.6366278415337417
177.82987943774654,0.6366011451587853
177.8498805489194,0.6365746259196972
177.86988166009223,0.6365482838294043
177.88988277126506,0.6365221189007465
177.90988388243792,0.636496131146478
177.92988499361076,0.6364703205792661
177.94988610478362,0.636444687211692
177.96988721595645,0.6364192310562506
177.98988832712928,0.6363939521253503
178.00988943830214,0.6363688504313129
178.02989054947497,0.6363439259863741
178.04989166064783,0.6363191788026834
178.06989277182066,0.6362946088923033
178.0898938829935,0.6362702162672103
178.10989499416635,0.6362460009392943
178.12989610533918,0.636221962920359
178.14989721651204,0.6361981022221215
178.16989832768488,0.6361744188562126
178.1898994388577,0.6361509128341765
178.20990055003057,0.6361275841674707
178.2299016612034,0.6361044328674672
178.24990277237626,0.6360814589454504
178.2699038835491,0.636058662412619
178.28990499472192,0.6360360432800849
178.30990610589478,0.6360136015588737
178.3299072170676,0.6359913372599244
178.34990832824047,0.6359692503940894
178.3699094394133,0.635947340972135
178.38991055058614,0.6359256090047406
178.409911661759,0.6359040545024994
178.42991277293183,0.6358826774759179
178.4499138841047,0.6358614779354161
178.46991499527752,0.6358404558913278
178.48991610645035,0.6358196113538999
178.5099172176232,0.6357989443332925
178.52991832879604,0.6357784548395802
178.5499194399689,0.6357581428827501
178.56992055114173,0.6357380084727032
178.58992166231457,0.635718051619254
178.60992277348743,0.6356982723321298
178.62992388466026,0.6356786706209724
178.64992499583312,0.6356592464953361
178.66992610700595,0.6356399999646895
178.68992721817878,0.6356209310384138
178.70992832935164,0.635602039725804
178.72992944052447,0.6355833260360686
178.74993055169733,0.6355647899783295
178.76993166287016,0.6355464315616219
178.789932774043,0.6355282507948945
178.80993388521586,0.6355102476870093
178.8299349963887,0.6354924222467417
178.84993610756155,0.6354747744827808
178.86993721873438,0.6354573044037287
178.8899383299072,0.6354400120181011
178.90993944108007,0.635422897334327
178.9299405522529,0.6354059603607488
178.94994166342576,0.6353892011056224
178.9699427745986,0.6353726195771168
178.98994388577142,0.6353562157833148
179.00994499694428,0.6353399897322118
179.02994610811712,0.6353239414317178
179.04994721928998,0.6353080708896547
179.0699483304628,0.6352923781137589
179.08994944163564,0.6352768631116795
179.1099505528085,0.6352615258909793
179.12995166398133,0.6352463664591342
179.1499527751542,0.6352313848235337
179.16995388632702,0.6352165809914803
179.18995499749985,0.6352019549701902
179.2099561086727,0.6351875067667925
179.22995721984555,0.63517323638833
179.2499583310184,0.6351591438417586
179.26995944219124,0.6351452291339479
179.28996055336407,0.63513149227168
179.30996166453693,0.6351179332616512
179.32996277570976,0.6351045521104708
179.34996388688262,0.635091348824661
179.36996499805545,0.6350783234106578
179.38996610922828,0.6350654758748104
179.40996722040114,0.6350528062233812
179.42996833157397,0.6350403144625458
179.44996944274683,0.6350280005983935
179.46997055391967,0.6350158646369262
179.4899716650925,0.6350039065840597
179.50997277626536,0.6349921264456229
179.5299738874382,0.6349805242273577
179.54997499861105,0.6349690999349198
179.56997610978388,0.6349578535738778
179.5899772209567,0.6349467851497135
179.60997833212957,0.6349358946678223
179.6299794433024,0.6349251821335125
179.64998055447526,0.634914647552006
179.6699816656481,0.6349042909284377
179.68998277682093,0.6348941122678559
179.7099838879938,0.6348841115752221
179.72998499916662,0.634874288855411
179.74998611033948,0.6348646441132106
179.7699872215123,0.6348551773533224
179.78998833268517,0.6348458885803605
179.809989443858,0.634836777798853
179.82999055503083,0.6348278450132406
179.8499916662037,0.6348190902278777
179.86999277737652,0.6348105134470317
179.88999388854938,0.6348021146748832
179.90999499972222,0.6347938939155262
179.92999611089505,0.6347858511729679
179.9499972220679,0.6347779864511286
179.96999833324074,0.6347702997538418
179.9899994444136,0.6347627910848544
180.01000055558643,0.6347554604478265
180.03000166675926,0.6347483078463314
180.05000277793212,0.6347413332838554
180.07000388910495,0.6347345367637982
180.0900050002778,0.634727918289473
180.11000611145064,0.6347214778641055
180.13000722262348,0.6347152154908354
180.15000833379634,0.6347091311727151
180.17000944496917,0.6347032249127103
180.19001055614203,0.6346974967137
180.21001166731486,0.6346919465784764
180.2300127784877,0.6346865745097447
180.25001388966055,0.6346813805101239
180.27001500083338,0.6346763645821453
180.29001611200624,0.6346715267282541
180.31001722317907,0.6346668669508084
180.3300183343519,0.6346623852520796
180.35001944552477,0.6346580816342522
180.3700205566976,0.6346539560994242
180.39002166787046,0.6346500086496063
180.4100227790433,0.6346462392867228
180.43002389021612,0.6346426480126109
180.45002500138898,0.6346392348290213
180.4700261125618,0.6346359997376178
180.49002722373467,0.634632942739977
180.5100283349075,0.6346300638375892
180.53002944608033,0.6346273630318577
180.5500305572532,0.634624840324099
180.57003166842603,0.6346224957155429
180.59003277959889,0.6346203292073318
180.61003389077172,0.6346183408005223
180.63003500194455,0.6346165304960832
180.6500361131174,0.6346148982948973
180.67003722429024,0.6346134441977599
180.6900383354631,0.6346121682053799
180.71003944663593,0.6346110703183794
180.73004055780876,0.6346101505372932
180.75004166898162,0.63460940886257
180.77004278015445,0.6346088452945712
180.79004389132731,0.6346084598335715
180.81004500250015,0.6346082524797587
180.83004611367298,0.634608223233234
180.85004722484584,0.6346083720940117
180.87004833601867,0.6346086990620191
180.89004944719153,0.6346092041370969
180.91005055836436,0.6346098873189988
180.9300516695372,0.634610748607392
180.95005278071005,0.6346117880018565
180.97005389188288,0.6346130055018856
180.99005500305574,0.6346144011068859
181.01005611422858,0.6346159748161774
181.0300572254014,0.6346177266289926
181.05005833657427,0.6346196565444778
181.0700594477471,0.6346217645616923
181.09006055891996,0.6346240506796084
181.1100616700928,0.6346265148971119
181.13006278126562,0.6346291572130016
181.15006389243848,0.6346319776259894
181.1700650036113,0.6346349761347008
181.19006611478417,0.634638152737674
181.210067225957,0.6346415074333606
181.23006833712984,0.6346450402201254
181.2500694483027,0.6346487510962462
181.27007055947553,0.6346526400599146
181.2900716706484,0.6346567071092345
181.31007278182122,0.6346609522422237
181.33007389299405,0.634665375456813
181.3500750041669,0.634669976750846
181.37007611533974,0.6346747561220802
181.3900772265126,0.6346797135681859
181.41007833768543,0.6346848490867463
181.43007944885827,0.6346901626752584
181.45008056003113,0.6346956543311322
181.47008167120396,0.6347013240516906
181.49008278237682,0.6347071718341701
181.51008389354965,0.6347131976757203
181.53008500472248,0.6347194015734037
181.55008611589534,0.6347257835241966
181.57008722706817,0.6347323435249879
181.59008833824103,0.6347390815725802
181.61008944941386,0.6347459976636888
181.6300905605867,0.6347530917949427
181.65009167175955,0.6347603639628839
181.6700927829324,0.6347678141639677
181.69009389410525,0.6347754423945624
181.71009500527808,0.6347832486509498
181.7300961164509,0.6347912329293248
181.75009722762377,0.6347993952257955
181.7700983387966,0.6348077355363833
181.79009944996946,0.6348162538570226
181.8101005611423,0.6348249501835614
181.83010167231512,0.6348338245117608
181.85010278348798,0.6348428768372949
181.87010389466082,0.6348521071557514
181.89010500583368,0.6348615154626308
181.9101061170065,0.6348711017533473
181.93010722817934,0.6348808660232281
181.9501083393522,0.6348908082675135
181.97010945052503,0.6349009284813576
181.9901105616979,0.6349112266598271
182.01011167287072,0.6349217027979024
182.03011278404355,0.6349323568904768
182.0501138952164,0.6349431889323572
182.07011500638924,0.6349541989182637
182.0901161175621,0.6349653868428292
182.11011722873494,0.6349767527006005
182.13011833990777,0.6349882964860375
182.15011945108063,0.6350000181935131
182.17012056225346,0.6350119178173137
182.19012167342632,0.6350239953516389
182.21012278459915,0.6350362507906016
182.23012389577198,0.635048684128228
182.25012500694484,0.6350612953584576
182.27012611811767,0.6350740844751431
182.29012722929053,0.6350870514720506
182.31012834046336,0.6351001963428594
182.3301294516362,0.6351135190811622
182.35013056280906,0.6351270196804648
182.3701316739819,0.6351406981341866
182.39013278515475,0.63515455443566
182.41013389632758,0.6351685885781311
182.4301350075004,0.6351828005547588
182.45013611867327,0.6351971903586158
182.4701372298461,0.6352117579826877
182.49013834101896,0.6352265034198736
182.5101394521918,0.6352414266629862
182.53014056336463,0.6352565277047513
182.55014167453749,0.6352718065378078
182.57014278571032,0.6352872631547082
182.59014389688318,0.6353028975479182
182.610145008056,0.6353187097098172
182.63014611922884,0.6353346996326976
182.6501472304017,0.6353508673087651
182.67014834157453,0.6353672127301391
182.6901494527474,0.635383735888852
182.71015056392022,0.6354004367768498
182.73015167509305,0.6354173153859917
182.75015278626591,0.6354343717080504
182.77015389743875,0.6354516057347119
182.7901550086116,0.6354690174575758
182.81015611978444,0.6354866068681546
182.83015723095727,0.6355043739578747
182.85015834213013,0.6355223187180756
182.87015945330296,0.6355404411400104
182.89016056447582,0.6355587412148452
182.91016167564865,0.6355772189336599
182.93016278682148,0.6355958742874478
182.95016389799434,0.6356147072671154
182.97016500916718,0.6356337178634827
182.99016612034004,0.6356529060672831
183.01016723151287,0.6356722718691635
183.0301683426857,0.6356918152596843
183.05016945385856,0.6357115362293191
183.0701705650314,0.6357314347684551
183.09017167620425,0.635751510867393
183.11017278737708,0.6357717645163466
183.1301738985499,0.6357921957054438
183.15017500972277,0.6358128044247253
183.1701761208956,0.6358335906641457
183.19017723206846,0.635854554413573
183.2101783432413,0.6358756956627882
183.23017945441413,0.6358970144014864
183.250180565587,0.635918510619276
183.27018167675982,0.6359401843056789
183.29018278793268,0.6359620354501303
183.3101838991055,0.6359840640419789
183.33018501027834,0.6360062700704874
183.3501861214512,0.6360286535248314
183.37018723262403,0.6360512143941003
183.3901883437969,0.636073952667297
183.41018945496972,0.6360968683333379
183.43019056614256,0.6361199613810531
183.45019167731542,0.6361432317991857
183.47019278848825,0.6361666795763932
183.4901938996611,0.6361903047012458
183.51019501083394,0.6362141071622277
183.53019612200677,0.6362380869477366
183.55019723317963,0.6362622440460839
183.57019834435246,0.6362865784454943
183.59019945552532,0.636311090134106
183.61020056669815,0.6363357790999713
183.63020167787099,0.6363606453310555
183.65020278904385,0.6363856888152379
183.67020390021668,0.6364109095403113
183.69020501138954,0.6364363074939821
183.71020612256237,0.6364618826638698
183.7302072337352,0.6364876350375086
183.75020834490806,0.6365135646023453
183.7702094560809,0.636539671345741
183.79021056725375,0.6365659552549701
183.81021167842658,0.6365924163172205
183.83021278959941,0.6366190545195942
183.85021390077227,0.6366458698491066
183.8702150119451,0.6366728622926869
183.89021612311797,0.6367000318371776
183.9102172342908,0.6367273784693351
183.93021834546363,0.6367549021758299
183.9502194566365,0.6367826029432453
183.97022056780932,0.636810480758079
183.99022167898218,0.6368385356067423
184.010222790155,0.6368667674755598
184.03022390132784,0.6368951763507704
184.0502250125007,0.6369237622185262
184.07022612367354,0.6369525250648934
184.0902272348464,0.6369814648758518
184.11022834601923,0.6370105816372946
184.13022945719206,0.6370398753350295
184.15023056836492,0.6370693459547774
184.17023167953775,0.6370989934821729
184.1902327907106,0.6371288179027645
184.21023390188344,0.637158819202015
184.23023501305627,0.6371889973653
184.25023612422913,0.6372193523779096
184.27023723540196,0.6372498842250474
184.29023834657482,0.637280592891831
184.31023945774766,0.6373114783632918
184.3302405689205,0.6373425406243747
184.35024168009335,0.6373737796599388
184.37024279126618,0.6374051954547568
184.39024390243904,0.6374367879935154
184.41024501361187,0.637468557260815
184.43024612478473,0.63750050324117
184.45024723595756,0.6375326259190085
184.4702483471304,0.6375649252786726
184.49024945830325,0.6375974013044181
184.51025056947609,0.6376300539804151
184.53025168064895,0.6376628832907472
184.55025279182178,0.6376958892194118
184.5702539029946,0.6377290717503206
184.59025501416747,0.6377624308672991
184.6102561253403,0.6377959665540867
184.63025723651316,0.6378296787943365
184.650258347686,0.6378635675716159
184.67025945885882,0.6378976328694059
184.69026057003168,0.637931874671102
184.7102616812045,0.6379662929600128
184.73026279237737,0.6380008877193619
184.7502639035502,0.638035658932286
184.77026501472304,0.6380706065818362
184.7902661258959,0.6381057306509779
184.81026723706873,0.6381410311225896
184.8302683482416,0.6381765079794647
184.85026945941442,0.6382121612043102
184.87027057058725,0.6382479907797473
184.8902716817601,0.6382839966883112
184.91027279293294,0.6383201789124507
184.9302739041058,0.6383565374345297
184.95027501527863,0.638393072236825
184.97027612645147,0.6384297833015282
184.99027723762433,0.638466670610745
185.01027834879716,0.6385037341464946
185.03027945997002,0.638540973890711
185.05028057114285,0.6385783898252417
185.07028168231568,0.6386159819318487
185.09028279348854,0.6386537501922082
185.11028390466137,0.6386916945879101
185.13028501583423,0.6387298151004589
185.15028612700706,0.6387681117112729
185.1702872381799,0.6388065844016848
185.19028834935276,0.6388452331529415
185.2102894605256,0.6388840579462038
185.23029057169845,0.6389230587625472
185.25029168287128,0.6389622355829605
185.2702927940441,0.6390015883883478
185.29029390521697,0.6390411171595265
185.3102950163898,0.6390808218772288
185.33029612756266,0.6391207025221011
185.3502972387355,0.6391607590747036
185.37029834990832,0.6392009915155112
185.39029946108118,0.6392413998249129
185.41030057225402,0.6392819839832121
185.43030168342688,0.6393227439706263
185.4503027945997,0.6393636797672873
185.47030390577254,0.6394047913532412
185.4903050169454,0.6394460787084488
185.51030612811823,0.6394875418127846
185.5303072392911,0.6395291806460379
185.55030835046392,0.639570995187912
185.57030946163675,0.639612985418025
185.5903105728096,0.639655151315909
185.61031168398245,0.6396974928610105
185.6303127951553,0.6397400100326907
185.65031390632814,0.6397827028102244
185.67031501750097,0.6398255711728018
185.69031612867383,0.6398686150995271
185.71031723984666,0.6399118345694186
185.73031835101952,0.6399552295614095
185.75031946219235,0.6399988000543472
185.77032057336518,0.6400425460269935
185.79032168453804,0.640086467458025
185.81032279571087,0.6401305643260324
185.83032390688373,0.640174836609521
185.85032501805657,0.6402192842869108
185.8703261292294,0.640263907336536
185.89032724040226,0.6403087057366456
185.9103283515751,0.6403536794654027
185.93032946274795,0.6403988285008855
185.95033057392078,0.6404441528210862
185.9703316850936,0.640489652403912
185.99033279626647,0.6405353272271845
186.0103339074393,0.6405811772686398
186.03033501861216,0.6406272025059288
186.050336129785,0.6406734029166167
186.07033724095783,0.6407197784781835
186.0903383521307,0.6407663291680239
186.11033946330352,0.640813054963447
186.13034057447638,0.6408599558416768
186.1503416856492,0.6409070317798519
186.17034279682204,0.6409542827550252
186.1903439079949,0.641001708744165
186.21034501916773,0.6410493097241535
186.2303461303406,0.6410970856717884
186.25034724151342,0.6411450365637813
186.27034835268626,0.641193162376759
186.29034946385912,0.6412414630872633
186.31035057503195,0.6412899386717499
186.3303516862048,0.6413385891065901
186.35035279737764,0.6413874143680696
186.37035390855047,0.6414364144323887
186.39035501972333,0.6414855892756632
186.41035613089616,0.6415349388739227
186.43035724206902,0.6415844632031122
186.45035835324185,0.6416341622390918
186.47035946441468,0.6416840359576357
186.49036057558754,0.6417340843344335
186.51036168676038,0.6417843073450897
186.53036279793324,0.6418347049651233
186.55036390910607,0.6418852771699683
186.5703650202789,0.6419360239349741
186.59036613145176,0.6419869452354041
186.6103672426246,0.6420380410464374
186.63036835379745,0.6420893113431676
186.65036946497028,0.6421407561006035
186.6703705761431,0.6421923752936688
186.69037168731597,0.642244168897202
186.7103727984888,0.642296136885957
186.73037390966167,0.6423482792346022
186.7503750208345,0.6424005959177211
186.77037613200733,0.6424530869098126
186.7903772431802,0.6425057521852904
186.81037835435302,0.642558591718483
186.83037946552588,0.6426116054836343
186.8503805766987,0.6426647934549032
186.87038168787154,0.6427181556063636
186.8903827990444,0.6427716919120046
186.91038391021723,0.6428254023457303
186.9303850213901,0.6428792868813601
186.95038613256293,0.6429333454926283
186.97038724373576,0.6429875781531844
186.99038835490862,0.6430419848365933
187.01038946608145,0.6430965655163347
187.0303905772543,0.6431513201658039
187.05039168842714,0.643206248758311
187.07039279959997,0.6432613512670816
187.09039391077283,0.6433166276652564
187.11039502194566,0.6433720779258914
187.13039613311852,0.6434277020219576
187.15039724429136,0.6434834999263417
187.1703983554642,0.6435394716118454
187.19039946663705,0.6435956170511858
187.21040057780988,0.6436519362169952
187.23040168898274,0.6437084290818214
187.25040280015557,0.6437650956181271
187.2704039113284,0.6438219357982908
187.29040502250126,0.6438789495946065
187.3104061336741,0.6439361369792826
187.33040724484695,0.6439934979244444
187.35040835601978,0.6440510324021311
187.37040946719262,0.6441087403842984
187.39041057836548,0.6441666218428168
187.4104116895383,0.6442246767494724
187.43041280071117,0.6442829050759669
187.450413911884,0.6443413067939173
187.47041502305683,0.6443998818748562
187.4904161342297,0.6444586302902318
187.51041724540252,0.6445175520114073
187.53041835657538,0.6445766470096621
187.5504194677482,0.6446359152561907
187.57042057892104,0.6446953567221031
187.5904216900939,0.6447549713784253
187.61042280126674,0.6448147591960984
187.6304239124396,0.6448747201459797
187.65042502361243,0.6449348541988411
187.67042613478526,0.6449951613253712
187.69042724595812,0.6450556414961737
187.71042835713095,0.6451162946817678
187.7304294683038,0.6451771208525888
187.75043057947664,0.6452381199789874
187.77043169064947,0.64529929203123
187.79043280182233,0.645360636979499
187.81043391299517,0.6454221547938921
187.83043502416803,0.6454838454444229
187.85043613534086,0.6455457089010208
187.8704372465137,0.6456077451335311
187.89043835768655,0.6456699541117148
187.91043946885938,0.6457323358052482
187.93044058003224,0.6457948901837245
187.95044169120507,0.6458576172166512
187.9704428023779,0.6459205168734533
187.99044391355076,0.6459835891234705
188.0104450247236,0.6460468339359589
188.03044613589645,0.6461102512800901
188.0504472470693,0.646173841124952
188.07044835824212,0.6462376034395481
188.09044946941498,0.6463015381927981
188.1104505805878,0.6463656453535374
188.13045169176067,0.6464299248905176
188.1504528029335,0.6464943767724061
188.17045391410633,0.6465590009677862
188.1904550252792,0.6466237974451576
188.21045613645202,0.6466887661729357
188.23045724762488,0.6467539071194519
188.25045835879772,0.6468192202529539
188.27045946997055,0.6468847055416052
188.2904605811434,0.6469503629534857
188.31046169231624,0.6470161924565911
188.3304628034891,0.6470821940188334
188.35046391466193,0.6471483676080405
188.37046502583476,0.6472147131919568
188.39046613700762,0.6472812307382425
188.41046724818045,0.6473479202144744
188.4304683593533,0.647414781588145
188.45046947052614,0.6474818148266634
188.47047058169898,0.6475490198973548
188.49047169287184,0.6476163967674605
188.51047280404467,0.6476839454041383
188.53047391521753,0.6477516657744621
188.55047502639036,0.6478195578454221
188.5704761375632,0.6478876215839249
188.59047724873605,0.6479558569567935
188.61047835990888,0.648024263930767
188.63047947108174,0.648092842472501
188.65048058225457,0.6481615925485672
188.6704816934274,0.6482305141254543
188.69048280460026,0.6482996071695668
188.7104839157731,0.6483688716472258
188.73048502694596,0.6484383075246691
188.7504861381188,0.6485079147680506
188.77048724929162,0.6485776933434408
188.79048836046448,0.6486476432168268
188.8104894716373,0.648717764354112
188.83049058281017,0.6487880567211164
188.850491693983,0.6488585202835765
188.87049280515583,0.6489291550071454
188.8904939163287,0.6489999608573931
188.91049502750153,0.6490709377998054
188.93049613867439,0.6491420857997855
188.95049724984722,0.6492134048226526
188.97049836102008,0.6492848948336432
188.9904994721929,0.6493565557979094
189.01050058336574,0.6494283876805211
189.0305016945386,0.6495003904464647
189.05050280571143,0.6495725640606423
189.0705039168843,0.6496449084878742
189.09050502805712,0.649717423692896
189.11050613922995,0.6497901096403611
189.13050725040281,0.6498629662948394
189.15050836157565,0.6499359936208173
189.1705094727485,0.6500091915826985
189.19051058392134,0.6500825601448029
189.21051169509417,0.6501560992713677
189.23051280626703,0.6502298089265469
189.25051391743986,0.6503036890744112
189.27051502861272,0.6503777396789486
189.29051613978555,0.6504519607040633
189.31051725095838,0.6505263521135771
189.33051836213124,0.6506009138712285
189.35051947330408,0.6506756459406731
189.37052058447694,0.650750548285483
189.39052169564977,0.6508256208691479
189.4105228068226,0.650900863655074
189.43052391799546,0.6509762766065852
189.4505250291683,0.6510518596869219
189.47052614034115,0.6511276128592417
189.49052725151398,0.6512035360866193
189.5105283626868,0.6512796293320464
189.53052947385967,0.6513558925584324
189.5505305850325,0.6514323257286028
189.57053169620536,0.6515089288053014
189.5905328073782,0.6515857017511884
189.61053391855103,0.6516626445288413
189.6305350297239,0.6517397571007553
189.65053614089672,0.6518170394293421
189.67053725206958,0.6518944914769315
189.6905383632424,0.6519721132057696
189.71053947441524,0.6520499045780207
189.7305405855881,0.6521278655557659
189.75054169676093,0.6522059961010037
189.7705428079338,0.6522842961756501
189.79054391910663,0.6523627657415383
189.81054503027946,0.6524414047604188
189.83054614145232,0.6525202131939598
189.85054725262515,0.6525991910037467
189.870548363798,0.6526783381512825
189.89054947497084,0.6527576545979874
189.91055058614367,0.6528371403051993
189.93055169731653,0.6529167952341737
189.95055280848936,0.652996619346083
189.97055391966222,0.653076612602018
189.99055503083505,0.6531567749629865
190.01055614200789,0.6532371063899138
190.03055725318075,0.6533176068436433
190.05055836435358,0.6533982762849355
190.07055947552644,0.6534791146744688
190.09056058669927,0.6535601219728391
190.1105616978721,0.6536412981405602
190.13056280904496,0.6537226431380632
190.1505639202178,0.6538041569256972
190.17056503139065,0.6538858394637292
190.19056614256348,0.6539676907123433
190.21056725373631,0.6540497106316421
190.23056836490917,0.6541318991816455
190.250569476082,0.6542142563222912
190.27057058725487,0.6542967820134353
190.2905716984277,0.6543794762148509
190.31057280960053,0.6544623388862295
190.3305739207734,0.6545453699871804
190.35057503194622,0.6546285694772307
190.37057614311908,0.6547119373158254
190.3905772542919,0.6547954734623278
190.41057836546474,0.6548791778760185
190.4305794766376,0.6549630505160967
190.45058058781044,0.6550470913416793
190.4705816989833,0.6551313003118012
190.49058281015613,0.6552156773854154
190.51058392132896,0.6553002225213931
190.53058503250182,0.6553849356785235
190.55058614367465,0.6554698168155135
190.5705872548475,0.6555548658909891
190.59058836602034,0.655640082863493
190.61058947719317,0.6557254676914874
190.63059058836603,0.655811020333352
190.65059169953886,0.6558967407473849
190.67059281071172,0.6559826288918025
190.69059392188456,0.6560686847247388
190.7105950330574,0.656154908204247
190.73059614423025,0.6562412992882982
190.75059725540308,0.6563278579347817
190.77059836657594,0.656414584101505
190.79059947774877,0.6565014777461942
190.8106005889216,0.6565885388264937
190.83060170009446,0.6566757672999664
190.8506028112673,0.6567631631240932
190.87060392244015,0.6568507262562742
190.89060503361299,0.6569384566538268
190.91060614478582,0.6570263542739878
190.93060725595868,0.6571144190739127
190.9506083671315,0.6572026510106741
190.97060947830437,0.6572910500412648
190.9906105894772,0.6573796161225949
191.01061170065003,0.6574683492114939
191.0306128118229,0.6575572492647094
191.05061392299572,0.6576463162389078
191.07061503416858,0.6577355500906743
191.09061614534141,0.6578249507765122
191.11061725651425,0.6579145182528441
191.1306183676871,0.6580042524760111
191.15061947885994,0.6580941534022728
191.1706205900328,0.6581842209878079
191.19062170120563,0.6582744551887135
191.21062281237846,0.6583648559610058
191.23062392355132,0.6584554232606197
191.25062503472415,0.6585461570434086
191.270626145897,0.6586370572651452
191.29062725706984,0.658728123881521
191.31062836824267,0.6588193568481462
191.33062947941553,0.6589107561205503
191.35063059058837,0.6590023216541809
191.37063170176123,0.6590940534044056
191.39063281293406,0.6591859513265104
191.4106339241069,0.6592780153757001
191.43063503527975,0.6593702455070993
191.45063614645258,0.6594626416757507
191.47063725762544,0.6595552038366168
191.49063836879827,0.6596479319445788
191.5106394799711,0.6597408259544371
191.53064059114396,0.6598338858209114
191.5506417023168,0.6599271114986405
191.57064281348966,0.660020502942182
191.5906439246625,0.6601140601060129
191.61064503583532,0.6602077829445299
191.63064614700818,0.6603016714120482
191.650647258181,0.6603957254628029
191.67064836935387,0.660489945050948
191.6906494805267,0.6605843301305568
191.71065059169953,0.6606788806556222
191.7306517028724,0.6607735965800563
191.75065281404522,0.6608684778576903
191.77065392521808,0.6609635244422756
191.79065503639092,0.661058736287482
191.81065614756375,0.6611541133468996
191.8306572587366,0.6612496555740375
191.85065836990944,0.6613453629223242
191.8706594810823,0.6614412353451082
191.89066059225513,0.6615372727956572
191.91066170342796,0.6616334752271582
191.93066281460082,0.6617298425927186
191.95066392577365,0.6618263748453646
191.9706650369465,0.6619230719380423
191.99066614811935,0.6620199338236175
192.01066725929218,0.6621169604548758
192.03066837046504,0.6622141517845221
192.05066948163787,0.6623115077651816
192.07067059281073,0.6624090283493986
192.09067170398356,0.6625067134896375
192.1106728151564,0.6626045631382826
192.13067392632925,0.6627025772476378
192.15067503750208,0.6628007557699269
192.17067614867494,0.6628990986572937
192.19067725984777,0.6629976058618016
192.2106783710206,0.6630962773354339
192.23067948219347,0.6631951130300944
192.2506805933663,0.6632941128976059
192.27068170453916,0.6633932768897122
192.290682815712,0.6634926049580762
192.31068392688482,0.6635920970542815
192.33068503805768,0.6636917531298314
192.3506861492305,0.6637915731361492
192.37068726040337,0.6638915570245788
192.3906883715762,0.6639917047463835
192.41068948274904,0.664092016252747
192.4306905939219,0.6641924914947739
192.45069170509473,0.6642931304234876
192.4706928162676,0.6643939329898328
192.49069392744042,0.6644948991446742
192.51069503861325,0.6645960288387963
192.5306961497861,0.6646973220229049
192.55069726095894,0.6647987786476246
192.5706983721318,0.6649003986635018
192.59069948330463,0.6650021820210021
192.61070059447746,0.6651041286705126
192.63070170565032,0.66520623856234
192.65070281682316,0.6653085116467115
192.67070392799602,0.6654109478737751
192.69070503916885,0.6655135471935987
192.71070615034168,0.6656163095561716
192.73070726151454,0.665719234911403
192.75070837268737,0.6658223232091223
192.77070948386023,0.6659255743990805
192.79071059503306,0.6660289884309483
192.8107117062059,0.6661325652543175
192.83071281737875,0.6662363048187006
192.85071392855158,0.66634020707353
192.87071503972444,0.6664442719681598
192.89071615089728,0.6665484994518642
192.9107172620701,0.6666528894738386
192.93071837324297,0.6667574419831989
192.9507194844158,0.6668621569289814
192.97072059558866,0.6669670342601441
192.9907217067615,0.6670720739255652
193.01072281793432,0.667177275874044
193.03072392910718,0.6672826400543005
193.05072504028,0.6673881664149759
193.07072615145287,0.6674938549046323
193.0907272626257,0.6675997054717525
193.11072837379854,0.6677057180647405
193.1307294849714,0.6678118926319216
193.15073059614423,0.6679182291215415
193.1707317073171,0.6680247274817679
193.19073281848992,0.668131387660688
193.21073392966275,0.668238209606312
193.2307350408356,0.6683451932665703
193.25073615200844,0.6684523385893142
193.2707372631813,0.6685596455223168
193.29073837435413,0.6686671140132722
193.31073948552697,0.6687747440097956
193.33074059669983,0.6688825354594239
193.35074170787266,0.6689904883096147
193.37074281904552,0.6690986025077477
193.39074393021835,0.6692068780011229
193.41074504139118,0.6693153147369626
193.43074615256404,0.6694239126624103
193.45074726373687,0.6695326717245306
193.47074837490973,0.66964159187031
193.49074948608256,0.6697506730466558
193.51075059725542,0.6698599152003977
193.53075170842826,0.6699693182782861
193.5507528196011,0.6700788822269936
193.57075393077395,0.6701886069931142
193.59075504194678,0.6702984925231632
193.61075615311964,0.6704085387635781
193.63075726429247,0.6705187456607173
193.6507583754653,0.6706291131608616
193.67075948663816,0.6707396412102133
193.690760597811,0.6708503297548962
193.71076170898385,0.6709611787409564
193.73076282015668,0.6710721881143609
193.75076393132952,0.6711833578209994
193.77076504250238,0.6712946878066832
193.7907661536752,0.6714061780171452
193.81076726484807,0.6715178283980405
193.8307683760209,0.6716296388949459
193.85076948719373,0.6717416094533604
193.8707705983666,0.6718537400187048
193.89077170953942,0.6719660305363218
193.91077282071228,0.6720784809514765
193.9307739318851,0.6721910912093556
193.95077504305794,0.6723038612550685
193.9707761542308,0.672416791033646
193.99077726540364,0.6725298804900415
194.0107783765765,0.6726431295691306
194.03077948774933,0.6727565382157106
194.05078059892216,0.6728701063745016
194.07078171009502,0.6729838339901459
194.09078282126785,0.6730977210072073
194.1107839324407,0.6732117673701734
194.13078504361354,0.6733259730234522
194.15078615478637,0.6734403379113755
194.17078726595923,0.6735548619781973
194.19078837713207,0.6736695451680932
194.21078948830493,0.6737843874251623
194.23079059947776,0.6738993886934255
194.2507917106506,0.6740145489168262
194.27079282182345,0.6741298680392308
194.29079393299628,0.6742453460044275
194.31079504416914,0.6743609827561279
194.33079615534197,0.6744767782379655
194.3507972665148,0.6745927323934967
194.37079837768766,0.6747088451662009
194.3907994888605,0.6748251164994794
194.41080060003335,0.674941546336657
194.4308017112062,0.6750581346209807
194.45080282237902,0.6751748812956208
194.47080393355188,0.6752917863036699
194.4908050447247,0.6754088495881434
194.51080615589757,0.6755260710919799
194.5308072670704,0.6756434507580407
194.55080837824323,0.6757609885291098
194.5708094894161,0.6758786843478948
194.59081060058892,0.6759965381570254
194.61081171176178,0.6761145498990551
194.63081282293462,0.6762327195164596
194.65081393410745,0.6763510469516383
194.6708150452803,0.6764695321469134
194.69081615645314,0.6765881750445302
194.710817267626,0.6767069755866573
194.73081837879883,0.6768259337153861
194.75081948997166,0.6769450493727316
194.77082060114452,0.677064322500632
194.79082171231735,0.677183753040948
194.8108228234902,0.6773033409354647
194.83082393466304,0.6774230861258894
194.85082504583588,0.6775429885538538
194.87082615700874,0.6776630481609122
194.89082726818157,0.6777832648885422
194.91082837935443,0.6779036386781458
194.93082949052726,0.6780241694710472
194.9508306017001,0.6781448572084946
194.97083171287295,0.6782657018316602
194.99083282404578,0.6783867032816389
195.01083393521864,0.6785078614994495
195.03083504639147,0.6786291764260345
195.0508361575643,0.6787506480022598
195.07083726873717,0.6788722761689153
195.09083837991,0.678994060866714
195.11083949108286,0.6791160020362934
195.1308406022557,0.6792380996182137
195.15084171342852,0.6793603535529595
195.17084282460138,0.6794827637809395
195.1908439357742,0.6796053302424854
195.21084504694707,0.6797280528778533
195.2308461581199,0.6798509316272231
195.25084726929273,0.6799739664306984
195.2708483804656,0.680097157228307
195.29084949163843,0.6802205039600004
195.31085060281129,0.6803440065656545
195.33085171398412,0.6804676649850685
195.35085282515695,0.6805914791579664
195.3708539363298,0.6807154490239959
195.39085504750264,0.6808395745227288
195.4108561586755,0.6809638555936615
195.43085726984833,0.6810882921762136
195.45085838102116,0.6812128842097298
195.47085949219402,0.6813376316334787
195.49086060336685,0.681462534386653
195.51086171453971,0.6815875924083702
195.53086282571255,0.6817128056376713
195.55086393688538,0.6818381740135224
195.57086504805824,0.681963697474814
195.59086615923107,0.6820893759603599
195.61086727040393,0.6822152094088999
195.63086838157676,0.682341197759097
195.6508694927496,0.6824673409495392
195.67087060392245,0.6825936389187395
195.69087171509528,0.6827200916051342
195.71087282626814,0.6828466989470857
195.73087393744098,0.6829734608828799
195.7508750486138,0.6831003773507276
195.77087615978667,0.6832274482887647
195.7908772709595,0.6833546736350511
195.81087838213236,0.6834820533275722
195.8308794933052,0.6836095873042374
195.85088060447802,0.6837372755028815
195.87088171565088,0.6838651178612641
195.8908828268237,0.6839931143170691
195.91088393799657,0.684121264807906
195.9308850491694,0.6842495692713084
195.95088616034224,0.6843780276447358
195.9708872715151,0.6845066398655719
195.99088838268793,0.6846354058711258
196.0108894938608,0.6847643255986317
196.03089060503362,0.6848933989852484
196.05089171620645,0.6850226259680601
196.0708928273793,0.6851520064840766
196.09089393855214,0.6852815404702319
196.110895049725,0.6854112278633859
196.13089616089783,0.6855410686003235
196.15089727207067,0.6856710626177547
196.17089838324353,0.6858012098523154
196.19089949441636,0.6859315102405659
196.21090060558922,0.6860619637189926
196.23090171676205,0.6861925702240068
196.25090282793488,0.6863233296919455
196.27090393910774,0.6864542420590714
196.29090505028057,0.6865853072615715
196.31090616145343,0.6867165252355598
196.33090727262626,0.686847895917075
196.3509083837991,0.6869794192420811
196.37090949497195,0.687111095146469
196.39091060614479,0.6872429235660533
196.41091171731765,0.687374904436576
196.43091282849048,0.6875070376937036
196.4509139396633,0.6876393232730291
196.47091505083617,0.6877717611100711
196.490916162009,0.6879043511402734
196.51091727318186,0.6880370932990063
196.5309183843547,0.6881699875215657
196.55091949552752,0.6883030337431733
196.57092060670038,0.688436231898977
196.59092171787321,0.68856958192405
196.61092282904607,0.6887030837533924
196.6309239402189,0.6888367373219293
196.65092505139174,0.6889705425645126
196.6709261625646,0.6891044994159201
196.69092727373743,0.6892386078108554
196.7109283849103,0.689372867683949
196.73092949608312,0.6895072789697559
196.75093060725595,0.6896418416027592
196.7709317184288,0.6897765555173674
196.79093282960164,0.6899114206479148
196.8109339407745,0.690046436928663
196.83093505194734,0.6901816042937989
196.85093616312017,0.6903169226774367
196.87093727429303,0.6904523920136165
196.89093838546586,0.6905880122363044
196.91093949663872,0.690723783279394
196.93094060781155,0.6908597050767042
196.95094171898438,0.6909957775619815
196.97094283015724,0.6911320006688983
196.99094394133007,0.6912683743310537
197.01094505250293,0.6914048984819736
197.03094616367576,0.69154157305511
197.0509472748486,0.6916783979838421
197.07094838602146,0.691815373201476
197.0909494971943,0.691952498641244
197.11095060836715,0.6920897742363055
197.13095171953998,0.6922271999197462
197.1509528307128,0.6923647756245795
197.17095394188567,0.6925025012837454
197.1909550530585,0.6926403768301099
197.21095616423136,0.6927784021964674
197.2309572754042,0.6929165773155379
197.25095838657703,0.6930549021199697
197.27095949774989,0.693193376542337
197.29096060892272,0.6933320005151417
197.31096172009558,0.6934707739708127
197.3309628312684,0.6936096968417058
197.35096394244124,0.6937487690601043
197.3709650536141,0.6938879905582189
197.39096616478693,0.6940273612681866
197.4109672759598,0.6941668811220726
197.43096838713262,0.6943065500518688
197.45096949830545,0.6944463679894948
197.47097060947831,0.6945863348667978
197.49097172065115,0.6947264506155515
197.510972831824,0.6948667151674581
197.53097394299684,0.6950071284541465
197.55097505416967,0.6951476904071733
197.57097616534253,0.6952884009580231
197.59097727651536,0.6954292600381071
197.61097838768822,0.6955702675787652
197.63097949886105,0.6957114235112638
197.65098061003388,0.6958527277667981
197.67098172120674,0.6959941802764906
197.69098283237958,0.6961357809713908
197.71098394355243,0.6962775297824769
197.73098505472527,0.6964194266406545
197.7509861658981,0.6965614714767571
197.77098727707096,0.6967036642215463
197.7909883882438,0.696846004805711
197.81098949941665,0.6969884931598689
197.83099061058948,0.6971311292145647
197.8509917217623,0.6972739129002719
197.87099283293517,0.6974168441473916
197.890993944108,0.6975599228862532
197.91099505528086,0.6977031490471142
197.9309961664537,0.6978465225601598
197.95099727762653,0.697990043355504
197.9709983887994,0.6981337113631887
197.99099949997222,0.698277526513184
198.01100061114508,0.6984214887353888
198.0310017223179,0.698565597959629
198.05100283349077,0.6987098541156604
198.0710039446636,0.6988542571331663
198.09100505583643,0.6989988069417584
198.1110061670093,0.6991435034709774
198.13100727818212,0.6992883466502919
198.15100838935498,0.6994333364090994
198.17100950052782,0.6995784726767256
198.19101061170065,0.699723755382425
198.2110117228735,0.699869184455381
198.23101283404634,0.7000147598247051
198.2510139452192,0.700160481419438
198.27101505639203,0.7003063491685484
198.29101616756486,0.7004523630009345
198.31101727873772,0.7005985228454235
198.33101838991055,0.70074482863077
198.3510195010834,0.7008912802856593
198.37102061225625,0.7010378777387041
198.39102172342908,0.7011846209184467
198.41102283460194,0.7013315097533588
198.43102394577477,0.70147854417184
198.45102505694763,0.70162572410222
198.47102616812046,0.7017730494727568
198.4910272792933,0.701920520211638
198.51102839046615,0.7020681362469803
198.53102950163898,0.7022158975068291
198.55103061281184,0.7023638039191598
198.57103172398467,0.7025118554118761
198.5910328351575,0.7026600519128117
198.61103394633037,0.7028083933497296
198.6310350575032,0.7029568796503216
198.65103616867606,0.7031055107422097
198.6710372798489,0.7032542865529443
198.69103839102172,0.7034032070100061
198.71103950219458,0.7035522720408052
198.7310406133674,0.7037014815726806
198.75104172454027,0.7038508355329018
198.7710428357131,0.704000333848667
198.79104394688594,0.7041499764471045
198.8110450580588,0.7042997632552725
198.83104616923163,0.7044496942001583
198.8510472804045,0.7045997692086796
198.87104839157732,0.7047499882076831
198.89104950275015,0.704900351123946
198.911050613923,0.7050508578841752
198.93105172509584,0.7052015084150072
198.9510528362687,0.7053523026430089
198.97105394744153,0.7055032404946762
198.99105505861436,0.7056543218964362
199.01105616978722,0.7058055467746454
199.03105728096006,0.7059569150555902
199.05105839213292,0.7061084266654878
199.07105950330575,0.7062600815304846
199.09106061447858,0.7064118795766577
199.11106172565144,0.7065638207300149
199.13106283682427,0.7067159049164929
199.15106394799713,0.7068681320619603
199.17106505916996,0.7070205020922145
199.1910661703428,0.7071730149329841
199.21106728151565,0.7073256705099283
199.23106839268848,0.707478468748636
199.25106950386134,0.7076314095746271
199.27107061503418,0.7077844929133517
199.291071726207,0.7079377186901907
199.31107283737987,0.7080910868304553
199.3310739485527,0.7082445972593874
199.35107505972556,0.7083982499021595
199.3710761708984,0.708552044683875
199.39107728207122,0.7087059815295678
199.41107839324408,0.7088600603642028
199.4310795044169,0.7090142811126752
199.45108061558977,0.7091686436998115
199.4710817267626,0.7093231480503688
199.49108283793544,0.7094777940890351
199.5110839491083,0.7096325817404299
199.53108506028113,0.7097875109291026
199.551086171454,0.7099425815795346
199.57108728262682,0.7100977936161378
199.59108839379965,0.7102531469632553
199.6110895049725,0.7104086415451618
199.63109061614534,0.7105642772860619
199.6510917273182,0.7107200541100926
199.67109283849103,0.7108759719413218
199.69109394966387,0.7110320307037485
199.71109506083673,0.7111882303213033
199.73109617200956,0.7113445707178476
199.75109728318242,0.7115010518171749
199.77109839435525,0.7116576735430095
199.79109950552808,0.7118144358190073
199.81110061670094,0.711971338568756
199.83110172787377,0.7121283817157746
199.85110283904663,0.7122855651835136
199.87110395021946,0.7124428888953551
199.8911050613923,0.712600352774613
199.91110617256516,0.7127579567445332
199.931107283738,0.712915700728292
199.95110839491085,0.7130735846489991
199.97110950608368,0.7132316084296948
199.9911106172565,0.7133897719933517
200.01111172842937,0.7135480752628748
200.0311128396022,0.7137065181610998
200.05111395077506,0.7138651006107952
200.0711150619479,0.7140238225346613
200.09111617312072,0.7141826838553302
200.11111728429358,0.7143416844953665
200.13111839546642,0.7145008243772664
200.15111950663928,0.7146601034234585
200.1711206178121,0.7148195215563035
200.19112172898494,0.7149790786980941
200.2111228401578,0.7151387747710559
200.23112395133063,0.7152986096973459
200.2511250625035,0.7154585833990543
200.27112617367632,0.7156186957982027
200.29112728484915,0.7157789468167456
200.311128396022,0.7159393363765704
200.33112950719485,0.7160998643994959
200.3511306183677,0.7162605308072747
200.37113172954054,0.7164213355215905
200.39113284071337,0.7165822784640606
200.41113395188623,0.7167433595562351
200.43113506305906,0.7169045787195956
200.45113617423192,0.7170659358755578
200.47113728540475,0.7172274309454687
200.49113839657758,0.7173890638506092
200.51113950775044,0.7175508345121929
200.53114061892327,0.7177127428513654
200.55114173009613,0.7178747887892066
200.57114284126897,0.7180369722467277
200.5911439524418,0.7181992931448737
200.61114506361466,0.7183617514045233
200.6311461747875,0.7185243469464866
200.65114728596035,0.7186870796915085
200.67114839713318,0.7188499495602656
200.691149508306,0.7190129564733687
200.71115061947887,0.7191761003513613
200.7311517306517,0.71933938111472
200.75115284182456,0.7195027986838552
200.7711539529974,0.7196663529791101
200.79115506417023,0.7198300439207614
200.8111561753431,0.7199938714290197
200.83115728651592,0.7201578354240281
200.85115839768878,0.720321935825864
200.8711595088616,0.7204861725545376
200.89116062003444,0.7206505455299932
200.9111617312073,0.720815054672109
200.93116284238013,0.7209796999006957
200.951163953553,0.7211444811354983
200.97116506472582,0.7213093982961956
200.99116617589866,0.7214744513024002
201.01116728707152,0.7216396400736584
201.03116839824435,0.7218049645294499
201.0511695094172,0.721970424589189
201.07117062059004,0.7221360201722231
201.09117173176287,0.7223017511978344
201.11117284293573,0.7224676175852385
201.13117395410856,0.7226336192535848
201.15117506528142,0.7227997561219577
201.17117617645425,0.7229660281093746
201.19117728762708,0.7231324351347878
201.21117839879994,0.7232989771170838
201.23117950997278,0.7234656539750823
201.25118062114564,0.7236324656275387
201.27118173231847,0.7237994119931415
201.2911828434913,0.7239664929905142
201.31118395466416,0.7241337085382148
201.331185065837,0.7243010585547349
201.35118617700985,0.7244685429585016
201.37118728818268,0.7246361616678754
201.3911883993555,0.7248039146011522
201.41118951052837,0.7249718016765625
201.4311906217012,0.7251398228122705
201.45119173287407,0.7253079779263761
201.4711928440469,0.725476266936913
201.49119395521973,0.7256446897618503
201.5111950663926,0.7258132463190918
201.53119617756542,0.7259819365264757
201.55119728873828,0.7261507603017758
201.5711983999111,0.7263197175626994
201.59119951108394,0.7264888082268901
201.6112006222568,0.7266580322119263
201.63120173342963,0.7268273894353207
201.6512028446025,0.7269968798145218
201.67120395577533,0.7271665032669123
201.69120506694816,0.7273362597098112
201.71120617812102,0.7275061490604722
201.73120728929385,0.7276761712360833
201.7512084004667,0.7278463261537693
201.77120951163954,0.7280166137305892
201.79121062281237,0.7281870338835377
201.81121173398523,0.7283575865295451
201.83121284515806,0.7285282715854764
201.85121395633092,0.7286990889681332
201.87121506750375,0.7288700385942513
201.8912161786766,0.7290411203805027
201.91121728984945,0.7292123342434955
201.93121840102228,0.7293836800997723
201.95121951219514,0.7295551578658124
201.97122062336797,0.7297267674580299
201.9912217345408,0.7298985087927753
202.01122284571366,0.7300703817863348
202.0312239568865,0.7302423863549299
202.05122506805935,0.7304145224147187
202.07122617923218,0.7305867898817946
202.09122729040502,0.7307591886721874
202.11122840157788,0.7309317187018627
202.1312295127507,0.7311043798867218
202.15123062392357,0.7312771721426028
202.1712317350964,0.7314500953852792
202.19123284626923,0.7316231495304613
202.2112339574421,0.7317963344937948
202.23123506861492,0.7319696501908621
202.25123617978778,0.7321430965371822
202.2712372909606,0.7323166734482098
202.29123840213344,0.7324903808393362
202.3112395133063,0.7326642186258894
202.33124062447914,0.7328381867231332
202.351241735652,0.7330122850462686
202.37124284682483,0.7331865135104324
202.39124395799766,0.7333608720306984
202.41124506917052,0.7335353605220774
202.43124618034335,0.7337099788995157
202.4512472915162,0.7338847270778975
202.47124840268904,0.7340596049720428
202.49124951386187,0.734234612496709
202.51125062503473,0.7344097495665904
202.53125173620757,0.734585016096317
202.55125284738043,0.7347604120004573
202.57125395855326,0.7349359371935154
202.59125506972612,0.7351115915899333
202.61125618089895,0.7352873751040896
202.63125729207178,0.7354632876502998
202.65125840324464,0.7356393291428172
202.67125951441747,0.7358154994958312
202.69126062559033,0.7359917986234698
202.71126173676316,0.7361682264397964
202.731262847936,0.7363447828588133
202.75126395910885,0.7365214677944596
202.7712650702817,0.7366982811606111
202.79126618145455,0.736875222871082
202.81126729262738,0.737052292839623
202.8312684038002,0.7372294909799235
202.85126951497307,0.7374068172056091
202.8712706261459,0.7375842714302434
202.89127173731876,0.7377618535673285
202.9112728484916,0.7379395635303025
202.93127395966442,0.7381174012325427
202.95127507083728,0.7382953665873635
202.97127618201012,0.7384734595080167
202.99127729318297,0.738651679907693
203.0112784043558,0.7388300276995197
203.03127951552864,0.7390085027965626
203.0512806267015,0.739187105111826
203.07128173787433,0.739365834558251
203.0912828490472,0.7395446910487179
203.11128396022002,0.739723674496044
203.13128507139285,0.7399027848129855
203.1512861825657,0.740082021912237
203.17128729373854,0.74026138570643
203.1912884049114,0.7404408761081354
203.21128951608424,0.7406204930298619
203.23129062725707,0.7408002363840567
203.25129173842993,0.7409801060831056
203.27129284960276,0.7411601020393322
203.29129396077562,0.7413402241649993
203.31129507194845,0.7415204723723074
203.33129618312128,0.7417008465733963
203.35129729429414,0.7418813466803439
203.37129840546697,0.7420619726051667
203.39129951663983,0.7422427242598203
203.41130062781266,0.7424236015561985
203.4313017389855,0.7426046044061342
203.45130285015836,0.7427857327213992
203.4713039613312,0.7429669864137038
203.49130507250405,0.7431483653946975
203.51130618367688,0.743329869575968
203.5313072948497,0.743511498869043
203.55130840602257,0.7436932531853889
203.5713095171954,0.7438751324364106
203.59131062836826,0.7440571365334528
203.6113117395411,0.7442392653877989
203.63131285071393,0.7444215189106715
203.65131396188679,0.7446038970132333
203.67131507305962,0.7447863996065847
203.69131618423248,0.7449690266017667
203.7113172954053,0.745151777909759
203.73131840657814,0.7453346534414811
203.751319517751,0.7455176531077918
203.77132062892383,0.7457007768194893
203.7913217400967,0.7458840244873117
203.81132285126952,0.746067396021936
203.83132396244235,0.746250891333979
203.85132507361521,0.7464345103339981
203.87132618478805,0.746618252932489
203.8913272959609,0.7468021190398884
203.91132840713374,0.7469861085665718
203.93132951830657,0.747170221422855
203.95133062947943,0.7473544575189941
203.97133174065226,0.7475388167651842
203.99133285182512,0.7477232990715612
204.01133396299795,0.7479079043482004
204.03133507417078,0.7480926325051176
204.05133618534364,0.7482774834522685
204.07133729651648,0.748462457099549
204.09133840768934,0.7486475533567954
204.11133951886217,0.7488327721337834
204.131340630035,0.7490181133402298
204.15134174120786,0.7492035768857921
204.1713428523807,0.7493891626800668
204.19134396355355,0.7495748706325922
204.21134507472638,0.7497607006528458
204.2313461858992,0.7499466526502467
204.25134729707207,0.7501327265341542
204.2713484082449,0.7503189222138676
204.29134951941776,0.7505052395986278
204.3113506305906,0.7506916785976154
204.33135174176343,0.7508782391199524
204.3513528529363,0.7510649210747018
204.37135396410912,0.7512517243708662
204.39135507528198,0.7514386489173904
204.4113561864548,0.7516256946231592
204.43135729762764,0.7518128613969988
204.4513584088005,0.7520001491476767
204.47135951997333,0.7521875577838999
204.4913606311462,0.7523750872143186
204.51136174231902,0.7525627373475223
204.53136285349186,0.7527505080920428
204.55136396466472,0.752938399356353
204.57136507583755,0.7531264110488665
204.5913661870104,0.7533145430779385
204.61136729818324,0.7535027953518656
204.63136840935607,0.7536911677788856
204.65136952052893,0.7538796602671782
204.67137063170176,0.754068272724864
204.69137174287462,0.7542570050600055
204.71137285404745,0.7544458571806063
204.73137396522029,0.7546348289946123
204.75137507639315,0.754823920409911
204.77137618756598,0.7550131313343303
204.79137729873884,0.7552024616756418
204.81137840991167,0.7553919113415573
204.8313795210845,0.7555814802397313
204.85138063225736,0.7557711682777603
204.8713817434302,0.7559609753631817
204.89138285460305,0.7561509014034762
204.91138396577588,0.7563409463060655
204.93138507694871,0.7565311099783137
204.95138618812157,0.7567213923275274
204.9713872992944,0.7569117932609546
204.99138841046727,0.7571023126857863
205.0113895216401,0.7572929505091547
205.03139063281293,0.7574837066381354
205.0513917439858,0.7576745809797459
205.07139285515862,0.7578655734409456
205.09139396633148,0.7580566839286377
205.1113950775043,0.7582479123496655
205.13139618867714,0.7584392586108171
205.15139729985,0.7586307226188224
205.17139841102284,0.7588223042803532
205.1913995221957,0.7590140035020253
205.21140063336853,0.7592058201903957
205.23140174454136,0.7593977542519653
205.25140285571422,0.7595898055931776
205.27140396688705,0.7597819741204181
205.2914050780599,0.7599742597400164
205.31140618923274,0.7601666623582439
205.33140730040557,0.7603591818813156
205.35140841157843,0.7605518182153899
205.37140952275126,0.7607445712665669
205.39141063392412,0.7609374409408918
205.41141174509696,0.7611304271443506
205.4314128562698,0.7613235297828742
205.45141396744265,0.7615167487623367
205.47141507861548,0.7617100839885543
205.49141618978834,0.761903535367288
205.51141730096117,0.7620971028042408
205.531418412134,0.7622907862050602
205.55141952330686,0.7624845854753369
205.5714206344797,0.7626785005206046
205.59142174565255,0.7628725312463414
205.61142285682538,0.7630666775579681
205.63142396799822,0.7632609393608498
205.65142507917108,0.7634553165602955
205.6714261903439,0.7636498090615571
205.69142730151677,0.7638444167698311
205.7114284126896,0.7640391395902572
205.73142952386243,0.7642339774279194
205.7514306350353,0.7644289301878463
205.77143174620812,0.7646239977750087
205.79143285738098,0.7648191800943229
205.8114339685538,0.7650144770506486
205.83143507972665,0.7652098885487902
205.8514361908995,0.765405414493496
205.87143730207234,0.765601054789458
205.8914384132452,0.7657968093413132
205.91143952441803,0.7659926780536425
205.93144063559086,0.7661886608309711
205.95144174676372,0.7663847575777694
205.97144285793655,0.7665809681984508
205.9914439691094,0.7667772925973747
206.01144508028224,0.7669737306788437
206.03144619145507,0.7671702823471059
206.05144730262793,0.7673669475063544
206.07144841380077,0.7675637260607252
206.09144952497363,0.7677606179143008
206.11145063614646,0.7679576229711077
206.1314517473193,0.7681547411351173
206.15145285849215,0.7683519723102463
206.17145396966498,0.7685493164003554
206.19145508083784,0.7687467733092515
206.21145619201067,0.7689443429406848
206.2314573031835,0.7691420251983523
206.25145841435636,0.7693398199858954
206.2714595255292,0.7695377272069002
206.29146063670206,0.7697357467648989
206.3114617478749,0.7699338785633678
206.33146285904772,0.7701321225057296
206.35146397022058,0.770330478495352
206.3714650813934,0.7705289464355477
206.39146619256627,0.7707275262295751
206.4114673037391,0.7709262177806379
206.43146841491193,0.7711250209918856
206.4514695260848,0.7713239357664136
206.47147063725762,0.7715229620072617
206.49147174843048,0.771722099617417
206.51147285960332,0.7719213484998106
206.53147397077615,0.7721207085573208
206.551475081949,0.7723201796927712
206.57147619312184,0.7725197618089308
206.5914773042947,0.7727194548085152
206.61147841546753,0.7729192585941853
206.63147952664036,0.7731191730685486
206.65148063781322,0.7733191981341585
206.67148174898605,0.7735193336935141
206.6914828601589,0.7737195796490615
206.71148397133175,0.7739199359031914
206.73148508250458,0.7741204023582423
206.75148619367744,0.7743209789164988
206.77148730485027,0.7745216654801906
206.79148841602313,0.7747224619514955
206.81148952719596,0.7749233682325363
206.8314906383688,0.775124384225383
206.85149174954165,0.7753255098320522
206.87149286071448,0.7755267449545062
206.89149397188734,0.7757280894946554
206.91149508306017,0.7759295433543554
206.931496194233,0.7761311064354092
206.95149730540587,0.7763327786395667
206.9714984165787,0.7765345598685242
206.99149952775156,0.7767364500239253
207.0115006389244,0.7769384490073602
207.03150175009722,0.7771405567203656
207.05150286127008,0.7773427730644265
207.0715039724429,0.7775450979409735
207.09150508361577,0.7777475312513854
207.1115061947886,0.7779500728969873
207.13150730596146,0.7781527227790523
207.1515084171343,0.7783554807988
207.17150952830713,0.7785583468573978
207.19151063948,0.7787613208559603
207.21151175065282,0.7789644026955493
207.23151286182568,0.7791675922771745
207.2515139729985,0.7793708895017921
207.27151508417134,0.7795742942703071
207.2915161953442,0.7797778064835715
207.31151730651703,0.7799814260423844
207.3315184176899,0.7801851528474939
207.35151952886272,0.7803889867995939
207.37152064003556,0.7805929277993278
207.39152175120842,0.7807969757472862
207.41152286238125,0.7810011305440074
207.4315239735541,0.781205392089978
207.45152508472694,0.7814097602856319
207.47152619589977,0.7816142350313517
207.49152730707263,0.7818188162274683
207.51152841824546,0.7820235037742594
207.53152952941832,0.7822282975719523
207.55153064059115,0.7824331975207215
207.57153175176398,0.7826382035206904
207.59153286293684,0.7828433154719305
207.61153397410968,0.7830485332744613
207.63153508528254,0.7832538568282517
207.65153619645537,0.7834592860332177
207.6715373076282,0.7836648207892245
207.69153841880106,0.7838704609960861
207.7115395299739,0.7840762065535647
207.73154064114675,0.7842820573613715
207.75154175231958,0.7844880133191657
207.7715428634924,0.784694074326556
207.79154397466527,0.7849002402830999
207.8115450858381,0.7851065110883029
207.83154619701097,0.7853128866416204
207.8515473081838,0.7855193668424558
207.87154841935663,0.7857259515901622
207.8915495305295,0.785932640784042
207.91155064170232,0.7861394343233454
207.93155175287518,0.7863463321072732
207.951552864048,0.7865533340349742
207.97155397522084,0.7867604400055472
207.9915550863937,0.7869676499180407
208.01155619756653,0.7871749636714506
208.0315573087394,0.7873823811647244
208.05155841991223,0.7875899022967574
208.07155953108506,0.7877975269663957
208.09156064225792,0.7880052550724344
208.11156175343075,0.7882130865136173
208.1315628646036,0.7884210211886395
208.15156397577644,0.7886290589961443
208.17156508694927,0.7888371998347256
208.19156619812213,0.7890454436029268
208.21156730929496,0.7892537901992411
208.23156842046782,0.7894622395221118
208.25156953164065,0.7896707914699316
208.2715706428135,0.7898794459410435
208.29157175398635,0.7900882028337415
208.31157286515918,0.7902970620462673
208.33157397633204,0.790506023476815
208.35157508750487,0.7907150870235276
208.3715761986777,0.790924252584499
208.39157730985056,0.7911335200577734
208.4115784210234,0.7913428893413443
208.43157953219625,0.7915523603331571
208.45158064336908,0.7917619329311063
208.47158175454192,0.7919716070330375
208.49158286571478,0.7921813825367471
208.5115839768876,0.7923912593399811
208.53158508806047,0.7926012373404374
208.5515861992333,0.7928113164357633
208.57158731040613,0.7930214965235577
208.591588421579,0.7932317775013702
208.61158953275182,0.7934421592667006
208.63159064392468,0.7936526417170007
208.6515917550975,0.7938632247496714
208.67159286627034,0.7940739082620663
208.6915939774432,0.7942846921514897
208.71159508861604,0.7944955763151961
208.7315961997889,0.7947065606503922
208.75159731096173,0.7949176450542349
208.77159842213456,0.795128829423833
208.79159953330742,0.7953401136562466
208.81160064448025,0.7955514976484865
208.8316017556531,0.7957629812975157
208.85160286682594,0.7959745645002476
208.87160397799877,0.7961862471535481
208.89160508917163,0.7963980291542343
208.91160620034447,0.7966099103990743
208.93160731151733,0.796821890784789
208.95160842269016,0.7970339702080491
208.971609533863,0.797246148565479
208.99161064503585,0.7974584257536541
209.01161175620868,0.7976708016691012
209.03161286738154,0.7978832762082997
209.05161397855437,0.7980958492676802
209.0716150897272,0.7983085207436259
209.09161620090006,0.798521290532472
209.1116173120729,0.798734158530505
209.13161842324575,0.7989471246339648
209.1516195344186,0.799160188739042
209.17162064559142,0.7993733507418808
209.19162175676428,0.799586610538577
209.2116228679371,0.7997999680251785
209.23162397910997,0.8000134230976863
209.2516250902828,0.800226975652053
209.27162620145563,0.8004406255841845
209.2916273126285,0.8006543727899391
209.31162842380132,0.8008682171651265
209.33162953497418,0.8010821586055108
209.35163064614702,0.8012961970068073
209.37163175731985,0.801510332264685
209.3916328684927,0.8017245642747658
209.41163397966554,0.8019388929326233
209.4316350908384,0.8021533181337854
209.45163620201123,0.8023678397737316
209.47163731318406,0.8025824577478953
209.49163842435692,0.802797171951663
209.51163953552975,0.8030119822803734
209.5316406467026,0.8032268886293196
209.55164175787544,0.8034418908937464
209.57164286904828,0.8036569889688532
209.59164398022114,0.8038721827497927
209.61164509139397,0.8040874721316691
209.63164620256683,0.8043028570095422
209.65164731373966,0.8045183372784239
209.6716484249125,0.8047339128332804
209.69164953608535,0.8049495835690312
209.71165064725818,0.805165349380549
209.73165175843104,0.8053812101626607
209.75165286960387,0.8055971658101466
209.7716539807767,0.8058132162177407
209.79165509194956,0.8060293612801315
209.8116562031224,0.8062456008919601
209.83165731429526,0.8064619349478227
209.8516584254681,0.8066783633422687
209.87165953664092,0.806894885969802
209.89166064781378,0.8071115027248805
209.9116617589866,0.8073282135019157
209.93166287015947,0.8075450181952745
209.9516639813323,0.807761916699276
209.97166509250513,0.8079789089081952
209.991666203678,0.8081959947162616
210.01166731485083,0.8084131740176576
210.03166842602369,0.8086304467065215
210.05166953719652,0.8088478126769449
210.07167064836935,0.8090652718229749
210.0916717595422,0.8092828240386131
210.11167287071504,0.8095004692178145
210.1316739818879,0.8097182072544906
210.15167509306073,0.809936038042506
210.17167620423356,0.8101539614756812
210.19167731540642,0.8103719774477913
210.21167842657925,0.8105900858525659
210.23167953775211,0.8108082865836903
210.25168064892495,0.8110265795348033
210.27168176009778,0.8112449645995004
210.29168287127064,0.8114634416713316
210.31168398244347,0.8116820106438016
210.33168509361633,0.8119006714103714
210.35168620478916,0.8121194238644557
210.371687315962,0.8123382678994258
210.39168842713485,0.8125572034086082
210.41168953830768,0.812776230285284
210.43169064948054,0.8129953484226907
210.45169176065338,0.8132145577140206
210.4716928718262,0.8134338580524221
210.49169398299907,0.813653249330999
210.5116950941719,0.8138727314428105
210.53169620534476,0.8140923042808723
210.5516973165176,0.8143119677381552
210.57169842769042,0.8145317217075855
210.59169953886328,0.8147515660820466
210.6117006500361,0.8149715007543764
210.63170176120897,0.8151915256173703
210.6517028723818,0.8154116405637781
210.67170398355464,0.8156318454863071
210.6917050947275,0.8158521402776202
210.71170620590033,0.816072524830336
210.7317073170732,0.8162929990370305
210.75170842824602,0.8165135627902345
210.77170953941885,0.8167342159824365
210.7917106505917,0.8169549585060809
210.81171176176454,0.8171757902535681
210.8317128729374,0.817396711117256
210.85171398411023,0.8176177209894577
210.87171509528307,0.8178388197624444
210.89171620645592,0.8180600073284435
210.91171731762876,0.8182812835796379
210.93171842880162,0.8185026484081691
210.95171953997445,0.818724101706134
210.97172065114728,0.8189456433655872
210.99172176232014,0.8191672732785403
211.01172287349297,0.819388991336961
211.03172398466583,0.8196107974327752
211.05172509583866,0.8198326914578647
211.0717262070115,0.8200546733040693
211.09172731818435,0.8202767428631861
211.11172842935719,0.8204989000269683
211.13172954053005,0.820721144687128
211.15173065170288,0.820943476735333
211.1717317628757,0.8211658960632098
211.19173287404857,0.8213884025623422
211.2117339852214,0.8216109961242704
211.23173509639426,0.8218336766404933
211.2517362075671,0.822056444002467
211.27173731873992,0.8222792981016054
211.29173842991278,0.8225022388292803
211.31173954108561,0.8227252660768205
211.33174065225847,0.8229483797355137
211.3517417634313,0.8231715796966045
211.37174287460414,0.823394865851296
211.391743985777,0.8236182380907493
211.41174509694983,0.823841696306083
211.4317462081227,0.8240652403883748
211.45174731929552,0.8242888702286592
211.47174843046835,0.82451258571793
211.4917495416412,0.8247363867471391
211.51175065281404,0.824960273207196
211.5317517639869,0.8251842449889698
211.55175287515974,0.8254083019832862
211.57175398633257,0.8256324440809308
211.59175509750543,0.8258566711726478
211.61175620867826,0.8260809831491388
211.63175731985112,0.8263053799010653
211.65175843102395,0.8265298613190465
211.6717595421968,0.8267544272936611
211.69176065336964,0.8269790777154457
211.71176176454247,0.8272038124748965
211.73176287571533,0.8274286314624686
211.75176398688816,0.8276535345685754
211.77176509806102,0.82787852168359
211.79176620923386,0.8281035926978438
211.8117673204067,0.8283287475016281
211.83176843157955,0.8285539859851933
211.85176954275238,0.8287793080387478
211.87177065392524,0.8290047135524609
211.89177176509807,0.8292302024164598
211.9117728762709,0.8294557745208323
211.93177398744376,0.8296814297556253
211.9517750986166,0.8299071680108443
211.97177620978945,0.8301329891764555
211.99177732096229,0.8303588931423839
212.01177843213512,0.8305848797985143
212.03177954330798,0.8308109490346919
212.0517806544808,0.8310371007407203
212.07178176565367,0.8312633348063644
212.0917828768265,0.8314896511213475
212.11178398799933,0.8317160495753539
212.1317850991722,0.8319425300580278
212.15178621034502,0.8321690924589724
212.17178732151788,0.8323957366677526
212.19178843269071,0.8326224625738912
212.21178954386355,0.8328492700668733
212.2317906550364,0.8330761590361435
212.25179176620924,0.8333031293711061
212.2717928773821,0.8335301809611266
212.29179398855493,0.8337573136955303
212.31179509972776,0.8339845274636033
212.33179621090062,0.8342118221545922
212.35179732207345,0.8344391976577035
212.3717984332463,0.8346666538621055
212.39179954441914,0.8348941906569259
212.41180065559197,0.835121807931254
212.43180176676483,0.8353495055741398
212.45180287793767,0.8355772834745934
212.47180398911053,0.835805141521587
212.49180510028336,0.836033079604052
212.5118062114562,0.8362610976108823
212.53180732262905,0.8364891954309328
212.55180843380188,0.8367173729530183
212.57180954497474,0.836945630065916
212.59181065614757,0.8371739666583635
212.6118117673204,0.83740238261906
212.63181287849326,0.8376308778366662
212.6518139896661,0.8378594521998036
212.67181510083896,0.8380881055970559
212.6918162120118,0.8383168379169672
212.71181732318462,0.8385456490480442
212.73181843435748,0.8387745388787549
212.7518195455303,0.8390035072975282
212.77182065670317,0.8392325541927559
212.791821767876,0.8394616794527903
212.81182287904883,0.8396908829659464
212.8318239902217,0.8399201646205016
212.85182510139452,0.8401495243046928
212.87182621256738,0.8403789619067217
212.89182732374022,0.84060847731475
212.91182843491305,0.8408380704169026
212.9318295460859,0.8410677411012665
212.95183065725874,0.8412974892558899
212.9718317684316,0.8415273147687845
212.99183287960443,0.8417572175279231
213.01183399077726,0.8419871974212417
213.03183510195012,0.8422172543366389
213.05183621312295,0.8424473881619745
213.0718373242958,0.8426775987850723
213.09183843546865,0.8429078860937174
213.11183954664148,0.8431382499756583
213.13184065781434,0.8433686903186066
213.15184176898717,0.8435992070102349
213.17184288016003,0.8438297999381804
213.19184399133286,0.844060468990042
213.2118451025057,0.844291214053382
213.23184621367855,0.8445220350157261
213.25184732485138,0.8447529317645617
213.27184843602424,0.8449839041873407
213.29184954719707,0.8452149521714768
213.3118506583699,0.8454460756043478
213.33185176954277,0.8456772743732948
213.3518528807156,0.8459085483656211
213.37185399188846,0.8461398974685947
213.3918551030613,0.8463713215694458
213.41185621423412,0.8466028205553687
213.43185732540698,0.8468343943135216
213.4518584365798,0.8470660427310248
213.47185954775267,0.8472977656949644
213.4918606589255,0.8475295630923875
213.51186177009834,0.8477614348103067
213.5318628812712,0.8479933807356987
213.55186399244403,0.8482254007555026
213.5718651036169,0.8484574947566224
213.59186621478972,0.8486896626259255
213.61186732596255,0.8489219042502435
213.6318684371354,0.8491542195163727
213.65186954830824,0.849386608311072
213.6718706594811,0.8496190705210662
213.69187177065393,0.8498516060330427
213.71187288182676,0.8500842147336541
213.73187399299962,0.8503168965095177
213.75187510417246,0.8505496512472139
213.77187621534532,0.8507824788332892
213.79187732651815,0.8510153791542524
213.81187843769098,0.8512483520965788
213.83187954886384,0.8514813975467077
213.85188066003667,0.8517145153910426
213.87188177120953,0.8519477055159526
213.89188288238236,0.8521809678077702
213.9118839935552,0.8524143021527941
213.93188510472805,0.8526477084372877
213.95188621590088,0.8528811865474782
213.97188732707374,0.8531147363695593
213.99188843824658,0.8533483577896883
214.0118895494194,0.8535820506939886
214.03189066059227,0.8538158149685487
214.0518917717651,0.8540496504994217
214.07189288293796,0.8542835571726268
214.0918939941108,0.8545175348741474
214.11189510528362,0.8547515834899336
214.13189621645648,0.8549857029059
214.1518973276293,0.8552198930079268
214.17189843880217,0.8554541536818602
214.191899549975,0.8556884848135112
214.21190066114784,0.8559228862886574
214.2319017723207,0.8561573579930418
214.25190288349353,0.8563918998123725
214.2719039946664,0.8566265116323247
214.29190510583922,0.856861193338538
214.31190621701205,0.8570959448166191
214.3319073281849,0.8573307659521403
214.35190843935774,0.8575656566306397
214.3719095505306,0.857800616737622
214.39191066170343,0.8580356461585572
214.41191177287627,0.8582707447788825
214.43191288404913,0.8585059124840017
214.45191399522196,0.8587411491592826
214.47191510639482,0.8589764546900621
214.49191621756765,0.8592118289616418
214.51191732874048,0.8594472718592907
214.53191843991334,0.8596827832682442
214.55191955108617,0.8599183630737037
214.57192066225903,0.8601540111608382
214.59192177343186,0.8603897274147825
214.6119228846047,0.8606255117206386
214.63192399577756,0.8608613639634759
214.6519251069504,0.8610972840283294
214.67192621812325,0.8613332718002022
214.69192732929608,0.8615693271640636
214.7119284404689,0.8618054500048506
214.73192955164177,0.8620416402074674
214.7519306628146,0.8622778976567839
214.77193177398746,0.8625142222376392
214.7919328851603,0.8627506138348381
214.81193399633312,0.8629870723331536
214.83193510750598,0.8632235976173266
214.85193621867882,0.8634601895720637
214.87193732985168,0.8636968480820408
214.8919384410245,0.8639335730319001
214.91193955219734,0.8641703643062522
214.9319406633702,0.8644072217896752
214.95194177454303,0.8646441453667143
214.9719428857159,0.8648811349218837
214.99194399688872,0.8651181903396641
215.01194510806155,0.865355311504505
215.0319462192344,0.8655924983008237
215.05194733040724,0.8658297506130052
215.0719484415801,0.8660670683254033
215.09194955275294,0.8663044513223382
215.11195066392577,0.8665418994881003
215.13195177509863,0.8667794127069475
215.15195288627146,0.8670169908631054
215.17195399744432,0.8672546338407687
215.19195510861715,0.8674923415241002
215.21195621978998,0.8677301137972309
215.23195733096284,0.8679679505442612
215.25195844213567,0.868205851649259
215.27195955330853,0.8684438169962617
215.29196066448137,0.8686818464692745
215.3119617756542,0.8689199399522719
215.33196288682706,0.8691580973291978
215.3519639979999,0.8693963184839634
215.37196510917275,0.8696346033004507
215.39196622034558,0.8698729516625086
215.4119673315184,0.8701113634539565
215.43196844269127,0.8703498385585828
215.4519695538641,0.8705883768601441
215.47197066503696,0.8708269782423677
215.4919717762098,0.8710656425889483
215.51197288738263,0.8713043697835513
215.5319739985555,0.8715431597098113
215.55197510972832,0.8717820122513317
215.57197622090118,0.8720209272916859
215.591977332074,0.8722599047144165
215.61197844324684,0.8724989444030359
215.6319795544197,0.8727380462410265
215.65198066559253,0.8729772101118394
215.6719817767654,0.8732164358988967
215.69198288793822,0.8734557234855891
215.71198399911106,0.873695072755278
215.73198511028392,0.8739344835912953
215.75198622145675,0.8741739558769408
215.7719873326296,0.8744134894954865
215.79198844380244,0.874653084330173
215.81198955497527,0.8748927402642122
215.83199066614813,0.8751324571807857
215.85199177732096,0.8753722349630453
215.87199288849382,0.8756120734941134
215.89199399966665,0.8758519726570823
215.91199511083948,0.8760919323350151
215.93199622201234,0.876331952410946
215.95199733318518,0.8765720327678782
215.97199844435804,0.8768121732887874
215.99199955553087,0.877052373856618
216.0120006667037,0.8772926343542868
216.03200177787656,0.8775329546646813
216.0520028890494,0.877773334670658
216.07200400022225,0.8780137742550465
216.09200511139508,0.8782542733006458
216.1120062225679,0.8784948316902268
216.13200733374077,0.8787354493065317
216.1520084449136,0.8789761260322727
216.17200955608646,0.8792168617501345
216.1920106672593,0.8794576563427717
216.21201177843216,0.8796985096928116
216.232012889605,0.8799394216828514
216.25201400077782,0.8801803921954611
216.27201511195068,0.8804214211131814
216.2920162231235,0.8806625083185246
216.31201733429637,0.8809036536939747
216.3320184454692,0.8811448571219871
216.35201955664203,0.8813861184849894
216.3720206678149,0.8816274376653811
216.39202177898773,0.8818688145455319
216.41202289016059,0.8821102490077857
216.43202400133342,0.8823517409344563
216.45202511250625,0.882593290207831
216.4720262236791,0.8828348967101687
216.49202733485194,0.8830765603236994
216.5120284460248,0.883318280930627
216.53202955719763,0.8835600584131261
216.55203066837046,0.8838018926533445
216.57203177954332,0.8840437835334022
216.59203289071615,0.8842857309353909
216.61203400188901,0.8845277347413758
216.63203511306185,0.8847697948333936
216.65203622423468,0.8850119110934543
216.67203733540754,0.8852540834035408
216.69203844658037,0.885496311645607
216.71203955775323,0.8857385957015816
216.73204066892606,0.8859809354533645
216.7520417800989,0.8862233307828296
216.77204289127175,0.8864657815718233
216.79204400244458,0.8867082877021644
216.81204511361744,0.8869508490556458
216.83204622479028,0.8871934655140324
216.8520473359631,0.8874361369590629
216.87204844713597,0.8876788632724495
216.8920495583088,0.8879216443358764
216.91205066948166,0.8881644800310028
216.9320517806545,0.8884073702394595
216.95205289182732,0.888650314842852
216.97205400300018,0.8888933137227593
216.992055114173,0.8891363667607327
217.01205622534587,0.8893794738382991
217.0320573365187,0.8896226348369565
217.05205844769154,0.8898658496381788
217.0720595588644,0.890109118123413
217.09206067003723,0.8903524401740793
217.1120617812101,0.890595815671573
217.13206289238292,0.8908392444972619
217.15206400355575,0.891082726532489
217.1720651147286,0.8913262616585712
217.19206622590144,0.8915698497567985
217.2120673370743,0.8918134907084366
217.23206844824713,0.892057184394724
217.25206955941997,0.8923009306968744
217.27207067059283,0.8925447294960761
217.29207178176566,0.8927885806734905
217.31207289293852,0.8930324841102555
217.33207400411135,0.8932764396874807
217.35207511528418,0.8935204472862528
217.37207622645704,0.8937645067876324
217.39207733762987,0.8940086180726541
217.41207844880273,0.8942527810223284
217.43207955997556,0.8944969955176395
217.4520806711484,0.8947412614395472
217.47208178232125,0.8949855786689864
217.49208289349409,0.8952299470868659
217.51208400466695,0.895474366574071
217.53208511583978,0.8957188370114607
217.5520862270126,0.8959633582798702
217.57208733818547,0.8962079302601097
217.5920884493583,0.8964525528329641
217.61208956053116,0.8966972258791946
217.632090671704,0.8969419492795369
217.65209178287682,0.8971867229147027
217.67209289404968,0.8974315466653792
217.69209400522251,0.8976764204122284
217.71209511639537,0.8979213440358893
217.7320962275682,0.8981663174169752
217.75209733874104,0.8984113404360761
217.7720984499139,0.8986564129737576
217.79209956108673,0.8989015349105609
217.8121006722596,0.8991467061270034
217.83210178343242,0.899391926503578
217.85210289460525,0.8996371959207542
217.8721040057781,0.8998825142589777
217.89210511695094,0.9001278813986695
217.9121062281238,0.9003732972202279
217.93210733929664,0.9006187616040262
217.95210845046947,0.9008642744304153
217.97210956164233,0.9011098355797224
217.99211067281516,0.9013554449322493
218.01211178398802,0.9016011023682768
218.03211289516085,0.9018468077680606
218.05211400633368,0.9020925610118337
218.07211511750654,0.902338361979806
218.09211622867937,0.9025842105521633
218.11211733985223,0.902830106609069
218.13211845102506,0.9030760500306627
218.1521195621979,0.9033220406970615
218.17212067337076,0.9035680784883594
218.1921217845436,0.9038141632846267
218.21212289571645,0.9040602949659119
218.23212400688928,0.9043064734122396
218.2521251180621,0.9045526985036122
218.27212622923497,0.9047989701200098
218.2921273404078,0.9050452881413886
218.31212845158066,0.9052916524476833
218.3321295627535,0.9055380629188049
218.35213067392633,0.905784519434643
218.37213178509919,0.9060310218750648
218.39213289627202,0.9062775701199138
218.41213400744488,0.9065241640490129
218.4321351186177,0.906770803542161
218.45213622979054,0.9070174884791361
218.4721373409634,0.9072642187396939
218.49213845213623,0.9075109942035671
218.5121395633091,0.9077578147504675
218.53214067448192,0.9080046802600837
218.55214178565475,0.9082515906120837
218.57214289682761,0.9084985456861131
218.59214400800045,0.908745545361795
218.6121451191733,0.9089925895187324
218.63214623034614,0.9092396780365043
218.65214734151897,0.9094868107946701
218.67214845269183,0.909733987672767
218.69214956386466,0.9099812085503103
218.71215067503752,0.9102284733067945
218.73215178621035,0.9104757818216919
218.75215289738318,0.9107231339744541
218.77215400855604,0.9109705296445118
218.79215511972887,0.9112179687112731
218.81215623090173,0.9114654510541267
218.83215734207457,0.9117129765524384
218.8521584532474,0.9119605450855544
218.87215956442026,0.9122081565327996
218.8921606755931,0.9124558107734771
218.91216178676595,0.912703507686871
218.93216289793878,0.912951247152242
218.9521640091116,0.9131990290488319
218.97216512028447,0.9134468532558621
218.9921662314573,0.9136947196525318
219.01216734263016,0.9139426281180212
219.032168453803,0.9141905785314886
219.05216956497583,0.914438570772073
219.0721706761487,0.9146866047188927
219.09217178732152,0.9149346802510452
219.11217289849438,0.9151827972476083
219.1321740096672,0.9154309555876391
219.15217512084004,0.9156791551501748
219.1721762320129,0.9159273958142331
219.19217734318573,0.9161756774588101
219.2121784543586,0.9164239999628839
219.23217956553142,0.9166723632054109
219.25218067670426,0.9169207670653287
219.27218178787712,0.9171692114215554
219.29218289904995,0.9174176961529875
219.3121840102228,0.9176662211385043
219.33218512139564,0.9179147862569634
219.35218623256847,0.9181633913872043
219.37218734374133,0.9184120364080464
219.39218845491416,0.9186607211982892
219.41218956608702,0.918909445636714
219.43219067725985,0.9191582096020812
219.45219178843269,0.9194070129731333
219.47219289960555,0.9196558556285934
219.49219401077838,0.9199047374471645
219.51219512195124,0.9201536583075316
219.53219623312407,0.9204026180883599
219.5521973442969,0.9206516166682959
219.57219845546976,0.9209006539259681
219.5921995666426,0.921149729739984
219.61220067781545,0.9213988439889345
219.63220178898828,0.9216479965513901
219.65220290016111,0.9218971873059038
219.67220401133397,0.9221464161310099
219.6922051225068,0.9223956829052231
219.71220623367967,0.922644987507041
219.7322073448525,0.9228943298149415
219.75220845602533,0.9231437097073848
219.7722095671982,0.9233931270628131
219.79221067837102,0.9236425817596492
219.81221178954388,0.9238920736762992
219.8322129007167,0.9241416026911494
219.85221401188954,0.9243911686825694
219.8722151230624,0.9246407715289104
219.89221623423524,0.924890411108505
219.9122173454081,0.9251400872996691
219.93221845658093,0.9253897999806991
219.95221956775376,0.925639549029875
219.97222067892662,0.9258893343254588
219.99222179009945,0.9261391557456943
220.0122229012723,0.9263890131688085
220.03222401244514,0.9266389064730098
220.05222512361797,0.92688883553649
220.07222623479083,0.9271388002374236
220.09222734596366,0.9273888004539665
220.11222845713652,0.9276388360642589
220.13222956830936,0.9278889069464221
220.1522306794822,0.9281390129785616
220.17223179065505,0.9283891540387653
220.19223290182788,0.9286393300051035
220.21223401300074,0.9288895407556308
220.23223512417357,0.9291397861683827
220.2522362353464,0.9293900661213796
220.27223734651926,0.929640380492625
220.2922384576921,0.9298907291601045
220.31223956886495,0.9301411120017883
220.33224068003778,0.9303915288956286
220.35224179121062,0.9306419797195619
220.37224290238348,0.9308924643515084
220.3922440135563,0.9311429826693708
220.41224512472917,0.9313935345510365
220.432246235902,0.9316441198743752
220.45224734707483,0.9318947385172416
220.4722484582477,0.9321453903574739
220.49224956942052,0.9323960752728933
220.51225068059338,0.9326467931413059
220.5322517917662,0.9328975438405009
220.55225290293905,0.9331483272482519
220.5722540141119,0.9333991432423174
220.59225512528474,0.9336499917004378
220.6122562364576,0.9339008725003399
220.63225734763043,0.9341517855197333
220.65225845880326,0.9344027306363129
220.67225956997612,0.9346537077277575
220.69226068114895,0.9349047166717299
220.7122617923218,0.9351557573458784
220.73226290349464,0.9354068296278347
220.7522640146675,0.9356579333952161
220.77226512584033,0.9359090685256235
220.79226623701317,0.9361602348966434
220.81226734818603,0.936411432385847
220.83226845935886,0.9366626608707895
220.85226957053172,0.9369139202290128
220.87227068170455,0.9371652103380408
220.89227179287738,0.9374165310753851
220.91227290405024,0.9376678823185416
220.93227401522307,0.9379192639449906
220.95227512639593,0.9381706758321987
220.97227623756876,0.9384221178576165
220.9922773487416,0.9386735898986811
221.01227845991446,0.9389250918328146
221.0322795710873,0.9391766235374238
221.05228068226015,0.9394281848899022
221.07228179343298,0.9396797757676277
221.0922829046058,0.9399313960479645
221.11228401577867,0.9401830456082628
221.1322851269515,0.9404347243258572
221.15228623812436,0.9406864320780697
221.1722873492972,0.9409381687422067
221.19228846047002,0.9411899341955614
221.21228957164288,0.9414417283154135
221.23229068281572,0.9416935509790267
221.25229179398858,0.941945402063653
221.2722929051614,0.9421972814465288
221.29229401633424,0.942449189004878
221.3122951275071,0.9427011246159105
221.33229623867993,0.9429530881568218
221.3522973498528,0.9432050795047947
221.37229846102562,0.9434570985369976
221.39229957219845,0.943709145130586
221.4123006833713,0.9439612191627023
221.43230179454414,0.9442133205104742
221.452302905717,0.9444654490510177
221.47230401688984,0.944717604661434
221.49230512806267,0.9449697872188122
221.51230623923553,0.9452219966002287
221.53230735040836,0.9454742326827446
221.55230846158122,0.9457264953434105
221.57230957275405,0.9459787844592623
221.59231068392688,0.946231099907324
221.61231179509974,0.9464834415646068
221.63231290627257,0.9467358093081081
221.65231401744543,0.946988203014814
221.67231512861827,0.9472406225616964
221.6923162397911,0.9474930678257159
221.71231735096396,0.9477455386838203
221.7323184621368,0.947998035012944
221.75231957330965,0.9482505566900103
221.77232068448248,0.9485031035919291
221.7923217956553,0.9487556755955987
221.81232290682817,0.949008272577905
221.832324018001,0.9492608944157215
221.85232512917386,0.9495135409859097
221.8723262403467,0.9497662121653185
221.89232735151953,0.9500189078307859
221.9123284626924,0.9502716278591378
221.93232957386522,0.950524372127187
221.95233068503808,0.950777140511736
221.9723317962109,0.9510299328895744
221.99233290738374,0.9512827491374806
222.0123340185566,0.9515355891322219
222.03233512972943,0.9517884527505528
222.0523362409023,0.9520413398692176
222.07233735207512,0.9522942503649476
222.09233846324796,0.9525471841144643
222.11233957442082,0.9528001409944772
222.13234068559365,0.953053120881684
222.1523417967665,0.9533061236527726
222.17234290793934,0.9535591491844175
222.19234401911217,0.953812197353284
222.21234513028503,0.9540652680360264
222.23234624145786,0.9543183611092865
222.25234735263072,0.9545714764496968
222.27234846380355,0.9548246139338776
222.29234957497638,0.9550777734384395
222.31235068614924,0.9553309548399821
222.33235179732208,0.9555841580150937
222.35235290849494,0.9558373828403528
222.37235401966777,0.9560906291923265
222.3923551308406,0.9563438969475722
222.41235624201346,0.9565971859826368
222.4323573531863,0.956850496174056
222.45235846435915,0.9571038273983565
222.47235957553198,0.9573571795320537
222.4923606867048,0.9576105524516526
222.51236179787767,0.9578639460336494
222.5323629090505,0.9581173601545288
222.55236402022337,0.9583707946907666
222.5723651313962,0.9586242495188276
222.59236624256903,0.9588777245151677
222.6123673537419,0.9591312195562327
222.63236846491472,0.9593847345184578
222.65236957608758,0.9596382692782701
222.6723706872604,0.9598918237120851
222.69237179843324,0.9601453976963102
222.7123729096061,0.9603989911073432
222.73237402077893,0.9606526038215712
222.7523751319518,0.9609062357153735
222.77237624312463,0.9611598866651184
222.79237735429746,0.9614135565471663
222.81237846547032,0.9616672452378685
222.83237957664315,0.961920952613565
222.852380687816,0.9621746785505892
222.87238179898884,0.962428422925264
222.89238291016167,0.9626821856139037
222.91238402133453,0.9629359664928143
222.93238513250736,0.9631897654382916
222.95238624368022,0.9634435823266239
222.97238735485305,0.9636974170340896
222.9923884660259,0.9639512694369594
223.01238957719875,0.9642051394114952
223.03239068837158,0.9644590268339495
223.05239179954444,0.9647129315805675
223.07239291071727,0.9649668535275847
223.0923940218901,0.9652207925512294
223.11239513306296,0.9654747485277214
223.1323962442358,0.9657287213332708
223.15239735540865,0.9659827108440816
223.17239846658148,0.9662367169363478
223.19239957775432,0.9664907394862566
223.21240068892718,0.9667447783699871
223.2324018001,0.9669988334637093
223.25240291127287,0.9672529046435868
223.2724040224457,0.9675069917857739
223.29240513361853,0.9677610947664184
223.3124062447914,0.96801521346166
223.33240735596422,0.9682693477476298
223.35240846713708,0.968523497500453
223.3724095783099,0.9687776625962454
223.39241068948274,0.9690318429111169
223.4124118006556,0.9692860383211693
223.43241291182844,0.9695402487024967
223.4524140230013,0.9697944739311871
223.47241513417413,0.9700487138833194
223.49241624534696,0.9703029684349667
223.51241735651982,0.970557237462195
223.53241846769265,0.9708115208410624
223.5524195788655,0.9710658184476211
223.57242069003834,0.9713201301579152
223.59242180121117,0.9715744558479826
223.61242291238403,0.9718287953938547
223.63242402355687,0.9720831486715552
223.65242513472973,0.9723375155571021
223.67242624590256,0.9725918959265057
223.6924273570754,0.9728462896557707
223.71242846824825,0.9731006966208952
223.73242957942108,0.9733551166978699
223.75243069059394,0.9736095497626807
223.77243180176677,0.9738639956913049
223.7924329129396,0.9741184543597157
223.81243402411246,0.9743729256438795
223.8324351352853,0.9746274094197555
223.85243624645815,0.9748819055632985
223.872437357631,0.9751364139504555
223.89243846880382,0.975390934457169
223.91243957997668,0.9756454669593752
223.9324406911495,0.9759000113330035
223.95244180232237,0.9761545674539792
223.9724429134952,0.97640913519822
223.99244402466803,0.9766637144416396
224.0124451358409,0.9769183050601453
224.03244624701372,0.9771729069296385
224.05244735818658,0.9774275199260163
224.07244846935941,0.9776821439251686
224.09244958053225,0.9779367788029817
224.1124506917051,0.9781914244353364
224.13245180287794,0.9784460806981062
224.1524529140508,0.9787007474671622
224.17245402522363,0.9789554246183684
224.19245513639646,0.9792101120275846
224.21245624756932,0.979464809570666
224.23245735874215,0.9797195171234615
224.252458469915,0.9799742345618168
224.27245958108784,0.980228961761571
224.29246069226068,0.98048369859856
224.31246180343354,0.9807384449486144
224.33246291460637,0.9809932006875597
224.35246402577923,0.9812479656912176
224.37246513695206,0.9815027398354047
224.3924662481249,0.9817575229959334
224.41246735929775,0.9820123150486124
224.43246847047058,0.9822671158692441
224.45246958164344,0.9825219253336288
224.47247069281627,0.982776743317561
224.4924718039891,0.9830315696968321
224.51247291516196,0.9832864043472294
224.5324740263348,0.9835412471445348
224.55247513750766,0.9837960979645283
224.5724762486805,0.984050956682984
224.59247735985332,0.9843058231756735
224.61247847102618,0.9845606973183644
224.632479582199,0.9848155789868197
224.65248069337187,0.9850704680568001
224.6724818045447,0.9853253644040612
224.69248291571753,0.985580267904356
224.7124840268904,0.9858351784334346
224.73248513806323,0.9860900958670419
224.75248624923609,0.9863450200809214
224.77248736040892,0.9865999509508112
224.79248847158175,0.9868548883524478
224.8124895827546,0.9871098321615644
224.83249069392744,0.98736478225389
224.8524918051003,0.987619738505152
224.87249291627313,0.987874700791073
224.89249402744596,0.9881296689873743
224.91249513861882,0.988384642969774
224.93249624979165,0.9886396226139863
224.95249736096451,0.9888946077957241
224.97249847213735,0.9891495983906964
224.99249958331018,0.9894045942746101
225.01250069448304,0.9896595953231702
225.03250180565587,0.9899146014120775
225.05250291682873,0.9901696124170324
225.07250402800156,0.9904246282137306
225.0925051391744,0.9906796486778673
225.11250625034725,0.990934673685135
225.13250736152008,0.9911897031112233
225.15250847269294,0.9914447368318208
225.17250958386578,0.9916997747226126
225.1925106950386,0.991954816659283
225.21251180621147,0.992209862517514
225.2325129173843,0.9924649121729848
225.25251402855716,0.9927199655013745
225.27251513973,0.9929750223783584
225.29251625090285,0.993230082679612
225.31251736207568,0.9934851462808072
225.3325184732485,0.993740213057616
225.35251958442137,0.993995282885708
225.3725206955942,0.9942503556407513
225.39252180676706,0.9945054311984133
225.4125229179399,0.9947605094343583
225.43252402911273,0.9950155902242512
225.4525251402856,0.9952706734437552
225.47252625145842,0.9955257589685312
225.49252736263128,0.9957808466742406
225.5125284738041,0.9960359364365423
225.53252958497694,0.9962910281310952
225.5525306961498,0.9965461216335569
225.57253180732263,0.9968012168195839
225.5925329184955,0.9970563135648324
225.61253402966832,0.9973114117449571
225.63253514084116,0.9975665112356126
225.65253625201402,0.997821611912453
225.67253736318685,0.998076713651131
225.6925384743597,0.9983318163273003
225.71253958553254,0.9985869198166117
225.73254069670537,0.9988420239947178
225.75254180787823,0.9990971287372703
225.77254291905106,0.9993522339199199
225.79254403022392,0.9996073394183181
225.81254514139675,0.9998624451081154
225.83254625256959,1.0001175508649627
225.85254736374245,1.000372656564511
225.87254847491528,1.0006277620824107
225.89254958608814,1.000882867294313
225.91255069726097,1.0011379720758684
225.9325518084338,1.0013930763027283
225.95255291960666,1.0016481798505448
225.9725540307795,1.0019032825949687
225.99255514195235,1.002158384411653
226.01255625312518,1.0024134851762503
226.03255736429801,1.002668584764413
226.05255847547087,1.0029236830517958
226.0725595866437,1.0031787799140521
226.09256069781657,1.0034338752268381
226.1125618089894,1.0036889688658088
226.13256292016223,1.003944060706621
226.1525640313351,1.0041991506249326
226.17256514250792,1.0044542384964015
226.19256625368078,1.0047093241966876
226.2125673648536,1.004964407601451
226.23256847602644,1.0052194885863537
226.2525695871993,1.0054745670270586
226.27257069837214,1.0057296427992293
226.292571809545,1.0059847157785315
226.31257292071783,1.0062397858406318
226.33257403189066,1.006494852861198
226.35257514306352,1.006749916715901
226.37257625423635,1.0070049772804104
226.3925773654092,1.0072600344304
226.41257847658204,1.007515088041543
226.43257958775487,1.0077701379895168
226.45258069892773,1.008025184149999
226.47258181010056,1.0082802263986692
226.49258292127342,1.0085352646112093
226.51258403244626,1.0087902986633028
226.5325851436191,1.0090453284306353
226.55258625479195,1.009300353788895
226.57258736596478,1.0095553746137713
226.59258847713764,1.0098103907809568
226.61258958831047,1.0100654021661455
226.6325906994833,1.0103204086450341
226.65259181065616,1.0105754100933229
226.672592921829,1.0108304063867117
226.69259403300185,1.011085397400906
226.71259514417468,1.0113403830116112
226.73259625534752,1.0115953630945376
226.75259736652038,1.011850337525397
226.7725984776932,1.0121053061799041
226.79259958886607,1.0123602689337765
226.8126007000389,1.0126152256627343
226.83260181121173,1.012870176242501
226.8526029223846,1.0131251205488034
226.87260403355742,1.0133800584573707
226.89260514473028,1.0136349898439354
226.9126062559031,1.013889914584233
226.93260736707595,1.0141448325540026
226.9526084782488,1.014399743628987
226.97260958942164,1.0146546476849312
226.9926107005945,1.0149095445975849
227.01261181176733,1.0151644342426998
227.03261292294016,1.0154193164960321
227.05261403411302,1.0156741912333422
227.07261514528585,1.0159290583303928
227.0926162564587,1.0161839176629515
227.11261736763154,1.0164387691067884
227.13261847880437,1.0166936125376786
227.15261958997723,1.0169484478314013
227.17262070115007,1.0172032748637378
227.19262181232293,1.0174580935104762
227.21262292349576,1.0177129036474057
227.2326240346686,1.017967705150322
227.25262514584145,1.0182224978950243
227.27262625701428,1.0184772817573153
227.29262736818714,1.0187320566130034
227.31262847935997,1.0189868223378997
227.3326295905328,1.019241578807821
227.35263070170566,1.019496325898589
227.3726318128785,1.019751063486028
227.39263292405136,1.0200057914459695
227.4126340352242,1.0202605096542474
227.43263514639702,1.0205152179867019
227.45263625756988,1.0207699163191775
227.4726373687427,1.0210246045275229
227.49263847991557,1.0212792824875931
227.5126395910884,1.021533950075247
227.53264070226123,1.0217886071663487
227.5526418134341,1.0220432536367685
227.57264292460692,1.02229788936238
227.59264403577978,1.0225525142190637
227.61264514695262,1.0228071280827042
227.63264625812545,1.0230617308291925
227.6526473692983,1.0233163223344248
227.67264848047114,1.0235709024743016
227.692649591644,1.0238254711247305
227.71265070281683,1.0240800281616236
227.73265181398966,1.0243345734608993
227.75265292516252,1.024589106898482
227.77265403633535,1.0248436283503006
227.7926551475082,1.0250981376922914
227.81265625868105,1.0253526348003952
227.83265736985388,1.0256071195505596
227.85265848102674,1.0258615918187386
227.87265959219957,1.026116051480891
227.89266070337243,1.026370498412983
227.91266181454526,1.0266249324909857
227.9326629257181,1.026879353590878
227.95266403689095,1.027133761588645
227.97266514806378,1.0273881563602758
227.99266625923664,1.0276425377817688
228.01266737040947,1.0278969057291276
228.0326684815823,1.0281512600783624
228.05266959275517,1.0284056007054907
228.072670703928,1.0286599274865356
228.09267181510086,1.0289142402975282
228.1126729262737,1.029168539014505
228.13267403744652,1.0294228235135103
228.15267514861938,1.029677093670596
228.1726762597922,1.029931349361819
228.19267737096507,1.0301855904632453
228.2126784821379,1.0304398168509463
228.23267959331073,1.0306940284010018
228.2526807044836,1.0309482249894986
228.27268181565643,1.03120240649253
228.2926829268293,1.0314565727861986
228.31268403800212,1.0317107237466112
228.33268514917495,1.0319648592498851
228.3526862603478,1.032218979172144
228.37268737152064,1.0324730833895184
228.3926884826935,1.032727171778148
228.41268959386633,1.0329812442141793
228.43269070503916,1.0332353005737662
228.45269181621202,1.033489340733072
228.47269292738486,1.0337433645682657
228.49269403855772,1.0339973719555264
228.51269514973055,1.0342513627710392
228.53269626090338,1.034505336890999
228.55269737207624,1.0347592941916084
228.57269848324907,1.0350132345490772
228.59269959442193,1.035267157839625
228.61270070559476,1.035521063939478
228.6327018167676,1.0357749527248723
228.65270292794045,1.0360288240720519
228.67270403911328,1.036282677857269
228.69270515028614,1.0365365139567846
228.71270626145898,1.0367903322468681
228.7327073726318,1.0370441326037982
228.75270848380467,1.0372979149038621
228.7727095949775,1.037551679023355
228.79271070615036,1.0378054248385824
228.8127118173232,1.038059152225857
228.83271292849602,1.0383128610615022
228.85271403966888,1.0385665512218496
228.8727151508417,1.0388202225832393
228.89271626201457,1.039073875022022
228.9127173731874,1.0393275084145561
228.93271848436024,1.039581122637211
228.9527195955331,1.0398347175663636
228.97272070670593,1.0400882930784012
228.9927218178788,1.0403418490497212
229.01272292905162,1.0405953853567285
229.03272404022445,1.0408489018758396
229.0527251513973,1.0411023984834802
229.07272626257014,1.0413558750560847
229.092727373743,1.0416093314700987
229.11272848491583,1.0418627676019763
229.13272959608867,1.0421161833281822
229.15273070726153,1.0423695785251912
229.17273181843436,1.0426229530694875
229.19273292960722,1.0428763068375664
229.21273404078005,1.0431296397059315
229.23273515195288,1.0433829515510984
229.25273626312574,1.043636242249592
229.27273737429857,1.043889511677948
229.29273848547143,1.0441427597127129
229.31273959664426,1.0443959862304415
229.3327407078171,1.0446491911077014
229.35274181898995,1.0449023742210697
229.3727429301628,1.0451555354471345
229.39274404133565,1.0454086746624949
229.41274515250848,1.0456617917437592
229.4327462636813,1.0459148865675476
229.45274737485417,1.0461679590104922
229.472748486027,1.0464210089492334
229.49274959719986,1.0466740362604245
229.5127507083727,1.0469270408207298
229.53275181954552,1.0471800225068237
229.55275293071838,1.0474329811953935
229.57275404189122,1.0476859167631347
229.59275515306408,1.0479388290867568
229.6127562642369,1.0481917180429798
229.63275737540974,1.0484445835085348
229.6527584865826,1.0486974253601653
229.67275959775543,1.048950243474624
229.6927607089283,1.0492030377286778
229.71276182010112,1.0494558079991039
229.73276293127395,1.0497085541626916
229.7527640424468,1.0499612760962422
229.77276515361964,1.0502139736765674
229.7927662647925,1.050466646780493
229.81276737596534,1.050719295284854
229.83276848713817,1.0509719190665
229.85276959831103,1.051224518002291
229.87277070948386,1.0514770919691
229.89277182065672,1.0517296408438126
229.91277293182955,1.0519821645033245
229.9327740430024,1.0522346628245454
229.95277515417524,1.0524871356843972
229.97277626534807,1.0527395829598143
229.99277737652093,1.0529920045277434
230.01277848769377,1.0532444002651429
230.03277959886663,1.0534967700489852
230.05278071003946,1.053749113756254
230.0727818212123,1.0540014312639465
230.09278293238515,1.054253722449073
230.11278404355798,1.0545059871886557
230.13278515473084,1.0547582253597312
230.15278626590367,1.0550104368393467
230.1727873770765,1.0552626215045642
230.19278848824936,1.0555147792324582
230.2127895994222,1.0557669099001168
230.23279071059505,1.0560190133846412
230.2527918217679,1.0562710895631444
230.27279293294072,1.0565231383127547
230.29279404411358,1.0567751595106127
230.3127951552864,1.057027153033873
230.33279626645927,1.0572791187597037
230.3527973776321,1.057531056565285
230.37279848880493,1.0577829663278122
230.3927995999778,1.058034847924495
230.41280071115062,1.058286701232554
230.43280182232348,1.0585385261292264
230.45280293349632,1.0587903224917619
230.47280404466915,1.0590420901974242
230.492805155842,1.0592938291234921
230.51280626701484,1.0595455391472561
230.5328073781877,1.0597972201460226
230.55280848936053,1.0600488719971122
230.57280960053336,1.0603004945778587
230.59281071170622,1.0605520877656116
230.61281182287905,1.0608036514377324
230.6328129340519,1.061055185471599
230.65281404522474,1.0613066897446033
230.67281515639758,1.0615581641341516
230.69281626757044,1.0618096085176651
230.71281737874327,1.0620610227725782
230.73281848991613,1.0623124067763423
230.75281960108896,1.0625637604064209
230.7728207122618,1.062815083540294
230.79282182343465,1.0630663760554568
230.81282293460748,1.0633176378294185
230.83282404578034,1.063568868739704
230.85282515695317,1.0638200686638517
230.872826268126,1.0640712374794168
230.89282737929886,1.0643223750639692
230.9128284904717,1.0645734812950938
230.93282960164456,1.0648245560503913
230.9528307128174,1.0650755992074763
230.97283182399022,1.0653266106439805
230.99283293516308,1.06557759023755
231.0128340463359,1.0658285378658472
231.03283515750877,1.0660794534065503
231.0528362686816,1.0663303367373511
231.07283737985443,1.066581187735959
231.0928384910273,1.0668320062800998
231.11283960220013,1.0670827922475121
231.13284071337299,1.0673335455159536
231.15284182454582,1.0675842659631962
231.17284293571865,1.0678349534670282
231.1928440468915,1.068085607905255
231.21284515806434,1.0683362291556953
231.2328462692372,1.0685868170961867
231.25284738041003,1.068837371604582
231.27284849158286,1.0690878925587508
231.29284960275572,1.0693383798365788
231.31285071392855,1.0695888333159667
231.33285182510141,1.0698392528748346
231.35285293627425,1.070089638391116
231.37285404744708,1.0703399897427632
231.39285515861994,1.0705903068077443
231.41285626979277,1.0708405894640443
231.43285738096563,1.0710908375896657
231.45285849213846,1.0713410510626256
231.4728596033113,1.07159122976096
231.49286071448415,1.0718413735627215
231.51286182565698,1.0720914823459795
231.53286293682984,1.072341555988821
231.55286404800268,1.0725915943693485
231.5728651591755,1.072841597365683
231.59286627034837,1.073091564855963
231.6128673815212,1.0733414967183437
231.63286849269406,1.0735913928309984
231.6528696038669,1.0738412530721158
231.67287071503972,1.0740910773199046
231.69287182621258,1.07434086545259
231.7128729373854,1.0745906173484143
231.73287404855827,1.0748403328856377
231.7528751597311,1.075090011942539
231.77287627090394,1.0753396543974139
231.7928773820768,1.0755892601285768
231.81287849324963,1.0758388290143581
231.8328796044225,1.076088360933108
231.85288071559532,1.0763378557631944
231.87288182676815,1.0765873133830028
231.892882937941,1.076836733670938
231.91288404911384,1.0770861165054204
231.9328851602867,1.0773354617648914
231.95288627145953,1.0775847693278091
231.97288738263236,1.077834039072651
231.99288849380522,1.0780832708779133
232.01288960497806,1.0783324646221082
232.03289071615092,1.0785816201837697
232.05289182732375,1.0788307374414476
232.07289293849658,1.0790798162737123
232.09289404966944,1.0793288565591526
232.11289516084227,1.0795778581763753
232.13289627201513,1.0798268210040076
232.15289738318796,1.080075744920693
232.1728984943608,1.0803246298050964
232.19289960553365,1.0805734755359007
232.21290071670649,1.080822281991808
232.23290182787935,1.0810710490515405
232.25290293905218,1.0813197765938372
232.272904050225,1.0815684644974584
232.29290516139787,1.081817112641184
232.3129062725707,1.082065720903811
232.33290738374356,1.082314289164158
232.3529084949164,1.0825628173010622
232.37290960608922,1.082811305193381
232.39291071726208,1.0830597527199912
232.41291182843491,1.083308159759788
232.43291293960777,1.083556526191688
232.4529140507806,1.0838048518946266
232.47291516195344,1.0840531367475599
232.4929162731263,1.0843013806294637
232.51291738429913,1.0845495834193326
232.532918495472,1.0847977449961825
232.55291960664482,1.0850458652390491
232.57292071781765,1.085293944026988
232.5929218289905,1.085541981239076
232.61292294016334,1.0857899767544081
232.6329240513362,1.0860379304521022
232.65292516250904,1.0862858422112938
232.67292627368187,1.086533711911141
232.69292738485473,1.0867815394308216
232.71292849602756,1.0870293246495342
232.73292960720042,1.0872770674464984
232.75293071837325,1.0875247677009527
232.77293182954608,1.0877724252921583
232.79293294071894,1.0880200400993965
232.81293405189177,1.0882676120019692
232.83293516306463,1.0885151408792004
232.85293627423746,1.0887626266104329
232.8729373854103,1.089010069075032
232.89293849658316,1.0892574681523841
232.912939607756,1.0895048237218965
232.93294071892885,1.0897521356629982
232.95294183010168,1.089999403855138
232.9729429412745,1.0902466281777872
232.99294405244737,1.0904938085104392
233.0129451636202,1.0907409447326066
233.03294627479306,1.0909880367238256
233.0529473859659,1.0912350843636531
233.07294849713873,1.0914820875316675
233.09294960831159,1.0917290461074698
233.11295071948442,1.0919759599706809
233.13295183065728,1.092222829000945
233.1529529418301,1.092469653077928
233.17295405300294,1.0927164320813176
233.1929551641758,1.0929631658908234
233.21295627534863,1.0932098543861763
233.2329573865215,1.0934564974471304
233.25295849769432,1.0937030949534614
233.27295960886715,1.0939496467849674
233.29296072004,1.0941961528214694
233.31296183121285,1.0944426129428084
233.3329629423857,1.0946890270288512
233.35296405355854,1.0949353949594836
233.37296516473137,1.095181716614616
233.39296627590423,1.0954279918741812
233.41296738707706,1.0956742206181342
233.43296849824992,1.0959204027264533
233.45296960942275,1.0961665380791379
233.47297072059558,1.0964126265562117
233.49297183176844,1.096658668037721
233.51297294294127,1.0969046624037349
233.53297405411413,1.097150609534346
233.55297516528697,1.0973965093096678
233.5729762764598,1.0976423616098396
233.59297738763266,1.0978881663150226
233.6129784988055,1.0981339233054006
233.63297960997835,1.0983796324611819
233.65298072115118,1.098625293662597
233.672981832324,1.0988709067899007
233.69298294349687,1.0991164717233717
233.7129840546697,1.0993619883433094
233.73298516584256,1.0996074565300402
233.7529862770154,1.099852876163912
233.77298738818823,1.1000982471252967
233.7929884993611,1.1003435692945915
233.81298961053392,1.1005888425522146
233.83299072170678,1.1008340667786098
233.8529918328796,1.101079241854245
233.87299294405244,1.1013243676596112
233.8929940552253,1.1015694440752244
233.91299516639813,1.101814470981623
233.932996277571,1.102059448259372
233.95299738874382,1.1023043757890576
233.97299849991666,1.1025492534512924
233.99299961108952,1.1027940811267132
234.01300072226235,1.1030388586959803
234.0330018334352,1.1032835860397794
234.05300294460804,1.1035282630388192
234.07300405578087,1.1037728895738343
234.09300516695373,1.1040174655255834
234.11300627812656,1.10426199077485
234.13300738929942,1.104506465202443
234.15300850047225,1.1047508886891937
234.17300961164509,1.1049952611159606
234.19301072281795,1.1052395823636263
234.21301183399078,1.1054838523130985
234.23301294516364,1.10572807084531
234.25301405633647,1.1059722378412178
234.2730151675093,1.1062163531818048
234.29301627868216,1.1064604167480796
234.313017389855,1.106704428421074
234.33301850102785,1.1069483880818476
234.35301961220068,1.1071922956114837
234.37302072337351,1.107436150891092
234.39302183454637,1.1076799538018072
234.4130229457192,1.1079237042247887
234.43302405689207,1.1081674020412229
234.4530251680649,1.108411047132321
234.47302627923776,1.108654639379321
234.4930273904106,1.1088981786634846
234.51302850158342,1.109141664866101
234.53302961275628,1.1093850978684847
234.5530307239291,1.1096284775519765
234.57303183510197,1.1098718037979434
234.5930329462748,1.1101150764877767
234.61303405744763,1.1103582955028957
234.6330351686205,1.1106014607247459
234.65303627979333,1.1108445720347973
234.6730373909662,1.1110876293145473
234.69303850213902,1.11133063244552
234.71303961331185,1.1115735813092655
234.7330407244847,1.1118164757873608
234.75304183565754,1.1120593157614076
234.7730429468304,1.1123021011130363
234.79304405800323,1.112544831723903
234.81304516917606,1.1127875074756908
234.83304628034892,1.1130301282501096
234.85304739152176,1.113272693928895
234.87304850269462,1.1135152043938112
234.89304961386745,1.1137576595266474
234.91305072504028,1.1140000592092212
234.93305183621314,1.114242403323377
234.95305294738597,1.114484691750986
234.97305405855883,1.1147269243739475
234.99305516973166,1.1149691010741856
235.0130562809045,1.1152112217336538
235.03305739207735,1.1154532862343325
235.05305850325018,1.1156952944582292
235.07305961442304,1.1159372462873796
235.09306072559588,1.116179141603845
235.1130618367687,1.1164209802897158
235.13306294794157,1.1166627622271101
235.1530640591144,1.116904487298173
235.17306517028726,1.1171461553850783
235.1930662814601,1.1173877663700253
235.21306739263292,1.1176293201352434
235.23306850380578,1.11787081656299
235.2530696149786,1.118112255535548
235.27307072615147,1.1183536369352307
235.2930718373243,1.1185949606443788
235.31307294849714,1.1188362265453606
235.33307405967,1.119077434520574
235.35307517084283,1.1193185844524427
235.3730762820157,1.1195596762234206
235.39307739318852,1.1198007097159897
235.41307850436135,1.1200416848126598
235.4330796155342,1.1202826013959704
235.45308072670704,1.1205234593484872
235.4730818378799,1.1207642585528068
235.49308294905273,1.1210049988915534
235.51308406022557,1.12124568024738
235.53308517139843,1.121486302502969
235.55308628257126,1.12172686554103
235.57308739374412,1.1219673692443035
235.59308850491695,1.1222078134955566
235.61308961608978,1.1224481981775873
235.63309072726264,1.1226885231732222
235.65309183843547,1.1229287883653167
235.67309294960833,1.1231689936367562
235.69309406078116,1.123409138870453
235.713095171954,1.123649223949351
235.73309628312686,1.1238892487564227
235.7530973942997,1.12412921317467
235.77309850547255,1.1243691170871246
235.79309961664538,1.124608960376846
235.8131007278182,1.1248487429269254
235.83310183899107,1.125088464620483
235.8531029501639,1.1253281253406675
235.87310406133676,1.1255677249706584
235.8931051725096,1.125807263393665
235.91310628368242,1.1260467404929262
235.93310739485528,1.1262861561517115
235.95310850602812,1.1265255102533183
235.97310961720098,1.126764802681076
235.9931107283738,1.1270040333183433
236.01311183954664,1.1272432020485093
236.0331129507195,1.1274823087549937
236.05311406189233,1.1277213533212445
236.0731151730652,1.1279603356307422
236.09311628423802,1.1281992555669964
236.11311739541085,1.128438113013548
236.1331185065837,1.1286769078539678
236.15311961775654,1.1289156399718565
236.1731207289294,1.1291543092508471
236.19312184010224,1.129392915574601
236.21312295127507,1.129631458826812
236.23312406244793,1.129869938891204
236.25312517362076,1.1301083556515317
236.27312628479362,1.1303467089915815
236.29312739596645,1.130584998795169
236.31312850713928,1.130823224946142
236.33312961831214,1.1310613873283795
236.35313072948497,1.1312994858257905
236.37313184065783,1.131537520322317
236.39313295183067,1.1317754907019293
236.4131340630035,1.1320133968486317
236.43313517417636,1.1322512386464583
236.4531362853492,1.1324890159794754
236.47313739652205,1.1327267287317806
236.49313850769488,1.132964376787502
236.5131396188677,1.1332019600307999
236.53314073004057,1.1334394783458674
236.5531418412134,1.1336769316169266
236.57314295238626,1.1339143197282335
236.5931440635591,1.134151642564075
236.61314517473193,1.1343889000087704
236.6331462859048,1.1346260919466706
236.65314739707762,1.1348632182621572
236.67314850825048,1.1351002788396456
236.6931496194233,1.1353372735635827
236.71315073059614,1.1355742023184467
236.733151841769,1.1358110649887498
236.75315295294183,1.1360478614590337
236.7731540641147,1.1362845916138742
236.79315517528752,1.1365212553378796
236.81315628646036,1.1367578525156898
236.83315739763322,1.136994383031978
236.85315850880605,1.137230846771448
236.8731596199789,1.1374672436188389
236.89316073115174,1.1377035734589194
236.91316184232457,1.1379398361764934
236.93316295349743,1.1381760316563962
236.95316406467026,1.1384121597834962
236.97316517584312,1.1386482204426955
236.99316628701595,1.1388842135189268
237.01316739818878,1.139120138897158
237.03316850936164,1.1393559964623887
237.05316962053448,1.1395917860996523
237.07317073170734,1.1398275076940159
237.09317184288017,1.1400631611305772
237.113172954053,1.1402987462944698
237.13317406522586,1.14053426307086
237.1531751763987,1.1407697113449455
237.17317628757155,1.1410050910019602
237.19317739874438,1.1412404019271698
237.2131785099172,1.141475644005874
237.23317962109007,1.1417108171234063
237.2531807322629,1.1419459211651324
237.27318184343576,1.1421809560164533
237.2931829546086,1.1424159215628031
237.31318406578143,1.1426508176896497
237.3331851769543,1.1428856442824957
237.35318628812712,1.1431204012268752
237.37318739929998,1.1433550884083588
237.3931885104728,1.1435897057125497
237.41318962164564,1.1438242530250857
237.4331907328185,1.1440587302316394
237.45319184399133,1.1442931372179153
237.4731929551642,1.1445274738696547
237.49319406633703,1.1447617400726313
237.51319517750986,1.1449959357126542
237.53319628868272,1.1452300606755668
237.55319739985555,1.1454641148472464
237.5731985110284,1.145698098113606
237.59319962220124,1.1459320103605912
237.61320073337407,1.146165851474184
237.63320184454693,1.1463996213404002
237.65320295571976,1.1466333198452905
237.67320406689262,1.1468669468749413
237.69320517806545,1.1471005023154714
237.7132062892383,1.1473339860530372
237.73320740041115,1.1475673979738283
237.75320851158398,1.1478007379640704
237.77320962275684,1.1480340059100245
237.79321073392967,1.148267201697984
237.8132118451025,1.148500325214281
237.83321295627536,1.1487333763452812
237.8532140674482,1.148966354977385
237.87321517862105,1.1491992609970292
237.89321628979388,1.1494320942906857
237.91321740096672,1.1496648547448616
237.93321851213958,1.1498975422461004
237.9532196233124,1.1501301566809792
237.97322073448527,1.1503626979361126
237.9932218456581,1.1505951658981504
238.01322295683093,1.1508275604537774
238.0332240680038,1.151059881489716
238.05322517917662,1.1512921288927214
238.07322629034948,1.1515243025495874
238.0932274015223,1.1517564023471427
238.11322851269514,1.151988428172252
238.133229623868,1.1522203799118171
238.15323073504084,1.1524522574527736
238.1732318462137,1.1526840606820956
238.19323295738653,1.1529157894867916
238.21323406855936,1.1531474437539078
238.23323517973222,1.1533790233705261
238.25323629090505,1.1536105282237648
238.2732374020779,1.1538419582007793
238.29323851325074,1.1540733131887597
238.31323962442357,1.1543045930749347
238.33324073559643,1.1545357977465687
238.35324184676927,1.1547669270909626
238.37324295794213,1.154997980995455
238.39324406911496,1.1552289593474194
238.4132451802878,1.1554598620342675
238.43324629146065,1.1556906889434488
238.45324740263348,1.155921439962447
238.47324851380634,1.1561521149787848
238.49324962497917,1.156382713880022
238.513250736152,1.1566132365537545
238.53325184732486,1.1568436828876167
238.5532529584977,1.1570740527692782
238.57325406967055,1.1573043460864476
238.59325518084339,1.1575345627268705
238.61325629201622,1.157764702578329
238.63325740318908,1.1579947655286447
238.6532585143619,1.1582247514656734
238.67325962553477,1.1584546602773111
238.6932607367076,1.1586844918514907
238.71326184788043,1.1589142460761825
238.7332629590533,1.1591439228393952
238.75326407022612,1.1593735220291737
238.77326518139898,1.1596030435336027
238.79326629257181,1.1598324872408028
238.81326740374465,1.160061853038934
238.8332685149175,1.1602911408161936
238.85326962609034,1.1605203504608173
238.8732707372632,1.160749481861079
238.89327184843603,1.1609785349052897
238.91327295960886,1.1612075094817995
238.93327407078172,1.161436405478997
238.95327518195455,1.1616652227853084
238.9732762931274,1.161893961289199
238.99327740430024,1.162122620879171
239.0132785154731,1.162351201443767
239.03327962664594,1.1625797028715668
239.05328073781877,1.1628081250511892
239.07328184899163,1.1630364678712926
239.09328296016446,1.1632647312205715
239.11328407133732,1.1634929149877624
239.13328518251015,1.1637210190616374
239.15328629368298,1.1639490433310096
239.17328740485584,1.1641769876847305
239.19328851602867,1.1644048520116905
239.21328962720153,1.1646326362008195
239.23329073837436,1.1648603401410846
239.2532918495472,1.1650879637214941
239.27329296072006,1.1653155068310947
239.2932940718929,1.1655429693589723
239.31329518306575,1.1657703511942525
239.33329629423858,1.165997652226099
239.3532974054114,1.166224872343716
239.37329851658427,1.1664520114363472
239.3932996277571,1.1666790693932758
239.41330073892996,1.166906046103823
239.4333018501028,1.1671329414573515
239.45330296127563,1.167359755343263
239.47330407244849,1.1675864876509996
239.49330518362132,1.167813138270041
239.51330629479418,1.168039707089909
239.533307405967,1.1682661940001642
239.55330851713984,1.1684925988904076
239.5733096283127,1.1687189216502802
239.59331073948553,1.168945162169462
239.6133118506584,1.1691713203376741
239.63331296183122,1.169397396044678
239.65331407300405,1.1696233891802743
239.67331518417691,1.1698492996343055
239.69331629534975,1.1700751272966519
239.7133174065226,1.1703008720572368
239.73331851769544,1.1705265338060218
239.75331962886827,1.1707521124330103
239.77332074004113,1.1709776078282457
239.79332185121396,1.1712030198818122
239.81332296238682,1.171428348483835
239.83332407355965,1.1716535935244785
239.85332518473248,1.171878754893949
239.87332629590534,1.172103832482494
239.89332740707817,1.1723288261804008
239.91332851825103,1.1725537358779985
239.93332962942387,1.1727785614656558
239.9533307405967,1.1730033028337836
239.97333185176956,1.1732279598728337
239.9933329629424,1.1734525324732987
240.01333407411525,1.1736770205257132
240.03333518528808,1.1739014239206509
240.0533362964609,1.174125742548729
240.07333740763377,1.1743499763006056
240.0933385188066,1.1745741250669786
240.11333962997946,1.1747981887385892
240.1333407411523,1.175022167206219
240.15334185232513,1.175246060360692
240.173342963498,1.1754698680928735
240.19334407467082,1.175693590293669
240.21334518584368,1.1759172268540277
240.2333462970165,1.1761407776649395
240.25334740818934,1.1763642426174366
240.2733485193622,1.1765876216025932
240.29334963053503,1.176810914511524
240.3133507417079,1.1770341212353872
240.33335185288072,1.1772572416653821
240.35335296405356,1.1774802756927512
240.37335407522642,1.177703223208778
240.39335518639925,1.177926084104788
240.4133562975721,1.1781488582721504
240.43335740874494,1.1783715456022748
240.45335851991777,1.178594145986614
240.47335963109063,1.1788166593166638
240.49336074226346,1.1790390854839616
240.51336185343632,1.1792614243800883
240.53336296460915,1.1794836758966651
240.55336407578199,1.1797058399253582
240.57336518695485,1.1799279163578753
240.59336629812768,1.1801499050859672
240.61336740930054,1.1803718060014277
240.63336852047337,1.1805936189960917
240.6533696316462,1.180815343961839
240.67337074281906,1.1810369807905923
240.6933718539919,1.181258529374315
240.71337296516475,1.1814799896050157
240.73337407633758,1.1817013613747451
240.75337518751041,1.181922644575598
240.77337629868327,1.1821438390997117
240.7933774098561,1.1823649448392657
240.81337852102897,1.1825859616864842
240.8333796322018,1.1828068895336346
240.85338074337463,1.183027728273027
240.8733818545475,1.1832484777970163
240.89338296572032,1.1834691379979985
240.91338407689318,1.1836897087684153
240.933385188066,1.183910190000751
240.95338629923884,1.1841305815875338
240.9733874104117,1.1843508834213365
240.99338852158454,1.1845710953947732
241.0133896327574,1.1847912174005049
241.03339074393023,1.1850112493312333
241.05339185510306,1.1852311910797064
241.07339296627592,1.1854510425387152
241.09339407744875,1.185670803601095
241.1133951886216,1.1858904741597256
241.13339629979444,1.1861100541075291
241.15339741096727,1.1863295433374739
241.17339852214013,1.1865489417425712
241.19339963331296,1.1867682492158773
241.21340074448582,1.186987465650493
241.23340185565866,1.187206590939562
241.2534029668315,1.1874256249762738
241.27340407800435,1.1876445676538623
241.29340518917718,1.1878634188656054
241.31340630035004,1.1880821785048266
241.33340741152287,1.1883008464648916
241.3534085226957,1.1885194226392137
241.37340963386856,1.18873790692125
241.3934107450414,1.1889562992045009
241.41341185621425,1.1891745993825134
241.43341296738708,1.1893928073488786
241.45341407855992,1.1896109229972331
241.47341518973278,1.1898289462212588
241.4934163009056,1.1900468769146806
241.51341741207847,1.1902647149712706
241.5334185232513,1.1904824602848454
241.55341963442413,1.190700112749267
241.573420745597,1.1909176722584425
241.59342185676982,1.1911351387063234
241.61342296794268,1.1913525119869082
241.6334240791155,1.1915697919942396
241.65342519028835,1.1917869786224067
241.6734263014612,1.1920040717655436
241.69342741263404,1.1922210713178294
241.7134285238069,1.19243797717349
241.73342963497973,1.1926547892267958
241.75343074615256,1.1928715073720637
241.77343185732542,1.1930881315036563
241.79343296849825,1.193304661515982
241.8134340796711,1.193521097303495
241.83343519084394,1.193737438760695
241.85343630201677,1.1939536857821282
241.87343741318963,1.1941698382623869
241.89343852436247,1.1943858960961091
241.91343963553533,1.1946018591779801
241.93344074670816,1.194817727402729
241.953441857881,1.195033500665133
241.97344296905385,1.195249178860016
241.99344408022668,1.1954647618822458
242.01344519139954,1.1956802496267394
242.03344630257237,1.1958956419884585
242.0534474137452,1.1961109388624123
242.07344852491806,1.196326140143656
242.0934496360909,1.1965412457272908
242.11345074726376,1.1967562555084656
242.1334518584366,1.196971169382376
242.15345296960942,1.197185987244263
242.17345408078228,1.1974007089894168
242.1934551919551,1.1976153345131715
242.21345630312797,1.1978298637109102
242.2334574143008,1.1980442964780622
242.25345852547363,1.1982586327101044
242.2734596366465,1.1984728723025604
242.29346074781932,1.198687015151
242.31346185899218,1.1989010611510422
242.33346297016502,1.1991150101983505
242.35346408133785,1.199328862188638
242.3734651925107,1.199542617017664
242.39346630368354,1.1997562745812356
242.4134674148564,1.1999698347752077
242.43346852602923,1.200183297495481
242.45346963720206,1.2003966626380052
242.47347074837492,1.2006099300987771
242.49347185954775,1.2008230997738416
242.5134729707206,1.201036171559291
242.53347408189344,1.2012491453512641
242.55347519306628,1.2014620210459495
242.57347630423914,1.201674798539582
242.59347741541197,1.2018874777284454
242.61347852658483,1.202100058508871
242.63347963775766,1.2023125407772375
242.6534807489305,1.202524924429972
242.67348186010335,1.202737209363551
242.69348297127618,1.2029493954744965
242.71348408244904,1.2031614826593806
242.73348519362187,1.203373470814823
242.7534863047947,1.203585359837492
242.77348741596757,1.2037971496241044
242.7934885271404,1.204008840071424
242.81348963831326,1.204220431076264
242.8334907494861,1.204431922535487
242.85349186065892,1.2046433143460022
242.87349297183178,1.2048546064047696
242.8934940830046,1.2050657986087951
242.91349519417747,1.2052768908551357
242.9334963053503,1.2054878830408962
242.95349741652313,1.2056987750632293
242.973498527696,1.205909566819338
242.99349963886883,1.2061202582064734
243.0135007500417,1.2063308491219364
243.03350186121452,1.2065413394630746
243.05350297238735,1.2067517291272873
243.0735040835602,1.2069620180120215
243.09350519473304,1.2071722060147734
243.1135063059059,1.207382293033089
243.13350741707873,1.2075922789645626
243.15350852825156,1.2078021637068381
243.17350963942442,1.2080119471576092
243.19351075059726,1.2082216292146186
243.21351186177012,1.2084312097756589
243.23351297294295,1.2086406887385706
243.25351408411578,1.2088500660012456
243.27351519528864,1.209059341461625
243.29351630646147,1.209268515017698
243.31351741763433,1.2094775865675056
243.33351852880716,1.2096865560091372
243.35351963998,1.2098954232407322
243.37352075115285,1.2101041881604806
243.39352186232568,1.2103128506666205
243.41352297349854,1.2105214106574418
243.43352408467138,1.2107298680312835
243.4535251958442,1.2109382226865344
243.47352630701707,1.2111464745216345
243.4935274181899,1.211354623435072
243.51352852936276,1.211562669325387
243.5335296405356,1.211770612091169
243.55353075170845,1.2119784516310588
243.57353186288128,1.2121861878437452
243.5935329740541,1.2123938206279696
243.61353408522697,1.2126013498825237
243.6335351963998,1.2128087755062475
243.65353630757267,1.2130160973980342
243.6735374187455,1.2132233154568262
243.69353852991833,1.2134304295816163
243.7135396410912,1.2136374396714493
243.73354075226402,1.2138443456254187
243.75354186343688,1.2140511473426703
243.7735429746097,1.2142578447224004
243.79354408578254,1.2144644376638556
243.8135451969554,1.2146709260663349
243.83354630812823,1.2148773098291858
243.8535474193011,1.2150835888518086
243.87354853047393,1.2152897630336545
243.89354964164676,1.2154958322742255
243.91355075281962,1.2157017964730754
243.93355186399245,1.2159076555298072
243.9535529751653,1.216113409344078
243.97355408633814,1.2163190578155934
243.99355519751097,1.2165246008441122
244.01355630868383,1.2167300383294444
244.03355741985666,1.216935370171451
244.05355853102952,1.217140596270045
244.07355964220235,1.2173457165251897
244.0935607533752,1.2175507308369014
244.11356186454805,1.2177556391052473
244.13356297572088,1.2179604412303469
244.15356408689374,1.218165137112371
244.17356519806657,1.2183697266515416
244.1935663092394,1.2185742097481338
244.21356742041226,1.218778586302474
244.2335685315851,1.2189828562149398
244.25356964275795,1.219187019385962
244.27357075393078,1.2193910757160227
244.29357186510362,1.2195950251056564
244.31357297627648,1.21979886745545
244.3335740874493,1.2200026026660413
244.35357519862217,1.2202062306381216
244.373576309795,1.220409751272434
244.39357742096783,1.220613164469774
244.4135785321407,1.2208164701309903
244.43357964331352,1.2210196681569818
244.45358075448638,1.2212227584487019
244.4735818656592,1.2214257409071558
244.49358297683204,1.2216286154334013
244.5135840880049,1.2218313819285496
244.53358519917774,1.2220340402937624
244.5535863103506,1.2222365904302568
244.57358742152343,1.2224390322393002
244.59358853269626,1.2226413656222144
244.61358964386912,1.2228435904803738
244.63359075504195,1.2230457067152054
244.6535918662148,1.2232477142281897
244.67359297738764,1.223449612920859
244.69359408856047,1.2236514026947996
244.71359519973333,1.2238530834516506
244.73359631090617,1.2240546550931046
244.75359742207903,1.2242561175209077
244.77359853325186,1.2244574706368576
244.7935996444247,1.2246587143428065
244.81360075559755,1.22485984854066
244.83360186677038,1.2250608731323769
244.85360297794324,1.2252617880199699
244.87360408911607,1.2254625931055034
244.8936052002889,1.2256632882910972
244.91360631146176,1.2258638734789247
244.9336074226346,1.2260643485712108
244.95360853380745,1.2262647134702365
244.9736096449803,1.2264649680783353
244.99361075615312,1.2266651122978947
245.01361186732598,1.2268651460313567
245.0336129784988,1.227065069181215
245.05361408967167,1.2272648816500198
245.0736152008445,1.2274645833403734
245.09361631201733,1.2276641741549335
245.1136174231902,1.227863653996411
245.13361853436302,1.2280630227675706
245.15361964553588,1.2282622803712318
245.17362075670871,1.228461426710268
245.19362186788155,1.2286604616876071
245.2136229790544,1.2288593852062315
245.23362409022724,1.2290581971691765
245.2536252014001,1.229256897479534
245.27362631257293,1.2294554860404476
245.29362742374576,1.2296539627551182
245.31362853491862,1.2298523275267992
245.33362964609145,1.2300505802587995
245.3536307572643,1.230248720854483
245.37363186843714,1.2304467492172666
245.39363297960998,1.2306446652506233
245.41363409078284,1.2308424688580808
245.43363520195567,1.231040159943221
245.45363631312853,1.2312377384096818
245.47363742430136,1.2314352041611538
245.4936385354742,1.2316325571013846
245.51363964664705,1.2318297971341765
245.53364075781988,1.2320269241633857
245.55364186899274,1.2322239380929243
245.57364298016557,1.2324208388267597
245.5936440913384,1.232617626268914
245.61364520251126,1.2328143003234653
245.6336463136841,1.2330108608945456
245.65364742485696,1.2332073078863433
245.6736485360298,1.2334036412031022
245.69364964720262,1.2335998607491208
245.71365075837548,1.2337959664287539
245.7336518695483,1.2339919581464107
245.75365298072117,1.234187835806557
245.773654091894,1.2343835993137138
245.79365520306683,1.2345792485724576
245.8136563142397,1.2347747834874214
245.83365742541253,1.2349702039632922
245.85365853658539,1.2351655099048149
245.87365964775822,1.235360701216788
245.89366075893105,1.2355557778040678
245.9136618701039,1.2357507395715657
245.93366298127674,1.235945586424249
245.9536640924496,1.2361403182671418
245.97366520362243,1.2363349350053225
245.99366631479526,1.2365294365439274
246.01366742596812,1.2367238227881483
246.03366853714095,1.236918093643233
246.05366964831381,1.2371122490144861
246.07367075948665,1.2373062888072677
246.09367187065948,1.2375002129269945
246.11367298183234,1.2376940212791399
246.13367409300517,1.237887713769234
246.15367520417803,1.2380812903028626
246.17367631535086,1.2382747507856682
246.1936774265237,1.2384680951233502
246.21367853769655,1.238661323221665
246.23367964886938,1.238854434986424
246.25368076004224,1.2390474303234968
246.27368187121508,1.2392403091388098
246.2936829823879,1.2394330713383455
246.31368409356077,1.2396257168281437
246.3336852047336,1.2398182455143005
246.35368631590646,1.2400106573029694
246.3736874270793,1.240202952100361
246.39368853825212,1.2403951298127427
246.41368964942498,1.2405871903464396
246.4336907605978,1.240779133607832
246.45369187177067,1.2409709595033593
246.4736929829435,1.241162667939518
246.49369409411634,1.2413542588228612
246.5136952052892,1.2415457320599987
246.53369631646203,1.241737087557599
246.5536974276349,1.2419283252223878
246.57369853880772,1.2421194449611468
246.59369964998055,1.2423104466807169
246.6137007611534,1.2425013302879955
246.63370187232624,1.2426920956899383
246.6537029834991,1.2428827427935583
246.67370409467193,1.2430732715059254
246.69370520584476,1.2432636817341685
246.71370631701762,1.2434539733854733
246.73370742819046,1.2436441463670838
246.75370853936332,1.2438342005863021
246.77370965053615,1.244024135950487
246.79371076170898,1.2442139523670566
246.81371187288184,1.2444036497434867
246.83371298405467,1.24459322798731
246.85371409522753,1.244782687006118
246.87371520640036,1.2449720267075615
246.8937163175732,1.2451612469993474
246.91371742874605,1.2453503477892427
246.93371853991889,1.2455393289850707
246.95371965109175,1.2457281904947144
246.97372076226458,1.245916932226115
246.9937218734374,1.2461055540872716
247.01372298461027,1.2462940559862428
247.0337240957831,1.2464824378311437
247.05372520695596,1.2466706995301493
247.0737263181288,1.2468588409914934
247.09372742930162,1.2470468621234674
247.11372854047448,1.247234762834423
247.13372965164731,1.247422543032768
247.15373076282017,1.2476102026269718
247.173731873993,1.24779774152556
247.19373298516584,1.247985159637119
247.2137340963387,1.248172456870293
247.23373520751153,1.2483596331337858
247.2537363186844,1.24854668833636
247.27373742985722,1.2487336223868364
247.29373854103005,1.248920435194096
247.3137396522029,1.2491071266670777
247.33374076337574,1.249293696714781
247.3537418745486,1.249480145246264
247.37374298572144,1.249666472170643
247.39374409689427,1.2498526773970948
247.41374520806713,1.250038760834855
247.43374631923996,1.2502247223932192
247.45374743041282,1.2504105619815418
247.47374854158565,1.2505962795092365
247.49374965275848,1.2507818748857764
247.51375076393134,1.2509673480206958
247.53375187510417,1.251152698823586
247.55375298627703,1.2513379272040994
247.57375409744986,1.2515230330719485
247.5937552086227,1.2517080163369045
247.61375631979556,1.2518928769087996
247.6337574309684,1.2520776146975239
247.65375854214125,1.2522622296130286
247.67375965331408,1.2524467215653252
247.6937607644869,1.252631090464484
247.71376187565977,1.252815336220637
247.7337629868326,1.2529994587439732
247.75376409800546,1.2531834579447454
247.7737652091783,1.2533673337332631
247.79376632035112,1.2535510860198984
247.81376743152398,1.2537347147150826
247.83376854269682,1.2539182197293073
247.85376965386968,1.2541016009731247
247.8737707650425,1.2542848583571464
247.89377187621534,1.2544679917920458
247.9137729873882,1.2546510011885554
247.93377409856103,1.2548338864574689
247.9537752097339,1.2550166475096411
247.97377632090672,1.2551992842559851
247.99377743207955,1.2553817966074774
248.0137785432524,1.255564184475153
248.03377965442525,1.2557464477701086
248.0537807655981,1.2559285864035021
248.07378187677094,1.2561106002865503
248.0937829879438,1.2562924893305332
248.11378409911663,1.2564742534467892
248.13378521028946,1.2566558925467195
248.15378632146232,1.2568374065417856
248.17378743263515,1.2570187953435097
248.193788543808,1.257200058863476
248.21378965498084,1.257381197013328
248.23379076615367,1.2575622097047718
248.25379187732653,1.2577430968495744
248.27379298849937,1.2579238583595636
248.29379409967223,1.258104494146629
248.31379521084506,1.2582850041227205
248.3337963220179,1.2584653881998502
248.35379743319075,1.2586456462900917
248.37379854436358,1.258825778305579
248.39379965553644,1.2590057841585092
248.41380076670927,1.2591856637611387
248.4338018778821,1.259365417025787
248.45380298905496,1.2595450438648357
248.4738041002278,1.2597245441907257
248.49380521140066,1.2599039179159617
248.5138063225735,1.2600831649531095
248.53380743374632,1.2602622852147962
248.55380854491918,1.2604412786137122
248.573809656092,1.260620145062607
248.59381076726487,1.2607988844742943
248.6138118784377,1.260977496761649
248.63381298961053,1.261155981837608
248.6538141007834,1.2613343396151706
248.67381521195622,1.2615125700073966
248.69381632312908,1.26169067292741
248.71381743430192,1.2618686482883954
248.73381854547475,1.2620464960036006
248.7538196566476,1.2622242159863353
248.77382076782044,1.2624018081499704
248.7938218789933,1.262579272407941
248.81382299016613,1.2627566086737427
248.83382410133896,1.2629338168609348
248.85382521251182,1.2631108968831386
248.87382632368465,1.2632878486540378
248.8938274348575,1.263464672087379
248.91382854603035,1.2636413670969704
248.93382965720318,1.2638179335966837
248.95383076837604,1.263994371500453
248.97383187954887,1.264170680722275
248.99383299072173,1.2643468611762099
249.01383410189456,1.2645229127763788
249.0338352130674,1.2646988354369673
249.05383632424025,1.2648746290722235
249.07383743541308,1.2650502935964576
249.09383854658594,1.2652258289240437
249.11383965775877,1.2654012349694186
249.1338407689316,1.2655765116470818
249.15384188010447,1.2657516588715967
249.1738429912773,1.265926676557588
249.19384410245016,1.2661015646197458
249.213845213623,1.2662763229728218
249.23384632479582,1.2664509515316313
249.25384743596868,1.266625450211054
249.2738485471415,1.2667998189260308
249.29384965831437,1.2669740575915671
249.3138507694872,1.2671481661227322
249.33385188066003,1.267322144434658
249.3538529918329,1.2674959924425409
249.37385410300573,1.2676697100616388
249.3938552141786,1.2678432972072755
249.41385632535142,1.2680167537948366
249.43385743652425,1.268190079739772
249.4538585476971,1.2683632749575962
249.47385965886994,1.2685363393638858
249.4938607700428,1.2687092728742826
249.51386188121563,1.2688820754044907
249.53386299238846,1.2690547468702795
249.55386410356132,1.2692272871874817
249.57386521473416,1.2693996962719933
249.59386632590702,1.2695719740397762
249.61386743707985,1.2697441204068534
249.63386854825268,1.2699161352893142
249.65386965942554,1.2700880186033114
249.67387077059837,1.2702597702650618
249.69387188177123,1.2704313901908466
249.71387299294406,1.2706028782970107
249.7338741041169,1.2707742344999635
249.75387521528975,1.2709454587161797
249.77387632646258,1.2711165508621962
249.79387743763544,1.271287510854616
249.81387854880828,1.2714583386101062
249.8338796599811,1.271629034045398
249.85388077115397,1.2717995970772875
249.8738818823268,1.2719700276226347
249.89388299349966,1.2721403255983648
249.9138841046725,1.2723104909214675
249.93388521584532,1.2724805235089969
249.95388632701818,1.2726504232780724
249.973887438191,1.272820190145877
249.99388854936387,1.27298982402966
250.0138896605367,1.2731593248467339
250.03389077170954,1.2733286925144778
250.0538918828824,1.2734979269503337
250.07389299405523,1.2736670280718105
250.0938941052281,1.273835995796481
250.11389521640092,1.274004830041983
250.13389632757375,1.2741735307260198
250.1538974387466,1.2743420977663593
250.17389854991944,1.2745105310808351
250.1938996610923,1.2746788305873462
250.21390077226513,1.2748469962038553
250.23390188343797,1.2750150278483923
250.25390299461083,1.2751829254390508
250.27390410578366,1.275350688893991
250.29390521695652,1.2755183181314382
250.31390632812935,1.275685813069682
250.33390743930218,1.2758531736270788
250.35390855047504,1.2760203997220505
250.37390966164787,1.2761874912730833
250.39391077282073,1.27635444819873
250.41391188399356,1.2765212704176085
250.4339129951664,1.2766879578484034
250.45391410633925,1.276854510409864
250.4739152175121,1.2770209280208051
250.49391632868495,1.277187210600108
250.51391743985778,1.2773533580667198
250.5339185510306,1.277519370339653
250.55391966220347,1.2776852473379867
250.5739207733763,1.277850988980865
250.59392188454916,1.2780165951874982
250.613922995722,1.2781820658771634
250.63392410689482,1.2783474009692033
250.65392521806768,1.2785126003830265
250.67392632924052,1.2786776640381077
250.69392744041338,1.2788425918539883
250.7139285515862,1.279007383750275
250.73392966275904,1.2791720396466415
250.7539307739319,1.2793365594628276
250.77393188510473,1.2795009431186397
250.7939329962776,1.2796651905339504
250.81393410745042,1.279829301628698
250.83393521862325,1.279993276322888
250.8539363297961,1.2801571145365926
250.87393744096894,1.2803208161899502
250.8939385521418,1.2804843812031659
250.91393966331464,1.2806478094965104
250.93394077448747,1.2808111009903222
250.95394188566033,1.2809742556050066
250.97394299683316,1.2811372732610347
250.99394410800602,1.2813001538789455
251.01394521917885,1.2814628973793436
251.03394633035168,1.2816255036829007
251.05394744152454,1.2817879727103567
251.07394855269737,1.2819503043825162
251.09394966387023,1.2821124986202528
251.11395077504307,1.2822745553445054
251.1339518862159,1.2824364744762815
251.15395299738876,1.2825982559366549
251.1739541085616,1.2827598996467657
251.19395521973445,1.2829214055278229
251.21395633090728,1.283082773501101
251.2339574420801,1.2832440034879429
251.25395855325297,1.2834050954097587
251.2739596644258,1.2835660491880245
251.29396077559866,1.2837268647442857
251.3139618867715,1.2838875420001532
251.33396299794433,1.284048080877306
251.3539641091172,1.2842084812974917
251.37396522029002,1.2843687431825235
251.39396633146288,1.2845288664542838
251.4139674426357,1.284688851034721
251.43396855380854,1.2848486968458523
251.4539696649814,1.285008403809762
251.47397077615423,1.2851679718486024
251.4939718873271,1.2853274008845939
251.51397299849992,1.2854866908400226
251.53397410967276,1.285645841637245
251.55397522084562,1.2858048531986839
251.57397633201845,1.2859637254468306
251.5939774431913,1.2861224583042445
251.61397855436414,1.2862810516935514
251.63397966553697,1.2864395055374471
251.65398077670983,1.2865978197586947
251.67398188788266,1.2867559942801243
251.69398299905552,1.2869140290246355
251.71398411022835,1.2870719239151955
251.73398522140118,1.2872296788748399
251.75398633257404,1.2873872938266724
251.77398744374688,1.2875447686938641
251.79398855491974,1.2877021033996559
251.81398966609257,1.2878592978673558
251.8339907772654,1.2880163520203407
251.85399188843826,1.2881732657820564
251.8739929996111,1.2883300390760155
251.89399411078395,1.2884866718258008
251.91399522195678,1.2886431639550626
251.9339963331296,1.2887995153875205
251.95399744430247,1.2889557260469622
251.9739985554753,1.2891117958572433
251.99399966664816,1.28926772474229
252.014000777821,1.2894235126260947
252.03400188899383,1.2895791594327206
252.0540030001667,1.2897346650862989
252.07400411133952,1.2898900295110294
252.09400522251238,1.2900452526311814
252.1140063336852,1.290200334371092
252.13400744485804,1.2903552746551683
252.1540085560309,1.2905100734078854
252.17400966720373,1.2906647305537884
252.1940107783766,1.2908192460174912
252.21401188954943,1.2909736197236756
252.23401300072226,1.2911278515970936
252.25401411189512,1.2912819415625665
252.27401522306795,1.291435889544984
252.2940163342408,1.291589695469306
252.31401744541364,1.2917433592605603
252.33401855658647,1.291896880843845
252.35401966775933,1.2920502601443273
252.37402077893216,1.2922034970872434
252.39402189010502,1.2923565915978994
252.41402300127785,1.2925095436016705
252.4340241124507,1.2926623530240016
252.45402522362355,1.2928150197904074
252.47402633479638,1.2929675438264707
252.49402744596924,1.2931199250578456
252.51402855714207,1.2932721634102546
252.5340296683149,1.2934242588094909
252.55403077948776,1.2935762111814166
252.5740318906606,1.2937280204519637
252.59403300183345,1.293879686547134
252.61403411300628,1.2940312093929989
252.63403522417914,1.2941825889156997
252.65403633535198,1.294333825041448
252.6740374465248,1.2944849176965247
252.69403855769767,1.2946358668072815
252.7140396688705,1.2947866723001384
252.73404078004336,1.2949373341015873
252.7540418912162,1.2950878521381892
252.77404300238902,1.295238226336575
252.79404411356188,1.2953884566234466
252.8140452247347,1.2955385429255744
252.83404633590757,1.295688485169801
252.8540474470804,1.2958382832830375
252.87404855825324,1.2959879371922667
252.8940496694261,1.2961374468245408
252.91405078059893,1.2962868121069822
252.9340518917718,1.2964360329667846
252.95405300294462,1.2965851093312106
252.97405411411745,1.2967340411275945
252.9940552252903,1.2968828282833411
253.01405633646314,1.2970314707259247
253.034057447636,1.2971799683828915
253.05405855880883,1.2973283211818565
253.07405966998166,1.297476529050507
253.09406078115452,1.2976245919166
253.11406189232736,1.2977725097079635
253.13406300350022,1.2979202823524967
253.15406411467305,1.298067909778168
253.17406522584588,1.298215391913018
253.19406633701874,1.2983627286851578
253.21406744819157,1.2985099200227692
253.23406855936443,1.2986569658541056
253.25406967053726,1.2988038661074897
253.2740707817101,1.2989506207113162
253.29407189288295,1.2990972295940517
253.31407300405579,1.299243692684232
253.33407411522865,1.2993900099104647
253.35407522640148,1.2995361812014292
253.3740763375743,1.2996822064858755
253.39407744874717,1.2998280856926248
253.41407855992,1.2999738187505687
253.43407967109286,1.3001194055886711
253.4540807822657,1.3002648461359674
253.47408189343852,1.300410140321563
253.49408300461138,1.3005552880746367
253.51408411578421,1.3007002893244357
253.53408522695707,1.3008451440002813
253.5540863381299,1.300989852031565
253.57408744930274,1.30113441334775
253.5940885604756,1.3012788278783716
253.61408967164843,1.301423095553035
253.6340907828213,1.3015672163014191
253.65409189399412,1.3017111900532727
253.67409300516695,1.301855016738417
253.6940941163398,1.3019986962867454
253.71409522751264,1.3021422286282218
253.7340963386855,1.3022856136928833
253.75409744985834,1.302428851410837
253.77409856103117,1.3025719417122634
253.79409967220403,1.3027148845274141
253.81410078337686,1.302857679786613
253.83410189454972,1.3030003274202557
253.85410300572255,1.3031428273588095
253.87410411689538,1.3032851795328138
253.89410522806824,1.303427383872881
253.91410633924107,1.3035694403096936
253.93410745041393,1.303711348774008
253.95410856158676,1.3038531091966516
253.9741096727596,1.303994721508525
253.99411078393246,1.3041361856406006
254.0141118951053,1.3042775015239219
254.03411300627815,1.304418669089606
254.05411411745098,1.3045596882688422
254.0741152286238,1.3047005589928913
254.09411633979667,1.3048412811930878
254.1141174509695,1.304981854800837
254.13411856214236,1.3051222797476176
254.1541196733152,1.3052625559649806
254.17412078448803,1.3054026833845498
254.19412189566089,1.3055426619380213
254.21412300683372,1.305682491557163
254.23412411800658,1.3058221721738166
254.2541252291794,1.3059617037198956
254.27412634035224,1.3061010861273863
254.2941274515251,1.3062403193283483
254.31412856269793,1.3063794032549132
254.3341296738708,1.3065183378392864
254.35413078504362,1.306657123013744
254.37413189621645,1.3067957587106374
254.3941330073893,1.306934244862389
254.41413411856215,1.3070725814014954
254.434135229735,1.3072107682605256
254.45413634090784,1.307348805372121
254.47413745208067,1.3074866926689965
254.49413856325353,1.3076244300839406
254.51413967442636,1.3077620175498137
254.53414078559922,1.3078994549995506
254.55414189677205,1.3080367423661579
254.57414300794488,1.308173879582716
254.59414411911774,1.308310866582379
254.61414523029057,1.3084477032983732
254.63414634146343,1.3085843896639986
254.65414745263627,1.3087209256126286
254.6741485638091,1.30885731107771
254.69414967498196,1.308993545992763
254.7141507861548,1.3091296302913804
254.73415189732765,1.3092655639072293
254.75415300850048,1.3094013467740497
254.7741541196733,1.3095369788256557
254.79415523084617,1.3096724599959346
254.814156342019,1.309807790218847
254.83415745319186,1.3099429694284268
254.8541585643647,1.310077997558783
254.87415967553753,1.3102128745440964
254.8941607867104,1.3103476003186223
254.91416189788322,1.31048217481669
254.93416300905608,1.3106165979727025
254.9541641202289,1.3107508697211356
254.97416523140174,1.31088498999654
254.9941663425746,1.31101895873354
255.01416745374743,1.3111527758668333
255.0341685649203,1.3112864413311922
255.05416967609312,1.3114199550614618
255.07417078726596,1.3115533169925626
255.09417189843882,1.3116865270594882
255.11417300961165,1.3118195851973062
255.1341741207845,1.311952491341159
255.15417523195734,1.312085245426262
255.17417634313017,1.3122178473879054
255.19417745430303,1.312350297161454
255.21417856547586,1.3124825946823453
255.23417967664872,1.3126147398860923
255.25418078782155,1.312746732708282
255.27418189899439,1.3128785730845758
255.29418301016725,1.3130102609507088
255.31418412134008,1.3131417962424907
255.33418523251294,1.3132731788958059
255.35418634368577,1.3134044088466128
255.3741874548586,1.3135354860309447
255.39418856603146,1.313666410384909
255.4141896772043,1.3137971818446874
255.43419078837715,1.3139278003465364
255.45419189954998,1.3140582658267874
255.47419301072281,1.3141885782218456
255.49419412189567,1.3143187374681924
255.5141952330685,1.314448743502381
255.53419634424137,1.3145785962610423
255.5541974554142,1.31470829568088
255.57419856658703,1.3148378416986732
255.5941996777599,1.3149672342512757
255.61420078893272,1.3150964732756165
255.63420190010558,1.3152255587086992
255.6542030112784,1.3153544904876011
255.67420412245124,1.3154832685494764
255.6942052336241,1.3156118928315528
255.71420634479693,1.3157403632711338
255.7342074559698,1.3158686798055974
255.75420856714263,1.3159968423723964
255.77420967831546,1.3161248509090593
255.79421078948832,1.3162527053531892
255.81421190066115,1.3163804056424646
255.834213011834,1.3165079517146392
255.85421412300684,1.3166353435075413
255.87421523417967,1.3167625809590748
255.89421634535253,1.3168896640072194
255.91421745652536,1.3170165925900286
255.93421856769822,1.3171433666456327
255.95421967887106,1.3172699861122363
255.9742207900439,1.31739645092812
255.99422190121675,1.3175227610316398
256.0142230123896,1.3176489163612264
256.0342241235624,1.3177749168553865
256.05422523473527,1.3179007624527022
256.07422634590813,1.3180264530918313
256.09422745708093,1.3181519887115063
256.1142285682538,1.3182773692505365
256.13422967942665,1.3184025946478064
256.1542307905995,1.3185276648422748
256.1742319017723,1.3186525797729778
256.1942330129452,1.3187773393790265
256.21423412411804,1.3189019435996086
256.23423523529084,1.3190263923739853
256.2542363464637,1.3191506856414965
256.27423745763656,1.3192748233415557
256.29423856880936,1.319398805413653
256.3142396799822,1.3195226317973543
256.3342407911551,1.319646302432302
256.35424190232794,1.3197698172582129
256.37424301350075,1.3198931762148813
256.3942441246736,1.3200163792421766
256.41424523584647,1.3201394262800448
256.43424634701927,1.3202623172685068
256.4542474581921,1.3203850521476617
256.474248569365,1.3205076308576826
256.4942496805378,1.3206300533388189
256.51425079171065,1.320752319531398
256.5342519028835,1.3208744293758212
256.55425301405637,1.3209963828125677
256.5742541252292,1.3211181797821914
256.59425523640203,1.3212398202253244
256.6142563475749,1.3213613040826735
256.6342574587477,1.321482631295022
256.65425856992056,1.3216038018032308
256.6742596810934,1.321724815548236
256.6942607922662,1.3218456724710497
256.7142619034391,1.3219663725127622
256.73426301461194,1.3220869156145383
256.7542641257848,1.3222073017176212
256.7742652369576,1.3223275307633284
256.79426634813046,1.3224476026930565
256.8142674593033,1.322567517448277
256.8342685704761,1.3226872749705376
256.854269681649,1.3228068752014646
256.87427079282185,1.322926318082759
256.89427190399465,1.3230456035562
256.9142730151675,1.3231647315636421
256.93427412634037,1.323283702047018
256.95427523751323,1.3234025149483362
256.97427634868603,1.323521170209682
256.9942774598589,1.3236396677732183
257.01427857103175,1.3237580075811843
257.03427968220456,1.3238761895758957
257.0542807933774,1.3239942136997467
257.0742819045503,1.3241120798952064
257.0942830157231,1.3242297881048224
257.11428412689594,1.3243473382712185
257.1342852380688,1.3244647303370962
257.15428634924166,1.3245819642452332
257.17428746041446,1.3246990399384846
257.1942885715873,1.3248159573597835
257.2142896827602,1.324932716452139
257.234290793933,1.325049317158638
257.25429190510584,1.325165759422444
257.2742930162787,1.3252820431867989
257.2942941274515,1.32539816839502
257.31429523862437,1.3255141349905042
257.3342963497972,1.3256299429167238
257.3542974609701,1.3257455921172296
257.3742985721429,1.3258610825356485
257.39429968331575,1.3259764141156865
257.4143007944886,1.326091586801126
257.4343019056614,1.3262066005358262
257.4543030168343,1.326321455263726
257.47430412800713,1.326436150928839
257.49430523917994,1.3265506874752582
257.5143063503528,1.3266650648471536
257.53430746152566,1.3267792829887735
257.5543085726985,1.3268933418444424
257.5743096838713,1.3270072413585636
257.5943107950442,1.3271209814756175
257.61431190621704,1.3272345621401627
257.63431301738984,1.3273479832968345
257.6543141285627,1.3274612448903478
257.67431523973556,1.327574346865493
257.69431635090837,1.3276872891671403
257.7143174620812,1.3278000717402363
257.7343185732541,1.3279126945298065
257.75431968442695,1.3280251574809536
257.77432079559975,1.328137460538858
257.7943219067726,1.3282496036487794
257.81432301794547,1.3283615867560536
257.8343241291183,1.328473409806096
257.85432524029113,1.3285850727443989
257.874326351464,1.3286965755165336
257.8943274626368,1.328807918068148
257.91432857380966,1.3289191003449705
257.9343296849825,1.3290301222928051
257.9543307961554,1.3291409838575357
257.9743319073282,1.3292516849851226
257.99433301850104,1.3293622256216069
258.0143341296739,1.3294726057131052
258.0343352408467,1.3295828252058144
258.05433635201956,1.3296928840460085
258.0743374631924,1.3298027821800407
258.0943385743652,1.329912519554341
258.1143396855381,1.33002209611542
258.13434079671094,1.330131511809865
258.1543419078838,1.3302407665843419
258.1743430190566,1.3303498603855957
258.19434413022947,1.330458793160449
258.2143452414023,1.3305675648558042
258.23434635257513,1.3306761754186405
258.254347463748,1.3307846247960173
258.27434857492085,1.3308929129350715
258.29434968609365,1.3310010397830188
258.3143507972665,1.331109005287154
258.3343519084394,1.3312168093948498
258.35435301961223,1.331324452053558
258.37435413078504,1.331431933210809
258.3943552419579,1.3315392528142127
258.41435635313076,1.331646410811456
258.43435746430356,1.331753407150306
258.4543585754764,1.331860241778608
258.4743596866493,1.3319669146442872
258.4943607978221,1.3320734256953453
258.51436190899494,1.3321797748798656
258.5343630201678,1.3322859621460086
258.55436413134066,1.332391987442014
258.57436524251347,1.3324978507162004
258.5943663536863,1.3326035519169666
258.6143674648592,1.3327090909927883
258.634368576032,1.3328144678922216
258.65436968720485,1.3329196825639018
258.6743707983777,1.3330247349565427
258.6943719095505,1.3331296250189366
258.7143730207234,1.3332343526999568
258.73437413189623,1.3333389179485544
258.7543752430691,1.3334433207137593
258.7743763542419,1.3335475609446814
258.79437746541475,1.3336516385905097
258.8143785765876,1.333755553600513
258.8343796877604,1.3338593059240373
258.8543807989333,1.3339628955105112
258.87438191010614,1.3340663223094393
258.89438302127894,1.3341695862704077
258.9143841324518,1.334272687343081
258.93438524362466,1.334375625477204
258.9543863547975,1.3344784006225994
258.9743874659703,1.3345810127291706
258.9943885771432,1.3346834617469006
259.01438968831604,1.3347857476258511
259.03439079948885,1.334887870316163
259.0543919106617,1.334989829768059
259.07439302183457,1.3350916259318386
259.09439413300737,1.3351932587578816
259.11439524418023,1.3352947281966494
259.1343963553531,1.3353960341986806
259.15439746652595,1.3354971767145947
259.17439857769875,1.3355981556950898
259.1943996888716,1.3356989710909457
259.2144008000445,1.33579962285302
259.2344019112173,1.335900110932251
259.25440302239014,1.3360004352796566
259.274404133563,1.3361005958463346
259.2944052447358,1.336200592583462
259.31440635590866,1.336300425442297
259.3344074670815,1.3364000943741763
259.3544085782544,1.3364995993305175
259.3744096894272,1.336598940262817
259.39441080060004,1.3366981171226526
259.4144119117729,1.336797129861681
259.4344130229457,1.336895978431639
259.45441413411857,1.336994662784344
259.4744152452914,1.3370931828716932
259.4944163564643,1.3371915386456639
259.5144174676371,1.3372897300583122
259.53441857880995,1.337387757061777
259.5544196899828,1.337485619608275
259.5744208011556,1.337583317650104
259.59442191232847,1.3376808511396416
259.61442302350133,1.3377782200293469
259.63442413467413,1.3378754242717568
259.654425245847,1.337972463819491
259.67442635701985,1.3380693386252478
259.6944274681927,1.3381660486418063
259.7144285793655,1.3382625938220265
259.7344296905384,1.3383589741188475
259.75443080171124,1.33845518948529
259.77443191288404,1.3385512398744543
259.7944330240569,1.3386471252395218
259.81443413522976,1.3387428455337536
259.83443524640256,1.3388384007104916
259.8544363575754,1.3389337907231584
259.8744374687483,1.3390290155252569
259.89443857992114,1.3391240750703703
259.91443969109395,1.3392189693121626
259.9344408022668,1.3393136982043785
259.95444191343967,1.3394082617008434
259.97444302461247,1.3395026597554625
259.99444413578533,1.3395968923222228
260.0144452469582,1.3396909593551911
260.034446358131,1.3397848608085148
260.05444746930385,1.3398785966364233
260.0744485804767,1.339972166793225
260.0944496916496,1.3400655712333105
260.1144508028224,1.3401588099111494
260.13445191399524,1.340251882781295
260.1544530251681,1.3403447897983782
260.1744541363409,1.340437530917113
260.19445524751376,1.3405301060922932
260.2144563586866,1.340622515278794
260.2344574698594,1.3407147584315706
260.2544585810323,1.340806835505661
260.27445969220514,1.340898746456182
260.294460803378,1.3409904912383326
260.3144619145508,1.3410820698073922
260.33446302572366,1.3411734821187224
260.3544641368965,1.3412647281277645
260.3744652480693,1.3413558077900412
260.3944663592422,1.341446721061157
260.41446747041505,1.341537467896796
260.43446858158785,1.3416280482527252
260.4544696927607,1.3417184620847915
260.47447080393357,1.3418087093489242
260.49447191510643,1.3418987900011319
260.51447302627923,1.341988703997506
260.5344741374521,1.3420784512942188
260.55447524862495,1.3421680318475233
260.57447635979776,1.3422574456137544
260.5944774709706,1.3423466925493284
260.6144785821435,1.342435772610742
260.6344796933163,1.342524685754574
260.65448080448914,1.3426134319374847
260.674481915662,1.3427020111162156
260.69448302683486,1.342790423247589
260.71448413800766,1.3428786682885088
260.7344852491805,1.3429667461959616
260.7544863603534,1.3430546569270139
260.7744874715262,1.3431424004388144
260.79448858269905,1.3432299766885933
260.8144896938719,1.3433173856336627
260.8344908050447,1.3434046272314148
260.85449191621757,1.3434917014393255
260.87449302739043,1.3435786082149503
260.8944941385633,1.3436653475159277
260.9144952497361,1.3437519192999767
260.93449636090895,1.3438383235248996
260.9544974720818,1.3439245601485785
260.9744985832546,1.3440106291289782
260.9944996944275,1.3440965304241455
261.01450080560033,1.344182263992208
261.03450191677314,1.3442678297913755
261.054503027946,1.3443532277799402
261.07450413911886,1.3444384579162754
261.0945052502917,1.3445235201588357
261.1145063614645,1.3446084144661588
261.1345074726374,1.3446931407968634
261.15450858381024,1.3447776991096505
261.17450969498304,1.3448620893633025
261.1945108061559,1.3449463115166846
261.21451191732876,1.345030365528743
261.23451302850157,1.3451142513585064
261.2545141396744,1.345197968965085
261.2745152508473,1.3452815183076718
261.29451636202015,1.3453648993455412
261.31451747319295,1.3454481120380493
261.3345185843658,1.3455311563446355
261.35451969553867,1.3456140322248198
261.3745208067115,1.3456967396382056
261.39452191788433,1.3457792785444773
261.4145230290572,1.3458616489034025
261.43452414023,1.3459438506748298
261.45452525140286,1.3460258838186916
261.4745263625757,1.3461077482950004
261.4945274737486,1.3461894440638529
261.5145285849214,1.3462709710854261
261.53452969609424,1.3463523293199815
261.5545308072671,1.3464335187278609
261.5745319184399,1.3465145392694895
261.59453302961276,1.3465953909053743
261.6145341407856,1.3466760735961052
261.6345352519584,1.346756587302353
261.6545363631313,1.3468369319848734
261.67453747430415,1.3469171076045026
261.694538585477,1.3469971141221586
261.7145396966498,1.347076951498844
261.73454080782267,1.3471566196956422
261.7545419189955,1.3472361186737198
261.77454303016833,1.3473154483943255
261.7945441413412,1.347394608818791
261.81454525251405,1.3474735999085294
261.83454636368685,1.347552421625038
261.8545474748597,1.3476310739298953
261.8745485860326,1.3477095567847632
261.89454969720543,1.3477878701513855
261.91455080837824,1.347866013991589
261.9345519195511,1.3479439882672832
261.95455303072396,1.3480217929404605
261.97455414189676,1.348099427973195
261.9945552530696,1.3481768933276446
262.0145563642425,1.3482541889660493
262.0345574754153,1.3483313148507319
262.05455858658814,1.348408270944098
262.074559697761,1.3484850572086362
262.09456080893386,1.3485616736069175
262.11456192010667,1.3486381201015951
262.1345630312795,1.3487143966554074
262.1545641424524,1.3487905032311724
262.1745652536252,1.3488664397917935
262.19456636479805,1.3489422063002556
262.2145674759709,1.3490178027196276
262.2345685871437,1.3490932290130595
262.2545696983166,1.3491684851437862
262.27457080948943,1.3492435710751247
262.2945719206623,1.3493184867704746
262.3145730318351,1.3493932321933189
262.33457414300796,1.3494678073072235
262.3545752541808,1.3495422120758378
262.3745763653536,1.349616446462893
262.3945774765265,1.349690510432205
262.41457858769934,1.3497644039476713
262.43457969887214,1.3498381269732733
262.454580810045,1.3499116794730754
262.47458192121786,1.349985061411225
262.4945830323907,1.3500582727519526
262.5145841435635,1.3501313134595718
262.5345852547364,1.3502041834984795
262.55458636590924,1.3502768828331562
262.57458747708205,1.3503494114281644
262.5945885882549,1.3504217692481515
262.61458969942777,1.3504939562578469
262.63459081060057,1.350565972422063
262.65459192177343,1.3506378177056972
262.6745930329463,1.3507094920737286
262.69459414411915,1.35078099549122
262.71459525529195,1.350852327923317
262.7345963664648,1.3509234893352509
262.7545974776377,1.350994479692333
262.7745985888105,1.3510652989599603
262.79459969998334,1.3511359471036124
262.8146008111562,1.3512064240888526
262.834601922329,1.3512767298813269
262.85460303350186,1.351346864446766
262.8746041446747,1.3514168277509833
262.8946052558476,1.3514866197598754
262.9146063670204,1.3515562404394226
262.93460747819324,1.3516256897556895
262.9546085893661,1.3516949676748231
262.9746097005389,1.3517640741630546
262.99461081171177,1.3518330091866984
263.0146119228846,1.3519017727121527
263.03461303405743,1.3519703647058996
263.0546141452303,1.3520387851345042
263.07461525640315,1.3521070339646157
263.094616367576,1.3521751111629665
263.1146174787488,1.352243016696373
263.1346185899217,1.352310750531735
263.15461970109453,1.352378312636037
263.17462081226734,1.3524457029763453
263.1946219234402,1.352512921519812
263.21462303461306,1.3525799682336712
263.23462414578586,1.3526468430852416
263.2546252569587,1.352713546041926
263.2746263681316,1.3527800770712104
263.29462747930444,1.3528464361406647
263.31462859047724,1.3529126232179425
263.3346297016501,1.352978638270782
263.35463081282296,1.3530444812670042
263.37463192399576,1.3531101521745146
263.3946330351686,1.3531756509613024
263.4146341463415,1.3532409775954413
263.4346352575143,1.3533061320450872
263.45463636868715,1.3533711142784823
263.47463747986,1.3534359242639507
263.49463859103287,1.3535005619699016
263.51463970220567,1.3535650273648276
263.53464081337853,1.3536293204173062
263.5546419245514,1.3536934410959978
263.5746430357242,1.353757389369647
263.59464414689705,1.3538211652070835
263.6146452580699,1.3538847685772195
263.6346463692427,1.3539481994490525
263.6546474804156,1.3540114577916635
263.67464859158844,1.3540745435742179
263.6946497027613,1.3541374567659648
263.7146508139341,1.3542001973362376
263.73465192510696,1.3542627652544543
263.7546530362798,1.3543251604901165
263.7746541474526,1.3543873830128097
263.7946552586255,1.3544494327922045
263.81465636979834,1.3545113097980552
263.83465748097115,1.3545730140002004
263.854658592144,1.3546345453685626
263.87465970331687,1.3546959038731492
263.8946608144897,1.3547570894840513
263.91466192566253,1.354818102171444
263.9346630368354,1.354878941905588
263.95466414800825,1.3549396086568268
263.97466525918105,1.355000102395589
263.9946663703539,1.355060423092388
264.01466748152677,1.3551205707178202
264.03466859269963,1.3551805452425674
264.05466970387243,1.3552403466373955
264.0746708150453,1.355299974873155
264.09467192621815,1.3553594299207803
264.11467303739096,1.3554187117512901
264.1346741485638,1.3554778203357891
264.1546752597367,1.3555367556454645
264.1746763709095,1.3555955176515888
264.19467748208234,1.355654106325519
264.2146785932552,1.3557125216386967
264.23467970442806,1.3557707635626475
264.25468081560086,1.355828832068982
264.2746819267737,1.3558867271293953
264.2946830379466,1.3559444487156667
264.3146841491194,1.3560019967996602
264.33468526029225,1.3560593713533249
264.3546863714651,1.3561165723486936
264.3746874826379,1.356173599757884
264.39468859381077,1.3562304535530993
264.41468970498363,1.356287133706626
264.4346908161565,1.3563436401908358
264.4546919273293,1.356399972978185
264.47469303850215,1.3564561320412152
264.494694149675,1.3565121173525516
264.5146952608478,1.3565679288849044
264.5346963720207,1.3566235666110693
264.55469748319354,1.3566790305039258
264.57469859436634,1.3567343205364386
264.5946997055392,1.3567894366816569
264.61470081671206,1.356844378912715
264.6347019278849,1.3568991472028313
264.6547030390577,1.35695374152531
264.6747041502306,1.3570081618535388
264.69470526140344,1.3570624081609919
264.71470637257625,1.3571164804212263
264.7347074837491,1.357170378607886
264.75470859492196,1.357224102694698
264.77470970609477,1.3572776526554753
264.7947108172676,1.357331028464115
264.8147119284405,1.3573842300946
264.83471303961335,1.3574372575209974
264.85471415078615,1.357490110717459
264.874715261959,1.3575427896582224
264.89471637313187,1.3575952943176097
264.9147174843047,1.3576476246700275
264.93471859547753,1.3576997806899682
264.9547197066504,1.3577517623520088
264.9747208178232,1.3578035696308106
264.99472192899606,1.3578552025011215
265.0147230401689,1.3579066609377728
265.0347241513418,1.3579579449156818
265.0547252625146,1.35800905440985
265.07472637368744,1.3580599893953653
265.0947274848603,1.3581107498473994
265.1147285960331,1.3581613357412095
265.13472970720596,1.3582117470521382
265.1547308183788,1.3582619837556127
265.1747319295516,1.3583120458271452
265.1947330407245,1.358361933242334
265.21473415189735,1.3584116459768614
265.2347352630702,1.3584611840064955
265.254736374243,1.3585105473070893
265.27473748541587,1.3585597358545811
265.29473859658873,1.3586087496249946
265.31473970776153,1.3586575885944376
265.3347408189344,1.358706252739105
265.35474193010725,1.3587547420352752
265.37474304128006,1.3588030564593128
265.3947441524529,1.3588511959876668
265.4147452636258,1.3588991605968728
265.43474637479864,1.35894695026355
265.45474748597144,1.3589945649644042
265.4747485971443,1.3590420046762257
265.49474970831716,1.359089269375891
265.51475081948996,1.3591363590403605
265.5347519306628,1.359183273646681
265.5547530418357,1.3592300131719846
265.5747541530085,1.359276577593488
265.59475526418134,1.3593229668884945
265.6147563753542,1.3593691810343915
265.63475748652706,1.3594152200086524
265.65475859769987,1.3594610837888355
265.6747597088727,1.3595067723525855
265.6947608200456,1.3595522856776314
265.7147619312184,1.3595976237417884
265.73476304239125,1.3596427865229566
265.7547641535641,1.3596877739991218
265.7747652647369,1.3597325861483551
265.7947663759098,1.3597772229488139
265.81476748708263,1.3598216843787394
265.8347685982555,1.3598659704164595
265.8547697094283,1.3599100810403877
265.87477082060116,1.3599540162290222
265.894771931774,1.3599977759609474
265.9147730429468,1.3600413602148327
265.9347741541197,1.3600847689694338
265.95477526529254,1.3601280022035909
265.97477637646534,1.3601710598962307
265.9947774876382,1.3602139420263648
266.01477859881106,1.3602566485730907
266.0347797099839,1.3602991795155916
266.0547808211567,1.360341534833136
266.0747819323296,1.3603837145050781
266.09478304350245,1.3604257185108581
266.11478415467525,1.3604675468300007
266.1347852658481,1.360509199442118
266.15478637702097,1.3605506763269062
266.1747874881938,1.3605919774641475
266.19478859936663,1.3606331028337106
266.2147897105395,1.360674052415549
266.23479082171235,1.3607148261897022
266.25479193288515,1.360755424136295
266.274793044058,1.3607958462355385
266.2947941552309,1.3608360924677294
266.3147952664037,1.36087616281325
266.33479637757654,1.3609160572525683
266.3547974887494,1.3609557757662378
266.3747985999222,1.3609953183348982
266.39479971109506,1.361034684939275
266.4148008222679,1.361073875560179
266.4348019334408,1.3611128901785072
266.4548030446136,1.361151728775242
266.47480415578644,1.3611903913314523
266.4948052669593,1.3612288778282917
266.5148063781321,1.3612671882470007
266.53480748930497,1.3613053225689051
266.5548086004778,1.3613432807754169
266.57480971165063,1.3613810628480332
266.5948108228235,1.3614186687683376
266.61481193399635,1.3614560985179995
266.6348130451692,1.361493352078774
266.654814156342,1.3615304294325021
266.6748152675149,1.361567330561111
266.69481637868773,1.361604055446613
266.71481748986054,1.3616406040711073
266.7348186010334,1.3616769764167784
266.75481971220626,1.361713172465897
266.77482082337906,1.3617491922008196
266.7948219345519,1.3617850356039887
266.8148230457248,1.3618207026579325
266.83482415689764,1.3618561933452658
266.85482526807044,1.3618915076486882
266.8748263792433,1.3619266455509869
266.89482749041616,1.3619616070350336
266.91482860158897,1.3619963920837868
266.9348297127618,1.362031000680291
266.9548308239347,1.3620654328076762
266.9748319351075,1.3620996884491587
266.99483304628035,1.3621337675880414
267.0148341574532,1.3621676702077121
267.03483526862607,1.3622013962916457
267.05483637979887,1.3622349458234022
267.07483749097173,1.3622683187866285
267.0948386021446,1.3623015151650573
267.1148397133174,1.3623345349425067
267.13484082449025,1.3623673781028822
267.1548419356631,1.3624000446301743
267.1748430468359,1.3624325345084598
267.1948441580088,1.3624648477219021
267.21484526918164,1.3624969842547505
267.2348463803545,1.36252894409134
267.2548474915273,1.3625607272160918
267.27484860270016,1.362592333613514
267.294849713873,1.3626237632682001
267.3148508250458,1.3626550161648296
267.3348519362187,1.3626860922881694
267.35485304739154,1.3627169916230708
267.37485415856435,1.3627477141544726
267.3948552697372,1.3627782598673994
267.41485638091007,1.3628086287469618
267.4348574920829,1.3628388207783568
267.45485860325573,1.3628688359468673
267.4748597144286,1.3628986742378628
267.49486082560145,1.362928335636799
267.51486193677425,1.3629578201292176
267.5348630479471,1.3629871277007466
267.55486415912,1.3630162583371002
267.5748652702928,1.363045212024079
267.59486638146564,1.3630739887475698
267.6148674926385,1.3631025884935455
267.63486860381136,1.3631310112480652
267.65486971498416,1.3631592569972748
267.674870826157,1.363187325727406
267.6948719373299,1.3632152174247771
267.7148730485027,1.3632429320757922
267.73487415967554,1.3632704696669422
267.7548752708484,1.3632978301848042
267.7748763820212,1.3633250136160413
267.79487749319406,1.3633520199474032
267.8148786043669,1.3633788491657262
267.8348797155398,1.363405501257932
267.8548808267126,1.3634319762110296
267.87488193788545,1.3634582740121144
267.8948830490583,1.363484394648367
267.9148841602311,1.3635103381070557
267.93488527140397,1.3635361043755343
267.95488638257683,1.3635616934412431
267.97488749374963,1.363587105291709
267.9948886049225,1.3636123399145457
268.01488971609535,1.363637397297452
268.0348908272682,1.3636622774282143
268.054891938441,1.363686980294705
268.0748930496139,1.3637115058848828
268.09489416078674,1.3637358541867928
268.11489527195954,1.3637600251885669
268.1348963831324,1.3637840188784227
268.15489749430526,1.363807835244665
268.17489860547806,1.3638314742756847
268.1948997166509,1.3638549359599592
268.2149008278238,1.3638782202860518
268.23490193899664,1.3639013272426135
268.25490305016945,1.3639242568183803
268.2749041613423,1.3639470090021757
268.29490527251517,1.3639695837829093
268.31490638368797,1.3639919811495773
268.33490749486083,1.364014201091262
268.3549086060337,1.3640362435971327
268.3749097172065,1.364058108656445
268.39491082837935,1.364079796258541
268.4149119395522,1.3641013063928487
268.4349130507251,1.3641226390488839
268.4549141618979,1.3641437942162475
268.47491527307074,1.3641647718846281
268.4949163842436,1.3641855720438
268.5149174954164,1.3642061946836246
268.53491860658926,1.3642266397940495
268.5549197177621,1.3642469073651085
268.574920828935,1.3642669973869228
268.5949219401078,1.3642869098496995
268.61492305128064,1.3643066447437322
268.6349241624535,1.3643262020594018
268.6549252736263,1.3643455817871748
268.67492638479916,1.364364783917605
268.694927495972,1.3643838084413322
268.7149286071448,1.3644026553490833
268.7349297183177,1.3644213246316714
268.75493082949055,1.3644398162799962
268.7749319406634,1.3644581302850445
268.7949330518362,1.3644762666378887
268.81493416300907,1.3644942253296888
268.83493527418193,1.364512006351691
268.85493638535473,1.3645296096952277
268.8749374965276,1.3645470353517186
268.89493860770045,1.3645642833126697
268.91493971887326,1.3645813535696736
268.9349408300461,1.3645982461144093
268.954941941219,1.364614960938643
268.97494305239184,1.3646314980342271
268.99494416356464,1.3646478573931007
269.0149452747375,1.3646640390072893
269.03494638591036,1.3646800428689059
269.05494749708316,1.364695868970149
269.074948608256,1.3647115173033044
269.0949497194289,1.3647269878607444
269.1149508306017,1.3647422806349283
269.13495194177455,1.3647573956184018
269.1549530529474,1.3647723328037968
269.17495416412027,1.3647870921838323
269.19495527529307,1.3648016737513144
269.21495638646593,1.3648160774991351
269.2349574976388,1.3648303034202736
269.2549586088116,1.3648443515077955
269.27495971998445,1.364858221754853
269.2949608311573,1.3648719141546855
269.3149619423301,1.3648854287006182
269.334963053503,1.3648987653860642
269.35496416467583,1.3649119242045225
269.3749652758487,1.3649249051495784
269.3949663870215,1.364937708214905
269.41496749819436,1.3649503333942612
269.4349686093672,1.3649627806814935
269.45496972054,1.3649750500705338
269.4749708317129,1.364987141555402
269.49497194288574,1.3649990551302043
269.51497305405854,1.3650107907891331
269.5349741652314,1.365022348526468
269.55497527640426,1.3650337283365759
269.5749763875771,1.365044930213909
269.5949774987499,1.3650559541530074
269.6149786099228,1.3650668001484976
269.63497972109565,1.3650774681950928
269.65498083226845,1.3650879582875926
269.6749819434413,1.365098270420884
269.69498305461417,1.3651084045899409
269.714984165787,1.3651183607898225
269.73498527695983,1.3651281390156764
269.7549863881327,1.365137739262736
269.77498749930555,1.365147161526322
269.79498861047836,1.3651564058018413
269.8149897216512,1.365165472084788
269.8349908328241,1.3651743603707427
269.8549919439969,1.3651830706553731
269.87499305516974,1.3651916029344333
269.8949941663426,1.3651999572037643
269.9149952775154,1.3652081334592938
269.93499638868826,1.3652161316970366
269.9549974998611,1.365223951913094
269.974998611034,1.3652315941036537
269.9949997222068,1.365239058264991
270.01500083337964,1.3652463443934673
270.0350019445525,1.365253452485531
270.0550030557253,1.3652603825377176
270.07500416689817,1.3652671345466492
270.095005278071,1.3652737085090338
270.11500638924383,1.365280104421668
270.1350075004167,1.3652863222814333
270.15500861158955,1.3652923620852995
270.1750097227624,1.3652982238303222
270.1950108339352,1.3653039075136442
270.2150119451081,1.365309413132495
270.23501305628093,1.365314740684191
270.25501416745374,1.3653198901661354
270.2750152786266,1.365324861575818
270.29501638979946,1.3653296549108156
270.31501750097226,1.3653342701687916
270.3350186121451,1.3653387073474963
270.355019723318,1.3653429664447672
270.37502083449084,1.3653470474585279
270.39502194566364,1.365350950386789
270.4150230568365,1.3653546752276484
270.43502416800936,1.3653582219792906
270.45502527918217,1.3653615906399863
270.475026390355,1.3653647812080936
270.4950275015279,1.3653677936820574
270.5150286127007,1.3653706280604092
270.53502972387355,1.3653732843417676
270.5550308350464,1.3653757625248375
270.57503194621927,1.365378062608411
270.5950330573921,1.3653801845913673
270.61503416856493,1.365382128472672
270.6350352797378,1.365383894251377
270.6550363909106,1.365385481926622
270.67503750208346,1.365386891497633
270.6950386132563,1.365388122963723
270.7150397244291,1.3653891763242918
270.735040835602,1.3653900515788258
270.75504194677484,1.3653907487268984
270.7750430579477,1.3653912677681699
270.7950441691205,1.365391608702387
270.81504528029336,1.365391771529384
270.8350463914662,1.365391756249081
270.855047502639,1.3653915628614857
270.8750486138119,1.3653911913666923
270.89504972498474,1.365390641764882
270.91505083615755,1.3653899140563226
270.9350519473304,1.3653890082413689
270.95505305850327,1.3653879243204625
270.9750541696761,1.3653866622941315
270.99505528084893,1.3653852221629912
271.0150563920218,1.3653836039277434
271.03505750319465,1.3653818075891773
271.05505861436745,1.3653798331481681
271.0750597255403,1.3653776806056785
271.0950608367132,1.3653753499627577
271.115061947886,1.3653728412205417
271.13506305905884,1.3653701543802534
271.1550641702317,1.3653672894432023
271.17506528140456,1.3653642464107851
271.19506639257736,1.365361025284485
271.2150675037502,1.3653576260658722
271.2350686149231,1.3653540487566036
271.2550697260959,1.3653502933584227
271.27507083726874,1.3653463598731606
271.2950719484416,1.365342248302734
271.3150730596144,1.3653379586491474
271.33507417078727,1.3653334909144916
271.3550752819601,1.3653288451009447
271.375076393133,1.3653240212107707
271.3950775043058,1.3653190192463216
271.41507861547865,1.3653138392100352
271.4350797266515,1.3653084811044365
271.4550808378243,1.3653029449321372
271.4750819489972,1.365297230695836
271.49508306017003,1.365291338398318
271.51508417134283,1.3652852680424559
271.5350852825157,1.3652790196312081
271.55508639368855,1.3652725931676206
271.5750875048614,1.365265988654826
271.5950886160342,1.3652592060960433
271.6150897272071,1.3652522454945788
271.63509083837994,1.3652451068538256
271.65509194955274,1.365237790177263
271.6750930607256,1.3652302954684576
271.69509417189846,1.3652226227310629
271.71509528307126,1.3652147719688184
271.7350963942441,1.3652067431855512
271.755097505417,1.3651985363851749
271.77509861658984,1.3651901515716895
271.79509972776265,1.3651815887491827
271.8151008389355,1.3651728479218281
271.83510195010837,1.3651639290938862
271.85510306128117,1.3651548322697042
271.87510417245403,1.365145557453717
271.8951052836269,1.3651361046504449
271.9151063947997,1.365126473864496
271.93510750597255,1.3651166651005644
271.9551086171454,1.3651066783634316
271.9751097283183,1.3650965136579651
271.9951108394911,1.3650861709891202
272.01511195066394,1.3650756503619381
272.0351130618368,1.3650649517815467
272.0551141730096,1.3650540752531617
272.07511528418246,1.3650430207820838
272.0951163953553,1.3650317883737022
272.1151175065281,1.3650203780334917
272.135118617701,1.3650087897670142
272.15511972887384,1.3649970235799183
272.1751208400467,1.3649850794779395
272.1951219512195,1.3649729574668994
272.21512306239237,1.3649606575527073
272.2351241735652,1.3649481797413587
272.255125284738,1.3649355240389354
272.2751263959109,1.3649226904516065
272.29512750708375,1.3649096789856277
272.31512861825655,1.3648964896473414
272.3351297294294,1.3648831224431763
272.35513084060227,1.3648695773796486
272.37513195177513,1.3648558544633604
272.39513306294793,1.364841953701001
272.4151341741208,1.364827875099346
272.43513528529365,1.3648136186652584
272.45513639646646,1.3647991844056868
272.4751375076393,1.3647845723276673
272.4951386188122,1.3647697824383223
272.515139729985,1.3647548147448614
272.53514084115784,1.36473966925458
272.5551419523307,1.364724345974861
272.57514306350356,1.3647088449131732
272.59514417467636,1.3646931660770731
272.6151452858492,1.3646773094742028
272.6351463970221,1.3646612751122915
272.6551475081949,1.3646450629991553
272.67514861936775,1.3646286731426962
272.6951497305406,1.3646121055509037
272.7151508417134,1.3645953602318532
272.73515195288627,1.3645784371937075
272.75515306405913,1.3645613364447153
272.775154175232,1.3645440579932122
272.7951552864048,1.3645266018476205
272.81515639757765,1.364508968016449
272.8351575087505,1.3644911565082936
272.8551586199233,1.3644731673318358
272.8751597310962,1.3644550004958445
272.89516084226904,1.364436656009175
272.91516195344184,1.3644181338807693
272.9351630646147,1.3643994341196555
272.95516417578756,1.364380556734949
272.9751652869604,1.3643615017358512
272.9951663981332,1.3643422691316507
273.0151675093061,1.3643228589317218
273.03516862047894,1.364303271145526
273.05516973165174,1.3642835057826113
273.0751708428246,1.3642635628526123
273.09517195399746,1.3642434423652496
273.1151730651703,1.3642231443303312
273.1351741763431,1.3642026687577509
273.155175287516,1.3641820156574895
273.17517639868885,1.364161185039614
273.19517750986165,1.3641401769142787
273.2151786210345,1.364118991291723
273.23517973220737,1.3640976281822743
273.2551808433802,1.3640760875963458
273.27518195455303,1.364054369544437
273.2951830657259,1.3640324740371343
273.31518417689875,1.3640104010851104
273.33518528807156,1.3639881506991252
273.3551863992444,1.3639657228900237
273.3751875104173,1.3639431176687384
273.3951886215901,1.3639203350462883
273.41518973276294,1.3638973750337782
273.4351908439358,1.3638742376424
273.4551919551086,1.363850922883432
273.47519306628146,1.363827430768238
273.4951941774543,1.3638037613082703
273.5151952886272,1.3637799145150655
273.5351963998,1.3637558904002478
273.55519751097285,1.3637316889755273
273.5751986221457,1.3637073102527013
273.5951997333185,1.3636827542436527
273.61520084449137,1.363658020960351
273.63520195566423,1.3636331104148525
273.65520306683703,1.3636080226192995
273.6752041780099,1.3635827575859212
273.69520528918275,1.363557315327032
273.7152064003556,1.3635316958550343
273.7352075115284,1.363505899182416
273.7552086227013,1.363479925321751
273.77520973387414,1.3634537742857007
273.79521084504694,1.363427446087012
273.8152119562198,1.3634009407385181
273.83521306739266,1.363374258253139
273.85521417856546,1.3633473986438807
273.8752152897383,1.363320361923836
273.8952164009112,1.3632931481061838
273.91521751208404,1.3632657572041889
273.93521862325684,1.3632381892312029
273.9552197344297,1.3632104442006636
273.97522084560256,1.3631825221260951
273.99522195677537,1.363154423021108
274.0152230679482,1.3631261468993987
274.0352241791211,1.36309769377475
274.0552252902939,1.3630690636610319
274.07522640146675,1.363040256572199
274.0952275126396,1.3630112725222936
274.11522862381247,1.3629821115254437
274.1352297349853,1.3629527735958638
274.15523084615813,1.362923258747854
274.175231957331,1.362893566995801
274.1952330685038,1.3628636983541784
274.21523417967666,1.362833652837545
274.2352352908495,1.3628034304605463
274.2552364020223,1.3627730312379143
274.2752375131952,1.3627424551844665
274.29523862436804,1.3627117023151067
274.3152397355409,1.3626807726448256
274.3352408467137,1.3626496661886995
274.35524195788656,1.3626183829618912
274.3752430690594,1.362586922979649
274.3952441802322,1.362555286257308
274.4152452914051,1.3625234728102895
274.43524640257795,1.3624914826541006
274.45524751375075,1.3624593158043343
274.4752486249236,1.3624269722766704
274.49524973609647,1.3623944520868747
274.51525084726933,1.3623617552507983
274.53525195844213,1.3623288817843795
274.555253069615,1.3622958317036422
274.57525418078785,1.3622626050246962
274.59525529196065,1.3622292017637376
274.6152564031335,1.3621956219370488
274.6352575143064,1.3621618655609975
274.6552586254792,1.3621279326520386
274.67525973665204,1.362093823226712
274.6952608478249,1.362059537301644
274.71526195899776,1.3620250748935474
274.73526307017056,1.3619904360192203
274.7552641813434,1.3619556206955474
274.7752652925163,1.3619206289394987
274.7952664036891,1.3618854607681312
274.81526751486194,1.3618501161985872
274.8352686260348,1.361814595248095
274.8552697372076,1.3617788979339691
274.87527084838047,1.3617430242736095
274.8952719595533,1.361706974284503
274.9152730707262,1.3616707479842216
274.935274181899,1.3616343453904238
274.95527529307185,1.3615977665208536
274.9752764042447,1.361561011393341
274.9952775154175,1.3615240800258022
275.0152786265904,1.3614869724362386
275.03527973776323,1.3614496886427385
275.05528084893604,1.3614122286634756
275.0752819601089,1.3613745925167091
275.09528307128176,1.361336780220785
275.1152841824546,1.361298791794134
275.1352852936274,1.3612606272552734
275.1552864048003,1.3612222866228065
275.17528751597314,1.361183769915422
275.19528862714594,1.3611450771518943
275.2152897383188,1.361106208351084
275.23529084949166,1.3610671635319378
275.25529196066447,1.3610279427134873
275.2752930718373,1.3609885459148505
275.2952941830102,1.3609489731552311
275.31529529418304,1.3609092244539185
275.33529640535585,1.360869299830288
275.3552975165287,1.3608291993038002
275.37529862770157,1.3607889228940022
275.39529973887437,1.3607484706205262
275.41530085004723,1.3607078425030905
275.4353019612201,1.3606670385614985
275.4553030723929,1.3606260588156402
275.47530418356575,1.3605849032854909
275.4953052947386,1.3605435719911112
275.5153064059115,1.3605020649526478
275.5353075170843,1.3604603821903334
275.55530862825714,1.3604185237244852
275.57530973943,1.360376489575507
275.5953108506028,1.3603342797638887
275.61531196177566,1.3602918943102043
275.6353130729485,1.3602493332351144
275.6553141841213,1.3602065965593655
275.6753152952942,1.3601636843037888
275.69531640646704,1.3601205964893015
275.7153175176399,1.360077333136907
275.7353186288127,1.3600338942676928
275.75531973998557,1.3599902799028336
275.7753208511584,1.3599464900635885
275.79532196233123,1.3599025247713028
275.8153230735041,1.3598583840474066
275.83532418467695,1.3598140679134159
275.85532529584975,1.359769576390933
275.8753264070226,1.3597249095016442
275.8953275181955,1.3596800672673222
275.91532862936833,1.359635049709825
275.93532974054114,1.3595898568510965
275.955330851714,1.3595444887131647
275.97533196288686,1.3594989453181445
275.99533307405966,1.359453226688236
276.0153341852325,1.3594073328457235
276.0353352964054,1.3593612638129784
276.0553364075782,1.3593150196124562
276.07533751875104,1.3592686002666983
276.0953386299239,1.3592220057983317
276.11533974109676,1.3591752362300682
276.13534085226956,1.3591282915847054
276.1553419634424,1.3590811718851263
276.1753430746153,1.3590338771542987
276.1953441857881,1.3589864074152764
276.21534529696095,1.3589387626911975
276.2353464081338,1.3588909430052865
276.2553475193066,1.3588429483808528
276.27534863047947,1.3587947788412909
276.29534974165233,1.3587464344100804
276.3153508528252,1.358697915110787
276.335351963998,1.3586492209670604
276.35535307517085,1.3586003520026364
276.3753541863437,1.3585513082413359
276.3953552975165,1.358502089707065
276.4153564086894,1.3584526964238144
276.43535751986224,1.3584031284156606
276.45535863103504,1.3583533857067658
276.4753597422079,1.3583034683213757
276.49536085338076,1.358253376283823
276.5153619645536,1.358203109618524
276.5353630757264,1.3581526683499812
276.5553641868993,1.3581020525027816
276.57536529807214,1.3580512621015974
276.59536640924495,1.3580002971711864
276.6153675204178,1.3579491577363907
276.63536863159067,1.3578978438221376
276.65536974276347,1.3578463554534401
276.67537085393633,1.3577946926553957
276.6953719651092,1.3577428554531867
276.71537307628205,1.3576908438720812
276.73537418745485,1.3576386579374315
276.7553752986277,1.3575862976746753
276.7753764098006,1.3575337631093352
276.7953775209734,1.3574810542670188
276.81537863214623,1.3574281711734186
276.8353797433191,1.357375113854312
276.8553808544919,1.3573218823355613
276.87538196566476,1.3572684766431138
276.8953830768376,1.3572148968030018
276.9153841880105,1.3571611428413424
276.9353852991833,1.3571072147843373
276.95538641035614,1.3570531126582734
276.975387521529,1.3569988364895225
276.9953886327018,1.356944386304541
277.01538974387466,1.3568897621298701
277.0353908550475,1.356834963992136
277.0553919662203,1.3567799919180494
277.0753930773932,1.3567248459344066
277.09539418856605,1.3566695260680872
277.1153952997389,1.3566140323460572
277.1353964109117,1.3565583647953663
277.15539752208457,1.3565025234431491
277.17539863325743,1.356446508316625
277.19539974443023,1.3563903194430984
277.2154008556031,1.356333956849958
277.23540196677595,1.356277420564677
277.25540307794876,1.356220710614814
277.2754041891216,1.3561638270280114
277.2954053002945,1.356106769831997
277.31540641146734,1.3560495390545826
277.33540752264014,1.3559921347236654
277.355408633813,1.3559345568672259
277.37540974498586,1.3558768055133306
277.39541085615866,1.3558188806901295
277.4154119673315,1.3557607824258577
277.4354130785044,1.3557025107488352
277.4554141896772,1.3556440656874653
277.47541530085005,1.3555854472702373
277.4954164120229,1.3555266555257237
277.51541752319577,1.3554676904825824
277.53541863436857,1.3554085521695556
277.5554197455414,1.3553492406154692
277.5754208567143,1.3552897558492347
277.5954219678871,1.3552300978998473
277.61542307905995,1.3551702667963865
277.6354241902328,1.355110262568017
277.65542530140567,1.3550500852439868
277.6754264125785,1.3549897348536297
277.69542752375133,1.3549292114263622
277.7154286349242,1.3548685149916864
277.735429746097,1.3548076455791882
277.75543085726986,1.3547466032185376
277.7754319684427,1.3546853879394898
277.7954330796155,1.3546239997718832
277.8154341907884,1.3545624387456412
277.83543530196124,1.354500704890771
277.8554364131341,1.3544387982373647
277.8754375243069,1.3543767188155977
277.89543863547976,1.3543144666557307
277.9154397466526,1.3542520417881074
277.9354408578254,1.354189444243157
277.9554419689983,1.3541266740513913
277.97544308017115,1.3540637312434078
277.99544419134395,1.3540006158498874
278.0154453025168,1.353937327901595
278.03544641368967,1.3538738674293798
278.05544752486253,1.353810234464175
278.07544863603533,1.3537464290369985
278.0954497472082,1.3536824511789511
278.11545085838105,1.3536183009212188
278.13545196955386,1.353553978295071
278.1554530807267,1.353489483331861
278.1754541918996,1.3534248160630262
278.1954553030724,1.353359976520089
278.21545641424524,1.3532949647346542
278.2354575254181,1.3532297807384115
278.25545863659096,1.353164424563134
278.27545974776376,1.3530988962406798
278.2954608589366,1.3530331958029893
278.3154619701095,1.3529673232820882
278.3354630812823,1.3529012787100854
278.35546419245514,1.3528350621191738
278.375465303628,1.35276867354163
278.3954664148008,1.352702113009815
278.41546752597367,1.3526353805561724
278.4354686371465,1.352568476213231
278.4554697483194,1.3525014000136029
278.4754708594922,1.3524341519899836
278.49547197066505,1.3523667321751525
278.5154730818379,1.352299140601973
278.5354741930107,1.3522313773033925
278.5554753041836,1.352163442312441
278.57547641535643,1.352095335662233
278.59547752652924,1.3520270573859667
278.6154786377021,1.351958607516924
278.63547974887496,1.3518899860884697
278.6554808600478,1.3518211931340534
278.6754819712206,1.351752228687207
278.6954830823935,1.351683092781547
278.71548419356634,1.3516137854507735
278.73548530473914,1.3515443067286694
278.755486415912,1.3514746566491016
278.77548752708486,1.3514048352460204
278.79548863825767,1.35133484255346
278.8154897494305,1.3512646786055371
278.8354908606034,1.3511943434364535
278.85549197177625,1.3511238370804928
278.87549308294905,1.3510531595720232
278.8954941941219,1.3509823109454953
278.91549530529477,1.3509112912354444
278.9354964164676,1.350840100476488
278.95549752764043,1.3507687387033278
278.9754986388133,1.350697205950748
278.9954997499861,1.3506255022536175
279.01550086115896,1.3505536276468868
279.0355019723318,1.350481582165591
279.0555030835047,1.3504093658448486
279.0755041946775,1.35033697871986
279.09550530585034,1.3502644208259102
279.1155064170232,1.350191692198367
279.135507528196,1.3501187928726814
279.15550863936886,1.350045722884387
279.1755097505417,1.349972482269102
279.1955108617145,1.3498990710625265
279.2155119728874,1.3498254893004442
279.23551308406024,1.349751737018722
279.2555141952331,1.3496778142533101
279.2755153064059,1.3496037210402414
279.29551641757877,1.3495294574156318
279.3155175287516,1.3494550234156808
279.33551863992443,1.3493804190766707
279.3555197510973,1.3493056444349665
279.37552086227015,1.3492306995270165
279.39552197344295,1.3491555843893526
279.4155230846158,1.3490802990585884
279.4355241957887,1.3490048435714215
279.45552530696153,1.3489292179646317
279.47552641813434,1.3488534222750825
279.4955275293072,1.3487774565397197
279.51552864048006,1.3487013207955725
279.53552975165286,1.348625015079752
279.5555308628257,1.3485485394294536
279.5755319739986,1.348471893881954
279.5955330851714,1.3483950784746142
279.61553419634424,1.3483180932448764
279.6355353075171,1.3482409382302674
279.65553641868996,1.3481636134683948
279.67553752986277,1.3480861189969509
279.6955386410356,1.348008454853709
279.7155397522085,1.347930621076526
279.7355408633813,1.347852617703342
279.75554197455415,1.3477744447721784
279.775543085727,1.3476961023211402
279.7955441968998,1.3476175903884149
279.81554530807267,1.3475389090122725
279.83554641924553,1.3474600582310652
279.8555475304184,1.3473810380832287
279.8755486415912,1.3473018486072807
279.89554975276405,1.3472224898418212
279.9155508639369,1.347142961825533
279.9355519751097,1.347063264597182
279.9555530862826,1.346983398195615
279.97555419745544,1.3469033626597628
279.99555530862824,1.3468231580286385
280.0155564198011,1.3467427843413362
280.03555753097396,1.3466622416370342
280.0555586421468,1.346581529954992
280.0755597533196,1.3465006493345524
280.0955608644925,1.3464195998151391
280.11556197566534,1.3463383814362597
280.13556308683815,1.3462569942375036
280.155564198011,1.3461754382585418
280.17556530918387,1.3460937135391284
280.19556642035667,1.3460118201190996
280.21556753152953,1.3459297580383733
280.2355686427024,1.3458475273369501
280.25556975387525,1.345765128054913
280.27557086504805,1.345682560232427
280.2955719762209,1.3455998239097382
280.3155730873938,1.3455169191271765
280.3355741985666,1.3454338459251536
280.35557530973944,1.3453506043441616
280.3755764209123,1.3452671944247772
280.3955775320851,1.3451836162076574
280.41557864325796,1.3450998697335415
280.4355797544308,1.345015955043251
280.4555808656037,1.34493187217769
280.4755819767765,1.3448476211778435
280.49558308794934,1.3447632020847795
280.5155841991222,1.3446786149396468
280.535585310295,1.3445938597836773
280.55558642146786,1.3445089366581837
280.5755875326407,1.3444238456045614
280.5955886438135,1.3443385866642874
280.6155897549864,1.3442531598789205
280.63559086615925,1.3441675652901008
280.6555919773321,1.3440818029395514
280.6755930885049,1.3439958728690762
280.69559419967777,1.3439097751205609
280.71559531085063,1.3438235097359736
280.73559642202343,1.3437370767573633
280.7555975331963,1.3436504762268613
280.77559864436915,1.34356370818668
280.79559975554196,1.3434767726791144
280.8156008667148,1.3433896697465397
280.8356019778877,1.3433023994314142
280.85560308906054,1.3432149617762768
280.87560420023334,1.3431273568237485
280.8956053114062,1.3430395846165313
280.91560642257906,1.3429516451974095
280.93560753375186,1.3428635386092482
280.9556086449247,1.342775264894994
280.9756097560976,1.3426868240976757
280.9956108672704,1.342598216260403
281.01561197844325,1.3425094414263667
281.0356130896161,1.3424204996388398
281.05561420078897,1.342331390941176
281.07561531196177,1.342242115376811
281.09561642313463,1.3421526729892608
281.1156175343075,1.3420630638221236
281.1356186454803,1.3419732879190795
281.15561975665315,1.3418833453238879
281.175620867826,1.341793236080391
281.1956219789988,1.3417029602325121
281.2156230901717,1.3416125178242553
281.23562420134454,1.3415219088997057
281.2556253125174,1.3414311335030302
281.2756264236902,1.3413401916784768
281.29562753486306,1.3412490834703739
281.3156286460359,1.3411578089231317
281.3356297572087,1.3410663680812411
281.3556308683816,1.3409747609892744
281.37563197955444,1.3408829876918844
281.39563309072724,1.3407910482338061
281.4156342019001,1.3406989426598535
281.43563531307296,1.3406066710149236
281.4556364242458,1.3405142333439928
281.4756375354186,1.3404216296921199
281.4956386465915,1.3403288601044432
281.51563975776435,1.3402359246261826
281.53564086893715,1.340142823302639
281.55564198011,1.3400495561791936
281.57564309128287,1.3399561233013086
281.5956442024557,1.339862524714528
281.61564531362853,1.3397687604644744
281.6356464248014,1.339674830596853
281.65564753597425,1.3395807351574496
281.67564864714706,1.33948647419213
281.6956497583199,1.3393920477468406
281.7156508694928,1.339297455867609
281.7356519806656,1.3392026986005439
281.75565309183844,1.3391077759918326
281.7756542030113,1.3390126880877458
281.7956553141841,1.3389174349346322
281.81565642535696,1.338822016578923
281.8356575365298,1.3387264330671287
281.8556586477027,1.3386306844458409
281.8756597588755,1.3385347707617314
281.89566087004835,1.3384386920615527
281.9156619812212,1.3383424483921371
281.935663092394,1.3382460398003988
281.95566420356687,1.3381494663333304
281.97566531473973,1.3380527280380061
281.99566642591253,1.3379558249615808
282.0156675370854,1.3378587571512883
282.03566864825825,1.3377615246544443
282.0556697594311,1.337664127518443
282.0756708706039,1.3375665657907614
282.0956719817768,1.3374688395189536
282.11567309294963,1.3373709487506562
282.13567420412244,1.3372728935335856
282.1556753152953,1.3371746739155375
282.17567642646816,1.3370762899443882
282.195677537641,1.3369777416680946
282.2156786488138,1.336879029134693
282.2356797599867,1.3367801523923
282.25568087115954,1.3366811114891126
282.27568198233234,1.3365819064734072
282.2956830935052,1.3364825373935407
282.31568420467806,1.3363830042979494
282.33568531585087,1.3362833072351505
282.3556864270237,1.33618344625374
282.3756875381966,1.3360834214023947
282.39568864936945,1.3359832327298704
282.41568976054225,1.3358828802850042
282.4356908717151,1.3357823641167108
282.45569198288797,1.3356816842739871
282.4756930940608,1.3355808408059084
282.49569420523363,1.3354798337616298
282.5156953164065,1.3353786631903863
282.5356964275793,1.3352773291414937
282.55569753875216,1.3351758316643447
282.575698649925,1.3350741708084146
282.5956997610979,1.3349723466232573
282.6157008722707,1.334870359158506
282.63570198344354,1.3347682084638735
282.6557030946164,1.3346658945891519
282.6757042057892,1.3345634175842145
282.69570531696206,1.3344607774990114
282.7157064281349,1.334357974383575
282.7357075393077,1.3342550082880151
282.7557086504806,1.3341518792625222
282.77570976165345,1.3340485873573649
282.7957108728263,1.3339451326228928
282.8157119839991,1.333841515109534
282.83571309517197,1.3337377348677957
282.8557142063448,1.3336337919482648
282.87571531751763,1.333529686401608
282.8957164286905,1.3334254182785699
282.91571753986335,1.3333209876299752
282.93571865103615,1.333216394506729
282.955719762209,1.3331116389598128
282.9757208733819,1.3330067210402898
282.99572198455473,1.3329016407993008
283.01572309572754,1.3327963982880675
283.0357242069004,1.332690993557888
283.05572531807326,1.332585426660142
283.07572642924606,1.332479697646287
283.0957275404189,1.3323738065678596
283.1157286515918,1.3322677534764753
283.1357297627646,1.33216153842383
283.15573087393744,1.3320551614616958
283.1757319851103,1.3319486226419264
283.19573309628316,1.3318419220164528
283.21573420745597,1.331735059637286
283.2357353186288,1.3316280355565142
283.2557364298017,1.331520849826306
283.2757375409745,1.3314135024989089
283.29573865214735,1.3313059936266471
283.3157397633202,1.3311983232619258
283.335740874493,1.3310904914572281
283.3557419856659,1.3309824982651155
283.37574309683873,1.3308743437382282
283.3957442080116,1.3307660279292859
283.4157453191844,1.3306575508910858
283.43574643035726,1.3305489126765044
283.4557475415301,1.330440113338496
283.4757486527029,1.330331152930095
283.4957497638758,1.330222031504412
283.51575087504864,1.3301127491146383
283.53575198622144,1.3300033058140428
283.5557530973943,1.3298937016559718
283.57575420856716,1.329783936693852
283.59575531974,1.3296740109811866
283.6157564309128,1.3295639245715591
283.6357575420857,1.3294536775186292
283.65575865325854,1.3293432698761365
283.67575976443135,1.3292327016978982
283.6957608756042,1.3291219730378097
283.71576198677707,1.3290110839498448
283.73576309794987,1.328900034488056
283.75576420912273,1.3287888247065727
283.7757653202956,1.3286774546596039
283.79576643146845,1.3285659244014356
283.81576754264125,1.328454233986433
283.8357686538141,1.3283423834690375
283.855769764987,1.3282303729037706
283.8757708761598,1.3281182023452311
283.89577198733264,1.328005871848095
283.9157730985055,1.3278933814671174
283.9357742096783,1.3277807312571308
283.95577532085116,1.3276679212730456
283.975776432024,1.3275549515698497
283.9957775431969,1.3274418222026099
284.0157786543697,1.3273285332264697
284.03577976554254,1.3272150846966515
284.0557808767154,1.3271014766684541
284.0757819878882,1.3269877091972557
284.09578309906107,1.3268737823385104
284.1157842102339,1.326759696147752
284.13578532140673,1.32664545068059
284.1557864325796,1.3265310459927129
284.17578754375245,1.3264164821398858
284.1957886549253,1.3263017591779525
284.2157897660981,1.3261868771628342
284.235790877271,1.3260718361505281
284.25579198844383,1.325956636197111
284.27579309961664,1.3258412773587356
284.2957942107895,1.3257257596916328
284.31579532196236,1.3256100832521107
284.33579643313516,1.3254942480965552
284.355797544308,1.3253782542814287
284.3757986554809,1.325262101863272
284.39579976665374,1.325145790898702
284.41580087782654,1.3250293214444147
284.4358019889994,1.3249126935571809
284.45580310017226,1.3247959072938504
284.47580421134506,1.3246789627113502
284.4958053225179,1.3245618598666833
284.5158064336908,1.3244445988169309
284.5358075448636,1.324327179619251
284.55580865603645,1.3242096023308787
284.5758097672093,1.3240918670091257
284.59581087838217,1.3239739737113818
284.61581198955497,1.3238559224951127
284.63581310072783,1.3237377134178616
284.6558142119007,1.323619346537248
284.6758153230735,1.3235008219109705
284.69581643424635,1.3233821395968013
284.7158175454192,1.323263299652592
284.735818656592,1.3231443021362699
284.7558197677649,1.3230251471058394
284.77582087893774,1.3229058346193814
284.7958219901106,1.3227863647350544
284.8158231012834,1.322666737511093
284.83582421245626,1.322546953005808
284.8558253236291,1.322427011277588
284.8758264348019,1.3223069123848974
284.8958275459748,1.3221866563862774
284.91582865714764,1.3220662433403454
284.93582976832045,1.3219456733057968
284.9558308794933,1.3218249463414014
284.97583199066617,1.3217040625060075
284.995833101839,1.321583021858538
285.01583421301183,1.3214618244579945
285.0358353241847,1.3213404703634524
285.05583643535755,1.3212189596340655
285.07583754653035,1.3210972923290634
285.0958386577032,1.3209754685077513
285.11583976887607,1.320853488229511
285.1358408800489,1.3207313515538022
285.15584199122173,1.3206090585401578
285.1758431023946,1.3204866092481895
285.19584421356745,1.3203640037375841
285.21584532474026,1.3202412420681047
285.2358464359131,1.3201183242995902
285.255847547086,1.319995250491956
285.2758486582588,1.3198720207051942
285.29584976943164,1.3197486349993706
285.3158508806045,1.31962509343463
285.3358519917773,1.3195013960711912
285.35585310295016,1.3193775429693493
285.375854214123,1.3192535341894758
285.3958553252959,1.3191293697920177
285.4158564364687,1.3190050498374981
285.43585754764155,1.3188805743865155
285.4558586588144,1.3187559434997445
285.4758597699872,1.318631157237936
285.49586088116007,1.318506215661915
285.51586199233293,1.3183811188325838
285.53586310350573,1.3182558668109206
285.5558642146786,1.318130459657977
285.57586532585145,1.318004897434883
285.5958664370243,1.317879180202842
285.6158675481971,1.317753308023135
285.63586865937,1.317627280957116
285.65586977054284,1.3175010990662168
285.67587088171564,1.3173747624119436
285.6958719928885,1.317248271055878
285.71587310406136,1.3171216250596771
285.73587421523416,1.3169948244850742
285.755875326407,1.3168678693938762
285.7758764375799,1.316740759847967
285.79587754875274,1.316613495909305
285.81587865992554,1.316486077639924
285.8358797710984,1.3163585051019333
285.85588088227126,1.3162307783575162
285.87588199344407,1.3161028974689335
285.8958831046169,1.3159748624985181
285.9158842157898,1.315846673508681
285.9358853269626,1.315718330561906
285.95588643813545,1.3155898337207534
285.9758875493083,1.3154611830478573
285.99588866048117,1.3153323786059283
286.015889771654,1.3152034204577507
286.03589088282683,1.315074308666184
286.0558919939997,1.3149450432941623
286.0758931051725,1.3148156244046965
286.09589421634536,1.314686052060869
286.1158953275182,1.3145563263258393
286.135896438691,1.3144264472628424
286.1558975498639,1.3142964149351852
286.17589866103674,1.314166229406252
286.1958997722096,1.3140358907394996
286.2159008833824,1.3139053989984621
286.23590199455526,1.313774754246745
286.2559031057281,1.3136439565480313
286.2759042169009,1.313513005966077
286.2959053280738,1.3133819025647124
286.31590643924665,1.3132506464078428
286.33590755041945,1.3131192375594491
286.3559086615923,1.3129876760835841
286.37590977276517,1.3128559620443772
286.39591088393803,1.3127240955060309
286.41591199511083,1.3125920765328232
286.4359131062837,1.3124599051891046
286.45591421745655,1.3123275815393018
286.47591532862936,1.3121951056479153
286.4959164398022,1.312062477579518
286.5159175509751,1.3119296973987595
286.5359186621479,1.3117967651703624
286.55591977332074,1.311663680959123
286.5759208844936,1.3115304448299119
286.59592199566646,1.311397056847675
286.61592310683926,1.3112635170774305
286.6359242180121,1.3111298255842714
286.655925329185,1.3109959824333641
286.6759264403578,1.3108619876899508
286.69592755153064,1.3107278414193444
286.7159286627035,1.3105935436869345
286.73592977387636,1.3104590945581829
286.75593088504917,1.310324494098627
286.775931996222,1.3101897423738746
286.7959331073949,1.3100548394496108
286.8159342185677,1.3099197853915934
286.83593532974055,1.3097845802656518
286.8559364409134,1.309649224137692
286.8759375520862,1.309513717073692
286.8959386632591,1.309378059139703
286.91593977443193,1.3092422504018508
286.9359408856048,1.3091062909263347
286.9559419967776,1.3089701807794265
286.97594310795046,1.3088339200274721
286.9959442191233,1.3086975087368906
287.0159453302961,1.3085609469741755
287.035946441469,1.3084242348058912
287.05594755264184,1.3082873722986779
287.07594866381464,1.3081503595192485
287.0959497749875,1.3080131965343877
287.11595088616036,1.3078758834109556
287.1359519973332,1.3077384202158835
287.155953108506,1.3076008070161778
287.1759542196789,1.3074630438789154
287.19595533085175,1.3073251308712492
287.21595644202455,1.3071870680604034
287.2359575531974,1.3070488555136752
287.25595866437027,1.3069104932984354
287.2759597755431,1.3067719814821284
287.29596088671593,1.3066333201322693
287.3159619978888,1.3064945093164484
287.33596310906165,1.306355549102327
287.35596422023445,1.3062164395576419
287.3759653314073,1.306077180750199
287.3959664425802,1.3059377727478798
287.415967553753,1.3057982156186383
287.43596866492584,1.3056585094304989
287.4559697760987,1.3055186542515613
287.4759708872715,1.3053786501499969
287.49597199844436,1.3052384971940492
287.5159731096172,1.3050981954520342
287.5359742207901,1.304957744992342
287.5559753319629,1.3048171458834332
287.57597644313574,1.304676398193842
287.5959775543086,1.3045355019921745
287.6159786654814,1.3043944573471102
287.63597977665427,1.3042532643273987
287.6559808878271,1.304111923001865
287.67598199899993,1.303970433439404
287.6959831101728,1.3038287957089838
287.71598422134565,1.303687009879644
287.7359853325185,1.3035450760204976
287.7559864436913,1.30340299420073
287.7759875548642,1.303260764489596
287.79598866603703,1.3031183869564256
287.81598977720984,1.302975861670619
287.8359908883827,1.3028331887016495
287.85599199955556,1.3026903681190611
287.87599311072836,1.3025473999924722
287.8959942219012,1.302404284391569
287.9159953330741,1.3022610213861143
287.93599644424694,1.3021176110459391
287.95599755541974,1.3019740534409487
287.9759986665926,1.301830348641118
287.99599977776546,1.3016864967164956
288.01600088893827,1.3015424977372008
288.0360020001111,1.3013983517734244
288.056003111284,1.301254058895429
288.0760042224568,1.30110961917355
288.09600533362965,1.300965032678193
288.1160064448025,1.3008202994798346
288.13600755597537,1.3006754196490253
288.15600866714817,1.3005303932563848
288.17600977832103,1.300385220372605
288.1960108894939,1.300239901068449
288.2160120006667,1.3000944354147532
288.23601311183955,1.2999488234824212
288.2560142230124,1.2998030653424324
288.2760153341852,1.2996571610658343
288.2960164453581,1.2995111107237474
288.31601755653094,1.299364914387362
288.3360186677038,1.2992185721279408
288.3560197788766,1.299072084016818
288.37602089004946,1.2989254501253964
288.3960220012223,1.2987786705251527
288.4160231123951,1.2986317452876333
288.436024223568,1.2984846744844556
288.45602533474084,1.2983374581873075
288.47602644591365,1.2981900964679498
288.4960275570865,1.2980425893982113
288.51602866825937,1.297894937049994
288.5360297794322,1.297747139495269
288.55603089060503,1.297599196806081
288.5760320017779,1.297451109054541
288.59603311295075,1.297302876312835
288.61603422412355,1.2971544986532169
288.6360353352964,1.2970059761480128
288.6560364464693,1.296857308869618
288.6760375576421,1.2967084968905005
288.69603866881494,1.2965595402831962
288.7160397799878,1.296410439120313
288.73604089116066,1.2962611934745298
288.75604200233346,1.296111803418595
288.7760431135063,1.2959622690253272
288.7960442246792,1.2958125903676156
288.816045335852,1.2956627675184211
288.83604644702484,1.295512800550772
288.8560475581977,1.2953626895377695
288.8760486693705,1.2952124345525835
288.89604978054336,1.2950620356684552
288.9160508917162,1.2949114929586945
288.9360520028891,1.2947608064966831
288.9560531140619,1.2946099763558716
288.97605422523475,1.2944590026097809
288.9960553364076,1.2943078853320014
289.0160564475804,1.2941566245961955
289.03605755875327,1.2940052204760923
289.05605866992613,1.293853673045493
289.07605978109893,1.2937019823782696
289.0960608922718,1.2935501485483605
289.11606200344465,1.2933981716297773
289.1360631146175,1.293246051696599
289.1560642257903,1.2930937888229763
289.1760653369632,1.2929413830831273
289.19606644813604,1.2927888345513416
289.21606755930884,1.2926361433019782
289.2360686704817,1.2924833094094643
289.25606978165456,1.2923303329482978
289.27607089282736,1.292177213993047
289.2960720040002,1.2920239526183466
289.3160731151731,1.2918705488989035
289.33607422634594,1.2917170029094938
289.35607533751875,1.2915633147249614
289.3760764486916,1.291409484420221
289.39607755986447,1.2912555120702551
289.41607867103727,1.2911013977501176
289.43607978221013,1.2909471415349285
289.456080893383,1.2907927434998805
289.4760820045558,1.2906382037202326
289.49608311572865,1.2904835222713147
289.5160842269015,1.290328699228524
289.5360853380744,1.290173734667329
289.5560864492472,1.290018628663265
289.57608756042004,1.2898633812919378
289.5960886715929,1.289707992629021
289.6160897827657,1.2895524627502581
289.63609089393856,1.2893967917314604
289.6560920051114,1.2892409796485083
289.6760931162842,1.2890850265773524
289.6960942274571,1.288928932594009
289.71609533862994,1.2887726977745664
289.7360964498028,1.288616322195179
289.7560975609756,1.2884598059320718
289.77609867214846,1.2883031490615362
289.7960997833213,1.2881463516599343
289.8161008944941,1.2879894138036954
289.836102005667,1.2878323355693175
289.85610311683985,1.2876751170333671
289.87610422801265,1.28751775827248
289.8961053391855,1.287360259363358
289.91610645035837,1.2872026203827736
289.93610756153123,1.2870448414075661
289.95610867270403,1.2868869225146449
289.9761097838769,1.2867288637809844
289.99611089504975,1.2865706652836302
290.01611200622256,1.2864123270996954
290.0361131173954,1.2862538493063593
290.0561142285683,1.2860952319808718
290.0761153397411,1.2859364752005493
290.09611645091394,1.2857775790427763
290.1161175620868,1.2856185435850052
290.13611867325966,1.2854593689047573
290.15611978443246,1.2853000550796208
290.1761208956053,1.2851406021872518
290.1961220067782,1.284981010305374
290.216123117951,1.2848212795117804
290.23612422912385,1.2846614098843288
290.2561253402967,1.2845014015009475
290.2761264514695,1.284341254439631
290.29612756264237,1.284180968778442
290.31612867381523,1.2840205445955097
290.3361297849881,1.2838599819690322
290.3561308961609,1.283699280977275
290.37613200733375,1.2835384416985691
290.3961331185066,1.2833774642113156
290.4161342296794,1.2832163485939811
290.4361353408523,1.2830550949251003
290.45613645202513,1.2828937032832743
290.47613756319794,1.282732173747174
290.4961386743708,1.2825705063955333
290.51613978554366,1.2824087013071575
290.5361408967165,1.2822467585609159
290.5561420078893,1.2820846782357478
290.5761431190622,1.281922460410656
290.59614423023504,1.2817601051647134
290.61614534140784,1.2815976125770594
290.6361464525807,1.2814349827268983
290.65614756375356,1.2812722156935035
290.67614867492637,1.2811093115562147
290.6961497860992,1.2809462703944376
290.7161508972721,1.2807830922876453
290.73615200844495,1.2806197773153782
290.75615311961775,1.280456325557243
290.7761542307906,1.2802927370929122
290.79615534196347,1.2801290120021258
290.8161564531363,1.2799651503646916
290.83615756430913,1.2798011522604806
290.856158675482,1.2796370177694336
290.8761597866548,1.2794727469715568
290.89616089782766,1.279308339946922
290.9161620090005,1.2791437967756683
290.9361631201734,1.278979117538001
290.9561642313462,1.2788143023141925
290.97616534251904,1.278649351184579
290.9961664536919,1.278484264229566
291.0161675648647,1.278319041529623
291.03616867603756,1.2781536831652873
291.0561697872104,1.2779881892171603
291.0761708983832,1.2778225597659125
291.0961720095561,1.2776567948922766
291.11617312072894,1.277490894677055
291.1361742319018,1.277324859201113
291.1561753430746,1.2771586885453852
291.17617645424747,1.2769923827908678
291.1961775654203,1.2768259420186272
291.21617867659313,1.2766593663097927
291.236179787766,1.2764926557455603
291.25618089893885,1.2763258104071915
291.27618201011165,1.2761588303760152
291.2961831212845,1.2759917157334222
291.3161842324574,1.2758244665608727
291.33618534363023,1.2756570829398908
291.35618645480304,1.2754895649520663
291.3761875659759,1.2753219126790545
291.39618867714876,1.2751541262025754
291.41618978832156,1.2749862056044168
291.4361908994944,1.2748181509664283
291.4561920106673,1.274649962370528
291.47619312184014,1.2744816398986978
291.49619423301294,1.2743131836329857
291.5161953441858,1.2741445936555031
291.53619645535866,1.273975870048429
291.55619756653147,1.273807012894006
291.5761986777043,1.2736380222745423
291.5961997888772,1.27346889827241
291.61620090005,1.2732996409700488
291.63620201122285,1.273130250449961
291.6562031223957,1.2729607267947145
291.67620423356857,1.2727910700869427
291.6962053447414,1.2726212804093435
291.71620645591423,1.272451357844679
291.7362075670871,1.2722813024757766
291.7562086782599,1.2721111143855297
291.77620978943276,1.271940793656893
291.7962109006056,1.2717703403728895
291.8162120117784,1.271599754616605
291.8362131229513,1.2714290364711898
291.85621423412414,1.271258186019859
291.876215345297,1.2710872033458926
291.8962164564698,1.2709160885326358
291.91621756764266,1.2707448416634952
291.9362186788155,1.270573462821945
291.9562197899883,1.2704019520915222
291.9762209011612,1.2702303095558278
291.99622201233404,1.2700585352985279
292.01622312350685,1.2698866294033535
292.0362242346797,1.2697145919540969
292.05622534585257,1.2695424230346175
292.0762264570254,1.2693701227288374
292.09622756819823,1.2691976911207439
292.1162286793711,1.2690251282943854
292.13622979054395,1.2688524343338783
292.15623090171675,1.2686796093233998
292.1762320128896,1.2685066533471925
292.1962331240625,1.2683335664895616
292.2162342352353,1.2681603488348787
292.23623534640814,1.267987000467575
292.256236457581,1.2678135214721493
292.27623756875386,1.2676399119331623
292.29623867992666,1.267466171935239
292.3162397910995,1.2672923015630668
292.3362409022724,1.267118300901397
292.3562420134452,1.266944170035047
292.37624312461804,1.2667699090488929
292.3962442357909,1.2665955180278783
292.4162453469637,1.2664209970570086
292.43624645813657,1.2662463462213522
292.4562475693094,1.2660715656060413
292.4762486804823,1.2658966552962716
292.4962497916551,1.2657216153773019
292.51625090282795,1.2655464459344539
292.5362520140008,1.2653711470531115
292.5562531251736,1.2651957188187248
292.5762542363465,1.2650201613168028
292.59625534751933,1.2648444746329206
292.61625645869213,1.264668658852716
292.636257569865,1.2644927140618871
292.65625868103785,1.2643166403461987
292.6762597922107,1.2641404377914751
292.6962609033835,1.2639641064836062
292.7162620145564,1.2637876465085418
292.73626312572924,1.263611057952297
292.75626423690204,1.263434340900948
292.7762653480749,1.2632574954406344
292.79626645924776,1.2630805216575574
292.81626757042056,1.2629034196379827
292.8362686815934,1.262726189468236
292.8562697927663,1.2625488312347068
292.87627090393914,1.2623713450238483
292.89627201511195,1.2621937309221738
292.9162731262848,1.2620159890162597
292.93627423745767,1.2618381193927448
292.95627534863047,1.2616601221383315
292.97627645980333,1.2614819973397813
292.9962775709762,1.2613037450839208
293.016278682149,1.2611253654576378
293.03627979332185,1.2609468585478814
293.0562809044947,1.2607682244416631
293.0762820156676,1.2605894632260577
293.0962831268404,1.2604105749882004
293.11628423801324,1.260231559815289
293.1362853491861,1.2600524177945822
293.1562864603589,1.259873149013403
293.17628757153176,1.2596937535591328
293.1962886827046,1.259514231519217
293.2162897938774,1.2593345829811633
293.2362909050503,1.2591548080325383
293.25629201622314,1.2589749067609732
293.276293127396,1.2587948792541581
293.2962942385688,1.2586147255998479
293.31629534974167,1.2584344458858547
293.3362964609145,1.2582540402000564
293.3562975720873,1.2580735086303891
293.3762986832602,1.2578928512648522
293.39629979443305,1.2577120681915048
293.41630090560585,1.2575311594984697
293.4363020167787,1.2573501252739274
293.45630312795157,1.2571689656061231
293.47630423912443,1.2569876805833609
293.49630535029723,1.2568062702940077
293.5163064614701,1.2566247348264887
293.53630757264295,1.2564430742692931
293.55630868381576,1.256261288710971
293.5763097949886,1.2560793782401298
293.5963109061615,1.2558973429454423
293.6163120173343,1.2557151829156392
293.63631312850714,1.2555328982395135
293.65631423968,1.2553504890059175
293.67631535085286,1.2551679553037662
293.69631646202566,1.2549852972220337
293.7163175731985,1.2548025148497552
293.7363186843714,1.2546196082760264
293.7563197955442,1.2544365775900044
293.77632090671705,1.2542534228809048
293.7963220178899,1.2540701442380058
293.8163231290627,1.253886741750645
293.83632424023557,1.2537032155082202
293.85632535140843,1.2535195656001896
293.8763264625813,1.2533357921160722
293.8963275737541,1.253151895145448
293.91632868492695,1.2529678747779538
293.9363297960998,1.2527837311032908
293.9563309072726,1.2525994642112175
293.9763320184455,1.2524150741915536
293.99633312961834,1.252230561134178
294.01633424079114,1.2520459251290315
294.036335351964,1.2518611662661114
294.05633646313686,1.2516762846354785
294.0763375743097,1.2514912803272513
294.0963386854825,1.2513061534316094
294.1163397966554,1.2511209040387898
294.13634090782824,1.250935532239092
294.15634201900104,1.2507500381228747
294.1763431301739,1.2505644217805538
294.19634424134676,1.2503786833026078
294.21634535251957,1.250192822779573
294.2363464636924,1.2500068403020457
294.2563475748653,1.249820735960681
294.27634868603815,1.249634509846195
294.29634979721095,1.2494481620493614
294.3163509083838,1.2492616926610143
294.33635201955667,1.249075101772046
294.3563531307295,1.2488883894734104
294.37635424190233,1.2487015558561168
294.3963553530752,1.2485146010112373
294.416356464248,1.2483275250299009
294.43635757542086,1.2481403280032966
294.4563586865937,1.2479530100226712
294.4763597977666,1.2477655711793323
294.4963609089394,1.2475780115646462
294.51636202011224,1.2473903312700352
294.5363631312851,1.2472025303869843
294.5563642424579,1.247014609007035
294.57636535363076,1.246826567221788
294.5963664648036,1.2466384051229022
294.6163675759764,1.2464501228020977
294.6363686871493,1.2462617203511486
294.65636979832215,1.2460731978618917
294.676370909495,1.2458845554262203
294.6963720206678,1.2456957931360877
294.71637313184067,1.2455069110835026
294.73637424301353,1.2453179093605358
294.75637535418633,1.245128788059314
294.7763764653592,1.2449395472720228
294.79637757653205,1.244750187090906
294.81637868770486,1.2445607076082665
294.8363797988777,1.2443711089164633
294.8563809100506,1.2441813911079154
294.87638202122344,1.2439915542750997
294.89638313239624,1.2438015985105502
294.9163842435691,1.2436115239068593
294.93638535474196,1.243421330556677
294.95638646591476,1.243231018552713
294.9763875770876,1.2430405879877309
294.9963886882605,1.2428500389545567
295.0163897994333,1.2426593715460712
295.03639091060614,1.2424685858552138
295.056392021779,1.242277681974981
295.07639313295186,1.2420866599984282
295.09639424412467,1.241895520018667
295.1163953552975,1.2417042621288672
295.1363964664704,1.2415128864222555
295.1563975776432,1.2413213929921172
295.17639868881605,1.2411297819317941
295.1963997999889,1.2409380533346848
295.2164009111617,1.2407462072942472
295.2364020223346,1.2405542439039934
295.25640313350743,1.2403621632574957
295.2764042446803,1.2401699654483813
295.2964053558531,1.2399776505703373
295.31640646702596,1.2397852187171035
295.3364075781988,1.2395926699824813
295.3564086893716,1.2394000044603264
295.3764098005445,1.2392072222445518
295.39641091171734,1.2390143234291275
295.41641202289014,1.2388213081080817
295.436413134063,1.2386281763754963
295.45641424523586,1.238434928325513
295.4764153564087,1.2382415640523292
295.4964164675815,1.2380480836501984
295.5164175787544,1.2378544872134312
295.53641868992725,1.237660774836394
295.55641980110005,1.2374669466135118
295.5764209122729,1.2372730026392627
295.59642202344577,1.2370789430081846
295.61642313461857,1.23688476781487
295.63642424579143,1.2366904771539677
295.6564253569643,1.236496071120183
295.67642646813715,1.2363015498082783
295.69642757930995,1.236106913313071
295.7164286904828,1.2359121617294355
295.7364298016557,1.2357172951523008
295.7564309128285,1.2355223136766549
295.77643202400134,1.2353272173975378
295.7964331351742,1.2351320064100488
295.816434246347,1.2349366808093427
295.83643535751986,1.2347412406906277
295.8564364686927,1.2345456861491708
295.8764375798656,1.2343500172802926
295.8964386910384,1.2341542341793719
295.91643980221124,1.2339583369418392
295.9364409133841,1.233762325663185
295.9564420245569,1.233566200438953
295.97644313572977,1.2333699613647424
295.9964442469026,1.2331736085362082
296.0164453580755,1.232977142049062
296.0364464692483,1.2327805619990693
296.05644758042115,1.2325838684820511
296.076448691594,1.2323870615938843
296.0964498027668,1.2321901414305019
296.1164509139397,1.231993108087889
296.13645202511253,1.231795961662089
296.15645313628534,1.2315987022492005
296.1764542474582,1.231401329945374
296.19645535863106,1.2312038448468183
296.2164564698039,1.2310062470497953
296.2364575809767,1.2308085366506238
296.2564586921496,1.230610713745674
296.27645980332244,1.2304127784313748
296.29646091449524,1.2302147308042075
296.3164620256681,1.2300165709607092
296.33646313684096,1.2298182989974704
296.35646424801376,1.2296199150111389
296.3764653591866,1.2294214190984132
296.3964664703595,1.2292228113560504
296.41646758153234,1.229024091880859
296.43646869270515,1.2288252607697043
296.456469803878,1.2286263181195045
296.47647091505087,1.228427264027232
296.49647202622367,1.2282280985899154
296.51647313739653,1.228028821904635
296.5364742485694,1.2278294340685272
296.5564753597422,1.2276299351787823
296.57647647091505,1.227430325332644
296.5964775820879,1.2272306046274102
296.6164786932608,1.2270307731604342
296.6364798044336,1.2268308310291216
296.65648091560644,1.2266307783309327
296.6764820267793,1.2264306151633808
296.6964831379521,1.2262303416240359
296.71648424912496,1.2260299578105174
296.7364853602978,1.2258294638205016
296.7564864714706,1.225628859751719
296.7764875826435,1.2254281457019505
296.79648869381634,1.2252273217690337
296.8164898049892,1.2250263880508578
296.836490916162,1.2248253446453683
296.85649202733487,1.2246241916505594
296.8764931385077,1.2244229291644835
296.89649424968053,1.2242215572852437
296.9164953608534,1.2240200761109974
296.93649647202625,1.223818485739954
296.95649758319905,1.2236167862703793
296.9764986943719,1.2234149778005874
296.9964998055448,1.2232130604289502
297.01650091671763,1.2230110342538894
297.03650202789044,1.2228088993738826
297.0565031390633,1.222606655887457
297.07650425023616,1.2224043038931955
297.09650536140896,1.2222018434897342
297.1165064725818,1.2219992747757582
297.1365075837547,1.22179659785001
297.1565086949275,1.2215938128112822
297.17650980610034,1.2213909197584207
297.1965109172732,1.2211879187903236
297.21651202844606,1.2209848100059433
297.23651313961886,1.220781593504283
297.2565142507917,1.2205782693843985
297.2765153619646,1.2203748377453987
297.2965164731374,1.2201712986864457
297.31651758431025,1.2199676523067513
297.3365186954831,1.2197638987055828
297.3565198066559,1.2195600379822575
297.37652091782877,1.219356070236146
297.39652202900163,1.2191519955666699
297.4165231401745,1.2189478140733043
297.4365242513473,1.2187435258555774
297.45652536252015,1.2185391310130653
297.476526473693,1.2183346296454003
297.4965275848658,1.2181300218522644
297.5165286960387,1.217925307733392
297.53652980721154,1.2177204873885692
297.55653091838434,1.2175155609176351
297.5765320295572,1.2173105284204777
297.59653314073006,1.2171053899970399
297.6165342519029,1.2169001457473136
297.6365353630757,1.2166947957713454
297.6565364742486,1.2164893401692294
297.67653758542144,1.2162837790411138
297.69653869659425,1.2160781124871993
297.7165398077671,1.215872340607734
297.73654091893997,1.2156664635030219
297.75654203011277,1.2154604812734149
297.77654314128563,1.2152543940193177
297.7965442524585,1.2150482018411854
297.81654536363135,1.2148419048395258
297.83654647480415,1.214635503114896
297.856547585977,1.2144289967679054
297.8765486971499,1.2142223858992125
297.8965498083227,1.2140156706095304
297.91655091949553,1.2138088509996185
297.9365520306684,1.213601927170291
297.9565531418412,1.2133948992224104
297.97655425301406,1.2131877672568911
297.9965553641869,1.2129805313746975
298.0165564753598,1.2127731916768454
298.0365575865326,1.212565748264402
298.05655869770544,1.212358201238482
298.0765598088783,1.2121505507002537
298.0965609200511,1.2119427967509346
298.11656203122396,1.2117349394917925
298.1365631423968,1.2115269790241452
298.1565642535696,1.2113189154493629
298.1765653647425,1.2111107488688626
298.19656647591535,1.2109024793841152
298.2165675870882,1.2106941070966384
298.236568698261,1.2104856321080035
298.25656980943387,1.2102770545198278
298.27657092060673,1.2100683744337826
298.29657203177953,1.2098595919515864
298.3165731429524,1.2096507071750089
298.33657425412525,1.2094417202058687
298.35657536529806,1.2092326311460362
298.3765764764709,1.2090234400974282
298.3965775876438,1.2088141471620144
298.41657869881664,1.2086047524418135
298.43657980998944,1.2083952560388924
298.4565809211623,1.208185658055369
298.47658203233516,1.2079759585934091
298.49658314350796,1.207766157755231
298.5165842546808,1.207556255643098
298.5365853658537,1.207346252359327
298.5565864770265,1.207136148006282
298.57658758819935,1.2069259426863765
298.5965886993722,1.206715636502073
298.61658981054507,1.2065052295558845
298.63659092171787,1.2062947219503717
298.6565920328907,1.2060841137881448
298.6765931440636,1.2058734051718627
298.6965942552364,1.2056625962042344
298.71659536640925,1.2054516869880167
298.7365964775821,1.2052406776260154
298.7565975887549,1.2050295682210863
298.7765986999278,1.2048183588761314
298.79659981110063,1.2046070496941041
298.8166009222735,1.204395640778005
298.8366020334463,1.2041841322308846
298.85660314461916,1.2039725241558392
298.876604255792,1.203760816656017
298.8966053669648,1.2035490098346129
298.9166064781377,1.20333710379487
298.93660758931054,1.2031250986400799
298.95660870048334,1.2029129944735844
298.9766098116562,1.2027007913987697
298.99661092282906,1.2024884895190737
299.0166120340019,1.202276088937982
299.0366131451747,1.2020635897590266
299.0566142563476,1.201850992085789
299.07661536752045,1.2016382960218972
299.09661647869325,1.2014255016710302
299.1166175898661,1.2012126091369106
299.13661870103897,1.2009996185233127
299.1566198122118,1.2007865299340565
299.17662092338463,1.2005733434730108
299.1966220345575,1.2003600592440904
299.21662314573035,1.2001466773512608
299.23662425690316,1.1999331978985321
299.256625368076,1.1997196209899634
299.2766264792489,1.1995059467296607
299.2966275904217,1.1992921752217793
299.31662870159454,1.1990783065705182
299.3366298127674,1.198864340880127
299.3566309239402,1.1986502782549027
299.37663203511306,1.1984361187991865
299.3966331462859,1.19822186261737
299.4166342574588,1.1980075098138896
299.4366353686316,1.1977930604932316
299.45663647980444,1.1975785147599256
299.4766375909773,1.1973638727185516
299.4966387021501,1.1971491344737346
299.51663981332297,1.1969343001301471
299.5366409244958,1.196719369792508
299.55664203566863,1.1965043435655847
299.5766431468415,1.196289221554188
299.59664425801435,1.1960740038631792
299.6166453691872,1.195858690597463
299.63664648036,1.195643281861994
299.6566475915329,1.1954277777617692
299.67664870270573,1.1952121784018357
299.69664981387854,1.1949964838872864
299.7166509250514,1.194780694323258
299.73665203622426,1.1945648098149366
299.75665314739706,1.1943488304675534
299.7766542585699,1.1941327563863853
299.7966553697428,1.1939165876767557
299.81665648091564,1.1937003244440352
299.83665759208844,1.193483966793639
299.8566587032613,1.1932675148310292
299.87665981443416,1.1930509686617128
299.89666092560697,1.192834328391245
299.9166620367798,1.1926175941252235
299.9366631479527,1.1924007659692952
299.9566642591255,1.1921838440291508
299.97666537029835,1.1919668284105265
299.9966664814712,1.191749719219206
300.01666759264407,1.191532516561016
300.0366687038169,1.1913152205418323
300.05666981498973,1.1910978312675717
300.0766709261626,1.1908803488442006
300.0966720373354,1.1906627733777286
300.11667314850826,1.1904451049742109
300.1366742596811,1.1902273437397477
300.1566753708539,1.1900094897804867
300.1766764820268,1.189791543202617
300.19667759319964,1.1895735041123763
300.2166787043725,1.189355372616045
300.2366798155453,1.1891371488199516
300.25668092671816,1.1889188328304647
300.276682037891,1.188700424754002
300.2966831490638,1.1884819246970264
300.3166842602367,1.188263332766041
300.33668537140954,1.1880446490675989
300.35668648258235,1.1878258737082947
300.3766875937552,1.1876070067947693
300.39668870492807,1.1873880484337067
300.4166898161009,1.1871689987318375
300.43669092727373,1.1869498577959352
300.4566920384466,1.1867306257328183
300.47669314961945,1.1865113026493492
300.49669426079225,1.186291888652437
300.5166953719651,1.1860723838490308
300.536696483138,1.1858527883461285
300.55669759431083,1.1856331022507685
300.57669870548364,1.1854133256700372
300.5966998166565,1.1851934587110604
300.61670092782936,1.1849735014810119
300.63670203900216,1.184753454087109
300.656703150175,1.1845333166366099
300.6767042613479,1.1843130892368203
300.6967053725207,1.184092771995088
300.71670648369354,1.1838723650188048
300.7367075948664,1.1836518684154058
300.75670870603926,1.1834312822923714
300.77670981721207,1.183210606757224
300.7967109283849,1.1829898419175298
300.8167120395578,1.1827689878808987
300.8367131507306,1.1825480447549859
300.85671426190345,1.1823270126474859
300.8767153730763,1.1821058916661409
300.8967164842491,1.1818846819187339
300.91671759542197,1.1816633835130919
300.93671870659483,1.1814419965570844
300.9567198177677,1.1812205211586253
300.9767209289405,1.180998957425672
300.99672204011335,1.180777305466222
301.0167231512862,1.1805555653883193
301.036724262459,1.1803337373000489
301.0567253736319,1.180111821309539
301.07672648480474,1.17988981752496
301.09672759597754,1.1796677260545279
301.1167287071504,1.179445547006497
301.13672981832326,1.1792232804891687
301.1567309294961,1.1790009266108834
301.1767320406689,1.1787784854800276
301.1967331518418,1.1785559572050266
301.21673426301464,1.1783333418943505
301.23673537418745,1.1781106396565129
301.2567364853603,1.1778878506000658
301.27673759653317,1.1776649748336079
301.29673870770597,1.1774420124657774
301.31673981887883,1.1772189636052555
301.3367409300517,1.176995828360765
301.35674204122455,1.1767726068410729
301.37674315239735,1.1765492991549857
301.3967442635702,1.1763259054113533
301.4167453747431,1.1761024257190664
301.4367464859159,1.17587886018706
301.45674759708874,1.1756552089243075
301.4767487082616,1.1754314720398273
301.4967498194344,1.1752076496426775
301.51675093060726,1.1749837418419589
301.5367520417801,1.1747597487468127
301.556753152953,1.1745356704664232
301.5767542641258,1.1743115071100168
301.59675537529864,1.1740872587868576
301.6167564864715,1.1738629256062556
301.6367575976443,1.1736385076775595
301.65675870881716,1.1734140051101603
301.67675981999,1.173189418013489
301.6967609311628,1.172964746497021
301.7167620423357,1.1727399906702678
301.73676315350855,1.1725151506427869
301.7567642646814,1.1722902265241735
301.7767653758542,1.172065218424067
301.79676648702707,1.171840126452143
301.81676759819993,1.171614950718123
301.83676870937273,1.1713896913317665
301.8567698205456,1.1711643484028742
301.87677093171845,1.1709389220412871
301.89677204289126,1.1707134123568894
301.9167731540641,1.1704878194596016
301.936774265237,1.1702621434593883
301.95677537640984,1.170036384466254
301.97677648758264,1.1698105425902425
301.9967775987555,1.1695846179414389
302.01677870992836,1.1693586106299676
302.03677982110116,1.1691325207659957
302.056780932274,1.1689063484597266
302.0767820434469,1.1686800938214081
302.0967831546197,1.1684537569613254
302.11678426579255,1.1682273379898047
302.1367853769654,1.1680008370172117
302.15678648813827,1.1677742541539533
302.17678759931107,1.1675475895104754
302.19678871048393,1.1673208431972635
302.2167898216568,1.1670940153248428
302.2367909328296,1.1668671060037803
302.25679204400245,1.1666401153446793
302.2767931551753,1.1664130434581852
302.2967942663481,1.1661858904549838
302.316795377521,1.1659586564457967
302.33679648869384,1.165731341541389
302.3567975998667,1.1655039458525625
302.3767987110395,1.1652764694901607
302.39679982221236,1.1650489125650634
302.4168009333852,1.164821275188193
302.436802044558,1.1645935574705086
302.4568031557309,1.16436575952301
302.47680426690374,1.164137881456734
302.49680537807654,1.1639099233827606
302.5168064892494,1.1636818854122033
302.53680760042226,1.1634537676562187
302.5568087115951,1.1632255702260015
302.5768098227679,1.1629972932327841
302.5968109339408,1.1627689367878384
302.61681204511365,1.1625405010024743
302.63681315628645,1.1623119859880429
302.6568142674593,1.1620833918559295
302.67681537863217,1.1618547187175623
302.696816489805,1.1616259666844053
302.71681760097783,1.1613971358679624
302.7368187121507,1.1611682263797745
302.75681982332355,1.160939238331423
302.77682093449636,1.1607101718345254
302.7968220456692,1.1604810270007384
302.8168231568421,1.1602518039417566
302.8368242680149,1.1600225027693143
302.85682537918774,1.1597931235951804
302.8768264903606,1.159563666531165
302.8968276015334,1.1593341316891166
302.91682871270626,1.1591045191809173
302.9368298238791,1.1588748291184918
302.956830935052,1.1586450616137998
302.9768320462248,1.1584152167788409
302.99683315739765,1.1581852947256492
303.0168342685705,1.1579552955663
303.0368353797433,1.157725219412904
303.05683649091617,1.1574950663776098
303.07683760208903,1.1572648365726033
303.09683871326183,1.1570345301101097
303.1168398244347,1.156804147102388
303.13684093560755,1.156573687661738
303.1568420467804,1.1563431519004945
303.1768431579532,1.1561125399310317
303.1968442691261,1.1558818518657574
303.21684538029893,1.1556510878171198
303.23684649147174,1.1554202478976043
303.2568476026446,1.1551893322197295
303.27684871381746,1.154958340896055
303.29684982499026,1.1547272740391754
303.3168509361631,1.1544961317617222
303.336852047336,1.1542649141763635
303.35685315850884,1.1540336213958051
303.37685426968164,1.1538022535327888
303.3968553808545,1.1535708107000928
303.41685649202736,1.1533392930105315
303.43685760320017,1.153107700576958
303.456858714373,1.152876033512258
303.4768598255459,1.1526442919293576
303.4968609367187,1.1524124759412164
303.51686204789155,1.152180585660831
303.5368631590644,1.1519486212012353
303.55686427023727,1.151716582675498
303.5768653814101,1.1514844701967255
303.59686649258293,1.1512522838780572
303.6168676037558,1.151020023832672
303.6368687149286,1.1507876901737828
303.65686982610146,1.1505552830146388
303.6768709372743,1.1503228024685244
303.6968720484471,1.150090248648762
303.71687315962,1.149857621668706
303.73687427079284,1.14962492164175
303.7568753819657,1.1493921486813208
303.7768764931385,1.1491593029008835
303.79687760431136,1.1489263844139346
303.8168787154842,1.1486933933340093
303.836879826657,1.1484603297746787
303.8568809378299,1.1482271938495452
303.87688204900275,1.147993985672251
303.89688316017555,1.147760705356471
303.9168842713484,1.1475273530159154
303.93688538252127,1.1472939287643298
303.9568864936941,1.1470604327154958
303.97688760486693,1.146826864983229
303.9968887160398,1.1465932256813798
304.01688982721265,1.1463595149238335
304.03689093838545,1.146125732824512
304.0568920495583,1.1458918794973685
304.0768931607312,1.1456579550563943
304.096894271904,1.1454239596156137
304.11689538307684,1.145189893289086
304.1368964942497,1.144955756190904
304.15689760542256,1.144721548435197
304.17689871659536,1.1444872701361284
304.1968998277682,1.1442529214078931
304.2169009389411,1.1440185023647247
304.2369020501139,1.1437840131208876
304.25690316128674,1.1435494537906823
304.2769042724596,1.143314824488442
304.2969053836324,1.1430801253285365
304.31690649480527,1.142845356425366
304.3369076059781,1.1426105178933683
304.356908717151,1.1423756098470124
304.3769098283238,1.1421406324008043
304.39691093949665,1.1419055856692792
304.4169120506695,1.1416704697670108
304.4369131618423,1.1414352848086038
304.4569142730152,1.1412000309086974
304.47691538418803,1.1409647081819632
304.49691649536084,1.1407293167431094
304.5169176065337,1.1404938567068732
304.53691871770656,1.1402583281880292
304.5569198288794,1.1400227313013842
304.5769209400522,1.1397870661617777
304.5969220512251,1.1395513328840825
304.61692316239794,1.1393155315832044
304.63692427357074,1.1390796623740846
304.6569253847436,1.1388437253716936
304.67692649591646,1.1386077206910383
304.69692760708926,1.138371648447157
304.7169287182621,1.1381355087551213
304.736929829435,1.1378993017300347
304.75693094060784,1.137663027487036
304.77693205178065,1.1374266861412943
304.7969331629535,1.1371902778080119
304.81693427412637,1.136953802602425
304.83693538529917,1.1367172606398015
304.85693649647203,1.1364806520354414
304.8769376076449,1.1362439769046773
304.8969387188177,1.1360072353628765
304.91693982999055,1.1357704275254341
304.9369409411634,1.1355335535077822
304.9569420523363,1.1352966134253817
304.9769431635091,1.1350596073937294
304.99694427468194,1.134822535528349
305.0169453858548,1.1345853979448017
305.0369464970276,1.1343481947586773
305.05694760820046,1.1341109260855988
305.0769487193733,1.1338735920412202
305.0969498305462,1.1336361927412288
305.116950941719,1.133398728301344
305.13695205289184,1.1331611988373138
305.1569531640647,1.1329236044649216
305.1769542752375,1.1326859452999805
305.19695538641037,1.1324482214583353
305.2169564975832,1.1322104330558622
305.23695760875603,1.131972580208471
305.2569587199289,1.1317346630320988
305.27695983110175,1.131496681642718
305.2969609422746,1.13125863615633
305.3169620534474,1.1310205266889695
305.3369631646203,1.130782353356699
305.35696427579313,1.1305441162756156
305.37696538696594,1.1303058155618457
305.3969664981388,1.1300674513315472
305.41696760931165,1.129829023700908
305.43696872048446,1.12959053278615
305.4569698316573,1.1293519787035207
305.4769709428302,1.1291133615693028
305.49697205400304,1.128874681499809
305.51697316517584,1.1286359386113813
305.5369742763487,1.128397133020393
305.55697538752156,1.1281582648432475
305.57697649869436,1.127919334196381
305.5969776098672,1.1276803411962557
305.6169787210401,1.1274412859593688
305.6369798322129,1.1272021686022453
305.65698094338575,1.126962989241441
305.6769820545586,1.1267237479935412
305.69698316573147,1.1264844449751636
305.71698427690427,1.1262450803029538
305.73698538807713,1.1260056540935883
305.75698649925,1.1257661664637728
305.7769876104228,1.1255266175302454
305.79698872159565,1.12528700740977
305.8169898327685,1.125047336219144
305.8369909439413,1.124807604075194
305.8569920551142,1.1245678110947732
305.87699316628704,1.1243279573947689
305.8969942774599,1.1240880430920945
305.9169953886327,1.123848068303696
305.93699649980556,1.123608033146545
305.9569976109784,1.1233679377376462
305.9769987221512,1.123127782194032
305.9969998333241,1.122887566632764
306.01700094449694,1.1226472911709329
306.03700205566975,1.1224069559256606
306.0570031668426,1.1221665610140945
306.07700427801547,1.1219261065534143
306.0970053891883,1.1216855926608282
306.11700650036113,1.1214450194535723
306.137007611534,1.1212043870489117
306.15700872270685,1.1209636955641404
306.17700983387965,1.1207229451165834
306.1970109450525,1.1204821358235901
306.21701205622537,1.120241267802543
306.2370131673982,1.1200003411708503
306.25701427857103,1.1197593560459502
306.2770153897439,1.1195183125453083
306.29701650091675,1.1192772107864204
306.31701761208956,1.119036050886809
306.3370187232624,1.1187948329640256
306.3570198344353,1.1185535571356493
306.3770209456081,1.11831222351929
306.39702205678094,1.1180708322325814
306.4170231679538,1.117829383393189
306.4370242791266,1.1175878771188061
306.45702539029946,1.1173463135271509
306.4770265014723,1.1171046927359733
306.4970276126452,1.116863014863048
306.517028723818,1.1166212800261814
306.53702983499085,1.116379488343202
306.5570309461637,1.1161376399319716
306.5770320573365,1.1158957349103766
306.59703316850937,1.1156537733963314
306.61703427968223,1.1154117555077776
306.63703539085503,1.1151696813626872
306.6570365020279,1.1149275510790544
306.67703761320075,1.1146853647749055
306.6970387243736,1.1144431225682914
306.7170398355464,1.1142008245772925
306.7370409467193,1.1139584709200132
306.75704205789214,1.1137160617145874
306.77704316906494,1.1134735970791771
306.7970442802378,1.1132310771319676
306.81704539141066,1.1129885019911745
306.83704650258346,1.112745871775039
306.8570476137563,1.112503186601829
306.8770487249292,1.1122604465898387
306.89704983610204,1.1120176518573914
306.91705094727484,1.1117748025228347
306.9370520584477,1.1115318987045435
306.95705316962056,1.1112889405209188
306.97705428079337,1.1110459280903902
306.9970553919662,1.11080286153141
307.0170565031391,1.1105597409624608
307.0370576143119,1.1103165665020494
307.05705872548475,1.1100733382687082
307.0770598366576,1.1098300563809982
307.09706094783047,1.1095867209575043
307.1170620590033,1.10934333211684
307.13706317017613,1.1090998899776408
307.157064281349,1.1088563946585723
307.1770653925218,1.1086128462783242
307.19706650369466,1.1083692449556117
307.2170676148675,1.108125590809176
307.2370687260403,1.1078818839577864
307.2570698372132,1.107638124520233
307.27707094838604,1.1073943126153363
307.2970720595589,1.1071504483619394
307.3170731707317,1.1069065318789137
307.33707428190456,1.106662563285152
307.3570753930774,1.1064185426995758
307.3770765042502,1.1061744702411325
307.3970776154231,1.1059303460287908
307.41707872659595,1.1056861701815488
307.43707983776875,1.1054419428184277
307.4570809489416,1.1051976640584737
307.47708206011447,1.1049533340207585
307.49708317128733,1.1047089528243794
307.51708428246013,1.1044645205884582
307.537085393633,1.1042200374321407
307.55708650480585,1.1039755034745982
307.57708761597866,1.1037309188350286
307.5970887271515,1.1034862836326498
307.6170898383244,1.1032415979867096
307.6370909494972,1.1029968620164774
307.65709206067004,1.1027520758412477
307.6770931718429,1.1025072395803388
307.69709428301576,1.102262353353095
307.71709539418856,1.1020174172788852
307.7370965053614,1.1017724314770994
307.7570976165343,1.1015273960671554
307.7770987277071,1.1012823111684935
307.79709983887994,1.1010371769005782
307.8171009500528,1.1007919933828976
307.8371020612256,1.1005467607349662
307.85710317239847,1.1003014790763184
307.8771042835713,1.1000561485265166
307.8971053947442,1.099810769205144
307.917106505917,1.0995653412318107
307.93710761708985,1.099319864726146
307.9571087282627,1.0990743398078073
307.9771098394355,1.098828766596473
307.9971109506084,1.0985831452118464
308.01711206178123,1.0983374757736526
308.03711317295404,1.098091758401643
308.0571142841269,1.0978459932155884
308.07711539529976,1.097600180335286
308.0971165064726,1.097354319880556
308.1171176176454,1.0971084119712406
308.1371187288183,1.0968624567272058
308.15711983999114,1.0966164542683396
308.17712095116394,1.096370404714556
308.1971220623368,1.0961243081857872
308.21712317350966,1.095878164801993
308.23712428468247,1.0956319746831535
308.2571253958553,1.095385737949272
308.2771265070282,1.0951394547203739
308.29712761820105,1.0948931251165093
308.31712872937385,1.094646749257749
308.3371298405467,1.0944003272641862
308.35713095171957,1.094153859255939
308.3771320628924,1.0939073453531452
308.39713317406523,1.0936607856759661
308.4171342852381,1.0934141803445847
308.4371353964109,1.093167529479209
308.45713650758375,1.0929208332000637
308.4771376187566,1.0926740916274014
308.4971387299295,1.092427304881493
308.5171398411023,1.0921804730826346
308.53714095227514,1.0919335963511396
308.557142063448,1.0916866748073484
308.5771431746208,1.0914397085716199
308.59714428579366,1.091192697764336
308.6171453969665,1.0909456425058996
308.6371465081393,1.0906985429167377
308.6571476193122,1.0904513991172944
308.67714873048504,1.0902042112280392
308.6971498416579,1.0899569793694626
308.7171509528307,1.089709703662075
308.73715206400357,1.0894623842264093
308.7571531751764,1.0892150211830183
308.77715428634923,1.0889676146524794
308.7971553975221,1.0887201647553861
308.81715650869495,1.088472671612358
308.83715761986775,1.088225135344033
308.8571587310406,1.0879775560710707
308.8771598422135,1.087729933914151
308.89716095338633,1.0874822689939765
308.91716206455914,1.0872345614312688
308.937163175732,1.0869868113467713
308.95716428690486,1.086739018861247
308.97716539807766,1.0864911840954818
308.9971665092505,1.086243307170279
309.0171676204234,1.085995388206465
309.0371687315962,1.0857474273248875
309.05716984276904,1.0854994246464102
309.0771709539419,1.0852513802919221
309.09717206511476,1.0850032943823291
309.11717317628757,1.084755167038561
309.1371742874604,1.084506998381562
309.1571753986333,1.084258788532303
309.1771765098061,1.0840105376117704
309.19717762097895,1.0837622457409726
309.2171787321518,1.0835139130409366
309.2371798433246,1.0832655396327122
309.25718095449747,1.0830171256373644
309.27718206567033,1.0827686711759827
309.2971831768432,1.0825201763696728
309.317184288016,1.0822716413395637
309.33718539918885,1.0820230662067987
309.3571865103617,1.0817744510925458
309.3771876215345,1.081525796117991
309.3971887327074,1.081277101404337
309.41718984388024,1.08102836707281
309.43719095505304,1.080779593244653
309.4571920662259,1.0805307800411283
309.47719317739876,1.0802819275835178
309.4971942885716,1.0800330359931238
309.5171953997444,1.0797841053912658
309.5371965109173,1.0795351358992828
309.55719762209014,1.079286127638533
309.57719873326295,1.0790370807303948
309.5971998444358,1.0787879952962618
309.61720095560867,1.07853887145755
309.6372020667815,1.0782897093356933
309.65720317795433,1.0780405090521434
309.6772042891272,1.077791270728371
309.69720540030005,1.0775419944858644
309.71720651147285,1.0772926804461334
309.7372076226457,1.0770433287307015
309.7572087338186,1.0767939394611152
309.7772098449914,1.0765445127589366
309.79721095616424,1.0762950487457468
309.8172120673371,1.0760455475431445
309.83721317850996,1.0757960092727483
309.85721428968276,1.0755464340561929
309.8772154008556,1.0752968220151318
309.8972165120285,1.0750471732712357
309.9172176232013,1.0747974879461957
309.93721873437414,1.0745477661617167
309.957219845547,1.0742980080395246
309.9772209567198,1.0740482137013634
309.99722206789266,1.0737983832689908
310.0172231790655,1.0735485168641865
310.0372242902384,1.0732986146087446
310.0572254014112,1.07304867662448
310.07722651258405,1.0727987030332202
310.0972276237569,1.0725486939568147
310.1172287349297,1.0722986495171283
310.13722984610257,1.0720485698360427
310.15723095727543,1.0717984550354567
310.17723206844823,1.0715483052372885
310.1972331796211,1.0712981205634695
310.21723429079395,1.0710479011359517
310.2372354019668,1.0707976470767018
310.2572365131396,1.0705473585077054
310.2772376243125,1.0702970355509618
310.29723873548534,1.0700466783284897
310.31723984665814,1.069796286962325
310.337240957831,1.0695458615745168
310.35724206900386,1.0692954022871346
310.37724318017666,1.069044909222262
310.3972442913495,1.068794382502
310.4172454025224,1.0685438222484656
310.43724651369524,1.0682932285837932
310.45724762486805,1.0680426016301319
310.4772487360409,1.0677919415096482
310.49724984721377,1.0675412483445237
310.51725095838657,1.0672905222569584
310.53725206955943,1.0670397633691646
310.5572531807323,1.066788971803374
310.5772542919051,1.0665381476818332
310.59725540307795,1.0662872911268035
310.6172565142508,1.0660364022605628
310.6372576254237,1.0657854812054057
310.6572587365965,1.0655345280836424
310.67725984776934,1.0652835430175958
310.6972609589422,1.065032526129608
310.717262070115,1.0647814775420352
310.73726318128786,1.0645303973772489
310.7572642924607,1.064279285757635
310.7772654036335,1.0640281428055984
310.7972665148064,1.0637769686435536
310.81726762597924,1.063525763393936
310.8372687371521,1.0632745271791915
310.8572698483249,1.0630232601217857
310.87727095949776,1.0627719623441938
310.8972720706706,1.0625206339689106
310.9172731818434,1.062269275118445
310.9372742930163,1.0620178859153178
310.95727540418915,1.0617664664820678
310.97727651536195,1.0615150169412475
310.9972776265348,1.0612635374154236
311.01727873770767,1.061012028027177
311.03727984888053,1.0607604888991056
311.05728096005333,1.0605089201538194
311.0772820712262,1.0602573219139433
311.09728318239905,1.0600056943021166
311.11728429357186,1.0597540374409948
311.1372854047447,1.0595023514532436
311.1572865159176,1.0592506364615473
311.1772876270904,1.0589988925886014
311.19728873826324,1.0587471199571168
311.2172898494361,1.0584953186898174
311.23729096060896,1.058243488909442
311.25729207178176,1.057991630738745
311.2772931829546,1.0577397443004892
311.2972942941275,1.057487829717457
311.3172954053003,1.0572358871124417
311.33729651647315,1.0569839166082504
311.357297627646,1.0567319183277037
311.3772987388188,1.0564798923936378
311.39729984999167,1.0562278389288984
311.4173009611645,1.0559757580563487
311.4373020723374,1.0557236498988625
311.4573031835102,1.0554715145793294
311.47730429468305,1.0552193522206486
311.4973054058559,1.0549671629457362
311.5173065170287,1.0547149468775194
311.5373076282016,1.054462704138939
311.55730873937443,1.054210434852948
311.57730985054724,1.0539581391425148
311.5973109617201,1.0537058171306164
311.61731207289296,1.0534534689402468
311.6373131840658,1.0532010946944113
311.6573142952386,1.052948694516127
311.6773154064115,1.052696268528425
311.69731651758434,1.052443816854347
311.71731762875714,1.0521913396169509
311.73731873993,1.0519388369393021
311.75731985110286,1.0516863089444826
311.77732096227567,1.0514337557555848
311.7973220734485,1.0511811774957138
311.8173231846214,1.050928574287986
311.83732429579425,1.0506759462555322
311.85732540696705,1.0504232935214932
311.8773265181399,1.050170616209022
311.89732762931277,1.0499179144412856
311.9173287404856,1.0496651883414605
311.93732985165843,1.049412438032736
311.9573309628313,1.0491596636383131
311.9773320740041,1.048906865281406
311.99733318517696,1.0486540430852367
312.0173342963498,1.0484011971730436
312.0373354075227,1.048148327668073
312.0573365186955,1.047895434693586
312.07733762986834,1.0476425183728508
312.0973387410412,1.0473895788291512
312.117339852214,1.04713661618578
312.13734096338686,1.0468836305660418
312.1573420745597,1.046630622093252
312.1773431857325,1.0463775908907391
312.1973442969054,1.046124537081839
312.21734540807824,1.0458714607899016
312.2373465192511,1.045618362138288
312.2573476304239,1.045365241250368
312.27734874159677,1.0451120982495237
312.2973498527696,1.044858933259147
312.31735096394243,1.0446057464026426
312.3373520751153,1.0443525378034224
312.35735318628815,1.0440993075849128
312.37735429746095,1.0438460558705478
312.3973554086338,1.0435927827837734
312.4173565198067,1.0433394884480445
312.43735763097953,1.0430861729868288
312.45735874215234,1.0428328365236026
312.4773598533252,1.0425794791818521
312.49736096449806,1.0423261010850744
312.51736207567086,1.042072702356778
312.5373631868437,1.0418192831204776
312.5573642980166,1.0415658434997017
312.5773654091894,1.041312383617989
312.59736652036224,1.0410589035988833
312.6173676315351,1.040805403565944
312.63736874270796,1.040551883642736
312.65736985388077,1.0402983439528377
312.6773709650536,1.0400447846198324
312.6973720762265,1.0397912057673173
312.7173731873993,1.0395376075188967
312.73737429857215,1.0392839899981854
312.757375409745,1.0390303533288063
312.7773765209178,1.0387766976343946
312.7973776320907,1.0385230230385902
312.81737874326353,1.0382693296650467
312.8373798544364,1.0380156176374233
312.8573809656092,1.0377618870793923
312.87738207678206,1.0375081381146298
312.8973831879549,1.0372543708668251
312.9173842991277,1.0370005854596762
312.9373854103006,1.0367467820168863
312.95738652147344,1.0364929606621716
312.97738763264624,1.0362391215192548
312.9973887438191,1.035985264711868
313.01738985499196,1.0357313903637504
313.0373909661648,1.035477498598653
313.0573920773376,1.0352235895403321
313.0773931885105,1.034969663312554
313.09739429968334,1.0347157200390924
313.11739541085615,1.0344617598437316
313.137396522029,1.03420778285026
313.15739763320187,1.033953789182478
313.17739874437467,1.033699778964194
313.19739985554753,1.0334457523192204
313.2174009667204,1.0331917093713832
313.23740207789325,1.0329376502445113
313.25740318906605,1.0326835750624466
313.2774043002389,1.032429483949033
313.2974054114118,1.0321753770281272
313.3174065225846,1.0319212544235907
313.33740763375744,1.031667116259294
313.3574087449303,1.0314129626591138
313.3774098561031,1.0311587937469373
313.39741096727596,1.0309046096466543
313.4174120784488,1.0306504104821668
313.4374131896217,1.0303961963773811
313.4574143007945,1.0301419674562136
313.47741541196734,1.0298877238425834
313.4974165231402,1.0296334656604214
313.517417634313,1.0293791930336642
313.53741874548587,1.029124906086253
313.5574198566587,1.0288706049421397
313.57742096783153,1.0286162897252806
313.5974220790044,1.0283619605596397
313.61742319017725,1.028107617569187
313.6374243013501,1.0278532608779014
313.6574254125229,1.0275988906097664
313.6774265236958,1.0273445068887725
313.69742763486863,1.0270901098389167
313.71742874604143,1.0268356995842045
313.7374298572143,1.0265812762486435
313.75743096838715,1.0263268399562526
313.77743207955996,1.0260723908310538
313.7974331907328,1.0258179289970766
313.8174343019057,1.0255634545783554
313.83743541307854,1.0253089676989324
313.85743652425134,1.0250544684828566
313.8774376354242,1.0247999570541793
313.89743874659706,1.0245454335369615
313.91743985776986,1.0242908980552683
313.9374409689427,1.0240363507331707
313.9574420801156,1.0237817916947456
313.9774431912884,1.0235272210640773
313.99744430246125,1.0232726389652518
314.0174454136341,1.023018045522365
314.03744652480697,1.0227634408595152
314.05744763597977,1.0225088251008092
314.07744874715263,1.022254198370355
314.0974498583255,1.0219995607922703
314.1174509694983,1.0217449124906754
314.13745208067115,1.0214902535896968
314.157453191844,1.0212355842134648
314.1774543030169,1.0209809044861173
314.1974554141897,1.0207262145317966
314.21745652536254,1.020471514474647
314.2374576365354,1.0202168044388218
314.2574587477082,1.019962084548477
314.27745985888106,1.0197073549277733
314.2974609700539,1.0194526157008763
314.3174620812267,1.0191978669919586
314.3374631923996,1.0189431089251928
314.35746430357244,1.0186883416247603
314.3774654147453,1.0184335652148446
314.3974665259181,1.018178779819636
314.41746763709097,1.017923985563325
314.4374687482638,1.0176691825701105
314.4574698594366,1.0174143709641954
314.4774709706095,1.017159550869783
314.49747208178235,1.0169047224110854
314.51747319295515,1.0166498857123158
314.537474304128,1.0163950408976925
314.55747541530087,1.016140188091437
314.57747652647373,1.0158853274177762
314.59747763764653,1.0156304590009395
314.6174787488194,1.0153755829651603
314.63747985999225,1.0151206994346755
314.65748097116506,1.0148658085337279
314.6774820823379,1.0146109103865595
314.6974831935108,1.01435600511742
314.7174843046836,1.0141010928505607
314.73748541585644,1.0138461737102362
314.7574865270293,1.0135912478207043
314.77748763820216,1.0133363153062274
314.79748874937496,1.0130813762910713
314.8174898605478,1.0128264308995016
314.8374909717207,1.0125714792557912
314.8574920828935,1.0123165214842138
314.87749319406635,1.0120615577090464
314.8974943052392,1.0118065880545681
314.917495416412,1.0115516126450645
314.93749652758487,1.0112966316048182
314.95749763875773,1.0110416450581197
314.9774987499306,1.0107866531292586
314.9974998611034,1.0105316559425312
315.01750097227625,1.010276653622231
315.0375020834491,1.0100216462926586
315.0575031946219,1.0097666340781148
315.0775043057948,1.0095116171029035
315.09750541696764,1.0092565954913295
315.11750652814044,1.0090015693677032
315.1375076393133,1.0087465388563328
315.15750875048616,1.0084915040815319
315.177509861659,1.0082364651676157
315.1975109728318,1.0079814222389003
315.2175120840047,1.0077263754197046
315.23751319517754,1.007471324834348
315.25751430635034,1.0072162706071552
315.2775154175232,1.0069612128624479
315.29751652869606,1.0067061517245535
315.31751763986887,1.006451087317799
315.3375187510417,1.0061960197665134
315.3575198622146,1.0059409491950269
315.37752097338745,1.005685875727673
315.39752208456025,1.005430799488784
315.4175231957331,1.005175720602695
315.43752430690597,1.0049206391937429
315.4575254180788,1.0046655553862642
315.47752652925163,1.004410469304598
315.4975276404245,1.0041553810730832
315.5175287515973,1.0039002908160624
315.53752986277016,1.0036451986578747
315.557530973943,1.0033901047228646
315.5775320851159,1.0031350091353743
315.5975331962887,1.0028799120197505
315.61753430746154,1.002624813500335
315.6375354186344,1.0023697137014758
315.6575365298072,1.0021146127475187
315.67753764098006,1.0018595107628103
315.6975387521529,1.001604407871698
315.7175398633257,1.0013493041985309
315.7375409744986,1.0010941998676548
315.75754208567145,1.0008390950034198
315.7775431968443,1.0005839897301756
315.7975443080171,1.00032888417227
315.81754541918997,1.0000737784540525
315.83754653036283,0.9998186726998716
315.85754764153563,0.9995635670340786
315.8775487527085,0.99930846158102
315.89754986388135,0.999053356465047
315.91755097505416,0.9987982518105077
315.937552086227,0.9985431477417511
315.9575531973999,0.9982880443831248
315.97755430857273,0.9980329418589783
315.99755541974554,0.9977778402936585
316.0175565309184,0.9975227398115126
316.03755764209126,0.9972676405368869
316.05755875326406,0.9970125425941292
316.0775598644369,0.9967574461075824
316.0975609756098,0.9965023512015927
316.1175620867826,0.9962472580005053
316.13756319795544,0.9959921666286605
316.1575643091283,0.9957370772104029
316.17756542030116,0.9954819898700722
316.19756653147397,0.9952269047320108
316.2175676426468,0.9949718219205552
316.2375687538197,0.9947167415600455
316.2575698649925,0.994461663774818
316.27757097616535,0.9942065886892082
316.2975720873382,0.9939515164275498
316.317573198511,0.9936964471141776
316.3375743096839,0.9934413808734207
316.35757542085673,0.993186317829611
316.3775765320296,0.9929312581070754
316.3975776432024,0.992676201830143
316.41757875437526,0.9924211491231362
316.4375798655481,0.9921661001103796
316.4575809767209,0.9919110549161964
316.4775820878938,0.9916560136649034
316.49758319906664,0.9914009764808206
316.51758431023944,0.991145943488263
316.5375854214123,0.9908909148115446
316.55758653258516,0.9906358905749764
316.577587643758,0.9903808709028691
316.5975887549308,0.9901258559195294
316.6175898661037,0.9898708457492624
316.63759097727655,0.9896158405163701
316.65759208844935,0.9893608403451546
316.6775931996222,0.9891058453599112
316.69759431079507,0.9888508556849365
316.71759542196787,0.9885958714445243
316.73759653314073,0.9883408927629622
316.7575976443136,0.9880859197645394
316.77759875548645,0.9878309525735393
316.79759986665925,0.9875759913142453
316.8176009778321,0.9873210361109338
316.837602089005,0.9870660870878827
316.8576032001778,0.986811144369364
316.87760431135064,0.9865562080796476
316.8976054225235,0.9863012783429996
316.9176065336963,0.9860463552836853
316.93760764486916,0.9857914390259623
316.957608756042,0.9855365296940896
316.9776098672149,0.9852816274123191
316.9976109783877,0.9850267323049031
317.01761208956054,0.9847718444960856
317.0376132007334,0.9845169641101108
317.0576143119062,0.9842620912712193
317.07761542307907,0.9840072261036446
317.0976165342519,0.9837523687316203
317.11761764542473,0.983497519279374
317.1376187565976,0.9832426778711302
317.15761986777045,0.9829878446311084
317.1776209789433,0.9827330196835266
317.1976220901161,0.9824782031525963
317.217623201289,0.982223395162526
317.23762431246183,0.9819685958375189
317.25762542363464,0.9817138053017771
317.2776265348075,0.9814590236794936
317.29762764598036,0.9812042510948613
317.31762875715316,0.9809494876720668
317.337629868326,0.9806947335352922
317.3576309794989,0.980439988808715
317.37763209067174,0.9801852536165089
317.39763320184454,0.979930528082844
317.4176343130174,0.9796758123318814
317.43763542419026,0.9794211064877825
317.45763653536306,0.9791664106747007
317.4776376465359,0.9789117250167856
317.4976387577088,0.9786570496381811
317.5176398688816,0.9784023846630284
317.53764098005445,0.9781477302154595
317.5576420912273,0.9778930864196056
317.57764320240017,0.9776384533995894
317.59764431357297,0.9773838312795319
317.61764542474583,0.9771292201835436
317.6376465359187,0.976874620235735
317.6576476470915,0.976620031560208
317.67764875826435,0.9763654542810598
317.6976498694372,0.9761108885223815
317.71765098061,0.9758563344082603
317.7376520917829,0.975601792062776
317.75765320295574,0.9753472616100025
317.7776543141286,0.9750927431740102
317.7976554253014,0.9748382368788612
317.81765653647426,0.9745837428486125
317.8376576476471,0.9743292612073147
317.8576587588199,0.9740747920790147
317.8776598699928,0.9738203355877489
317.89766098116564,0.973565891857552
317.91766209233845,0.9733114610124499
317.9376632035113,0.973057043176463
317.95766431468417,0.9728026384736045
317.977665425857,0.9725482470278825
317.99766653702983,0.9722938689632994
318.0176676482027,0.9720395044038473
318.03766875937555,0.971785153473516
318.05766987054835,0.9715308162962863
318.0776709817212,0.9712764929961327
318.0976720928941,0.9710221836970224
318.1176732040669,0.9707678885229185
318.13767431523974,0.9705136075977725
318.1576754264126,0.9702593410455336
318.17767653758546,0.9700050889901406
318.19767764875826,0.9697508515555285
318.2176787599311,0.969496628865621
318.237679871104,0.9692424210443387
318.2576809822768,0.9689882282155925
318.27768209344964,0.9687340505032866
318.2976832046225,0.9684798880313175
318.3176843157953,0.9682257409235763
318.33768542696816,0.9679716093039425
318.357686538141,0.967717493296292
318.3776876493139,0.9674633930244921
318.3976887604867,0.9672093086124013
318.41768987165955,0.966955240183871
318.4376909828324,0.9667011878627443
318.4576920940052,0.9664471517728587
318.47769320517807,0.9661931320380397
318.49769431635093,0.965939128782109
318.51769542752373,0.9656851421288779
318.5376965386966,0.96543117220215
318.55769764986945,0.9651772191257205
318.5776987610423,0.9649232830233779
318.5976998722151,0.9646693640189008
318.617700983388,0.9644154622360599
318.63770209456084,0.964161577798617
318.65770320573364,0.963907710830328
318.6777043169065,0.9636538614549357
318.69770542807936,0.9634000297961782
318.7177065392522,0.9631462159777844
318.737707650425,0.9628924201234732
318.7577087615979,0.9626386423569554
318.77770987277074,0.9623848828019322
318.79771098394355,0.9621311415820987
318.8177120951164,0.9618774188211363
318.83771320628927,0.9616237146427222
318.85771431746207,0.9613700291705218
318.87771542863493,0.961116362528192
318.8977165398078,0.96086271483938
318.91771765098065,0.9606090862277257
318.93771876215345,0.9603554768168575
318.9577198733263,0.9601018867303955
318.9777209844992,0.9598483160919493
318.997722095672,0.9595947650251213
319.01772320684483,0.9593412336535023
319.0377243180177,0.9590877221006735
319.0577254291905,0.958834230490209
319.07772654036336,0.9585807589456685
319.0977276515362,0.958327307590607
319.1177287627091,0.9580738765485657
319.1377298738819,0.9578204659430797
319.15773098505474,0.9575670758976692
319.1777320962276,0.9573137065358491
319.1977332074004,0.9570603579811219
319.21773431857326,0.95680703035698
319.2377354297461,0.9565537237869055
319.2577365409189,0.9563004383943725
319.2777376520918,0.9560471743028405
319.29773876326465,0.955793931635762
319.3177398744375,0.9555407105165792
319.3377409856103,0.9552875110687217
319.35774209678317,0.9550343334156097
319.37774320795603,0.9547811776806521
319.39774431912883,0.9545280439872493
319.4177454303017,0.954274932458787
319.43774654147455,0.9540218432186442
319.45774765264736,0.9537687763901865
319.4777487638202,0.9535157320967695
319.4977498749931,0.9532627104617368
319.51775098616594,0.9530097116084232
319.53775209733874,0.9527567356601501
319.5577532085116,0.9525037827402288
319.57775431968446,0.9522508529719586
319.59775543085726,0.9519979464786298
319.6177565420301,0.9517450633835173
319.637757653203,0.9514922038098881
319.6577587643758,0.9512393678809978
319.67775987554865,0.9509865557200868
319.6977609867215,0.9507337674503883
319.71776209789437,0.9504810031951206
319.73776320906717,0.9502282630774935
319.75776432024,0.9499755472207008
319.7777654314129,0.9497228557479284
319.7977665425857,0.9494701887823483
319.81776765375855,0.9492175464471211
319.8377687649314,0.9489649288653944
319.8577698761042,0.9487123361603067
319.8777709872771,0.9484597684549797
319.89777209844993,0.9482072258725275
319.9177732096228,0.9479547085360485
319.9377743207956,0.9477022165686323
319.95777543196846,0.9474497500933516
319.9777765431413,0.9471973092332704
319.9977776543141,0.9469448941114401
320.017778765487,0.9466925048508961
320.03777987665984,0.9464401415746653
320.05778098783264,0.9461878044057597
320.0777820990055,0.9459354934671788
320.09778321017836,0.9456832088819089
320.1177843213512,0.9454309507729257
320.137785432524,0.9451787192631895
320.1577865436969,0.9449265144756487
320.17778765486975,0.9446743365332377
320.19778876604255,0.9444221855588806
320.2177898772154,0.9441700616754839
320.23779098838827,0.9439179650059445
320.2577920995611,0.9436658956731463
320.27779321073393,0.9434138537999559
320.2977943219068,0.943161839509231
320.31779543307965,0.9429098529238128
320.33779654425246,0.9426578941665319
320.3577976554253,0.942405963360201
320.3777987665982,0.9421540606276239
320.397799877771,0.9419021860915876
320.41780098894384,0.9416503398748667
320.4378021001167,0.9413985221002207
320.4578032112895,0.9411467328903982
320.47780432246236,0.9408949723681292
320.4978054336352,0.9406432406561345
320.5178065448081,0.9403915378771173
320.5378076559809,0.9401398641537698
320.55780876715374,0.9398882196087661
320.5778098783266,0.9396366043647696
320.5978109894994,0.9393850185444291
320.61781210067227,0.939133462270376
320.6378132118451,0.9388819356652308
320.65781432301793,0.9386304388515979
320.6778154341908,0.9383789719520673
320.69781654536365,0.9381275350892139
320.7178176565365,0.9378761283855997
320.7378187677093,0.9376247519637705
320.7578198788822,0.9373734059462575
320.77782099005503,0.9371220904555769
320.79782210122784,0.9368708056142322
320.8178232124007,0.9366195515447076
320.83782432357356,0.9363683283694769
320.85782543474636,0.9361171362109961
320.8778265459192,0.935865975191707
320.8978276570921,0.9356148454340352
320.91782876826494,0.9353637470603926
320.93782987943774,0.9351126801931763
320.9578309906106,0.9348616449547644
320.97783210178346,0.9346106414675239
320.99783321295627,0.9343596698538037
321.0178343241291,0.9341087302359381
321.037835435302,0.9338578227362448
321.0578365464748,0.9336069474770288
321.07783765764765,0.9333561045805744
321.0978387688205,0.9331052941691551
321.11783987999337,0.932854516365025
321.1378409911662,0.9326037712904257
321.15784210233903,0.9323530590675784
321.1778432135119,0.9321023798186926
321.1978443246847,0.9318517336659593
321.21784543585756,0.931601120731554
321.2378465470304,0.9313505411376353
321.2578476582032,0.9310999950063474
321.2778487693761,0.9308494824598166
321.29784988054894,0.9305990036201524
321.3178509917218,0.93034855860945
321.3378521028946,0.9300981475497863
321.35785321406746,0.9298477705632221
321.3778543252403,0.929597427771801
321.3978554364131,0.9293471192975525
321.417856547586,0.929096845262485
321.43785765875884,0.9288466057885945
321.45785876993165,0.9285964009978573
321.4778598811045,0.9283462310122341
321.49786099227737,0.9280960959536676
321.5178621034502,0.9278459959440846
321.53786321462303,0.9275959311053955
321.5578643257959,0.9273459015594903
321.57786543696875,0.9270959074282453
321.59786654814155,0.926845948833518
321.6178676593144,0.9265960258971484
321.6378687704873,0.9263461387409588
321.6578698816601,0.9260962874867568
321.67787099283294,0.9258464722563277
321.6978721040058,0.9255966931714439
321.71787321517866,0.925346950353857
321.73787432635146,0.9250972439253038
321.7578754375243,0.9248475740074995
321.7778765486972,0.9245979407221454
321.79787765987,0.9243483441909227
321.81787877104284,0.9240987845354952
321.8378798822157,0.9238492618775082
321.8578809933885,0.9235997763385912
321.87788210456137,0.9233503280403518
321.8978832157342,0.9231009171043825
321.9178843269071,0.9228515436522574
321.9378854380799,0.9226022078055309
321.95788654925275,0.9223529096857399
321.9778876604256,0.9221036494144021
321.9978887715984,0.9218544271130193
322.01788988277127,0.9216052429030706
322.03789099394413,0.9213560969060203
322.05789210511693,0.9211069892433122
322.0778932162898,0.9208579200363721
322.09789432746265,0.9206088894066058
322.1178954386355,0.9203598974754028
322.1378965498083,0.9201109443641314
322.1578976609812,0.9198620301941419
322.17789877215404,0.919613155086765
322.19789988332684,0.9193643191633146
322.2179009944997,0.9191155225450813
322.23790210567256,0.9188667653533404
322.25790321684536,0.9186180477093477
322.2779043280182,0.9183693697343362
322.2979054391911,0.918120731549524
322.31790655036394,0.9178721332761063
322.33790766153675,0.9176235750352623
322.3579087727096,0.9173750569481474
322.37790988388247,0.9171265791359013
322.39791099505527,0.9168781417196422
322.41791210622813,0.9166297448204688
322.437913217401,0.9163813885594596
322.4579143285738,0.9161330730576757
322.47791543974665,0.915884798436154
322.4979165509195,0.9156365648159159
322.5179176620924,0.9153883723179598
322.5379187732652,0.9151402210632661
322.55791988443804,0.9148921111727937
322.5779209956109,0.9146440427674811
322.5979221067837,0.9143960159682492
322.61792321795656,0.9141480308959942
322.6379243291294,0.9139000876715961
322.6579254403022,0.9136521864159124
322.6779265514751,0.9134043272497807
322.69792766264794,0.9131565102940171
322.7179287738208,0.9129087356694193
322.7379298849936,0.9126610034967626
322.75793099616646,0.9124133138968019
322.7779321073393,0.912165666990271
322.7979332185121,0.9119180628978852
322.817934329685,0.9116705017403347
322.83793544085785,0.9114229836382923
322.85793655203065,0.9111755087124103
322.8779376632035,0.9109280770833155
322.89793877437637,0.9106806888716186
322.91793988554923,0.9104333441979057
322.93794099672203,0.9101860431827448
322.9579421078949,0.9099387859466782
322.97794321906775,0.9096915726102317
322.99794433024056,0.9094444032939064
323.0179454414134,0.9091972781181834
323.0379465525863,0.9089501972035211
323.0579476637591,0.908703160670359
323.07794877493194,0.9084561686391104
323.0979498861048,0.9082092212301718
323.11795099727766,0.9079623185639143
323.13795210845046,0.9077154607606904
323.1579532196233,0.9074686479408268
323.1779543307962,0.9072218802246313
323.197955441969,0.9069751577323905
323.21795655314185,0.9067284805843645
323.2379576643147,0.9064818489007961
323.25795877548757,0.9062352628019026
323.27795988666037,0.9059887224078824
323.29796099783323,0.9057422278389071
323.3179621090061,0.9054957792151305
323.3379632201789,0.9052493766566813
323.35796433135175,0.9050030202836663
323.3779654425246,0.9047567102161695
323.3979665536974,0.9045104465742547
323.4179676648703,0.9042642294779585
323.43796877604314,0.9040180590472994
323.457969887216,0.90377193540227
323.4779709983888,0.9035258586628431
323.49797210956166,0.9032798289489643
323.5179732207345,0.9030338463805603
323.5379743319073,0.9027879110775343
323.5579754430802,0.9025420231597632
323.57797655425304,0.9022961827471048
323.59797766542584,0.9020503899593916
323.6179787765987,0.9018046449164332
323.63797988777156,0.9015589477380156
323.6579809989444,0.901313298543903
323.6779821101172,0.9010676974538345
323.6979832212901,0.9008221445875265
323.71798433246295,0.9005766400646712
323.73798544363575,0.9003311840049395
323.7579865548086,0.9000857765279747
323.77798766598147,0.8998404177533998
323.7979887771543,0.8995951078008144
323.81798988832713,0.8993498467897902
323.8379909995,0.8991046348398798
323.85799211067285,0.8988594720706083
323.87799322184566,0.8986143586014803
323.8979943330185,0.898369294551972
323.9179954441914,0.8981242800415398
323.9379965553642,0.8978793151896133
323.95799766653704,0.8976344001155987
323.9779987777099,0.8973895349388773
323.9979998888827,0.8971447197788085
324.01800100005556,0.8968999547547232
324.0380021112284,0.8966552399859317
324.0580032224013,0.8964105755917172
324.0780043335741,0.8961659616913413
324.09800544474695,0.8959213984040366
324.1180065559198,0.8956768858490147
324.1380076670926,0.8954324241454625
324.15800877826547,0.8951880134125385
324.17800988943833,0.8949436537693807
324.19801100061113,0.8946993453350993
324.218012111784,0.894455088228781
324.23801322295685,0.8942108825694859
324.2580143341297,0.8939667284762515
324.2780154453025,0.8937226260680883
324.2980165564754,0.8934785754639818
324.31801766764823,0.8932345767828921
324.33801877882104,0.8929906301437561
324.3580198899939,0.8927467356654814
324.37802100116676,0.892502893466954
324.39802211233956,0.8922591036670323
324.4180232235124,0.8920153663845499
324.4380243346853,0.8917716817383137
324.45802544585814,0.8915280498471065
324.47802655703094,0.8912844708296861
324.4980276682038,0.8910409448047806
324.51802877937666,0.8907974718910967
324.53802989054947,0.8905540522073125
324.5580310017223,0.8903106858720813
324.5780321128952,0.8900673730040292
324.598033224068,0.8898241137217591
324.61803433524085,0.8895809081438433
324.6380354464137,0.8893377563888322
324.65803655758657,0.889094658575247
324.6780376687594,0.8888516148215857
324.69803877993223,0.8886086252463155
324.7180398911051,0.8883656899678816
324.7380410022779,0.8881228091047002
324.75804211345076,0.8878799827751617
324.7780432246236,0.8876372110976292
324.7980443357964,0.887394494190441
324.8180454469693,0.887151832171907
324.83804655814214,0.8869092251603102
324.858047669315,0.8866666732739087
324.8780487804878,0.8864241766309318
324.89804989166066,0.8861817353495827
324.9180510028335,0.8859393495480365
324.9380521140063,0.8856970193444446
324.9580532251792,0.885454744856926
324.97805433635205,0.8852125262035776
324.99805544752485,0.8849703635024662
325.0180565586977,0.8847282568716319
325.03805766987057,0.8844862064290875
325.0580587810434,0.8842442122928187
325.07805989221623,0.8840022745807851
325.0980610033891,0.8837603934109147
325.11806211456195,0.8835185689011126
325.13806322573475,0.8832768011692533
325.1580643369076,0.8830350903331848
325.1780654480805,0.8827934365107265
325.1980665592533,0.8825518398196722
325.21806767042614,0.8823103003777841
325.238068781599,0.8820688183028005
325.25806989277186,0.8818273937124286
325.27807100394466,0.8815860267243506
325.2980721151175,0.8813447174562167
325.3180732262904,0.8811034660256529
325.3380743374632,0.8808622725502546
325.35807544863604,0.8806211371475897
325.3780765598089,0.8803800599351972
325.3980776709817,0.88013904103059
325.41807878215457,0.8798980805512484
325.4380798933274,0.8796571786146279
325.4580810045003,0.8794163353381548
325.4780821156731,0.8791755508392256
325.49808322684595,0.8789348252352088
325.5180843380188,0.8786941586434437
325.5380854491916,0.878453551181243
325.5580865603645,0.8782130029658864
325.57808767153733,0.8779725141146292
325.59808878271014,0.877732084744695
325.618089893883,0.8774917149732793
325.63809100505586,0.8772514049175477
325.6580921162287,0.8770111546946388
325.6780932274015,0.8767709644216598
325.6980943385744,0.8765308342156897
325.71809544974724,0.8762907641937774
325.73809656092004,0.876050754472945
325.7580976720929,0.8758108051701808
325.77809878326576,0.8755709164024474
325.79809989443856,0.8753310882866779
325.8181010056114,0.8750913209397722
325.8381021167843,0.8748516144786047
325.85810322795714,0.8746119690200174
325.87810433912995,0.8743723846808251
325.8981054503028,0.874132861577809
325.91810656147567,0.8738933998277246
325.93810767264847,0.873653999547295
325.95810878382133,0.8734146608532136
325.9781098949942,0.8731753838621441
325.998111006167,0.8729361686907215
326.01811211733985,0.8726970154555472
326.0381132285127,0.8724579242731962
326.0581143396856,0.8722188952602105
326.0781154508584,0.8719799285331039
326.09811656203124,0.8717410242083584
326.1181176732041,0.8715021824024254
326.1381187843769,0.871263403231728
326.15811989554976,0.8710246868126551
326.1781210067226,0.8707860332615687
326.1981221178954,0.8705474426947981
326.2181232290683,0.8703089152286423
326.23812434024114,0.870070450979369
326.258125451414,0.8698320500632168
326.2781265625868,0.869593712596392
326.29812767375967,0.86935543869507
326.3181287849325,0.8691172284753952
326.33812989610533,0.8688790820534827
326.3581310072782,0.868640999545413
326.37813211845105,0.8684029810672386
326.39813322962385,0.8681650267349807
326.4181343407967,0.8679271366646263
326.4381354519696,0.8676893109721344
326.45813656314243,0.8674515497734302
326.47813767431524,0.8672138531844102
326.4981387854881,0.8669762213209355
326.51813989666095,0.8667386542988396
326.53814100783376,0.8665011522339219
326.5581421190066,0.8662637152419509
326.5781432301795,0.8660263434386628
326.5981443413523,0.8657890369397645
326.61814545252514,0.8655517958609267
326.638146563698,0.8653146203177925
326.65814767487086,0.8650775104259698
326.67814878604366,0.8648404663010381
326.6981498972165,0.8646034880585398
326.7181510083894,0.8643665758139897
326.7381521195622,0.8641297296828697
326.75815323073505,0.8638929497806263
326.7781543419079,0.8636562362226776
326.7981554530807,0.8634195891244074
326.81815656425357,0.8631830086011671
326.83815767542643,0.8629464947682758
326.8581587865993,0.8627100477410211
326.8781598977721,0.8624736676346567
326.89816100894495,0.8622373545644044
326.9181621201178,0.8620011086454523
326.9381632312906,0.8617649299929585
326.9581643424635,0.8615288187220439
326.97816545363634,0.861292774947801
326.99816656480914,0.8610567987852866
327.018167675982,0.8608208903495257
327.03816878715486,0.8605850497555092
327.0581698983277,0.8603492771181964
327.0781710095005,0.8601135725525139
327.0981721206734,0.8598779361733516
327.11817323184624,0.8596423680955705
327.13817434301905,0.8594068684339956
327.1581754541919,0.8591714373034195
327.17817656536477,0.8589360748186005
327.19817767653757,0.8587007810942661
327.21817878771043,0.8584655562451058
327.2381798988833,0.8582304003857798
327.25818101005615,0.857995313630912
327.27818212122895,0.8577602960950953
327.2981832324018,0.8575253478928846
327.31818434357467,0.8572904691388054
327.3381854547475,0.8570556599473468
327.35818656592033,0.8568209204329641
327.3781876770932,0.8565862507100804
327.398188788266,0.8563516508930831
327.41818989943886,0.8561171210963259
327.4381910106117,0.8558826614341277
327.4581921217846,0.8556482720207756
327.4781932329574,0.8554139529705199
327.49819434413024,0.8551797043975777
327.5181954553031,0.854945526416131
327.5381965664759,0.8547114191403297
327.55819767764876,0.8544773826842851
327.5781987888216,0.8542434171620783
327.5981998999944,0.8540095226877533
327.6182010111673,0.8537756993753202
327.63820212234015,0.8535419473387535
327.658203233513,0.8533082666919944
327.6782043446858,0.8530746575489501
327.69820545585867,0.8528411200234888
327.71820656703153,0.8526076542294484
327.73820767820433,0.8523742602806295
327.7582087893772,0.8521409382907978
327.77820990055005,0.8519076883736839
327.7982110117229,0.8516745106429848
327.8182121228957,0.8514414052123603
327.8382132340686,0.8512083721954361
327.85821434524144,0.8509754117058015
327.87821545641424,0.8507425238570129
327.8982165675871,0.8505097087625875
327.91821767875996,0.8502769665360107
327.93821878993276,0.8500442972907305
327.9582199011056,0.8498117011401595
327.9782210122785,0.8495791781976741
327.99822212345134,0.8493467285766167
328.01822323462414,0.849114352390294
328.038224345797,0.8488820497519735
328.05822545696986,0.848649820774891
328.07822656814267,0.8484176655722443
328.0982276793155,0.8481855842571955
328.1182287904884,0.84795357694287
328.1382299016612,0.8477216437423599
328.15823101283405,0.8474897847687168
328.1782321240069,0.8472580001349602
328.19823323517977,0.8470262899540706
328.2182343463526,0.8467946543389949
328.23823545752543,0.8465630934026397
328.2582365686983,0.8463316072578795
328.2782376798711,0.8461001960175494
328.29823879104396,0.8458688597944493
328.3182399022168,0.8456375987013415
328.3382410133896,0.8454064128509541
328.3582421245625,0.8451753023559745
328.37824323573534,0.8449442673290567
328.3982443469082,0.8447133078828177
328.418245458081,0.8444824241298361
328.43824656925386,0.8442516161826543
328.4582476804267,0.8440208841537773
328.4782487915995,0.8437902281556753
328.4982499027724,0.8435596483007773
328.51825101394525,0.8433291447014797
328.53825212511805,0.8430987174701385
328.5582532362909,0.8428683667190742
328.57825434746377,0.8426380925605684
328.59825545863663,0.8424078951068672
328.61825656980943,0.8421777744701796
328.6382576809823,0.8419477307626738
328.65825879215515,0.8417177640964845
328.67825990332796,0.8414878745837064
328.6982610145008,0.8412580623363974
328.7182621256737,0.8410283274665773
328.7382632368465,0.8407986700862298
328.75826434801934,0.8405690903072977
328.7782654591922,0.8403395882416891
328.79826657036506,0.8401101640012723
328.81826768153786,0.8398808176978796
328.8382687927107,0.8396515494433019
328.8582699038836,0.839422359349296
328.8782710150564,0.8391932475275781
328.89827212622924,0.8389642140898269
328.9182732374021,0.8387352591476824
328.9382743485749,0.8385063828127486
328.95827545974777,0.838277585196587
328.9782765709206,0.8380488664107245
328.9982776820935,0.8378202265666488
329.0182787932663,0.8375916657758078
329.03827990443915,0.8373631841496119
329.058281015612,0.8371347817994319
329.0782821267848,0.8369064588366024
329.0982832379577,0.8366782153724155
329.11828434913053,0.8364500515181281
329.13828546030334,0.8362219673849566
329.1582865714762,0.8359939630840785
329.17828768264906,0.8357660387266321
329.1982887938219,0.8355381944237187
329.2182899049947,0.8353104302863985
329.2382910161676,0.8350827464256931
329.25829212734044,0.834855142952585
329.27829323851324,0.8346276199780192
329.2982943496861,0.8344001776128974
329.31829546085896,0.8341728159680862
329.33829657203177,0.833945535154412
329.3582976832046,0.833718335282659
329.3782987943775,0.8334912164635755
329.39829990555035,0.8332641788078677
329.41830101672315,0.8330372224262049
329.438302127896,0.832810347429213
329.45830323906887,0.8325835539274821
329.4783043502417,0.8323568420315601
329.49830546141453,0.8321302118519562
329.5183065725874,0.8319036634991388
329.5383076837602,0.8316771970835388
329.55830879493305,0.8314508127155431
329.5783099061059,0.8312245105055027
329.5983110172788,0.8309982905637257
329.6183121284516,0.8307721530004821
329.63831323962444,0.8305460979260008
329.6583143507973,0.8303201254504694
329.6783154619701,0.8300942356840385
329.69831657314296,0.8298684287368138
329.7183176843158,0.8296427047188648
329.7383187954886,0.8294170637402183
329.7583199066615,0.8291915059108613
329.77832101783434,0.8289660313407394
329.7983221290072,0.8287406401397598
329.81832324018,0.8285153324177867
329.83832435135287,0.8282901082846449
329.8583254625257,0.8280649678501174
329.87832657369853,0.8278399112239487
329.8983276848714,0.8276149385158387
329.91832879604425,0.8273900498354497
329.93832990721705,0.827165245292403
329.9583310183899,0.8269405249962755
329.9783321295628,0.8267158890566069
329.99833324073563,0.8264913375828933
330.01833435190844,0.826266870684592
330.0383354630813,0.8260424884711155
330.05833657425416,0.8258181910518387
330.07833768542696,0.8255939785360931
330.0983387965998,0.8253698510331693
330.1183399077727,0.8251458086523157
330.1383410189455,0.8249218515027419
330.15834213011834,0.8246979796936117
330.1783432412912,0.8244741933340514
330.19834435246406,0.8242504925331424
330.21834546363687,0.824026877399928
330.2383465748097,0.823803348043405
330.2583476859826,0.8235799045725325
330.2783487971554,0.8233565470962271
330.29834990832825,0.8231332757233603
330.3183510195011,0.8229100905627658
330.3383521306739,0.8226869917232328
330.35835324184677,0.8224639793135091
330.37835435301963,0.8222410534422997
330.3983554641925,0.8220182142182691
330.4183565753653,0.821795461750038
330.43835768653815,0.8215727961461854
330.458358797711,0.8213502175152472
330.4783599088838,0.8211277259657194
330.4983610200567,0.8209053216060512
330.51836213122954,0.8206830045446537
330.53836324240234,0.8204607748898931
330.5583643535752,0.8202386327500932
330.57836546474806,0.8200165782335352
330.5983665759209,0.8197946114484581
330.6183676870937,0.8195727325030591
330.6383687982666,0.8193509415054889
330.65836990943944,0.8191292385638596
330.67837102061225,0.8189076237862378
330.6983721317851,0.8186860972806481
330.71837324295797,0.818464659155071
330.73837435413077,0.8182433095174467
330.75837546530363,0.818022048475668
330.7783765764765,0.8178008761375882
330.79837768764935,0.8175797926110152
330.81837879882215,0.817358798003716
330.838379909995,0.8171378924234103
330.8583810211679,0.8169170759777786
330.8783821323407,0.8166963487744555
330.89838324351354,0.8164757109210322
330.9183843546864,0.8162551625250578
330.9383854658592,0.8160347036940365
330.95838657703206,0.8158143345354291
330.9783876882049,0.8155940551566522
330.9983887993778,0.8153738656650804
331.0183899105506,0.8151537661680427
331.03839102172344,0.8149337567728249
331.0583921328963,0.8147138375866682
331.0783932440691,0.8144940087167721
331.09839435524196,0.8142742702702883
331.1183954664148,0.8140546223543282
331.1383965775876,0.8138350650759569
331.1583976887605,0.8136155985421957
331.17839879993335,0.8133962228600213
331.1983999111062,0.8131769381363673
331.218401022279,0.8129577444781232
331.23840213345187,0.8127386419921312
331.25840324462473,0.8125196307851925
331.27840435579753,0.812300710964062
331.2984054669704,0.8120818826354502
331.31840657814325,0.8118631459060229
331.33840768931606,0.8116445008824031
331.3584088004889,0.8114259476711655
331.3784099116618,0.8112074863788435
331.39841102283464,0.8109891171119235
331.41841213400744,0.8107708399768494
331.4384132451803,0.8105526550800163
331.45841435635316,0.8103345625277785
331.47841546752596,0.8101165624264428
331.4984165786988,0.8098986548822719
331.5184176898717,0.8096808400014821
331.5384188010445,0.8094631178902475
331.55841991221735,0.8092454886546927
331.5784210233902,0.8090279524009004
331.59842213456307,0.8088105092349076
331.61842324573587,0.8085931592627045
331.63842435690873,0.8083759025902367
331.6584254680816,0.8081587393234037
331.6784265792544,0.8079416695680616
331.69842769042725,0.8077246934300171
331.7184288016001,0.8075078110150351
331.7384299127729,0.8072910224288329
331.7584310239458,0.8070743277770821
331.77843213511863,0.8068577271654083
331.7984332462915,0.8066412206993928
331.8184343574643,0.8064248084845695
331.83843546863716,0.8062084906264269
331.85843657981,0.8059922672304065
331.8784376909828,0.8057761384019065
331.8984388021557,0.8055601042462751
331.91843991332854,0.8053441648688174
331.93844102450134,0.8051283203747925
331.9584421356742,0.8049125708694098
331.97844324684706,0.8046969164578363
331.9984443580199,0.80448135724519
332.0184454691927,0.8042658933365451
332.0384465803656,0.8040505248369256
332.05844769153845,0.8038352518513128
332.07844880271125,0.8036200744846392
332.0984499138841,0.8034049928417915
332.11845102505697,0.8031900070276087
332.1384521362298,0.8029751171468856
332.15845324740263,0.8027603233043665
332.1784543585755,0.8025456256047521
332.19845546974835,0.8023310241526953
332.21845658092116,0.8021165190528016
332.238457692094,0.8019021104096297
332.2584588032669,0.8016877983276909
332.2784599144397,0.8014735829114514
332.29846102561254,0.8012594642653267
332.3184621367854,0.801045442493689
332.33846324795826,0.8008315177008601
332.35846435913106,0.8006176899911179
332.3784654703039,0.8004039594686886
332.3984665814768,0.8001903262377552
332.4184676926496,0.7999767904024508
332.43846880382245,0.799763352066862
332.4584699149953,0.7995500113350269
332.4784710261681,0.7993367683109383
332.49847213734097,0.7991236230985378
332.5184732485138,0.7989105758017222
332.5384743596867,0.7986976265243405
332.5584754708595,0.7984847753701925
332.57847658203235,0.7982720224430306
332.5984776932052,0.7980593678465593
332.618478804378,0.7978468116844366
332.6384799155509,0.7976343540602696
332.65848102672373,0.7974219950776203
332.67848213789654,0.7972097348400011
332.6984832490694,0.7969975734508765
332.71848436024226,0.7967855110136624
332.7384854714151,0.7965735476317278
332.7584865825879,0.7963616834083922
332.7784876937608,0.7961499184469271
332.79848880493364,0.795938252850555
332.81848991610644,0.7957266867224523
332.8384910272793,0.7955152201657429
332.85849213845216,0.795303853283506
332.87849324962497,0.7950925861787713
332.8984943607978,0.7948814189545175
332.9184954719707,0.7946703517136776
332.93849658314355,0.7944593845591338
332.95849769431635,0.794248517593722
332.9784988054892,0.7940377509202252
332.99849991666207,0.7938270846413819
333.0185010278349,0.7936165188598789
333.03850213900773,0.7934060536783549
333.0585032501806,0.793195689199399
333.0785043613534,0.7929854255255533
333.09850547252626,0.7927752627593068
333.1185065836991,0.7925652010031033
333.138507694872,0.792355240359335
333.1585088060448,0.7921453809303467
333.17850991721764,0.7919356228184309
333.1985110283905,0.7917259661258333
333.2185121395633,0.7915164109547507
333.23851325073616,0.7913069574073268
333.258514361909,0.7910976055856598
333.2785154730818,0.7908883555917958
333.2985165842547,0.7906792075277322
333.31851769542754,0.7904701614954162
333.3385188066004,0.7902612175967463
333.3585199177732,0.7900523759335703
333.37852102894607,0.7898436366076862
333.3985221401189,0.7896349997208418
333.41852325129173,0.7894264653747374
333.4385243624646,0.7892180336710188
333.45852547363745,0.7890097047112858
333.47852658481025,0.7888014785970876
333.4985276959831,0.7885933554299203
333.518528807156,0.7883853353112332
333.53852991832883,0.7881774183424233
333.55853102950164,0.7879696046248397
333.5785321406745,0.787761894259777
333.59853325184736,0.787554287348484
333.61853436302016,0.7873467839921562
333.638535474193,0.7871393842919396
333.6585365853659,0.786932088348929
333.6785376965387,0.7867248962641707
333.69853880771154,0.7865178081386568
333.7185399188844,0.7863108240733321
333.73854103005726,0.7861039441690885
333.75854214123007,0.7858971685267694
333.7785432524029,0.785690497247164
333.7985443635758,0.7854839304310135
333.8185454747486,0.7852774681790081
333.83854658592145,0.7850711105917845
333.8585476970943,0.7848648577699313
333.8785488082671,0.7846587098139844
333.89854991944,0.784452666824429
333.91855103061283,0.7842467289016986
333.9385521417857,0.7840408961461768
333.9585532529585,0.7838351686581948
333.97855436413136,0.783629546538033
333.9985554753042,0.7834240298859193
334.018556586477,0.7832186188020331
334.0385576976499,0.783013313386498
334.05855880882274,0.7828081137393904
334.07855991999554,0.7826030199607326
334.0985610311684,0.7823980321504956
334.11856214234126,0.7821931504085989
334.1385632535141,0.7819883748349109
334.1585643646869,0.7817837055292489
334.1785654758598,0.7815791425913751
334.19856658703264,0.7813746861210037
334.21856769820545,0.7811703362177949
334.2385688093783,0.7809660929813573
334.25856992055117,0.7807619565112474
334.27857103172397,0.780557926906971
334.29857214289683,0.780354004267979
334.3185732540697,0.7801501886936733
334.33857436524255,0.7799464802834011
334.35857547641535,0.77974287913646
334.3785765875882,0.7795393853520918
334.3985776987611,0.7793359990294892
334.4185788099339,0.7791327202677911
334.43857992110674,0.7789295491660833
334.4585810322796,0.7787264858234011
334.4785821434524,0.7785235303387255
334.49858325462526,0.7783206828109855
334.5185843657981,0.7781179433390571
334.538585476971,0.777915312021765
334.5585865881438,0.7777127889578799
334.57858769931664,0.7775103742461197
334.5985888104895,0.7773080679851495
334.6185899216623,0.7771058702735835
334.63859103283517,0.7769037812099792
334.658592144008,0.7767018008928448
334.67859325518083,0.7764999294206335
334.6985943663537,0.776298166891746
334.71859547752655,0.7760965134045293
334.7385965886994,0.7758949690572783
334.7585976998722,0.7756935339482351
334.7785988110451,0.7754922081755858
334.79859992221793,0.7752909918374664
334.81860103339073,0.7750898850319579
334.8386021445636,0.7748888878570878
334.85860325573645,0.7746880004108303
334.87860436690926,0.774487222791108
334.8986054780821,0.7742865550957863
334.918606589255,0.7740859974226804
334.93860770042784,0.7738855498695496
334.95860881160064,0.7736852125341019
334.9786099227735,0.7734849855139884
334.99861103394636,0.7732848689068095
335.01861214511916,0.7730848628101098
335.038613256292,0.7728849673213809
335.0586143674649,0.7726851825380596
335.0786154786377,0.7724855085575311
335.09861658981055,0.7722859454771226
335.1186177009834,0.7720864933941107
335.13861881215627,0.7718871524057171
335.15861992332907,0.7716879226091088
335.17862103450193,0.7714888041013983
335.1986221456748,0.7712897969796443
335.2186232568476,0.7710909013408523
335.23862436802045,0.7708921172819707
335.2586254791933,0.7706934448998966
335.2786265903661,0.7704948842914707
335.298627701539,0.7702964355534799
335.31862881271184,0.7700980987826559
335.3386299238847,0.7698998740756773
335.3586310350575,0.7697017615291667
335.37863214623036,0.7695037612396926
335.3986332574032,0.769305873303768
335.418634368576,0.7691080978178533
335.4386354797489,0.7689104348783506
335.45863659092174,0.7687128845816102
335.47863770209455,0.7685154470239275
335.4986388132674,0.7683181223015395
335.51863992444027,0.7681209105106324
335.5386410356131,0.7679238117473344
335.5586421467859,0.7677268261077211
335.5786432579588,0.7675299536878097
335.59864436913165,0.7673331945835657
335.61864548030445,0.767136548890897
335.6386465914773,0.7669400167056573
335.65864770265017,0.7667435981236437
335.678648813823,0.7665472932406008
335.69864992499583,0.7663511021522135
335.7186510361687,0.7661550249541148
335.73865214734155,0.7659590617418814
335.75865325851436,0.7657632126110335
335.7786543696872,0.7655674776570363
335.7986554808601,0.7653718569752985
335.8186565920329,0.7651763506611755
335.83865770320574,0.7649809588099632
335.8586588143786,0.7647856815169055
335.8786599255514,0.7645905188771881
335.89866103672426,0.7643954709859414
335.9186621478971,0.7642005379382396
335.93866325907,0.7640057198291021
335.9586643702428,0.7638110167534911
335.97866548141565,0.763616428806313
335.9986665925885,0.7634219560824175
336.0186677037613,0.7632275986766004
336.03866881493417,0.7630333566835977
336.05866992610703,0.7628392301980921
336.07867103727983,0.7626452193147099
336.0986721484527,0.7624513241280182
336.11867325962555,0.7622575447325312
336.1386743707984,0.7620638812227041
336.1586754819712,0.7618703336929381
336.1786765931441,0.7616769022375744
336.19867770431694,0.7614835869509012
336.21867881548974,0.761290387927148
336.2386799266626,0.7610973052604879
336.25868103783546,0.7609043390450373
336.27868214900826,0.7607114893748573
336.2986832601811,0.760518756343949
336.318684371354,0.7603261400462602
336.33868548252684,0.7601336405756791
336.35868659369964,0.7599412580260394
336.3786877048725,0.7597489924911146
336.39868881604536,0.759556844064624
336.41868992721817,0.7593648128402296
336.438691038391,0.7591728989115338
336.4586921495639,0.7589811023720847
336.4786932607367,0.7587894233153718
336.49869437190955,0.7585978618348274
336.5186954830824,0.7584064180238259
336.53869659425527,0.7582150919756864
336.5586977054281,0.7580238837836685
336.57869881660093,0.7578327935409752
336.5986999277738,0.7576418213407515
336.6187010389466,0.7574509672760866
336.63870215011946,0.757260231440009
336.6587032612923,0.7570696139254927
336.6787043724651,0.7568791148254521
336.698705483638,0.7566887342327446
336.71870659481084,0.7564984722401693
336.7387077059837,0.7563083289404682
336.7587088171565,0.7561183044263262
336.77870992832936,0.7559283987903672
336.7987110395022,0.7557386121251608
336.818712150675,0.7555489445232164
336.8387132618479,0.7553593960769859
336.85871437302075,0.7551699668788628
336.8787154841936,0.7549806570211838
336.8987165953664,0.754791466596226
336.91871770653927,0.7546023956962087
336.93871881771213,0.7544134444132925
336.95871992888493,0.7542246128395818
336.9787210400578,0.7540359010671188
336.99872215123065,0.7538473091878909
337.01872326240346,0.7536588372938264
337.0387243735763,0.7534704854767926
337.0587254847492,0.7532822538286015
337.07872659592203,0.7530941424410043
337.09872770709484,0.7529061514056955
337.1187288182677,0.7527182808143081
337.13872992944056,0.7525305307584197
337.15873104061336,0.7523429013295468
337.1787321517862,0.7521553926191481
337.1987332629591,0.7519680047186227
337.2187343741319,0.7517807377193126
337.23873548530474,0.7515935917124978
337.2587365964776,0.7514065667894028
337.27873770765046,0.75121966304119
337.29873881882327,0.7510328805589659
337.3187399299961,0.750846219433774
337.338741041169,0.750659679756602
337.3587421523418,0.7504732616183778
337.37874326351465,0.7502869651099678
337.3987443746875,0.7501007903221821
337.4187454858603,0.7499147373457695
337.4387465970332,0.7497288062714202
337.45874770820603,0.7495429971897644
337.4787488193789,0.749357310191374
337.4987499305517,0.7491717453667602
337.51875104172456,0.7489863028063752
337.5387521528974,0.748800982600611
337.5587532640702,0.7486157848398018
337.5787543752431,0.7484307096142189
337.59875548641594,0.7482457570140773
337.61875659758874,0.74806092712953
337.6387577087616,0.7478762200506708
337.65875881993446,0.7476916358675334
337.6787599311073,0.7475071746700924
337.6987610422801,0.7473228365482627
337.718762153453,0.7471386215918967
337.73876326462585,0.7469545298907898
337.75876437579865,0.7467705615346756
337.7787654869715,0.7465867166132281
337.79876659814437,0.7464029952160605
337.81876770931717,0.7462193974327276
337.83876882049003,0.746035923352721
337.8587699316629,0.745852573065475
337.87877104283575,0.7456693466603614
337.89877215400855,0.7454862442266936
337.9187732651814,0.7453032658537218
337.9387743763543,0.7451204116306386
337.9587754875271,0.7449376816465745
337.97877659869994,0.744755075990599
337.9987777098728,0.7445725947517231
338.0187788210456,0.7443902380188951
338.03877993221846,0.7442080058810034
338.0587810433913,0.7440258984268753
338.0787821545642,0.7438439157452781
338.098783265737,0.7436620579249178
338.11878437690984,0.7434803250544395
338.1387854880827,0.7432987172224266
338.1587865992555,0.7431172345174042
338.17878771042837,0.7429358770278325
338.1987888216012,0.7427546448421141
338.21878993277403,0.7425735380485889
338.2387910439469,0.7423925567355361
338.25879215511975,0.7422117009911726
338.2787932662926,0.7420309709036561
338.2987943774654,0.7418503665610827
338.3187954886383,0.7416698880514846
338.33879659981113,0.7414895354628361
338.35879771098394,0.7413093088830485
338.3787988221568,0.7411292083999712
338.39879993332966,0.7409492341013927
338.41880104450246,0.7407693860750413
338.4388021556753,0.7405896644085805
338.4588032668482,0.7404100691896158
338.47880437802104,0.7402306005056885
338.49880548919384,0.7400512584442804
338.5188066003667,0.7398720430928087
338.53880771153956,0.7396929545386317
338.55880882271236,0.7395139928690444
338.5788099338852,0.73933515817128
338.5988110450581,0.7391564505325099
338.6188121562309,0.7389778700398448
338.63881326740375,0.7387994167803307
338.6588143785766,0.738621090840954
338.67881548974947,0.7384428923086387
338.69881660092227,0.7382648212702458
338.71881771209513,0.7380868778125749
338.738818823268,0.7379090620223623
338.7588199344408,0.7377313739862843
338.77882104561365,0.7375538137909519
338.7988221567865,0.7373763815229166
338.8188232679593,0.7371990772686658
338.8388243791322,0.7370219011146253
338.85882549030504,0.7368448531471575
338.8788266014779,0.7366679334525641
338.8988277126507,0.7364911421170826
338.91882882382356,0.7363144792268888
338.9388299349964,0.7361379448680947
338.9588310461692,0.7359615391267522
338.9788321573421,0.7357852620888472
338.99883326851494,0.7356091138403051
339.01883437968775,0.7354330944669891
339.0388354908606,0.7352572040546965
339.05883660203347,0.7350814426891652
339.0788377132063,0.7349058104560676
339.09883882437913,0.7347303074410156
339.118839935552,0.7345549337295552
339.13884104672485,0.7343796894071719
339.15884215789765,0.7342045745592868
339.1788432690705,0.7340295892712583
339.1988443802434,0.7338547336283812
339.2188454914162,0.7336800077158887
339.23884660258904,0.7335054116189477
339.2588477137619,0.7333309454226649
339.27884882493476,0.7331566092120825
339.29884993610756,0.732982403072179
339.3188510472804,0.7328083270878698
339.3388521584533,0.7326343813440065
339.3588532696261,0.7324605659253788
339.37885438079894,0.7322868809167098
339.3988554919718,0.7321133264026622
339.4188566031446,0.7319399024678335
339.43885771431746,0.7317666091967577
339.4588588254903,0.7315934466739048
339.4788599366632,0.7314204149836823
339.498861047836,0.7312475142104327
339.51886215900885,0.7310747444384351
339.5388632701817,0.7309021057519045
339.5588643813545,0.7307295982349933
339.57886549252737,0.7305572219717871
339.59886660370023,0.7303849770463104
339.61886771487303,0.7302128635425236
339.6388688260459,0.73004088154432
339.65886993721875,0.7298690311355325
339.6788710483916,0.729697312399927
339.6988721595644,0.729525725421208
339.7188732707373,0.7293542702830121
339.73887438191014,0.7291829470689155
339.75887549308294,0.7290117558624276
339.7788766042558,0.7288406967469943
339.79887771542866,0.7286697698059965
339.81887882660146,0.7284989751227525
339.8388799377743,0.7283283127805131
339.8588810489472,0.7281577828624676
339.87888216012004,0.7279873854517385
339.89888327129285,0.7278171206313859
339.9188843824657,0.7276469884844026
339.93888549363857,0.7274769890937187
339.95888660481137,0.7273071225422001
339.97888771598423,0.727137388912645
339.9988888271571,0.7269677882877902
340.0188899383299,0.7267983207503055
340.03889104950275,0.7266289863827967
340.0588921606756,0.7264597852678041
340.0788932718485,0.7262907174878039
340.0988943830213,0.7261217831252069
340.11889549419413,0.7259529822623585
340.138896605367,0.7257843149815391
340.1588977165398,0.7256157813649653
340.17889882771266,0.7254473814947858
340.1988999388855,0.7252791154530872
340.2189010500583,0.725110983321889
340.2389021612312,0.7249429851831455
340.25890327240404,0.7247751211187461
340.2789043835769,0.7246073912105149
340.2989054947497,0.7244397955402115
340.31890660592256,0.7242723341895274
340.3389077170954,0.7241050072400916
340.3589088282682,0.7239378147734656
340.3789099394411,0.7237707568711464
340.39891105061395,0.7236038336145644
340.41891216178675,0.7234370450850862
340.4389132729596,0.72327039136401
340.45891438413247,0.723103872532571
340.47891549530533,0.7229374886719367
340.49891660647813,0.7227712398632109
340.518917717651,0.7226051261874284
340.53891882882385,0.722439147725561
340.55891993999666,0.7222733045585141
340.5789210511695,0.7221075967671254
340.5989221623424,0.7219420244321688
340.6189232735152,0.7217765876343509
340.63892438468804,0.7216112864543126
340.6589254958609,0.721446120972628
340.67892660703376,0.7212810912698067
340.69892771820656,0.7211161974262906
340.7189288293794,0.7209514395224561
340.7389299405523,0.7207868176386125
340.7589310517251,0.7206223318550047
340.77893216289795,0.7204579822518082
340.7989332740708,0.7202937689091355
340.8189343852436,0.7201296919070304
340.83893549641647,0.7199657513254709
340.8589366075893,0.7198019472443682
340.8789377187622,0.7196382797435678
340.898938829935,0.7194747489028487
340.91893994110785,0.7193113548019212
340.9389410522807,0.7191480975204319
340.9589421634535,0.7189849771379584
340.9789432746264,0.7188219937340126
340.99894438579923,0.7186591473880393
341.01894549697204,0.7184964381794174
341.0389466081449,0.7183338661874571
341.05894771931776,0.7181714314914037
341.0789488304906,0.718009134170434
341.0989499416634,0.7178469743036596
341.1189510528363,0.7176849519701227
341.13895216400914,0.7175230672488007
341.15895327518194,0.7173613202186028
341.1789543863548,0.7171997109583712
341.19895549752766,0.7170382395468806
341.21895660870047,0.7168769060628404
341.2389577198733,0.7167157105848895
341.2589588310462,0.7165546531916022
341.27895994221905,0.716393733961485
341.29896105339185,0.7162329529729763
341.3189621645647,0.7160723103044476
341.33896327573757,0.7159118060342025
341.3589643869104,0.7157514402404785
341.37896549808323,0.7155912130014432
341.3989666092561,0.7154311243951994
341.41896772042895,0.71527117449978
341.43896883160176,0.7151113633931525
341.4589699427746,0.714951691153214
341.4789710539475,0.7147921578577967
341.4989721651203,0.7146327635846635
341.51897327629314,0.7144735084115097
341.538974387466,0.7143143924159627
341.5589754986388,0.7141554156755829
341.57897660981166,0.7139965782678621
341.5989777209845,0.7138378802702239
341.6189788321574,0.713679321760025
341.6389799433302,0.7135209028145533
341.65898105450304,0.7133626235110285
341.6789821656759,0.7132044839266025
341.6989832768487,0.7130464841383604
341.71898438802157,0.7128886242233161
341.7389854991944,0.7127309042584185
341.75898661036723,0.7125733243205464
341.7789877215401,0.7124158844865112
341.79898883271295,0.7122585848330548
341.8189899438858,0.7121014254368525
341.8389910550586,0.7119444063745111
341.8589921662315,0.7117875277225665
341.87899327740433,0.7116307895574893
341.89899438857714,0.7114741919556797
341.91899549975,0.7113177349934703
341.93899661092286,0.711161418747124
341.95899772209566,0.7110052432928373
341.9789988332685,0.7108492087067352
341.9989999444414,0.7106933150648764
342.01900105561424,0.7105375624432495
342.03900216678704,0.7103819509177759
342.0590032779599,0.7102264805643057
342.07900438913276,0.7100711514586227
342.09900550030557,0.7099159636764406
342.1190066114784,0.7097609172934045
342.1390077226513,0.7096060123850899
342.1590088338241,0.7094512490270053
342.17900994499695,0.7092966272945873
342.1990110561698,0.7091421472632058
342.21901216734267,0.7089878090081612
342.2390132785155,0.7088336126046841
342.25901438968833,0.7086795581279361
342.2790155008612,0.7085256456530099
342.299016612034,0.7083718752549297
342.31901772320685,0.7082182470086481
342.3390188343797,0.7080647609890512
342.3590199455525,0.7079114172709543
342.3790210567254,0.7077582159291034
342.39902216789824,0.7076051570381748
342.4190232790711,0.7074522406727769
342.4390243902439,0.7072994669074468
342.45902550141676,0.7071468358166533
342.4790266125896,0.7069943474747944
342.4990277237624,0.7068420019562006
342.5190288349353,0.7066897993351301
342.53902994610814,0.7065377396857735
342.55903105728095,0.706385823082252
342.5790321684538,0.7062340495986142
342.59903327962667,0.7060824193088424
342.6190343907995,0.7059309322868468
342.63903550197233,0.7057795886064695
342.6590366131452,0.7056283883414803
342.67903772431805,0.7054773315655818
342.69903883549085,0.705326418352405
342.7190399466637,0.7051756487755112
342.7390410578366,0.7050250229083915
342.7590421690094,0.7048745408244685
342.77904328018224,0.7047242025970921
342.7990443913551,0.7045740082995439
342.81904550252796,0.7044239580050354
342.83904661370076,0.7042740517867072
342.8590477248736,0.7041242897176297
342.8790488360465,0.7039746718708031
342.8990499472193,0.7038251983191581
342.91905105839214,0.7036758691355534
342.939052169565,0.7035266843927791
342.9590532807378,0.703377644163554
342.97905439191067,0.7032287485205262
342.9990555030835,0.7030799975362736
343.0190566142564,0.7029313912833044
343.0390577254292,0.7027829298340551
343.05905883660205,0.7026346132608919
343.0790599477749,0.7024864416361105
343.0990610589477,0.7023384150319368
343.11906217012057,0.7021905335205239
343.13906328129343,0.702042797173956
343.15906439246623,0.701895206064247
343.1790655036391,0.7017477602633373
343.19906661481195,0.7016004598430994
343.2190677259848,0.7014533048753329
343.2390688371576,0.7013062954317685
343.2590699483305,0.7011594315840632
343.27907105950334,0.7010127134038058
343.29907217067614,0.7008661409625125
343.319073281849,0.700719714331629
343.33907439302186,0.7005734335825293
343.35907550419466,0.7004272987865178
343.3790766153675,0.7002813100148253
343.3990777265404,0.7001354673386142
343.41907883771324,0.6999897708289733
343.43907994888605,0.6998442205569224
343.4590810600589,0.6996988165934075
343.47908217123177,0.6995535590093052
343.49908328240457,0.6994084478754208
343.51908439357743,0.6992634832624863
343.5390855047503,0.6991186652411645
343.5590866159231,0.6989739938820455
343.57908772709595,0.6988294692556482
343.5990888382688,0.6986850914324194
343.6190899494417,0.6985408604827359
343.6390910606145,0.6983967764769015
343.65909217178734,0.6982528394851488
343.6790932829602,0.6981090495776383
343.699094394133,0.6979654068244604
343.71909550530586,0.6978219112956311
343.7390966164787,0.6976785630610973
343.7590977276515,0.6975353621907325
343.7790988388244,0.697392308754339
343.79909994999724,0.6972494028216465
343.8191010611701,0.6971066444623137
343.8391021723429,0.6969640337459281
343.85910328351576,0.6968215707420022
343.8791043946886,0.6966792555199799
343.8991055058614,0.6965370881492311
343.9191066170343,0.6963950686990542
343.93910772820715,0.6962531972386752
343.95910883937995,0.6961114738372489
343.9791099505528,0.6959698985638563
343.99911106172567,0.6958284714875078
344.01911217289853,0.6956871926771404
344.03911328407133,0.6955460622016205
344.0591143952442,0.6954050801297393
344.07911550641705,0.6952642465302183
344.09911661758986,0.6951235614717065
344.1191177287627,0.694983025022778
344.1391188399356,0.6948426372519375
344.1591199511084,0.6947023982276155
344.17912106228124,0.6945623080181701
344.1991221734541,0.6944223666918872
344.21912328462696,0.6942825743169806
344.23912439579976,0.6941429309615905
344.2591255069726,0.6940034366937853
344.2791266181455,0.6938640915815597
344.2991277293183,0.6937248956928376
344.31912884049115,0.6935858490954674
344.339129951664,0.6934469518572273
344.3591310628368,0.6933082040458213
344.37913217400967,0.693169605728881
344.39913328518253,0.6930311569739646
344.4191343963554,0.6928928578485583
344.4391355075282,0.6927547084200754
344.45913661870105,0.6926167087558546
344.4791377298739,0.6924788589231635
344.4991388410467,0.6923411589891959
344.5191399522196,0.6922036090210721
344.53914106339244,0.6920662090858398
344.55914217456524,0.6919289592504744
344.5791432857381,0.6917918595818757
344.59914439691096,0.691654910146873
344.6191455080838,0.6915181110122206
344.6391466192566,0.6913814622446011
344.6591477304295,0.6912449639106213
344.67914884160234,0.6911086160768174
344.69914995277514,0.6909724188096509
344.719151063948,0.6908363721755097
344.73915217512086,0.6907004762407087
344.75915328629367,0.69056473107149
344.7791543974665,0.6904291367340203
344.7991555086394,0.6902936932943946
344.81915661981225,0.6901584008186341
344.83915773098505,0.6900232593726856
344.8591588421579,0.6898882690224228
344.87915995333077,0.6897534298336453
344.8991610645036,0.6896187418720805
344.91916217567643,0.6894842052033794
344.9391632868493,0.689349819893122
344.9591643980221,0.6892155860068131
344.97916550919496,0.6890815036098836
344.9991666203678,0.688947572767691
345.0191677315407,0.6888137935455192
345.0391688427135,0.6886801660085775
345.05916995388634,0.6885466902220017
345.0791710650592,0.6884133662508529
345.099172176232,0.6882801941601198
345.11917328740486,0.6881471740147156
345.1391743985777,0.6880143058794794
345.1591755097505,0.6878815898191781
345.1791766209234,0.6877490258985013
345.19917773209625,0.6876166141820677
345.2191788432691,0.6874843547344194
345.2391799544419,0.687352247620026
345.25918106561477,0.6872202929032811
345.27918217678763,0.6870884906485059
345.29918328796043,0.6869568409199458
345.3191843991333,0.6868253437817726
345.33918551030615,0.6866939992980833
345.35918662147895,0.6865628075329016
345.3791877326518,0.6864317685501743
345.3991888438247,0.6863008824137763
345.41918995499753,0.6861701491875072
345.43919106617034,0.6860395689350915
345.4591921773432,0.6859091417201797
345.47919328851606,0.685778867606347
345.49919439968886,0.6856487466570955
345.5191955108617,0.6855187789358502
345.5391966220346,0.685388964505964
345.5591977332074,0.6852593034307135
345.57919884438024,0.6851297957733009
345.5991999555531,0.6850004415968534
345.61920106672596,0.6848712409644243
345.63920217789877,0.6847421939389912
345.6592032890716,0.6846133005834568
345.6792044002445,0.684484560960649
345.6992055114173,0.6843559751333218
345.71920662259015,0.6842275431641521
345.739207733763,0.6840992651157436
345.7592088449358,0.6839711410506252
345.7792099561087,0.6838431710312485
345.79921106728153,0.6837153551199925
345.8192121784544,0.6835876933791594
345.8392132896272,0.6834601858709778
345.85921440080006,0.683332832657599
345.8792155119729,0.6832056338011013
345.8992166231457,0.6830785893634863
345.9192177343186,0.6829516994066811
345.93921884549144,0.6828249639925366
345.9592199566643,0.6826983831828295
345.9792210678371,0.6825719570392605
345.99922217900996,0.6824456856234552
346.0192232901828,0.6823195689969629
346.0392244013556,0.6821936072212593
346.0592255125285,0.6820678003577421
346.07922662370135,0.6819421484677355
346.09922773487415,0.6818166516124882
346.119228846047,0.6816913098531713
346.13922995721987,0.6815661232508826
346.1592310683927,0.6814410918666427
346.17923217956553,0.6813162157613982
346.1992332907384,0.6811914949960176
346.21923440191125,0.6810669296312959
346.23923551308405,0.6809425197279513
346.2592366242569,0.6808182653466264
346.2792377354298,0.6806941665478876
346.2992388466026,0.6805702233922268
346.31923995777544,0.6804464359400582
346.3392410689483,0.6803228042517211
346.35924218012116,0.6801993283874794
346.37924329129396,0.6800760084075201
346.3992444024668,0.6799528443719545
346.4192455136397,0.6798298363408175
346.4392466248125,0.6797069843740696
346.45924773598534,0.6795842885315925
346.4792488471582,0.6794617488731943
346.499249958331,0.6793393654586057
346.51925106950387,0.6792171383474815
346.5392521806767,0.6790950675994001
346.5592532918496,0.6789731532738645
346.5792544030224,0.6788513954303004
346.59925551419525,0.6787297941280579
346.6192566253681,0.6786083494264101
346.6392577365409,0.6784870613845554
346.6592588477138,0.6783659300616132
346.67925995888663,0.6782449555166288
346.69926107005944,0.6781241378085706
346.7192621812323,0.6780034769963295
346.73926329240516,0.677882973138721
346.759264403578,0.6777626262944836
346.7792655147508,0.6776424365222801
346.7992666259237,0.6775224038806948
346.81926773709654,0.6774025284282377
346.83926884826934,0.6772828102233406
346.8592699594422,0.6771632493243596
346.87927107061506,0.6770438457895729
346.89927218178786,0.676924599677184
346.9192732929607,0.6768055110453172
346.9392744041336,0.6766865799520222
346.95927551530644,0.6765678064552705
346.97927662647925,0.6764491906129579
346.9992777376521,0.676330732482902
347.01927884882497,0.6762124321228444
347.03927995999777,0.6760942895904507
347.05928107117063,0.6759763049433071
347.0792821823435,0.6758584782389251
347.0992832935163,0.6757408095347381
347.11928440468915,0.675623298888103
347.139285515862,0.6755059463562989
347.1592866270349,0.6753887519965291
347.1792877382077,0.6752717158659187
347.19928884938054,0.6751548380215159
347.2192899605534,0.6750381185202917
347.2392910717262,0.674921557419141
347.25929218289906,0.6748051547748793
347.2792932940719,0.6746889106442473
347.2992944052447,0.6745728250839065
347.3192955164176,0.6744568981504422
347.33929662759044,0.6743411299003618
347.3592977387633,0.6742255203900958
347.3792988499361,0.6741100696759976
347.39929996110897,0.6739947778143417
347.4193010722818,0.6738796448613271
347.43930218345463,0.6737646708730741
347.4593032946275,0.6736498559056259
347.47930440580035,0.6735352000149477
347.49930551697315,0.6734207032569286
347.519306628146,0.6733063656873779
347.5393077393189,0.6731921873620296
347.55930885049173,0.6730781683365381
347.57930996166453,0.6729643086664823
347.5993110728374,0.6728506084073607
347.61931218401025,0.6727370676145963
347.63931329518306,0.6726236863435342
347.6593144063559,0.6725104646494401
347.6793155175288,0.6723974025875039
347.6993166287016,0.6722845002128364
347.71931773987444,0.672171757580471
347.7393188510473,0.6720591747453629
347.75931996222016,0.6719467517623904
347.77932107339296,0.6718344886863528
347.7993221845658,0.6717223855719717
347.8193232957387,0.6716104424738908
347.8393244069115,0.6714986594466765
347.85932551808435,0.6713870365448158
347.8793266292572,0.671275573822719
347.89932774043,0.6711642713347172
347.91932885160287,0.6710531291350643
347.93932996277573,0.6709421472779351
347.9593310739486,0.6708313258174273
347.9793321851214,0.6707206648075604
347.99933329629425,0.6706101643022742
348.0193344074671,0.670499824355432
348.0393355186399,0.6703896450208179
348.0593366298128,0.6702796263521379
348.07933774098564,0.6701697684030196
348.09933885215844,0.6700600712270129
348.1193399633313,0.669950534877588
348.13934107450416,0.6698411594081384
348.159342185677,0.6697319448719774
348.1793432968498,0.6696228913223419
348.1993444080227,0.6695139988123878
348.21934551919554,0.669405267395195
348.23934663036835,0.6692966971237633
348.2593477415412,0.6691882880510145
348.27934885271407,0.6690800402297914
348.29934996388687,0.6689719537128592
348.3193510750597,0.6688640285529031
348.3393521862326,0.6687562648025307
348.35935329740545,0.6686486625142707
348.37935440857825,0.6685412217405731
348.3993555197511,0.6684339425338086
348.41935663092397,0.6683268249462695
348.4393577420968,0.6682198690301704
348.45935885326963,0.6681130748376447
348.4793599644425,0.6680064424207495
348.4993610756153,0.6678999718314613
348.51936218678816,0.6677936631216788
348.539363297961,0.6676875163432208
348.5593644091339,0.667581531547828
348.5793655203067,0.6674757087871619
348.59936663147954,0.667370048112805
348.6193677426524,0.6672645495762604
348.6393688538252,0.6671592132289528
348.65936996499806,0.6670540391222276
348.6793710761709,0.6669490273073507
348.6993721873437,0.6668441778355101
348.7193732985166,0.6667394907578128
348.73937440968945,0.6666349661252884
348.7593755208623,0.6665306039888861
348.7793766320351,0.6664264043994772
348.79937774320797,0.666322367407852
348.81937885438083,0.666218493064723
348.83937996555363,0.6661147814207229
348.8593810767265,0.666011232526405
348.87938218789935,0.6659078464322432
348.89938329907216,0.6658046231886331
348.919384410245,0.6657015628458888
348.9393855214179,0.6655986654542467
348.95938663259074,0.665495931063864
348.97938774376354,0.665393359724817
348.9993888549364,0.6652909514871035
349.01938996610926,0.6651887064006412
349.03939107728206,0.6650866245152698
349.0593921884549,0.6649847058807468
349.0793932996278,0.6648829505467526
349.0993944108006,0.6647813585628869
349.11939552197344,0.6646799299786696
349.1393966331463,0.6645786648435413
349.15939774431916,0.6644775632068632
349.17939885549197,0.6643766251179164
349.1993999666648,0.6642758506259021
349.2194010778377,0.664175239779942
349.2394021890105,0.6640747926290786
349.25940330018335,0.6639745092222733
349.2794044113562,0.6638743896084088
349.299405522529,0.6637744338362882
349.3194066337019,0.6636746419546331
349.33940774487473,0.6635750140120869
349.3594088560476,0.663475550057212
349.3794099672204,0.6633762501384921
349.39941107839326,0.6632771143043292
349.4194121895661,0.663178142603047
349.4394133007389,0.6630793350828881
349.4594144119118,0.6629806917920154
349.47941552308464,0.6628822127785118
349.49941663425744,0.6627838980903806
349.5194177454303,0.6626857477755437
349.53941885660316,0.6625877618818443
349.559419967776,0.6624899404570446
349.5794210789488,0.6623922835488272
349.5994221901217,0.6622947912047934
349.61942330129455,0.6621974634724657
349.63942441246735,0.6621003003992859
349.6594255236402,0.6620033020326146
349.67942663481307,0.6619064684197337
349.6994277459859,0.6618097996078435
349.71942885715873,0.6617132956440646
349.7394299683316,0.6616169565754366
349.75943107950445,0.66152078244892
349.77943219067726,0.6614247733113938
349.7994333018501,0.6613289292096567
349.819434413023,0.6612332501904272
349.8394355241958,0.6611377363003437
349.85943663536864,0.6610423875859628
349.8794377465415,0.6609472040937623
349.8994388577143,0.6608521858701384
349.91943996888716,0.6607573329614065
349.93944108006,0.6606626454138027
349.9594421912329,0.660568123273481
349.9794433024057,0.6604737665865162
349.99944441357854,0.6603795753989008
350.0194455247514,0.6602855497565482
350.0394466359242,0.6601916897052903
350.05944774709707,0.6600979952908783
350.0794488582699,0.6600044665589828
350.09944996944273,0.6599111035551941
350.1194510806156,0.6598179063250202
350.13945219178845,0.6597248749138904
350.1594533029613,0.6596320093671516
350.1794544141341,0.6595393097300709
350.199455525307,0.6594467760478331
350.21945663647983,0.6593544083655434
350.23945774765264,0.6592622067282263
350.2594588588255,0.6591701711808238
350.27945996999836,0.6590783017681986
350.29946108117116,0.6589865985351313
350.319462192344,0.6588950615263222
350.3394633035169,0.6588036907863898
350.35946441468974,0.6587124863598726
350.37946552586254,0.6586214482912272
350.3994666370354,0.6585305766248295
350.41946774820826,0.6584398714049738
350.43946885938107,0.6583493326758745
350.4594699705539,0.6582589604816627
350.4794710817268,0.6581687548663907
350.49947219289965,0.6580787158740278
350.51947330407245,0.6579888435484635
350.5394744152453,0.6578991379335046
350.55947552641817,0.6578095990728778
350.579476637591,0.6577202270102284
350.59947774876383,0.6576310217891193
350.6194788599367,0.6575419834530334
350.6394799711095,0.6574531120453717
350.65948108228235,0.6573644076094538
350.6794821934552,0.6572758701885177
350.6994833046281,0.6571874998257208
350.7194844158009,0.6570992965641382
350.73948552697374,0.6570112604467638
350.7594866381466,0.6569233915165101
350.7794877493194,0.6568356898162087
350.79948886049226,0.6567481553886081
350.8194899716651,0.6566607882763771
350.8394910828379,0.6565735885221017
350.8594921940108,0.6564865561682868
350.87949330518364,0.6563996912573553
350.8994944163565,0.6563129938316492
350.9194955275293,0.656226463933429
350.93949663870217,0.6561401016048718
350.959497749875,0.6560539068880751
350.97949886104783,0.6559678798250534
350.9994999722207,0.6558820204577402
351.01950108339355,0.6557963288279867
351.03950219456635,0.6557108049775631
351.0595033057392,0.6556254489481563
351.0795044169121,0.6555402607813736
351.09950552808493,0.6554552405187384
351.11950663925774,0.6553703882016939
351.1395077504306,0.6552857038715998
351.15950886160346,0.6552011875697353
351.17950997277626,0.6551168393372977
351.1995110839491,0.6550326592154008
351.219512195122,0.6549486472450784
351.2395133062948,0.654864803467281
351.25951441746764,0.6547811279228779
351.2795155286405,0.6546976206526556
351.29951663981336,0.6546142816973195
351.31951775098617,0.6545311110974925
351.339518862159,0.6544481088937151
351.3595199733319,0.6543652751264462
351.3795210845047,0.6542826098360629
351.39952219567755,0.654200113062859
351.4195233068504,0.6541177848470474
351.4395244180232,0.654035625228758
351.45952552919607,0.6539536342480393
351.47952664036893,0.6538718119448566
351.4995277515418,0.6537901583590937
351.5195288627146,0.6537086735305526
351.53952997388745,0.6536273574989515
351.5595310850603,0.6535462103039278
351.5795321962331,0.653465231985036
351.599533307406,0.6533844225817482
351.61953441857884,0.6533037821334542
351.63953552975164,0.653223310679462
351.6595366409245,0.6531430082589963
351.67953775209736,0.6530628749112001
351.6995388632702,0.6529829106751335
351.719539974443,0.652903115589775
351.7395410856159,0.6528234896940193
351.75954219678874,0.65274403302668
351.77954330796155,0.6526647456264875
351.7995444191344,0.6525856275320896
351.81954553030727,0.6525066787820518
351.83954664148007,0.6524278994148576
351.85954775265293,0.6523492894689065
351.8795488638258,0.6522708489825167
351.89954997499865,0.6521925779939237
351.91955108617145,0.6521144765412796
351.9395521973443,0.6520365446626547
351.9595533085172,0.6519587823960358
351.97955441969,0.6518811897793282
351.99955553086284,0.6518037668503529
352.0195566420357,0.6517265136468497
352.0395577532085,0.6516494302064751
352.05955886438136,0.6515725165668025
352.0795599755542,0.6514957727653228
352.0995610867271,0.6514191988394447
352.1195621978999,0.6513427948264929
352.13956330907274,0.6512665607637103
352.1595644202456,0.6511904966882562
352.1795655314184,0.6511146026372081
352.19956664259126,0.6510388786475594
352.2195677537641,0.6509633247562212
352.2395688649369,0.650887941000022
352.2595699761098,0.6508127274157064
352.27957108728265,0.6507376840399373
352.2995721984555,0.6506628109092935
352.3195733096283,0.6505881080602718
352.33957442080117,0.650513575529285
352.35957553197403,0.6504392133526636
352.37957664314683,0.650365021566655
352.3995777543197,0.6502910002074234
352.41957886549255,0.6502171493110493
352.43957997666536,0.6501434689135317
352.4595810878382,0.6500699590507848
352.4795821990111,0.6499966197586404
352.49958331018394,0.6499234510728477
352.51958442135674,0.6498504530290719
352.5395855325296,0.6497776256628951
352.55958664370246,0.6497049690098164
352.57958775487526,0.6496324831052525
352.5995888660481,0.649560167984535
352.619589977221,0.6494880236829139
352.6395910883938,0.6494160502355554
352.65959219956665,0.6493442476775422
352.6795933107395,0.6492726160438738
352.69959442191237,0.6492011553694667
352.71959553308517,0.6491298656891538
352.73959664425803,0.6490587470376845
352.7595977554309,0.6489877994497251
352.7795988666037,0.6489170229598588
352.79959997777655,0.6488464176025842
352.8196010889494,0.648775983412318
352.8396022001222,0.6487057204233929
352.8596033112951,0.6486356286700574
352.87960442246793,0.6485657081864777
352.8996055336408,0.6484959590067356
352.9196066448136,0.6484263811648303
352.93960775598646,0.6483569746946763
352.9596088671593,0.6482877396301058
352.9796099783321,0.6482186760048666
352.999611089505,0.6481497838526232
353.01961220067784,0.6480810632069565
353.03961331185064,0.6480125141013642
353.0596144230235,0.6479441365692593
353.07961553419636,0.6478759306439725
353.0996166453692,0.64780789635875
353.119617756542,0.6477400337467549
353.1396188677149,0.6476723428410657
353.15961997888775,0.647604823674678
353.17962109006055,0.647537476280504
353.1996222012334,0.6474703006913707
353.21962331240627,0.6474032969400232
353.2396244235791,0.6473364650591213
353.25962553475193,0.6472698050812422
353.2796266459248,0.6472033170388782
353.29962775709765,0.6471370009644388
353.31962886827046,0.6470708568902492
353.3396299794433,0.6470048848485508
353.3596310906162,0.6469390848715006
353.379632201789,0.6468734569911734
353.39963331296184,0.6468080012395577
353.4196344241347,0.6467427176485603
353.4396355353075,0.6466776062500028
353.45963664648036,0.6466126670756231
353.4796377576532,0.6465479001570758
353.4996388688261,0.6464833055259305
353.5196399799989,0.6464188832136737
353.53964109117175,0.6463546332517072
353.5596422023446,0.6462905556713493
353.5796433135174,0.6462266505038342
353.59964442469027,0.6461629177803119
353.6196455358631,0.6460993575318481
353.63964664703593,0.6460359697894255
353.6596477582088,0.645972754583941
353.67964886938165,0.6459097119462089
353.6996499805545,0.6458468419069587
353.7196510917273,0.6457841444968364
353.7396522029002,0.6457216197464024
353.75965331407303,0.6456592676861344
353.77965442524584,0.6455970883464256
353.7996555364187,0.6455350817575845
353.81965664759156,0.6454732479498357
353.83965775876436,0.6454115869533199
353.8596588699372,0.6453500987980931
353.8796599811101,0.645288783514127
353.89966109228294,0.6452276411313096
353.91966220345574,0.6451666716794442
353.9396633146286,0.6451058751882497
353.95966442580146,0.6450452516873608
353.97966553697427,0.6449848012063283
353.9996666481471,0.6449245237746178
354.01966775932,0.6448644194216115
354.0396688704928,0.6448044881766067
354.05966998166565,0.6447447300688164
354.0796710928385,0.6446851451273689
354.09967220401137,0.6446257333813086
354.1196733151842,0.6445664948595957
354.13967442635703,0.6445074295911049
354.1596755375299,0.6444485376046274
354.1796766487027,0.6443898189288696
354.19967775987556,0.6443312735924536
354.2196788710484,0.6442729016239164
354.2396799822212,0.6442147030517116
354.2596810933941,0.6441566779042069
354.27968220456694,0.6440988262096868
354.2996833157398,0.6440411479963504
354.3196844269126,0.6439836432923125
354.33968553808546,0.6439263121256033
354.3596866492583,0.6438691545241684
354.3796877604311,0.643812170515869
354.399688871604,0.6437553601284812
354.41968998277684,0.6436987233896969
354.43969109394965,0.6436422603271235
354.4596922051225,0.6435859709682829
354.47969331629537,0.6435298553406131
354.4996944274682,0.6434739134714675
354.51969553864103,0.6434181453881145
354.5396966498139,0.6433625511177375
354.55969776098675,0.6433071306874356
354.57969887215955,0.6432518841242234
354.5996999833324,0.6431968114550297
354.6197010945053,0.6431419127066997
354.6397022056781,0.6430871879059933
354.65970331685094,0.6430326370795856
354.6797044280238,0.6429782602540669
354.69970553919666,0.6429240574559428
354.71970665036946,0.6428700287116345
354.7397077615423,0.6428161740474769
354.7597088727152,0.6427624934897219
354.779709983888,0.6427089870645353
354.79971109506084,0.6426556547979985
354.8197122062337,0.6426024967161075
354.8397133174065,0.6425495128447742
354.85971442857937,0.6424967032098251
354.8797155397522,0.6424440678370018
354.8997166509251,0.6423916067519608
354.9197177620979,0.6423393199802743
354.93971887327075,0.6422872075474284
354.9597199844436,0.6422352694788256
354.9797210956164,0.6421835057997822
354.9997222067893,0.6421319165355301
355.01972331796213,0.6420805017112161
355.039724429135,0.6420292613519021
355.0597255403078,0.6419781954825647
355.07972665148066,0.6419273041280953
355.0997277626535,0.641876587313301
355.1197288738263,0.641826045062903
355.1397299849992,0.6417756774015375
355.15973109617204,0.6417254843537561
355.17973220734484,0.6416754659440251
355.1997333185177,0.6416256221967254
355.21973442969056,0.6415759531361528
355.2397355408634,0.6415264587865183
355.2597366520362,0.6414771391719476
355.2797377632091,0.6414279943164809
355.29973887438194,0.6413790242440736
355.31973998555475,0.6413302289785958
355.3397410967276,0.6412816085438323
355.35974220790047,0.6412331629634827
355.37974331907327,0.6411848922611616
355.39974443024613,0.6411367964603979
355.419745541419,0.6410888755846356
355.43974665259185,0.6410411296572336
355.45974776376465,0.640993558701465
355.4797488749375,0.640946162740518
355.4997499861104,0.6408989417974953
355.5197510972832,0.6408518958954146
355.53975220845604,0.6408050250572075
355.5597533196289,0.6407583293057213
355.5797544308017,0.6407118086637176
355.59975554197456,0.640665463153872
355.6197566531474,0.6406192927987755
355.6397577643203,0.6405732976209335
355.6597588754931,0.6405274776427661
355.67975998666594,0.6404818328866078
355.6997610978388,0.6404363633747074
355.7197622090116,0.6403910691292292
355.73976332018447,0.6403459501722513
355.7597644313573,0.6403010065257664
355.77976554253013,0.6402562382116823
355.799766653703,0.6402116452518205
355.81976776487585,0.6401672276679178
355.8397688760487,0.640122985481625
355.8597699872215,0.6400789187145082
355.8797710983944,0.6400350273880464
355.89977220956723,0.6399913115236349
355.91977332074003,0.6399477711425823
355.9397744319129,0.6399044062661119
355.95977554308575,0.6398612169153617
355.97977665425856,0.6398182031113842
355.9997777654314,0.6397753648751459
356.0197788766043,0.6397327022275278
356.03977998777714,0.6396902151893258
356.05978109894994,0.6396479037812497
356.0797822101228,0.639605768023924
356.09978332129566,0.6395638079378873
356.11978443246846,0.6395220235435928
356.1397855436413,0.6394804148614077
356.1597866548142,0.6394389819116143
356.179787765987,0.6393977247144085
356.19978887715985,0.6393566432899006
356.2197899883327,0.6393157376581156
356.23979109950557,0.6392750078389926
356.25979221067837,0.6392344538523852
356.27979332185123,0.639194075718061
356.2997944330241,0.6391538734557016
356.3197955441969,0.639113847084904
356.33979665536975,0.6390739966251783
356.3597977665426,0.6390343220959491
356.3797988777154,0.6389948235165561
356.3997999888883,0.6389555009062519
356.41980110006114,0.6389163542842042
356.439802211234,0.6388773836694948
356.4598033224068,0.6388385890811198
356.47980443357966,0.6387999705379888
356.4998055447525,0.6387615280589265
356.5198066559253,0.6387232616626712
356.5398077670982,0.6386851713678758
356.55980887827104,0.6386472571931067
356.57980998944385,0.6386095191568453
356.5998111006167,0.6385719572774862
356.61981221178957,0.638534571573339
356.6398133229624,0.6384973620626271
356.6598144341352,0.638460328763488
356.6798155453081,0.6384234716939728
356.69981665648095,0.6383867908720477
356.71981776765375,0.6383502863155923
356.7398188788266,0.6383139580424004
356.75981998999947,0.6382778060701801
356.7798211011723,0.6382418304165534
356.79982221234513,0.638206031099056
356.819823323518,0.6381704081351383
356.83982443469085,0.6381349615421643
356.85982554586366,0.6380996913374124
356.8798266570365,0.6380645975380743
356.8998277682094,0.6380296801612566
356.9198288793822,0.6379949392239795
356.93982999055504,0.6379603747431769
356.9598311017279,0.6379259867356972
356.9798322129007,0.6378917752183025
356.99983332407356,0.6378577402076688
357.0198344352464,0.6378238817203865
357.0398355464193,0.6377901997729595
357.0598366575921,0.6377566943818058
357.07983776876495,0.637723365563257
357.0998388799378,0.6376902133335596
357.1198399911106,0.637657237708873
357.13984110228347,0.637624438705271
357.15984221345633,0.6375918163387411
357.17984332462913,0.637559370625185
357.199844435802,0.6375271015804178
357.21984554697485,0.637495009220169
357.2398466581477,0.6374630935600818
357.2598477693205,0.6374313546157133
357.2798488804934,0.6373997924025343
357.29984999166624,0.6373684069359293
357.31985110283904,0.6373371982311974
357.3398522140119,0.6373061663035505
357.35985332518476,0.6372753111681153
357.37985443635756,0.6372446328399317
357.3998555475304,0.6372141313339535
357.4198566587033,0.6371838066650486
357.43985776987614,0.6371536588479985
357.45985888104894,0.6371236878974984
357.4798599922218,0.6370938938281574
357.49986110339466,0.6370642766544985
357.51986221456747,0.6370348363909584
357.5398633257403,0.6370055730518873
357.5598644369132,0.6369764866515495
357.579865548086,0.6369475772041231
357.59986665925885,0.6369188447236995
357.6198677704317,0.636890289224284
357.63986888160457,0.6368619107197963
357.6598699927774,0.6368337092240689
357.67987110395023,0.6368056847508483
357.6998722151231,0.6367778373137951
357.7198733262959,0.6367501669264832
357.73987443746876,0.6367226736024002
357.7598755486416,0.6366953573549475
357.7798766598144,0.6366682181974406
357.7998777709873,0.6366412561431075
357.81987888216014,0.6366144712050912
357.839879993333,0.6365878633964477
357.8598811045058,0.6365614327301469
357.87988221567866,0.6365351792190719
357.8998833268515,0.6365091028760199
357.9198844380243,0.6364832037137016
357.9398855491972,0.6364574817447415
357.95988666037005,0.6364319369816771
357.97988777154285,0.6364065694369607
357.9998888827157,0.6363813791229569
358.01988999388857,0.6363563660519449
358.03989110506143,0.6363315302361169
358.05989221623423,0.6363068716875789
358.0798933274071,0.6362823904183508
358.09989443857995,0.6362580864403653
358.11989554975275,0.6362339597654698
358.1398966609256,0.6362100104054241
358.1598977720985,0.6361862383719025
358.1798988832713,0.6361626436764922
358.19989999444414,0.6361392263306946
358.219901105617,0.6361159863459238
358.23990221678986,0.6360929237335085
358.25990332796266,0.63607003850469
358.2799044391355,0.6360473306706236
358.2999055503084,0.6360248002423783
358.3199066614812,0.636002447230936
358.33990777265404,0.6359802716471926
358.3599088838269,0.6359582735019575
358.3799099949997,0.6359364528059537
358.39991110617257,0.6359148095698172
358.4199122173454,0.6358933438040979
358.4399133285183,0.6358720555192592
358.4599144396911,0.6358509447256779
358.47991555086395,0.6358300114336441
358.4999166620368,0.6358092556533619
358.5199177732096,0.6357886773949484
358.5399188843825,0.635768276668434
358.55991999555533,0.6357480534837634
358.57992110672814,0.6357280078507939
358.599922217901,0.6357081397792965
358.61992332907386,0.6356884492789561
358.6399244402467,0.6356689363593704
358.6599255514195,0.6356496010300507
358.6799266625924,0.6356304433004223
358.69992777376524,0.6356114631798231
358.71992888493804,0.6355926606775049
358.7399299961109,0.6355740358026327
358.75993110728376,0.6355555885642854
358.77993221845657,0.6355373189714548
358.7999333296294,0.6355192270330461
358.8199344408023,0.6355013127578781
358.83993555197515,0.6354835761546833
358.85993666314795,0.6354660172321069
358.8799377743208,0.635448635998708
358.89993888549367,0.6354314324629589
358.91993999666647,0.6354144066332454
358.93994110783933,0.6353975585178665
358.9599422190122,0.6353808881250348
358.979943330185,0.635364395462876
358.99994444135785,0.6353480805394296
359.0199455525307,0.6353319433626479
359.0399466637036,0.6353159839403968
359.0599477748764,0.6353002022804557
359.07994888604924,0.6352845983905174
359.0999499972221,0.6352691722781877
359.1199511083949,0.635253923950986
359.13995221956776,0.6352388534163449
359.1599533307406,0.6352239606816106
359.1799544419134,0.6352092457540421
359.1999555530863,0.6351947086408125
359.21995666425914,0.6351803493490076
359.239957775432,0.6351661678856265
359.2599588866048,0.6351521642575823
359.27995999777767,0.6351383384717005
359.2999611089505,0.6351246905347206
359.31996222012333,0.6351112204532954
359.3399633312962,0.6350979282339902
359.35996444246905,0.6350848138832847
359.37996555364185,0.6350718774075712
359.3999666648147,0.6350591188131556
359.4199677759876,0.6350465381062567
359.43996888716043,0.6350341352930071
359.45996999833324,0.6350219103794523
359.4799711095061,0.6350098633715515
359.49997222067896,0.6349979942751767
359.51997333185176,0.6349863030961134
359.5399744430246,0.6349747898400604
359.5599755541975,0.6349634545126297
359.57997666537034,0.6349522971193466
359.59997777654314,0.63494131766565
359.619978887716,0.6349305161568912
359.63997999888886,0.6349198925983359
359.65998111006166,0.6349094469951619
359.6799822212345,0.6348991793524613
359.6999833324074,0.6348890896752387
359.7199844435802,0.6348791779684124
359.73998555475305,0.6348694442368137
359.7599866659259,0.634859888485187
359.77998777709877,0.6348505107181905
359.79998888827157,0.6348413109403954
359.81998999944443,0.6348322891562858
359.8399911106173,0.6348234453702593
359.8599922217901,0.6348147795866268
359.87999333296295,0.6348062918096125
359.8999944441358,0.6347979820433534
359.9199955553086,0.6347898502919003
359.9399966664815,0.6347818965592167
359.95999777765434,0.63477412084918
359.9799988888272,0.6347665231655799
360.0,0.6347591035121203
