Phi_fit,Counts_fit
0.0,0.5996979004239897
0.030002500208350696,0.5996915294446681
0.06000500041670139,0.5996855975258402
0.09000750062505208,0.5996801046740122
0.12001000083340278,0.5996750508952091
0.15001250104175348,0.5996704361949734
0.18001500125010417,0.5996662605783669
0.21001750145845488,0.5996625240499693
0.24002000166680557,0.5996592266138789
0.27002250187515625,0.5996563682737124
0.30002500208350696,0.5996539490326045
0.3300275022918577,0.599651968893209
0.36003000250020833,0.5996504278576976
0.39003250270855905,0.5996493259277607
0.42003500291690976,0.5996486631046065
0.4500375031252604,0.5996484393889623
0.48004000333361113,0.5996486547810733
0.5100425035419618,0.5996493092807036
0.5400450037503125,0.5996504028871348
0.5700475039586632,0.5996519355991679
0.6000500041670139,0.5996539074151216
0.6300525043753646,0.5996563183328332
0.6600550045837154,0.5996591683496584
0.690057504792066,0.5996624574624714
0.7200600050004167,0.5996661856676644
0.7500625052087674,0.5996703529611487
0.7800650054171181,0.5996749593383532
0.8100675056254688,0.5996800047942259
0.8400700058338195,0.5996854893232327
0.8700725060421701,0.5996914129193582
0.9000750062505208,0.5996977755761055
0.9300775064588716,0.599704577286496
0.9600800066672223,0.5997118180430692
0.990082506875573,0.5997194978378837
1.0200850070839236,0.5997276166625163
1.0500875072922744,0.599736174508062
1.080090007500625,0.5997451713651347
1.1100925077089758,0.5997546072238665
1.1400950079173264,0.5997644820739082
1.170097508125677,0.5997747959044288
1.2001000083340279,0.5997855487041164
1.2301025085423785,0.599796740461177
1.2601050087507293,0.5998083711633354
1.2901075089590799,0.5998204407978351
1.3201100091674307,0.599832949351438
1.3501125093757813,0.5998458968104247
1.380115009584132,0.5998592831605942
1.4101175097924827,0.5998731083872646
1.4401200100008333,0.599887372475272
1.4701225102091842,0.5999020754089716
1.5001250104175348,0.5999172171722371
1.5301275106258856,0.599932797748461
1.5601300108342362,0.5999488171205545
1.5901325110425868,0.5999652752709472
1.6201350112509376,0.599982172181588
1.6501375114592882,0.5999995078339442
1.680140011667639,0.6000172822090017
1.7101425118759896,0.600035495287266
1.7401450120843402,0.6000541470487605
1.770147512292691,0.6000732374730278
1.8001500125010417,0.6000927665391297
1.8301525127093925,0.6001127342256464
1.860155012917743,0.6001331405106773
1.890157513126094,0.6001539853718407
1.9201600133344445,0.6001752687862738
1.9501625135427951,0.6001969907306329
1.980165013751146,0.6002191511810933
2.0101675139594968,0.600241750113349
2.040170014167847,0.6002647875026137
2.070172514376198,0.6002882633236198
2.100175014584549,0.6003121775506188
2.130177514792899,0.6003365301573815
2.16018001500125,0.6003613211171978
2.190182515209601,0.6003865504028769
2.2201850154179517,0.600412217986747
2.250187515626302,0.6004383238406561
2.280190015834653,0.6004648679359708
2.3101925160430037,0.6004918502435777
2.340195016251354,0.6005192707338822
2.370197516459705,0.6005471293768094
2.4002000166680557,0.6005754261418039
2.4302025168764065,0.6006041609978297
2.460205017084757,0.6006333339133701
2.4902075172931077,0.6006629448564282
2.5202100175014586,0.6006929937945265
2.550212517709809,0.6007234806947072
2.5802150179181598,0.600754405523532
2.6102175181265106,0.6007857682470825
2.6402200183348614,0.6008175688309598
2.670222518543212,0.600849807240285
2.7002250187515626,0.6008824834396986
2.7302275189599134,0.6009155973933615
2.760230019168264,0.6009491490649539
2.7902325193766147,0.600983138417676
2.8202350195849655,0.6010175654142484
2.8502375197933163,0.6010524300169113
2.8802400200016667,0.6010877321874251
2.9102425202100175,0.6011234718870699
2.9402450204183683,0.6011596490766464
2.9702475206267187,0.6011962637164753
3.0002500208350695,0.6012333157663974
3.0302525210434204,0.6012708051857737
3.060255021251771,0.6013087319334858
3.0902575214601216,0.6013470959679353
3.1202600216684724,0.6013858972470445
3.150262521876823,0.6014251357282557
3.1802650220851736,0.6014648113685321
3.2102675222935244,0.6015049241243573
3.2402700225018752,0.6015454739517352
3.2702725227102256,0.6015864608061905
3.3002750229185764,0.601627884642769
3.3302775231269273,0.6016697454160362
3.360280023335278,0.6017120430800795
3.3902825235436285,0.6017547775885065
3.4202850237519793,0.6017979488944456
3.45028752396033,0.6018415569505463
3.4802900241686805,0.6018856017089791
3.5102925243770313,0.6019300831214356
3.540295024585382,0.601975001139128
3.570297524793733,0.6020203557127903
3.6003000250020833,0.6020661467926773
3.630302525210434,0.602112374328565
3.660305025418785,0.6021590382697508
3.6903075256271354,0.6022061385650536
3.720310025835486,0.6022536751628133
3.750312526043837,0.6023016480108916
3.780315026252188,0.6023500570566718
3.8103175264605382,0.6023989022470582
3.840320026668889,0.6024481835284775
3.87032252687724,0.6024979008468776
3.9003250270855903,0.6025480541477282
3.930327527293941,0.6025986433760209
3.960330027502292,0.6026496684762694
3.9903325277106427,0.6027011293925089
4.0203350279189936,0.6027530260682966
4.0503375281273435,0.6028053584467122
4.080340028335694,0.6028581264703573
4.110342528544045,0.6029113300813556
4.140345028752396,0.6029649692213529
4.170347528960747,0.6030190438315177
4.200350029169098,0.6030735538525406
4.230352529377448,0.6031284992246347
4.260355029585798,0.6031838798875357
4.290357529794149,0.6032396957805019
4.3203600300025,0.6032959468423138
4.350362530210851,0.6033526330112752
4.380365030419202,0.6034097542252121
4.4103675306275525,0.6034673104214741
4.440370030835903,0.603525301536933
4.470372531044253,0.6035837275079837
4.500375031252604,0.6036425882705445
4.530377531460955,0.6037018837600565
4.560380031669306,0.6037616139114841
4.5903825318776565,0.603821778659315
4.620385032086007,0.6038823779375599
4.650387532294358,0.6039434116797535
4.680390032502708,0.6040048798189537
4.710392532711059,0.6040667822877417
4.74039503291941,0.6041291190182227
4.770397533127761,0.6041918899420253
4.800400033336111,0.604255094990302
4.830402533544462,0.6043187340937294
4.860405033752813,0.6043828071825075
4.890407533961163,0.6044473141863607
4.920410034169514,0.6045122550345374
4.950412534377865,0.6045776296558102
4.9804150345862155,0.6046434379784758
5.010417534794566,0.6047096799303551
5.040420035002917,0.6047763554387937
5.070422535211268,0.6048434644306615
5.100425035419618,0.6049110068323532
5.130427535627969,0.6049789825697878
5.1604300358363195,0.605047391568409
5.19043253604467,0.6051162337531857
5.220435036253021,0.6051855090486111
5.250437536461372,0.605255217378704
5.280440036669723,0.6053253586670078
5.310442536878073,0.6053959328365911
5.340445037086424,0.6054669398100478
5.370447537294774,0.6055383795094971
5.400450037503125,0.6056102518565836
5.430452537711476,0.6056825567724773
5.460455037919827,0.6057552941778735
5.490457538128178,0.6058284639929938
5.520460038336528,0.6059020661375851
5.5504625385448785,0.6059761005309199
5.580465038753229,0.6060505670917973
5.61046753896158,0.6061254657385415
5.640470039169931,0.6062007963890035
5.670472539378282,0.6062765589605603
5.700475039586633,0.606352753370115
5.7304775397949825,0.6064293795340971
5.760480040003333,0.6065064373684629
5.790482540211684,0.6065839267886945
5.820485040420035,0.6066618477098016
5.850487540628386,0.6067402000463198
5.880490040836737,0.6068189837123117
5.9104925410450875,0.6068981986213672
5.940495041253437,0.6069778446866029
5.970497541461788,0.6070579218206625
6.000500041670139,0.6071384299357171
6.03050254187849,0.6072193689434648
6.060505042086841,0.6073007387551315
6.0905075422951915,0.60738253928147
6.120510042503542,0.6074647704327614
6.150512542711892,0.6075474321188137
6.180515042920243,0.6076305242489637
6.210517543128594,0.607714046732075
6.240520043336945,0.6077979994765399
6.270522543545296,0.6078823823902786
6.300525043753646,0.6079671953807393
6.330527543961997,0.6080524383548987
6.360530044170347,0.6081381112192621
6.390532544378698,0.6082242138798628
6.420535044587049,0.608310746242263
6.4505375447954,0.6083977082115534
6.4805400450037505,0.6084850996923539
6.510542545212101,0.6085729205888128
6.540545045420451,0.6086611708046079
6.570547545628802,0.6087498502429456
6.600550045837153,0.6088389588065621
6.630552546045504,0.6089284963977226
6.6605550462538545,0.6090184629182216
6.690557546462205,0.6091088582693834
6.720560046670556,0.609199682352062
6.750562546878906,0.6092909350666411
6.780565047087257,0.609382616313034
6.810567547295608,0.6094747259906844
6.840570047503959,0.6095672639985658
6.870572547712309,0.609660230235182
6.90057504792066,0.6097536245985673
6.930577548129011,0.609847446986286
6.960580048337361,0.6099416972954335
6.990582548545712,0.6100363754226353
7.020585048754063,0.610131481264048
7.0505875489624135,0.6102270147153591
7.080590049170764,0.6103229756717867
7.110592549379115,0.6104193640280807
7.140595049587466,0.6105161796785217
7.170597549795816,0.6106134225169215
7.200600050004167,0.6107110924366239
7.2306025502125175,0.6108091893305041
7.260605050420868,0.6109077130909686
7.290607550629219,0.6110066636099563
7.32061005083757,0.6111060407789374
7.350612551045921,0.6112058444889147
7.380615051254271,0.6113060746304229
7.410617551462622,0.6114067310935292
7.440620051670972,0.6115078137678327
7.470622551879323,0.6116093225424657
7.500625052087674,0.6117112573060928
7.530627552296025,0.6118136179469111
7.560630052504376,0.6119164043526513
7.590632552712726,0.6120196164105763
7.6206350529210765,0.6121232540074829
7.650637553129427,0.6122273170297008
7.680640053337778,0.6123318053630928
7.710642553546129,0.612436718893056
7.74064505375448,0.6125420575045202
7.770647553962831,0.6126478210819497
7.8006500541711805,0.6127540095093426
7.830652554379531,0.6128606226702304
7.860655054587882,0.6129676604476797
7.890657554796233,0.6130751227242905
7.920660055004584,0.6131830093821977
7.950662555212935,0.6132913203030708
7.9806650554212855,0.6134000553681136
8.010667555629636,0.613509214458065
8.040670055837987,0.6136187974531987
8.070672556046338,0.6137288042333235
8.100675056254687,0.6138392346777832
8.130677556463038,0.6139500886654574
8.160680056671389,0.6140613660747605
8.19068255687974,0.6141730667836431
8.22068505708809,0.6142851906695912
8.250687557296441,0.6143977376096267
8.280690057504792,0.6145107074803076
8.310692557713143,0.6146241001577275
8.340695057921494,0.6147379155175172
8.370697558129844,0.6148521534348432
8.400700058338195,0.6149668137844089
8.430702558546546,0.615081896440454
8.460705058754897,0.6151974012767552
8.490707558963248,0.6153133281666263
8.520710059171597,0.6154296769829182
8.550712559379948,0.6155464475980185
8.580715059588298,0.6156636398838529
8.61071755979665,0.615781253711884
8.640720060005,0.6158992889531125
8.67072256021335,0.6160177454780766
8.700725060421702,0.6161366231568528
8.730727560630053,0.6162559218590551
8.760730060838403,0.6163756414538362
8.790732561046754,0.616495781809887
8.820735061255105,0.6166163427954368
8.850737561463456,0.6167373242782538
8.880740061671807,0.6168587261256447
8.910742561880157,0.6169805482044555
8.940745062088507,0.617102790381071
8.970747562296857,0.6172254525214151
9.000750062505208,0.6173485344909517
9.030752562713559,0.6174720361546835
9.06075506292191,0.6175959573771534
9.09075756313026,0.6177202980224439
9.120760063338611,0.6178450579541774
9.150762563546962,0.6179702370355167
9.180765063755313,0.6180958351291646
9.210767563963664,0.6182218520973644
9.240770064172015,0.6183482878019
9.270772564380366,0.6184751421040962
9.300775064588716,0.6186024148648184
9.330777564797067,0.6187301059444732
9.360780065005416,0.6188582152030082
9.390782565213767,0.6189867424999125
9.420785065422118,0.6191156876942168
9.450787565630469,0.6192450506444933
9.48079006583882,0.6193748312088558
9.51079256604717,0.6195050292449606
9.540795066255521,0.6196356446100056
9.570797566463872,0.6197666771607312
9.600800066672223,0.6198981267534202
9.630802566880574,0.6200299932438978
9.660805067088925,0.6201622764875325
9.690807567297275,0.6202949763392349
9.720810067505626,0.6204280926534593
9.750812567713977,0.6205616252842032
9.780815067922326,0.6206955740850069
9.810817568130677,0.6208299389089549
9.840820068339028,0.6209647196086749
9.870822568547378,0.6210999160363391
9.90082506875573,0.6212355280436628
9.93082756896408,0.6213715554819064
9.960830069172431,0.6215079982018742
9.990832569380782,0.621644856053915
10.020835069589133,0.6217821288879224
10.050837569797483,0.621919816553335
10.080840070005834,0.6220579188991359
10.110842570214185,0.6221964357738539
10.140845070422536,0.6223353670255629
10.170847570630887,0.6224747125018824
10.200850070839236,0.6226144720499773
10.230852571047587,0.6227546455165589
10.260855071255937,0.622895232747884
10.290857571464288,0.6230362335897559
10.320860071672639,0.6231776478875239
10.35086257188099,0.6233194754860842
10.38086507208934,0.6234617162298794
10.410867572297692,0.6236043699628994
10.440870072506042,0.6237474365286804
10.470872572714393,0.6238909157703063
10.500875072922744,0.6240348075304085
10.530877573131095,0.6241791116511657
10.560880073339446,0.6243238279743042
10.590882573547795,0.6244689563410983
10.620885073756146,0.6246144965923708
10.650887573964496,0.6247604485684919
10.680890074172847,0.624906812109381
10.710892574381198,0.6250535870545059
10.740895074589549,0.6252007732428826
10.7708975747979,0.6253483705130767
10.80090007500625,0.6254963787032028
10.830902575214601,0.6256447976509247
10.860905075422952,0.6257936271934557
10.890907575631303,0.6259428671675586
10.920910075839654,0.6260925174095464
10.950912576048005,0.6262425777552818
10.980915076256355,0.6263930480401778
11.010917576464704,0.6265439280991978
11.040920076673055,0.6266952177668557
11.070922576881406,0.6268469168772162
11.100925077089757,0.6269990252638948
11.130927577298108,0.6271515427600585
11.160930077506459,0.6273044691984249
11.19093257771481,0.6274578044112636
11.22093507792316,0.6276115482303959
11.250937578131511,0.6277657004871946
11.280940078339862,0.6279202610125845
11.310942578548213,0.628075229637043
11.340945078756564,0.6282306061905998
11.370947578964914,0.6283863905028366
11.400950079173265,0.6285425824028887
11.430952579381614,0.6286991817194441
11.460955079589965,0.6288561882807433
11.490957579798316,0.6290136019145811
11.520960080006667,0.6291714224483052
11.550962580215018,0.6293296497088173
11.580965080423368,0.6294882835225728
11.61096758063172,0.6296473237155812
11.64097008084007,0.6298067701134065
11.67097258104842,0.6299666225411669
11.700975081256772,0.6301268808235356
11.730977581465122,0.6302875447847401
11.760980081673473,0.6304486142485637
11.790982581881824,0.6306100890383444
11.820985082090175,0.6307719689769755
11.850987582298524,0.6309342538869066
11.880990082506875,0.6310969435901426
11.910992582715226,0.6312600379082444
11.940995082923576,0.6314235366623293
11.970997583131927,0.6315874396730714
12.001000083340278,0.6317517467607006
12.031002583548629,0.6319164577450038
12.06100508375698,0.6320815724453256
12.09100758396533,0.6322470906805671
12.121010084173681,0.6324130122691869
12.151012584382032,0.6325793370292013
12.181015084590383,0.6327460647781846
12.211017584798734,0.632913195333269
12.241020085007085,0.6330807285111442
12.271022585215434,0.6332486641280595
12.301025085423785,0.6334170019998221
12.331027585632135,0.6335857419417978
12.361030085840486,0.6337548837689122
12.391032586048837,0.6339244272956492
12.421035086257188,0.6340943723360528
12.451037586465539,0.6342647187037262
12.48104008667389,0.6344354662118328
12.51104258688224,0.6346066146730955
12.541045087090591,0.634778163899798
12.571047587298942,0.6349501137037841
12.601050087507293,0.6351224638964584
12.631052587715644,0.6352952142887861
12.661055087923994,0.6354683646912938
12.691057588132344,0.6356419149140691
12.721060088340694,0.6358158647667612
12.751062588549045,0.635990214058581
12.781065088757396,0.6361649625983012
12.811067588965747,0.6363401101942567
12.841070089174098,0.6365156566543447
12.871072589382448,0.6366916017860249
12.9010750895908,0.6368679453963195
12.93107758979915,0.6370446872918143
12.961080090007501,0.6372218272786574
12.991082590215852,0.6373993651625609
13.021085090424203,0.6375773007488005
13.051087590632553,0.637755633842215
13.081090090840902,0.6379343642472082
13.111092591049253,0.6381134917677472
13.141095091257604,0.6382930162073643
13.171097591465955,0.638472937369156
13.201100091674306,0.6386532550557837
13.231102591882657,0.6388339690694742
13.261105092091007,0.6390150792120192
13.291107592299358,0.6391965852847761
13.321110092507709,0.6393784870886683
13.35111259271606,0.6395607844241846
13.38111509292441,0.6397434770913806
13.411117593132762,0.6399265648898778
13.441120093341112,0.6401100476188646
13.471122593549463,0.640293925077096
13.501125093757812,0.6404781970628944
13.531127593966163,0.6406628633741492
13.561130094174514,0.6408479238083176
13.591132594382865,0.6410333781624239
13.621135094591216,0.6412192262330609
13.651137594799566,0.6414054678163899
13.681140095007917,0.6415921027081395
13.711142595216268,0.6417791307036078
13.741145095424619,0.6419665515976614
13.77114759563297,0.6421543651847363
13.80115009584132,0.6423425712588372
13.831152596049671,0.642531169613539
13.861155096258022,0.6427201600419856
13.891157596466373,0.6429095423368917
13.921160096674722,0.6430993162905415
13.951162596883073,0.64328948169479
13.981165097091424,0.6434800383410628
14.011167597299774,0.6436709860203562
14.041170097508125,0.6438623245232378
14.071172597716476,0.6440540536398467
14.101175097924827,0.6442461731598931
14.131177598133178,0.6444386828726594
14.161180098341529,0.6446315825669997
14.19118259854988,0.644824872031341
14.22118509875823,0.645018551053682
14.251187598966581,0.6452126194215946
14.281190099174932,0.6454070769222238
14.311192599383283,0.6456019233422872
14.341195099591632,0.6457971584680762
14.371197599799983,0.6459927820854562
14.401200100008333,0.6461887939798658
14.431202600216684,0.6463851939363185
14.461205100425035,0.6465819817394014
14.491207600633386,0.6467791571732766
14.521210100841737,0.6469767200216814
14.551212601050088,0.6471746700679273
14.581215101258438,0.6473730070949018
14.61121760146679,0.6475717308850679
14.64122010167514,0.6477708412204641
14.67122260188349,0.6479703378827053
14.701225102091842,0.6481702206529825
14.731227602300192,0.6483704893120628
14.761230102508542,0.6485711436402908
14.791232602716892,0.6487721834175877
14.821235102925243,0.6489736084234521
14.851237603133594,0.6491754184369597
14.881240103341945,0.6493776132367644
14.911242603550296,0.6495801926010976
14.941245103758646,0.6497831563077694
14.971247603966997,0.6499865041341681
15.001250104175348,0.6501902358572605
15.031252604383699,0.6503943512535929
15.06125510459205,0.6505988500992901
15.0912576048004,0.6508037321700567
15.121260105008751,0.6510089972411772
15.151262605217102,0.6512146450875154
15.181265105425451,0.6514206754835158
15.211267605633802,0.6516270882032031
15.241270105842153,0.6518338830201831
15.271272606050504,0.6520410597076415
15.301275106258855,0.6522486180383461
15.331277606467205,0.6524565577846457
15.361280106675556,0.6526648787184712
15.391282606883907,0.6528735806113346
15.421285107092258,0.653082663234331
15.451287607300609,0.653292126358137
15.48129010750896,0.6535019697530126
15.51129260771731,0.6537121931888003
15.541295107925661,0.6539227964349259
15.57129760813401,0.6541337792603987
15.601300108342361,0.6543451414338117
15.631302608550712,0.6545568827233414
15.661305108759063,0.6547690028967492
15.691307608967414,0.6549815017213803
15.721310109175764,0.6551943789641648
15.751312609384115,0.6554076343916178
15.781315109592466,0.6556212677698399
15.811317609800817,0.6558352788645165
15.841320110009168,0.6560496674409191
15.871322610217518,0.6562644332639055
15.90132511042587,0.656479576097919
15.93132761063422,0.6566950957069899
15.961330110842571,0.6569109918547353
15.99133261105092,0.6571272643043589
16.021335111259273,0.6573439128186518
16.051337611467623,0.6575609371599932
16.081340111675974,0.6577783370903493
16.111342611884325,0.6579961123712745
16.141345112092676,0.6582142627639123
16.171347612301027,0.6584327880289936
16.201350112509374,0.6586516879268389
16.231352612717725,0.6588709622173576
16.261355112926076,0.6590906106600487
16.291357613134426,0.6593106330140004
16.321360113342777,0.6595310290378907
16.351362613551128,0.6597517984899886
16.38136511375948,0.6599729411281526
16.41136761396783,0.6601944567098323
16.44137011417618,0.6604163449920685
16.47137261438453,0.6606386057314926
16.501375114592882,0.660861238684328
16.531377614801233,0.6610842436063895
16.561380115009584,0.6613076202530843
16.591382615217935,0.6615313683794115
16.621385115426285,0.6617554877399632
16.651387615634636,0.6619799780889238
16.681390115842987,0.6622048391800712
16.711392616051338,0.6624300707667766
16.74139511625969,0.6626556726020046
16.77139761646804,0.6628816444383141
16.80140011667639,0.6631079860278579
16.83140261688474,0.663334697122383
16.861405117093092,0.6635617774732321
16.891407617301443,0.6637892268313417
16.921410117509794,0.6640170449472442
16.951412617718145,0.6642452315710676
16.981415117926495,0.6644737864525356
17.011417618134846,0.6647027093409679
17.041420118343193,0.6649319999852806
17.071422618551544,0.6651616581339865
17.101425118759895,0.6653916835351954
17.131427618968246,0.665622075936614
17.161430119176597,0.6658528350855468
17.191432619384948,0.666083960728896
17.2214351195933,0.6663154526131616
17.25143761980165,0.6665473104844422
17.28144012001,0.6667795340884346
17.31144262021835,0.6670121231704348
17.3414451204267,0.6672450774753378
17.371447620635053,0.6674783967476383
17.401450120843403,0.6677120807314303
17.431452621051754,0.6679461291704079
17.461455121260105,0.6681805418078655
17.491457621468456,0.6684153183866981
17.521460121676807,0.6686504586494015
17.551462621885157,0.6688859623380726
17.58146512209351,0.6691218291944095
17.61146762230186,0.6693580589597123
17.64147012251021,0.6695946513748832
17.67147262271856,0.6698316061804258
17.70147512292691,0.6700689231164472
17.731477623135262,0.6703066019226567
17.761480123343613,0.670544642338367
17.791482623551964,0.670783044102494
17.821485123760315,0.6710218069535574
17.851487623968666,0.6712609306296808
17.881490124177013,0.6715004148685922
17.911492624385364,0.6717402594076238
17.941495124593715,0.6719804639837129
17.971497624802065,0.6722210283334019
18.001500125010416,0.6724619521928383
18.031502625218767,0.6727032352977758
18.061505125427118,0.6729448773835736
18.09150762563547,0.6731868781851973
18.12151012584382,0.6734292374372192
18.15151262605217,0.6736719548738184
18.18151512626052,0.6739150302287809
18.211517626468872,0.6741584632355008
18.241520126677223,0.6744022536269789
18.271522626885574,0.6746464011358249
18.301525127093925,0.6748909054942567
18.331527627302275,0.6751357664341
18.361530127510626,0.6753809836867904
18.391532627718977,0.6756265569833724
18.421535127927328,0.6758724860544996
18.45153762813568,0.6761187706304357
18.48154012834403,0.6763654104410547
18.51154262855238,0.6766124052158404
18.54154512876073,0.6768597546838877
18.571547628969082,0.6771074585739025
18.601550129177433,0.6773555166142018
18.631552629385784,0.677603928532714
18.661555129594134,0.6778526940569797
18.69155762980248,0.6781018129141515
18.721560130010833,0.6783512848309947
18.751562630219183,0.6786011095338869
18.781565130427534,0.678851286748819
18.811567630635885,0.6791018162013955
18.841570130844236,0.6793526976168343
18.871572631052587,0.679603930719967
18.901575131260937,0.6798555152352401
18.93157763146929,0.6801074508867142
18.96158013167764,0.680359737398065
18.99158263188599,0.6806123744925833
19.02158513209434,0.6808653618931753
19.05158763230269,0.681118699322363
19.081590132511042,0.6813723865022846
19.111592632719393,0.6816264231546947
19.141595132927744,0.6818808090009645
19.171597633136095,0.6821355437620821
19.201600133344446,0.6823906271586531
19.231602633552797,0.6826460589109009
19.261605133761147,0.6829018387386661
19.291607633969498,0.6831579663614085
19.32161013417785,0.6834144414982055
19.3516126343862,0.683671263867754
19.38161513459455,0.6839284331883699
19.4116176348029,0.6841859491779885
19.441620135011252,0.6844438115541647
19.471622635219603,0.6847020200340737
19.501625135427954,0.6849605743345111
19.5316276356363,0.685219474171893
19.561630135844652,0.685478719262257
19.591632636053003,0.6857383093212615
19.621635136261354,0.6859982440641865
19.651637636469705,0.6862585232059346
19.681640136678055,0.6865191464610298
19.711642636886406,0.6867801135436193
19.741645137094757,0.687041424167473
19.771647637303108,0.6873030780459842
19.80165013751146,0.6875650748921691
19.83165263771981,0.6878274144186685
19.86165513792816,0.6880900963377466
19.89165763813651,0.6883531203612929
19.921660138344862,0.6886164862008209
19.951662638553213,0.6888801935674698
19.981665138761564,0.6891442421720037
20.011667638969914,0.6894086317248126
20.041670139178265,0.6896733619359128
20.071672639386616,0.6899384325149469
20.101675139594967,0.6902038431711837
20.131677639803318,0.6904695936135195
20.16168014001167,0.690735683550478
20.19168264022002,0.69100211269021
20.22168514042837,0.6912688807404948
20.25168764063672,0.6915359874087394
20.281690140845072,0.6918034324019804
20.311692641053423,0.6920712154268822
20.341695141261773,0.692339336189739
20.37169764147012,0.6926077943964746
20.40170014167847,0.6928765897526425
20.431702641886822,0.6931457219634265
20.461705142095173,0.693415190733641
20.491707642303524,0.6936849957677313
20.521710142511875,0.6939551367697736
20.551712642720226,0.6942256134434759
20.581715142928577,0.6944964254921777
20.611717643136927,0.6947675726188511
20.641720143345278,0.6950390545261005
20.67172264355363,0.695310870916163
20.70172514376198,0.6955830214909088
20.73172764397033,0.6958555059518419
20.76173014417868,0.6961283240000996
20.791732644387032,0.6964014753364538
20.821735144595383,0.6966749596613107
20.851737644803734,0.696948776674711
20.881740145012085,0.6972229260763309
20.911742645220436,0.6974974075654817
20.941745145428786,0.6977722208411106
20.971747645637137,0.6980473656018011
21.001750145845488,0.698322841545773
21.03175264605384,0.6985986483708824
21.06175514626219,0.6988747857746233
21.09175764647054,0.6991512534541263
21.12176014667889,0.6994280511061606
21.151762646887242,0.6997051784271328
21.18176514709559,0.6999826351130881
21.21176764730394,0.7002604208597105
21.24177014751229,0.7005385353623235
21.271772647720642,0.7008169783158891
21.301775147928993,0.7010957494150096
21.331777648137344,0.7013748483539277
21.361780148345694,0.701654274826526
21.391782648554045,0.7019340285263278
21.421785148762396,0.7022141091464982
21.451787648970747,0.7024945163798427
21.481790149179098,0.7027752499188098
21.51179264938745,0.7030563094554889
21.5417951495958,0.7033376946816126
21.57179764980415,0.703619405288556
21.6018001500125,0.7039014409673374
21.631802650220852,0.7041838014086185
21.661805150429203,0.704466486302705
21.691807650637553,0.7047494953395463
21.721810150845904,0.7050328282087368
21.751812651054255,0.7053164845995156
21.781815151262606,0.7056004642007665
21.811817651470957,0.7058847667010191
21.841820151679308,0.7061693917884493
21.87182265188766,0.7064543391508785
21.90182515209601,0.7067396084757749
21.93182765230436,0.7070251994502534
21.96183015251271,0.7073111117610766
21.99183265272106,0.7075973450946544
22.02183515292941,0.7078838991370442
22.05183765313776,0.708170773573952
22.08184015334611,0.7084579680907326
22.11184265355446,0.7087454823723893
22.141845153762812,0.7090333161035749
22.171847653971163,0.709321468968592
22.201850154179514,0.7096099406513927
22.231852654387865,0.70989873083558
22.261855154596216,0.710187839204407
22.291857654804566,0.710477265440778
22.321860155012917,0.7107670092272493
22.351862655221268,0.7110570702460278
22.38186515542962,0.7113474481789732
22.41186765563797,0.7116381427075975
22.44187015584632,0.7119291535130652
22.47187265605467,0.712220480276194
22.501875156263022,0.7125121226774555
22.531877656471373,0.7128040803969743
22.561880156679724,0.7130963531145299
22.591882656888075,0.7133889405095559
22.621885157096425,0.713681842261141
22.651887657304776,0.7139750580480286
22.681890157513127,0.7142685875486185
22.711892657721478,0.7145624304409658
22.74189515792983,0.7148565864027818
22.77189765813818,0.7151510551114348
22.80190015834653,0.7154458362439502
22.83190265855488,0.7157409294770101
22.86190515876323,0.7160363344869547
22.89190765897158,0.7163320509497823
22.92191015917993,0.7166280785411495
22.95191265938828,0.7169244169363715
22.981915159596632,0.7172210658104228
23.011917659804983,0.7175180248379374
23.041920160013333,0.717815293693209
23.071922660221684,0.7181128720501915
23.101925160430035,0.7184107595824991
23.131927660638386,0.7187089559634076
23.161930160846737,0.7190074608658534
23.191932661055088,0.7193062739624345
23.22193516126344,0.7196053949254113
23.25193766147179,0.7199048234267065
23.28194016168014,0.7202045591379049
23.31194266188849,0.720504601730255
23.34194516209684,0.7208049508746684
23.371947662305192,0.7211056062417205
23.401950162513543,0.7214065675016508
23.431952662721894,0.7217078343243637
23.461955162930245,0.7220094063794277
23.491957663138596,0.7223112833360771
23.521960163346947,0.7226134648632118
23.551962663555297,0.7229159506293972
23.58196516376365,0.7232187403028654
23.611967663972,0.723521833551515
23.64197016418035,0.7238252300429118
23.671972664388697,0.7241289294442887
23.701975164597048,0.7244329314225468
23.7319776648054,0.724737235644255
23.76198016501375,0.7250418417756507
23.7919826652221,0.7253467494826402
23.82198516543045,0.7256519584307992
23.851987665638802,0.7259574682853729
23.881990165847153,0.7262632787112764
23.911992666055504,0.7265693893730951
23.941995166263855,0.7268757999350852
23.971997666472205,0.727182510061174
24.002000166680556,0.7274895194149602
24.032002666888907,0.7277968276597142
24.062005167097258,0.7281044344583787
24.09200766730561,0.728412339473569
24.12201016751396,0.7287205423675729
24.15201266772231,0.7290290428023521
24.18201516793066,0.7293378404395416
24.212017668139012,0.7296469349404504
24.242020168347363,0.729956325966062
24.272022668555714,0.7302660131770347
24.302025168764064,0.7305759962337018
24.332027668972415,0.7308862747960723
24.362030169180766,0.7311968485238309
24.392032669389117,0.731507717076339
24.422035169597468,0.7318188801126339
24.45203766980582,0.7321303372914303
24.48204017001417,0.7324420882711205
24.512042670222517,0.7327541327097742
24.542045170430868,0.7330664702651394
24.57204767063922,0.7333791005946426
24.60205017084757,0.7336920233553892
24.63205267105592,0.7340052382041637
24.66205517126427,0.7343187447974305
24.69205767147262,0.7346325427913338
24.722060171680972,0.7349466318416984
24.752062671889323,0.7352610116040297
24.782065172097674,0.735575681733514
24.812067672306025,0.7358906418850195
24.842070172514376,0.7362058917130966
24.872072672722727,0.7365214308719771
24.902075172931077,0.7368372590155761
24.93207767313943,0.7371533757974918
24.96208017334778,0.7374697808710053
24.99208267355613,0.7377864738890819
25.02208517376448,0.7381034545043712
25.05208767397283,0.7384207223692068
25.082090174181182,0.7387382771356077
25.112092674389533,0.7390561184552783
25.142095174597884,0.7393742459796083
25.172097674806235,0.7396926593596738
25.202100175014586,0.7400113582462373
25.232102675222936,0.7403303422897483
25.262105175431287,0.740649611140343
25.292107675639638,0.7409691644478458
25.32211017584799,0.741289001861769
25.352112676056336,0.7416091230313131
25.382115176264687,0.7419295276053675
25.412117676473038,0.7422502152325106
25.44212017668139,0.7425711855610108
25.47212267688974,0.7428924382388258
25.50212517709809,0.7432139729136038
25.53212767730644,0.7435357892326842
25.562130177514792,0.743857886843097
25.592132677723143,0.7441802653915639
25.622135177931494,0.7445029245244981
25.652137678139844,0.7448258638880054
25.682140178348195,0.7451490831278844
25.712142678556546,0.7454725818896262
25.742145178764897,0.7457963598184156
25.772147678973248,0.7461204165591316
25.8021501791816,0.7464447517563466
25.83215267938995,0.7467693650543281
25.8621551795983,0.7470942560970388
25.89215767980665,0.747419424528136
25.922160180015002,0.7477448699909733
25.952162680223353,0.7480705921286007
25.982165180431704,0.748396590583764
26.012167680640054,0.7487228649989064
26.042170180848405,0.7490494150161685
26.072172681056756,0.7493762402773885
26.102175181265107,0.7497033404241026
26.132177681473458,0.7500307150975456
26.162180181681805,0.7503583639386511
26.192182681890156,0.7506862865880523
26.222185182098507,0.7510144826860816
26.252187682306857,0.7513429518727719
26.282190182515208,0.7516716937878565
26.31219268272356,0.7520007080707694
26.34219518293191,0.7523299943606456
26.37219768314026,0.7526595522963228
26.40220018334861,0.7529893815163395
26.432202683556962,0.7533194816589379
26.462205183765313,0.7536498523620616
26.492207683973664,0.7539804932633586
26.522210184182015,0.7543114040001804
26.552212684390366,0.7546425842095817
26.582215184598716,0.7549740335283228
26.612217684807067,0.7553057515928682
26.642220185015418,0.7556377380393875
26.67222268522377,0.7559699925037563
26.70222518543212,0.7563025146215563
26.73222768564047,0.7566353040280752
26.76223018584882,0.7569683603583077
26.792232686057172,0.7573016832469563
26.822235186265523,0.7576352723284301
26.852237686473874,0.757969127236847
26.882240186682225,0.7583032476060332
26.912242686890576,0.7586376330695236
26.942245187098926,0.7589722832605625
26.972247687307277,0.7593071978121037
27.002250187515624,0.759642376356811
27.032252687723975,0.759977818527059
27.062255187932326,0.7603135239549327
27.092257688140677,0.7606494922722287
27.122260188349028,0.7609857231104551
27.15226268855738,0.7613222161008322
27.18226518876573,0.7616589708742924
27.21226768897408,0.7619959870614814
27.24227018918243,0.7623332642927579
27.272272689390782,0.7626708021981949
27.302275189599133,0.7630086004075785
27.332277689807484,0.7633466585504098
27.362280190015834,0.7636849762559051
27.392282690224185,0.7640235531529955
27.422285190432536,0.7643623888703281
27.452287690640887,0.7647014830362662
27.482290190849238,0.7650408352788891
27.51229269105759,0.7653804452259937
27.54229519126594,0.765720312505094
27.57229769147429,0.7660604367434216
27.60230019168264,0.7664008175679264
27.63230269189099,0.7667414546052771
27.662305192099343,0.7670823474818609
27.692307692307693,0.7674234958237847
27.722310192516044,0.7677648992568751
27.752312692724395,0.7681065574066791
27.782315192932746,0.7684484698984644
27.812317693141097,0.768790636357219
27.842320193349444,0.7691330564076532
27.872322693557795,0.769475729674199
27.902325193766146,0.76981865578101
27.932327693974496,0.7701618343519635
27.962330194182847,0.7705052650106592
27.992332694391198,0.7708489473804205
28.02233519459955,0.7711928810842947
28.0523376948079,0.7715370657450534
28.08234019501625,0.771881500985193
28.1123426952246,0.7722261864269354
28.142345195432952,0.7725711216922273
28.172347695641303,0.772916306402742
28.202350195849654,0.7732617401798793
28.232352696058005,0.773607422644765
28.262355196266356,0.7739533534182532
28.292357696474706,0.7742995321209251
28.322360196683057,0.7746459583730897
28.352362696891408,0.7749926317947851
28.38236519709976,0.775339552005778
28.41236769730811,0.7756867186255644
28.44237019751646,0.77603413127337
28.47237269772481,0.7763817895681506
28.502375197933162,0.7767296931285933
28.532377698141513,0.777077841573115
28.562380198349864,0.7774262345198648
28.592382698558215,0.7777748715867233
28.622385198766565,0.7781237523913038
28.652387698974913,0.7784728765509518
28.682390199183263,0.7788222436827459
28.712392699391614,0.7791718534034985
28.742395199599965,0.7795217053297554
28.772397699808316,0.7798717990777977
28.802400200016667,0.7802221342636406
28.832402700225018,0.7805727105030339
28.86240520043337,0.7809235274114645
28.89240770064172,0.7812745846041541
28.92241020085007,0.7816258816960613
28.95241270105842,0.7819774183018818
28.98241520126677,0.7823291940360481
29.012417701475123,0.7826812085127306
29.042420201683473,0.7830334613458382
29.072422701891824,0.7833859521490179
29.102425202100175,0.7837386805356558
29.132427702308526,0.7840916461188778
29.162430202516877,0.784444848511549
29.192432702725228,0.7847982873262753
29.22243520293358,0.7851519621754034
29.25243770314193,0.7855058726710201
29.28244020335028,0.7858600184249549
29.31244270355863,0.786214399048779
29.34244520376698,0.7865690141538052
29.372447703975332,0.7869238633510904
29.402450204183683,0.7872789462514338
29.432452704392034,0.7876342624653784
29.462455204600385,0.7879898116032118
29.492457704808732,0.7883455932749655
29.522460205017083,0.7887016070904163
29.552462705225434,0.7890578526590866
29.582465205433785,0.7894143295902436
29.612467705642135,0.7897710374929023
29.642470205850486,0.7901279759758234
29.672472706058837,0.7904851446475143
29.702475206267188,0.7908425431162309
29.73247770647554,0.7912001709899766
29.76248020668389,0.7915580278765032
29.79248270689224,0.7919161133833115
29.82248520710059,0.7922744271176508
29.852487707308942,0.7926329686865212
29.882490207517293,0.7929917376966724
29.912492707725644,0.7933507337546042
29.942495207933995,0.7937099564665681
29.972497708142345,0.7940694054385666
30.002500208350696,0.7944290802763541
30.032502708559047,0.7947889805854372
30.062505208767398,0.7951491059710757
30.09250770897575,0.7955094560382815
30.1225102091841,0.7958700303918214
30.15251270939245,0.796230828636215
30.1825152096008,0.7965918503757368
30.212517709809152,0.7969530952144166
30.242520210017503,0.7973145627560387
30.272522710225854,0.7976762526041438
30.302525210434204,0.7980381643620287
30.33252771064255,0.7984002976327461
30.362530210850903,0.7987626520191067
30.392532711059253,0.7991252271236781
30.422535211267604,0.7994880225487857
30.452537711475955,0.7998510378965141
30.482540211684306,0.8002142727687059
30.512542711892657,0.8005777267669627
30.542545212101007,0.8009413994926468
30.57254771230936,0.8013052905468795
30.60255021251771,0.8016693995305433
30.63255271272606,0.8020337260442818
30.66255521293441,0.8023982696884993
30.69255771314276,0.8027630300633624
30.722560213351112,0.8031280067688003
30.752562713559463,0.803493199404504
30.782565213767814,0.8038586075699287
30.812567713976165,0.8042242308642927
30.842570214184516,0.8045900688865782
30.872572714392867,0.8049561212355323
30.902575214601217,0.8053223875096668
30.932577714809568,0.8056888673072584
30.96258021501792,0.8060555602263508
30.99258271522627,0.8064224658647529
31.02258521543462,0.8067895838200403
31.05258771564297,0.8071569136895566
31.082590215851322,0.8075244550704119
31.112592716059673,0.8078922075594852
31.14259521626802,0.8082601707534235
31.17259771647637,0.8086283442486426
31.202600216684722,0.808996727641328
31.232602716893073,0.8093653205274349
31.262605217101424,0.8097341225026883
31.292607717309775,0.8101031331625845
31.322610217518125,0.8104723521023907
31.352612717726476,0.8108417789171449
31.382615217934827,0.8112114132016586
31.412617718143178,0.8115812545505144
31.44262021835153,0.8119513025580685
31.47262271855988,0.8123215568184504
31.50262521876823,0.8126920169255629
31.53262771897658,0.8130626824730836
31.562630219184932,0.8134335530544643
31.592632719393283,0.8138046282629323
31.622635219601634,0.8141759076914903
31.652637719809984,0.8145473909329171
31.682640220018335,0.8149190775797676
31.712642720226686,0.815290967224374
31.742645220435037,0.815663059458846
31.772647720643388,0.8160353538750702
31.80265022085174,0.8164078500647128
31.83265272106009,0.8167805476192177
31.86265522126844,0.8171534461298078
31.89265772147679,0.8175265451874867
31.922660221685142,0.8178998443830368
31.952662721893493,0.8182733433070215
31.98266522210184,0.8186470415497857
32.01266772231019,0.8190209387014546
32.042670222518545,0.8193950343519361
32.07267272272689,0.8197693280909201
32.10267522293525,0.8201438195078788
32.132677723143594,0.8205185081920684
32.16268022335195,0.8208933937325282
32.192682723560296,0.8212684757180815
32.22268522376865,0.8216437537373368
32.252687723977,0.8220192273786867
32.28269022418535,0.8223948962303099
32.3126927243937,0.8227707598801709
32.34269522460205,0.8231468179160203
32.3726977248104,0.8235230699253953
32.40270022501875,0.8238995154956211
32.4327027252271,0.82427615421381
32.46270522543545,0.8246529856668625
32.492707725643804,0.8250300094414681
32.52271022585215,0.8254072251241047
32.552712726060506,0.8257846323010406
32.58271522626885,0.8261622305583332
32.61271772647721,0.8265400194818308
32.642720226685555,0.8269179986571725
32.67272272689391,0.8272961676697888
32.702725227102256,0.8276745261049012
32.73272772731061,0.8280530735475252
32.76273022751896,0.8284318095824672
32.79273272772731,0.8288107337943276
32.82273522793566,0.8291898457675004
32.852737728144014,0.8295691450861735
32.88274022835236,0.8299486313343292
32.912742728560715,0.8303283040957452
32.94274522876906,0.830708162953994
32.97274772897742,0.8310882074924448
33.002750229185764,0.8314684372942625
33.03275272939412,0.8318488519424089
33.062755229602466,0.8322294510196432
33.09275772981082,0.8326102341085224
33.12276023001917,0.8329912007914011
33.15276273022752,0.8333723506504337
33.18276523043587,0.8337536832675725
33.212767730644224,0.8341351982245699
33.24277023085257,0.8345168951029782
33.27277273106092,0.8348987734841504
33.30277523126927,0.83528083294924
33.33277773147762,0.8356630730792023
33.362780231685974,0.8360454934547943
33.39278273189432,0.8364280936565749
33.422785232102676,0.8368108732649064
33.45278773231102,0.8371938318599541
33.48279023251938,0.8375769690216869
33.512792732727725,0.8379602843298777
33.54279523293608,0.8383437773641045
33.57279773314443,0.8387274477037499
33.60280023335278,0.8391112949280022
33.63280273356113,0.8394953186158556
33.66280523376948,0.8398795183461111
33.69280773397783,0.8402638936973761
33.722810234186184,0.840648444248066
33.75281273439453,0.8410331695764032
33.782815234602886,0.8414180692604192
33.81281773481123,0.8418031428779538
33.84282023501959,0.8421883900066562
33.872822735227935,0.8425738102239854
33.90282523543629,0.8429594031072103
33.932827735644636,0.8433451682334104
33.96283023585299,0.8437311051794768
33.99283273606134,0.8441172135221114
34.02283523626969,0.8445034928378289
34.05283773647804,0.8448899427029556
34.08284023668639,0.8452765626936314
34.11284273689474,0.8456633523858095
34.14284523710309,0.8460503113552567
34.17284773731144,0.8464374391775544
34.20285023751979,0.8468247354280987
34.232852737728145,0.847212199682101
34.26285523793649,0.8475998315145884
34.292857738144846,0.8479876305004043
34.32286023835319,0.8483755962142084
34.35286273856155,0.8487637282304782
34.382865238769895,0.849152026123508
34.41286773897825,0.849540489467411
34.4428702391866,0.8499291178361181
34.47287273939495,0.8503179108033798
34.5028752396033,0.850706867942766
34.53287773981165,0.8510959888276661
34.56288024002,0.8514852730312904
34.592882740228355,0.8518747201266699
34.6228852404367,0.8522643296866568
34.652887740645056,0.8526541012839254
34.6828902408534,0.853044034490972
34.71289274106176,0.8534341288801157
34.742895241270105,0.853824384023499
34.77289774147846,0.8542147994930879
34.80290024168681,0.8546053748606725
34.83290274189516,0.8549961096978678
34.86290524210351,0.8553870035761134
34.892907742311856,0.8557780560666751
34.92291024252021,0.8561692667406444
34.95291274272856,0.8565606351689392
34.98291524293691,0.8569521609223046
35.01291774314526,0.8573438435713129
35.04292024335361,0.8577356826863646
35.07292274356196,0.8581276778376883
35.102925243770315,0.8585198285953417
35.13292774397866,0.8589121345292117
35.16293024418702,0.859304595209015
35.192932744395364,0.8596972102042987
35.22293524460372,0.8600899790844404
35.252937744812066,0.8604829014186491
35.28294024502042,0.8608759767759657
35.31294274522877,0.8612692047252627
35.34294524543712,0.8616625848352457
35.37294774564547,0.8620561166744533
35.40295024585382,0.8624497998112577
35.43295274606217,0.862843633813865
35.462955246270525,0.8632376182503159
35.49295774647887,0.8636317526884861
35.52296024668723,0.8640260366960871
35.552962746895574,0.8644204698406658
35.58296524710393,0.8648150516896059
35.612967747312275,0.8652097818101279
35.64297024752063,0.8656046597692897
35.67297274772898,0.865999685133987
35.70297524793733,0.8663948574709537
35.73297774814568,0.8667901763467628
35.762980248354026,0.8671856413278263
35.79298274856238,0.8675812519803965
35.82298524877073,0.8679770078705649
35.85298774897908,0.8683729085642645
35.88299024918743,0.8687689536272694
35.912992749395784,0.8691651426251952
35.94299524960413,0.8695614751234996
35.972997749812485,0.869957950687483
36.00300025002083,0.8703545688822889
36.03300275022919,0.8707513292729043
36.063005250437534,0.8711482314241603
36.09300775064589,0.8715452749007325
36.123010250854236,0.8719424592671412
36.15301275106259,0.8723397840877527
36.18301525127094,0.872737248926779
36.21301775147929,0.8731348533482783
36.24302025168764,0.8735325969161561
36.273022751895994,0.8739304791941651
36.30302525210434,0.8743284997459059
36.333027752312695,0.8747266581348273
36.36303025252104,0.875124953924227
36.3930327527294,0.8755233866772522
36.423035252937744,0.8759219559568995
36.4530377531461,0.8763206613260162
36.483040253354446,0.8767195023472998
36.5130427535628,0.8771184785832996
36.54304525377115,0.877517589596416
36.573047753979495,0.8779168349489022
36.60305025418785,0.8783162142028635
36.633052754396196,0.8787157269202588
36.66305525460455,0.8791153726629003
36.6930577548129,0.8795151509924541
36.72306025502125,0.8799150614704417
36.7530627552296,0.8803151036582387
36.783065255437954,0.880715277117077
36.8130677556463,0.8811155814080438
36.843070255854656,0.8815160160920835
36.873072756063,0.881916580729997
36.90307525627136,0.882317274882443
36.933077756479705,0.8827180981099378
36.96308025668806,0.8831190499728565
36.993082756896406,0.8835201300314328
37.02308525710476,0.88392133784576
37.05308775731311,0.8843226729757911
37.08309025752146,0.8847241349813398
37.11309275772981,0.8851257234220801
37.143095257938164,0.885527437857548
37.17309775814651,0.8859292778471404
37.203100258354866,0.8863312429501174
37.23310275856321,0.8867333327256014
37.26310525877157,0.8871355467325783
37.293107758979914,0.8875378845298975
37.32311025918827,0.8879403456762727
37.353112759396616,0.8883429297302822
37.38311525960496,0.8887456362503698
37.41311775981332,0.8891484647948451
37.443120260021665,0.889551414921883
37.47312276023002,0.8899544861895262
37.50312526043837,0.8903576781556835
37.53312776064672,0.890760990378132
37.56313026085507,0.8911644224145164
37.59313276106342,0.8915679738223508
37.62313526127177,0.8919716441590172
37.653137761480124,0.8923754329817682
37.68314026168847,0.8927793398477261
37.713142761896826,0.8931833643138833
37.74314526210517,0.8935875059371039
37.77314776231353,0.8939917642741231
37.803150262521875,0.894396138881548
37.83315276273023,0.8948006293158587
37.86315526293858,0.8952052351334074
37.89315776314693,0.8956099558904209
37.92316026335528,0.8960147911429986
37.95316276356363,0.8964197404471156
37.98316526377198,0.8968248033586208
38.013167763980334,0.8972299794332395
38.04317026418868,0.897635268226572
38.073172764397036,0.8980406692940957
38.10317526460538,0.8984461821911641
38.13317776481374,0.8988518064730089
38.163180265022085,0.8992575416947389
38.19318276523044,0.8996633874113417
38.22318526543879,0.9000693431776833
38.253187765647134,0.9004754085485094
38.28319026585549,0.9008815830784452
38.313192766063835,0.9012878663219964
38.34319526627219,0.9016942578335494
38.37319776648054,0.9021007571673715
38.40320026668889,0.9025073638776123
38.43320276689724,0.9029140775183032
38.46320526710559,0.9033208976433587
38.49320776731394,0.903727823806576
38.523210267522295,0.9041348555616366
38.55321276773064,0.9045419924621056
38.583215267938996,0.9049492340614332
38.613217768147344,0.9053565799129545
38.6432202683557,0.9057640295698904
38.673222768564045,0.906171582585348
38.7032252687724,0.906579238512321
38.73322776898075,0.9069869969036899
38.7632302691891,0.9073948573122234
38.79323276939745,0.9078028192905777
38.8232352696058,0.9082108823912983
38.85323776981415,0.908619046166819
38.883240270022505,0.9090273101694637
38.91324277023085,0.9094356739514462
38.943245270439206,0.9098441370648711
38.97324777064755,0.9102526990617336
39.00325027085591,0.9106613594939208
39.033252771064255,0.9110701179132117
39.0632552712726,0.9114789738712777
39.09325777148096,0.9118879269196839
39.123260271689304,0.9122969766098878
39.15326277189766,0.9127061224932418
39.183265272106006,0.9131153641209924
39.21326777231436,0.9135247010442813
39.24327027252271,0.9139341328141453
39.27327277273106,0.9143436589815177
39.30327527293941,0.9147532790972276
39.33327777314776,0.9151629927120019
39.36328027335611,0.9155727993764641
39.393282773564465,0.9159826986411364
39.42328527377281,0.9163926900564386
39.45328777398117,0.9168027731726904
39.483290274189514,0.9172129475401102
39.51329277439787,0.9176232127088166
39.543295274606216,0.9180335682288284
39.57329777481457,0.9184440136500656
39.60330027502292,0.9188545485223493
39.63330277523127,0.9192651723954027
39.66330527543962,0.9196758848188513
39.69330777564797,0.9200866853422236
39.72331027585632,0.9204975735149512
39.753312776064675,0.92090854888637
39.78331527627302,0.9213196110057197
39.81331777648138,0.9217307594221453
39.843320276689724,0.9221419936846968
39.87332277689807,0.9225533133423305
39.903325277106426,0.9229647179439089
39.93332777731477,0.9233762070382007
39.96333027752313,0.9237877801738829
39.993332777731474,0.9241994368995394
40.02333527793983,0.9246111767636633
40.053337778148176,0.925022999314656
40.08334027835653,0.9254349041008283
40.11334277856488,0.9258468906704006
40.14334527877323,0.9262589585715041
40.17334777898158,0.9266711073521802
40.203350279189934,0.9270833365603823
40.23335277939828,0.9274956457439747
40.263355279606635,0.9279080344507348
40.29335777981498,0.9283205022283522
40.32336028002334,0.9287330486244302
40.353362780231684,0.9291456731864856
40.38336528044004,0.9295583754619496
40.413367780648386,0.929971154998168
40.44337028085674,0.9303840113424021
40.47337278106509,0.9307969440418288
40.50337528127344,0.9312099526435412
40.53337778148179,0.9316230366945494
40.563380281690144,0.9320361957417805
40.59338278189849,0.9324494293320793
40.623385282106845,0.9328627370122092
40.65338778231519,0.9332761183288518
40.68339028252355,0.9336895728286086
40.713392782731894,0.9341031000580001
40.74339528294024,0.9345166995634676
40.773397783148596,0.9349303708913731
40.80340028335694,0.9353441135879993
40.8334027835653,0.9357579271995512
40.863405283773645,0.9361718112721557
40.893407783982,0.9365857653518626
40.923410284190346,0.9369997889846446
40.9534127843987,0.9374138817163987
40.98341528460705,0.9378280430929455
41.0134177848154,0.9382422726600307
41.04342028502375,0.9386565699633248
41.073422785232104,0.9390709345484247
41.10342528544045,0.9394853659608527
41.133427785648806,0.9398998637460585
41.16343028585715,0.9403144274494184
41.19343278606551,0.940729056616237
41.223435286273855,0.9411437507917464
41.25343778648221,0.9415585095211083
41.283440286690556,0.9419733323494126
41.31344278689891,0.9423882188216796
41.34344528710726,0.9428031684828595
41.37344778731561,0.9432181808778334
41.40345028752396,0.9436332555514133
41.433452787732314,0.9440483920483432
41.46345528794066,0.944463589913299
41.493457788149016,0.9448788486908896
41.52346028835736,0.9452941679256568
41.55346278856571,0.9457095471620762
41.583465288774065,0.9461249859445579
41.61346778898241,0.9465404838174459
41.643470289190766,0.9469560403250203
41.67347278939911,0.9473716550114963
41.70347528960747,0.9477873274210256
41.733477789815815,0.9482030570976963
41.76348029002417,0.9486188435855338
41.79348279023252,0.9490346864285014
41.82348529044087,0.9494505851705004
41.85348779064922,0.9498665393553707
41.88349029085757,0.9502825485268916
41.91349279106592,0.9506986122287819
41.943495291274274,0.951114730004701
41.97349779148262,0.9515309013982481
42.003500291690976,0.9519471259529647
42.03350279189932,0.9523634032123331
42.06350529210768,0.9527797327197784
42.093507792316025,0.953196114018668
42.12351029252438,0.9536125466523128
42.15351279273273,0.9540290301639669
42.18351529294108,0.9544455640968293
42.21351779314943,0.9548621479940432
42.24352029335778,0.9552787813986972
42.27352279356613,0.9556954638538253
42.303525293774484,0.9561121949024082
42.33352779398283,0.9565289740873727
42.36353029419118,0.9569458009515934
42.39353279439953,0.9573626750378924
42.42353529460788,0.9577795958890398
42.453537794816235,0.9581965630477547
42.48354029502458,0.9586135760567049
42.51354279523294,0.9590306344585089
42.543545295441284,0.9594477377957341
42.57354779564964,0.9598648856108999
42.603550295857985,0.9602820774464759
42.63355279606634,0.9606993128448842
42.66355529627469,0.9611165913484984
42.69355779648304,0.9615339124996454
42.72356029669139,0.961951275840605
42.75356279689974,0.9623686809136109
42.78356529710809,0.9627861272608509
42.813567797316445,0.9632036144244678
42.84357029752479,0.9636211419465591
42.873572797733146,0.9640387093691786
42.903575297941494,0.9644563162343359
42.93357779814985,0.9648739620839979
42.963580298358195,0.9652916464600878
42.99358279856655,0.9657093689044877
43.0235852987749,0.9661271289590369
43.05358779898325,0.9665449261655342
43.0835902991916,0.9669627600657372
43.11359279939995,0.9673806302013637
43.1435952996083,0.9677985361140911
43.173597799816655,0.9682164773455582
43.203600300025,0.9686344534373645
43.23360280023335,0.969052463931072
43.263605300441704,0.9694705083682043
43.29360780065005,0.9698885862902479
43.323610300858405,0.970306697238653
43.35361280106675,0.9707248407548329
43.38361530127511,0.9711430163801658
43.413617801483454,0.9715612236559941
43.44362030169181,0.9719794621236261
43.473622801900156,0.9723977313243353
43.50362530210851,0.9728160307993621
43.53362780231686,0.9732343600899132
43.56363030252521,0.9736527187371629
43.59363280273356,0.9740711062822529
43.62363530294191,0.9744895222662938
43.65363780315026,0.9749079662303645
43.683640303358615,0.9753264377155134
43.71364280356696,0.9757449362627588
43.74364530377532,0.9761634614130892
43.773647803983664,0.9765820127074639
43.80365030419202,0.9770005896868137
43.833652804400366,0.9774191918920409
43.86365530460872,0.9778378188640205
43.89365780481707,0.9782564701436002
43.92366030502542,0.9786751452716009
43.95366280523377,0.9790938437888175
43.98366530544212,0.9795125652360194
44.01366780565047,0.9799313091539503
44.04367030585882,0.9803500750833297
44.07367280606717,0.9807688625648531
44.10367530627552,0.9811876711391919
44.133677806483874,0.9816065003469947
44.16368030669222,0.9820253497288872
44.193682806900576,0.9824442188254734
44.22368530710892,0.9828631071773352
44.25368780731728,0.9832820143250337
44.283690307525625,0.9837009398091092
44.31369280773398,0.9841198831700821
44.343695307942326,0.9845388439484529
44.37369780815068,0.9849578216847032
44.40370030835903,0.9853768159192959
44.43370280856738,0.985795826192676
44.46370530877573,0.9862148520452707
44.493707808984084,0.9866338930174902
44.52371030919243,0.987052948649728
44.553712809400785,0.9874720184823618
44.58371530960913,0.9878911020557533
44.61371780981749,0.9883101989102496
44.643720310025834,0.9887293085861828
44.67372281023419,0.9891484306238715
44.703725310442536,0.9895675645636198
44.73372781065089,0.9899867099457199
44.76373031085924,0.9904058663104506
44.79373281106759,0.990825033198079
44.82373531127594,0.9912442101488604
44.85373781148429,0.9916633967030396
44.88374031169264,0.9920825924008503
44.91374281190099,0.9925017967825164
44.94374531210934,0.9929210093882525
44.97374781231769,0.9933402297582635
45.003750312526044,0.9937594574327467
45.03375281273439,0.9941786919518906
45.063755312942746,0.9945979328558767
45.09375781315109,0.9950171796848791
45.12376031335945,0.995436431979066
45.153762813567795,0.9958556892785987
45.18376531377615,0.996274951123634
45.2137678139845,0.9966942170543228
45.24377031419285,0.9971134866108124
45.2737728144012,0.9975327593332454
45.30377531460955,0.9979520347617613
45.3337778148179,0.9983713124364966
45.363780315026254,0.9987905918975852
45.3937828152346,0.9992098726851592
45.423785315442956,0.9996291543393491
45.4537878156513,1.0000484364002844
45.48379031585966,1.0004677184080946
45.513792816068005,1.0008869999029084
45.54379531627636,1.001306280424856
45.573797816484706,1.0017255595140684
45.60380031669306,1.0021448367106776
45.63380281690141,1.0025641115548183
45.66380531710976,1.0029833835866278
45.69380781731811,1.003402652346246
45.72381031752646,1.0038219173738165
45.75381281773481,1.0042411782094876
45.78381531794316,1.0046604343934114
45.81381781815151,1.0050796854657456
45.84382031835986,1.0054989309666533
45.873822818568215,1.0059181704363038
45.90382531877656,1.0063374034148729
45.933827818984916,1.0067566294425438
45.963830319193264,1.007175848059507
45.99383281940162,1.0075950588059615
46.023835319609965,1.0080142612221141
46.05383781981832,1.008433454848182
46.08384032002667,1.0088526392243906
46.11384282023502,1.009271813890977
46.14384532044337,1.0096909783881878
46.17384782065172,1.010110132256281
46.20385032086007,1.0105292750355266
46.233852821068425,1.0109484062662064
46.26385532127677,1.011367525488615
46.293857821485126,1.0117866322430602
46.32386032169347,1.0122057260698636
46.35386282190183,1.0126248065093606
46.383865322110175,1.0130438731019016
46.41386782231853,1.013462925387852
46.44387032252688,1.0138819629075932
46.47387282273523,1.0143009852015223
46.50387532294358,1.0147199918100538
46.533877823151926,1.0151389822736185
46.56388032336028,1.0155579561326658
46.59388282356863,1.0159769129276626
46.62388532377698,1.016395852199095
46.65388782398533,1.016814773487468
46.68389032419368,1.0172336763333067
46.71389282440203,1.017652560277156
46.743895324610385,1.018071424859582
46.77389782481873,1.0184902696211713
46.80390032502709,1.018909094102533
46.833902825235434,1.0193278978442981
46.86390532544379,1.0197466803871205
46.893907825652136,1.020165441271677
46.92391032586049,1.0205841800386686
46.95391282606884,1.0210028962288202
46.98391532627719,1.0214215893828817
47.01391782648554,1.0218402590416285
47.04392032669389,1.022258904745861
47.07392282690224,1.0226775260364063
47.103925327110595,1.0230961224541186
47.13392782731894,1.023514693539879
47.1639303275273,1.0239332388345963
47.193932827735644,1.024351757879208
47.223935327944,1.0247702502146803
47.253937828152345,1.0251887153820078
47.2839403283607,1.0256071529222166
47.31394282856905,1.0260255623763614
47.343945328777394,1.0264439432855288
47.37394782898575,1.0268622951908364
47.403950329194096,1.0272806176334335
47.43395282940245,1.0276989101545015
47.4639553296108,1.0281171722952553
47.49395782981915,1.0285354035969427
47.5239603300275,1.028953603600845
47.553962830235854,1.0293717718482787
47.5839653304442,1.0297899078805939
47.613967830652555,1.0302080112391774
47.6439703308609,1.0306260814654509
47.67397283106926,1.0310441181008727
47.703975331277604,1.0314621206869379
47.73397783148596,1.0318800887651793
47.763980331694306,1.032298021877167
47.79398283190266,1.0327159195645097
47.82398533211101,1.0331337813688548
47.85398783231936,1.0335516068318897
47.88399033252771,1.0339693954953408
47.913992832736064,1.0343871469009756
47.94399533294441,1.0348048605906015
47.973997833152765,1.0352225361060683
48.00400033336111,1.0356401729892672
48.03400283356947,1.0360577707821317
48.064005333777814,1.0364753290266384
48.09400783398617,1.0368928472648071
48.124010334194516,1.0373103250387017
48.15401283440287,1.03772776189043
48.18401533461122,1.038145157362145
48.214017834819565,1.0385625109960455
48.24402033502792,1.0389798223343754
48.274022835236266,1.0393970909194254
48.30402533544462,1.0398143162935334
48.33402783565297,1.040231497999084
48.36403033586132,1.0406486355785103
48.39403283606967,1.0410657285742932
48.424035336278024,1.0414827765289634
48.45403783648637,1.0418997789851
48.484040336694726,1.0423167354853324
48.51404283690307,1.0427336455723406
48.54404533711143,1.0431505087888555
48.574047837319775,1.0435673246776591
48.60405033752813,1.0439840927815858
48.634052837736476,1.0444008126435216
48.66405533794483,1.0448174838064062
48.69405783815318,1.0452341058132324
48.72406033836153,1.0456506782070467
48.75406283856988,1.0460672005309506
48.784065338778234,1.0464836723281001
48.81406783898658,1.0469000931417063
48.844070339194936,1.047316462515037
48.87407283940328,1.047732779991416
48.90407533961164,1.048149045114224
48.934077839819984,1.0485652574268989
48.96408034002834,1.048981416472937
48.994082840236686,1.0493975217958929
49.02408534044503,1.0498135729393798
49.05408784065339,1.050229569447071
49.084090340861735,1.0506455108626986
49.11409284107009,1.0510613967300564
49.14409534127844,1.0514772265929984
49.17409784148679,1.0518929999954398
49.20410034169514,1.0523087164813585
49.23410284190349,1.0527243755947944
49.26410534211184,1.05313997687985
49.294107842320194,1.0535555198806918
49.32411034252854,1.05397100414155
49.354112842736896,1.0543864292067193
49.38411534294524,1.054801794620559
49.4141178431536,1.0552170999274944
49.444120343361945,1.055632344672016
49.4741228435703,1.0560475283986814
49.50412534377865,1.0564626506521146
49.534127843987,1.0568777109770076
49.56413034419535,1.0572927089181197
49.5941328444037,1.057707644020279
49.62413534461205,1.0581225158283825
49.654137844820404,1.0585373238873967
49.68414034502875,1.0589520677423574
49.714142845237106,1.0593667469383719
49.74414534544545,1.0597813610206173
49.77414784565381,1.0601959095343432
49.804150345862155,1.06061039202487
49.8341528460705,1.061024808037591
49.86415534627886,1.061439157117973
49.894157846487204,1.0618534388115555
49.92416034669556,1.062267652663952
49.954162846903905,1.0626817982208505
49.98416534711226,1.063095875028014
50.01416784732061,1.0635098826312808
50.04417034752896,1.0639238205765649
50.07417284773731,1.0643376884098572
50.10417534794566,1.0647514856772253
50.13417784815401,1.065165211924814
50.164180348362365,1.0655788666988462
50.19418284857071,1.0659924495456226
50.224185348779066,1.0664059600115239
50.254187848987414,1.0668193976430094
50.28419034919577,1.0672327619866184
50.314192849404115,1.0676460525889708
50.34419534961247,1.0680592689967672
50.37419784982082,1.0684724107567893
50.40420035002917,1.0688854774159013
50.43420285023752,1.0692984685210496
50.46420535044587,1.069711383619263
50.49420785065422,1.0701242222576541
50.524210350862575,1.0705369839834193
50.55421285107092,1.070949668343839
50.584215351279276,1.0713622748862794
50.61421785148762,1.0717748031581908
50.64422035169598,1.0721872527071103
50.674222851904325,1.072599623080661
50.70422535211267,1.0730119138265526
50.73422785232103,1.0734241244925826
50.764230352529374,1.073836254626636
50.79423285273773,1.0742483037766863
50.824235352946076,1.0746602714907958
50.85423785315443,1.0750721573171163
50.88424035336278,1.0754839608038884
50.91424285357113,1.0758956814994447
50.94424535377948,1.0763073189522074
50.97424785398783,1.0767188727106902
51.00425035419618,1.0771303423234988
51.034252854404535,1.077541727339331
51.06425535461288,1.0779530273069777
51.09425785482124,1.0783642417753228
51.124260355029584,1.078775370293344
51.15426285523794,1.0791864124101134
51.184265355446286,1.0795973676747976
51.21426785565464,1.080008235636659
51.24427035586299,1.0804190158450548
51.27427285607134,1.0808297078494395
51.30427535627969,1.081240311199364
51.33427785648804,1.081650825444476
51.36428035669639,1.0820612501345215
51.394282856904745,1.0824715848193442
51.42428535711309,1.082881829048887
51.45428785732145,1.083291982373192
51.484290357529794,1.0837020443424004
51.51429285773814,1.0841120145067542
51.544295357946496,1.084521892416596
51.57429785815484,1.0849316776223694
51.6043003583632,1.0853413696746197
51.634302858571544,1.0857509681239947
51.6643053587799,1.0861604725212444
51.694307858988246,1.086569882417222
51.7243103591966,1.086979197362885
51.75431285940495,1.087388416909294
51.7843153596133,1.0877975406076152
51.81431785982165,1.0882065680091195
51.844320360030004,1.0886154986651833
51.87432286023835,1.089024332127289
51.904325360446705,1.0894330679470263
51.93432786065505,1.0898417056760914
51.96433036086341,1.090250244866288
51.994332861071754,1.0906586850695286
52.02433536128011,1.0910670258378332
52.054337861488456,1.0914752667233318
52.08434036169681,1.0918834072782635
52.11434286190516,1.0922914470549774
52.14434536211351,1.0926993856059335
52.17434786232186,1.0931072224837026
52.204350362530214,1.0935149572409668
52.23435286273856,1.0939225894305205
52.264355362946915,1.0943301186052707
52.29435786315526,1.0947375443182368
52.32436036336361,1.0951448661225522
52.354362863571964,1.0955520835714645
52.38436536378031,1.095959196218335
52.414367863988666,1.0963662036166408
52.44437036419701,1.0967731053199734
52.47437286440537,1.097179900882041
52.504375364613715,1.0975865898566683
52.53437786482207,1.0979931717977967
52.564380365030416,1.0983996462594843
52.59438286523877,1.0988060127959083
52.62438536544712,1.0992122709613634
52.65438786565547,1.0996184203102635
52.68439036586382,1.1000244603971419
52.714392866072174,1.1004303907766517
52.74439536628052,1.1008362110035659
52.774397866488876,1.101241920632779
52.80440036669722,1.1016475192193065
52.83440286690558,1.1020530063182856
52.864405367113925,1.1024583814849758
52.89440786732228,1.1028636442747595
52.924410367530626,1.103268794243142
52.95441286773898,1.1036738309457532
52.98441536794733,1.1040787539383463
53.01441786815568,1.1044835627767995
53.04442036836403,1.1048882570171163
53.074422868572384,1.1052928362154262
53.10442536878073,1.1056972999279842
53.134427868989086,1.1061016477111725
53.16443036919743,1.1065058791215
53.19443286940578,1.1069099937156037
53.224435369614135,1.1073139910502487
53.25443786982248,1.1077178706823283
53.284440370030836,1.1081216321688652
53.31444287023918,1.1085252750670116
53.34444537044754,1.1089287989340497
53.374447870655885,1.1093322033273925
53.40445037086424,1.109735487804584
53.43445287107259,1.1101386519232992
53.46445537128094,1.1105416952413458
53.49445787148929,1.1109446173166637
53.52446037169764,1.111347417707326
53.55446287190599,1.1117500959715385
53.584465372114344,1.1121526516676419
53.61446787232269,1.1125550843541108
53.644470372531046,1.112957393589555
53.67447287273939,1.1133595789327193
53.70447537294775,1.1137616399424848
53.734477873156095,1.114163576177869
53.76448037336445,1.1145653871980257
53.7944828735728,1.1149670725622465
53.82448537378115,1.1153686318299612
53.8544878739895,1.1157700645607367
53.88449037419785,1.1161713703142797
53.9144928744062,1.116572548650436
53.944495374614554,1.1169735991291911
53.9744978748229,1.1173745213106703
54.00450037503125,1.1177753147551401
54.0345028752396,1.1181759790230086
54.06450537544795,1.1185765136748242
54.094507875656305,1.1189769182712792
54.12451037586465,1.119377192373207
54.15451287607301,1.1197773355415852
54.184515376281354,1.1201773473375343
54.21451787648971,1.1205772273223193
54.244520376698055,1.1209769750573502
54.27452287690641,1.1213765901041806
54.30452537711476,1.1217760720245111
54.33452787732311,1.122175420380188
54.36453037753146,1.122574634733203
54.39453287773981,1.1229737146456966
54.42453537794816,1.1233726596799554
54.454537878156515,1.1237714693984142
54.48454037836486,1.1241701433636564
54.51454287857322,1.1245686811384146
54.544545378781564,1.1249670822855697
54.57454787898992,1.125365346368154
54.604550379198265,1.1257634729493486
54.63455287940662,1.1261614615924866
54.66455537961497,1.1265593118610515
54.69455787982332,1.1269570233186794
54.72456038003167,1.127354595529158
54.75456288024002,1.127752028056428
54.78456538044837,1.128149320464583
54.81456788065672,1.1285464723178709
54.84457038086507,1.1289434831806933
54.87457288107342,1.1293403526176062
54.904575381281774,1.1297370801933218
54.93457788149012,1.1301336654727063
54.964580381698475,1.1305301080207837
54.99458288190682,1.1309264074027328
55.02458538211518,1.1313225631838908
55.054587882323524,1.1317185749297518
55.08459038253188,1.132114442205968
55.114592882740226,1.13251016457835
55.14459538294858,1.1329057416128674
55.17459788315693,1.133301172875649
55.20460038336528,1.133696457932984
55.23460288357363,1.1340915963513212
55.26460538378198,1.1344865876972712
55.29460788399033,1.1348814315376046
55.324610384198685,1.135276127439255
55.35461288440703,1.135670674969318
55.38461538461539,1.1360650736950513
55.414617884823734,1.1364593231838764
55.44462038503209,1.1368534230033787
55.474622885240436,1.1372473727213068
55.50462538544879,1.1376411719055748
55.53462788565714,1.1380348201242616
55.56463038586549,1.1384283169456118
55.59463288607384,1.1388216619380356
55.62463538628219,1.1392148546701106
55.65463788649054,1.1396078947105805
55.68464038669889,1.140000781628357
55.71464288690724,1.1403935149925197
55.74464538711559,1.1407860943723165
55.774647887323944,1.141178519337164
55.80465038753229,1.1415707894566487
55.834652887740646,1.1419629043005262
55.86465538794899,1.142354863438723
55.89465788815735,1.1427466664413366
55.924660388365695,1.1431383128786348
55.95466288857405,1.143529802321058
55.984665388782396,1.1439211343392182
56.01466788899075,1.1443123085039004
56.0446703891991,1.144703324386063
56.07467288940745,1.1450941815568372
56.1046753896158,1.145484879587529
56.134677889824154,1.1458754180496185
56.1646803900325,1.1462657965147611
56.194682890240855,1.146656014554788
56.2246853904492,1.147046071741705
56.25468789065756,1.1474359676476964
56.284690390865904,1.1478257018451212
56.31469289107426,1.148215273906518
56.344695391282606,1.1486046834046006
56.37469789149096,1.1489939299122638
56.40470039169931,1.1493830130025793
56.43470289190766,1.149771932248799
56.46470539211601,1.1501606872243537
56.49470789232436,1.1505492775028554
56.52471039253271,1.1509377026580958
56.55471289274106,1.1513259622640482
56.58471539294941,1.1517140558948675
56.61471789315776,1.1521019831248902
56.644720393366114,1.152489743528636
56.67472289357446,1.152877336680807
56.704725393782816,1.153264762156289
56.73472789399116,1.1536520195301514
56.76473039419952,1.1540391083776484
56.794732894407865,1.154426028274219
56.82473539461622,1.1548127787954872
56.85473789482457,1.1551993595172627
56.88474039503292,1.1555857700155423
56.91474289524127,1.1559720098665083
56.94474539544962,1.156358078646531
56.97474789565797,1.156743975932168
57.004750395866324,1.1571297013001653
57.03475289607467,1.157515254327457
57.064755396283026,1.1579006345911662
57.09475789649137,1.1582858416686064
57.12476039669973,1.1586708751372798
57.154762896908075,1.15905573457488
57.18476539711643,1.159440419559291
57.214767897324776,1.1598249296685879
57.24477039753313,1.1602092644810382
57.27477289774148,1.1605934235751016
57.304775397949825,1.16097740652943
57.33477789815818,1.161361212922869
57.36478039836653,1.1617448423344576
57.39478289857488,1.1621282943434292
57.42478539878323,1.1625115685292111
57.45478789899158,1.1628946644714264
57.48479039919993,1.1632775817498935
57.514792899408285,1.1636603199446267
57.54479539961663,1.1640428786358363
57.574797899824986,1.1644252574039302
57.604800400033334,1.1648074558295132
57.63480290024169,1.1651894734933876
57.664805400450035,1.165571309976555
57.69480790065839,1.1659529648602152
57.72481040086674,1.166334437725766
57.75481290107509,1.166715728154807
57.78481540128344,1.1670968357291363
57.81481790149179,1.167477760030753
57.84482040170014,1.1678585006418576
57.874822901908495,1.1682390571448515
57.90482540211684,1.1686194291223384
57.934827902325196,1.1689996161571239
57.96483040253354,1.1693796178322173
57.9948329027419,1.1697594337308306
58.024835402950245,1.1701390634363793
58.0548379031586,1.1705185065324837
58.08484040336695,1.1708977626029686
58.1148429035753,1.1712768312318642
58.14484540378365,1.1716557120034055
58.174847903991996,1.172034404502034
58.20485040420035,1.1724129083123982
58.2348529044087,1.1727912230193527
58.26485540461705,1.17316934820796
58.2948579048254,1.1735472834634901
58.32486040503375,1.1739250283714222
58.3548629052421,1.1743025825174431
58.384865405450455,1.1746799454874495
58.4148679056588,1.1750571168675474
58.44487040586716,1.175434096244054
58.474872906075504,1.1758108832034952
58.50487540628386,1.17618747733261
58.534877906492206,1.1765638782183472
58.56488040670056,1.1769400854478687
58.59488290690891,1.1773160986085482
58.62488540711726,1.1776919172879725
58.65488790732561,1.1780675410739416
58.68489040753396,1.1784429695544694
58.71489290774231,1.1788182023177836
58.744895407950665,1.1791932389523274
58.77489790815901,1.1795680790467582
58.80490040836737,1.1799427221899494
58.834902908575714,1.1803171679709905
58.86490540878407,1.1806914159791875
58.894907908992415,1.1810654658040627
58.92491040920077,1.1814393170353565
58.95491290940912,1.1818129692630268
58.984915409617464,1.1821864220772498
59.01491790982582,1.1825596750684206
59.044920410034166,1.182932727827153
59.07492291024252,1.183305579944281
59.10492541045087,1.1836782310108585
59.13492791065922,1.1840506806181592
59.16493041086757,1.184422928357679
59.194932911075924,1.1847949738211343
59.22493541128427,1.1851668166004636
59.254937911492625,1.1855384562878277
59.28494041170097,1.1859098924756104
59.31494291190933,1.186281124756418
59.344945412117674,1.1866521527230813
59.37494791232603,1.187022975968655
59.404950412534376,1.187393594086418
59.43495291274273,1.187764006669874
59.46495541295108,1.1881342133127528
59.49495791315943,1.18850421360901
59.52496041336778,1.1888740071528265
59.554962913576134,1.1892435935386119
59.58496541378448,1.1896129723610005
59.614967913992835,1.1899821432148565
59.64497041420118,1.1903511056952711
59.67497291440954,1.1907198593975645
59.704975414617884,1.1910884039172853
59.73497791482624,1.1914567388502117
59.764980415034586,1.1918248637923525
59.79498291524293,1.192192778339946
59.82498541545129,1.1925604820894615
59.854987915659635,1.1929279746375998
59.88499041586799,1.1932952555812928
59.914992916076336,1.1936623245177047
59.94499541628469,1.1940291810442325
59.97499791649304,1.1943958247585058
60.00500041670139,1.1947622552583883
60.03500291690974,1.1951284721419764
60.065005417118094,1.1954944750076018
60.09500791732644,1.1958602634538305
60.125010417534796,1.1962258370794638
60.15501291774314,1.1965911954835384
60.1850154179515,1.1969563382653274
60.215017918159845,1.1973212650243403
60.2450204183682,1.1976859753603235
60.275022918576546,1.1980504688732603
60.3050254187849,1.1984147451633727
60.33502791899325,1.19877880383112
60.3650304192016,1.1991426444772013
60.39503291940995,1.1995062667025538
60.425035419618304,1.1998696701083549
60.45503791982665,1.2002328542960214
60.485040420035006,1.2005958188672112
60.51504292024335,1.2009585634238231
60.54504542045171,1.2013210875679965
60.575047920660055,1.201683390902113
60.60505042086841,1.2020454730287966
60.635052921076756,1.2024073335509131
60.6650554212851,1.2027689720715724
60.69505792149346,1.2031303881941275
60.725060421701805,1.203491581522175
60.75506292191016,1.2038525516595562
60.78506542211851,1.2042132982103568
60.81506792232686,1.2045738207789085
60.84507042253521,1.204934118969788
60.87507292274356,1.2052941923878182
60.90507542295191,1.2056540406380687
60.935077923160264,1.2060136633258562
60.96508042336861,1.2063730600567444
60.995082923576966,1.2067322304365449
61.02508542378531,1.2070911740713177
61.05508792399367,1.2074498905673718
61.085090424202015,1.2078083795312646
61.11509292441037,1.208166640569804
61.14509542461872,1.2085246732900468
61.17509792482707,1.2088824772993012
61.20510042503542,1.2092400522051254
61.23510292524377,1.2095973976153298
61.26510542545212,1.2099545131379756
61.295107925660474,1.2103113983813767
61.32511042586882,1.2106680529540994
61.355112926077176,1.2110244764649634
61.38511542628552,1.211380668523041
61.41511792649388,1.211736628737659
61.445120426702225,1.2120923567183983
61.47512292691057,1.2124478520750945
61.50512542711893,1.2128031144178386
61.535127927327274,1.2131581433569767
61.56513042753563,1.213512938503111
61.595132927743975,1.2138674994671006
61.62513542795233,1.2142218258600612
61.65513792816068,1.2145759172933652
61.68514042836903,1.2149297733786437
61.71514292857738,1.215283393727785
61.74514542878573,1.2156367779529367
61.77514792899408,1.2159899256665048
61.805150429202435,1.2163428364811555
61.83515292941078,1.2166955100098138
61.865155429619136,1.2170479458656656
61.895157929827484,1.2174001436621573
61.92516043003584,1.2177521030129967
61.955162930244185,1.2181038235321529
61.98516543045254,1.2184553048338564
62.01516793066089,1.2188065465326012
62.04517043086924,1.2191575482431432
62.07517293107759,1.2195083095805017
62.10517543128594,1.2198588301599602
62.13517793149429,1.2202091095970655
62.165180431702645,1.2205591475076294
62.19518293191099,1.2209089435077283
62.225185432119346,1.2212584972137042
62.25518793232769,1.2216078082421644
62.28519043253604,1.221956876209983
62.315192932744395,1.2223057007343003
62.34519543295274,1.2226542814325236
62.3751979331611,1.2230026179223277
62.405200433369444,1.2233507098216554
62.4352029335778,1.2236985567487175
62.465205433786146,1.2240461583219935
62.4952079339945,1.2243935141602322
62.52521043420285,1.224740623882452
62.5552129344112,1.2250874871079411
62.58521543461955,1.2254341034562577
62.6152179348279,1.2257804725472314
62.64522043503625,1.2261265940009627
62.675222935244605,1.2264724674378236
62.70522543545295,1.2268180924784582
62.73522793566131,1.2271634687437833
62.765230435869654,1.227508595854988
62.79523293607801,1.2278534734335356
62.825235436286356,1.2281981011011618
62.85523793649471,1.2285424784798777
62.88524043670306,1.228886605191968
62.91524293691141,1.2292304808599928
62.94524543711976,1.2295741051067872
62.97524793732811,1.2299174775554627
63.00525043753646,1.230260597829406
63.035252937744815,1.2306034655522815
63.06525543795316,1.2309460803480297
63.09525793816152,1.2312884418408687
63.125260438369864,1.2316305496552946
63.15526293857821,1.2319724034160822
63.185265438786566,1.232314002748284
63.21526793899491,1.232655347277232
63.24527043920327,1.2329964366285378
63.275272939411614,1.2333372704280927
63.30527543961997,1.2336778483020685
63.335277939828316,1.2340181698769173
63.36528044003667,1.2343582347793727
63.39528294024502,1.2346980426364498
63.42528544045337,1.2350375930754451
63.45528794066172,1.2353768857239382
63.485290440870074,1.2357159202097912
63.51529294107842,1.2360546961611487
63.545295441286775,1.23639321320644
63.57529794149512,1.2367314709743773
63.60530044170348,1.237069469093958
63.635302941911824,1.2374072071944637
63.66530544212018,1.2377446849054619
63.695307942328526,1.2380819018568046
63.72531044253688,1.2384188576786306
63.75531294274523,1.238755552001365
63.78531544295358,1.2390919844557198
63.81531794316193,1.239428154672694
63.845320443370284,1.239764062283574
63.87532294357863,1.2400997069199347
63.905325443786985,1.2404350882136395
63.93532794399533,1.24077020579684
63.96533044420368,1.2411050593019777
63.995332944412034,1.2414396483617833
64.02533544462038,1.2417739726092778
64.05533794482874,1.2421080316777724
64.08534044503709,1.2424418252008698
64.11534294524543,1.2427753528124628
64.14534544545378,1.243108614146737
64.17534794566214,1.243441608838169
64.2053504458705,1.2437743365215292
64.23535294607883,1.2441067968318793
64.26535544628719,1.2444389894045758
64.29535794649554,1.2447709138752674
64.3253604467039,1.245102569879898
64.35536294691224,1.2454339570547055
64.38536544712059,1.2457650750362221
64.41536794732895,1.2460959234612767
64.4453704475373,1.246426501966992
64.47537294774564,1.2467568101907884
64.505375447954,1.2470868477703818
64.53537794816235,1.2474166143437855
64.5653804483707,1.2477461095493092
64.59538294857904,1.2480753330255612
64.6253854487874,1.2484042844114471
64.65538794899575,1.2487329633461717
64.6853904492041,1.2490613694692376
64.71539294941245,1.2493895024204473
64.7453954496208,1.2497173618399033
64.77539794982916,1.2500449473680073
64.8054004500375,1.2503722586454615
64.83540295024585,1.2506992953132694
64.8654054504542,1.2510260570127356
64.89540795066256,1.2513525433854658
64.9254104508709,1.2516787540733676
64.95541295107925,1.2520046887186522
64.98541545128761,1.2523303469638323
65.01541795149596,1.2526557284517241
65.0454204517043,1.2529808328254473
65.07542295191266,1.2533056597284262
65.10542545212101,1.2536302088043885
65.13542795232937,1.253954479697367
65.1654304525377,1.2542784720516997
65.19543295274606,1.2546021855120302
65.22543545295441,1.2549256197233074
65.25543795316277,1.2552487743307876
65.28544045337111,1.2555716489800322
65.31544295357946,1.2558942433169116
65.34544545378782,1.2562165569876016
65.37544795399617,1.2565385896385874
65.40545045420451,1.2568603409166617
65.43545295441287,1.2571818104689256
65.46545545462122,1.2575029979427903
65.49545795482958,1.257823902985975
65.52546045503792,1.2581445252465095
65.55546295524627,1.2584648643727339
65.58546545545462,1.2587849200132981
65.61546795566296,1.2591046918171633
65.64547045587132,1.2594241794336025
65.67547295607967,1.2597433825121995
65.70547545628803,1.260062300702851
65.73547795649637,1.2603809336557656
65.76548045670472,1.260699281021465
65.79548295691308,1.261017342450784
65.82548545712143,1.2613351175948713
65.85548795732977,1.2616526061051894
65.88549045753813,1.2619698076335149
65.91549295774648,1.2622867218319396
65.94549545795483,1.2626033483528702
65.97549795816317,1.2629196868490293
66.00550045837153,1.263235736973455
66.03550295857988,1.2635514983795018
66.06550545878824,1.263866970720841
66.09550795899658,1.2641821536514604
66.12551045920493,1.2644970468256662
66.15551295941329,1.2648116498980815
66.18551545962164,1.2651259625236482
66.21551795982998,1.265439984357626
66.24552046003834,1.2657537150555949
66.27552296024669,1.2660671542734527
66.30552546045504,1.266380301667418
66.33552796066338,1.2666931568940285
66.36553046087174,1.2670057196101434
66.3955329610801,1.267317989472942
66.42553546128845,1.2676299661399253
66.45553796149679,1.267941649268915
66.48554046170514,1.2682530385180562
66.5155429619135,1.2685641335458149
66.54554546212184,1.2688749340109802
66.57554796233019,1.2691854395726652
66.60555046253855,1.2694956498903052
66.6355529627469,1.26980556462366
66.66555546295524,1.270115183432813
66.6955579631636,1.2704245059781736
66.72556046337195,1.2707335319204744
66.7555629635803,1.2710422609207743
66.78556546378864,1.2713506926404574
66.815567963997,1.2716588267412345
66.84557046420535,1.2719666628851425
66.8755729644137,1.2722742007345447
66.90557546462205,1.272581439952132
66.9355779648304,1.272888380200923
66.96558046503876,1.273195021144264
66.99558296524711,1.273501362445829
67.02558546545545,1.2738074037696216
67.0555879656638,1.2741131447799743
67.08559046587216,1.2744185851415484
67.11559296608051,1.274723724519335
67.14559546628885,1.275028562578656
67.17559796649721,1.2753330989851634
67.20560046670556,1.2756373334048396
67.23560296691392,1.2759412655039992
67.26560546712226,1.276244894949287
67.29560796733061,1.2765482214076815
67.32561046753897,1.2768512445464923
67.3556129677473,1.2771539640333618
67.38561546795566,1.2774563795362657
67.41561796816401,1.277758490723513
67.44562046837237,1.278060297263747
67.47562296858071,1.2783617988259435
67.50562546878906,1.2786629950794153
67.53562796899742,1.2789638856938077
67.56563046920577,1.2792644703391032
67.59563296941411,1.2795647486856179
67.62563546962247,1.2798647204040057
67.65563796983082,1.2801643851652555
67.68564047003917,1.2804637426406937
67.71564297024752,1.280762792501983
67.74564547045587,1.2810615344211247
67.77564797066422,1.2813599680704562
67.80565047087258,1.2816580931226542
67.83565297108092,1.2819559092507333
67.86565547128927,1.2822534161280474
67.89565797149763,1.2825506134282896
67.92566047170598,1.282847500825492
67.95566297191432,1.2831440779940266
67.98566547212268,1.2834403446086065
68.01566797233103,1.2837363003442845
68.04567047253938,1.284031944876455
68.07567297274772,1.2843272778808532
68.10567547295608,1.2846222990335567
68.13567797316443,1.2849170080109844
68.16568047337277,1.2852114044898977
68.19568297358113,1.2855054881474013
68.22568547378948,1.2857992586609428
68.25568797399784,1.2860927157083126
68.28569047420618,1.2863858589676456
68.31569297441453,1.2866786881174208
68.34569547462289,1.2869712028364617
68.37569797483124,1.2872634028039365
68.40570047503958,1.2875552876993586
68.43570297524793,1.287846857202587
68.46570547545629,1.288138110993827
68.49570797566464,1.2884290487536298
68.52571047587298,1.2887196701628927
68.55571297608134,1.2890099749028614
68.58571547628969,1.2892999626551278
68.61571797649805,1.2895896331016314
68.64572047670639,1.2898789859246604
68.67572297691474,1.2901680208068513
68.7057254771231,1.2904567374311888
68.73572797733145,1.2907451354810069
68.76573047753979,1.291033214639989
68.79573297774814,1.2913209745921688
68.8257354779565,1.2916084150219291
68.85573797816485,1.2918955356140038
68.8857404783732,1.2921823360534774
68.91574297858155,1.292468816025786
68.9457454787899,1.2927549752167167
68.97574797899824,1.2930408133124083
69.0057504792066,1.2933263299993523
69.03575297941495,1.293611524964392
69.0657554796233,1.2938963978947249
69.09575797983165,1.2941809484778997
69.12576048004,1.294465176401821
69.15576298024835,1.294749081354745
69.18576548045671,1.2950326630252837
69.21576798066505,1.2953159211024032
69.2457704808734,1.2955988552754245
69.27577298108176,1.2958814652340238
69.30577548129011,1.296163750668233
69.33577798149845,1.29644571126844
69.3657804817068,1.2967273467253888
69.39578298191516,1.29700865673018
69.42578548212352,1.2972896409742716
69.45578798233186,1.297570299149478
69.48579048254021,1.2978506309479725
69.51579298274856,1.298130636062285
69.54579548295692,1.298410314185305
69.57579798316526,1.2986896650102793
69.60580048337361,1.2989686882308151
69.63580298358197,1.299247383540878
69.66580548379032,1.2995257506347933
69.69580798399866,1.2998037892072465
69.72581048420702,1.3000814989532834
69.75581298441537,1.3003588795683108
69.78581548462371,1.3006359307480957
69.81581798483207,1.300912652188767
69.84582048504042,1.3011890435868152
69.87582298524877,1.3014651046390928
69.90582548545711,1.3017408350428141
69.93582798566547,1.3020162344955573
69.96583048587382,1.302291302695262
69.99583298608218,1.3025660393402325
70.02583548629052,1.3028404441291355
70.05583798649887,1.303114516761003
70.08584048670723,1.3033882569352304
70.11584298691558,1.303661664351578
70.14584548712392,1.3039347387101707
70.17584798733228,1.3042074797115
70.20585048754063,1.3044798870564214
70.23585298774898,1.304751960446157
70.26585548795732,1.3050236995822955
70.29585798816568,1.3052951041667917
70.32586048837403,1.3055661739019682
70.35586298858239,1.3058369084905133
70.38586548879073,1.3061073076354845
70.41586798899908,1.3063773710403064
70.44587048920744,1.3066470984087721
70.47587298941579,1.3069164894450431
70.50587548962413,1.3071855438536495
70.53587798983249,1.3074542613394915
70.56588049004084,1.307722641607838
70.59588299024918,1.3079906843643283
70.62588549045753,1.3082583893149713
70.65588799066589,1.3085257561661474
70.68589049087424,1.3087927846246064
70.71589299108258,1.3090594743974706
70.74589549129094,1.3093258251922328
70.77589799149929,1.3095918367167585
70.80590049170765,1.3098575086792845
70.83590299191599,1.3101228407884202
70.86590549212434,1.3103878327531486
70.8959079923327,1.3106524842828242
70.92591049254105,1.3109167950871765
70.95591299274939,1.3111807648763074
70.98591549295774,1.3114443933606936
71.0159179931661,1.3117076802511862
71.04592049337445,1.3119706252590106
71.0759229935828,1.3122332280957671
71.10592549379115,1.312495488473432
71.1359279939995,1.3127574061043559
71.16593049420786,1.3130189807012667
71.1959329944162,1.3132802119772677
71.22593549462455,1.3135410996458392
71.2559379948329,1.3138016434208384
71.28594049504126,1.314061843016499
71.3159429952496,1.3143216981474328
71.34594549545795,1.3145812085286295
71.37594799566631,1.3148403738754566
71.40595049587466,1.3150991939036603
71.435952996083,1.315357668329365
71.46595549629136,1.315615796869075
71.49595799649971,1.3158735792396732
71.52596049670805,1.3161310151584225
71.5559629969164,1.3163881043429662
71.58596549712476,1.316644846511327
71.61596799733312,1.3169012413819088
71.64597049754146,1.3171572886734966
71.67597299774981,1.317412988105256
71.70597549795816,1.317668339396735
71.73597799816652,1.3179233422678625
71.76598049837486,1.31817799643895
71.79598299858321,1.3184323016306911
71.82598549879157,1.3186862575641634
71.85598799899992,1.3189398639608259
71.88599049920826,1.319193120542522
71.91599299941662,1.3194460270314785
71.94599549962497,1.319698583150306
71.97599799983333,1.319950788622
72.00600050004167,1.3202026431699398
72.03600300025002,1.32045414651789
72.06600550045837,1.3207052983900007
72.09600800066673,1.320956098510807
72.12601050087507,1.3212065466052296
72.15601300108342,1.3214566423985763
72.18601550129178,1.3217063856165403
72.21601800150013,1.3219557759852019
72.24602050170847,1.3222048132310285
72.27602300191683,1.3224534970808746
72.30602550212518,1.3227018272619826
72.33602800233352,1.3229498035019822
72.36603050254188,1.3231974255288923
72.39603300275023,1.3234446930711192
72.42603550295858,1.323691605857459
72.45603800316692,1.323938163617096
72.48604050337528,1.3241843660796044
72.51604300358363,1.3244302129749483
72.54604550379199,1.3246757040334813
72.57604800400033,1.3249208389859475
72.60605050420868,1.3251656175634814
72.63605300441704,1.3254100394976087
72.66605550462539,1.3256541045202461
72.69605800483373,1.3258978123637015
72.72606050504208,1.3261411627606754
72.75606300525044,1.3263841554442595
72.7860655054588,1.3266267901479378
72.81606800566713,1.3268690666055873
72.84607050587549,1.3271109845514784
72.87607300608384,1.3273525437202738
72.9060755062922,1.32759374384703
72.93607800650054,1.3278345846671975
72.96608050670889,1.328075065916621
72.99608300691725,1.328315187331539
73.0260855071256,1.3285549486485855
73.05608800733394,1.3287943496047885
73.0860905075423,1.329033389937572
73.11609300775065,1.3292720693847553
73.14609550795899,1.3295103876845533
73.17609800816734,1.3297483445755773
73.2061005083757,1.329985939796835
73.23610300858405,1.3302231730877307
73.26610550879239,1.3304600441880652
73.29610800900075,1.3306965528380377
73.3261105092091,1.3309326987782437
73.35611300941746,1.3311684817496774
73.3861155096258,1.3314039014937302
73.41611800983415,1.3316389577521932
73.4461205100425,1.331873650267255
73.47612301025086,1.3321079787815036
73.5061255104592,1.3323419430379262
73.53612801066755,1.3325755427799097
73.56613051087591,1.3328087777512405
73.59613301108426,1.3330416476961053
73.6261355112926,1.333274152359091
73.65613801150096,1.3335062914851854
73.68614051170931,1.333738064819777
73.71614301191767,1.3339694721086552
73.746145512126,1.3342005130980117
73.77614801233436,1.3344311875344392
73.80615051254271,1.334661495164933
73.83615301275107,1.3348914357368902
73.86615551295941,1.335121008998111
73.89615801316776,1.3353502146967977
73.92616051337612,1.335579052581557
73.95616301358446,1.3358075224013977
73.98616551379281,1.3360356239057327
74.01616801400117,1.33626335684438
74.04617051420952,1.3364907209675598
74.07617301441786,1.3367177160258985
74.10617551462622,1.3369443417704265
74.13617801483457,1.3371705979525794
74.16618051504292,1.3373964843241986
74.19618301525126,1.3376220006375301
74.22618551545962,1.3378471466452269
74.25618801566797,1.3380719221003474
74.28619051587633,1.3382963267563568
74.31619301608467,1.3385203603671263
74.34619551629302,1.3387440226869356
74.37619801650138,1.3389673134704698
74.40620051670973,1.339190232472823
74.43620301691807,1.3394127794494959
74.46620551712643,1.339634954156398
74.49620801733478,1.3398567563498474
74.52621051754313,1.3400781857865693
74.55621301775147,1.3402992422236992
74.58621551795983,1.3405199254187812
74.61621801816818,1.3407402351297688
74.64622051837654,1.340960171115025
74.67622301858488,1.3411797331333228
74.70622551879323,1.3413989209438455
74.73622801900159,1.3416177343061868
74.76623051920993,1.3418361729803507
74.79623301941828,1.342054236726753
74.82623551962664,1.3422719253062194
74.85623801983499,1.342489238479989
74.88624052004333,1.3427061760097105
74.91624302025168,1.3429227376574462
74.94624552046004,1.34313892318567
74.9762480206684,1.3433547323572683
75.00625052087673,1.343570164935541
75.03625302108509,1.3437852206841996
75.06625552129344,1.3439998993673703
75.0962580215018,1.3442142007495925
75.12626052171014,1.3444281245958187
75.15626302191849,1.3446416706714168
75.18626552212685,1.344854838742168
75.2162680223352,1.3450676285742682
75.24627052254354,1.3452800399343285
75.2762730227519,1.345492072589375
75.30627552296025,1.3457037263068494
75.3362780231686,1.3459150008546086
75.36628052337694,1.346125896000925
75.3962830235853,1.3463364115144882
75.42628552379365,1.3465465471644038
75.456288024002,1.3467563027201934
75.48629052421035,1.3469656779517962
75.5162930244187,1.3471746726295686
75.54629552462706,1.3473832865242836
75.5762980248354,1.3475915194071326
75.60630052504375,1.3477993710497245
75.6363030252521,1.348006841224087
75.66630552546046,1.348213929702665
75.6963080256688,1.348420636258323
75.72631052587715,1.3486269606643444
75.75631302608551,1.3488329026944312
75.78631552629386,1.3490384621227052
75.8163180265022,1.3492436387237077
75.84632052671056,1.3494484322723996
75.87632302691891,1.3496528425441625
75.90632552712727,1.3498568693147983
75.9363280273356,1.350060512360529
75.96633052754396,1.350263771457998
75.99633302775231,1.3504666463842692
76.02633552796067,1.3506691369168289
76.05633802816901,1.350871242833584
76.08634052837736,1.3510729639128638
76.11634302858572,1.3512742999334195
76.14634552879407,1.3514752506744245
76.17634802900241,1.3516758159154754
76.20635052921077,1.3518759954365906
76.23635302941912,1.3520757890182125
76.26635552962748,1.3522751964412063
76.29635802983582,1.3524742174868607
76.32636053004417,1.3526728519368887
76.35636303025252,1.3528710995734265
76.38636553046088,1.3530689601790353
76.41636803066922,1.3532664335367006
76.44637053087757,1.3534635194298326
76.47637303108593,1.353660217642266
76.50637553129427,1.3538565279582615
76.53637803150262,1.3540524501625046
76.56638053171098,1.3542479840401074
76.59638303191933,1.3544431293766066
76.62638553212767,1.354637885957966
76.65638803233603,1.3548322535705755
76.68639053254438,1.3550262320012516
76.71639303275273,1.355219821037238
76.74639553296107,1.3554130204662047
76.77639803316943,1.35560583007625
76.80640053337778,1.355798249655899
76.83640303358614,1.355990278994105
76.86640553379448,1.356181917880249
76.89640803400283,1.3563731661041407
76.92641053421119,1.3565640234560177
76.95641303441954,1.356754489726547
76.98641553462788,1.356944564706824
77.01641803483624,1.3571342481883732
77.04642053504459,1.3573235399631491
77.07642303525294,1.3575124398235352
77.10642553546128,1.3577009475623452
77.13642803566964,1.3578890629728226
77.16643053587799,1.358076785848642
77.19643303608635,1.3582641159839073
77.22643553629469,1.358451053173154
77.25643803650304,1.3586375972113485
77.2864405367114,1.3588237478938883
77.31644303691974,1.3590095050166018
77.34644553712809,1.3591948683757504
77.37644803733644,1.3593798377680262
77.4064505375448,1.3595644129905535
77.43645303775314,1.3597485938408895
77.4664555379615,1.3599323801170238
77.49645803816985,1.3601157716173784
77.5264605383782,1.3602987681408083
77.55646303858654,1.3604813694866023
77.5864655387949,1.360663575454482
77.61646803900325,1.360845385844603
77.6464705392116,1.3610268004575548
77.67647303941995,1.3612078190943606
77.7064755396283,1.3613884415564785
77.73647803983665,1.3615686676458005
77.76648054004501,1.361748497164654
77.79648304025335,1.3619279299158007
77.8264855404617,1.362106965702438
77.85648804067006,1.3622856043281983
77.88649054087841,1.36246384559715
77.91649304108675,1.362641689313797
77.9464955412951,1.3628191352830792
77.97649804150346,1.362996183310373
78.00650054171182,1.3631728332014914
78.03650304192016,1.3633490847626835
78.06650554212851,1.3635249378006358
78.09650804233686,1.363700392122472
78.1265105425452,1.3638754475357522
78.15651304275356,1.3640501038484751
78.18651554296191,1.364224360869077
78.21651804317027,1.3643982184064312
78.24652054337861,1.36457167626985
78.27652304358696,1.3647447342690846
78.30652554379532,1.364917392214323
78.33652804400367,1.3650896499161937
78.36653054421201,1.3652615071857632
78.39653304442037,1.3654329638345377
78.42653554462872,1.3656040196744628
78.45653804483707,1.365774674517923
78.48654054504541,1.3659449281777434
78.51654304525377,1.366114780467189
78.54654554546212,1.3662842311999648
78.57654804567048,1.3664532801902163
78.60655054587882,1.3666219272525297
78.63655304608717,1.3667901722019318
78.66655554629553,1.366958014853891
78.69655804650388,1.3671254550243164
78.72656054671222,1.3672924925295584
78.75656304692058,1.36745912718641
78.78656554712893,1.3676253588121048
78.81656804733728,1.3677911872243194
78.84657054754562,1.3679566122411722
78.87657304775398,1.368121633681224
78.90657554796233,1.3682862513634788
78.93657804817067,1.3684504651073826
78.96658054837903,1.368614274732825
78.99658304858738,1.368777680060139
79.02658554879574,1.3689406809101006
79.05658804900408,1.369103277103929
79.08659054921243,1.3692654684632888
79.11659304942079,1.369427254810287
79.14659554962914,1.3695886359674758
79.17659804983748,1.3697496117578511
79.20660055004583,1.369910182004854
79.23660305025419,1.3700703465323703
79.26660555046254,1.3702301051647305
79.29660805067088,1.3703894577267106
79.32661055087924,1.3705484040435316
79.35661305108759,1.3707069439408606
79.38661555129595,1.37086507724481
79.41661805150429,1.3710228037819387
79.44662055171264,1.3711801233792509
79.476623051921,1.3713370358641979
79.50662555212935,1.371493541064677
79.53662805233769,1.3716496388090327
79.56663055254604,1.371805328926056
79.5966330527544,1.3719606112449851
79.62663555296275,1.3721154855955058
79.6566380531711,1.3722699518077508
79.68664055337945,1.3724240097123008
79.7166430535878,1.3725776591401844
79.74664555379614,1.3727308999228778
79.7766480540045,1.3728837318923057
79.80665055421285,1.3730361548808414
79.8366530544212,1.3731881687213066
79.86665555462955,1.3733397732469714
79.8966580548379,1.3734909682915553
79.92666055504625,1.3736417536892267
79.95666305525461,1.3737921292746031
79.98666555546295,1.3739420948827523
80.0166680556713,1.3740916503491911
80.04667055587966,1.3742407955098859
80.07667305608801,1.3743895302012539
80.10667555629635,1.3745378542601614
80.1366780565047,1.3746857675239268
80.16668055671306,1.3748332698303172
80.19668305692142,1.3749803610175515
80.22668555712976,1.3751270409242993
80.25668805733811,1.3752733093896814
80.28669055754646,1.3754191662532698
80.31669305775482,1.3755646113550877
80.34669555796316,1.37570964453561
80.37669805817151,1.375854265635764
80.40670055837987,1.3759984744969282
80.43670305858822,1.3761422709609334
80.46670555879656,1.3762856548700633
80.49670805900492,1.376428626067053
80.52671055921327,1.3765711843950916
80.55671305942161,1.37671332969782
80.58671555962997,1.3768550618193325
80.61671805983832,1.3769963806041765
80.64672056004667,1.377137285897353
80.67672306025501,1.377277777544316
80.70672556046337,1.377417855390974
80.73672806067172,1.377557519283688
80.76673056088008,1.3776967690692747
80.79673306108842,1.377835604595004
80.82673556129677,1.3779740257086002
80.85673806150513,1.3781120322582423
80.88674056171348,1.3782496240925641
80.91674306192182,1.378386801060654
80.94674556213018,1.3785235630120554
80.97674806233853,1.3786599097967673
81.00675056254688,1.378795841265244
81.03675306275522,1.3789313572683946
81.06675556296358,1.3790664576575846
81.09675806317193,1.3792011422846355
81.12676056338029,1.379335411001824
81.15676306358863,1.379469263661884
81.18676556379698,1.3796027001180047
81.21676806400534,1.3797357202238323
81.24677056421369,1.37986832383347
81.27677306442203,1.380000510801477
81.30677556463039,1.3801322809828702
81.33677806483874,1.3802636342331234
81.3667805650471,1.3803945704081673
81.39678306525543,1.3805250893643906
81.42678556546379,1.3806551909586395
81.45678806567214,1.3807848750482181
81.48679056588048,1.3809141414908874
81.51679306608884,1.381042990144868
81.54679556629719,1.3811714208688377
81.57679806650555,1.381299433521933
81.60680056671389,1.381427027963749
81.63680306692224,1.3815542040543394
81.6668055671306,1.3816809616542167
81.69680806733895,1.3818073006243528
81.72681056754729,1.3819332208261779
81.75681306775564,1.3820587221215823
81.786815567964,1.3821838043729155
81.81681806817235,1.3823084674429869
81.84682056838069,1.3824327111950647
81.87682306858905,1.3825565354928784
81.9068255687974,1.3826799402006165
81.93682806900576,1.3828029251829281
81.9668305692141,1.3829254903049226
81.99683306942245,1.3830476354321697
82.0268355696308,1.3831693604307003
82.05683806983916,1.3832906651670056
82.0868405700475,1.383411549508038
82.11684307025585,1.3835320133212106
82.14684557046421,1.3836520564743986
82.17684807067256,1.3837716788359375
82.2068505708809,1.383890880274625
82.23685307108926,1.3840096606597205
82.26685557129761,1.384128019860945
82.29685807150595,1.384245957748481
82.3268605717143,1.3843634741929742
82.35686307192266,1.3844805690655315
82.38686557213101,1.384597242237723
82.41686807233935,1.3847134935815808
82.44687057254771,1.3848293229695996
82.47687307275606,1.3849447302747375
82.50687557296442,1.3850597153704145
82.53687807317276,1.385174278130515
82.56688057338111,1.3852884184293854
82.59688307358947,1.3854021361418365
82.62688557379782,1.385515431143142
82.65688807400616,1.3856283033090386
82.68689057421452,1.3857407525157286
82.71689307442287,1.3858527786398764
82.74689557463122,1.3859643815586113
82.77689807483956,1.3860755611495268
82.80690057504792,1.38618631729068
82.83690307525627,1.3862966498605938
82.86690557546463,1.3864065587382541
82.89690807567297,1.3865160438031126
82.92691057588132,1.3866251049350855
82.95691307608968,1.3867337420145538
82.98691557629803,1.3868419549223638
83.01691807650637,1.386949743539827
83.04692057671473,1.3870571077487204
83.07692307692308,1.3871640474312863
83.10692557713142,1.3872705624702324
83.13692807733977,1.3873766527487328
83.16693057754813,1.387482318150427
83.19693307775648,1.3875875585594206
83.22693557796482,1.3876923738602853
83.25693807817318,1.3877967639380593
83.28694057838153,1.3879007286782465
83.31694307858989,1.3880042679668185
83.34694557879823,1.3881073816902123
83.37694807900658,1.3882100697353326
83.40695057921494,1.3883123319895503
83.43695307942329,1.3884141683407036
83.46695557963163,1.3885155786770982
83.49695807983998,1.3886165628875065
83.52696058004834,1.3887171208611682
83.5569630802567,1.388817252487791
83.58696558046503,1.3889169576575502
83.61696808067339,1.3890162362610883
83.64697058088174,1.389115088189516
83.6769730810901,1.3892135133344123
83.70697558129844,1.3893115115878236
83.73697808150679,1.3894090828422652
83.76698058171515,1.3895062269907201
83.7969830819235,1.3896029439266404
83.82698558213184,1.389699233543946
83.8569880823402,1.3897950957370264
83.88699058254855,1.3898905304007392
83.91699308275689,1.3899855374304113
83.94699558296524,1.3900801167218382
83.9769980831736,1.390174268171285
84.00700058338195,1.3902679916754859
84.03700308359029,1.3903612871316444
84.06700558379865,1.3904541544374336
84.097008084007,1.390546593490996
84.12701058421536,1.390638604190944
84.1570130844237,1.3907301864363597
84.18701558463205,1.3908213401267957
84.2170180848404,1.3909120651622735
84.24702058504876,1.3910023614432856
84.2770230852571,1.3910922288707945
84.30702558546545,1.3911816673462334
84.33702808567381,1.3912706767715055
84.36703058588216,1.3913592570489846
84.3970330860905,1.3914474080815156
84.42703558629886,1.391535129772414
84.45703808650721,1.391622422025466
84.48704058671557,1.3917092847449293
84.5170430869239,1.3917957178355318
84.54704558713226,1.3918817212024739
84.57704808734061,1.3919672947514263
84.60705058754897,1.3920524383885315
84.63705308775731,1.3921371520204033
84.66705558796566,1.392221435554128
84.69705808817402,1.3923052888972622
84.72706058838236,1.3923887119578353
84.75706308859071,1.3924717046443489
84.78706558879907,1.3925542668657755
84.81706808900742,1.3926363985315608
84.84707058921576,1.3927180995516224
84.87707308942412,1.39279936983635
84.90707558963247,1.392880209296606
84.93707808984082,1.392960617843725
84.96708059004916,1.3930405953895149
84.99708309025752,1.3931201418462555
85.02708559046587,1.3931992571267002
85.05708809067423,1.3932779411440745
85.08709059088257,1.3933561938120778
85.11709309109092,1.3934340150448818
85.14709559129928,1.3935114047571318
85.17709809150763,1.3935883628639465
85.20710059171597,1.3936648892809176
85.23710309192433,1.3937409839241108
85.26710559213268,1.393816646710065
85.29710809234103,1.3938918775557927
85.32711059254937,1.3939666763787804
85.35711309275773,1.3940410430969883
85.38711559296608,1.3941149776288508
85.41711809317444,1.3941884798932758
85.44712059338278,1.3942615498096458
85.47712309359113,1.3943341872978172
85.50712559379949,1.394406392278121
85.53712809400783,1.394478164671362
85.56713059421618,1.3945495043988203
85.59713309442454,1.3946204113822498
85.62713559463289,1.3946908855438798
85.65713809484123,1.3947609268064132
85.68714059504958,1.3948305350930286
85.71714309525794,1.3948997103273795
85.74714559546629,1.394968452433594
85.77714809567463,1.3950367613362753
85.80715059588299,1.3951046369605018
85.83715309609134,1.3951720792318272
85.8671555962997,1.3952390880762806
85.89715809650804,1.3953056634203662
85.92716059671639,1.3953718051910637
85.95716309692475,1.3954375133158288
85.9871655971331,1.395502787722592
86.01716809734144,1.3955676283397604
86.0471705975498,1.3956320350962161
86.07717309775815,1.3956960079213176
86.1071755979665,1.3957595467448993
86.13717809817484,1.3958226514972714
86.1671805983832,1.39588532210922
86.19718309859155,1.3959475585120078
86.2271855987999,1.3960093606373738
86.25718809900825,1.3960707284175329
86.2871905992166,1.3961316617851764
86.31719309942495,1.3961921606734726
86.34719559963331,1.3962522250160658
86.37719809984165,1.3963118547470772
86.40720060005,1.3963710498011044
86.43720310025836,1.3964298101132222
86.4672056004667,1.3964881356189818
86.49720810067505,1.3965460262544116
86.52721060088341,1.3966034819560167
86.55721310109176,1.3966605026607795
86.5872156013001,1.396717088306159
86.61721810150846,1.3967732388300924
86.64722060171681,1.396828954170993
86.67722310192516,1.396884234267752
86.7072256021335,1.3969390790597385
86.73722810234186,1.3969934884867974
86.76723060255021,1.3970474624892528
86.79723310275857,1.3971010010079057
86.82723560296691,1.3971541039840345
86.85723810317526,1.3972067713593956
86.88724060338362,1.3972590030762235
86.91724310359197,1.39731079907723
86.94724560380031,1.3973621593056047
86.97724810400867,1.3974130837050156
87.00725060421702,1.3974635722196087
87.03725310442537,1.3975136247940076
87.06725560463371,1.3975632413733146
87.09725810484207,1.39761242190311
87.12726060505042,1.3976611663294523
87.15726310525878,1.3977094745988783
87.18726560546712,1.397757346658403
87.21726810567547,1.3978047824555204
87.24727060588383,1.3978517819382026
87.27727310609217,1.3978983450549003
87.30727560630052,1.3979444717545426
87.33727810650888,1.3979901619865378
87.36728060671723,1.3980354157007726
87.39728310692557,1.398080232847612
87.42728560713392,1.398124613377901
87.45728810734228,1.3981685572429625
87.48729060755063,1.3982120643945986
87.51729310775897,1.3982551347850902
87.54729560796733,1.3982977683671978
87.57729810817568,1.3983399650941606
87.60730060838404,1.3983817249196968
87.63730310859238,1.3984230477980042
87.66730560880073,1.3984639336837597
87.69730810900909,1.3985043825321193
87.72731060921744,1.3985443942987184
87.75731310942578,1.398583968939672
87.78731560963413,1.3986231064115744
87.81731810984249,1.3986618066714993
87.84732061005084,1.3987000696770004
87.87732311025918,1.3987378953861103
87.90732561046754,1.3987752837573417
87.93732811067589,1.3988122347496867
87.96733061088425,1.3988487483226173
87.99733311109259,1.3988848244360852
88.02733561130094,1.398920463050522
88.0573381115093,1.3989556641268392
88.08734061171764,1.398990427626428
88.11734311192599,1.3990247535111593
88.14734561213434,1.3990586417433846
88.1773481123427,1.399092092285935
88.20735061255104,1.3991251051021216
88.2373531127594,1.3991576801557362
88.26735561296775,1.3991898174110498
88.2973581131761,1.3992215168328146
88.32736061338444,1.3992527783862618
88.3573631135928,1.3992836020371044
88.38736561380115,1.3993139877515344
88.4173681140095,1.3993439354962245
88.44737061421785,1.399373445238328
88.4773731144262,1.3994025169454785
88.50737561463455,1.39943115058579
88.53737811484291,1.3994593461278566
88.56738061505125,1.399487103540754
88.5973831152596,1.3995144227940368
88.62738561546796,1.3995413038577418
88.65738811567631,1.3995677467023857
88.68739061588465,1.3995937512989656
88.717393116093,1.3996193176189593
88.74739561630136,1.3996444456343258
88.77739811650972,1.3996691353175048
88.80740061671806,1.399693386641416
88.83740311692641,1.3997171995794608
88.86740561713476,1.3997405741055209
88.8974081173431,1.399763510193959
88.92741061755146,1.3997860078196187
88.95741311775981,1.3998080669578243
88.98741561796817,1.3998296875843819
89.01741811817651,1.399850869675577
89.04742061838486,1.3998716132081772
89.07742311859322,1.3998919181594311
89.10742561880157,1.399911784507068
89.13742811900991,1.3999312122292986
89.16743061921827,1.3999502013048142
89.19743311942662,1.3999687517127875
89.22743561963497,1.3999868634328725
89.25743811984331,1.4000045364452038
89.28744062005167,1.4000217707303981
89.31744312026002,1.4000385662695525
89.34744562046838,1.4000549230442452
89.37744812067672,1.4000708410365363
89.40745062088507,1.4000863202289668
89.43745312109343,1.4001013606045594
89.46745562130178,1.4001159621468173
89.49745812151012,1.4001301248397255
89.52746062171848,1.4001438486677502
89.55746312192683,1.4001571336158394
89.58746562213518,1.400169979669422
89.61746812234352,1.400182386814408
89.64747062255188,1.4001943550371896
89.67747312276023,1.4002058843246399
89.70747562296857,1.4002169746641133
89.73747812317693,1.400227626043446
89.76748062338528,1.4002378384509557
89.79748312359364,1.400247611875441
89.82748562380198,1.4002569463061827
89.85748812401033,1.4002658417329423
89.88749062421869,1.400274298145964
89.91749312442704,1.4002823155359718
89.94749562463538,1.400289893894173
89.97749812484373,1.4002970332122553
90.00750062505209,1.400303733482388
90.03750312526044,1.4003099946972226
90.06750562546878,1.4003158168498917
90.09750812567714,1.4003211999340093
90.12751062588549,1.4003261439436714
90.15751312609385,1.4003306488734555
90.18751562630219,1.4003347147184204
90.21751812651054,1.4003383414741066
90.2475206267189,1.4003415291365362
90.27752312692725,1.4003442777022133
90.30752562713559,1.4003465871681229
90.33752812734394,1.4003484575317322
90.3675306275523,1.4003498887909895
90.39753312776065,1.4003508809443255
90.427535627969,1.4003514339906515
90.45753812817735,1.4003515479293611
90.4875406283857,1.4003512227603292
90.51754312859404,1.4003504584839126
90.5475456288024,1.4003492551009495
90.57754812901075,1.40034761261276
90.6075506292191,1.4003455310211452
90.63755312942745,1.4003430103283885
90.6675556296358,1.4003400505372545
90.69755812984415,1.4003366516509894
90.72756063005251,1.4003328136733215
90.75756313026085,1.40032853660846
90.7875656304692,1.4003238204610957
90.81756813067756,1.400318665236402
90.84757063088591,1.4003130709400327
90.87757313109425,1.400307037578124
90.9075756313026,1.4003005651572926
90.93757813151096,1.4002936536846384
90.96758063171931,1.4002863031677415
90.99758313192766,1.400278513614664
91.02758563213601,1.4002702850339495
91.05758813234436,1.4002616174346232
91.08759063255272,1.4002525108261918
91.11759313276106,1.4002429652186434
91.14759563296941,1.4002329806224478
91.17759813317777,1.400222557048556
91.20760063338612,1.4002116945084009
91.23760313359446,1.4002003930138964
91.26760563380282,1.4001886525774379
91.29760813401117,1.4001764732119024
91.32761063421952,1.4001638549306485
91.35761313442787,1.400150797747516
91.38761563463622,1.400137301676826
91.41761813484457,1.400123366733381
91.44762063505291,1.400108992932465
91.47762313526127,1.4000941802898432
91.50762563546962,1.4000789288217623
91.53762813567798,1.4000632385449503
91.56763063588632,1.400047109476616
91.59763313609467,1.40003054163445
91.62763563630303,1.4000135350366243
91.65763813651138,1.3999960897017913
91.68764063671972,1.3999782056490857
91.71764313692807,1.3999598828981223
91.74764563713643,1.399941121468998
91.77764813734478,1.3999219213822902
91.80765063755312,1.3999022826590577
91.83765313776148,1.3998822053208406
91.86765563796983,1.3998616893896594
91.89765813817819,1.3998407348880164
91.92766063838653,1.3998193418388944
91.95766313859488,1.3997975102657578
91.98766563880324,1.3997752401925512
92.01766813901159,1.3997525316437005
92.04767063921993,1.399729384644113
92.07767313942828,1.399705799219176
92.10767563963664,1.3996817753947584
92.137678139845,1.3996573131972094
92.16768064005333,1.3996324126533595
92.19768314026169,1.3996070737905195
92.22768564047004,1.3995812966364816
92.25768814067838,1.399555081219518
92.28769064088674,1.3995284275683821
92.31769314109509,1.3995013357123076
92.34769564130345,1.399473805681009
92.37769814151179,1.3994458375046817
92.40770064172014,1.3994174312140009
92.4377031419285,1.399388586840123
92.46770564213685,1.3993593044146846
92.49770814234519,1.399329583969803
92.52771064255354,1.3992994255380755
92.5577131427619,1.3992688291525803
92.58771564297025,1.3992377948468755
92.61771814317859,1.3992063226549996
92.64772064338695,1.3991744126114716
92.6777231435953,1.3991420647512907
92.70772564380366,1.399109279109936
92.737728144012,1.399076055723367
92.76773064422035,1.3990423946280235
92.7977331444287,1.399008295860825
92.82773564463706,1.3989737594591711
92.8577381448454,1.3989387854609419
92.88774064505375,1.3989033739044967
92.91774314526211,1.3988675248286753
92.94774564547046,1.398831238272797
92.9777481456788,1.3987945142766611
93.00775064588716,1.3987573528805468
93.03775314609551,1.398719754125213
93.06775564630385,1.398681718051898
93.0977581465122,1.39864324470232
93.12776064672056,1.398604334118677
93.15776314692891,1.3985649863436458
93.18776564713725,1.398525201420384
93.21776814734561,1.3984849793925274
93.24777064755396,1.3984443203041916
93.27777314776232,1.3984032241999724
93.30777564797066,1.3983616911249435
93.33777814817901,1.3983197211246592
93.36778064838737,1.398277314245152
93.39778314859572,1.398234470532934
93.42778564880406,1.3981911900349968
93.45778814901242,1.3981474727988101
93.48779064922077,1.398103318872324
93.51779314942912,1.3980587283039658
93.54779564963746,1.3980137011426437
93.57779814984582,1.397968237437743
93.60780065005417,1.3979223372391285
93.63780315026253,1.3978760005971442
93.66780565047087,1.397829227562612
93.69780815067922,1.3977820181868332
93.72781065088758,1.3977343725215874
93.75781315109593,1.397686290619132
93.78781565130427,1.397637772532204
93.81781815151263,1.3975888183140182
93.84782065172098,1.3975394280182676
93.87782315192932,1.397489601699124
93.90782565213767,1.397439339411237
93.93782815234603,1.3973886412097347
93.96783065255438,1.3973375071502234
93.99783315276272,1.3972859372887867
94.02783565297108,1.3972339316819868
94.05783815317943,1.3971814903868642
94.08784065338779,1.3971286134609362
94.11784315359613,1.3970753009621988
94.14784565380448,1.3970215529491254
94.17784815401284,1.3969673694806672
94.20785065422119,1.3969127506162529
94.23785315442953,1.3968576964157886
94.26785565463788,1.396802206939658
94.29785815484624,1.3967462822487227
94.3278606550546,1.3966899224043205
94.35786315526293,1.396633127468268
94.38786565547129,1.3965758975028575
94.41786815567964,1.3965182325708594
94.447870655888,1.396460132735521
94.47787315609634,1.3964015980605664
94.50787565630469,1.396342628610197
94.53787815651305,1.3962832244490904
94.5678806567214,1.3962233856424016
94.59788315692974,1.396163112255762
94.6278856571381,1.39610240435528
94.65788815734645,1.3960412620075404
94.68789065755479,1.3959796852796043
94.71789315776314,1.3959176742390091
94.7478956579715,1.3958552289537693
94.77789815817985,1.3957923494923752
94.80790065838819,1.395729035923793
94.83790315859655,1.3956652883174656
94.8679056588049,1.3956011067433118
94.89790815901326,1.3955364912717263
94.9279106592216,1.3954714419735794
94.95791315942995,1.3954059589202177
94.9879156596383,1.3953400421834634
95.01791815984666,1.3952736918356141
95.047920660055,1.3952069079494438
95.07792316026335,1.3951396905982008
95.10792566047171,1.3950720398556098
95.13792816068006,1.3950039557958704
95.1679306608884,1.3949354384936576
95.19793316109676,1.3948664880241215
95.22793566130511,1.3947971044628873
95.25793816151347,1.3947272878860553
95.2879406617218,1.3946570383702008
95.31794316193016,1.3945863559923737
95.34794566213851,1.394515240830099
95.37794816234687,1.3944436929613762
95.40795066255521,1.394371712464679
95.43795316276356,1.3942992994189565
95.46795566297192,1.3942264539036313
95.49795816318026,1.394153175998601
95.52796066338861,1.394079465784237
95.55796316359697,1.3940053233413856
95.58796566380532,1.393930748751366
95.61796816401366,1.3938557420959723
95.64797066422202,1.393780303457472
95.67797316443037,1.393704432918607
95.70797566463872,1.3936281305625922
95.73797816484706,1.3935513964731165
95.76798066505542,1.3934742307343422
95.79798316526377,1.3933966334309054
95.82798566547213,1.393318604647915
95.85798816568047,1.3932401444709532
95.88799066588882,1.393161252986076
95.91799316609718,1.3930819302798114
95.94799566630553,1.3930021764391618
95.97799816651387,1.392921991551601
96.00800066672222,1.3928413757050764
96.03800316693058,1.3927603289880077
96.06800566713893,1.3926788514892878
96.09800816734727,1.3925969432982814
96.12801066755563,1.392514604504826
96.15801316776398,1.3924318351992309
96.18801566797234,1.3923486354722783
96.21801816818068,1.392265005415222
96.24802066838903,1.3921809451197875
96.27802316859739,1.3920964546781733
96.30802566880574,1.3920115341830486
96.33802816901408,1.3919261837275545
96.36803066922243,1.391840403405304
96.39803316943079,1.3917541933103816
96.42803566963913,1.3916675535373426
96.45803816984748,1.3915804841812145
96.48804067005584,1.3914929853374949
96.51804317026419,1.3914050571021532
96.54804567047253,1.3913166995716297
96.57804817068089,1.3912279128428353
96.60805067088924,1.3911386970131518
96.6380531710976,1.3910490521804317
96.66805567130594,1.3909589784429977
96.69805817151429,1.3908684758996435
96.72806067172264,1.3907775446496322
96.758063171931,1.3906861847926983
96.78806567213934,1.3905943964290455
96.8180681723477,1.3905021796593477
96.84807067255605,1.390409534584749
96.8780731727644,1.3903164613068628
96.90807567297274,1.3902229599277727
96.9380781731811,1.390129030550031
96.96808067338945,1.3900346732766602
96.9980831735978,1.3899398882111522
97.02808567380615,1.3898446754574671
97.0580881740145,1.3897490351200354
97.08809067422285,1.3896529673037554
97.11809317443121,1.3895564721139952
97.14809567463955,1.3894595496565914
97.1780981748479,1.3893622000378483
97.20810067505626,1.3892644233645401
97.2381031752646,1.389166219743909
97.26810567547295,1.3890675892836646
97.2981081756813,1.3889685320919858
97.32811067588966,1.3888690482775188
97.358113176098,1.388769137949378
97.38811567630636,1.388668801217146
97.41811817651471,1.388568038190872
97.44812067672306,1.3884668489810739
97.4781231769314,1.3883652336987364
97.50812567713976,1.388263192455312
97.53812817734811,1.3881607253627195
97.56813067755647,1.3880578325333457
97.59813317776481,1.3879545140800442
97.62813567797316,1.3878507701161351
97.65813817818152,1.3877466007554051
97.68814067838987,1.387642006112108
97.71814317859821,1.3875369863009634
97.74814567880657,1.3874315414371583
97.77814817901492,1.3873256716363445
97.80815067922327,1.3872193770146408
97.83815317943161,1.387112657688632
97.86815567963997,1.3870055137753678
97.89815817984832,1.3868979453923649
97.92816068005668,1.3867899526576046
97.95816318026502,1.3866815356895337
97.98816568047337,1.386572694607065
98.01816818068173,1.3864634295295755
98.04817068089007,1.386353740576908
98.07817318109842,1.3862436278693697
98.10817568130678,1.386133091527733
98.13817818151513,1.386022131673235
98.16818068172347,1.3859107484275766
98.19818318193182,1.385798941912924
98.22818568214018,1.3856867122519065
98.25818818234853,1.385574059567619
98.28819068255687,1.3854609839836192
98.31819318276523,1.385347485623929
98.34819568297358,1.3852335646130338
98.37819818318194,1.3851192210758831
98.40820068339028,1.3850044551378895
98.43820318359863,1.384889266924929
98.46820568380699,1.3847736565633402
98.49820818401534,1.3846576241799258
98.52821068422368,1.38454116990195
98.55821318443203,1.3844242938571412
98.58821568464039,1.3843069961736894
98.61821818484874,1.3841892769802469
98.64822068505708,1.3840711364059295
98.67822318526544,1.3839525745803138
98.70822568547379,1.3838335916334394
98.73822818568215,1.3837141876958075
98.76823068589049,1.3835943628983807
98.79823318609884,1.3834741173725837
98.8282356863072,1.3833534512503023
98.85823818651554,1.3832323646638838
98.88824068672389,1.3831108577461366
98.91824318693224,1.3829889306303302
98.9482456871406,1.3828665834501952
98.97824818734894,1.382743816339922
99.0082506875573,1.3826206294341628
99.03825318776565,1.3824970228680291
99.068255687974,1.382372996777094
99.09825818818234,1.3822485512973894
99.1282606883907,1.382123686565408
99.15826318859905,1.381998402718102
99.1882656888074,1.3818726998928836
99.21826818901575,1.3817465782276241
99.2482706892241,1.3816200378606545
99.27827318943245,1.3814930789307651
99.30827568964081,1.381365701577205
99.33827818984915,1.3812379059396824
99.3682806900575,1.381109692158364
99.39828319026586,1.380981060373876
99.42828569047421,1.380852010727302
99.45828819068255,1.3807225433601842
99.4882906908909,1.3805926584145234
99.51829319109926,1.380462356032778
99.54829569130762,1.3803316363578644
99.57829819151596,1.3802004995331567
99.60830069172431,1.3800689457024862
99.63830319193266,1.3799369750101422
99.668305692141,1.3798045876008707
99.69830819234936,1.379671783619875
99.72831069255771,1.3795385632128152
99.75831319276607,1.379404926525808
99.78831569297441,1.3792708737054271
99.81831819318276,1.379136404898702
99.84832069339112,1.3790015202531192
99.87832319359947,1.3788662199166208
99.90832569380781,1.378730504037605
99.93832819401617,1.3785943727649252
99.96833069422452,1.3784578262478917
99.99833319443287,1.3783208646362688
100.02833569464121,1.3781834880802775
100.05833819484957,1.378045696730592
100.08834069505792,1.3779074907383437
100.11834319526628,1.3777688702551172
100.14834569547462,1.3776298354329521
100.17834819568297,1.3774903864243428
100.20835069589133,1.3773505233822376
100.23835319609968,1.3772102464600389
100.26835569630802,1.3770695558116035
100.29835819651638,1.3769284515912412
100.32836069672473,1.3767869339537167
100.35836319693308,1.3766450030542463
100.38836569714142,1.3765026590485012
100.41836819734978,1.376359902092605
100.44837069755813,1.376216732343134
100.47837319776647,1.3760731499571182
100.50837569797483,1.3759291550920387
100.53837819818318,1.3757847479058305
100.56838069839154,1.3756399285568799
100.59838319859988,1.3754946972040256
100.62838569880823,1.375349054006558
100.65838819901658,1.3752029991242196
100.68839069922494,1.375056532717204
100.71839319943328,1.3749096549461566
100.74839569964163,1.3747623659721735
100.77839819984999,1.3746146659568017
100.80840070005834,1.37446655506204
100.83840320026668,1.374318033450337
100.86840570047504,1.374169101284592
100.89840820068339,1.3740197587281546
100.92841070089175,1.3738700059448246
100.95841320110009,1.3737198430988515
100.98841570130844,1.3735692703549347
101.0184182015168,1.3734182878782235
101.04842070172515,1.373266895834316
101.07842320193349,1.3731150943892598
101.10842570214184,1.3729628837095518
101.1384282023502,1.3728102639621373
101.16843070255855,1.3726572353144104
101.19843320276689,1.372503797934214
101.22843570297525,1.3723499519898388
101.2584382031836,1.372195697650024
101.28844070339196,1.3720410350839567
101.3184432036003,1.3718859644612715
101.34844570380865,1.3717304859520505
101.378448204017,1.3715745997268236
101.40845070422534,1.3714183059565679
101.4384532044337,1.3712616048127066
101.46845570464205,1.371104496467111
101.49845820485041,1.3709469810920982
101.52846070505875,1.3707890588604317
101.5584632052671,1.3706307299453215
101.58846570547546,1.3704719945204238
101.61846820568381,1.3703128527598403
101.64847070589215,1.3701533048381187
101.6784732061005,1.369993350930252
101.70847570630886,1.3698329912116782
101.73847820651721,1.3696722258582812
101.76848070672555,1.369511055046389
101.79848320693391,1.3693494789527747
101.82848570714226,1.3691874977546556
101.85848820735062,1.369025111629694
101.88849070755896,1.3688623207559956
101.91849320776731,1.3686991253121106
101.94849570797567,1.368535525477032
101.97849820818402,1.3683715214301975
102.00850070839236,1.3682071133514877
102.03850320860072,1.3680423014212257
102.06850570880907,1.367877085820179
102.09850820901742,1.367711466729556
102.12851070922576,1.3675454443310093
102.15851320943412,1.3673790188066328
102.18851570964247,1.3672121903389634
102.21851820985081,1.3670449591109788
102.24852071005917,1.3668773253060995
102.27852321026752,1.3667092891081871
102.30852571047588,1.3665408507015444
102.33852821068422,1.3663720102709163
102.36853071089257,1.3662027680014868
102.39853321110093,1.3660331240788826
102.42853571130928,1.3658630786891695
102.45853821151762,1.3656926320188547
102.48854071172597,1.3655217842548848
102.51854321193433,1.3653505355846465
102.54854571214268,1.3651788861959662
102.57854821235102,1.3650068362771102
102.60855071255938,1.3648343860167835
102.63855321276773,1.3646615356041303
102.66855571297609,1.3644882852287343
102.69855821318443,1.3643146350806175
102.72856071339278,1.3641405853502397
102.75856321360114,1.3639661362285
102.78856571380949,1.3637912879067353
102.81856821401783,1.3636160405767201
102.84857071422618,1.3634403944306663
102.87857321443454,1.3632643496612238
102.9085757146429,1.3630879064614794
102.93857821485123,1.362911065024957
102.96858071505959,1.3627338255456172
102.99858321526794,1.3625561882178572
103.02858571547628,1.3623781532365107
103.05858821568464,1.362199720796847
103.08859071589299,1.3620208910945724
103.11859321610135,1.361841664325828
103.14859571630969,1.3616620406871904
103.17859821651804,1.3614820203756723
103.2086007167264,1.3613016035887207
103.23860321693475,1.3611207905242177
103.26860571714309,1.3609395813804799
103.29860821735144,1.360757976356259
103.3286107175598,1.3605759756507396
103.35861321776815,1.3603935794635413
103.38861571797649,1.3602107879947178
103.41861821818485,1.3600276014447552
103.4486207183932,1.3598440200145736
103.47862321860156,1.3596600439055262
103.5086257188099,1.3594756733193991
103.53862821901825,1.3592909084584104
103.5686307192266,1.359105749525212
103.59863321943496,1.3589201967228863
103.6286357196433,1.3587342502549498
103.65863821985165,1.3585479103253484
103.68864072006001,1.3583611771384614
103.71864322026836,1.3581740508990987
103.7486457204767,1.3579865318125013
103.77864822068506,1.357798620084341
103.80865072089341,1.3576103159207207
103.83865322110175,1.3574216195281732
103.8686557213101,1.357232531113662
103.89865822151846,1.3570430508845799
103.92866072172681,1.35685317904875
103.95866322193515,1.3566629158144248
103.98866572214351,1.356472261390286
104.01866822235186,1.3562812159854443
104.04867072256022,1.3560897798094398
104.07867322276856,1.3558979530722401
104.10867572297691,1.3557057359842424
104.13867822318527,1.3555131287562707
104.16868072339362,1.3553201315995784
104.19868322360196,1.3551267447258457
104.22868572381032,1.3549329683471798
104.25868822401867,1.3547388026761162
104.28869072422702,1.3545442479256167
104.31869322443536,1.35434930430907
104.34869572464372,1.3541539720402915
104.37869822485207,1.3539582513335222
104.40870072506043,1.35376214240343
104.43870322526877,1.3535656454651086
104.46870572547712,1.353368760734076
104.49870822568548,1.3531714884262773
104.52871072589383,1.352973828758081
104.55871322610217,1.3527757819462822
104.58871572631053,1.352577348208099
104.61871822651888,1.352378527761175
104.64872072672722,1.3521793208235773
104.67872322693557,1.3519797276137973
104.70872572714393,1.3517797483507499
104.73872822735228,1.3515793832537732
104.76873072756062,1.3513786325426291
104.79873322776898,1.3511774964375016
104.82873572797733,1.3509759751589985
104.85873822818569,1.3507740689281489
104.88874072839403,1.3505717779664048
104.91874322860238,1.3503691024956401
104.94874572881074,1.3501660427381503
104.97874822901909,1.3499625989166524
105.00875072922743,1.3497587712542847
105.03875322943578,1.3495545599746064
105.06875572964414,1.3493499653015977
105.09875822985249,1.3491449874596593
105.12876073006083,1.3489396266736113
105.15876323026919,1.3487338831686955
105.18876573047754,1.3485277571705716
105.2187682306859,1.3483212489053202
105.24877073089424,1.3481143585994406
105.27877323110259,1.3479070864798512
105.30877573131094,1.3476994327738891
105.3387782315193,1.3474913977093101
105.36878073172764,1.3472829815142884
105.398783231936,1.3470741844174154
105.42878573214435,1.3468650066477015
105.45878823235269,1.3466554484345736
105.48879073256104,1.3464455100078765
105.5187932327694,1.3462351915978714
105.54879573297775,1.3460244934352374
105.57879823318609,1.3458134157510688
105.60880073339445,1.3456019587768773
105.6388032336028,1.3453901227445892
105.66880573381115,1.3451779078865482
105.6988082340195,1.3449653144355123
105.72881073422785,1.344752342624655
105.7588132344362,1.3445389926875655
105.78881573464456,1.3443252648582467
105.8188182348529,1.3441111593711166
105.84882073506125,1.3438966764610072
105.8788232352696,1.3436818163631645
105.90882573547796,1.3434665793132483
105.9388282356863,1.3432509655473317
105.96883073589466,1.343034975301901
105.99883323610301,1.3428186088138556
106.02883573631136,1.3426018663205075
106.0588382365197,1.342384748059581
106.08884073672806,1.342167254269212
106.11884323693641,1.3419493851879496
106.14884573714477,1.3417311410547534
106.17884823735311,1.3415125221089952
106.20885073756146,1.341293528590457
106.23885323776982,1.341074160739332
106.26885573797817,1.3408544187962246
106.29885823818651,1.3406343030021484
106.32886073839487,1.3404138135985275
106.35886323860322,1.3401929508271966
106.38886573881156,1.3399717149303985
106.41886823901991,1.3397501061507862
106.44887073922827,1.3395281247314212
106.47887323943662,1.3393057709157743
106.50887573964496,1.3390830449477242
106.53887823985332,1.3388599470715579
106.56888074006167,1.3386364775319701
106.59888324027003,1.3384126365740638
106.62888574047837,1.3381884244433488
106.65888824068672,1.3379638413857424
106.68889074089508,1.3377388876475682
106.71889324110343,1.3375135634755566
106.74889574131177,1.3372878691168448
106.77889824152012,1.3370618048189753
106.80890074172848,1.3368353708298966
106.83890324193683,1.3366085673979629
106.86890574214517,1.3363813947719334
106.89890824235353,1.336153853200972
106.92891074256188,1.335925942934648
106.95891324277024,1.3356976642229341
106.98891574297858,1.3354690173162083
107.01891824318693,1.3352400024652509
107.04892074339529,1.3350106199212473
107.07892324360364,1.334780869935785
107.10892574381198,1.3345507527608556
107.13892824402033,1.3343202686488524
107.16893074422869,1.334089417852572
107.19893324443703,1.3338582006252124
107.22893574464538,1.3336266172203741
107.25893824485374,1.3333946678920592
107.28894074506209,1.3331623528946706
107.31894324527043,1.3329296724830129
107.34894574547879,1.332696626912291
107.37894824568714,1.332463216438111
107.4089507458955,1.3322294413164781
107.43895324610384,1.3319953018037989
107.46895574631219,1.3317607981568784
107.49895824652054,1.3315259306329215
107.5289607467289,1.3312906994895322
107.55896324693724,1.3310551049847132
107.5889657471456,1.3308191473768662
107.61896824735395,1.3305828269247901
107.6489707475623,1.3303461438876834
107.67897324777064,1.3301090985251405
107.708975747979,1.3298716910971544
107.73897824818735,1.3296339218641147
107.7689807483957,1.329395791086808
107.79898324860405,1.3291572990264178
107.8289857488124,1.328918445944523
107.85898824902075,1.328679232103099
107.88899074922911,1.328439657764517
107.91899324943745,1.3281997231915437
107.9489957496458,1.3279594286473397
107.97899824985416,1.3277187743954624
108.0090007500625,1.3274777606998622
108.03900325027085,1.3272363878248843
108.0690057504792,1.3269946560352677
108.09900825068756,1.3267525655961452
108.1290107508959,1.326510116773043
108.15901325110426,1.32626730983188
108.18901575131261,1.3260241450389685
108.21901825152096,1.3257806226610125
108.2490207517293,1.3255367429651093
108.27902325193766,1.3252925062187468
108.30902575214601,1.3250479126898058
108.33902825235437,1.3248029626465574
108.36903075256271,1.3245576563576642
108.39903325277106,1.3243119940921795
108.42903575297942,1.3240659761195472
108.45903825318777,1.3238196027096008
108.48904075339611,1.323572874132564
108.51904325360447,1.3233257906590503
108.54904575381282,1.323078352560062
108.57904825402117,1.3228305601069907
108.60905075422951,1.3225824135716164
108.63905325443787,1.3223339132261076
108.66905575464622,1.3220850593430207
108.69905825485458,1.3218358521953002
108.72906075506292,1.3215862920562775
108.75906325527127,1.321336379199672
108.78906575547963,1.3210861138995889
108.81906825568797,1.3208354964305211
108.84907075589632,1.3205845270673469
108.87907325610468,1.3203332060853306
108.90907575631303,1.3200815337601228
108.93907825652137,1.319829510367759
108.96908075672972,1.31957713618466
108.99908325693808,1.3193244114876306
109.02908575714643,1.3190713365538613
109.05908825735477,1.3188179116609255
109.08909075756313,1.3185641370867813
109.11909325777148,1.3183100131097698
109.14909575797984,1.3180555400086158
109.17909825818818,1.3178007180624267
109.20910075839653,1.3175455475506923
109.23910325860489,1.3172900287532856
109.26910575881324,1.3170341619504604
109.29910825902158,1.3167779474228531
109.32911075922993,1.316521385451481
109.35911325943829,1.316264476317743
109.38911575964664,1.3160072203034179
109.41911825985498,1.315749617690666
109.44912076006334,1.3154916687620268
109.47912326027169,1.3152333738004205
109.50912576048005,1.3149747330891461
109.53912826068839,1.3147157469118824
109.56913076089674,1.3144564155526866
109.5991332611051,1.3141967392959946
109.62913576131344,1.3139367184266213
109.65913826152179,1.3136763532297584
109.68914076173014,1.313415643990976
109.7191432619385,1.3131545909962217
109.74914576214684,1.3128931945318194
109.77914826235519,1.3126314548844704
109.80915076256355,1.3123693723412524
109.8391532627719,1.3121069471896183
109.86915576298024,1.311844179717398
109.8991582631886,1.3115810702127961
109.92916076339695,1.3113176189643925
109.9591632636053,1.311053826261142
109.98916576381365,1.3107896923923739
110.019168264022,1.3105252176477915
110.04917076423035,1.3102604023174722
110.07917326443871,1.309995246691867
110.10917576464705,1.3097297510617998
110.1391782648554,1.3094639157184678
110.16918076506376,1.3091977409534405
110.19918326527211,1.3089312270586602
110.22918576548045,1.3086643743264403
110.2591882656888,1.3083971830494665
110.28919076589716,1.3081296535207958
110.31919326610551,1.307861786033856
110.34919576631385,1.3075935808824455
110.37919826652221,1.3073250383607329
110.40920076673056,1.3070561587632574
110.4392032669389,1.3067869423849277
110.46920576714726,1.3065173895210216
110.49920826735561,1.306247500467186
110.52921076756397,1.305977275519437
110.55921326777231,1.3057067149741586
110.58921576798066,1.305435819128103
110.61921826818902,1.3051645882783904
110.64922076839737,1.3048930227225082
110.67922326860571,1.304621122758311
110.70922576881406,1.30434888868402
110.73922826902242,1.304076320798223
110.76923076923077,1.3038034193998742
110.79923326943911,1.3035301847882932
110.82923576964747,1.303256617263165
110.85923826985582,1.3029827171245403
110.88924077006418,1.3027084846728338
110.91924327027252,1.3024339202088255
110.94924577048087,1.3021590240336591
110.97924827068923,1.3018837964488421
111.00925077089758,1.301608237756246
111.03925327110592,1.3013323482581045
111.06925577131427,1.301056128257015
111.09925827152263,1.3007795780559368
111.12926077173098,1.3005026979581922
111.15926327193932,1.3002254882674644
111.18926577214768,1.2999479492877986
111.21926827235603,1.2996700813236008
111.24927077256439,1.2993918846796384
111.27927327277273,1.2991133596610391
111.30927577298108,1.2988345065732902
111.33927827318944,1.2985553257222398
111.36928077339778,1.2982758174140945
111.39928327360613,1.2979959819554205
111.42928577381448,1.297715819653143
111.45928827402284,1.2974353308145459
111.48929077423118,1.2971545157472704
111.51929327443953,1.2968733747593162
111.54929577464789,1.29659190815904
111.57929827485624,1.296310116255156
111.60930077506458,1.2960279993567354
111.63930327527294,1.295745557773205
111.66930577548129,1.2954627918143489
111.69930827568965,1.2951797017903057
111.72931077589799,1.2948962880115706
111.75931327610634,1.2946125507889927
111.7893157763147,1.2943284904337773
111.81931827652305,1.2940441072574826
111.84932077673139,1.2937594015720224
111.87932327693974,1.2934743736896628
111.9093257771481,1.293189023923024
111.93932827735645,1.2929033525850793
111.96933077756479,1.2926173599891548
111.99933327777315,1.2923310464489282
112.0293357779815,1.29204441227843
112.05933827818986,1.2917574577920423
112.0893407783982,1.2914701833044981
112.11934327860655,1.291182589130882
112.1493457788149,1.2908946755866277
112.17934827902324,1.290606442987522
112.2093507792316,1.2903178916496985
112.23935327943995,1.2900290218896426
112.26935577964831,1.2897398340241883
112.29935827985665,1.289450328370518
112.329360780065,1.2891605052461634
112.35936328027336,1.2888703649690039
112.38936578048171,1.288579907857267
112.41936828069005,1.2882891342295277
112.4493707808984,1.2879980444047079
112.47937328110676,1.2877066387020764
112.50937578131511,1.2874149174412488
112.53937828152345,1.2871228809421866
112.56938078173181,1.2868305295251967
112.59938328194016,1.2865378635109321
112.62938578214852,1.28624488322039
112.65938828235686,1.2859515889749134
112.68939078256521,1.2856579810961883
112.71939328277357,1.2853640599062461
112.74939578298192,1.2850698257274604
112.77939828319026,1.2847752788825497
112.80940078339862,1.2844804196945738
112.83940328360697,1.2841852484869363
112.86940578381532,1.2838897655833823
112.89940828402366,1.2835939713079996
112.92941078423202,1.2832978659852161
112.95941328444037,1.2830014499398021
112.98941578464871,1.2827047234968687
113.01941828485707,1.2824076869818666
113.04942078506542,1.2821103407205872
113.07942328527378,1.2818126850391613
113.10942578548212,1.28151472026406
113.13942828569047,1.2812164467220917
113.16943078589883,1.2809178647404051
113.19943328610718,1.280618974646486
113.22943578631552,1.2803197767681593
113.25943828652387,1.2800202714335862
113.28944078673223,1.279720458971266
113.31944328694058,1.2794203397100352
113.34944578714892,1.2791199139790654
113.37944828735728,1.2788191821078656
113.40945078756563,1.27851814442628
113.43945328777399,1.2782168012644886
113.46945578798233,1.2779151529530057
113.49945828819068,1.2776131998226814
113.52946078839904,1.2773109422046989
113.55946328860739,1.2770083804305765
113.58946578881573,1.2767055148321655
113.61946828902408,1.2764023457416502
113.64947078923244,1.2760988734915486
113.67947328944079,1.2757950984147102
113.70947578964913,1.2754910208443178
113.73947828985749,1.2751866411138844
113.76948079006584,1.274881959557256
113.79948329027418,1.274576976508609
113.82948579048254,1.2742716923024502
113.85948829069089,1.2739661072736168
113.88949079089925,1.2736602217572766
113.91949329110759,1.2733540360889264
113.94949579131594,1.2730475506043917
113.9794982915243,1.2727407656398282
114.00950079173265,1.2724336815317188
114.03950329194099,1.2721262986168753
114.06950579214934,1.2718186172324366
114.0995082923577,1.2715106377158698
114.12951079256605,1.271202360404968
114.15951329277439,1.2708937856378522
114.18951579298275,1.2705849137529677
114.2195182931911,1.2702757450890876
114.24952079339945,1.2699662799853098
114.2795232936078,1.2696565187810571
114.30952579381615,1.2693464618160772
114.3395282940245,1.2690361094304423
114.36953079423286,1.268725461964549
114.3995332944412,1.2684145197591163
114.42953579464955,1.2681032831551882
114.45953829485791,1.2677917524941298
114.48954079506626,1.26747992811763
114.5195432952746,1.2671678103677
114.54954579548296,1.2668553995866714
114.57954829569131,1.2665426961171984
114.60955079589965,1.2662297003022558
114.639553296108,1.2659164124851392
114.66955579631636,1.2656028330094644
114.69955829652471,1.2652889622191668
114.72956079673305,1.264974800458502
114.75956329694141,1.2646603480720437
114.78956579714976,1.2643456054046853
114.81956829735812,1.2640305728016386
114.84957079756646,1.2637152506084326
114.87957329777481,1.2633996391709146
114.90957579798317,1.263083738835249
114.93957829819152,1.2627675499479165
114.96958079839986,1.2624510728557157
114.99958329860821,1.2621343079057592
115.02958579881657,1.2618172554454774
115.05958829902492,1.2614999158226148
115.08959079923326,1.2611822893852316
115.11959329944162,1.2608643764817016
115.14959579964997,1.2605461774607138
115.17959829985833,1.2602276926712705
115.20960080006667,1.2599089224626876
115.23960330027502,1.259589867184594
115.26960580048338,1.2592705271869309
115.29960830069173,1.2589509028199524
115.32961080090007,1.2586309944342244
115.35961330110842,1.258310802380624
115.38961580131678,1.2579903270103396
115.41961830152512,1.2576695686748702
115.44962080173347,1.2573485277260255
115.47962330194183,1.2570272045159245
115.50962580215018,1.2567055993969969
115.53962830235852,1.2563837127219801
115.56963080256688,1.2560615448439223
115.59963330277523,1.2557390961161778
115.62963580298359,1.2554163668924105
115.65963830319193,1.2550933575265921
115.68964080340028,1.254770068373
115.71964330360863,1.2544464997862204
115.74964580381699,1.2541226521211446
115.77964830402533,1.253798525732971
115.80965080423368,1.2534741209772022
115.83965330444204,1.2531494382096482
115.86965580465039,1.252824477786422
115.89965830485873,1.2524992400639423
115.92966080506709,1.2521737253989313
115.95966330527544,1.2518479341484157
115.9896658054838,1.2515218666697248
116.01966830569214,1.2511955233204912
116.04967080590049,1.25086890445865
116.07967330610884,1.2505420104424387
116.1096758063172,1.2502148416303966
116.13967830652554,1.2498873983813636
116.1696808067339,1.249559681054482
116.19968330694225,1.2492316900091933
116.2296858071506,1.2489034256052398
116.25968830735894,1.2485748882026646
116.2896908075673,1.248246078161808
116.31969330777565,1.2479169958433116
116.34969580798399,1.2475876416081144
116.37969830819235,1.2472580158174538
116.4097008084007,1.246928118832865
116.43970330860905,1.2465979510161813
116.4697058088174,1.246267512729532
116.49970830902575,1.245936804335344
116.5297108092341,1.2456058261963396
116.55971330944246,1.245274578675538
116.5897158096508,1.244943062136253
116.61971830985915,1.2446112769420936
116.6497208100675,1.2442792234569635
116.67972331027586,1.243946902045061
116.7097258104842,1.2436143130708783
116.73972831069256,1.2432814568992003
116.76973081090091,1.2429483338951057
116.79973331110926,1.2426149444239654
116.8297358113176,1.2422812888514432
116.85973831152596,1.2419473675434936
116.88974081173431,1.2416131808663637
116.91974331194267,1.2412787291865914
116.94974581215101,1.2409440128710052
116.97974831235936,1.2406090322867234
117.00975081256772,1.2402737878011545
117.03975331277607,1.239938279781997
117.06975581298441,1.2396025085972373
117.09975831319277,1.2392664746151514
117.12976081340112,1.238930178204303
117.15976331360946,1.238593619733544
117.18976581381781,1.2382567995720133
117.21976831402617,1.2379197180891373
117.24977081423452,1.2375823756546285
117.27977331444286,1.2372447726384865
117.30977581465122,1.2369069094109955
117.33977831485957,1.2365687863427262
117.36978081506793,1.2362304038045333
117.39978331527627,1.2358917621675567
117.42978581548462,1.235552861803221
117.45978831569298,1.235213703083233
117.48979081590133,1.2348742863795845
117.51979331610967,1.2345346120645495
117.54979581631802,1.2341946805106843
117.57979831652638,1.2338544920908279
117.60980081673473,1.233514047178101
117.63980331694307,1.2331733461459047
117.66980581715143,1.2328323893679227
117.69980831735978,1.2324911772181175
117.72981081756814,1.2321497100707326
117.75981331777648,1.2318079883002913
117.78981581798483,1.2314660122815955
117.81981831819319,1.2311237823897265
117.84982081840154,1.230781299000044
117.87982331860988,1.2304385624881857
117.90982581881823,1.2300955732300665
117.93982831902659,1.2297523316018792
117.96983081923493,1.229408837980093
117.99983331944328,1.2290650927414535
118.02983581965164,1.2287210962629822
118.05983831985999,1.2283768489219764
118.08984082006833,1.2280323510960087
118.11984332027669,1.2276876031629258
118.14984582048504,1.2273426055008492
118.1798483206934,1.2269973584881744
118.20985082090174,1.22665186250357
118.23985332111009,1.226306117925978
118.26985582131844,1.2259601251346128
118.2998583215268,1.2256138845089612
118.32986082173514,1.225267396428782
118.3598633219435,1.2249206612741046
118.38986582215185,1.2245736794252304
118.4198683223602,1.224226451262731
118.44987082256854,1.2238789771674483
118.4798733227769,1.2235312575204935
118.50987582298525,1.223183292703247
118.5398783231936,1.2228350830973596
118.56988082340195,1.2224866290847483
118.5998833236103,1.2221379310476002
118.62988582381865,1.2217889893683684
118.65988832402701,1.2214398044297747
118.68989082423535,1.221090376614807
118.7198933244437,1.2207407063067188
118.74989582465206,1.2203907938890313
118.7798983248604,1.2200406397455301
118.80990082506875,1.219690244260266
118.8399033252771,1.2193396078175547
118.86990582548546,1.2189887308019762
118.8999083256938,1.2186376135983743
118.92991082590216,1.2182862565918562
118.95991332611051,1.217934660167792
118.98991582631886,1.217582824711815
119.0199183265272,1.2172307506098201
119.04992082673556,1.2168784382479636
119.07992332694391,1.216525888012664
119.10992582715227,1.2161731002906002
119.13992832736061,1.215820075468712
119.16993082756896,1.2154668139341986
119.19993332777732,1.2151133160745196
119.22993582798567,1.2147595822773924
119.25993832819401,1.2144056129307952
119.28994082840237,1.2140514084229626
119.31994332861072,1.2136969691423884
119.34994582881907,1.2133422954778237
119.37994832902741,1.2129873878182766
119.40995082923577,1.2126322465530113
119.43995332944412,1.2122768720715489
119.46995582965248,1.2119212647636661
119.49995832986082,1.2115654250193946
119.52996083006917,1.211209353229022
119.55996333027753,1.210853049783089
119.58996583048587,1.2104965150723916
119.61996833069422,1.2101397494879786
119.64997083090257,1.209782753421153
119.67997333111093,1.2094255272634695
119.70997583131927,1.2090680714067363
119.73997833152762,1.2087103862430122
119.76998083173598,1.2083524721646084
119.79998333194433,1.2079943295640876
119.82998583215267,1.2076359588342618
119.85998833236103,1.2072773603681943
119.88999083256938,1.2069185345591977
119.91999333277774,1.2065594818008338
119.94999583298608,1.2062002024869147
119.97999833319443,1.2058406970114985
120.01000083340278,1.2054809657688936
120.04000333361114,1.2051210091536553
120.07000583381948,1.2047608275605852
120.10000833402783,1.204400421384733
120.13001083423619,1.204039791021394
120.16001333444454,1.2036789368661096
120.19001583465288,1.2033178593146665
120.22001833486124,1.2029565587630964
120.25002083506959,1.2025950356076756
120.28002333527795,1.202233290244925
120.31002583548629,1.2018713230716092
120.34002833569464,1.2015091344847346
120.370030835903,1.2011467248815528
120.40003333611133,1.2007840946595558
120.43003583631969,1.200421244216479
120.46003833652804,1.2000581739502982
120.4900408367364,1.1996948842592308
120.52004333694474,1.1993313755417356
120.55004583715309,1.1989676481965101
120.58004833736145,1.198603702622493
120.6100508375698,1.1982395392188612
120.64005333777814,1.197875158385032
120.6700558379865,1.1975105605206593
120.70005833819485,1.1971457460256367
120.7300608384032,1.1967807153000942
120.76006333861154,1.1964154687444
120.7900658388199,1.1960500067591577
120.82006833902825,1.1956843297452087
120.85007083923661,1.1953184381036293
120.88007333944495,1.1949523322357316
120.9100758396533,1.194586012543062
120.94007833986166,1.1942194794274024
120.97008084007001,1.1938527332907682
121.00008334027835,1.1934857745354086
121.0300858404867,1.1931186035638057
121.06008834069506,1.1927512207786748
121.09009084090341,1.192383626582963
121.12009334111175,1.1920158213798504
121.15009584132011,1.1916478055727469
121.18009834152846,1.1912795795652944
121.21010084173682,1.1909111437613653
121.24010334194516,1.1905424985650623
121.27010584215351,1.1901736443807167
121.30010834236187,1.1898045816128908
121.3301108425702,1.1894353106663735
121.36011334277856,1.189065831946184
121.39011584298692,1.188696145857568
121.42011834319527,1.1883262528059995
121.45012084340361,1.1879561531971794
121.48012334361196,1.1875858474370344
121.51012584382032,1.1872153359317181
121.54012834402867,1.1868446190876099
121.57013084423701,1.1864736973113137
121.60013334444537,1.1861025710096582
121.63013584465372,1.1857312405896976
121.66013834486208,1.1853597064587083
121.69014084507042,1.1849879690241913
121.72014334527877,1.1846160286938698
121.75014584548713,1.1842438858756905
121.78014834569548,1.1838715409778215
121.81015084590382,1.183498994408653
121.84015334611217,1.183126246576795
121.87015584632053,1.1827532978910806
121.90015834652888,1.1823801487605614
121.93016084673722,1.1820067995945094
121.96016334694558,1.181633250802416
121.99016584715393,1.1812595027939914
122.02016834736229,1.1808855559791644
122.05017084757063,1.1805114107680825
122.08017334777898,1.1801370675711094
122.11017584798734,1.1797625267988272
122.14017834819568,1.1793877888620343
122.17018084840403,1.1790128541717446
122.20018334861238,1.1786377231391894
122.23018584882074,1.178262396175814
122.26018834902908,1.177886873693279
122.29019084923743,1.17751115610346
122.32019334944579,1.177135243818445
122.35019584965414,1.1767591372505375
122.38019834986248,1.1763828368122533
122.41020085007084,1.1760063429163203
122.44020335027919,1.175629655975679
122.47020585048755,1.175252776403482
122.50020835069589,1.1748757046130929
122.53021085090424,1.1744984410180856
122.5602133511126,1.1741209860322455
122.59021585132095,1.1737433400695667
122.62021835152929,1.1733655035442538
122.65022085173764,1.1729874768707194
122.680223351946,1.1726092604635854
122.71022585215435,1.1722308547376818
122.74022835236269,1.171852260108046
122.77023085257105,1.1714734769899227
122.8002333527794,1.1710945057987632
122.83023585298776,1.170715346950225
122.8602383531961,1.1703360008601713
122.89024085340445,1.169956467944672
122.9202433536128,1.1695767486199995
122.95024585382114,1.1691968433026332
122.9802483540295,1.1688167524092543
123.01025085423785,1.1684364763567492
123.04025335444621,1.1680560155622066
123.07025585465455,1.1676753704429181
123.1002583548629,1.1672945414163767
123.13026085507126,1.1669135289002788
123.16026335527961,1.1665323333125197
123.19026585548795,1.166150955071198
123.2202683556963,1.1657693945946104
123.25027085590466,1.165387652301255
123.28027335611301,1.1650057286098288
123.31027585632135,1.164623623939228
123.34027835652971,1.1642413387085464
123.37028085673806,1.163858873337077
123.40028335694642,1.16347622824431
123.43028585715476,1.163093403849932
123.46028835736311,1.1627104005738278
123.49029085757147,1.1623272188360765
123.52029335777982,1.1619438590569544
123.55029585798816,1.1615603216569328
123.58029835819652,1.1611766070566767
123.61030085840487,1.1607927156770472
123.64030335861322,1.160408647939098
123.67030585882156,1.1600244042640775
123.70030835902992,1.159639985073425
123.73031085923827,1.1592553907887744
123.76031335944661,1.1588706218319504
123.79031585965497,1.15848567862497
123.82031835986332,1.1581005615900404
123.85032086007168,1.1577152711495606
123.88032336028002,1.1573298077261192
123.91032586048837,1.1569441717424942
123.94032836069672,1.1565583636216534
123.97033086090508,1.1561723837867535
124.00033336111342,1.1557862326611392
124.03033586132177,1.1553999106683426
124.06033836153013,1.1550134182320846
124.09034086173848,1.1546267557762715
124.12034336194682,1.1542399237249972
124.15034586215518,1.1538529225025407
124.18034836236353,1.1534657525333674
124.21035086257189,1.1530784142421273
124.24035336278023,1.1526909080536556
124.27035586298858,1.1523032343929704
124.30035836319693,1.1519153936852746
124.33036086340529,1.1515273863559543
124.36036336361363,1.1511392128305775
124.39036586382198,1.1507508735348955
124.42036836403034,1.1503623688948403
124.45037086423869,1.1499736993365266
124.48037336444703,1.149584865286249
124.51037586465539,1.1491958671704825
124.54037836486374,1.1488067054158828
124.57038086507208,1.1484173804492845
124.60038336528044,1.148027892697701
124.63038586548879,1.1476382425883247
124.66038836569714,1.1472484305485264
124.69039086590548,1.1468584570058535
124.72039336611384,1.1464683223880314
124.7503958663222,1.1460780271229618
124.78039836653055,1.1456875716387223
124.81040086673889,1.1452969563635673
124.84040336694724,1.144906181725925
124.8704058671556,1.1445152481543994
124.90040836736395,1.1441241560777686
124.93041086757229,1.143732905924985
124.96041336778065,1.143341498125173
124.990415867989,1.1429499331076316
125.02041836819735,1.1425582113018307
125.0504208684057,1.1421663331374134
125.08042336861405,1.1417742990441935
125.1104258688224,1.141382109452156
125.14042836903076,1.1409897647914569
125.1704308692391,1.1405972654924221
125.20043336944745,1.1402046119855465
125.2304358696558,1.1398118047014945
125.26043836986416,1.1394188440711002
125.2904408700725,1.1390257305253635
125.32044337028086,1.1386324644954549
125.35044587048921,1.1382390464127097
125.38044837069756,1.137845476708631
125.4104508709059,1.137451755814889
125.44045337111426,1.137057884163318
125.47045587132261,1.136663862185919
125.50045837153095,1.136269690314858
125.53046087173931,1.1358753689824637
125.56046337194766,1.1354808986212301
125.59046587215602,1.1350862796638155
125.62046837236436,1.1346915125430388
125.65047087257271,1.1342965976918835
125.68047337278107,1.1339015355434938
125.71047587298942,1.1335063265311762
125.74047837319776,1.1331109710883984
125.77048087340611,1.132715469648788
125.80048337361447,1.1323198226461333
125.83048587382282,1.1319240305143823
125.86048837403116,1.131528093687641
125.89049087423952,1.1311320126001765
125.92049337444787,1.1307357876864115
125.95049587465623,1.130339419380928
125.98049837486457,1.129942908118465
126.01050087507292,1.1295462543339183
126.04050337528128,1.1291494584623394
126.07050587548963,1.1287525209389366
126.10050837569797,1.1283554421990734
126.13051087590632,1.127958222678267
126.16051337611468,1.127560862812191
126.19051587632303,1.1271633630366709
126.22051837653137,1.1267657237876871
126.25052087673973,1.1263679455013722
126.28052337694808,1.1259700286140117
126.31052587715642,1.1255719735620435
126.34052837736478,1.1251737807820557
126.37053087757313,1.1247754507107885
126.40053337778149,1.124376983785133
126.43053587798983,1.1239783804421295
126.46053837819818,1.1235796411189682
126.49054087840653,1.123180766252989
126.52054337861489,1.122781756281679
126.55054587882323,1.1223826116426758
126.58054837903158,1.1219833327737625
126.61055087923994,1.1215839201128703
126.64055337944829,1.1211843740980776
126.67055587965663,1.1207846951676088
126.70055837986499,1.1203848837598334
126.73056088007334,1.1199849403132667
126.7605633802817,1.1195848652665694
126.79056588049004,1.1191846590585453
126.82056838069839,1.1187843221281433
126.85057088090674,1.1183838549144545
126.8805733811151,1.117983257856714
126.91057588132344,1.1175825313942989
126.9405783815318,1.1171816759667275
126.97058088174015,1.1167806920136607
127.0005833819485,1.1163795799749
127.03058588215684,1.1159783402903871
127.0605883823652,1.1155769734002035
127.09059088257355,1.1151754797445712
127.12059338278189,1.11477385976385
127.15059588299025,1.1143721138985394
127.1805983831986,1.113970242589276
127.21060088340695,1.1135682462768344
127.2406033836153,1.1131661254021268
127.27060588382365,1.1127638804062012
127.300608384032,1.1123615117302421
127.33061088424036,1.1119590198155695
127.3606133844487,1.1115564051036395
127.39061588465705,1.111153668036041
127.4206183848654,1.110750809054499
127.45062088507376,1.110347828600871
127.4806233852821,1.1099447271171483
127.51062588549046,1.1095415050454545
127.54062838569881,1.1091381628280461
127.57063088590716,1.1087347009073107
127.6006333861155,1.1083311197257681
127.63063588632386,1.1079274197260678
127.66063838653221,1.10752360135099
127.69064088674057,1.1071196650434456
127.72064338694891,1.1067156112464733
127.75064588715726,1.1063114404032421
127.78064838736562,1.1059071529570486
127.81065088757397,1.105502749351317
127.84065338778231,1.1050982300296002
127.87065588799067,1.1046935954355763
127.90065838819902,1.104288846013051
127.93066088840736,1.1038839822059565
127.96066338861571,1.1034790044583485
127.99066588882407,1.103073913214409
128.0206683890324,1.1026687089184448
128.05067088924076,1.1022633920148854
128.08067338944912,1.1018579629482856
128.11067588965747,1.101452422163321
128.14067838986583,1.1010467701047917
128.17068089007418,1.1006410072176187
128.20068339028253,1.1002351339468455
128.23068589049086,1.0998291507376354
128.26068839069922,1.0994230580352733
128.29069089090757,1.0990168562851637
128.32069339111592,1.098610545932831
128.35069589132428,1.098204127423919
128.38069839153263,1.0977976012041888
128.410700891741,1.0973909677195213
128.44070339194934,1.096984227415914
128.47070589215767,1.0965773807394825
128.50070839236602,1.0961704281364573
128.53071089257438,1.0957633700531868
128.56071339278273,1.0953562069361344
128.59071589299108,1.0949489392318794
128.62071839319944,1.0945415673871144
128.6507208934078,1.0941340918486473
128.68072339361615,1.0937265130633993
128.71072589382447,1.093318831478406
128.74072839403283,1.0929110475408137
128.77073089424118,1.092503161697882
128.80073339444954,1.0920951743969827
128.8307358946579,1.0916870860855985
128.86073839486625,1.091278897211323
128.8907408950746,1.0908706082218596
128.92074339528293,1.0904622195650222
128.95074589549128,1.090053731688733
128.98074839569964,1.089645145041025
129.010750895908,1.0892364600700366
129.04075339611634,1.0888276772240169
129.0707558963247,1.0884187969513206
129.10075839653305,1.08800981970041
129.1307608967414,1.0876007459198538
129.16076339694973,1.0871915760583262
129.1907658971581,1.0867823105646062
129.22076839736644,1.0863729498875792
129.2507708975748,1.0859634944762342
129.28077339778315,1.0855539447796636
129.3107758979915,1.085144301247064
129.34077839819986,1.0847345643277346
129.3707808984082,1.0843247344710771
129.40078339861654,1.083914812126596
129.4307858988249,1.0835047977438945
129.46078839903325,1.0830946917726798
129.4907908992416,1.082684494662758
129.52079339944996,1.0822742068640359
129.5507958996583,1.0818638288265188
129.58079839986667,1.0814533610003119
129.610800900075,1.0810428038356186
129.64080340028335,1.0806321577827402
129.6708059004917,1.080221423292075
129.70080840070005,1.079810600814119
129.7308109009084,1.0793996907994652
129.76081340111676,1.0789886936988011
129.79081590132512,1.0785776099629112
129.82081840153347,1.0781664400426738
129.8508209017418,1.0777551843890627
129.88082340195015,1.077343843453145
129.9108259021585,1.0769324176860822
129.94082840236686,1.0765209075391273
129.97083090257522,1.0761093134636277
130.00083340278357,1.0756976359110217
130.03083590299192,1.0752858753328396
130.06083840320028,1.0748740321807029
130.0908409034086,1.074462106906323
130.12084340361696,1.0740500999615015
130.1508459038253,1.0736380117981301
130.18084840403367,1.07322584286819
130.21085090424202,1.072813593623749
130.24085340445038,1.0724012645169654
130.27085590465873,1.0719888560000834
130.30085840486709,1.071576368525435
130.3308609050754,1.0711638025454395
130.36086340528377,1.0707511585126002
130.39086590549212,1.070338436879508
130.42086840570047,1.0699256380988378
130.45087090590883,1.0695127626233503
130.48087340611718,1.069099810905889
130.51087590632554,1.0686867833993812
130.54087840653386,1.068273680556839
130.57088090674222,1.0678605028313546
130.60088340695057,1.0674472506761037
130.63088590715893,1.0670339245443439
130.66088840736728,1.0666205248894132
130.69089090757564,1.0662070521647309
130.720893407784,1.0657935068237963
130.75089590799234,1.0653798893201873
130.78089840820067,1.064966200107563
130.81090090840902,1.0645524396396588
130.84090340861738,1.0641386083702904
130.87090590882573,1.0637247067533493
130.9009084090341,1.0633107352428055
130.93091090924244,1.0628966942927052
130.9609134094508,1.062482584357171
130.99091590965915,1.0620684058904002
131.02091840986748,1.0616541593466666
131.05092091007583,1.0612398451803178
131.08092341028419,1.0608254638457757
131.11092591049254,1.0604110157975364
131.1409284107009,1.0599965014901682
131.17093091090925,1.0595819213783129
131.2009334111176,1.0591672759166844
131.23093591132593,1.0587525655600682
131.26093841153428,1.0583377907633202
131.29094091174264,1.057922951981368
131.320943411951,1.057508049669209
131.35094591215935,1.0570930842819108
131.3809484123677,1.0566780562746088
131.41095091257606,1.0562629661025082
131.4409534127844,1.0558478142208825
131.47095591299274,1.0554326010850728
131.5009584132011,1.0550173271504864
131.53096091340944,1.054601992872598
131.5609634136178,1.0541865987069488
131.59096591382615,1.0537711451091452
131.6209684140345,1.0533556325348594
131.65097091424286,1.0529400614398272
131.68097341445122,1.0525244322798495
131.71097591465954,1.052108745510791
131.7409784148679,1.0516930015885786
131.77098091507625,1.0512772009692026
131.8009834152846,1.0508613441087153
131.83098591549296,1.050445431463231
131.8609884157013,1.050029463488925
131.89099091590967,1.0496134406420332
131.92099341611802,1.0491973633788512
131.95099591632635,1.0487812321557357
131.9809984165347,1.0483650474291006
132.01100091674306,1.0479488096554206
132.0410034169514,1.0475325192912266
132.07100591715977,1.0471161767931085
132.10100841736812,1.0466997826177133
132.13101091757648,1.046283337221744
132.1610134177848,1.045866841061961
132.19101591799316,1.0454502945951782
132.2210184182015,1.0450336982782666
132.25102091840986,1.0446170525681513
132.28102341861822,1.044200357921812
132.31102591882657,1.0437836147962811
132.34102841903493,1.0433668236486446
132.37103091924328,1.0429499849360417
132.4010334194516,1.042533099115664
132.43103591965996,1.0421161666447525
132.46103841986832,1.041699187980602
132.49104092007667,1.0412821635805565
132.52104342028503,1.040865093902011
132.55104592049338,1.04044797940241
132.58104842070173,1.0400308205392461
132.6110509209101,1.0396136177700621
132.64105342111841,1.0391963715524484
132.67105592132677,1.0387790823440424
132.70105842153512,1.038361750602529
132.73106092174348,1.0379443767856404
132.76106342195183,1.0375269613511542
132.7910659221602,1.037109504756894
132.82106842236854,1.0366920074607286
132.8510709225769,1.0362744699205708
132.88107342278522,1.035856892594379
132.91107592299358,1.035439275940153
132.94107842320193,1.035021620415938
132.97108092341028,1.0346039264798201
133.00108342361864,1.0341861945899287
133.031085923827,1.0337684252044343
133.06108842403535,1.0333506187815487
133.09109092424367,1.0329327757795248
133.12109342445203,1.0325148966566537
133.15109592466038,1.0320969818712684
133.18109842486874,1.03167903188174
133.2111009250771,1.0312610471464783
133.24110342528544,1.030843028123931
133.2711059254938,1.0304249752725836
133.30110842570215,1.030006889050959
133.33111092591048,1.029588769917617
133.36111342611883,1.0291706183311515
133.3911159263272,1.0287524347501942
133.42111842653554,1.028334219633411
133.4511209267439,1.0279159734395027
133.48112342695225,1.0274976966272042
133.5111259271606,1.0270793896552832
133.54112842736896,1.026661052982541
133.5711309275773,1.0262426870678123
133.60113342778564,1.0258242923699628
133.631135927994,1.0254058693478891
133.66113842820235,1.024987418460521
133.6911409284107,1.024568940166817
133.72114342861906,1.024150434925767
133.7511459288274,1.0237319031963894
133.78114842903574,1.0233133454377323
133.8111509292441,1.0228947621088715
133.84115342945245,1.022476153668912
133.8711559296608,1.022057520576986
133.90115842986916,1.021638863292252
133.9311609300775,1.0212201822738955
133.96116343028586,1.0208014779811285
133.99116593049422,1.0203827508731886
134.02116843070255,1.0199640014093372
134.0511709309109,1.019545230048861
134.08117343111925,1.0191264372510707
134.1111759313276,1.018707623475301
134.14117843153596,1.0182887891809085
134.17118093174432,1.017869934827273
134.20118343195267,1.0174510608737966
134.23118593216103,1.0170321677799021
134.26118843236935,1.016613256005035
134.2911909325777,1.0161943260086579
134.32119343278606,1.0157753782502568
134.35119593299441,1.0153564131893353
134.38119843320277,1.0149374312854174
134.41120093341112,1.0145184329980437
134.44120343361948,1.014099418786774
134.47120593382783,1.0136803891111859
134.50120843403616,1.0132613444308738
134.5312109342445,1.0128422852054466
134.56121343445287,1.0124232118945315
134.59121593466122,1.0120041249577707
134.62121843486958,1.0115850248548206
134.65122093507793,1.011165912045353
134.68122343528628,1.0107467869890525
134.7112259354946,1.0103276501456182
134.74122843570296,1.009908501974761
134.77123093591132,1.0094893429362057
134.80123343611967,1.0090701734896874
134.83123593632803,1.008650994094954
134.86123843653638,1.0082318052117631
134.89124093674474,1.007812607299884
134.9212434369531,1.0073934008190955
134.95124593716142,1.006974186229185
134.98124843736977,1.0065549639899487
135.01125093757813,1.0061357345611928
135.04125343778648,1.0057164984027303
135.07125593799483,1.005297255974381
135.1012584382032,1.004878007735973
135.13126093841154,1.0044587541473393
135.1612634386199,1.0040394956683203
135.19126593882822,1.0036202327587613
135.22126843903658,1.0032009658785106
135.25127093924493,1.0027816954874234
135.2812734394533,1.0023624220453573
135.31127593966164,1.0019431460121746
135.34127843987,1.0015238678477383
135.37128094007835,1.0011045880119156
135.40128344028668,1.0006853069645751
135.43128594049503,1.0002660251655862
135.46128844070338,0.9998467430748191
135.49129094091174,0.9994274611521451
135.5212934411201,0.9990081798574347
135.55129594132845,0.9985888996505581
135.5812984415368,0.9981696209913843
135.61130094174516,0.9977503443397797
135.64130344195348,0.99733107015561
135.67130594216184,0.9969117988987366
135.7013084423702,0.9964925310290192
135.73131094257855,0.9960732670063124
135.7613134427869,0.9956540072904675
135.79131594299525,0.995234752341331
135.8213184432036,0.9948155026187437
135.85132094341196,0.9943962585825417
135.8813234436203,0.9939770206925534
135.91132594382864,0.9935577894086012
135.941328444037,0.9931385651905003
135.97133094424535,0.9927193484980584
136.0013334444537,0.9923001397910742
136.03133594466206,0.9918809395293383
136.06133844487042,0.9914617481726318
136.09134094507877,0.9910425661807264
136.1213434452871,0.9906233940133827
136.15134594549545,0.9902042321303509
136.1813484457038,0.9897850809913702
136.21135094591216,0.9893659410561678
136.2413534461205,0.9889468127844592
136.27135594632887,0.9885276966359456
136.30135844653722,0.9881085930703165
136.33136094674555,0.987689502547247
136.3613634469539,0.9872704255263977
136.39136594716226,0.986851362467414
136.4213684473706,0.9864323138299271
136.45137094757897,0.9860132800735517
136.48137344778732,0.9855942616578867
136.51137594799567,0.985175259042513
136.54137844820403,0.9847562726869953
136.57138094841235,0.9843373030508804
136.6013834486207,0.9839183505936958
136.63138594882906,0.9834994157749516
136.66138844903742,0.983080499054137
136.69139094924577,0.9826616008907224
136.72139344945413,0.9822427217441577
136.75139594966248,0.9818238620738721
136.78139844987084,0.9814050223392724
136.81140095007916,0.9809862029997451
136.84140345028752,0.9805674045146527
136.87140595049587,0.9801486273433365
136.90140845070422,0.9797298719451127
136.93141095091258,0.9793111387792749
136.96141345112093,0.9788924283050919
136.9914159513293,0.9784737409818076
137.0214184515376,0.9780550772686413
137.05142095174597,0.977636437624784
137.08142345195432,0.9772178225094028
137.11142595216268,0.9767992323816371
137.14142845237103,0.976380667700599
137.17143095257939,0.9759621289253718
137.20143345278774,0.9755436165150116
137.2314359529961,0.9751251309285449
137.26143845320442,0.9747066726249698
137.29144095341277,0.9742882420632522
137.32144345362113,0.9738698397023295
137.35144595382948,0.973451466001108
137.38144845403784,0.9730331214184619
137.4114509542462,0.9726148064132344
137.44145345445455,0.9721965214442349
137.4714559546629,0.9717782669702408
137.50145845487123,0.9713600434499966
137.53146095507958,0.9709418513422113
137.56146345528794,0.9705236911055602
137.5914659554963,0.970105563198684
137.62146845570464,0.9696874680801877
137.651470955913,0.9692694062086402
137.68147345612135,0.9688513780425744
137.7114759563297,0.9684333840404851
137.74147845653803,0.9680154246608311
137.7714809567464,0.967597500362032
137.80148345695474,0.9671796116024698
137.8314859571631,0.9667617588404867
137.86148845737145,0.966343942534386
137.8914909575798,0.9659261631424312
137.92149345778816,0.9655084211228447
137.95149595799649,0.9650907169338091
137.98149845820484,0.964673051033463
138.0115009584132,0.9642554238799056
138.04150345862155,0.9638378359311923
138.0715059588299,0.9634202876453365
138.10150845903826,0.9630027794803064
138.1315109592466,0.9625853118940277
138.16151345945497,0.9621678853443812
138.1915159596633,0.9617505002892033
138.22151845987165,0.9613331571862825
138.25152096008,0.960915856493364
138.28152346028835,0.9604985986681452
138.3115259604967,0.9600813841682769
138.34152846070506,0.9596642134513627
138.37153096091342,0.9592470869749566
138.40153346112177,0.9588300051965658
138.4315359613301,0.9584129685736482
138.46153846153845,0.9579959775636113
138.4915409617468,0.957579032623813
138.52154346195516,0.9571621342115609
138.55154596216352,0.9567452827841115
138.58154846237187,0.9563284787986698
138.61155096258022,0.9559117227123888
138.64155346278858,0.9554950149823683
138.6715559629969,0.9550783560656563
138.70155846320526,0.9546617464192456
138.7315609634136,0.954245186500077
138.76156346362197,0.9538286767650346
138.79156596383032,0.9534122176709491
138.82156846403868,0.9529958096745951
138.85157096424703,0.952579453232691
138.88157346445536,0.9521631488018996
138.9115759646637,0.9517468968388244
138.94157846487207,0.9513306978000136
138.97158096508042,0.9509145521419563
139.00158346528877,0.950498460321084
139.03158596549713,0.9500824227937675
139.06158846570548,0.9496664400163195
139.09159096591384,0.9492505124449921
139.12159346612216,0.9488346405359775
139.15159596633052,0.9484188247454052
139.18159846653887,0.9480030655293445
139.21160096674723,0.9475873633438026
139.24160346695558,0.9471717186447238
139.27160596716394,0.9467561318879899
139.3016084673723,0.9463406035294178
139.33161096758064,0.945925134024762
139.36161346778897,0.9455097238297115
139.39161596799732,0.9450943733998906
139.42161846820568,0.9446790831908572
139.45162096841403,0.9442638536581044
139.4816234686224,0.9438486852570581
139.51162596883074,0.9434335784430776
139.5416284690391,0.9430185336714536
139.57163096924742,0.9426035513974103
139.60163346945578,0.9421886320761015
139.63163596966413,0.9417737761626135
139.66163846987249,0.9413589841119628
139.69164097008084,0.940944256379095
139.7216434702892,0.9405295934188859
139.75164597049755,0.9401149956861401
139.7816484707059,0.939700463635591
139.81165097091423,0.9392859977218994
139.84165347112258,0.9388715983996531
139.87165597133094,0.9384572661233681
139.9016584715393,0.9380430013474865
139.93166097174765,0.9376288045263756
139.961663471956,0.937214676114329
139.99166597216436,0.9368006165655649
140.0216684723727,0.936386626334226
140.05167097258104,0.93597270587438
140.0816734727894,0.9355588556400154
140.11167597299774,0.9351450760850462
140.1416784732061,0.934731367663308
140.17168097341445,0.9343177308285588
140.2016834736228,0.9339041660344772
140.23168597383116,0.9334906737346634
140.26168847403952,0.9330772543826381
140.29169097424784,0.9326639084318427
140.3216934744562,0.9322506363356355
140.35169597466455,0.9318374385472966
140.3816984748729,0.9314243155200235
140.41170097508126,0.9310112677069317
140.44170347528961,0.9305982955610547
140.47170597549797,0.9301853995353417
140.5017084757063,0.9297725800826604
140.53171097591465,0.9293598376557922
140.561713476123,0.9289471727074363
140.59171597633136,0.928534585690205
140.6217184765397,0.9281220770566263
140.65172097674807,0.927709647259142
140.68172347695642,0.9272972967501072
140.71172597716478,0.9268850259817907
140.7417284773731,0.9264728354063727
140.77173097758146,0.9260607254759459
140.8017334777898,0.9256486966425149
140.83173597799816,0.9252367493579956
140.86173847820652,0.9248248840742134
140.89174097841487,0.9244131012429045
140.92174347862323,0.9240014013157147
140.95174597883158,0.9235897847441987
140.9817484790399,0.9231782519798204
141.01175097924826,0.9227668034739498
141.04175347945662,0.9223554396778666
141.07175597966497,0.9219441610427567
141.10175847987333,0.9215329680197131
141.13176098008168,0.921121861059734
141.16176348029003,0.9207108406137239
141.19176598049836,0.9202999071324927
141.22176848070671,0.919889061066754
141.25177098091507,0.9194783028671258
141.28177348112342,0.9190676329841302
141.31177598133178,0.918657051868192
141.34177848154013,0.918246559969639
141.3717809817485,0.9178361577387012
141.40178348195684,0.9174258456255093
141.43178598216517,0.9170156240800965
141.46178848237352,0.9166054935523953
141.49179098258188,0.9161954544922398
141.52179348279023,0.9157855073493624
141.55179598299858,0.9153756525733957
141.58179848320694,0.9149658906138706
141.6118009834153,0.9145562219202161
141.64180348362365,0.9141466469417596
141.67180598383197,0.9137371661277247
141.70180848404033,0.9133277799272318
141.73181098424868,0.9129184887892983
141.76181348445704,0.9125092931628372
141.7918159846654,0.9121001934966559
141.82181848487375,0.9116911902394574
141.8518209850821,0.9112822838398387
141.88182348529045,0.9108734747462909
141.91182598549878,0.9104647634071976
141.94182848570713,0.9100561502708353
141.9718309859155,0.9096476357853736
142.00183348612384,0.9092392203988732
142.0318359863322,0.9088309045592866
142.06183848654055,0.9084226887144564
142.0918409867489,0.9080145733121161
142.12184348695723,0.9076065587998892
142.1518459871656,0.9071986456252878
142.18184848737394,0.9067908342357133
142.2118509875823,0.9063831250784554
142.24185348779065,0.9059755186006919
142.271855987999,0.905568015249488
142.30185848820736,0.9051606154717952
142.3318609884157,0.9047533197144516
142.36186348862404,0.9043461284241822
142.3918659888324,0.9039390420475957
142.42186848904075,0.9035320610311873
142.4518709892491,0.9031251858213354
142.48187348945746,0.9027184168643032
142.5118759896658,0.9023117546062372
142.54187848987416,0.901905199493167
142.57188099008252,0.9014987519710038
142.60188349029085,0.9010924124855421
142.6318859904992,0.9006861814824565
142.66188849070755,0.9002800594073042
142.6918909909159,0.8998740467055212
142.72189349112426,0.899468143822425
142.75189599133262,0.8990623512032119
142.78189849154097,0.8986566692929575
142.81190099174933,0.8982510985366162
142.84190349195765,0.8978456393790201
142.871905992166,0.8974402922648782
142.90190849237436,0.8970350576387782
142.93191099258271,0.8966299359451837
142.96191349279107,0.8962249276284338
142.99191599299942,0.8958200331327439
143.02191849320778,0.8954152529022049
143.0519209934161,0.8950105873807824
143.08192349362446,0.8946060370123143
143.1119259938328,0.8942016022405144
143.14192849404117,0.8937972835089689
143.17193099424952,0.8933930812611368
143.20193349445788,0.8929889959403498
143.23193599466623,0.8925850279898099
143.26193849487458,0.8921811778525918
143.2919409950829,0.8917774459716409
143.32194349529126,0.891373832789772
143.35194599549962,0.8909703387496701
143.38194849570797,0.8905669642938899
143.41195099591633,0.8901637098648546
143.44195349612468,0.8897605759048559
143.47195599633304,0.8893575628560538
143.5019584965414,0.8889546711604742
143.53196099674972,0.8885519012600118
143.56196349695807,0.8881492535964262
143.59196599716643,0.8877467286113438
143.62196849737478,0.887344326746256
143.65197099758313,0.8869420484425192
143.6819734977915,0.8865398941413549
143.71197599799984,0.8861378642838478
143.74197849820817,0.8857359593109471
143.77198099841652,0.8853341796634632
143.80198349862488,0.8849325257820706
143.83198599883323,0.8845309981073056
143.8619884990416,0.8841295970795663
143.89199099924994,0.8837283231391108
143.9219934994583,0.8833271767260588
143.95199599966665,0.8829261582803899
143.98199849987498,0.882525268241944
144.01200100008333,0.882124507050418
144.04200350029168,0.8817238751453698
144.07200600050004,0.8813233729662144
144.1020085007084,0.8809230009522251
144.13201100091675,0.880522759542532
144.1620135011251,0.8801226491761217
144.19201600133346,0.8797226702918377
144.22201850154178,0.8793228233283792
144.25202100175014,0.8789231087243002
144.2820235019585,0.8785235269180096
144.31202600216685,0.8781240783477712
144.3420285023752,0.8777247634517023
144.37203100258355,0.8773255826677736
144.4020335027919,0.8769265364338092
144.43203600300026,0.8765276251874844
144.4620385032086,0.876128849366328
144.49204100341694,0.8757302094077186
144.5220435036253,0.8753317057488874
144.55204600383365,0.8749333388269149
144.582048504042,0.8745351090787321
144.61205100425036,0.8741370169411199
144.64205350445872,0.8737390628507079
144.67205600466704,0.8733412472439742
144.7020585048754,0.8729435705572447
144.73206100508375,0.8725460332266936
144.7620635052921,0.8721486356883421
144.79206600550046,0.8717513783780582
144.8220685057088,0.8713542617315553
144.85207100591717,0.8709572861843933
144.88207350612552,0.8705604521719772
144.91207600633385,0.8701637601295575
144.9420785065422,0.8697672104922265
144.97208100675056,0.869370803694923
145.0020835069589,0.8689745401724279
145.03208600716727,0.8685784203593656
145.06208850737562,0.8681824446902018
145.09209100758397,0.8677866135992449
145.12209350779233,0.8673909275206448
145.15209600800065,0.8669953868883924
145.182098508209,0.8665999921363184
145.21210100841736,0.8662047436980937
145.24210350862572,0.8658096420072292
145.27210600883407,0.8654146874970745
145.30210850904243,0.8650198806008182
145.33211100925078,0.864625221751486
145.3621135094591,0.8642307113819425
145.39211600966746,0.8638363499248882
145.42211850987582,0.8634421378128615
145.45212101008417,0.8630480754782357
145.48212351029252,0.8626541633532209
145.51212601050088,0.862260401869862
145.54212851070923,0.8618667914600386
145.5721310109176,0.8614733325554652
145.6021335111259,0.8610800255876894
145.63213601133427,0.8606868709880918
145.66213851154262,0.8602938691878871
145.69214101175098,0.859901020618122
145.72214351195933,0.8595083257096743
145.75214601216769,0.8591157848932541
145.78214851237604,0.8587233985994025
145.8121510125844,0.8583311672584909
145.84215351279272,0.8579390913007212
145.87215601300107,0.8575471711561233
145.90215851320943,0.857155407254558
145.93216101341778,0.8567638000257138
145.96216351362614,0.8563723498991083
145.9921660138345,0.8559810573040852
146.02216851404285,0.8555899226698169
146.0521710142512,0.8551989464253018
146.08217351445953,0.8548081289993654
146.11217601466788,0.8544174708206572
146.14217851487624,0.8540269723176538
146.1721810150846,0.853636633918656
146.20218351529294,0.8532464560517891
146.2321860155013,0.8528564391450025
146.26218851570965,0.8524665836260685
146.29219101591798,0.8520768899225832
146.32219351612633,0.8516873584619641
146.3521960163347,0.8512979896714521
146.38219851654304,0.8509087839781082
146.4122010167514,0.850519741808816
146.44220351695975,0.8501308635902786
146.4722060171681,0.8497421497490201
146.50220851737646,0.849353600711384
146.53221101758479,0.8489652169035328
146.56221351779314,0.8485769987514477
146.5922160180015,0.8481889466809286
146.62221851820985,0.8478010611175936
146.6522210184182,0.8474133424868768
146.68222351862656,0.8470257912140309
146.7122260188349,0.8466384077241237
146.74222851904327,0.8462511924420397
146.7722310192516,0.8458641457924795
146.80223351945995,0.8454772681999565
146.8322360196683,0.8450905600888008
146.86223851987666,0.8447040218831559
146.892241020085,0.8443176540069794
146.92224352029336,0.8439314568840411
146.95224602050172,0.8435454309379243
146.98224852071004,0.8431595765920248
147.0122510209184,0.8427738942695491
147.04225352112675,0.8423883843935157
147.0722560213351,0.8420030473867539
147.10225852154346,0.8416178836719037
147.13226102175182,0.8412328936714146
147.16226352196017,0.8408480778075462
147.19226602216852,0.8404634365023658
147.22226852237685,0.8400789701777506
147.2522710225852,0.8396946792553849
147.28227352279356,0.8393105641567618
147.3122760230019,0.8389266253031797
147.34227852321027,0.8385428631157458
147.37228102341862,0.8381592780153719
147.40228352362698,0.8377758704227771
147.43228602383533,0.8373926407584839
147.46228852404366,0.8370095894428213
147.492291024252,0.8366267168959216
147.52229352446037,0.8362440235377218
147.55229602466872,0.8358615097879623
147.58229852487707,0.8354791760661855
147.61230102508543,0.8350970227917375
147.64230352529378,0.8347150503837661
147.67230602550214,0.834333259261221
147.70230852571046,0.8339516498428525
147.73231102591882,0.8335702225472115
147.76231352612717,0.8331889777926498
147.79231602633553,0.8328079159973192
147.82231852654388,0.8324270375791694
147.85232102675224,0.8320463429559504
147.8823235269606,0.8316658325452102
147.91232602716892,0.8312855067642949
147.94232852737727,0.8309053660303476
147.97233102758562,0.8305254107603083
148.00233352779398,0.8301456413709143
148.03233602800233,0.8297660582786989
148.0623385282107,0.829386661899991
148.09234102841904,0.8290074526509141
148.1223435286274,0.8286284309473873
148.15234602883572,0.8282495972051238
148.18234852904408,0.8278709518396302
148.21235102925243,0.8274924952662066
148.2423535294608,0.8271142278999466
148.27235602966914,0.8267361501557356
148.3023585298775,0.8263582624482515
148.33236103008585,0.825980565191964
148.3623635302942,0.8256030588011326
148.39236603050253,0.8252257436898092
148.42236853071088,0.8248486202718343
148.45237103091924,0.8244716889608396
148.4823735311276,0.8240949501702446
148.51237603133595,0.823718404313259
148.5423785315443,0.8233420518028802
148.57238103175266,0.8229658930518937
148.602383531961,0.8225899284728728
148.63238603216934,0.8222141584781771
148.6623885323777,0.8218385834799529
148.69239103258604,0.8214632038901332
148.7223935327944,0.8210880201204365
148.75239603300275,0.820713032582366
148.7823985332111,0.8203382416872103
148.81240103341946,0.819963647846042
148.8424035336278,0.8195892514697185
148.87240603383614,0.8192150529688782
148.9024085340445,0.8188410527539448
148.93241103425285,0.8184672512351239
148.9624135344612,0.8180936488224028
148.99241603466956,0.817720245925551
149.02241853487791,0.8173470429541183
149.05242103508627,0.8169740403174361
149.0824235352946,0.8166012384246158
149.11242603550295,0.8162286376845485
149.1424285357113,0.815856238505904
149.17243103591966,0.8154840412971325
149.202433536128,0.8151120464664614
149.23243603633637,0.8147402544218971
149.26243853654472,0.8143686655712232
149.29244103675308,0.8139972803219999
149.3224435369614,0.813626099081565
149.35244603716976,0.8132551222570316
149.3824485373781,0.8128843502552896
149.41245103758646,0.8125137834830031
149.44245353779482,0.8121434223466121
149.47245603800317,0.8117732672523308
149.50245853821153,0.8114033186061471
149.53246103841985,0.8110335768138235
149.5624635386282,0.8106640422808934
149.59246603883656,0.810294715412665
149.62246853904492,0.8099255966142178
149.65247103925327,0.8095566862904039
149.68247353946163,0.8091879848458454
149.71247603966998,0.8088194926849362
149.74247853987833,0.8084512102118407
149.77248104008666,0.8080831378304937
149.80248354029501,0.8077152759445976
149.83248604050337,0.807347624957626
149.86248854071172,0.8069801852728204
149.89249104092008,0.8066129572931909
149.92249354112843,0.8062459414215153
149.9524960413368,0.8058791380603378
149.98249854154514,0.8055125476119709
150.01250104175347,0.805146170478493
150.04250354196182,0.8047800070617485
150.07250604217018,0.8044140577633468
150.10250854237853,0.8040483229846637
150.13251104258688,0.8036828031268388
150.16251354279524,0.8033174985907765
150.1925160430036,0.802952409777145
150.22251854321195,0.802587537086375
150.25252104342027,0.8022228809186615
150.28252354362863,0.8018584416739607
150.31252604383698,0.8014942197519923
150.34252854404534,0.8011302155522361
150.3725310442537,0.8007664294739342
150.40253354446205,0.8004028619160891
150.4325360446704,0.8000395132774641
150.46253854487873,0.7996763839565817
150.49254104508708,0.7993134743517236
150.52254354529543,0.7989507848609313
150.5525460455038,0.7985883158820051
150.58254854571214,0.7982260678125022
150.6125510459205,0.7978640410497386
150.64255354612885,0.7975022359907871
150.6725560463372,0.7971406530324776
150.70255854654553,0.7967792925713967
150.7325610467539,0.7964181550038854
150.76256354696224,0.7960572407260419
150.7925660471706,0.795696550133719
150.82256854737895,0.7953360836225242
150.8525710475873,0.7949758415878188
150.88257354779566,0.7946158244247181
150.912576048004,0.7942560325280914
150.94257854821234,0.7938964662925606
150.9725810484207,0.7935371261124988
151.00258354862905,0.7931780123820329
151.0325860488374,0.7928191254950407
151.06258854904576,0.7924604658451514
151.0925910492541,0.792102033825745
151.12259354946247,0.7917438298299512
151.1525960496708,0.7913858542506506
151.18259854987915,0.7910281074804721
151.2126010500875,0.790670589911795
151.24260355029585,0.7903133019367459
151.2726060505042,0.7899562439472003
151.30260855071256,0.7895994163347817
151.33261105092092,0.7892428194908602
151.36261355112927,0.7888864538065535
151.3926160513376,0.7885303196727254
151.42261855154595,0.788174417479985
151.4526210517543,0.7878187476186884
151.48262355196266,0.7874633104789364
151.51262605217102,0.7871081064505736
151.54262855237937,0.7867531359231904
151.57263105258772,0.7863983992861201
151.60263355279608,0.7860438969284398
151.6326360530044,0.7856896292389701
151.66263855321276,0.7853355966062728
151.6926410534211,0.7849817994186533
151.72264355362947,0.7846282380641582
151.75264605383782,0.7842749129305757
151.78264855404618,0.7839218244054343
151.81265105425453,0.7835689728760037
151.84265355446288,0.7832163587292933
151.8726560546712,0.7828639823520527
151.90265855487957,0.7825118441307691
151.93266105508792,0.7821599444516704
151.96266355529627,0.7818082837007218
151.99266605550463,0.7814568622636268
152.02266855571298,0.7811056805258266
152.05267105592134,0.7807547388724987
152.08267355612966,0.7804040376885584
152.11267605633802,0.780053577358656
152.14267855654637,0.7797033582671788
152.17268105675473,0.7793533807982487
152.20268355696308,0.7790036453357229
152.23268605717143,0.7786541522631932
152.2626885573798,0.7783049019639856
152.29269105758814,0.7779558948211598
152.32269355779647,0.7776071312175086
152.35269605800482,0.7772586115355574
152.38269855821318,0.7769103361575649
152.41270105842153,0.7765623054655216
152.4427035586299,0.776214519841149
152.47270605883824,0.7758669796659003
152.5027085590466,0.7755196853209596
152.53271105925495,0.7751726371872412
152.56271355946328,0.77482583564539
152.59271605967163,0.7744792810757786
152.62271855987998,0.7741329738585104
152.65272106008834,0.7737869143734172
152.6827235602967,0.7734411030000591
152.71272606050505,0.7730955401177233
152.7427285607134,0.7727502261054254
152.77273106092176,0.7724051613419076
152.80273356113008,0.7720603462056395
152.83273606133844,0.7717157810748148
152.8627385615468,0.7713714663273552
152.89274106175515,0.7710274023409069
152.9227435619635,0.7706835894928412
152.95274606217185,0.770340028160254
152.9827485623802,0.7699967187199649
153.01275106258853,0.769653661548518
153.0427535627969,0.7693108570221796
153.07275606300524,0.7689683055169403
153.1027585632136,0.7686260074085117
153.13276106342195,0.7682839630723286
153.1627635636303,0.767942172883547
153.19276606383866,0.7676006372170447
153.22276856404702,0.7672593564474192
153.25277106425534,0.7669183309489895
153.2827735644637,0.7665775610957938
153.31277606467205,0.7662370472615906
153.3427785648804,0.7658967898198575
153.37278106508876,0.7655567891437903
153.4027835652971,0.7652170456063038
153.43278606550547,0.7648775595800303
153.46278856571382,0.7645383314373206
153.49279106592215,0.7641993615502415
153.5227935661305,0.7638606502905766
153.55279606633886,0.7635221980298267
153.5827985665472,0.7631840051392081
153.61280106675557,0.7628460719896524
153.64280356696392,0.7625083989518066
153.67280606717227,0.7621709863960322
153.7028085673806,0.7618338346924055
153.73281106758895,0.761496944210716
153.7628135677973,0.7611603153204668
153.79281606800566,0.7608239483908745
153.82281856821402,0.7604878437908682
153.85282106842237,0.7601520018890895
153.88282356863073,0.7598164230538911
153.91282606883908,0.7594811076533379
153.9428285690474,0.7591460560552058
153.97283106925576,0.7588112686269812
154.00283356946412,0.7584767457358603
154.03283606967247,0.7581424877487499
154.06283856988082,0.7578084950322661
154.09284107008918,0.7574747679527337
154.12284357029753,0.7571413068761869
154.1528460705059,0.7568081121683667
154.1828485707142,0.7564751841947239
154.21285107092257,0.7561425233204148
154.24285357113092,0.7558101299103042
154.27285607133928,0.7554780043289625
154.30285857154763,0.7551461469406672
154.33286107175599,0.7548145581094011
154.36286357196434,0.7544832381988528
154.3928660721727,0.7541521875724159
154.42286857238102,0.7538214065931883
154.45287107258937,0.7534908956239721
154.48287357279773,0.7531606550272738
154.51287607300608,0.7528306851653034
154.54287857321444,0.752500986399973
154.5728810734228,0.7521715590928981
154.60288357363115,0.7518424036053968
154.63288607383947,0.7515135202984886
154.66288857404783,0.7511849095328939
154.69289107425618,0.750856571669035
154.72289357446454,0.7505285070670347
154.7528960746729,0.7502007160867161
154.78289857488124,0.7498731990876024
154.8129010750896,0.7495459564289153
154.84290357529795,0.7492189884695768
154.87290607550628,0.7488922955682074
154.90290857571463,0.748565878083125
154.932911075923,0.7482397363723463
154.96291357613134,0.7479138707935853
154.9929160763397,0.7475882817042532
155.02291857654805,0.7472629694614578
155.0529210767564,0.7469379344220035
155.08292357696476,0.7466131769423903
155.11292607717309,0.7462886973788141
155.14292857738144,0.7459644960871654
155.1729310775898,0.7456405734230308
155.20293357779815,0.7453169297416895
155.2329360780065,0.744993565398116
155.26293857821486,0.7446704807469782
155.2929410784232,0.7443476761426369
155.32294357863154,0.7440251519391465
155.3529460788399,0.7437029084902524
155.38294857904825,0.7433809461493933
155.4129510792566,0.7430592652696993
155.44295357946496,0.7427378662039921
155.4729560796733,0.7424167493047833
155.50295857988166,0.7420959149242758
155.53296108009002,0.7417753634143627
155.56296358029834,0.741455095126627
155.5929660805067,0.7411351104123396
155.62296858071505,0.7408154096224622
155.6529710809234,0.7404959931076442
155.68297358113176,0.7401768612182233
155.71297608134012,0.7398580143042257
155.74297858154847,0.7395394527153634
155.77298108175683,0.739221176801037
155.80298358196515,0.7389031869103335
155.8329860821735,0.7385854833920257
155.86298858238186,0.7382680665945721
155.8929910825902,0.7379509368661177
155.92299358279857,0.7376340945544917
155.95299608300692,0.7373175400072092
155.98299858321528,0.7370012735714679
156.01300108342363,0.7366852955941512
156.04300358363196,0.7363696064218257
156.0730060838403,0.7360542064007403
156.10300858404867,0.7357390958768278
156.13301108425702,0.735424275195703
156.16301358446538,0.735109744702663
156.19301608467373,0.7347955047426865
156.22301858488208,0.7344815556604339
156.2530210850904,0.7341678978002462
156.28302358529876,0.7338545315061442
156.31302608550712,0.7335414571218306
156.34302858571547,0.7332286749906871
156.37303108592383,0.7329161854557742
156.40303358613218,0.7326039888598327
156.43303608634054,0.7322920855452811
156.4630385865489,0.731980475854217
156.49304108675722,0.7316691601284158
156.52304358696557,0.7313581387093295
156.55304608717393,0.7310474119380885
156.58304858738228,0.7307369801554995
156.61305108759063,0.7304268437020461
156.643053587799,0.7301170029178872
156.67305608800734,0.729807458142858
156.7030585882157,0.7294982097164688
156.73306108842402,0.7291892579779056
156.76306358863238,0.7288806032660273
156.79306608884073,0.7285722459193686
156.8230685890491,0.7282641862761374
156.85307108925744,0.7279564246742152
156.8830735894658,0.727648961451157
156.91307608967415,0.7273417969441893
156.94307858988248,0.7270349314902127
156.97308109009083,0.726728365425798
157.00308359029918,0.7264220990871892
157.03308609050754,0.7261161328103005
157.0630885907159,0.7258104669307173
157.09309109092425,0.725505101783696
157.1230935911326,0.7252000377041623
157.15309609134096,0.7248952750267126
157.18309859154928,0.7245908140856121
157.21310109175764,0.7242866552147949
157.243103591966,0.7239827987478641
157.27310609217434,0.7236792450180917
157.3031085923827,0.7233759943584164
157.33311109259105,0.7230730471014454
157.3631135927994,0.7227704035794529
157.39311609300776,0.7224680641243801
157.4231185932161,0.7221660290678349
157.45312109342444,0.7218642987410899
157.4831235936328,0.7215628734750854
157.51312609384115,0.7212617536004258
157.5431285940495,0.7209609394473815
157.57313109425786,0.7206604313458866
157.60313359446621,0.7203602296255404
157.63313609467457,0.7200603346156054
157.6631385948829,0.7197607466450089
157.69314109509125,0.7194614660423393
157.7231435952996,0.71916249313585
157.75314609550796,0.7188638282534558
157.7831485957163,0.7185654717227343
157.81315109592467,0.7182674238709246
157.84315359613302,0.7179696850249266
157.87315609634135,0.7176722555113026
157.9031585965497,0.7173751356562742
157.93316109675806,0.7170783257857247
157.9631635969664,0.7167818262251962
157.99316609717476,0.7164856372998912
158.02316859738312,0.7161897593346715
158.05317109759147,0.7158941926540575
158.08317359779983,0.7155989375822287
158.11317609800815,0.7153039944430222
158.1431785982165,0.7150093635599327
158.17318109842486,0.7147150452561135
158.20318359863322,0.7144210398543748
158.23318609884157,0.7141273476771826
158.26318859904993,0.7138339690466604
158.29319109925828,0.7135409042845875
158.32319359946663,0.7132481537123991
158.35319609967496,0.7129557176511855
158.38319859988331,0.7126635964216916
158.41320110009167,0.7123717903443182
158.44320360030002,0.7120802997391195
158.47320610050838,0.7117891249258043
158.50320860071673,0.7114982662237341
158.5332111009251,0.7112077239519248
158.56321360113344,0.7109174984290445
158.59321610134177,0.7106275899734147
158.62321860155012,0.7103379989030076
158.65322110175848,0.7100487255354488
158.68322360196683,0.7097597701880147
158.71322610217518,0.7094711331776336
158.74322860238354,0.7091828148208833
158.7732311025919,0.7088948154339934
158.80323360280022,0.7086071353328434
158.83323610300857,0.7083197748329619
158.86323860321693,0.708032734249528
158.89324110342528,0.7077460138973687
158.92324360363364,0.7074596140909608
158.953246103842,0.7071735351444293
158.98324860405035,0.706887777371547
159.0132511042587,0.7066023410857343
159.04325360446703,0.7063172266000599
159.07325610467538,0.7060324342272382
159.10325860488373,0.7057479642796315
159.1332611050921,0.7054638170692475
159.16326360530044,0.7051799929077409
159.1932661055088,0.7048964921064114
159.22326860571715,0.7046133149762039
159.2532711059255,0.7043304618277093
159.28327360613383,0.7040479329711621
159.3132761063422,0.7037657287164412
159.34327860655054,0.7034838493730697
159.3732811067589,0.7032022952502153
159.40328360696725,0.702921066656687
159.4332861071756,0.7026401639009383
159.46328860738396,0.7023595872910648
159.49329110759228,0.702079337134805
159.52329360780064,0.7017994137395378
159.553296108009,0.7015198174122852
159.58329860821735,0.70124054845971
159.6133011084257,0.7009616071881157
159.64330360863406,0.700682993903447
159.6733061088424,0.700404708911288
159.70330860905077,0.7001267525168633
159.7333111092591,0.6998491250250374
159.76331360946745,0.6995718267403132
159.7933161096758,0.6992948579668328
159.82331860988415,0.6990182190083771
159.8533211100925,0.6987419101683656
159.88332361030086,0.698465931749855
159.91332611050922,0.6981902840555404
159.94332861071757,0.6979149673877529
159.9733311109259,0.6976399820484622
160.00333361113425,0.6973653283392728
160.0333361113426,0.6970910065614271
160.06333861155096,0.6968170170158021
160.09334111175932,0.6965433600029114
160.12334361196767,0.6962700358229035
160.15334611217602,0.6959970447755616
160.18334861238438,0.695724387160304
160.2133511125927,0.6954520632761833
160.24335361280106,0.695180073421885
160.2733561130094,0.6949084178957297
160.30335861321777,0.6946370969956706
160.33336111342612,0.6943661110192934
160.36336361363448,0.6940954602638175
160.39336611384283,0.6938251450260939
160.42336861405116,0.6935551656026064
160.4533711142595,0.6932855222894689
160.48337361446787,0.6930162153824282
160.51337611467622,0.6927472451768615
160.54337861488457,0.6924786119677768
160.57338111509293,0.6922103160498125
160.60338361530128,0.6919423577172368
160.63338611550964,0.691674737263948
160.66338861571796,0.6914074549834739
160.69339111592632,0.6911405111689708
160.72339361613467,0.6908739061132241
160.75339611634303,0.6906076401086476
160.78339861655138,0.6903417134472837
160.81340111675974,0.6900761264208018
160.8434036169681,0.6898108793204997
160.87340611717644,0.6895459724373012
160.90340861738477,0.6892814060617583
160.93341111759312,0.6890171804840479
160.96341361780148,0.6887532959939751
160.99341611800983,0.688489752880969
161.0234186182182,0.6882265514340854
161.05342111842654,0.6879636919420051
161.0834236186349,0.6877011746930342
161.11342611884322,0.6874389999751025
161.14342861905158,0.6871771680757646
161.17343111925993,0.6869156792821992
161.20343361946829,0.6866545338812089
161.23343611967664,0.6863937321592195
161.263438619885,0.6861332744022792
161.29344112009335,0.6858731608960598
161.3234436203017,0.6856133919258551
161.35344612051003,0.6853539677765816
161.38344862071838,0.6850948887327764
161.41345112092674,0.6848361550785989
161.4434536211351,0.6845777670978297
161.47345612134345,0.6843197250738705
161.5034586215518,0.6840620292897427
161.53346112176015,0.6838046800280886
161.5634636219685,0.6835476775711702
161.59346612217684,0.6832910222008693
161.6234686223852,0.683034714198687
161.65347112259354,0.6827787538457429
161.6834736228019,0.6825231414227759
161.71347612301025,0.6822678772101433
161.7434786232186,0.6820129614878201
161.77348112342696,0.6817583945353991
161.80348362363532,0.6815041766320908
161.83348612384364,0.6812503080567232
161.863488624052,0.6809967890877402
161.89349112426035,0.6807436200032027
161.9234936244687,0.680490801080788
161.95349612467706,0.6802383325977895
161.9834986248854,0.679986214831116
162.01350112509377,0.6797344480572916
162.0435036253021,0.6794830325524555
162.07350612551045,0.6792319685923611
162.1035086257188,0.6789812564523772
162.13351112592716,0.6787308964074861
162.1635136261355,0.678480888732284
162.19351612634387,0.6782312337009807
162.22351862655222,0.6779819315873992
162.25352112676057,0.6777329826649755
162.2835236269689,0.6774843872067584
162.31352612717725,0.6772361454854079
162.3435286273856,0.6769882577731974
162.37353112759396,0.6767407243420114
162.40353362780232,0.6764935454633461
162.43353612801067,0.6762467214083083
162.46353862821903,0.6760002524476161
162.49354112842738,0.675754138851598
162.5235436286357,0.6755083808901932
162.55354612884406,0.6752629788329494
162.58354862905242,0.6750179329490253
162.61355112926077,0.6747732435071887
162.64355362946912,0.6745289107758163
162.67355612967748,0.6742849350228937
162.70355862988583,0.6740413165160144
162.7335611300942,0.6737980555223807
162.7635636303025,0.6735551523088028
162.79356613051087,0.673312607141698
162.82356863071922,0.6730704202870912
162.85357113092758,0.6728285920106141
162.88357363113593,0.6725871225775053
162.91357613134429,0.6723460122526099
162.94357863155264,0.6721052613003794
162.97358113176097,0.6718648699848703
163.00358363196932,0.6716248385697448
163.03358613217767,0.6713851673182711
163.06358863238603,0.6711458564933219
163.09359113259438,0.6709069063573745
163.12359363280274,0.6706683171725106
163.1535961330111,0.6704300892004162
163.18359863321945,0.6701922227023811
163.21360113342777,0.669954717939299
163.24360363363613,0.6697175751716653
163.27360613384448,0.6694807946595803
163.30360863405284,0.6692443766627458
163.3336111342612,0.6690083214404668
163.36361363446954,0.6687726292516494
163.3936161346779,0.6685373003548023
163.42361863488625,0.6683023350080354
163.45362113509458,0.6680677334690605
163.48362363530293,0.6678334959951888
163.5136261355113,0.6675996228433341
163.54362863571964,0.6673661142700094
163.573631135928,0.667132970531328
163.60363363613635,0.6669001918830039
163.6336361363447,0.6666677785803492
163.66363863655303,0.6664357308782765
163.69364113676139,0.6662040490312968
163.72364363696974,0.6659727332935201
163.7536461371781,0.6657417839186546
163.78364863738645,0.6655112011600068
163.8136511375948,0.6652809852704814
163.84365363780316,0.6650511365025802
163.8736561380115,0.6648216551084029
163.90365863821984,0.6645925413396456
163.9336611384282,0.6643637954476014
163.96366363863655,0.6641354176831602
163.9936661388449,0.6639074082968084
164.02366863905326,0.663679767538627
164.0536711392616,0.6634524956582943
164.08367363946996,0.6632255929050832
164.11367613967832,0.662999059527862
164.14367863988664,0.6627728957750936
164.173681140095,0.6625471018948352
164.20368364030335,0.6623216781347393
164.2336861405117,0.6620966247420517
164.26368864072006,0.6618719419636123
164.29369114092842,0.6616476300458543
164.32369364113677,0.6614236892348041
164.35369614134513,0.6612001197760813
164.38369864155345,0.6609769219148984
164.4137011417618,0.6607540958960596
164.44370364197016,0.6605316419639615
164.47370614217851,0.6603095603625934
164.50370864238687,0.6600878513355353
164.53371114259522,0.6598665151259586
164.56371364280358,0.6596455519766262
164.5937161430119,0.6594249621298922
164.62371864322026,0.6592047458277
164.6537211434286,0.6589849033115844
164.68372364363697,0.6587654348226698
164.71372614384532,0.6585463406016703
164.74372864405368,0.6583276208888897
164.77373114426203,0.6581092759242213
164.80373364447038,0.6578913059471466
164.8337361446787,0.6576737111967365
164.86373864488706,0.6574564919116497
164.89374114509542,0.6572396483301342
164.92374364530377,0.6570231806900244
164.95374614551213,0.6568070892287435
164.98374864572048,0.656591374183302
165.01375114592884,0.6563760357902972
165.0437536461372,0.6561610742859134
165.07375614634552,0.6559464899059217
165.10375864655387,0.6557322828856791
165.13376114676223,0.6555184534601289
165.16376364697058,0.6553050018638009
165.19376614717893,0.6550919283308096
165.2237686473873,0.6548792330948552
165.25377114759564,0.6546669163892231
165.28377364780397,0.6544549784467838
165.31377614801232,0.6542434194999911
165.34377864822068,0.6540322397808845
165.37378114842903,0.6538214395210871
165.4037836486374,0.6536110189518056
165.43378614884574,0.6534009783038307
165.4637886490541,0.6531913178075357
165.49379114926245,0.6529820376928777
165.52379364947078,0.6527731381893962
165.55379614967913,0.6525646195262131
165.58379864988748,0.6523564819320331
165.61380115009584,0.6521487256351423
165.6438036503042,0.6519413508634091
165.67380615051255,0.6517343578442834
165.7038086507209,0.6515277468047961
165.73381115092926,0.6513215179715593
165.76381365113758,0.6511156715707662
165.79381615134594,0.6509102078281896
165.8238186515543,0.650705126969184
165.85382115176265,0.6505004292186827
165.883823651971,0.6502961148011992
165.91382615217935,0.6500921839408271
165.9438286523877,0.6498886368612385
165.97383115259606,0.6496854737856854
166.0038336528044,0.6494826949369977
166.03383615301274,0.6492803005375845
166.0638386532211,0.6490782908094329
166.09384115342945,0.6488766659741088
166.1238436536378,0.6486754262527545
166.15384615384616,0.6484745718660916
166.18384865405451,0.648274103034418
166.21385115426284,0.6480740199776094
166.2438536544712,0.6478743229151172
166.27385615467955,0.6476750120659706
166.3038586548879,0.6474760876487748
166.33386115509626,0.6472775498817112
166.3638636553046,0.6470793989825374
166.39386615551297,0.6468816351685858
166.42386865572132,0.6466842586567652
166.45387115592965,0.6464872696635591
166.483873656138,0.6462906684050262
166.51387615634636,0.6460944550967996
166.5438786565547,0.6458986299540873
166.57388115676306,0.6457031931916712
166.60388365697142,0.6455081450239077
166.63388615717977,0.6453134856647267
166.66388865738813,0.6451192153276311
166.69389115759645,0.6449253342256982
166.7238936578048,0.6447318425715776
166.75389615801316,0.644538740577492
166.78389865822152,0.6443460284552369
166.81390115842987,0.6441537064161795
166.84390365863823,0.6439617746712603
166.87390615884658,0.6437702334309907
166.9039086590549,0.6435790829054544
166.93391115926326,0.643388323304306
166.96391365947161,0.6431979548367717
166.99391615967997,0.6430079777116489
167.02391865988832,0.6428183921373056
167.05392116009668,0.6426291983216799
167.08392366030503,0.6424403964722808
167.1139261605134,0.6422519867961872
167.1439286607217,0.6420639695000483
167.17393116093007,0.6418763447900816
167.20393366113842,0.6416891128720754
167.23393616134678,0.6415022739513865
167.26393866155513,0.6413158282329412
167.29394116176348,0.6411297759212338
167.32394366197184,0.6409441172203276
167.3539461621802,0.640758852333854
167.38394866238852,0.6405739814650129
167.41395116259687,0.6403895048165711
167.44395366280523,0.640205422590864
167.47395616301358,0.6400217349897936
167.50395866322194,0.6398384422148298
167.5339611634303,0.6396555444670091
167.56396366363865,0.6394730419469346
167.593966163847,0.639290934854776
167.62396866405533,0.6391092233902695
167.65397116426368,0.6389279077527172
167.68397366447203,0.638746988140987
167.7139761646804,0.6385664647535123
167.74397866488874,0.6383863377882925
167.7739811650971,0.6382066074428916
167.80398366530545,0.638027273914439
167.83398616551378,0.6378483373996287
167.86398866572213,0.6376697980947189
167.8939911659305,0.6374916561955327
167.92399366613884,0.6373139118974572
167.9539961663472,0.637136565395443
167.98399866655555,0.636959616884005
168.0140011667639,0.6367830665572212
168.04400366697226,0.6366069146087329
168.07400616718058,0.6364311612317448
168.10400866738894,0.6362558066190236
168.1340111675973,0.6360808509628993
168.16401366780565,0.6359062944552647
168.194016168014,0.6357321372875739
168.22401866822236,0.6355583796508435
168.2540211684307,0.6353850217356518
168.28402366863907,0.6352120637321388
168.3140261688474,0.635039505830006
168.34402866905575,0.6348673482185152
168.3740311692641,0.6346955910864902
168.40403366947245,0.6345242346223151
168.4340361696808,0.6343532790139346
168.46403866988916,0.6341827244488539
168.49404117009752,0.6340125711141379
168.52404367030587,0.6338428191964117
168.5540461705142,0.6336734688818604
168.58404867072255,0.6335045203562282
168.6140511709309,0.6333359738048185
168.64405367113926,0.6331678294124945
168.67405617134762,0.6330000873636774
168.70405867155597,0.632832747842348
168.73406117176432,0.6326658110320451
168.76406367197265,0.632499277115866
168.794066172181,0.6323331462764655
168.82406867238936,0.6321674186960573
168.8540711725977,0.6320020945564122
168.88407367280607,0.6318371740388584
168.91407617301442,0.6316726573242818
168.94407867322278,0.6315085445931252
168.97408117343113,0.6313448360253883
169.00408367363946,0.6311815318006277
169.0340861738478,0.6310186320979563
169.06408867405617,0.630856137096043
169.09409117426452,0.6306940469731136
169.12409367447287,0.6305323619069494
169.15409617468123,0.6303710820748872
169.18409867488958,0.6302102076538199
169.21410117509794,0.6300497388201953
169.24410367530626,0.6298896757500165
169.27410617551462,0.6297300186188415
169.30410867572297,0.6295707676017831
169.33411117593133,0.6294119228735087
169.36411367613968,0.6292534846082399
169.39411617634804,0.629095452979753
169.4241186765564,0.6289378281613777
169.45412117676472,0.6287806103259979
169.48412367697307,0.6286237996460506
169.51412617718142,0.6284673962935272
169.54412867738978,0.6283114004399711
169.57413117759813,0.6281558122564799
169.6041336778065,0.6280006319137033
169.63413617801484,0.6278458595818441
169.6641386782232,0.6276914954306572
169.69414117843152,0.6275375396294502
169.72414367863988,0.6273839923470828
169.75414617884823,0.627230853751966
169.78414867905659,0.6270781240120636
169.81415117926494,0.6269258032948901
169.8441536794733,0.6267738917675117
169.87415617968165,0.6266223895965458
169.90415867989,0.626471296948161
169.93416118009833,0.6263206139880764
169.96416368030668,0.6261703408815616
169.99416618051504,0.6260204777934373
170.0241686807234,0.6258710248880741
170.05417118093175,0.6257219823293927
170.0841736811401,0.6255733502808636
170.11417618134845,0.6254251289055075
170.1441786815568,0.6252773183658944
170.17418118176514,0.6251299188241439
170.2041836819735,0.6249829304419239
170.23418618218184,0.6248363533804526
170.2641886823902,0.6246901878004965
170.29419118259855,0.6245444338623707
170.3241936828069,0.6243990917259388
170.35419618301526,0.624254161550613
170.3841986832236,0.6241096434953535
170.41420118343194,0.6239655377186685
170.4442036836403,0.6238218443786138
170.47420618384865,0.6236785636327931
170.504208684057,0.6235356956383575
170.53421118426536,0.6233932405520056
170.5642136844737,0.6232511985299828
170.59421618468207,0.6231095697280814
170.6242186848904,0.6229683543016409
170.65422118509875,0.6228275524055469
170.6842236853071,0.6226871641942318
170.71422618551546,0.6225471898216739
170.7442286857238,0.6224076294413983
170.77423118593217,0.6222684832064751
170.80423368614052,0.6221297512695211
170.83423618634887,0.6219914337826979
170.8642386865572,0.6218535308977133
170.89424118676556,0.6217160427658193
170.9242436869739,0.621578969537814
170.95424618718226,0.6214423113640402
170.98424868739062,0.621306068394385
171.01425118759897,0.6211702407782804
171.04425368780733,0.6210348286647032
171.07425618801565,0.6208998322021739
171.104258688224,0.6207652515387574
171.13426118843236,0.6206310868220626
171.16426368864072,0.6204973381992418
171.19426618884907,0.6203640058169915
171.22426868905742,0.6202310898215514
171.25427118926578,0.6200985903587042
171.28427368947413,0.6199665075737762
171.31427618968246,0.6198348416116366
171.3442786898908,0.6197035926166974
171.37428119009917,0.6195727607329127
171.40428369030752,0.6194423461037801
171.43428619051588,0.6193123488723389
171.46428869072423,0.6191827691811708
171.49429119093259,0.6190536071723995
171.52429369114094,0.6189248629876907
171.55429619134927,0.6187965367682516
171.58429869155762,0.6186686286548311
171.61430119176597,0.6185411387877195
171.64430369197433,0.6184140673067483
171.67430619218268,0.6182874143512904
171.70430869239104,0.6181611800602591
171.7343111925994,0.6180353645721093
171.76431369280775,0.6179099680248359
171.79431619301607,0.6177849905559745
171.82431869322443,0.6176604323026009
171.85432119343278,0.6175362934013315
171.88432369364114,0.6174125739883225
171.9143261938495,0.6172892741992698
171.94432869405784,0.6171663941694094
171.9743311942662,0.617043934033517
172.00433369447452,0.6169218939259076
172.03433619468288,0.6168002739804348
172.06433869489123,0.6166790743304924
172.0943411950996,0.6165582951090129
172.12434369530794,0.6164379364484678
172.1543461955163,0.6163179984808667
172.18434869572465,0.6161984813377583
172.214351195933,0.6160793851502299
172.24435369614133,0.6159607100489066
172.2743561963497,0.6158424561639522
172.30435869655804,0.6157246236250677
172.3343611967664,0.6156072125614929
172.36436369697475,0.6154902231020045
172.3943661971831,0.6153736553749176
172.42436869739146,0.6152575095080841
172.4543711975998,0.6151417856288933
172.48437369780814,0.6150264838642721
172.5143761980165,0.6149116043406837
172.54437869822485,0.614797147184129
172.5743811984332,0.6146831125201448
172.60438369864156,0.6145695004738053
172.6343861988499,0.6144563111697205
172.66438869905826,0.6143435447320376
172.69439119926662,0.6142312012844386
172.72439369947494,0.614119280950143
172.7543961996833,0.6140077838519055
172.78439869989165,0.6138967101120167
172.8144012001,0.6137860598523027
172.84440370030836,0.6136758331941256
172.87440620051672,0.6135660302583823
172.90440870072507,0.6134566511655055
172.9344112009334,0.6133476960354629
172.96441370114175,0.6132391649877567
172.9944162013501,0.6131310581414244
173.02441870155846,0.6130233756150383
173.05442120176681,0.6129161175267053
173.08442370197517,0.6128092839940664
173.11442620218352,0.6127028751342973
173.14442870239188,0.6125968910641079
173.1744312026002,0.612491331899742
173.20443370280856,0.6123861977569776
173.2344362030169,0.6122814887511261
173.26443870322527,0.612177204997033
173.29444120343362,0.6120733466090774
173.32444370364198,0.6119699137011718
173.35444620385033,0.6118669063867619
173.38444870405868,0.6117643247788266
173.414451204267,0.611662168989878
173.44445370447536,0.6115604391319613
173.47445620468372,0.6114591353166541
173.50445870489207,0.6113582576550669
173.53446120510043,0.6112578062578431
173.56446370530878,0.6111577812351583
173.59446620551714,0.6110581826967206
173.62446870572546,0.6109590107517701
173.65447120593382,0.6108602655090789
173.68447370614217,0.6107619470769515
173.71447620635053,0.6106640555632243
173.74447870655888,0.6105665910752649
173.77448120676723,0.6104695537199729
173.8044837069756,0.6103729436037797
173.83448620718394,0.6102767608326475
173.86448870739227,0.6101810055120704
173.89449120760062,0.6100856777470729
173.92449370780898,0.6099907776422113
173.95449620801733,0.6098963053015726
173.9844987082257,0.6098022608287745
174.01450120843404,0.6097086443269653
174.0445037086424,0.6096154558988243
174.07450620885075,0.6095226956465611
174.10450870905908,0.6094303636719156
174.13451120926743,0.6093384600761579
174.16451370947578,0.6092469849600883
174.19451620968414,0.6091559384240375
174.2245187098925,0.6090653205678657
174.25452121010085,0.608975131490963
174.2845237103092,0.6088853712922492
174.31452621051756,0.608796040070174
174.34452871072588,0.608707137922716
174.37453121093424,0.608618664947384
174.4045337111426,0.6085306212412154
174.43453621135095,0.6084430069007769
174.4645387115593,0.6083558220221646
174.49454121176765,0.6082690667010032
174.524543711976,0.6081827410324466
174.55454621218433,0.6080968451111771
174.5845487123927,0.6080113790314058
174.61455121260104,0.6079263428868724
174.6445537128094,0.6078417367708451
174.67455621301775,0.6077575607761201
174.7045587132261,0.6076738149950222
174.73456121343446,0.6075904995194042
174.76456371364281,0.6075076144406472
174.79456621385114,0.6074251598496598
174.8245687140595,0.6073431358368786
174.85457121426785,0.607261542492268
174.8845737144762,0.6071803799053201
174.91457621468456,0.6070996481650546
174.9445787148929,0.6070193473600183
174.97458121510127,0.6069394775782854
175.00458371530962,0.6068600389074578
175.03458621551795,0.6067810314346642
175.0645887157263,0.6067024552465603
175.09459121593466,0.6066243104293291
175.124593716143,0.6065465970686801
175.15459621635137,0.6064693152498496
175.18459871655972,0.6063924650576011
175.21460121676807,0.606316046576224
175.2446037169764,0.6062400598895347
175.27460621718475,0.6061645050808755
175.3046087173931,0.6060893822331157
175.33461121760146,0.6060146914286502
175.36461371780982,0.6059404327494003
175.39461621801817,0.6058666062768134
175.42461871822653,0.6057932120918629
175.45462121843488,0.6057202502750476
175.4846237186432,0.6056477209063926
175.51462621885156,0.6055756240654486
175.54462871905992,0.6055039598312917
175.57463121926827,0.6054327282825236
175.60463371947662,0.6053619294972714
175.63463621968498,0.6052915635531877
175.66463871989333,0.6052216305274503
175.6946412201017,0.605152130496762
175.72464372031,0.6050830635373508
175.75464622051837,0.6050144297249698
175.78464872072672,0.6049462291348968
175.81465122093508,0.6048784618419347
175.84465372114343,0.6048111279204111
175.87465622135178,0.6047442274441781
175.90465872156014,0.6046777604866123
175.9346612217685,0.6046117271206155
175.96466372197682,0.604546127418613
175.99466622218517,0.6044809614525553
176.02466872239353,0.6044162292939164
176.05467122260188,0.604351931013695
176.08467372281024,0.604288066682414
176.1146762230186,0.60422463637012
176.14467872322695,0.6041616401463836
176.17468122343527,0.6040990780802996
176.20468372364363,0.6040369502404863
176.23468622385198,0.6039752566950859
176.26468872406033,0.6039139975117642
176.2946912242687,0.6038531727577106
176.32469372447704,0.6037927824996379
176.3546962246854,0.6037328268037826
176.38469872489375,0.6036733057359045
176.41470122510208,0.6036142193612863
176.44470372531043,0.6035555677447348
176.4747062255188,0.603497350950579
176.50470872572714,0.6034395690426714
176.5347112259355,0.6033822220843876
176.56471372614385,0.603325310138626
176.5947162263522,0.6032688332678081
176.62471872656056,0.603212791533878
176.65472122676888,0.6031571849983024
176.68472372697724,0.6031020137220708
176.7147262271856,0.6030472777656957
176.74472872739395,0.6029929771892115
176.7747312276023,0.6029391120521755
176.80473372781066,0.6028856824136672
176.834736228019,0.6028326883322885
176.86473872822734,0.6027801298661639
176.8947412284357,0.6027280070729393
176.92474372864405,0.6026763200097836
176.9547462288524,0.6026250687333873
176.98474872906075,0.6025742532999632
177.0147512292691,0.6025238737652459
177.04475372947746,0.6024739301844918
177.07475622968582,0.6024244226124795
177.10475872989414,0.6023753511035091
177.1347612301025,0.6023267157114025
177.16476373031085,0.6022785164895033
177.1947662305192,0.6022307534906765
177.22476873072756,0.602183426767309
177.25477123093592,0.6021365363713088
177.28477373114427,0.6020900823541058
177.31477623135262,0.602044064766651
177.34477873156095,0.6019984836594163
177.3747812317693,0.6019533390823959
177.40478373197766,0.6019086310851043
177.434786232186,0.6018643597165776
177.46478873239437,0.6018205250253726
177.49479123260272,0.6017771270595678
177.52479373281108,0.6017341658667621
177.55479623301943,0.6016916414940756
177.58479873322776,0.6016495539881493
177.6148012334361,0.6016079033951449
177.64480373364447,0.6015666897607452
177.67480623385282,0.6015259131301535
177.70480873406117,0.6014855735480935
177.73481123426953,0.6014456710588103
177.76481373447788,0.601406205706069
177.7948162346862,0.6013671775331553
177.82481873489456,0.6013285865828757
177.85482123510292,0.6012904328975567
177.88482373531127,0.6012527165190458
177.91482623551963,0.6012154374887102
177.94482873572798,0.601178595847438
177.97483123593634,0.6011421916356372
178.0048337361447,0.6011062248932362
178.03483623635302,0.6010706956596835
178.06483873656137,0.6010356039739477
178.09484123676972,0.6010009498745175
178.12484373697808,0.600966733399402
178.15484623718643,0.6009329545861295
178.1848487373948,0.6008996134717492
178.21485123760314,0.6008667100928298
178.2448537378115,0.6008342444854597
178.27485623801982,0.6008022166852475
178.30485873822818,0.6007706267273214
178.33486123843653,0.6007394746463294
178.36486373864489,0.6007087604764394
178.39486623885324,0.6006784842513387
178.4248687390616,0.6006486460042346
178.45487123926995,0.6006192457678539
178.4848737394783,0.6005902835744426
178.51487623968663,0.6005617594557668
178.54487873989498,0.6005336734431119
178.57488124010334,0.6005060255672829
178.6048837403117,0.6004788158586041
178.63488624052005,0.600452044346919
178.6648887407284,0.600425711061591
178.69489124093676,0.6003998160315026
178.72489374114508,0.6003743592850554
178.75489624135344,0.6003493408501708
178.7848987415618,0.6003247607542889
178.81490124177014,0.6003006190243694
178.8449037419785,0.6002769156868909
178.87490624218685,0.6002536507678515
178.9049087423952,0.6002308242927685
178.93491124260356,0.6002084362866777
178.9649137428119,0.6001864867741347
178.99491624302024,0.6001649757792136
179.0249187432286,0.6001439033255078
179.05492124343695,0.6001232694361299
179.0849237436453,0.6001030741337111
179.11492624385366,0.6000833174404019
179.144928744062,0.6000639993778711
179.17493124427037,0.6000451199673074
179.2049337444787,0.6000266792294175
179.23493624468705,0.6000086771844273
179.2649387448954,0.5999911138520817
179.29494124510376,0.5999739892516442
179.3249437453121,0.5999573034018972
179.35494624552047,0.5999410563211417
179.38494874572882,0.5999252480271977
179.41495124593715,0.5999098785374037
179.4449537461455,0.5998949478686173
179.47495624635386,0.5998804560372142
179.5049587465622,0.5998664030590893
179.53496124677056,0.599852788949656
179.56496374697892,0.5998396137238462
179.59496624718727,0.5998268773961108
179.62496874739563,0.5998145799804189
179.65497124760395,0.5998027214902583
179.6849737478123,0.5997913019386356
179.71497624802066,0.5997803213380757
179.74497874822902,0.5997697797006223
179.77498124843737,0.5997596770378375
179.80498374864572,0.599750013360802
179.83498624885408,0.5997407886801147
179.86498874906243,0.5997320030058937
179.89499124927076,0.5997236563477749
179.9249937494791,0.5997157487149131
179.95499624968747,0.5997082801159812
179.98499874989582,0.599701250559171
180.01500125010418,0.5996946600521926
180.04500375031253,0.5996885086022744
180.0750062505209,0.5996827962161634
180.10500875072924,0.5996775229001248
180.13501125093757,0.5996726886599426
180.16501375114592,0.599668293500919
180.19501625135428,0.5996643374278746
180.22501875156263,0.5996608204451483
180.25502125177098,0.5996577425565979
180.28502375197934,0.5996551037655988
180.3150262521877,0.5996529040750457
180.34502875239602,0.5996511434873509
180.37503125260437,0.5996498220044455
180.40503375281273,0.599648939627779
180.43503625302108,0.5996484963583191
180.46503875322944,0.5996484921965519
180.4950412534378,0.5996489271424821
180.52504375364614,0.5996498011956327
180.5550462538545,0.5996511143550449
180.58504875406283,0.5996528666192785
180.61505125427118,0.5996550579864116
180.64505375447953,0.5996576884540407
180.6750562546879,0.5996607580192805
180.70505875489624,0.5996642666787646
180.7350612551046,0.5996682144286446
180.76506375531295,0.5996726012645904
180.7950662555213,0.5996774271817906
180.82506875572963,0.5996826921749523
180.855071255938,0.5996883962383004
180.88507375614634,0.599694539365579
180.9150762563547,0.5997011215500503
180.94507875656305,0.5997081427844947
180.9750812567714,0.5997156030612114
181.00508375697976,0.599723502372018
181.03508625718808,0.5997318407082504
181.06508875739644,0.599740618060763
181.0950912576048,0.5997498344199288
181.12509375781315,0.5997594897756393
181.1550962580215,0.5997695841173044
181.18509875822986,0.5997801174338526
181.2151012584382,0.599791089713731
181.24510375864656,0.599802500944905
181.2751062588549,0.5998143511148587
181.30510875906324,0.5998266402105947
181.3351112592716,0.5998393682186347
181.36511375947995,0.5998525351250179
181.3951162596883,0.5998661409153032
181.42511875989666,0.5998801855745677
181.45512126010502,0.5998946690874069
181.48512376031337,0.5999095914379353
181.5151262605217,0.5999249526097861
181.54512876073005,0.5999407525861109
181.5751312609384,0.5999569913495804
181.60513376114676,0.5999736688823836
181.63513626135511,0.5999907851662287
181.66513876156347,0.6000083401823424
181.69514126177182,0.6000263339114704
181.72514376198018,0.6000447663338768
181.7551462621885,0.6000636374293449
181.78514876239686,0.6000829471771769
181.8151512626052,0.6001026955561937
181.84515376281357,0.6001228825447351
181.87515626302192,0.6001435081206601
181.90515876323028,0.6001645722613462
181.93516126343863,0.6001860749436905
181.96516376364696,0.6002080161441083
181.9951662638553,0.6002303958385347
182.02516876406366,0.6002532140024233
182.05517126427202,0.6002764706107471
182.08517376448037,0.6003001656379983
182.11517626468873,0.6003242990581878
182.14517876489708,0.6003488708448461
182.17518126510544,0.6003738809710226
182.20518376531376,0.6003993294092863
182.23518626552212,0.600425216131725
182.26518876573047,0.600451541109946
182.29519126593883,0.6004783043150761
182.32519376614718,0.6005055057177611
182.35519626635553,0.6005331452881664
182.3851987665639,0.6005612229959768
182.41520126677224,0.6005897388103965
182.44520376698057,0.6006186927001491
182.47520626718892,0.6006480846334781
182.50520876739728,0.6006779145781459
182.53521126760563,0.6007081825014351
182.565213767814,0.6007388883701477
182.59521626802234,0.6007700321506052
182.6252187682307,0.600801613808649
182.65522126843905,0.6008336333096402
182.68522376864738,0.6008660906184595
182.71522626885573,0.6008989856995076
182.74522876906408,0.6009323185167053
182.77523126927244,0.6009660890334925
182.8052337694808,0.6010002972128297
182.83523626968915,0.6010349430171974
182.8652387698975,0.6010700264085955
182.89524127010583,0.6011055473485447
182.92524377031418,0.6011415057980853
182.95524627052254,0.6011779017177781
182.9852487707309,0.6012147350677033
183.01525127093925,0.6012520058074624
183.0452537711476,0.6012897138961764
183.07525627135595,0.601327859292487
183.1052587715643,0.6013664419545561
183.13526127177263,0.6014054618400659
183.165263771981,0.6014449189062193
183.19526627218934,0.6014848131097396
183.2252687723977,0.6015251444068705
183.25527127260605,0.6015659127533766
183.2852737728144,0.6016071181045428
183.31527627302276,0.6016487604151748
183.34527877323112,0.6016908396395992
183.37528127343944,0.6017333557316633
183.4052837736478,0.6017763086447352
183.43528627385615,0.6018196983317039
183.4652887740645,0.6018635247449793
183.49529127427286,0.6019077878364925
183.5252937744812,0.6019524875576951
183.55529627468957,0.6019976238595609
183.5852987748979,0.6020431966925834
183.61530127510625,0.6020892060067787
183.6453037753146,0.6021356517516834
183.67530627552296,0.6021825338763551
183.7053087757313,0.6022298523293738
183.73531127593967,0.60227760705884
183.76531377614802,0.6023257980123762
183.79531627635637,0.6023744251371264
183.8253187765647,0.6024234883797558
183.85532127677305,0.6024729876864519
183.8853237769814,0.6025229230029234
183.91532627718976,0.6025732942744011
183.94532877739812,0.6026241014456373
183.97533127760647,0.6026753444609066
184.00533377781483,0.6027270232640054
184.03533627802318,0.6027791377982521
184.0653387782315,0.6028316880064872
184.09534127843986,0.6028846738310731
184.12534377864822,0.6029380952138951
184.15534627885657,0.60299195209636
184.18534877906492,0.6030462444193974
184.21535127927328,0.6031009721234591
184.24535377948163,0.6031561351485195
184.27535627969,0.6032117334340756
184.3053587798983,0.6032677669191469
184.33536128010667,0.6033242355422754
184.36536378031502,0.6033811392415263
184.39536628052338,0.6034384779544869
184.42536878073173,0.603496251618268
184.45537128094008,0.6035544601695033
184.48537378114844,0.603613103544349
184.51537628135677,0.6036721816784851
184.54537878156512,0.6037316945071141
184.57538128177347,0.6037916419649623
184.60538378198183,0.6038520239862786
184.63538628219018,0.603912840504836
184.66538878239854,0.6039740914539303
184.6953912826069,0.6040357767663815
184.72539378281525,0.6040978963745327
184.75539628302357,0.6041604502102506
184.78539878323193,0.6042234382049259
184.81540128344028,0.6042868602894732
184.84540378364863,0.6043507163943307
184.875406283857,0.6044150064494607
184.90540878406534,0.6044797303843492
184.9354112842737,0.6045448881280071
184.96541378448205,0.6046104796089689
184.99541628469038,0.6046765047552933
185.02541878489873,0.6047429634945638
185.0554212851071,0.6048098557538881
185.08542378531544,0.6048771814598983
185.1154262855238,0.6049449405387513
185.14542878573215,0.6050131329161283
185.1754312859405,0.6050817585172359
185.20543378614883,0.605150817266805
185.23543628635719,0.6052203090890915
185.26543878656554,0.6052902339078766
185.2954412867739,0.6053605916464662
185.32544378698225,0.6054313822276918
185.3554462871906,0.6055026055739096
185.38544878739896,0.6055742616070015
185.4154512876073,0.6056463502483749
185.44545378781564,0.6057188714189625
185.475456288024,0.6057918250392229
185.50545878823235,0.6058652110291399
185.5354612884407,0.6059390293082235
185.56546378864905,0.6060132797955093
185.5954662888574,0.6060879624095592
185.62546878906576,0.6061630770684606
185.65547128927412,0.6062386236898276
185.68547378948244,0.6063146021907999
185.7154762896908,0.6063910124880443
185.74547878989915,0.6064678544977533
185.7754812901075,0.6065451281356464
185.80548379031586,0.6066228333169692
185.83548629052422,0.6067009699564943
185.86548879073257,0.606779537968521
185.89549129094092,0.6068585372668756
185.92549379114925,0.6069379677649112
185.9554962913576,0.607017829375508
185.98549879156596,0.6070981220110732
186.0155012917743,0.6071788455835416
186.04550379198267,0.6072600000043751
186.07550629219102,0.607341585184563
186.10550879239938,0.6074236010346225
186.1355112926077,0.6075060474645977
186.16551379281606,0.6075889243840614
186.1955162930244,0.6076722317021135
186.22551879323277,0.6077559693273822
186.25552129344112,0.6078401371680233
186.28552379364947,0.6079247351317215
186.31552629385783,0.6080097631256891
186.34552879406618,0.6080952210566668
186.3755312942745,0.608181108830924
186.40553379448286,0.6082674263542587
186.43553629469122,0.6083541735319971
186.46553879489957,0.6084413502689945
186.49554129510793,0.6085289564696351
186.52554379531628,0.6086169920378319
186.55554629552464,0.6087054568770269
186.585548795733,0.6087943508901915
186.61555129594132,0.6088836739798261
186.64555379614967,0.6089734260479609
186.67555629635802,0.6090636069961552
186.70555879656638,0.6091542167254982
186.73556129677473,0.6092452551366083
186.7655637969831,0.6093367221296346
186.79556629719144,0.6094286176042552
186.8255687973998,0.6095209414596787
186.85557129760812,0.6096136935946439
186.88557379781648,0.6097068739074196
186.91557629802483,0.6098004822958055
186.94557879823319,0.6098945186571311
186.97558129844154,0.6099889828882569
187.0055837986499,0.6100838748855738
187.03558629885825,0.6101791945450041
187.06558879906657,0.6102749417620005
187.09559129927493,0.6103711164315471
187.12559379948328,0.6104677184481586
187.15559629969164,0.6105647477058818
187.1855987999,0.6106622040982943
187.21560130010835,0.6107600875185055
187.2456038003167,0.6108583978591562
187.27560630052506,0.6109571350124192
187.30560880073338,0.6110562988699989
187.33561130094174,0.6111558893231321
187.3656138011501,0.6112559062625873
187.39561630135844,0.6113563495786654
187.4256188015668,0.6114572191611995
187.45562130177515,0.6115585148995556
187.4856238019835,0.6116602366826317
187.51562630219186,0.6117623843988589
187.5456288024002,0.611864957936201
187.57563130260854,0.6119679571821548
187.6056338028169,0.6120713820237504
187.63563630302525,0.6121752323475507
187.6656388032336,0.6122795080396517
187.69564130344196,0.6123842089856839
187.7256438036503,0.6124893350708105
187.75564630385864,0.6125948861797286
187.785648804067,0.612700862196669
187.81565130427535,0.612807263005397
187.8456538044837,0.6129140884892115
187.87565630469206,0.6130213385309455
187.9056588049004,0.6131290130129669
187.93566130510877,0.6132371118171773
187.96566380531712,0.6133456348250139
187.99566630552545,0.6134545819174477
188.0256688057338,0.6135639529749851
188.05567130594216,0.6136737478776673
188.0856738061505,0.6137839665050706
188.11567630635886,0.6138946087363067
188.14567880656722,0.6140056744500226
188.17568130677557,0.6141171635244007
188.20568380698393,0.6142290758371594
188.23568630719225,0.6143414112655523
188.2656888074006,0.6144541696863697
188.29569130760896,0.6145673509759373
188.32569380781732,0.6146809550101173
188.35569630802567,0.6147949816643083
188.38569880823403,0.6149094308134453
188.41570130844238,0.6150243023319997
188.44570380865073,0.6151395960939797
188.47570630885906,0.6152553119729305
188.50570880906741,0.6153714498419345
188.53571130927577,0.615488009573611
188.56571380948412,0.6156049910401167
188.59571630969248,0.6157223941131453
188.62571880990083,0.6158402186639291
188.6557213101092,0.6159584645632371
188.6857238103175,0.6160771316813765
188.71572631052587,0.6161962198881927
188.74572881073422,0.6163157290530692
188.77573131094258,0.6164356590449277
188.80573381115093,0.6165560097322282
188.83573631135928,0.6166767809829694
188.86573881156764,0.6167979726646888
188.895741311776,0.6169195846444628
188.92574381198432,0.6170416167889066
188.95574631219267,0.6171640689641746
188.98574881240103,0.6172869410359609
189.01575131260938,0.6174102328694985
189.04575381281774,0.6175339443295603
189.0757563130261,0.617658075280459
189.10575881323444,0.6177826255860468
189.1357613134428,0.6179075951097166
189.16576381365113,0.618032983714401
189.19576631385948,0.6181587912625732
189.22576881406783,0.6182850176162467
189.2557713142762,0.6184116626369757
189.28577381448454,0.6185387261858554
189.3157763146929,0.6186662081235217
189.34577881490125,0.6187941083101518
189.37578131510958,0.6189224266054638
189.40578381531793,0.6190511628687181
189.4357863155263,0.6191803169587156
189.46578881573464,0.6193098887337996
189.495791315943,0.6194398780518549
189.52579381615135,0.6195702847703086
189.5557963163597,0.6197011087461299
189.58579881656806,0.6198323498358305
189.61580131677638,0.6199640078954641
189.64580381698474,0.6200960827806279
189.6758063171931,0.6202285743464611
189.70580881740145,0.6203614824476463
189.7358113176098,0.6204948069384094
189.76581381781816,0.6206285476725191
189.7958163180265,0.6207627045032879
189.82581881823486,0.6208972772835719
189.8558213184432,0.621032265865771
189.88582381865155,0.6211676701018289
189.9158263188599,0.6213034898432337
189.94582881906825,0.6214397249410173
189.9758313192766,0.6215763752457565
190.00583381948496,0.6217134406075724
190.03583631969332,0.6218509208761309
190.06583881990167,0.6219888159006433
190.09584132011,0.6221271255298649
190.12584382031835,0.6222658496120976
190.1558463205267,0.6224049879951878
190.18584882073506,0.6225445405265277
190.21585132094341,0.6226845070530556
190.24585382115177,0.6228248874212553
190.27585632136012,0.6229656814771567
190.30585882156845,0.6231068890663362
190.3358613217768,0.6232485100339167
190.36586382198516,0.6233905442245675
190.3958663221935,0.6235329914825047
190.42586882240187,0.6236758516514913
190.45587132261022,0.6238191245748377
190.48587382281858,0.6239628100954011
190.51587632302693,0.6241069080555868
190.54587882323526,0.6242514182973469
190.5758813234436,0.6243963406621822
190.60588382365196,0.624541674991141
190.63588632386032,0.6246874211248197
190.66588882406867,0.6248335789033633
190.69589132427703,0.624980148166465
190.72589382448538,0.6251271287533668
190.75589632469374,0.6252745205028598
190.78589882490206,0.6254223232532838
190.81590132511042,0.625570536842528
190.84590382531877,0.6257191611080308
190.87590632552713,0.6258681958867807
190.90590882573548,0.626017641015315
190.93591132594383,0.6261674963297219
190.9659138261522,0.626317761665639
190.99591632636051,0.6264684368582545
191.02591882656887,0.6266195217423074
191.05592132677722,0.6267710161520865
191.08592382698558,0.6269229199214321
191.11592632719393,0.6270752328837356
191.1459288274023,0.6272279548719389
191.17593132761064,0.627381085718536
191.205933827819,0.6275346252555718
191.23593632802732,0.6276885733146434
191.26593882823568,0.6278429297269001
191.29594132844403,0.6279976943230429
191.32594382865238,0.6281528669333247
191.35594632886074,0.6283084473875518
191.3859488290691,0.6284644355150824
191.41595132927745,0.628620831144828
191.4459538294858,0.6287776341052531
191.47595632969413,0.6289348442243752
191.50595882990248,0.6290924613297655
191.53596133011084,0.6292504852485488
191.5659638303192,0.6294089158074037
191.59596633052755,0.6295677528325623
191.6259688307359,0.6297269961498113
191.65597133094425,0.6298866455844924
191.6859738311526,0.6300467009615006
191.71597633136093,0.6302071621052865
191.7459788315693,0.6303680288398554
191.77598133177764,0.630529300988768
191.805983831986,0.6306909783751401
191.83598633219435,0.6308530608216429
191.8659888324027,0.6310155481505034
191.89599133261106,0.631178440183505
191.9259938328194,0.6313417367419865
191.95599633302774,0.6315054376468434
191.9859988332361,0.6316695427185279
192.01600133344445,0.6318340517770484
192.0460038336528,0.6319989646419707
192.07600633386116,0.6321642811324173
192.1060088340695,0.6323300010670683
192.13601133427787,0.632496124264161
192.1660138344862,0.6326626505414907
192.19601633469455,0.6328295797164106
192.2260188349029,0.6329969116058318
192.25602133511126,0.6331646460262235
192.2860238353196,0.6333327827936142
192.31602633552797,0.6335013217235901
192.34602883573632,0.6336702626312971
192.37603133594467,0.6338396053314399
192.406033836153,0.634009349638282
192.43603633636135,0.6341794953656477
192.4660388365697,0.6343500423269198
192.49604133677806,0.6345209903350416
192.52604383698642,0.6346923392025162
192.55604633719477,0.6348640887414075
192.58604883740313,0.6350362387633397
192.61605133761148,0.6352087890794975
192.6460538378198,0.6353817395006265
192.67605633802816,0.6355550898370346
192.70605883823652,0.6357288398985895
192.73606133844487,0.6359029894947216
192.76606383865322,0.6360775384344224
192.79606633886158,0.6362524865262458
192.82606883906993,0.6364278335783078
192.85607133927826,0.6366035793982865
192.8860738394866,0.6367797237934235
192.91607633969497,0.6369562665705223
192.94607883990332,0.6371332075359499
192.97608134011168,0.6373105464956368
193.00608384032003,0.6374882832550761
193.03608634052839,0.6376664176193255
193.06608884073674,0.6378449493930061
193.09609134094507,0.6380238783803034
193.12609384115342,0.6382032043849672
193.15609634136177,0.6383829272103119
193.18609884157013,0.6385630466592159
193.21610134177848,0.6387435625341239
193.24610384198684,0.6389244746370448
193.2761063421952,0.6391057827695533
193.30610884240355,0.6392874867327897
193.33611134261187,0.6394695863274596
193.36611384282023,0.639652081353836
193.39611634302858,0.6398349716117571
193.42611884323694,0.6400182569006276
193.4561213434453,0.6402019370194193
193.48612384365364,0.6403860117666711
193.516126343862,0.6405704809404886
193.54612884407032,0.640755344338545
193.57613134427868,0.6409406017580811
193.60613384448703,0.6411262529959059
193.6361363446954,0.6413122978483958
193.66613884490374,0.6414987361114958
193.6961413451121,0.6416855675807196
193.72614384532045,0.6418727920511491
193.7561463455288,0.6420604093174358
193.78614884573713,0.6422484191737998
193.81615134594549,0.6424368214140314
193.84615384615384,0.6426256158314894
193.8761563463622,0.6428148022191034
193.90615884657055,0.6430043803693726
193.9361613467789,0.6431943500743669
193.96616384698726,0.6433847111257261
193.9961663471956,0.6435754633146613
194.02616884740394,0.6437666064319547
194.0561713476123,0.6439581402679594
194.08617384782065,0.6441500646125999
194.116176348029,0.6443423792553726
194.14617884823735,0.6445350839853461
194.1761813484457,0.6447281785911603
194.20618384865406,0.6449216628610284
194.23618634886242,0.6451155365827353
194.26618884907074,0.6453097995436397
194.2961913492791,0.6455044515306728
194.32619384948745,0.6456994923303394
194.3561963496958,0.6458949217287175
194.38619884990416,0.646090739511459
194.41620135011252,0.6462869454637901
194.44620385032087,0.6464835393705111
194.4762063505292,0.6466805210159965
194.50620885073755,0.6468778901841956
194.5362113509459,0.6470756466586336
194.56621385115426,0.6472737902224095
194.5962163513626,0.6474723206581985
194.62621885157097,0.6476712377482513
194.65622135177932,0.6478705412743948
194.68622385198768,0.6480702310180315
194.716226352196,0.6482703067601406
194.74622885240436,0.6484707682812784
194.7762313526127,0.648671615361577
194.80623385282107,0.6488728477807468
194.83623635302942,0.6490744653180747
194.86623885323777,0.6492764677524256
194.89624135344613,0.6494788548622419
194.92624385365448,0.6496816264255446
194.9562463538628,0.6498847822199325
194.98624885407116,0.6500883220225836
195.01625135427952,0.650292245610254
195.04625385448787,0.6504965527592794
195.07625635469623,0.6507012432455745
195.10625885490458,0.6509063168446338
195.13626135511294,0.6511117733315315
195.16626385532126,0.6513176124809212
195.19626635552962,0.6515238340670384
195.22626885573797,0.6517304378636976
195.25627135594632,0.6519374236442946
195.28627385615468,0.6521447911818062
195.31627635636303,0.6523525402487911
195.3462788565714,0.6525606706173885
195.37628135677974,0.65276918205932
195.40628385698807,0.6529780743458888
195.43628635719642,0.6531873472479817
195.46628885740478,0.6533970005360661
195.49629135761313,0.6536070339801935
195.52629385782149,0.653817447349998
195.55629635802984,0.6540282404146971
195.5862988582382,0.654239412943092
195.61630135844655,0.6544509647035672
195.64630385865487,0.6546628954640916
195.67630635886323,0.6548752049922187
195.70630885907158,0.6550878930550863
195.73631135927994,0.6553009594194167
195.7663138594883,0.6555144038515177
195.79631635969665,0.6557282261172823
195.826318859905,0.6559424259821888
195.85632136011336,0.656157003211302
195.88632386032168,0.6563719575692721
195.91632636053004,0.6565872888203366
195.9463288607384,0.6568029967283182
195.97633136094674,0.6570190810566281
196.0063338611551,0.6572355415682634
196.03633636136345,0.657452378025809
196.0663388615718,0.6576695901914376
196.09634136178013,0.6578871778269095
196.1263438619885,0.6581051406935738
196.15634636219684,0.6583234785523677
196.1863488624052,0.6585421911638167
196.21635136261355,0.6587612782880358
196.2463538628219,0.658980739684729
196.27635636303026,0.65920057511319
196.30635886323861,0.6594207843323019
196.33636136344694,0.6596413671005378
196.3663638636553,0.6598623231759619
196.39636636386365,0.6600836523162283
196.426368864072,0.660305354278582
196.45637136428036,0.6605274288198586
196.4863738644887,0.6607498756964858
196.51637636469707,0.6609726946644829
196.54637886490542,0.6611958854794608
196.57638136511375,0.6614194478966223
196.6063838653221,0.6616433816707631
196.63638636553046,0.6618676865562716
196.6663888657388,0.6620923623071289
196.69639136594716,0.6623174086769095
196.72639386615552,0.662542825418781
196.75639636636387,0.6627686122855051
196.78639886657223,0.662994769029438
196.81640136678055,0.6632212954025294
196.8464038669889,0.663448191156324
196.87640636719726,0.6636754560419613
196.90640886740562,0.6639030898101763
196.93641136761397,0.6641310922112986
196.96641386782233,0.6643594629952542
196.99641636803068,0.6645882019115644
197.026418868239,0.6648173087093475
197.05642136844736,0.665046783137318
197.08642386865571,0.6652766249437869
197.11642636886407,0.6655068338766625
197.14642886907242,0.6657374096834503
197.17643136928078,0.6659683521112537
197.20643386948913,0.6661996609067737
197.2364363696975,0.6664313358163096
197.2664388699058,0.6666633765857588
197.29644137011417,0.6668957829606181
197.32644387032252,0.6671285546859831
197.35644637053088,0.6673616915065482
197.38644887073923,0.6675951931666075
197.41645137094758,0.6678290594100555
197.44645387115594,0.6680632899803864
197.4764563713643,0.6682978846206947
197.50645887157262,0.6685328430736756
197.53646137178097,0.6687681650816255
197.56646387198933,0.6690038503864422
197.59646637219768,0.6692398987296245
197.62646887240604,0.6694763098522736
197.6564713726144,0.669713083495092
197.68647387282275,0.6699502193983855
197.71647637303107,0.6701877173020618
197.74647887323943,0.6704255769456327
197.77648137344778,0.6706637980682113
197.80648387365613,0.6709023804085165
197.8364863738645,0.6711413237048693
197.86648887407284,0.6713806276951956
197.8964913742812,0.6716202921170252
197.92649387448955,0.671860316707493
197.95649637469788,0.6721007012033389
197.98649887490623,0.6723414453409078
198.0165013751146,0.6725825488561502
198.04650387532294,0.6728240114846225
198.0765063755313,0.673065832961487
198.10650887573965,0.673308013021513
198.136511375948,0.6735505513990758
198.16651387615636,0.6737934478281581
198.19651637636468,0.6740367020423492
198.22651887657304,0.6742803137748477
198.2565213767814,0.6745242827584581
198.28652387698975,0.6747686087255943
198.3165263771981,0.6750132914082778
198.34652887740646,0.6752583305381399
198.3765313776148,0.67550372584642
198.40653387782316,0.6757494770639673
198.4365363780315,0.67599558392124
198.46653887823985,0.6762420461483079
198.4965413784482,0.6764888634748489
198.52654387865655,0.676736035630153
198.5565463788649,0.6769835623431204
198.58654887907326,0.6772314433422618
198.61655137928162,0.6774796783557009
198.64655387948994,0.6777282671111714
198.6765563796983,0.6779772093360203
198.70655887990665,0.6782265047572065
198.736561380115,0.678476153101301
198.76656388032336,0.6787261540944887
198.79656638053171,0.6789765074625667
198.82656888074007,0.6792272129309462
198.85657138094842,0.679478270224652
198.88657388115675,0.679729679068323
198.9165763813651,0.6799814391862132
198.94657888157346,0.6802335503021903
198.9765813817818,0.6804860121397375
199.00658388199017,0.6807388244219534
199.03658638219852,0.680991986871552
199.06658888240688,0.6812454992108635
199.09659138261523,0.6814993611618341
199.12659388282356,0.6817535724460262
199.1565963830319,0.6820081327846204
199.18659888324026,0.682263041898413
199.21660138344862,0.6825182995078185
199.24660388365697,0.6827739053328685
199.27660638386533,0.6830298590932138
199.30660888407368,0.6832861605081226
199.336611384282,0.6835428092964821
199.36661388449036,0.6837998051767984
199.39661638469872,0.6840571478671975
199.42661888490707,0.6843148370854244
199.45662138511543,0.6845728725488439
199.48662388532378,0.6848312539744414
199.51662638553213,0.6850899810788227
199.5466288857405,0.6853490535782147
199.57663138594882,0.6856084711884651
199.60663388615717,0.6858682336250437
199.63663638636552,0.686128340603041
199.66663888657388,0.6863887918371706
199.69664138678223,0.6866495870417684
199.7266438869906,0.6869107259307924
199.75664638719894,0.6871722082178242
199.7866488874073,0.6874340336160686
199.81665138761562,0.687696201838354
199.84665388782398,0.6879587125971333
199.87665638803233,0.6882215656044829
199.90665888824068,0.6884847605721041
199.93666138844904,0.6887482972113237
199.9666638886574,0.6890121752330929
199.99666638886575,0.689276394347989
200.0266688890741,0.6895409542662149
200.05667138928243,0.6898058546975998
200.08667388949078,0.6900710953516
200.11667638969914,0.6903366759372978
200.1466788899075,0.6906025961634026
200.17668139011585,0.6908688557382523
200.2066838903242,0.6911354543698116
200.23668639053255,0.6914023917656738
200.26668889074088,0.6916696676330601
200.29669139094923,0.6919372816788214
200.3266938911576,0.6922052336094371
200.35669639136594,0.6924735231310162
200.3866988915743,0.692742149949297
200.41670139178265,0.6930111137696479
200.446703891991,0.6932804142970685
200.47670639219936,0.6935500512361884
200.5067088924077,0.693820024291268
200.53671139261604,0.6940903331661996
200.5667138928244,0.6943609775645073
200.59671639303275,0.6946319571893466
200.6267188932411,0.6949032717435055
200.65672139344946,0.6951749209294047
200.6867238936578,0.6954469044490978
200.71672639386617,0.6957192220042723
200.7467288940745,0.6959918732962482
200.77673139428285,0.6962648580259807
200.8067338944912,0.6965381758940581
200.83673639469956,0.6968118266007045
200.8667388949079,0.697085809845778
200.89674139511627,0.6973601253287722
200.92674389532462,0.6976347727488166
200.95674639553295,0.6979097518046757
200.9867488957413,0.6981850621947522
201.01675139594965,0.6984607036170836
201.046753896158,0.6987366757693447
201.07675639636636,0.6990129783488479
201.10675889657472,0.6992896110525431
201.13676139678307,0.6995665735770182
201.16676389699143,0.6998438656184989
201.19676639719975,0.7001214868728496
201.2267688974081,0.7003994370355744
201.25677139761646,0.7006777158018159
201.28677389782482,0.7009563228663563
201.31677639803317,0.701235257923618
201.34677889824152,0.7015145206676631
201.37678139844988,0.7017941107921952
201.40678389865823,0.7020740279905583
201.43678639886656,0.7023542719557372
201.4667888990749,0.7026348423803592
201.49679139928327,0.7029157389566936
201.52679389949162,0.7031969613766508
201.55679639969998,0.7034785093317848
201.58679889990833,0.7037603825132923
201.61680140011669,0.704042580612013
201.64680390032504,0.704325103318431
201.67680640053337,0.7046079503226732
201.70680890074172,0.7048911213145121
201.73681140095007,0.7051746159833638
201.76681390115843,0.7054584340182903
201.79681640136678,0.7057425751079982
201.82681890157514,0.7060270389408401
201.8568214017835,0.7063118252048142
201.88682390199182,0.706596933587565
201.91682640220017,0.7068823637763854
201.94682890240853,0.7071681154582131
201.97683140261688,0.7074541883196344
202.00683390282524,0.7077405820468827
202.0368364030336,0.7080272963258404
202.06683890324194,0.7083143308420372
202.0968414034503,0.7086016852806525
202.12684390365862,0.7088893593265135
202.15684640386698,0.7091773526640992
202.18684890407533,0.7094656649775359
202.2168514042837,0.7097542959506015
202.24685390449204,0.7100432452667238
202.2768564047004,0.7103325126089816
202.30685890490875,0.7106220976601052
202.3368614051171,0.7109120001024759
202.36686390532543,0.7112022196181269
202.39686640553379,0.7114927558887443
202.42686890574214,0.7117836085956666
202.4568714059505,0.7120747774198843
202.48687390615885,0.7123662620420423
202.5168764063672,0.7126580621424385
202.54687890657556,0.7129501774010247
202.5768814067839,0.7132426074974081
202.60688390699224,0.713535352110849
202.6368864072006,0.713828410920264
202.66688890740895,0.7141217836042242
202.6968914076173,0.7144154698409574
202.72689390782566,0.7147094693083467
202.756896408034,0.7150037816839317
202.78689890824236,0.7152984066449091
202.8169014084507,0.7155933438681326
202.84690390865904,0.7158885930301138
202.8769064088674,0.7161841538070216
202.90690890907575,0.7164800258746833
202.9369114092841,0.7167762089085846
202.96691390949246,0.7170727025838708
202.99691640970082,0.7173695065753459
203.02691890990917,0.7176666205574737
203.0569214101175,0.7179640442043772
203.08692391032585,0.7182617771898419
203.1169264105342,0.7185598191873117
203.14692891074256,0.718858169869893
203.1769314109509,0.7191568289103527
203.20693391115927,0.7194557959811204
203.23693641136762,0.7197550707542872
203.26693891157598,0.720054652901607
203.2969414117843,0.7203545420944961
203.32694391199266,0.7206547380040347
203.356946412201,0.7209552403009667
203.38694891240937,0.721256048655699
203.41695141261772,0.7215571627383036
203.44695391282607,0.7218585822185166
203.47695641303443,0.7221603067657401
203.50695891324276,0.7224623360490405
203.5369614134511,0.7227646697371507
203.56696391365946,0.7230673074984693
203.59696641386782,0.7233702490010616
203.62696891407617,0.7236734939126601
203.65697141428453,0.7239770419006637
203.68697391449288,0.7242808926321395
203.71697641470124,0.7245850457738221
203.74697891490956,0.7248895009921148
203.77698141511792,0.7251942579530899
203.80698391532627,0.7254993163224879
203.83698641553462,0.725804675765719
203.86698891574298,0.726110335947864
203.89699141595133,0.7264162965336727
203.9269939161597,0.7267225571875657
203.95699641636804,0.727029117573635
203.98699891657637,0.7273359773556427
204.01700141678472,0.7276431361970246
204.04700391699308,0.7279505937608866
204.07700641720143,0.7282583497100075
204.1070089174098,0.7285664037068389
204.13701141761814,0.7288747554135058
204.1670139178265,0.7291834044918062
204.19701641803485,0.7294923506032122
204.22701891824317,0.7298015934088693
204.25702141845153,0.7301111325695996
204.28702391865988,0.7304209677458982
204.31702641886824,0.7307310985979363
204.3470289190766,0.7310415247855606
204.37703141928495,0.7313522459682938
204.4070339194933,0.7316632618053358
204.43703641970163,0.7319745719555621
204.46703891990998,0.7322861760775268
204.49704142011834,0.7325980738294599
204.5270439203267,0.732910264869271
204.55704642053504,0.7332227488545471
204.5870489207434,0.733535525442554
204.61705142095175,0.7338485942902366
204.6470539211601,0.7341619550542191
204.67705642136843,0.734475607390806
204.7070589215768,0.7347895509559819
204.73706142178514,0.7351037854054117
204.7670639219935,0.7354183103944407
204.79706642220185,0.7357331255780972
204.8270689224102,0.7360482306110898
204.85707142261856,0.7363636251478094
204.88707392282691,0.7366793088423298
204.91707642303524,0.7369952813484067
204.9470789232436,0.7373115423194809
204.97708142345195,0.7376280914086752
205.0070839236603,0.7379449282687968
205.03708642386866,0.7382620525523369
205.067088924077,0.7385794639114727
205.09709142428537,0.7388971619980651
205.1270939244937,0.7392151464636612
205.15709642470205,0.7395334169594938
205.1870989249104,0.7398519731364828
205.21710142511876,0.7401708146452335
205.2471039253271,0.7404899411360388
205.27710642553546,0.7408093522588792
205.30710892574382,0.7411290476634225
205.33711142595217,0.7414490269990257
205.3671139261605,0.741769289914733
205.39711642636885,0.7420898360592789
205.4271189265772,0.7424106650810862
205.45712142678556,0.7427317766282684
205.48712392699392,0.7430531703486285
205.51712642720227,0.7433748458896597
205.54712892741063,0.7436968028985467
205.57713142761898,0.7440190410221657
205.6071339278273,0.7443415599070835
205.63713642803566,0.7446643591995605
205.66713892824401,0.7449874385455482
205.69714142845237,0.745310797590691
205.72714392866072,0.7456344359803279
205.75714642886908,0.74595835335949
205.78714892907743,0.7462825493729031
205.8171514292858,0.7466070236649868
205.8471539294941,0.7469317758798564
205.87715642970247,0.7472568056613222
205.90715892991082,0.7475821126528894
205.93716143011918,0.7479076964977593
205.96716393032753,0.7482335568388304
205.99716643053588,0.7485596933186969
206.02716893074424,0.7488861055796507
206.05717143095256,0.7492127932636807
206.08717393116092,0.7495397560124744
206.11717643136927,0.7498669934674174
206.14717893157763,0.7501945052695939
206.17718143178598,0.750522291059787
206.20718393199434,0.7508503504784791
206.2371864322027,0.7511786831658538
206.26718893241105,0.7515072887617933
206.29719143261937,0.7518361669058813
206.32719393282773,0.7521653172374024
206.35719643303608,0.7524947393953434
206.38719893324443,0.7528244330183916
206.4172014334528,0.7531543977449376
206.44720393366114,0.7534846332130742
206.4772064338695,0.753815139060597
206.50720893407785,0.754145914925006
206.53721143428618,0.754476960443504
206.56721393449453,0.7548082752529989
206.5972164347029,0.7551398589901022
206.62721893491124,0.7554717112911318
206.6572214351196,0.75580383179211
206.68722393532795,0.7561362201287651
206.7172264355363,0.756468875936532
206.74722893574466,0.7568017988505515
206.77723143595298,0.7571349885056724
206.80723393616134,0.7574684445364507
206.8372364363697,0.7578021665771497
206.86723893657805,0.7581361542617411
206.8972414367864,0.7584704072239057
206.92724393699476,0.7588049250970331
206.9572464372031,0.7591397075142221
206.98724893741144,0.759474754108281
207.0172514376198,0.75981006451173
207.04725393782815,0.7601456383567985
207.0772564380365,0.760481475275427
207.10725893824485,0.7608175748992677
207.1372614384532,0.7611539368596847
207.16726393866156,0.7614905607877547
207.19726643886992,0.7618274463142667
207.22726893907824,0.7621645930697225
207.2572714392866,0.7625020006843378
207.28727393949495,0.7628396687880427
207.3172764397033,0.7631775970104805
207.34727893991166,0.7635157849810097
207.37728144012002,0.7638542323287041
207.40728394032837,0.7641929386823523
207.43728644053672,0.7645319036704599
207.46728894074505,0.7648711269212479
207.4972914409534,0.765210608062655
207.52729394116176,0.7655503467223356
207.5572964413701,0.7658903425276633
207.58729894157847,0.7662305951057284
207.61730144178682,0.7665711040833403
207.64730394199518,0.7669118690870267
207.6773064422035,0.7672528897430342
207.70730894241186,0.7675941656773306
207.7373114426202,0.7679356965156021
207.76731394282857,0.7682774818832558
207.79731644303692,0.7686195214054194
207.82731894324527,0.7689618147069426
207.85732144345363,0.769304361412396
207.88732394366198,0.7696471611460727
207.9173264438703,0.7699902135319873
207.94732894407866,0.7703335181938793
207.97733144428702,0.7706770747552096
208.00733394449537,0.7710208828391638
208.03733644470373,0.7713649420686511
208.06733894491208,0.7717092520663054
208.09734144512043,0.7720538124544859
208.1273439453288,0.7723986228552768
208.15734644553712,0.7727436828904879
208.18734894574547,0.7730889921816557
208.21735144595382,0.7734345503500437
208.24735394616218,0.773780357016641
208.27735644637053,0.7741264118021656
208.3073589465789,0.7744727143270619
208.33736144678724,0.7748192642115042
208.3673639469956,0.7751660610753945
208.39736644720392,0.7755131045383639
208.42736894741228,0.7758603942197737
208.45737144762063,0.776207929738714
208.48737394782898,0.7765557107140068
208.51737644803734,0.7769037367642037
208.5473789482457,0.7772520075075876
208.57738144845405,0.7776005225621734
208.60738394866237,0.7779492815457077
208.63738644887073,0.7782982840756706
208.66738894907908,0.7786475297692734
208.69739144928744,0.7789970182434617
208.7273939494958,0.7793467491149151
208.75739644970415,0.7796967220000464
208.7873989499125,0.7800469365150036
208.81740145012085,0.7803973922756695
208.84740395032918,0.7807480888976618
208.87740645053753,0.7810990259963357
208.9074089507459,0.7814502031867808
208.93741145095424,0.7818016200838243
208.9674139511626,0.7821532763020297
208.99741645137095,0.7825051714556993
209.0274189515793,0.7828573051588723
209.05742145178766,0.7832096770253264
209.087423951996,0.7835622866685777
209.11742645220434,0.7839151337018834
209.1474289524127,0.7842682177382382
209.17743145262105,0.7846215383903776
209.2074339528294,0.7849750952707777
209.23743645303776,0.7853288879916551
209.2674389532461,0.7856829161649685
209.29744145345444,0.7860371794024175
209.3274439536628,0.7863916773154447
209.35744645387115,0.7867464095152343
209.3874489540795,0.7871013756127148
209.41745145428786,0.7874565752185569
209.4474539544962,0.7878120079431762
209.47745645470457,0.7881676733967318
209.50745895491292,0.7885235711891276
209.53746145512125,0.7888797009300136
209.5674639553296,0.7892360622287847
209.59746645553795,0.789592654694582
209.6274689557463,0.7899494779362922
209.65747145595466,0.7903065315625506
209.68747395616302,0.7906638151817383
209.71747645637137,0.7910213284019849
209.74747895657973,0.791379070831168
209.77748145678805,0.7917370420769129
209.8074839569964,0.7920952417465962
209.83748645720476,0.792453669447342
209.86748895741312,0.7928123247860247
209.89749145762147,0.793171207369269
209.92749395782982,0.7935303168034511
209.95749645803818,0.7938896526946977
209.98749895824653,0.7942492146488869
210.01750145845486,0.7946090022716489
210.0475039586632,0.7949690151683678
210.07750645887157,0.7953292529441789
210.10750895907992,0.7956897152039715
210.13751145928828,0.7960504015523886
210.16751395949663,0.7964113115938272
210.19751645970499,0.7967724449324397
210.2275189599133,0.7971338011721326
210.25752146012167,0.7974953799165692
210.28752396033002,0.797857180769167
210.31752646053837,0.7982192033331018
210.34752896074673,0.7985814472113048
210.37753146095508,0.798943912006465
210.40753396116344,0.7993065973210292
210.4375364613718,0.7996695027572016
210.46753896158012,0.8000326279169461
210.49754146178847,0.8003959724019853
210.52754396199683,0.8007595358138007
210.55754646220518,0.8011233177536335
210.58754896241354,0.8014873178224867
210.6175514626219,0.8018515356211224
210.64755396283024,0.8022159707500648
210.6775564630386,0.802580622809599
210.70755896324692,0.8029454913997729
210.73756146345528,0.8033105761203972
210.76756396366363,0.8036758765710446
210.797566463872,0.8040413923510514
210.82756896408034,0.804407123059518
210.8575714642887,0.8047730682953093
210.88757396449705,0.8051392276570543
210.91757646470538,0.8055056007431471
210.94757896491373,0.8058721871517482
210.97758146512209,0.806238986480784
211.00758396533044,0.8066059983279463
211.0375864655388,0.806973222290695
211.06758896574715,0.8073406579662563
211.0975914659555,0.8077083049516254
211.12759396616386,0.8080761628435649
211.15759646637218,0.8084442312386058
211.18759896658054,0.8088125097330494
211.2176014667889,0.8091809979229654
211.24760396699725,0.8095496954041943
211.2776064672056,0.8099186017723465
211.30760896741396,0.8102877166228036
211.3376114676223,0.8106570395507181
211.36761396783066,0.8110265701510151
211.397616468039,0.811396308018391
211.42761896824734,0.8117662527473157
211.4576214684557,0.8121364039320316
211.48762396866405,0.8125067611665551
211.5176264688724,0.8128773240446762
211.54762896908076,0.8132480921599595
211.57763146928912,0.8136190651057447
211.60763396949747,0.8139902424751462
211.6376364697058,0.8143616238610549
211.66763896991415,0.8147332088561382
211.6976414701225,0.8151049970528392
211.72764397033086,0.8154769880433784
211.7576464705392,0.8158491814197546
211.78764897074757,0.8162215767737439
211.81765147095592,0.8165941736969009
211.84765397116425,0.8169669717805588
211.8776564713726,0.8173399706158319
211.90765897158096,0.8177131697936122
211.9376614717893,0.8180865689045731
211.96766397199767,0.8184601675391683
211.99766647220602,0.8188339652876326
212.02766897241438,0.8192079617399831
212.05767147262273,0.8195821564860182
212.08767397283106,0.8199565491153189
212.1176764730394,0.8203311392172494
212.14767897324776,0.8207059263809577
212.17768147345612,0.821080910195375
212.20768397366447,0.8214560902492168
212.23768647387283,0.8218314661309839
212.26768897408118,0.8222070374289614
212.29769147428954,0.8225828037312214
212.32769397449786,0.8229587646256207
212.35769647470622,0.8233349196998041
212.38769897491457,0.823711268541202
212.41770147512293,0.8240878107370337
212.44770397533128,0.8244645458743052
212.47770647553963,0.8248414735398114
212.507708975748,0.8252185933201361
212.53771147595634,0.8255959048016518
212.56771397616467,0.8259734075705217
212.59771647637302,0.826351101212699
212.62771897658138,0.8267289853139269
212.65772147678973,0.8271070594597398
212.6877239769981,0.8274853232354645
212.71772647720644,0.8278637762262191
212.7477289774148,0.8282424180169142
212.77773147762312,0.8286212481922528
212.80773397783148,0.8290002663367332
212.83773647803983,0.8293794720346456
212.86773897824818,0.8297588648700751
212.89774147845654,0.8301384444269017
212.9277439786649,0.8305182102888001
212.95774647887325,0.8308981620392417
212.9877489790816,0.8312782992614931
213.01775147928993,0.8316586215386172
213.04775397949828,0.8320391284534752
213.07775647970664,0.832419819588725
213.107758979915,0.8328006945268224
213.13776148012334,0.8331817528500215
213.1677639803317,0.8335629941403757
213.19776648054005,0.8339444179797371
213.2277689807484,0.8343260239497585
213.25777148095673,0.834707811631892
213.2877739811651,0.8350897806073913
213.31777648137344,0.8354719304573099
213.3477789815818,0.8358542607625049
213.37778148179015,0.8362367711036337
213.4077839819985,0.836619461061157
213.43778648220686,0.8370023302153383
213.4677889824152,0.8373853781462441
213.49779148262354,0.8377686044337467
213.5277939828319,0.8381520086575206
213.55779648304025,0.8385355903970461
213.5877989832486,0.8389193492316083
213.61780148345696,0.8393032847402991
213.6478039836653,0.8396873965020157
213.67780648387367,0.8400716840954622
213.707808984082,0.8404561470991492
213.73781148429035,0.8408407850913969
213.7678139844987,0.8412255976503318
213.79781648470706,0.8416105843538891
213.8278189849154,0.8419957447798135
213.85782148512376,0.8423810785056586
213.88782398533212,0.842766585108789
213.91782648554047,0.8431522641663785
213.9478289857488,0.843538115255412
213.97783148595715,0.8439241379526863
214.0078339861655,0.8443103318348099
214.03783648637386,0.8446966964782029
214.06783898658222,0.8450832314590985
214.09784148679057,0.8454699363535427
214.12784398699893,0.8458568107373963
214.15784648720728,0.8462438541863327
214.1878489874156,0.8466310662758406
214.21785148762396,0.8470184465812242
214.24785398783231,0.8474059946776019
214.27785648804067,0.8477937101399098
214.30785898824902,0.8481815925428988
214.33786148845738,0.8485696414611377
214.36786398866573,0.8489578564690118
214.39786648887406,0.8493462371407252
214.4278689890824,0.8497347830503003
214.45787148929077,0.8501234937715773
214.48787398949912,0.850512368878216
214.51787648970748,0.8509014079436968
214.54787898991583,0.851290610541319
214.57788149012418,0.8516799762442034
214.60788399033254,0.8520695046252913
214.63788649054086,0.8524591952573455
214.66788899074922,0.8528490477129521
214.69789149095757,0.8532390615645186
214.72789399116593,0.8536292363842755
214.75789649137428,0.8540195717442766
214.78789899158264,0.8544100672164006
214.817901491791,0.8548007223723497
214.84790399199935,0.8551915367836512
214.87790649220767,0.8555825100216572
214.90790899241603,0.8559736416575472
214.93791149262438,0.8563649312623254
214.96791399283273,0.8567563784068233
214.9979164930411,0.8571479826616994
215.02791899324944,0.8575397435974399
215.0579214934578,0.8579316607843599
215.08792399366612,0.8583237337926017
215.11792649387448,0.8587159621921383
215.14792899408283,0.8591083455527707
215.1779314942912,0.8595008834441316
215.20793399449954,0.8598935754356827
215.2379364947079,0.8602864210967175
215.26793899491625,0.8606794199963607
215.2979414951246,0.8610725717035685
215.32794399533293,0.8614658757871306
215.35794649554128,0.8618593318156692
215.38794899574964,0.8622529393576391
215.417951495958,0.8626466979813293
215.44795399616635,0.8630406072548638
215.4779564963747,0.8634346667462003
215.50795899658306,0.8638288760231324
215.5379614967914,0.8642232346532892
215.56796399699974,0.8646177422041353
215.5979664972081,0.865012398242974
215.62796899741645,0.865407202336944
215.6579714976248,0.8658021540530217
215.68797399783315,0.8661972529580219
215.7179764980415,0.8665924986185984
215.74797899824986,0.8669878906012434
215.77798149845822,0.8673834284722888
215.80798399866654,0.8677791117979059
215.8379864988749,0.8681749401441085
215.86798899908325,0.868570913076749
215.8979914992916,0.8689670301615224
215.92799399949996,0.8693632909639653
215.95799649970832,0.8697596950494563
215.98799899991667,0.870156241983218
216.018001500125,0.8705529313303147
216.04800400033335,0.8709497626556564
216.0780065005417,0.8713467355239954
216.10800900075006,0.8717438494999306
216.1380115009584,0.8721411041479048
216.16801400116677,0.8725384990322068
216.19801650137512,0.872936033716972
216.22801900158348,0.8733337077661818
216.2580215017918,0.8737315207436654
216.28802400200016,0.8741294722130999
216.3180265022085,0.8745275617380094
216.34802900241687,0.874925788881767
216.37803150262522,0.8753241532075956
216.40803400283357,0.8757226542785667
216.43803650304193,0.8761212916576022
216.46803900325028,0.8765200649074743
216.4980415034586,0.8769189735908064
216.52804400366696,0.8773180172700739
216.55804650387532,0.8777171955076029
216.58804900408367,0.8781165078655727
216.61805150429203,0.8785159539060152
216.64805400450038,0.8789155331908163
216.67805650470874,0.8793152452817148
216.7080590049171,0.8797150897403047
216.73806150512542,0.8801150661280334
216.76806400533377,0.8805151740062062
216.79806650554212,0.8809154129359819
216.82806900575048,0.8813157824783762
216.85807150595883,0.8817162821942613
216.8880740061672,0.8821169116443678
216.91807650637554,0.8825176703892826
216.94807900658387,0.8829185579894512
216.97808150679222,0.8833195740051784
217.00808400700058,0.883720717996627
217.03808650720893,0.8841219895238209
217.06808900741729,0.884523388146643
217.09809150762564,0.8849249134248369
217.128094007834,0.8853265649180074
217.15809650804235,0.8857283421856216
217.18809900825067,0.8861302447870072
217.21810150845903,0.8865322722813561
217.24810400866738,0.8869344242277217
217.27810650887574,0.8873367001850221
217.3081090090841,0.8877390997120387
217.33811150929245,0.8881416223674173
217.3681140095008,0.8885442677096691
217.39811650970915,0.88894703529717
217.42811900991748,0.8893499246881628
217.45812151012584,0.8897529354407565
217.4881240103342,0.8901560671129264
217.51812651054254,0.8905593192625152
217.5481290107509,0.8909626914472344
217.57813151095925,0.8913661832246629
217.6081340111676,0.8917697941522488
217.63813651137593,0.8921735237873086
217.6681390115843,0.892577371687031
217.69814151179264,0.8929813374084726
217.728144012001,0.8933854205085617
217.75814651220935,0.8937896205440978
217.7881490124177,0.8941939370717518
217.81815151262606,0.8945983696480676
217.8481540128344,0.8950029178294613
217.87815651304274,0.8954075811722217
217.9081590132511,0.8958123592325125
217.93816151345945,0.896217251566371
217.9681640136678,0.8966222577297088
217.99816651387616,0.897027377278313
218.0281690140845,0.8974326097678464
218.05817151429287,0.8978379547538474
218.08817401450122,0.8982434117917321
218.11817651470955,0.8986489804367921
218.1481790149179,0.8990546602441987
218.17818151512625,0.8994604507689989
218.2081840153346,0.8998663515661205
218.23818651554296,0.9002723621903688
218.26818901575132,0.9006784821964293
218.29819151595967,0.9010847111388672
218.32819401616803,0.9014910485721281
218.35819651637635,0.9018974940505394
218.3881990165847,0.9023040471283098
218.41820151679306,0.9027107073595292
218.44820401700142,0.9031174742981702
218.47820651720977,0.9035243474980893
218.50820901741812,0.9039313265130255
218.53821151762648,0.9043384108966019
218.5682140178348,0.9047456002023255
218.59821651804316,0.9051528939835904
218.6282190182515,0.9055602917936737
218.65822151845987,0.9059677931857393
218.68822401866822,0.9063753977128375
218.71822651887658,0.9067831049279051
218.74822901908493,0.9071909143837674
218.77823151929329,0.9075988256331364
218.8082340195016,0.9080068382286124
218.83823651970997,0.9084149517226854
218.86823901991832,0.9088231656677347
218.89824152012667,0.9092314796160286
218.92824402033503,0.9096398931197262
218.95824652054338,0.9100484057308773
218.98824902075174,0.9104570170014228
219.0182515209601,0.9108657264831963
219.04825402116842,0.9112745337279224
219.07825652137677,0.9116834382872198
219.10825902158513,0.9120924397125989
219.13826152179348,0.9125015375554656
219.16826402200184,0.9129107313671189
219.1982665222102,0.9133200206987525
219.22826902241854,0.9137294051014556
219.25827152262687,0.9141388841262134
219.28827402283522,0.9145484573239074
219.31827652304358,0.9149581242453153
219.34827902325193,0.9153678844411121
219.3782815234603,0.9157777374618702
219.40828402366864,0.9161876828580614
219.438286523877,0.916597720180055
219.46828902408535,0.9170078489781198
219.49829152429368,0.9174180688024237
219.52829402450203,0.9178283792030367
219.55829652471039,0.9182387797299275
219.58829902491874,0.9186492699329666
219.6183015251271,0.9190598493619256
219.64830402533545,0.9194705175664797
219.6783065255438,0.9198812740962053
219.70830902575216,0.9202921185005825
219.73831152596048,0.9207030503289945
219.76831402616884,0.9211140691307295
219.7983165263772,0.92152517445498
219.82831902658555,0.9219363658508434
219.8583215267939,0.9223476428673225
219.88832402700226,0.9227590050533263
219.9183265272106,0.9231704519576711
219.94832902741896,0.9235819831290795
219.9783315276273,0.9239935981161813
220.00833402783564,0.9244052964675155
220.038336528044,0.9248170777315294
220.06833902825235,0.9252289414565787
220.0983415284607,0.9256408871909292
220.12834402866906,0.9260529144827565
220.15834652887742,0.9264650228801464
220.18834902908574,0.9268772119310966
220.2183515292941,0.9272894811835164
220.24835402950245,0.9277018301852261
220.2783565297108,0.9281142584839588
220.30835902991916,0.9285267656273617
220.33836153012751,0.9289393511629942
220.36836403033587,0.9293520146383305
220.39836653054422,0.9297647556007589
220.42836903075255,0.9301775735975822
220.4583715309609,0.9305904681760209
220.48837403116926,0.9310034388832091
220.5183765313776,0.9314164852661986
220.54837903158597,0.9318296068719572
220.57838153179432,0.9322428032473717
220.60838403200268,0.9326560739392459
220.63838653221103,0.9330694184943021
220.66838903241936,0.9334828364591812
220.6983915326277,0.9338963273804453
220.72839403283606,0.9343098908045748
220.75839653304442,0.9347235262779712
220.78839903325277,0.9351372333469566
220.81840153346113,0.9355510115577748
220.84840403366948,0.935964860456592
220.8784065338778,0.936378779589496
220.90840903408616,0.9367927685024988
220.93841153429452,0.9372068267415343
220.96841403450287,0.937620953852462
220.99841653471123,0.9380351493810646
221.02841903491958,0.9384494128730502
221.05842153512793,0.9388637438740524
221.0884240353363,0.9392781419296303
221.11842653554461,0.9396926065852704
221.14842903575297,0.9401071373863858
221.17843153596132,0.9405217338783167
221.20843403616968,0.9409363956063309
221.23843653637803,0.9413511221156259
221.2684390365864,0.9417659129513272
221.29844153679474,0.9421807676584899
221.3284440370031,0.942595685782099
221.35844653721142,0.9430106668670695
221.38844903741978,0.9434257104582493
221.41845153762813,0.9438408161004156
221.44845403783648,0.9442559833382783
221.47845653804484,0.9446712117164794
221.5084590382532,0.9450865007795948
221.53846153846155,0.9455018500721329
221.5684640386699,0.9459172591385364
221.59846653887823,0.9463327275231818
221.62846903908658,0.9467482547703822
221.65847153929494,0.9471638404243846
221.6884740395033,0.9475794840293723
221.71847653971165,0.9479951851294653
221.74847903992,0.94841094326872
221.77848154012835,0.9488267579911311
221.80848404033668,0.9492426288406304
221.83848654054503,0.949658555361089
221.8684890407534,0.9500745370963157
221.89849154096174,0.9504905735900604
221.9284940411701,0.9509066643860116
221.95849654137845,0.9513228090277984
221.9884990415868,0.9517390070589912
222.01850154179516,0.9521552580231021
222.0485040420035,0.9525715614635841
222.07850654221184,0.9529879169238343
222.1085090424202,0.9534043239471913
222.13851154262855,0.9538207820769373
222.1685140428369,0.9542372908562994
222.19851654304526,0.9546538498284481
222.2285190432536,0.9550704585364994
222.25852154346197,0.9554871165235144
222.2885240436703,0.9559038233325003
222.31852654387865,0.9563205785064116
222.348529044087,0.9567373815881485
222.37853154429536,0.9571542321205586
222.4085340445037,0.9575711296464389
222.43853654471206,0.9579880737085333
222.46853904492042,0.9584050638495357
222.49854154512877,0.9588220996120889
222.5285440453371,0.959239180538785
222.55854654554545,0.9596563061721688
222.5885490457538,0.9600734760547341
222.61855154596216,0.9604906897289266
222.64855404617052,0.9609079467371439
222.67855654637887,0.9613252466217367
222.70855904658723,0.961742588925008
222.73856154679555,0.9621599731892142
222.7685640470039,0.9625773989565664
222.79856654721226,0.9629948657692299
222.82856904742061,0.9634123731693246
222.85857154762897,0.9638299206989263
222.88857404783732,0.9642475079000663
222.91857654804568,0.9646651343147324
222.94857904825403,0.9650827994848707
222.97858154846236,0.9655005029523829
223.0085840486707,0.9659182442591301
223.03858654887907,0.9663360229469309
223.06858904908742,0.966753838557564
223.09859154929578,0.9671716906327666
223.12859404950413,0.9675895787142365
223.15859654971248,0.9680075023436314
223.18859904992084,0.9684254610625704
223.21860155012916,0.9688434544126343
223.24860405033752,0.9692614819353662
223.27860655054587,0.9696795431722708
223.30860905075423,0.9700976376648159
223.33861155096258,0.970515764954434
223.36861405117094,0.9709339245825205
223.3986165513793,0.9713521160904355
223.42861905158762,0.9717703390195037
223.45862155179597,0.9721885929110174
223.48862405200433,0.9726068773062326
223.51862655221268,0.9730251917463729
223.54862905242103,0.9734435357726287
223.5786315526294,0.9738619089261575
223.60863405283774,0.9742803107480863
223.6386365530461,0.9746987407795092
223.66863905325442,0.9751171985614897
223.69864155346278,0.9755356836350613
223.72864405367113,0.9759541955412275
223.7586465538795,0.9763727338209621
223.78864905408784,0.9767912980152099
223.8186515542962,0.9772098876648874
223.84865405450455,0.977628502310883
223.8786565547129,0.9780471414940585
223.90865905492123,0.9784658047552475
223.93866155512958,0.9788844916352586
223.96866405533794,0.979303201674873
223.9986665555463,0.979721934414848
224.02866905575465,0.9801406893959149
224.058671555963,0.9805594661587811
224.08867405617136,0.9809782642441297
224.1186765563797,0.9813970831926206
224.14867905658804,0.9818159225448913
224.1786815567964,0.9822347818415567
224.20868405700475,0.9826536606232094
224.2386865572131,0.9830725584304205
224.26868905742145,0.9834914748037413
224.2986915576298,0.9839104092837019
224.32869405783816,0.9843293614108124
224.3586965580465,0.9847483307255633
224.38869905825484,0.9851673167684283
224.4187015584632,0.9855863190798604
224.44870405867155,0.9860053372002955
224.4787065588799,0.9864243706701525
224.50870905908826,0.9868434190298327
224.53871155929662,0.9872624818197224
224.56871405950497,0.9876815585801909
224.5987165597133,0.9881006488515922
224.62871905992165,0.988519752174266
224.65872156013,0.9889388680885381
224.68872406033836,0.9893579961347195
224.7187265605467,0.9897771358531082
224.74872906075507,0.9901962867839893
224.77873156096342,0.9906154484676363
224.80873406117178,0.9910346204443101
224.8387365613801,0.9914538022542604
224.86873906158846,0.9918729934377268
224.8987415617968,0.9922921935349376
224.92874406200517,0.9927114020861126
224.95874656221352,0.9931306186314611
224.98874906242187,0.9935498427111843
225.01875156263023,0.9939690738654745
225.04875406283855,0.994388311634517
225.0787565630469,0.99480755555849
225.10875906325526,0.9952268051775642
225.13876156346362,0.9956460600319038
225.16876406367197,0.9960653196616688
225.19876656388033,0.9964845836070123
225.22876906408868,0.9969038514080837
225.25877156429704,0.9973231226050274
225.28877406450536,0.997742396737984
225.31877656471372,0.9981616733470929
225.34877906492207,0.9985809519724884
225.37878156513042,0.9990002321543033
225.40878406533878,0.9994195134326688
225.43878656554713,0.9998387953477154
225.4687890657555,1.000258077439572
225.49879156596384,1.000677359248368
225.52879406617217,1.001096640314232
225.55879656638052,1.0015159201772956
225.58879906658888,1.0019351983776899
225.61880156679723,1.0023544744555482
225.64880406700559,1.002773747951006
225.67880656721394,1.0031930184042017
225.7088090674223,1.003612285355278
225.73881156763065,1.0040315483443802
225.76881406783897,1.004450806911658
225.79881656804733,1.0048700605972667
225.82881906825568,1.005289308941367
225.85882156846404,1.0057085514841249
225.8888240686724,1.0061277877657124
225.91882656888075,1.0065470173263091
225.9488290690891,1.0069662397061017
225.97883156929743,1.007385454445285
226.00883406950578,1.007804661084062
226.03883656971414,1.0082238591626447
226.0688390699225,1.0086430482212538
226.09884157013084,1.0090622278001213
226.1288440703392,1.0094813974394885
226.15884657054755,1.0099005566796075
226.1888490707559,1.0103197050607426
226.21885157096423,1.0107388421231687
226.2488540711726,1.0111579674071753
226.27885657138094,1.0115770804530633
226.3088590715893,1.0119961808011466
226.33886157179765,1.0124152679917535
226.368864072006,1.012834341565228
226.39886657221436,1.0132534010619272
226.4288690724227,1.0136724460222244
226.45887157263104,1.0140914759865083
226.4888740728394,1.014510490495186
226.51887657304775,1.014929489088679
226.5488790732561,1.0153484713074281
226.57888157346446,1.0157674366918907
226.6088840736728,1.0161863847825432
226.63888657388117,1.0166053151198817
226.66888907408952,1.0170242272444208
226.69889157429785,1.0174431206966952
226.7288940745062,1.0178619950172605
226.75889657471456,1.0182808497466935
226.7888990749229,1.0186996844255916
226.81890157513126,1.019118498594575
226.84890407533962,1.0195372917942855
226.87890657554797,1.0199560635653886
226.9089090757563,1.0203748134485735
226.93891157596465,1.020793540984553
226.968914076173,1.0212122457140644
226.99891657638136,1.0216309271778699
227.02891907658972,1.0220495849167577
227.05892157679807,1.0224682184715417
227.08892407700642,1.0228868273830622
227.11892657721478,1.0233054111921869
227.1489290774231,1.0237239694398097
227.17893157763146,1.0241425016668555
227.2089340778398,1.024561007414275
227.23893657804817,1.0249794862230488
227.26893907825652,1.0253979376341869
227.29894157846488,1.0258163611887299
227.32894407867323,1.0262347564277483
227.35894657888159,1.0266531228923443
227.3889490790899,1.0270714601236504
227.41895157929827,1.0274897676628332
227.44895407950662,1.0279080450510905
227.47895657971497,1.0283262918296532
227.50895907992333,1.0287445075397856
227.53896158013168,1.0291626917227867
227.56896408034004,1.0295808439199903
227.59896658054836,1.029998963672764
227.62896908075672,1.0304170505225125
227.65897158096507,1.0308351040106754
227.68897408117343,1.03125312367873
227.71897658138178,1.0316711090681894
227.74897908159014,1.0320890597206052
227.7789815817985,1.0325069751775666
227.80898408200684,1.0329248549807024
227.83898658221517,1.033342698671679
227.86898908242352,1.0337605057922037
227.89899158263188,1.0341782758840232
227.92899408284023,1.0345960084889247
227.9589965830486,1.0350137031487376
227.98899908325694,1.0354313594053315
228.0190015834653,1.035848976800619
228.04900408367365,1.0362665548765546
228.07900658388198,1.0366840931751369
228.10900908409033,1.0371015912384078
228.1390115842987,1.037519048608453
228.16901408450704,1.0379364648274025
228.1990165847154,1.0383538394374328
228.22901908492375,1.0387711719807646
228.2590215851321,1.0391884619996656
228.28902408534046,1.0396057090364497
228.31902658554878,1.0400229126334772
228.34902908575714,1.0404400723331586
228.3790315859655,1.0408571876779502
228.40903408617385,1.0412742582103574
228.4390365863822,1.041691283472935
228.46903908659056,1.0421082630082878
228.4990415867989,1.04252519635907
228.52904408700724,1.042942083067987
228.5590465872156,1.043358922677795
228.58904908742394,1.0437757147313027
228.6190515876323,1.04419245877137
228.64905408784065,1.0446091543409095
228.679056588049,1.0450258009828877
228.70905908825736,1.0454423982403234
228.73906158846572,1.0458589456562917
228.76906408867404,1.04627544277392
228.7990665888824,1.046691889136393
228.82906908909075,1.0471082842869495
228.8590715892991,1.0475246277688854
228.88907408950746,1.0479409191255527
228.91907658971581,1.048357157900361
228.94907908992417,1.048773343636777
228.97908159013252,1.0491894758783258
229.00908409034085,1.0496055541685916
229.0390865905492,1.0500215780512179
229.06908909075756,1.050437547069907
229.0990915909659,1.0508534607684217
229.12909409117427,1.051269318690586
229.15909659138262,1.0516851203802846
229.18909909159098,1.0521008653814636
229.2191015917993,1.0525165532381318
229.24910409200766,1.0529321834943606
229.279106592216,1.053347755694285
229.30910909242436,1.053763269382102
229.33911159263272,1.0541787241020746
229.36911409284107,1.0545941193985306
229.39911659304943,1.0550094548158606
229.42911909325778,1.0554247298985233
229.4591215934661,1.0558399441910429
229.48912409367446,1.0562550972380103
229.51912659388282,1.0566701885840826
229.54912909409117,1.0570852177739856
229.57913159429953,1.057500184352514
229.60913409450788,1.057915087864529
229.63913659471623,1.058329927854963
229.6691390949246,1.0587447038688163
229.69914159513291,1.059159415451161
229.72914409534127,1.059574062147139
229.75914659554962,1.0599886435019645
229.78914909575798,1.0604031590609209
229.81915159596633,1.060817608369366
229.8491540961747,1.0612319909727301
229.87915659638304,1.061646306416515
229.9091590965914,1.0620605542462986
229.93916159679972,1.0624747340077294
229.96916409700808,1.062888845246536
229.99916659721643,1.0633028875085162
230.02916909742478,1.0637168603395482
230.05917159763314,1.0641307632855828
230.0891740978415,1.0645445958926494
230.11917659804985,1.0649583577068553
230.14917909825817,1.0653720482743827
230.17918159846653,1.065785667141494
230.20918409867488,1.0661992138545304
230.23918659888324,1.0666126879599118
230.2691890990916,1.0670260890041363
230.29919159929995,1.067439416533785
230.3291940995083,1.0678526700955164
230.35919659971665,1.0682658492360726
230.38919909992498,1.0686789535022765
230.41920160013333,1.0690919824410337
230.4492041003417,1.0695049355993305
230.47920660055004,1.0699178125242381
230.5092091007584,1.070330612762912
230.53921160096675,1.0707433358625889
230.5692141011751,1.0711559813705933
230.59921660138346,1.0715685488343323
230.6292191015918,1.0719810378013
230.65922160180014,1.0723934478190766
230.6892241020085,1.072805778435329
230.71922660221685,1.0732180291978095
230.7492291024252,1.0736301996543598
230.77923160263356,1.07404228935291
230.8092341028419,1.0744542978414764
230.83923660305024,1.0748662246681664
230.8692391032586,1.0752780693811768
230.89924160346695,1.0756898315287944
230.9292441036753,1.076101510659395
230.95924660388366,1.0765131063214484
230.989249104092,1.0769246180635124
231.01925160430036,1.0773360454342396
231.04925410450872,1.0777473879823747
231.07925660471705,1.078158645256754
231.1092591049254,1.078569816806309
231.13926160513375,1.078980902180064
231.1692641053421,1.0793919009271395
231.19926660555046,1.0798028125967483
231.22926910575882,1.0802136367382016
231.25927160596717,1.080624372900904
231.28927410617553,1.0810350206343584
231.31927660638385,1.0814455794881643
231.3492791065922,1.0818560490120193
231.37928160680056,1.0822664287557164
231.40928410700892,1.08267671826915
231.43928660721727,1.0830869171023128
231.46928910742562,1.0834970248052953
231.49929160763398,1.0839070409282905
231.52929410784233,1.084316965021589
231.55929660805066,1.0847267966355845
231.589299108259,1.0851365353207716
231.61930160846737,1.0855461806277473
231.64930410867572,1.085955732107209
231.67930660888408,1.0863651893099595
231.70930910909243,1.0867745517869043
231.73931160930078,1.0871838190890508
231.7693141095091,1.0875929907675135
231.79931660971747,1.0880020663735106
231.82931910992582,1.0884110454583662
231.85932161013417,1.0888199275735089
231.88932411034253,1.0892287122704756
231.91932661055088,1.0896373991009076
231.94932911075924,1.090045987616556
231.9793316109676,1.0904544773692795
232.00933411117592,1.0908628679110424
232.03933661138427,1.0912711587939206
232.06933911159263,1.0916793495700987
232.09934161180098,1.0920874397918716
232.12934411200933,1.092495429011642
232.1593466122177,1.0929033167819266
232.18934911242604,1.0933111026553508
232.2193516126344,1.0937187861846533
232.24935411284272,1.0941263669226846
232.27935661305108,1.0945338444224086
232.30935911325943,1.0949412182369005
232.3393616134678,1.0953484879193511
232.36936411367614,1.0957556530230657
232.3993666138845,1.0961627131014617
232.42936911409285,1.096569667708075
232.4593716143012,1.0969765163965544
232.48937411450953,1.0973832587206662
232.51937661471788,1.0977898942342936
232.54937911492624,1.0981964224914373
232.5793816151346,1.0986028430462136
232.60938411534295,1.0990091554528587
232.6393866155513,1.0994153592657274
232.66938911575966,1.0998214540392925
232.69939161596798,1.100227439328147
232.72939411617634,1.1006333146870046
232.7593966163847,1.1010390796706995
232.78939911659305,1.101444733834185
232.8194016168014,1.101850276732539
232.84940411700975,1.1022557079209583
232.8794066172181,1.1026610269547645
232.90940911742646,1.1030662333894021
232.9394116176348,1.1034713267804375
232.96941411784314,1.1038763066835624
232.9994166180515,1.1042811726545927
233.02941911825985,1.10468592424947
233.0594216184682,1.1050905610242592
233.08942411867656,1.1054950825351537
233.11942661888492,1.1058994883384707
233.14942911909327,1.1063037779906568
233.1794316193016,1.1067079510482847
233.20943411950995,1.107112007068056
233.2394366197183,1.1075159456067982
233.26943911992666,1.1079197662214704
233.299441620135,1.1083234684691603
233.32944412034337,1.1087270519070838
233.35944662055172,1.1091305160925902
233.38944912076005,1.109533860583155
233.4194516209684,1.1099370849363912
233.44945412117676,1.1103401887100377
233.4794566213851,1.1107431714619698
233.50945912159347,1.111146032750192
233.53946162180182,1.111548772132845
233.56946412201017,1.1119513891682025
233.59946662221853,1.1123538834146707
233.62946912242685,1.1127562544307923
233.6594716226352,1.1131585017752448
233.68947412284356,1.1135606250068415
233.71947662305192,1.1139626236845304
233.74947912326027,1.1143644973673985
233.77948162346863,1.1147662456146672
233.80948412367698,1.1151678679856973
233.83948662388534,1.1155693640399882
233.86948912409366,1.1159707333371753
233.89949162430202,1.1163719754370354
233.92949412451037,1.1167730898994839
233.95949662471872,1.1171740762845768
233.98949912492708,1.1175749341525092
234.01950162513543,1.117975663063619
234.0495041253438,1.1183762625783833
234.07950662555214,1.1187767322574231
234.10950912576047,1.119177071661501
234.13951162596882,1.1195772803515234
234.16951412617718,1.1199773578885377
234.19951662638553,1.1203773038337375
234.22951912659389,1.1207771177484604
234.25952162680224,1.1211767991941874
234.2895241270106,1.1215763477325462
234.31952662721892,1.1219757629253098
234.34952912742727,1.1223750443343978
234.37953162763563,1.1227741915218754
234.40953412784398,1.123173204049957
234.43953662805234,1.1235720814810017
234.4695391282607,1.1239708233775199
234.49954162846905,1.1243694293021698
234.5295441286774,1.1247678988177565
234.55954662888573,1.1251662314872377
234.58954912909408,1.1255644268737197
234.61955162930244,1.1259624845404606
234.6495541295108,1.1263604040508668
234.67955662971914,1.126758184968499
234.7095591299275,1.1271558268570698
234.73956163013585,1.1275533292804416
234.7695641303442,1.1279506918026332
234.79956663055253,1.1283479139878139
234.8295691307609,1.128744995400309
234.85957163096924,1.1291419356045973
234.8895741311776,1.1295387341653134
234.91957663138595,1.1299353906472451
234.9495791315943,1.1303319046153382
234.97958163180266,1.1307282756346944
235.00958413201099,1.131124503270571
235.03958663221934,1.1315205870883835
235.0695891324277,1.1319165266537057
235.09959163263605,1.132312321532269
235.1295941328444,1.1327079712899621
235.15959663305276,1.1331034754928362
235.1895991332611,1.1334988337070981
235.21960163346947,1.1338940454991178
235.2496041336778,1.1342891104354247
235.27960663388615,1.1346840280827104
235.3096091340945,1.1350787980078254
235.33961163430286,1.1354734197777847
235.3696141345112,1.1358678929597659
235.39961663471956,1.1362622171211072
235.42961913492792,1.1366563918293129
235.45962163513627,1.1370504166520488
235.4896241353446,1.1374442911571472
235.51962663555295,1.137838014912604
235.5496291357613,1.138231587486582
235.57963163596966,1.1386250084474072
235.60963413617802,1.1390182773635738
235.63963663638637,1.1394113938037433
235.66963913659472,1.1398043573367418
235.69964163680308,1.1401971675315665
235.7296441370114,1.1405898239573788
235.75964663721976,1.1409823261835137
235.7896491374281,1.1413746737794708
235.81965163763647,1.141766866314922
235.84965413784482,1.1421589033597077
235.87965663805318,1.1425507844838398
235.90965913826153,1.1429425092575018
235.93966163846986,1.1433340772510465
235.9696641386782,1.1437254880350007
235.99966663888657,1.1441167411800628
236.02966913909492,1.144507836257105
236.05967163930328,1.144898772837171
236.08967413951163,1.1452895504914802
236.11967663971998,1.1456801687914246
236.14967913992834,1.1460706273085728
236.17968164013666,1.1464609256146674
236.20968414034502,1.146851063281628
236.23968664055337,1.147241039881548
236.26968914076173,1.1476308549866998
236.29969164097008,1.1480205081695327
236.32969414117844,1.1484099990026715
236.3596966413868,1.148799327058922
236.38969914159514,1.149188491911266
236.41970164180347,1.1495774931328657
236.44970414201183,1.1499663302970626
236.47970664222018,1.1503550029773786
236.50970914242853,1.1507435107475141
236.5397116426369,1.1511318531813524
236.56971414284524,1.151520029852958
236.5997166430536,1.1519080403365753
236.62971914326195,1.1522958842066338
236.65972164347028,1.152683561037742
236.68972414367863,1.1530710704046965
236.719726643887,1.1534584118824733
236.74972914409534,1.1538455850462352
236.7797316443037,1.1542325894713272
236.80973414451205,1.1546194247332817
236.8397366447204,1.1550060904078163
236.86973914492873,1.1553925860708325
236.89974164513708,1.1557789112984205
236.92974414534544,1.1561650656668567
236.9597466455538,1.1565510487526056
236.98974914576215,1.1569368601323176
237.0197516459705,1.1573224993828337
237.04975414617886,1.1577079660811818
237.0797566463872,1.1580932598045803
237.10975914659554,1.1584783801304372
237.1397616468039,1.1588633266363508
237.16976414701224,1.1592480989001086
237.1997666472206,1.159632696499691
237.22976914742895,1.1600171190132698
237.2597716476373,1.160401366019207
237.28977414784566,1.1607854370960597
237.31977664805402,1.1611693318225755
237.34977914826234,1.1615530497776971
237.3797816484707,1.1619365905405608
237.40978414867905,1.1623199536904971
237.4397866488874,1.1627031388070306
237.46978914909576,1.1630861454698822
237.49979164930411,1.1634689732589685
237.52979414951247,1.163851621754401
237.5597966497208,1.1642340905364894
237.58979914992915,1.1646163791857396
237.6198016501375,1.164998487282856
237.64980415034586,1.1653804144087394
237.6798066505542,1.165762160144491
237.70980915076257,1.166143724071409
237.73981165097092,1.1665251057709924
237.76981415117928,1.1669063048249406
237.7998166513876,1.167287320815151
237.82981915159596,1.1676681533237239
237.8598216518043,1.16804880193296
237.88982415201266,1.1684292662253628
237.91982665222102,1.1688095457836354
237.94982915242937,1.1691896401906865
237.97983165263773,1.1695695490296252
238.00983415284608,1.1699492718837663
238.0398366530544,1.1703288083366274
238.06983915326276,1.1707081579719316
238.09984165347112,1.1710873203736052
238.12984415367947,1.171466295125781
238.15984665388783,1.1718450818127983
238.18984915409618,1.1722236800192005
238.21985165430453,1.1726020893297404
238.2498541545129,1.1729803093293754
238.27985665472121,1.1733583396032723
238.30985915492957,1.1737361797368053
238.33986165513792,1.1741138293155582
238.36986415534628,1.1744912879253213
238.39986665555463,1.174868555152097
238.429869155763,1.1752456305820969
238.45987165597134,1.1756225138017415
238.48987415617967,1.175999204397664
238.51987665638802,1.1763757019567076
238.54987915659638,1.1767520060659291
238.57988165680473,1.1771281163125944
238.60988415701308,1.177504032284185
238.63988665722144,1.1778797535683931
238.6698891574298,1.1782552797531263
238.69989165763815,1.1786306104265059
238.72989415784647,1.1790057451768658
238.75989665805483,1.1793806835927572
238.78989915826318,1.1797554252629454
238.81990165847154,1.1801299697764123
238.8499041586799,1.1805043167223543
238.87990665888825,1.1808784656901867
238.9099091590966,1.18125241626954
238.93991165930495,1.1816261680502635
238.96991415951328,1.1819997206224244
238.99991665972163,1.1823730735763087
239.02991915993,1.1827462265024196
239.05992166013834,1.1831191789914817
239.0899241603467,1.1834919306344394
239.11992666055505,1.1838644810224552
239.1499291607634,1.184236829746915
239.17993166097173,1.1846089763994234
239.2099341611801,1.1849809205718098
239.23993666138844,1.1853526618561223
239.2699391615968,1.1857241998446342
239.29994166180515,1.1860955341298394
239.3299441620135,1.186466664304457
239.35994666222186,1.18683758996143
239.3899491624302,1.1872083106939242
239.41995166263854,1.1875788260953313
239.4499541628469,1.1879491357592684
239.47995666305525,1.188319239279578
239.5099591632636,1.188689136250328
239.53996166347196,1.189058826265814
239.5699641636803,1.189428308920557
239.59996666388867,1.1897975838093071
239.62996916409702,1.1901666505270423
239.65997166430535,1.1905355086689666
239.6899741645137,1.1909041578305155
239.71997666472205,1.1912725976073524
239.7499791649304,1.1916408275953712
239.77998166513876,1.1920088473906938
239.80998416534712,1.1923766565896756
239.83998666555547,1.1927442547889002
239.86998916576383,1.1931116415851846
239.89999166597215,1.1934788165755768
239.9299941661805,1.1938457793573578
239.95999666638886,1.19421252952804
239.98999916659722,1.1945790666853702
240.02000166680557,1.194945390427329
240.05000416701392,1.1953115003521295
240.08000666722228,1.195677396058221
240.1100091674306,1.196043077144287
240.14001166763896,1.1964085432092468
240.1700141678473,1.1967737938522547
240.20001666805567,1.1971388286727027
240.23001916826402,1.1975036472702172
240.26002166847238,1.1978682492446642
240.29002416868073,1.1982326341961467
240.32002666888908,1.198596801725004
240.3500291690974,1.198960751431816
240.38003166930577,1.1993244829174003
240.41003416951412,1.1996879957828153
240.44003666972247,1.2000512896293567
240.47003916993083,1.2004143640585627
240.50004167013918,1.2007772186722117
240.53004417034754,1.2011398530723214
240.5600466705559,1.201502266861154
240.59004917076422,1.2018644596412105
240.62005167097257,1.2022264310152369
240.65005417118093,1.2025881805862209
240.68005667138928,1.202949707957394
240.71005917159763,1.2033110127322302
240.740061671806,1.203672094514449
240.77006417201434,1.2040329529080143
240.80006667222267,1.2043935875171334
240.83006917243102,1.2047539979462614
240.86007167263938,1.2051141838000978
240.89007417284773,1.2054741446835895
240.9200766730561,1.2058338802019282
240.95007917326444,1.2061933899605555
240.9800816734728,1.2065526735651575
241.01008417368115,1.206911730621671
241.04008667388948,1.2072705607362804
241.07008917409783,1.2076291635154188
241.10009167430619,1.2079875385657681
241.13009417451454,1.2083456854942611
241.1600966747229,1.2087036039080812
241.19009917493125,1.2090612934146596
241.2201016751396,1.2094187536216823
241.25010417534796,1.2097759841370839
241.28010667555628,1.210132984569052
241.31010917576464,1.2104897545260274
241.340111675973,1.2108462936167028
241.37011417618135,1.2112026014500235
241.4001166763897,1.2115586776351892
241.43011917659805,1.211914521781655
241.4601216768064,1.212270133499127
241.49012417701476,1.2126255123975704
241.5201266772231,1.2129806580872013
241.55012917743144,1.2133355701784967
241.5801316776398,1.2136902482821852
241.61013417784815,1.214044692009255
241.6401366780565,1.2143989009709493
241.67013917826486,1.2147528747787704
241.70014167847322,1.2151066130444785
241.73014417868154,1.2154601153800901
241.7601466788899,1.215813381397883
241.79014917909825,1.2161664107103929
241.8201516793066,1.2165192029304157
241.85015417951496,1.216871757671006
241.8801566797233,1.2172240745454812
241.91015917993167,1.2175761531674167
241.94016168014002,1.2179279931506517
241.97016418034835,1.218279594109286
242.0001666805567,1.2186309556576826
242.03016918076506,1.2189820774104647
242.0601716809734,1.219332958982521
242.09017418118177,1.2196835999890032
242.12017668139012,1.220034000045325
242.15017918159847,1.2203841587671669
242.18018168180683,1.2207340757704719
242.21018418201515,1.2210837506714498
242.2401866822235,1.221433183086575
242.27018918243186,1.221782372632589
242.30019168264022,1.2221313189264975
242.33019418284857,1.2224800215855751
242.36019668305693,1.222828480227363
242.39019918326528,1.2231766944696691
242.42020168347364,1.2235246639305712
242.45020418368196,1.2238723882284128
242.48020668389032,1.2242198669818103
242.51020918409867,1.2245670998096452
242.54021168430702,1.2249140863310721
242.57021418451538,1.225260826165513
242.60021668472373,1.2256073189326624
242.6302191849321,1.2259535642524857
242.6602216851404,1.226299561745218
242.69022418534877,1.226645311031368
242.72022668555712,1.226990811731716
242.75022918576548,1.2273360634673156
242.78023168597383,1.2276810658594917
242.81023418618219,1.2280258185298447
242.84023668639054,1.2283703211002472
242.8702391865989,1.2287145731928473
242.90024168680722,1.2290585744300675
242.93024418701557,1.229402324434606
242.96024668722393,1.2297458228294345
242.99024918743228,1.230089069237803
243.02025168764064,1.2304320632832375
243.050254187849,1.2307748045895393
243.08025668805735,1.2311172927807885
243.1102591882657,1.2314595274813416
243.14026168847403,1.231801508315834
243.17026418868238,1.2321432349091794
243.20026668889074,1.2324847068865707
243.2302691890991,1.2328259238734784
243.26027168930744,1.2331668854956548
243.2902741895158,1.2335075913791316
243.32027668972415,1.2338480411502195
243.35027918993248,1.2341882344355122
243.38028169014083,1.2345281708618836
243.4102841903492,1.2348678500564905
243.44028669055754,1.2352072716467695
243.4702891907659,1.2355464352604424
243.50029169097425,1.2358853405255117
243.5302941911826,1.2362239870702645
243.56029669139096,1.2365623745232723
243.59029919159929,1.2369005025133888
243.62030169180764,1.2372383706697538
243.650304192016,1.237575978621792
243.68030669222435,1.2379133259992132
243.7103091924327,1.238250412432012
243.74031169264106,1.2385872375504716
243.7703141928494,1.2389238009851593
243.80031669305777,1.2392601023669305
243.8303191932661,1.2395961413269287
243.86032169347445,1.2399319174965846
243.8903241936828,1.2402674305076162
243.92032669389116,1.2406026799920318
243.9503291940995,1.240937665582128
243.98033169430786,1.24127238691049
244.01033419451622,1.2416068436099947
244.04033669472457,1.241941035313807
244.0703391949329,1.2422749616553843
244.10034169514125,1.2426086222684742
244.1303441953496,1.2429420167871168
244.16034669555796,1.2432751448456418
244.19034919576632,1.2436080060786734
244.22035169597467,1.2439406001211277
244.25035419618303,1.244272926608213
244.28035669639135,1.2446049851754324
244.3103591965997,1.244936775458582
244.34036169680806,1.2452682970937532
244.3703641970164,1.2455995497173302
244.40036669722477,1.2459305329659942
244.43036919743312,1.24626124647672
244.46037169764148,1.2465916898867797
244.49037419784983,1.246921862833742
244.52037669805816,1.2472517649554702
244.5503791982665,1.247581395890126
244.58038169847487,1.2479107552761692
244.61038419868322,1.2482398427523567
244.64038669889158,1.2485686579577424
244.67038919909993,1.2488972005316814
244.70039169930828,1.2492254701138252
244.73039419951664,1.2495534663441266
244.76039669972496,1.2498811888628372
244.79039919993332,1.2502086373105101
244.82040170014167,1.250535811327997
244.85040420035003,1.2508627105564518
244.88040670055838,1.2511893346373306
244.91040920076674,1.251515683212389
244.9404117009751,1.2518417559236876
244.97041420118342,1.252167552413586
245.00041670139177,1.2524930723247514
245.03041920160013,1.2528183153001498
245.06042170180848,1.253143280983054
245.09042420201683,1.2534679690170394
245.1204267022252,1.2537923790459864
245.15042920243354,1.2541165107140813
245.1804317026419,1.254440363665813
245.21043420285022,1.254763937545979
245.24043670305858,1.2550872319996813
245.27043920326693,1.2554102466723298
245.3004417034753,1.2557329812096387
245.33044420368364,1.2560554352576323
245.360446703892,1.2563776084626403
245.39044920410035,1.2566995004713015
245.4204517043087,1.2570211109305642
245.45045420451703,1.2573424394876827
245.48045670472538,1.257663485790223
245.51045920493374,1.2579842494860594
245.5404617051421,1.2583047302233772
245.57046420535045,1.2586249276506707
245.6004667055588,1.2589448414167457
245.63046920576716,1.2592644711707197
245.6604717059755,1.2595838165620201
245.69047420618384,1.2599028772403875
245.7204767063922,1.2602216528558754
245.75047920660055,1.2605401430588474
245.7804817068089,1.2608583474999824
245.81048420701725,1.2611762658302728
245.8404867072256,1.2614938977010228
245.87048920743396,1.2618112427638526
245.9004917076423,1.2621283006706965
245.93049420785064,1.2624450710738038
245.960496708059,1.2627615536257386
245.99049920826735,1.2630777479793813
246.0205017084757,1.263393653787929
246.05050420868406,1.2637092707048927
246.08050670889241,1.264024598384104
246.11050920910077,1.2643396364797086
246.1405117093091,1.264654384646171
246.17051420951745,1.2649688425382741
246.2005167097258,1.2652830098111194
246.23051920993416,1.2655968861201252
246.2605217101425,1.2659104711210312
246.29052421035087,1.2662237644698957
246.32052671055922,1.2665367658230962
246.35052921076758,1.266849474837332
246.3805317109759,1.2671618911696205
246.41053421118426,1.2674740144773042
246.4405367113926,1.2677858444180425
246.47053921160096,1.2680973806498201
246.50054171180932,1.2684086228309415
246.53054421201767,1.2687195706200345
246.56054671222603,1.269030223676051
246.59054921243438,1.2693405816582632
246.6205517126427,1.2696506442262703
246.65055421285106,1.2699604110399934
246.68055671305942,1.2702698817596794
246.71055921326777,1.2705790560458978
246.74056171347613,1.2708879335595458
246.77056421368448,1.2711965139618437
246.80056671389283,1.2715047969143396
246.83056921410116,1.2718127820789067
246.86057171430951,1.2721204691177463
246.89057421451787,1.272427857693384
246.92057671472622,1.2727349474686753
246.95057921493458,1.2730417381068029
246.98058171514293,1.2733482292712757
247.0105842153513,1.2736544206259341
247.04058671555964,1.2739603118349445
247.07058921576797,1.2742659025628043
247.10059171597632,1.27457119247434
247.13059421618468,1.2748761812347085
247.16059671639303,1.2751808685093953
247.19059921660138,1.2754852539642183
247.22060171680974,1.2757893372653264
247.2506042170181,1.2760931180791988
247.28060671722645,1.2763965960726473
247.31060921743477,1.2766997709128147
247.34061171764313,1.277002642267179
247.37061421785148,1.2773052098035478
247.40061671805984,1.2776074731900642
247.4306192182682,1.2779094320952034
247.46062171847655,1.2782110861877753
247.4906242186849,1.2785124351369253
247.52062671889323,1.2788134786121303
247.55062921910158,1.2791142162832054
247.58063171930993,1.2794146478202997
247.6106342195183,1.279714772893899
247.64063671972664,1.2800145911748229
247.670639219935,1.2803141023342302
247.70064172014335,1.2806133060436151
247.7306442203517,1.2809122019748092
247.76064672056003,1.281210789799982
247.7906492207684,1.2815090691916413
247.82065172097674,1.2818070398226318
247.8506542211851,1.282104701366138
247.88065672139345,1.2824020534956837
247.9106592216018,1.2826990958851303
247.94066172181016,1.2829958282086813
247.9706642220185,1.283292250140878
248.00066672222684,1.2835883613566041
248.0306692224352,1.2838841615310825
248.06067172264355,1.284179650339879
248.0906742228519,1.2844748274588986
248.12067672306026,1.28476969256439
248.1506792232686,1.2850642453329444
248.18068172347697,1.2853584854414932
248.21068422368532,1.2856524125673137
248.24068672389365,1.2859460263880234
248.270689224102,1.2862393265815868
248.30069172431035,1.2865323128263095
248.3306942245187,1.2868249848008433
248.36069672472706,1.2871173421841835
248.39069922493542,1.287409384655671
248.42070172514377,1.2877011118949926
248.4507042253521,1.2879925235821794
248.48070672556045,1.28828361939761
248.5107092257688,1.2885743990220087
248.54071172597716,1.2888648621364476
248.57071422618552,1.2891550084223442
248.60071672639387,1.2894448375614653
248.63071922660222,1.289734349235924
248.66072172681058,1.2900235431281823
248.6907242270189,1.2903124189210513
248.72072672722726,1.2906009762976909
248.7507292274356,1.2908892149416085
248.78073172764397,1.2911771345366634
248.81073422785232,1.2914647347670636
248.84073672806068,1.2917520153173674
248.87073922826903,1.2920389758724844
248.90074172847739,1.2923256161176742
248.9307442286857,1.2926119357385482
248.96074672889407,1.2928979344210698
248.99074922910242,1.2931836118515543
249.02075172931077,1.2934689677166686
249.05075422951913,1.2937540017034332
249.08075672972748,1.2940387134992215
249.11075922993584,1.2943231027917594
249.14076173014416,1.2946071692691274
249.17076423035252,1.29489091261976
249.20076673056087,1.2951743325324467
249.23076923076923,1.2954574286963296
249.26077173097758,1.2957402008009085
249.29077423118594,1.2960226485360364
249.3207767313943,1.2963047715919236
249.35077923160264,1.2965865696591363
249.38078173181097,1.2968680424285965
249.41078423201932,1.297149189591583
249.44078673222768,1.2974300108397328
249.47078923243603,1.2977105058650396
249.5007917326444,1.2979906743598542
249.53079423285274,1.2982705160168873
249.5607967330611,1.298550030529206
249.59079923326945,1.2988292175902376
249.62080173347778,1.2991080768937684
249.65080423368613,1.2993866081339447
249.68080673389449,1.2996648110052706
249.71080923410284,1.2999426852026124
249.7408117343112,1.3002202304211965
249.77081423451955,1.3004974463566088
249.8008167347279,1.3007743327047985
249.83081923493626,1.3010508891620742
249.86082173514458,1.3013271154251078
249.89082423535294,1.3016030111909327
249.9208267355613,1.3018785761569454
249.95082923576965,1.3021538100209038
249.980831735978,1.3024287124809306
250.01083423618635,1.3027032832355117
250.0408367363947,1.3029775219834951
250.07083923660304,1.303251428424095
250.1008417368114,1.3035250022568896
250.13084423701974,1.3037982431818218
250.1608467372281,1.3040711508991985
250.19084923743645,1.304343725109694
250.2208517376448,1.3046159655143468
250.25085423785316,1.3048878718145622
250.28085673806152,1.3051594437121126
250.31085923826984,1.3054306809091356
250.3408617384782,1.3057015831081369
250.37086423868655,1.30597215001199
250.4008667388949,1.3062423813239359
250.43086923910326,1.3065122767475823
250.4608717393116,1.3067818359869077
250.49087423951997,1.3070510587462567
250.52087673972832,1.3073199447303454
250.55087923993665,1.3075884936442577
250.580881740145,1.3078567051934484
250.61088424035336,1.3081245790837406
250.6408867405617,1.3083921150213293
250.67088924077007,1.3086593127127801
250.70089174097842,1.3089261718650282
250.73089424118677,1.3091926921853818
250.76089674139513,1.3094588733815193
250.79089924160346,1.3097247151614921
250.8209017418118,1.3099902172337234
250.85090424202016,1.3102553793070095
250.88090674222852,1.3105202010905186
250.91090924243687,1.310784682293793
250.94091174264523,1.3110488226267487
250.97091424285358,1.3113126217996742
251.0009167430619,1.3115760795232339
251.03091924327026,1.3118391955084654
251.06092174347862,1.3121019694667828
251.09092424368697,1.3123644011099729
251.12092674389532,1.3126264901501998
251.15092924410368,1.3128882363000027
251.18093174431203,1.313149639272297
251.2109342445204,1.313410698780375
251.2409367447287,1.3136714145379047
251.27093924493707,1.3139317862589315
251.30094174514542,1.3141918136578785
251.33094424535378,1.3144514964495468
251.36094674556213,1.314710834349114
251.39094924577049,1.3149698270721373
251.42095174597884,1.3152284743345524
251.4509542461872,1.315486775852673
251.48095674639552,1.3157447313431927
251.51095924660387,1.3160023405231853
251.54096174681223,1.3162596031101024
251.57096424702058,1.316516518821778
251.60096674722894,1.3167730873764252
251.6309692474373,1.317029308492638
251.66097174764565,1.317285181889392
251.69097424785397,1.3175407072860437
251.72097674806233,1.317795884402332
251.75097924827068,1.3180507129583765
251.78098174847904,1.3183051926746803
251.8109842486874,1.3185593232721287
251.84098674889574,1.3188131044719895
251.8709892491041,1.3190665359959146
251.90099174931245,1.3193196175659385
251.93099424952078,1.3195723489044802
251.96099674972913,1.3198247297343424
251.9909992499375,1.320076759778713
252.02100175014584,1.3203284387611633
252.0510042503542,1.320579766405651
252.08100675056255,1.3208307424365184
252.1110092507709,1.3210813665784935
252.14101175097926,1.321331638556691
252.1710142511876,1.32158155809661
252.20101675139594,1.3218311249241386
252.2310192516043,1.32208033876555
252.26102175181265,1.3223291993475057
252.291024252021,1.322577706397053
252.32102675222936,1.3228258596416287
252.3510292524377,1.3230736588090573
252.38103175264607,1.3233211036275505
252.4110342528544,1.32356819382571
252.44103675306275,1.3238149291325256
252.4710392532711,1.3240613092773779
252.50104175347946,1.324307333990034
252.5310442536878,1.324553003000654
252.56104675389616,1.324798316039786
252.59104925410452,1.3250432728383696
252.62105175431284,1.3252878731277349
252.6510542545212,1.3255321166396035
252.68105675472955,1.3257760031060868
252.7110592549379,1.3260195322596895
252.74106175514626,1.3262627038333075
252.77106425535462,1.3265055175602285
252.80106675556297,1.3267479731741336
252.83106925577133,1.3269900704090956
252.86107175597965,1.3272318089995812
252.891074256188,1.32747318868045
252.92107675639636,1.3277142091869565
252.95107925660471,1.3279548702547466
252.98108175681307,1.3281951716198626
253.01108425702142,1.3284351130187413
253.04108675722978,1.3286746941882126
253.07108925743813,1.3289139148655034
253.10109175764646,1.3291527747882341
253.1310942578548,1.3293912736944236
253.16109675806317,1.3296294113224834
253.19109925827152,1.3298671874112236
253.22110175847988,1.33010460169985
253.25110425868823,1.3303416539279649
253.28110675889658,1.330578343835569
253.3111092591049,1.3308146711630586
253.34111175931326,1.3310506356512293
253.37111425952162,1.3312862370412737
253.40111675972997,1.331521475074783
253.43111925993833,1.3317563494937468
253.46112176014668,1.3319908600405537
253.49112426035504,1.3322250064579908
253.5211267605634,1.3324587884892454
253.55112926077172,1.3326922058779043
253.58113176098007,1.3329252583679538
253.61113426118843,1.3331579457037805
253.64113676139678,1.3333902676301719
253.67113926160513,1.3336222238923165
253.7011417618135,1.3338538142358025
253.73114426202184,1.3340850384066212
253.7611467622302,1.3343158961511639
253.79114926243852,1.3345463872162249
253.82115176264688,1.3347765113490004
253.85115426285523,1.3350062682970893
253.8811567630636,1.3352356578084925
253.91115926327194,1.3354646796316145
253.9411617634803,1.3356933335152634
253.97116426368865,1.3359216192086492
254.001166763897,1.3361495364613882
254.03116926410533,1.3363770850234982
254.06117176431368,1.3366042646454044
254.09117426452204,1.3368310750779333
254.1211767647304,1.3370575160723195
254.15117926493875,1.3372835873801998
254.1811817651471,1.3375092887536189
254.21118426535546,1.3377346199450264
254.24118676556378,1.337959580707277
254.27118926577214,1.3381841707936333
254.3011917659805,1.3384083899577632
254.33119426618885,1.3386322379537428
254.3611967663972,1.3388557145360531
254.39119926660555,1.339078819459585
254.4212017668139,1.3393015524796348
254.45120426702226,1.3395239133519081
254.4812067672306,1.3397459018325184
254.51120926743894,1.3399675176779877
254.5412117676473,1.3401887606452463
254.57121426785565,1.3404096304916335
254.601216768064,1.3406301269748988
254.63121926827236,1.3408502498531996
254.66122176848071,1.3410699988851045
254.69122426868907,1.341289373829591
254.7212267688974,1.341508374446048
254.75122926910575,1.3417270004942743
254.7812317693141,1.34194525173448
254.81123426952246,1.3421631279272854
254.8412367697308,1.3423806288337228
254.87123926993917,1.3425977542152365
254.90124177014752,1.3428145038336816
254.93124427035585,1.3430308774513262
254.9612467705642,1.3432468748308506
254.99124927077256,1.343462495735348
255.0212517709809,1.3436777399283235
255.05125427118926,1.343892607173697
255.08125677139762,1.3441070972358
255.11125927160597,1.3443212098793793
255.14126177181433,1.344534944869595
255.17126427202265,1.3447483019720208
255.201266772231,1.3449612809526459
255.23126927243936,1.3451738815778738
255.26127177264772,1.3453861036145234
255.29127427285607,1.3455979468298276
255.32127677306443,1.3458094109914363
255.35127927327278,1.3460204958674138
255.38128177348113,1.3462312012262414
255.41128427368946,1.3464415268368164
255.44128677389782,1.346651472468453
255.47128927410617,1.3468610378908807
255.50129177431452,1.3470702228742475
255.53129427452288,1.3472790271891186
255.56129677473123,1.3474874506064756
255.5912992749396,1.3476954928977192
255.62130177514794,1.3479031538346666
255.65130427535627,1.3481104331895548
255.68130677556462,1.3483173307350387
255.71130927577298,1.348523846244192
255.74131177598133,1.348729979490507
255.77131427618968,1.348935730247896
255.80131677639804,1.3491410982906902
255.8313192766064,1.349346083393641
255.86132177681472,1.3495506853319195
255.89132427702307,1.3497549038811172
255.92132677723143,1.3499587388172465
255.95132927743978,1.3501621899167393
255.98133177764814,1.3503652569564504
256.01133427785646,1.3505679397136534
256.0413367780648,1.3507702379660462
256.0713392782732,1.350972151491746
256.1013417784815,1.3511736800692937
256.1313442786899,1.351374823477651
256.16134677889823,1.351575581496203
256.1913492791066,1.3517759539047574
256.22135177931494,1.351975940483544
256.2513542795233,1.3521755410132175
256.28135677973165,1.3523747552748537
256.31135927994,1.3525735830499543
256.34136178014836,1.3527720241204437
256.3713642803567,1.3529700782686704
256.40136678056507,1.3531677452774078
256.4313692807734,1.3533650249298537
256.4613717809817,1.35356191700963
256.4913742811901,1.3537584213007856
256.52137678139843,1.3539545375877926
256.5513792816068,1.3541502656555497
256.58138178181514,1.354345605289382
256.6113842820235,1.3545405562750392
256.64138678223185,1.3547351183986984
256.6713892824402,1.3549292914469624
256.70139178264856,1.3551230752068615
256.7313942828569,1.3553164694658528
256.76139678306527,1.3555094740118196
256.7913992832736,1.3557020886330744
256.821401783482,1.3558943131183563
256.85140428369033,1.3560861472568317
256.8814067838987,1.3562775908380968
256.911409284107,1.3564686436521742
256.94141178431533,1.3566593054895173
256.9714142845237,1.3568495761410067
257.00141678473204,1.3570394553979521
257.0314192849404,1.3572289430520939
257.06142178514875,1.3574180388956
257.0914242853571,1.3576067427210692
257.12142678556546,1.357795054321531
257.1514292857738,1.3579829734904432
257.18143178598217,1.3581705000216953
257.2114342861905,1.3583576337096077
257.2414367863989,1.3585443743489305
257.27143928660723,1.358730721734846
257.3014417868156,1.3589166756629671
257.33144428702394,1.3591022359293388
257.3614467872323,1.3592874023304375
257.3914492874406,1.359472174663171
257.42145178764895,1.3596565527248814
257.4514542878573,1.3598405363133406
257.48145678806566,1.3600241252267549
257.511459288274,1.3602073192637634
257.54146178848237,1.3603901182234373
257.5714642886907,1.3605725219052816
257.6014667888991,1.3607545301092356
257.63146928910743,1.3609361426356712
257.6614717893158,1.3611173592853951
257.69147428952414,1.3612981798596475
257.7214767897325,1.3614786041601037
257.75147928994085,1.3616586319888735
257.7814817901492,1.3618382631485013
257.81148429035755,1.3620174974419665
257.84148679056585,1.3621963346726835
257.8714892907742,1.3623747746445036
257.90149179098256,1.362552817161713
257.9314942911909,1.3627304620290326
257.96149679139927,1.3629077090516213
257.9914992916076,1.363084558035074
258.021501791816,1.3632610087854204
258.05150429202433,1.3634370611091298
258.0815067922327,1.363612714813106
258.11150929244104,1.3637879697046917
258.1415117926494,1.3639628255916665
258.17151429285775,1.3641372822822468
258.2015167930661,1.3643113395850883
258.23151929327446,1.3644849973092836
258.2615217934828,1.364658255264364
258.2915242936911,1.364831113260299
258.32152679389947,1.3650035711074977
258.3515292941078,1.3651756286168069
258.3815317943162,1.3653472855995135
258.41153429452453,1.3655185418673423
258.4415367947329,1.3656893972324595
258.47153929494124,1.3658598515074694
258.5015417951496,1.3660299045054165
258.53154429535795,1.3661995560397868
258.5615467955663,1.3663688059245047
258.59154929577466,1.3665376539739365
258.621551795983,1.3667061000028884
258.65155429619136,1.3668741438266079
258.6815567963997,1.367041785260784
258.7115592966081,1.3672090241215462
258.7415617968164,1.3673758602254664
258.7715642970247,1.3675422933895574
258.8015667972331,1.3677083234312748
258.83156929744143,1.3678739501685162
258.8615717976498,1.3680391734196207
258.89157429785814,1.368203993003371
258.9215767980665,1.3683684087389918
258.95157929827485,1.3685324204461509
258.9815817984832,1.36869602794496
259.01158429869156,1.3688592310559728
259.0415867988999,1.3690220296001876
259.07158929910827,1.3691844233990462
259.1015917993166,1.3693464122744339
259.131594299525,1.369507996048681
259.16159679973333,1.3696691745445606
259.1915992999417,1.3698299475852918
259.22160180015,1.3699903149945376
259.25160430035834,1.3701502765964066
259.2816068005667,1.3703098322154519
259.31160930077505,1.3704689816766722
259.3416118009834,1.370627724805511
259.37161430119176,1.3707860614278584
259.4016168014001,1.3709439913700496
259.43161930160846,1.3711015144588665
259.4616218018168,1.3712586305215368
259.4916243020252,1.3714153393857347
259.5216268022335,1.3715716408795813
259.5516293024419,1.371727534831644
259.58163180265024,1.3718830210709374
259.6116343028586,1.372038099426924
259.64163680306694,1.372192769729512
259.6716393032753,1.3723470318090591
259.7016418034836,1.372500885496369
259.73164430369195,1.3726543306226948
259.7616468039003,1.3728073670197372
259.79164930410866,1.3729599945196442
259.821651804317,1.3731122129550137
259.85165430452537,1.3732640221588919
259.8816568047337,1.3734154219647734
259.9116593049421,1.373566412206602
259.94166180515043,1.3737169927187707
259.9716643053588,1.373867163336122
260.00166680556714,1.3740169238939484
260.0316693057755,1.374166274227991
260.06167180598385,1.3743152141744424
260.0916743061922,1.3744637435699434
260.12167680640056,1.374611862251587
260.15167930660886,1.3747595700569155
260.1816818068172,1.3749068668239224
260.21168430702556,1.3750537523910515
260.2416868072339,1.3752002265971983
260.2716893074423,1.3753462892817088
260.3016918076506,1.3754919402843808
260.331694307859,1.3756371794454634
260.36169680806734,1.3757820066056574
260.3916993082757,1.375926421606116
260.42170180848404,1.3760704242884434
260.4517043086924,1.3762140144946975
260.48170680890075,1.376357192067387
260.5117093091091,1.3764999568494742
260.54171180931746,1.3766423086843744
260.5717143095258,1.3767842474159546
260.60171680973417,1.3769257728885362
260.63171930994247,1.3770668849468928
260.6617218101508,1.3772075834362525
260.6917243103592,1.3773478682022962
260.72172681056753,1.3774877390911584
260.7517293107759,1.3776271959494286
260.78173181098424,1.3777662386241496
260.8117343111926,1.3779048669628182
260.84173681140095,1.3780430808133866
260.8717393116093,1.378180880024261
260.90174181181766,1.3783182644443022
260.931744312026,1.3784552339228264
260.96174681223437,1.3785917883096048
260.9917493124427,1.378727927454864
261.0217518126511,1.3788636512092853
261.05175431285943,1.3789989594240066
261.0817568130677,1.3791338519506207
261.1117593132761,1.3792683286411773
261.14176181348444,1.3794023893481813
261.1717643136928,1.3795360339245946
261.20176681390114,1.3796692622238342
261.2317693141095,1.3798020740997756
261.26177181431785,1.3799344694067495
261.2917743145262,1.380066447999544
261.32177681473456,1.3801980097334043
261.3517793149429,1.3803291544640328
261.38178181515127,1.3804598820475895
261.4117843153596,1.3805901923406914
261.441786815568,1.3807200852004131
261.47178931577633,1.3808495604842885
261.5017918159847,1.3809786180503072
261.53179431619304,1.381107257756919
261.56179681640134,1.3812354794630306
261.5917993166097,1.3813632830280083
261.62180181681805,1.381490668311676
261.6518043170264,1.381617635174317
261.68180681723476,1.3817441834766735
261.7118093174431,1.3818703130799466
261.74181181765147,1.3819960238457965
261.7718143178598,1.382121315636343
261.8018168180682,1.3822461883141655
261.83181931827653,1.3823706417423027
261.8618218184849,1.3824946757842538
261.89182431869324,1.3826182903039772
261.9218268189016,1.3827414851658921
261.95182931910995,1.3828642602348777
261.9818318193183,1.3829866153762733
262.0118343195266,1.3831085504558795
262.04183681973495,1.3832300653399572
262.0718393199433,1.3833511598952282
262.10184182015166,1.3834718339888754
262.13184432036,1.3835920874885423
262.16184682056837,1.3837119202623351
262.1918493207767,1.3838313321788198
262.2218518209851,1.383950323107025
262.25185432119343,1.3840688929164409
262.2818568214018,1.3841870414770194
262.31185932161014,1.3843047686591745
262.3418618218185,1.3844220743337827
262.37186432202685,1.3845389583721819
262.4018668222352,1.3846554206461739
262.43186932244356,1.3847714610280213
262.46187182265186,1.3848870793904506
262.4918743228602,1.3850022756066516
262.52187682306857,1.385117049550276
262.5518793232769,1.3852314010954392
262.5818818234853,1.3853453301167196
262.61188432369363,1.3854588364891596
262.641886823902,1.3855719200882646
262.67188932411034,1.3856845807900038
262.7018918243187,1.3857968184708103
262.73189432452705,1.3859086330075818
262.7618968247354,1.3860200242776788
262.79189932494376,1.386130992158927
262.8219018251521,1.3862415365296161
262.85190432536047,1.3863516572685008
262.8819068255688,1.3864613542547999
262.9119093257772,1.3865706273681968
262.94191182598547,1.3866794764888406
262.9719143261938,1.3867879014973448
263.0019168264022,1.3868959022747884
263.03191932661053,1.3870034787027157
263.0619218268189,1.3871106306631358
263.09192432702724,1.3872173580385243
263.1219268272356,1.3873236607118218
263.15192932744395,1.387429538566435
263.1819318276523,1.3875349914862367
263.21193432786066,1.3876400193555651
263.241936828069,1.3877446220592256
263.27193932827737,1.387848799482489
263.3019418284857,1.387952551511093
263.3319443286941,1.3880558780312422
263.36194682890243,1.388158778929607
263.39194932911073,1.388261254093325
263.4219518293191,1.3883633034100018
263.45195432952744,1.3884649267677083
263.4819568297358,1.3885661240549838
263.51195932994415,1.3886668951608347
263.5419618301525,1.3887672399747344
263.57196433036086,1.3888671583866243
263.6019668305692,1.3889666502869134
263.63196933077757,1.389065715566478
263.6619718309859,1.3891643541166636
263.6919743311943,1.3892625658292823
263.7219768314026,1.3893603505966152
263.751979331611,1.3894577083114112
263.78198183181934,1.389554638866888
263.8119843320277,1.389651142156732
263.84198683223605,1.389747218075097
263.87198933244434,1.3898428665166067
263.9019918326527,1.389938087376354
263.93199433286105,1.3900328805498998
263.9619968330694,1.3901272459332743
263.99199933327776,1.390221183422977
264.0220018334861,1.3903146929159766
264.05200433369447,1.390407774309712
264.0820068339028,1.390500427502091
264.1120093341112,1.3905926523914902
264.14201183431953,1.3906844488767574
264.1720143345279,1.39077581685721
264.20201683473624,1.3908667562326347
264.2320193349446,1.3909572669032886
264.26202183515295,1.3910473487698995
264.2920243353613,1.3911370017336648
264.3220268355696,1.3912262256962529
264.35202933577796,1.3913150205598024
264.3820318359863,1.3914033862269224
264.41203433619467,1.391491322600693
264.442036836403,1.3915788295846656
264.4720393366114,1.3916659070828616
264.5020418368197,1.3917525549997742
264.5320443370281,1.3918387732403672
264.56204683723644,1.391924561710076
264.5920493374448,1.3920099203148075
264.62205183765315,1.39209484896094
264.6520543378615,1.392179347555323
264.68205683806985,1.392263416005278
264.7120593382782,1.3923470542185987
264.74206183848656,1.39243026210355
264.7720643386949,1.3925130395688687
264.8020668389032,1.3925953865237646
264.83206933911157,1.3926773028779187
264.8620718393199,1.3927587885414852
264.8920743395283,1.3928398434250895
264.92207683973663,1.3929204674398306
264.952079339945,1.3930006604972796
264.98208184015334,1.3930804225094804
265.0120843403617,1.3931597533889493
265.04208684057005,1.3932386530486762
265.0720893407784,1.393317121402123
265.10209184098676,1.3933951583632254
265.1320943411951,1.3934727638463924
265.16209684140347,1.3935499377665053
265.1920993416118,1.3936266800389197
265.2221018418202,1.393702990579464
265.2521043420285,1.3937788693044406
265.28210684223683,1.3938543161306254
265.3121093424452,1.3939293309752676
265.34211184265354,1.394003913756091
265.3721143428619,1.3940780643912922
265.40211684307025,1.3941517827995427
265.4321193432786,1.3942250688999878
265.46212184348695,1.3942979226122467
265.4921243436953,1.3943703438564132
265.52212684390366,1.3944423325530555
265.552129344112,1.3945138886232156
265.5821318443204,1.3945850119884105
265.6121343445287,1.3946557025706319
265.6421368447371,1.3947259602923459
265.67213934494544,1.3947957850764934
265.7021418451538,1.3948651768464904
265.7321443453621,1.394934135526227
265.76214684557044,1.3950026610400699
265.7921493457788,1.3950707533128592
265.82215184598715,1.3951384122699115
265.8521543461955,1.3952056378370177
265.88215684640386,1.3952724299404442
265.9121593466122,1.3953387885069337
265.94216184682057,1.3954047134637033
265.9721643470289,1.3954702047384464
266.0021668472373,1.3955352622593316
266.03216934744563,1.3955998859550034
266.062171847654,1.3956640757545826
266.09217434786234,1.3957278315876653
266.1221768480707,1.3957911533843237
266.15217934827905,1.395854041075106
266.18218184848735,1.3959164945910365
266.2121843486957,1.3959785138636163
266.24218684890405,1.396040098824822
266.2721893491124,1.3961012494071072
266.30219184932076,1.3961619655434014
266.3321943495291,1.3962222471671106
266.3621968497375,1.3962820942121181
266.3921993499458,1.396341506612783
266.4222018501542,1.3964004843039413
266.45220435036254,1.3964590272209063
266.4822068505709,1.3965171352994674
266.51220935077924,1.396574808475892
266.5422118509876,1.3966320466869233
266.57221435119595,1.3966888498697823
266.6022168514043,1.3967452179621669
266.6322193516126,1.3968011509022522
266.66222185182096,1.3968566486286909
266.6922243520293,1.3969117110806126
266.72222685223767,1.3969663381976247
266.752229352446,1.3970205299198117
266.7822318526544,1.3970742861877357
266.81223435286273,1.397127606942437
266.8422368530711,1.3971804921254325
266.87223935327944,1.397232941678718
266.9022418534878,1.3972849555447664
266.93224435369615,1.3973365336665282
266.9622468539045,1.3973876759874326
266.99224935411286,1.3974383824513867
267.0222518543212,1.3974886530027748
267.05225435452957,1.39753848758646
267.0822568547379,1.397587886147784
267.1122593549462,1.3976368486325654
267.1422618551546,1.3976853749871025
267.1722643553629,1.397733465158171
267.2022668555713,1.3977811190930256
267.23226935577964,1.3978283367393989
267.262271855988,1.3978751180455027
267.29227435619634,1.3979214629600265
267.3222768564047,1.3979673714321394
267.35227935661305,1.3980128434114887
267.3822818568214,1.3980578788482003
267.41228435702976,1.398102477692879
267.4422868572381,1.3981466398966087
267.47228935744647,1.3981903654109524
267.5022918576548,1.3982336541879512
267.5322943578632,1.3982765061801259
267.5622968580715,1.398318921340476
267.59229935827983,1.3983608996224808
267.6223018584882,1.3984024409800981
267.65230435869654,1.3984435453677648
267.6823068589049,1.398484212740398
267.71230935911325,1.3985244430533927
267.7423118593216,1.398564236262625
267.77231435952996,1.3986035923244486
267.8023168597383,1.3986425111956982
267.83231935994667,1.398680992833687
267.862321860155,1.3987190371962084
267.8923243603634,1.398756644241535
267.92232686057173,1.3987938139284193
267.9523293607801,1.398830546216093
267.98233186098844,1.3988668410642684
268.0123343611968,1.398902698433137
268.0423368614051,1.39893811828337
268.07233936161344,1.398973100576119
268.1023418618218,1.3990076452730151
268.13234436203015,1.3990417523361693
268.1623468622385,1.3990754217281733
268.19234936244686,1.399108653412098
268.2223518626552,1.3991414473514947
268.25235436286357,1.3991738035103949
268.2823568630719,1.39920572185331
268.3123593632803,1.399237202345232
268.34236186348863,1.399268244951633
268.372364363697,1.3992988496384653
268.40236686390534,1.399329016372161
268.4323693641137,1.3993587451196339
268.46237186432205,1.3993880358482764
268.49237436453035,1.399416888525963
268.5223768647387,1.3994453031210479
268.55237936494706,1.3994732796023654
268.5823818651554,1.3995008179392312
268.61238436536377,1.3995279181014406
268.6423868655721,1.3995545800592704
268.6723893657805,1.3995808037834774
268.70239186598883,1.3996065892452996
268.7323943661972,1.399631936416455
268.76239686640554,1.3996568452691425
268.7923993666139,1.3996813157760426
268.82240186682225,1.3997053479103154
268.8524043670306,1.3997289416456025
268.88240686723896,1.3997520969560262
268.9124093674473,1.3997748138161896
268.94241186765566,1.3997970922011769
268.97241436786396,1.3998189320865526
269.0024168680723,1.399840333448363
269.03241936828067,1.3998612962631345
269.062421868489,1.3998818205078756
269.0924243686974,1.3999019061600748
269.12242686890573,1.3999215531977023
269.1524293691141,1.3999407615992088
269.18243186932244,1.3999595313435265
269.2124343695308,1.399977862410069
269.24243686973915,1.3999957547787303
269.2724393699475,1.400013208429886
269.30244187015586,1.4000302233443929
269.3324443703642,1.400046799503589
269.36244687057257,1.4000629368892934
269.3924493707809,1.4000786354838066
269.4224518709892,1.4000938952699102
269.4524543711976,1.4001087162308674
269.48245687140593,1.4001230983504223
269.5124593716143,1.4001370416128003
269.54246187182264,1.4001505460027088
269.572464372031,1.400163611505336
269.60246687223935,1.4001762381063514
269.6324693724477,1.4001884257919062
269.66247187265606,1.4002001745486328
269.6924743728644,1.4002114843636453
269.72247687307276,1.4002223552245388
269.7524793732811,1.40023278711939
269.7824818734895,1.4002427800367576
269.8124843736978,1.400252333965681
269.8424868739062,1.4002614488956813
269.8724893741145,1.4002701248167613
269.90249187432283,1.4002783617194055
269.9324943745312,1.400286159594579
269.96249687473954,1.4002935184337297
269.9924993749479,1.4003004382287858
270.02250187515625,1.400306918972158
270.0525043753646,1.4003129606567382
270.08250687557296,1.4003185632758997
270.1125093757813,1.4003237268234976
270.14251187598967,1.4003284512938685
270.172514376198,1.4003327366818303
270.2025168764064,1.4003365829826833
270.23251937661473,1.4003399901922082
270.2625218768231,1.4003429583066687
270.29252437703144,1.4003454873228085
270.3225268772398,1.4003475772378546
270.3525293774481,1.4003492280495142
270.38253187765645,1.400350439755977
270.4125343778648,1.4003512123559139
270.44253687807316,1.4003515458484774
270.4725393782815,1.4003514402333017
270.50254187848986,1.4003508955105028
270.5325443786982,1.4003499116806783
270.5625468789066,1.400348488744907
270.5925493791149,1.4003466267047493
270.6225518793233,1.4003443255622483
270.65255437953164,1.400341585319927
270.68255687974,1.4003384059807917
270.71255937994835,1.400334787548329
270.7425618801567,1.400330730026508
270.77256438036505,1.4003262334197786
270.80256688057335,1.400321297733073
270.8325693807817,1.4003159229718045
270.86257188099006,1.4003101091418684
270.8925743811984,1.400303856249641
270.92257688140677,1.400297164301981
270.9525793816151,1.4002900333062276
270.9825818818235,1.4002824632702027
271.01258438203183,1.4002744542022085
271.0425868822402,1.40026600611103
271.07258938244854,1.4002571190059327
271.1025918826569,1.4002477928966641
271.13259438286525,1.4002380277934534
271.1625968830736,1.4002278237070107
271.19259938328196,1.4002171806485282
271.2226018834903,1.400206098629679
271.25260438369867,1.4001945776626177
271.28260688390696,1.400182617759981
271.3126093841153,1.4001702189348866
271.3426118843237,1.4001573812009334
271.372614384532,1.4001441045722018
271.4026168847404,1.400130389063254
271.43261938494874,1.400116234689133
271.4626218851571,1.4001016414653633
271.49262438536545,1.4000866094079512
271.5226268855738,1.4000711385333835
271.55262938578215,1.400055228858629
271.5826318859905,1.4000388804011377
271.61263438619886,1.40002209317884
271.6426368864072,1.400004867210149
271.6726393866156,1.399987202513958
271.7026418868239,1.3999690991096414
271.7326443870322,1.3999505570170556
271.7626468872406,1.3999315762565372
271.79264938744893,1.3999121568489046
271.8226518876573,1.3998922988154572
271.85265438786564,1.3998720021779754
271.882656888074,1.3998512669587204
271.91265938828235,1.399830093180435
271.9426618884907,1.3998084808663427
271.97266438869906,1.3997864300401477
272.0026668889074,1.3997639407260358
272.03266938911577,1.3997410129486734
272.0626718893241,1.3997176467332075
272.0926743895325,1.3996938421052665
272.12267688974083,1.3996695990909596
272.1526793899492,1.3996449177168762
272.18268189015754,1.3996197980100875
272.21268439036584,1.3995942399981445
272.2426868905742,1.3995682437090797
272.27268939078255,1.3995418091714058
272.3026918909909,1.3995149364141162
272.33269439119925,1.3994876254666855
272.3626968914076,1.399459876359068
272.39269939161596,1.3994316891216994
272.4227018918243,1.3994030637854955
272.4527043920327,1.399374000381853
272.482706892241,1.3993444989426482
272.5127093924494,1.399314559500239
272.54271189265774,1.3992841820874629
272.5727143928661,1.399253366737638
272.60271689307444,1.3992221134845626
272.6327193932828,1.399190422362516
272.6627218934911,1.3991582934062565
272.69272439369945,1.3991257266510237
272.7227268939078,1.399092722132537
272.75272939411616,1.3990592798869959
272.7827318943245,1.39902539995108
272.81273439453287,1.398991082361949
272.8427368947412,1.3989563271572423
272.8727393949496,1.39892113437508
272.90274189515793,1.398885504054062
272.9327443953663,1.398849436233267
272.96274689557464,1.3988129309522552
272.992749395783,1.398775988251065
273.02275189599135,1.3987386081702162
273.0527543961997,1.398700790750707
273.08275689640806,1.3986625360340157
273.1127593966164,1.3986238440621004
273.1427618968247,1.3985847148773987
273.17276439703306,1.3985451485228277
273.2027668972414,1.398505145041784
273.2327693974498,1.3984647044781435
273.2627718976581,1.3984238268762617
273.2927743978665,1.3983825122809732
273.32277689807484,1.3983407607375926
273.3527793982832,1.3982985722919126
273.38278189849154,1.398255946990206
273.4127843986999,1.3982128848792246
273.44278689890825,1.398169386006199
273.4727893991166,1.398125450418839
273.50279189932496,1.3980810781653334
273.5327943995333,1.3980362692943498
273.56279689974167,1.397991023855035
273.59279939994997,1.3979453418970147
273.6228019001583,1.3978992234703924
273.6528044003667,1.3978526686257515
273.68280690057503,1.3978056774141536
273.7128094007834,1.3977582498871388
273.74281190099174,1.3977103860967262
273.7728144012001,1.3976620860954123
273.80281690140845,1.3976133499361736
273.8328194016168,1.3975641776724639
273.86282190182516,1.3975145693582154
273.8928244020335,1.3974645250478392
273.92282690224187,1.3974140447962236
273.9528294024502,1.3973631286587362
273.9828319026586,1.3973117766912218
274.01283440286693,1.3972599889500033
274.0428369030752,1.3972077654918822
274.0728394032836,1.3971551063741372
274.10284190349194,1.3971020116545254
274.1328444037003,1.3970484813912811
274.16284690390864,1.3969945156431165
274.192849404117,1.3969401144692217
274.22285190432535,1.3968852779292642
274.2528544045337,1.396830006083389
274.28285690474206,1.3967742989922185
274.3128594049504,1.3967181567168527
274.34286190515877,1.3966615793188684
274.3728644053671,1.3966045668603204
274.4028669055755,1.3965471194037402
274.43286940578383,1.3964892370121362
274.4628719059922,1.3964309197489944
274.49287440620054,1.3963721676782774
274.52287690640884,1.3963129808644248
274.5528794066172,1.396253359372353
274.58288190682555,1.396193303267455
274.6128844070339,1.396132812615601
274.64288690724226,1.3960718874831373
274.6728894074506,1.3960105279368868
274.70289190765897,1.3959487340441492
274.7328944078673,1.3958865058727004
274.7628969080757,1.3958238434907924
274.79289940828403,1.3957607469671536
274.8229019084924,1.3956972163709889
274.85290440870074,1.3956332517719785
274.8829069089091,1.3955688532402797
274.91290940911745,1.3955040208465248
274.9429119093258,1.3954387546618225
274.9729144095341,1.3953730547577572
275.00291690974245,1.3953069212063884
275.0329194099508,1.3952403540802523
275.06292191015916,1.3951733534523598
275.0929244103675,1.3951059193961974
275.12292691057587,1.3950380519857277
275.1529294107842,1.3949697512953874
275.1829319109926,1.3949010174000895
275.21293441120093,1.3948318503752215
275.2429369114093,1.3947622502966461
275.27293941161764,1.3946922172407015
275.302941911826,1.3946217512841996
275.33294441203435,1.3945508525044286
275.3629469122427,1.39447952097915
275.39294941245106,1.3944077567866011
275.4229519126594,1.394335560005493
275.4529544128677,1.3942629307150116
275.48295691307607,1.3941898689948171
275.5129594132844,1.394116374925044
275.5429619134928,1.3940424485863008
275.57296441370113,1.3939680900596707
275.6029669139095,1.3938932994267104
275.63296941411784,1.3938180767694501
275.6629719143262,1.3937424221703953
275.69297441453455,1.3936663357125239
275.7229769147429,1.3935898174792878
275.75297941495126,1.3935128675546131
275.7829819151596,1.3934354860228984
275.81298441536796,1.3933576729690165
275.8429869155763,1.393279428478313
275.8729894157847,1.393200752636607
275.90299191599297,1.3931216455301907
275.9329944162013,1.3930421072458288
275.9629969164097,1.3929621378707595
275.99299941661803,1.392881737492694
276.0230019168264,1.3928009061998154
276.05300441703474,1.39271964408078
276.0830069172431,1.3926379512247167
276.11300941745145,1.3925558277212267
276.1430119176598,1.392473273660383
276.17301441786816,1.392390289132732
276.2030169180765,1.3923068742292912
276.23301941828487,1.3922230290415507
276.2630219184932,1.3921387536614722
276.2930244187016,1.3920540481814894
276.32302691890993,1.3919689126945078
276.3530294191183,1.3918833472939045
276.3830319193266,1.3917973520735283
276.41303441953494,1.3917109271276986
276.4430369197433,1.3916240725512072
276.47303941995165,1.3915367884393164
276.50304192016,1.3914490748877604
276.53304442036836,1.3913609319927434
276.5630469205767,1.391272359850941
276.59304942078506,1.3911833585595001
276.6230519209934,1.391093928216037
276.6530544212018,1.3910040689186403
276.6830569214101,1.3909137807658678
276.7130594216185,1.3908230638567476
276.74306192182684,1.390731918290779
276.7730644220352,1.3906403441679305
276.80306692224354,1.3905483415886417
276.83306942245184,1.3904559106538215
276.8630719226602,1.3903630514648477
276.89307442286855,1.3902697641235697
276.9230769230769,1.3901760487323054
276.95307942328526,1.390081905393842
276.9830819234936,1.3899873342114368
277.01308442370197,1.389892335288816
277.0430869239103,1.3897969087301745
277.0730894241187,1.389701054640177
277.10309192432703,1.3896047731239567
277.1330944245354,1.3895080642871158
277.16309692474374,1.3894109282357245
277.1930994249521,1.3893133650763234
277.22310192516045,1.389215374915919
277.2531044253688,1.3891169578619882
277.28310692557716,1.389018114022475
277.31310942578546,1.3889188435057922
277.3431119259938,1.3888191464208197
277.37311442620216,1.3887190228769062
277.4031169264105,1.3886184729838678
277.4331194266189,1.3885174968519878
277.4631219268272,1.3884160945920179
277.4931244270356,1.388314266315176
277.52312692724394,1.3882120121331485
277.5531294274523,1.3881093321580877
277.58313192766065,1.3880062265026145
277.613134427869,1.387902695279815
277.64313692807735,1.3877987386032427
277.6731394282857,1.3876943565869184
277.70314192849406,1.3875895493453283
277.7331444287024,1.3874843169934261
277.7631469289107,1.387378659646631
277.79314942911907,1.3872725774208283
277.8231519293274,1.3871660704323698
277.8531544295358,1.387059138798073
277.88315692974413,1.386951782635221
277.9131594299525,1.3868440020615624
277.94316193016084,1.3867357971953118
277.9731644303692,1.3866271681551487
278.00316693057755,1.3865181150602184
278.0331694307859,1.3864086380301304
278.06317193099426,1.3862987371849602
278.0931744312026,1.386188412645247
278.12317693141097,1.386077664531996
278.1531794316193,1.3859664929666762
278.1831819318277,1.3858548980712209
278.213184432036,1.3857428799680283
278.2431869322443,1.3856304387799603
278.2731894324527,1.3855175746303425
278.30319193266104,1.3854042876429657
278.3331944328694,1.3852905779420834
278.36319693307775,1.3851764456524132
278.3931994332861,1.3850618908991355
278.42320193349445,1.384946913807895
278.4532044337028,1.384831514504799
278.48320693391116,1.384715693116418
278.5132094341195,1.384599449769786
278.54321193432787,1.3844827845923988
278.5732144345362,1.3843656977122154
278.6032169347446,1.384248189257658
278.63321943495293,1.38413025935761
278.6632219351613,1.3840119081414173
278.6932244353696,1.3838931357388886
278.72322693557794,1.383773942280294
278.7532294357863,1.3836543278963653
278.78323193599465,1.3835342927182965
278.813234436203,1.3834138368777427
278.84323693641136,1.3832929605068205
278.8732394366197,1.3831716637381077
278.90324193682807,1.3830499467046435
278.9332444370364,1.3829278095399278
278.9632469372448,1.3828052523779208
278.99324943745313,1.3826822753530443
279.0232519376615,1.3825588786001803
279.05325443786984,1.3824350622546704
279.0832569380782,1.3823108264523178
279.11325943828655,1.3821861713293844
279.14326193849485,1.3820610970225933
279.1732644387032,1.3819356036691257
279.20326693891155,1.381809691406624
279.2332694391199,1.3816833603731895
279.26327193932826,1.3815566107073824
279.2932744395366,1.3814294425482228
279.32327693974497,1.3813018560351893
279.3532794399533,1.3811738513082192
279.3832819401617,1.3810454285077094
279.41328444037003,1.380916587774514
279.4432869405784,1.3807873292499466
279.47328944078674,1.3806576530757788
279.5032919409951,1.3805275593942397
279.53329444120345,1.380397048348017
279.5632969414118,1.3802661200802562
279.59329944162016,1.3801347747345594
279.62330194182846,1.3800030124549876
279.6533044420368,1.3798708333860579
279.68330694224517,1.3797382376727454
279.7133094424535,1.3796052254604816
279.7433119426619,1.3794717968951549
279.77331444287023,1.3793379521231106
279.8033169430786,1.3792036912911505
279.83331944328694,1.3790690145465323
279.8633219434953,1.3789339220369703
279.89332444370365,1.3787984139106348
279.923326943912,1.378662490316152
279.95332944412036,1.3785261514026033
279.9833319443287,1.3783893973195258
280.01333444453707,1.3782522282169127
280.0433369447454,1.3781146442452112
280.0733394449537,1.377976645555325
280.1033419451621,1.3778382322986111
280.1333444453704,1.3776994046268818
280.1633469455788,1.3775601626924046
280.19334944578713,1.3774205066479004
280.2233519459955,1.3772804366465445
280.25335444620384,1.3771399528419672
280.2833569464122,1.376999055388251
280.31335944662055,1.376857744439934
280.3433619468289,1.376716020152006
280.37336444703726,1.376573882679911
280.4033669472456,1.3764313321795467
280.43336944745397,1.3762883688072625
280.4633719476623,1.3761449927198621
280.4933744478707,1.376001204074601
280.52337694807903,1.375857003029187
280.55337944828733,1.3757123897417813
280.5833819484957,1.3755673643709958
280.61338444870404,1.3754219270758952
280.6433869489124,1.3752760780159963
280.67338944912075,1.3751298173512667
280.7033919493291,1.3749831452421264
280.73339444953746,1.374836061849446
280.7633969497458,1.3746885673345468
280.79339944995417,1.3745406618592022
280.8234019501625,1.3743923455856355
280.8534044503709,1.374243618676521
280.88340695057923,1.374094481294983
280.9134094507876,1.3739449336045961
280.94341195099594,1.3737949757693853
280.9734144512043,1.3736446079538247
281.0034169514126,1.3734938303228392
281.03341945162094,1.3733426430418019
281.0634219518293,1.373191046276536
281.09342445203765,1.373039040193314
281.123426952246,1.3728866249588563
281.15342945245436,1.3727338007403331
281.1834319526627,1.3725805677053633
281.21343445287107,1.372426926022013
281.2434369530794,1.3722728758587976
281.2734394532878,1.3721184173846803
281.30344195349613,1.3719635507690715
281.3334444537045,1.3718082761818304
281.36344695391284,1.3716525937932622
281.3934494541212,1.371496503774121
281.42345195432955,1.3713400062956065
281.4534544545379,1.371183101529366
281.4834569547462,1.3710257896474947
281.51345945495456,1.3708680708225316
281.5434619551629,1.370709945227464
281.57346445537127,1.3705514130357253
281.6034669555796,1.370392474421194
281.633469455788,1.370233129558195
281.66347195599633,1.3700733786214991
281.6934744562047,1.3699132217863212
281.72347695641304,1.3697526592283227
281.7534794566214,1.369591691123609
281.78348195682975,1.3694303176487312
281.8134844570381,1.369268538980685
281.84348695724645,1.369106355296909
281.8734894574548,1.368943766775288
281.90349195766316,1.3687807735941495
281.93349445787146,1.3686173759322662
281.9634969580798,1.3684535739688524
281.99349945828817,1.368289367883567
282.0235019584965,1.3681247578565132
282.0535044587049,1.3679597440682354
282.08350695891323,1.3677943266997215
282.1135094591216,1.3676285059324027
282.14351195932994,1.3674622819481517
282.1735144595383,1.367295654929284
282.20351695974665,1.367128625058557
282.233519459955,1.3669611925191698
282.26352196016336,1.3667933574947637
282.2935244603717,1.3666251201694206
282.32352696058007,1.3664564807276647
282.3535294607884,1.3662874393544602
282.3835319609967,1.3661179962352128
282.4135344612051,1.3659481515557683
282.44353696141343,1.3657779055024137
282.4735394616218,1.3656072582618752
282.50354196183014,1.3654362100213204
282.5335444620385,1.3652647609683553
282.56354696224685,1.3650929112910264
282.5935494624552,1.3649206611778195
282.62355196266356,1.3647480108176588
282.6535544628719,1.364574960399909
282.68355696308026,1.3644015101143723
282.7135594632886,1.3642276601512902
282.743561963497,1.364053410701342
282.7735644637053,1.3638787619556452
282.8035669639137,1.363703714105756
282.83356946412204,1.3635282673436673
282.86357196433033,1.3633524218618112
282.8935744645387,1.3631761778530547
282.92357696474704,1.3629995355107032
282.9535794649554,1.3628224950284997
282.98358196516375,1.362645056600623
283.0135844653721,1.362467220421688
283.04358696558046,1.3622889866867471
283.0735894657888,1.3621103555912875
283.10359196599717,1.361931327331233
283.1335944662055,1.361751902102943
283.1635969664139,1.3615720801032112
283.19359946662223,1.3613918615292682
283.2236019668306,1.3612112465787782
283.25360446703894,1.3610302354498414
283.2836069672473,1.360848828340991
283.3136094674556,1.3606670254511954
283.34361196766395,1.3604848269798573
283.3736144678723,1.3603022331268129
283.40361696808066,1.3601192440923315
283.433619468289,1.3599358600771176
283.46362196849736,1.3597520812823067
283.4936244687057,1.3595679079094691
283.5236269689141,1.359383340160607
283.5536294691224,1.3591983782381547
283.5836319693308,1.3590130223449806
283.61363446953914,1.3588272726843829
283.6436369697475,1.3586411294600935
283.67363946995584,1.3584545928762752
283.7036419701642,1.358267663137522
283.73364447037255,1.35808034044886
283.7636469705809,1.3578926250157453
283.7936494707892,1.3577045170440654
283.82365197099756,1.357516016740138
283.8536544712059,1.357327124310711
283.88365697141427,1.3571378399629634
283.9136594716226,1.356948163904503
283.943661971831,1.3567580963433667
283.97366447203933,1.356567637488023
284.0036669722477,1.3563767875473667
284.03366947245604,1.3561855467307244
284.0636719726644,1.3559939152478497
284.09367447287275,1.3558018933089244
284.1236769730811,1.35560948112456
284.15367947328946,1.3554166789057949
284.1836819734978,1.3552234868640953
284.21368447370617,1.355029905211356
284.24368697391446,1.3548359341598977
284.2736894741228,1.3546415739224693
284.3036919743312,1.354446824712246
284.3336944745395,1.3542516867428296
284.3636969747479,1.354056160228249
284.39369947495624,1.3538602453829582
284.4237019751646,1.3536639424218382
284.45370447537294,1.3534672515601947
284.4837069755813,1.3532701730137593
284.51370947578965,1.3530727069986892
284.543711975998,1.352874853731566
284.57371447620636,1.3526766134293957
284.6037169764147,1.3524779863096104
284.63371947662307,1.3522789725900644
284.6637219768314,1.3520795724890378
284.6937244770398,1.3518797862252332
284.7237269772481,1.3516796140177776
284.75372947745643,1.3514790560862207
284.7837319776648,1.351278112650535
284.81373447787314,1.3510767839311177
284.8437369780815,1.3508750701487864
284.87373947828985,1.3506729715247814
284.9037419784982,1.3504704882807665
284.93374447870656,1.350267620638826
284.9637469789149,1.350064368821466
284.99374947912327,1.3498607330516146
285.0237519793316,1.3496567135526203
285.05375447954,1.3494523105482532
285.08375697974833,1.3492475242627033
285.1137594799567,1.349042354920581
285.14376198016504,1.348836802746918
285.17376448037334,1.3486308679671644
285.2037669805817,1.3484245508071906
285.23376948079004,1.3482178514932865
285.2637719809984,1.348010770252161
285.29377448120675,1.347803307310942
285.3237769814151,1.347595462897176
285.35377948162346,1.3473872372388276
285.3837819818318,1.34717863056428
285.41378448204017,1.3469696431023341
285.4437869822485,1.3467602750822087
285.4737894824569,1.3465505267335396
285.50379198266523,1.3463403982863797
285.5337944828736,1.3461298899711995
285.56379698308194,1.345919002018885
285.5937994832903,1.3457077346607402
285.62380198349865,1.3454960881284834
285.65380448370695,1.3452840626542502
285.6838069839153,1.345071658470591
285.71380948412366,1.344858875810472
285.743811984332,1.344645714907274
285.77381448454037,1.3444321759947935
285.8038169847487,1.3442182593072407
285.8338194849571,1.344003965079241
285.86382198516543,1.3437892935458335
285.8938244853738,1.3435742449424706
285.92382698558214,1.3433588195050192
285.9538294857905,1.343143017469759
285.98383198599885,1.3429268390733828
286.0138344862072,1.3427102845529963
286.04383698641556,1.3424933541461175
286.0738394866239,1.3422760480906768
286.1038419868322,1.3420583666250177
286.13384448704056,1.3418403099878924
286.1638469872489,1.3416218784184681
286.19384948745727,1.341403072156321
286.2238519876656,1.3411838914414398
286.253854487874,1.3409643365142228
286.28385698808233,1.340744407615478
286.3138594882907,1.340524104986426
286.34386198849904,1.340303428868695
286.3738644887074,1.3400823795043246
286.40386698891575,1.3398609571357625
286.4338694891241,1.3396391620058652
286.46387198933246,1.3394169943579002
286.4938744895408,1.339194454435541
286.52387698974917,1.3389715424828714
286.55387948995747,1.3387482587443826
286.5838819901658,1.338524603464972
286.6138844903742,1.3383005768899474
286.64388699058253,1.3380761792650218
286.6738894907909,1.337851410836315
286.70389199099924,1.3376262718503558
286.7338944912076,1.3374007625540763
286.76389699141595,1.3371748831948176
286.7938994916243,1.3369486340203247
286.82390199183266,1.3367220152787487
286.853904492041,1.3364950272186469
286.88390699224936,1.3362676700889804
286.9139094924577,1.3360399441391164
286.9439119926661,1.3358118496188258
286.9739144928744,1.3355833867782831
287.0039169930828,1.3353545558680686
287.0339194932911,1.3351253571391655
287.06392199349943,1.3348957908429586
287.0939244937078,1.3346658572312389
287.12392699391614,1.3344355565561978
287.1539294941245,1.3342048890704314
287.18393199433285,1.3339738550269367
287.2139344945412,1.3337424546791123
287.24393699474956,1.3335106882807604
287.2739394949579,1.333278556086083
287.30394199516627,1.3330460583496841
287.3339444953746,1.332813195326569
287.363946995583,1.3325799672721421
287.39394949579133,1.3323463744422102
287.4239519959997,1.3321124170929781
287.45395449620804,1.3318780954810525
287.48395699641634,1.3316434098634389
287.5139594966247,1.33140836049754
287.54396199683305,1.3311729476411607
287.5739644970414,1.330937171552503
287.60396699724976,1.3307010324901662
287.6339694974581,1.3304645307131504
287.66397199766647,1.330227666480851
287.6939744978748,1.3299904400530629
287.7239769980832,1.3297528516899764
287.7539794982915,1.3295149016521801
287.7839819984999,1.329276590200659
287.81398449870824,1.329037917596794
287.8439869989166,1.328798884102363
287.87398949912495,1.3285594899795392
287.9039919993333,1.3283197354908907
287.93399449954165,1.3280796208993824
287.96399699974995,1.327839146468373
287.9939994999583,1.3275983124616155
288.02400200016666,1.3273571191432587
288.054004500375,1.3271155667778443
288.08400700058337,1.3268736556303087
288.1140095007917,1.326631385965981
288.1440120010001,1.3263887580505838
288.17401450120843,1.326145772150233
288.2040170014168,1.3259024285314365
288.23401950162514,1.3256587274610956
288.2640220018335,1.325414669206502
288.29402450204185,1.3251702540353407
288.3240270022502,1.3249254822156877
288.35402950245856,1.3246803540160093
288.3840320026669,1.3244348697051644
288.4140345028752,1.3241890295524017
288.44403700308357,1.3239428338273584
288.4740395032919,1.3236962828000647
288.5040420035003,1.3234493767409385
288.5340445037086,1.3232021159207876
288.564047003917,1.3229545006108099
288.59404950412534,1.32270653108259
288.6240520043337,1.3224582076081033
288.65405450454205,1.3222095304597117
288.6840570047504,1.3219604999101653
288.71405950495875,1.3217111162326032
288.7440620051671,1.3214613797005497
288.77406450537546,1.321211290587918
288.8040670055838,1.3209608491690072
288.8340695057922,1.3207100557185019
288.8640720060005,1.3204589105114746
288.8940745062088,1.3202074138233828
288.9240770064172,1.3199555659300684
288.95407950662553,1.3197033671077603
288.9840820068339,1.3194508176330713
289.01408450704224,1.3191979177829993
289.0440870072506,1.3189446678349261
289.07408950745895,1.318691068066617
289.1040920076673,1.3184371187562227
289.13409450787566,1.3181828201822752
289.164097008084,1.3179281726236913
289.19409950829237,1.3176731763597695
289.2241020085007,1.3174178316701908
289.2541045087091,1.3171621388350194
289.28410700891743,1.3169060981346998
289.3141095091258,1.316649709850059
289.3441120093341,1.316392974262306
289.37411450954244,1.3161358916530277
289.4041170097508,1.3158784623041957
289.43411950995915,1.3156206864981592
289.4641220101675,1.3153625645176474
289.49412451037585,1.315104096645771
289.5241270105842,1.3148452831660182
289.55412951079256,1.3145861243622576
289.5841320110009,1.3143266205187358
289.6141345112093,1.3140667719200774
289.6441370114176,1.3138065788512867
289.674139511626,1.3135460415977445
289.70414201183434,1.3132851604452087
289.7341445120427,1.3130239356798166
289.76414701225104,1.3127623675880795
289.79414951245934,1.3125004564568883
289.8241520126677,1.312238202573507
289.85415451287605,1.3119756062255776
289.8841570130844,1.3117126677011175
289.91415951329276,1.3114493872885187
289.9441620135011,1.3111857652765488
289.97416451370947,1.3109218019543503
290.0041670139178,1.3106574976114382
290.0341695141262,1.3103928525377047
290.06417201433453,1.3101278670234127
290.0941745145429,1.3098625413592
290.12417701475124,1.3095968758360774
290.1541795149596,1.3093308707454283
290.18418201516795,1.3090645263790086
290.2141845153763,1.308797843028946
290.24418701558466,1.3085308209877402
290.27418951579295,1.3082634605482633
290.3041920160013,1.307995762003756
290.33419451620966,1.3077277256478328
290.364197016418,1.307459351774477
290.3941995166264,1.3071906406780425
290.4242020168347,1.3069215926532531
290.4542045170431,1.3066522079952025
290.48420701725144,1.3063824869993526
290.5142095174598,1.3061124299615354
290.54421201766814,1.3058420371779502
290.5742145178765,1.3055713089451664
290.60421701808485,1.3053002455601197
290.6342195182932,1.305028847320113
290.66422201850156,1.3047571145228187
290.6942245187099,1.3044850474662737
290.7242270189182,1.304212646448884
290.75422951912657,1.3039399117694193
290.7842320193349,1.303666843727016
290.8142345195433,1.3033934426211782
290.84423701975163,1.3031197087517727
290.87423951996,1.3028456424190322
290.90424202016834,1.3025712439235546
290.9342445203767,1.3022965135663014
290.96424702058505,1.3020214516485986
290.9942495207934,1.3017460584721356
291.02425202100176,1.3014703343389644
291.0542545212101,1.3011942795515017
291.08425702141847,1.300917894412525
291.1142595216268,1.3006411792251762
291.1442620218352,1.3003641342929568
291.17426452204353,1.3000867599197314
291.2042670222518,1.299809056409727
291.2342695224602,1.2995310240675289
291.26427202266854,1.299252663198084
291.2942745228769,1.2989739741067017
291.32427702308524,1.2986949570990483
291.3542795232936,1.298415612481152
291.38428202350195,1.2981359405593993
291.4142845237103,1.2978559416405355
291.44428702391866,1.2975756160316654
291.474289524127,1.2972949640402511
291.50429202433537,1.297013985974114
291.5342945245437,1.2967326821414322
291.5642970247521,1.2964510528507402
291.59429952496043,1.296169098410932
291.6243020251688,1.2958868191312554
291.6543045253771,1.2956042153213176
291.68430702558544,1.2953212872910784
291.7143095257938,1.2950380353508548
291.74431202600215,1.2947544598113203
291.7743145262105,1.294470560983501
291.80431702641886,1.2941863391787787
291.8343195266272,1.2939017947088902
291.86432202683557,1.2936169278859242
291.8943245270439,1.2933317390223258
291.9243270272523,1.2930462284308906
291.95432952746063,1.2927603964247678
291.984332027669,1.2924742433174605
292.01433452787734,1.292187769422822
292.0443370280857,1.2919009750550599
292.07433952829405,1.2916138605287304
292.1043420285024,1.2913264261587423
292.1343445287107,1.2910386722603564
292.16434702891905,1.2907505991491817
292.1943495291274,1.2904622071411778
292.22435202933576,1.2901734965526561
292.2543545295441,1.2898844677002745
292.28435702975247,1.2895951209010428
292.3143595299608,1.2893054564723174
292.3443620301692,1.2890154747318032
292.37436453037753,1.288725175997555
292.4043670305859,1.288434560587973
292.43436953079424,1.2881436288218064
292.4643720310026,1.2878523810181508
292.49437453121095,1.2875608174964475
292.5243770314193,1.2872689385764857
292.55437953162766,1.2869767445783995
292.58438203183596,1.2866842358226698
292.6143845320443,1.2863914126301204
292.64438703225267,1.2860982753219212
292.674389532461,1.2858048242195883
292.7043920326694,1.2855110596449795
292.73439453287773,1.2852169819202968
292.7643970330861,1.2849225913680877
292.79439953329444,1.28462788831124
292.8244020335028,1.2843328730729866
292.85440453371115,1.2840375459769016
292.8844070339195,1.2837419073469005
292.91440953412786,1.2834459575072426
292.9444120343362,1.283149696782526
292.97441453454456,1.2828531254976925
293.0044170347529,1.2825562439780223
293.0344195349613,1.282259052549136
293.06442203516957,1.2819615515369964
293.0944245353779,1.281663741267903
293.1244270355863,1.2813656220684955
293.15442953579463,1.2810671942657534
293.184432036003,1.2807684581869934
293.21443453621134,1.2804694141598716
293.2444370364197,1.2801700625123804
293.27443953662805,1.27987040357285
293.3044420368364,1.2795704376699493
293.33444453704476,1.279270165132681
293.3644470372531,1.278969586290387
293.39444953746147,1.2786687014727427
293.4244520376698,1.2783675110097605
293.4544545378782,1.2780660152317882
293.48445703808653,1.2777642144695072
293.51445953829483,1.2774621090539355
293.5444620385032,1.2771596993164227
293.57446453871154,1.2768569855886533
293.6044670389199,1.2765539682026465
293.63446953912825,1.2762506474907527
293.6644720393366,1.2759470237856554
293.69447453954496,1.2756430974203716
293.7244770397533,1.2753388687282483
293.75447953996166,1.2750343380429665
293.78448204017,1.2747295056985362
293.8144845403784,1.2744243720292987
293.8444870405867,1.2741189373699275
293.8744895407951,1.273813202055424
293.90449204100344,1.273507166421121
293.9344945412118,1.2732008308026799
293.9644970414201,1.2728941955360913
293.99449954162844,1.2725872609576738
294.0245020418368,1.2722800274040758
294.05450454204515,1.2719724952122715
294.0845070422535,1.271664664719565
294.11450954246186,1.271356536263586
294.1445120426702,1.2710481101822917
294.17451454287857,1.2707393868139654
294.2045170430869,1.270430366497216
294.2345195432953,1.2701210495709796
294.26452204350363,1.2698114363745159
294.294524543712,1.269501527247411
294.32452704392034,1.2691913225295746
294.3545295441287,1.2688808225612402
294.38453204433705,1.2685700276829672
294.4145345445454,1.2682589382356364
294.4445370447537,1.2679475545604524
294.47453954496206,1.2676358769989424
294.5045420451704,1.2673239058929557
294.53454454537876,1.2670116415846648
294.5645470455871,1.2666990844165624
294.5945495457955,1.2663862347314625
294.6245520460038,1.266073092872501
294.6545545462122,1.265759659183133
294.68455704642054,1.265445934007135
294.7145595466289,1.265131917688602
294.74456204683725,1.2648176105719484
294.7745645470456,1.2645030130019088
294.80456704725395,1.264188125323535
294.8345695474623,1.2638729478821973
294.86457204767066,1.2635574810235848
294.89457454787896,1.2632417250937027
294.9245770480873,1.2629256804388738
294.95457954829567,1.2626093474057378
294.984582048504,1.2622927263412498
295.0145845487124,1.2619758175926825
295.04458704892073,1.2616586215076222
295.0745895491291,1.2613411384339723
295.10459204933744,1.2610233687199495
295.1345945495458,1.2607053127140846
295.16459704975415,1.2603869707652242
295.1945995499625,1.2600683432225273
295.22460205017086,1.2597494304354653
295.2546045503792,1.259430232753825
295.28460705058757,1.2591107505277028
295.3146095507959,1.2587909841075096
295.3446120510043,1.2584709338439664
295.3746145512126,1.258150600088106
295.4046170514209,1.2578299831912725
295.4346195516293,1.2575090835051195
295.46462205183764,1.2571879013816125
295.494624552046,1.2568664371730254
295.52462705225435,1.2565446912319413
295.5546295524627,1.2562226639112541
295.58463205267105,1.2559003555641644
295.6146345528794,1.255577766544181
295.64463705308776,1.2552548972051225
295.6746395532961,1.254931747901113
295.7046420535045,1.254608318986585
295.7346445537128,1.254284610816277
295.7646470539212,1.253960623745233
295.79464955412953,1.253636358128805
295.82465205433783,1.2533118143226485
295.8546545545462,1.2529869926827253
295.88465705475454,1.252661893565301
295.9146595549629,1.2523365173269463
295.94466205517125,1.2520108643245358
295.9746645553796,1.2516849349152477
296.00466705558796,1.251358729456562
296.0346695557963,1.2510322483062641
296.06467205600467,1.250705491822439
296.094674556213,1.2503784603634762
296.1246770564214,1.250051154288065
296.15467955662973,1.2497235739551957
296.1846820568381,1.2493957197241616
296.21468455704644,1.2490675919545537
296.2446870572548,1.2487391910062655
296.27468955746315,1.2484105172394884
296.30469205767145,1.2480815710147133
296.3346945578798,1.2477523526927305
296.36469705808815,1.2474228626346284
296.3946995582965,1.247093101201793
296.42470205850486,1.2467630687559093
296.4547045587132,1.2464327656589576
296.4847070589216,1.2461021922732172
296.5147095591299,1.2457713489612623
296.5447120593383,1.2454402360859633
296.57471455954663,1.2451088540104873
296.604717059755,1.244777203098295
296.63471955996334,1.2444452837131443
296.6647220601717,1.2441130962190852
296.69472456038005,1.2437806409804624
296.7247270605884,1.2434479183619156
296.7547295607967,1.243114928728377
296.78473206100506,1.2427816724450693
296.8147345612134,1.2424481498775122
296.84473706142177,1.242114361391513
296.8747395616301,1.2417803073531746
296.9047420618385,1.2414459881288884
296.93474456204683,1.241111404085337
296.9647470622552,1.2407765555894952
296.99474956246354,1.2404414430086255
297.0247520626719,1.2401060667102821
297.05475456288025,1.2397704270623071
297.0847570630886,1.2394345244328315
297.11475956329696,1.239098359190276
297.1447620635053,1.2387619317033474
297.17476456371367,1.2384252423410425
297.204767063922,1.2380882914726432
297.2347695641303,1.237751079467719
297.2647720643387,1.2374136066961259
297.294774564547,1.237075873528006
297.3247770647554,1.2367378803337865
297.35477956496374,1.2363996274841809
297.3847820651721,1.2360611153501855
297.41478456538044,1.2357223443030838
297.4447870655888,1.2353833147144408
297.47478956579715,1.2350440269561058
297.5047920660055,1.2347044814002122
297.53479456621386,1.2343646784191744
297.5647970664222,1.2340246183856913
297.59479956663057,1.2336843016727421
297.6248020668389,1.2333437286535875
297.6548045670473,1.2330028997017706
297.6848070672556,1.2326618151911148
297.71480956746393,1.2323204754957215
297.7448120676723,1.2319788809899759
297.77481456788064,1.231637032048539
297.804817068089,1.2312949290463544
297.83481956829735,1.2309525723586416
297.8648220685057,1.2306099623608986
297.89482456871406,1.2302670994289033
297.9248270689224,1.2299239839387084
297.95482956913077,1.2295806162666458
297.9848320693391,1.2292369967893224
298.0148345695475,1.2288931258836218
298.04483706975583,1.2285490039267042
298.0748395699642,1.2282046312960033
298.10484207017254,1.2278600083692301
298.13484457038084,1.227515135524369
298.1648470705892,1.2271700131396763
298.19484957079754,1.2268246415936863
298.2248520710059,1.2264790212652035
298.25485457121425,1.2261331525333057
298.2848570714226,1.2257870357773446
298.31485957163096,1.225440671376942
298.3448620718393,1.225094059711993
298.37486457204767,1.224747201162663
298.404867072256,1.2244000961093877
298.4348695724644,1.2240527449328746
298.46487207267273,1.2237051480140997
298.4948745728811,1.22335730573431
298.52487707308944,1.22300921847502
298.5548795732978,1.2226608866180138
298.58488207350615,1.2223123105453442
298.61488457371445,1.2219634906393315
298.6448870739228,1.2216144272825615
298.67488957413116,1.2212651208578909
298.7048920743395,1.220915571748439
298.73489457454787,1.2205657803375949
298.7648970747562,1.220215747009011
298.7948995749646,1.219865472146605
298.82490207517293,1.2195149561345613
298.8549045753813,1.219164199357327
298.88490707558964,1.218813202199615
298.914909575798,1.2184619650464004
298.94491207600635,1.2181104882829212
298.9749145762147,1.2177587722946803
299.00491707642306,1.2174068174674406
299.0349195766314,1.217054624187229
299.0649220768397,1.2167021928403334
299.09492457704806,1.2163495238133002
299.1249270772564,1.2159966174929409
299.15492957746477,1.215643474266324
299.1849320776731,1.2152900945207785
299.2149345778815,1.2149364786438945
299.24493707808983,1.2145826270235187
299.2749395782982,1.2142285400477584
299.30494207850654,1.2138742181049775
299.3349445787149,1.2135196615837978
299.36494707892325,1.2131648708731002
299.3949495791316,1.2128098463620194
299.42495207933996,1.2124545884399496
299.4549545795483,1.212099097496539
299.48495707975667,1.2117433739216916
299.514959579965,1.211387418105568
299.5449620801733,1.2110312304385822
299.5749645803817,1.2106748113114012
299.60496708059003,1.2103181611149494
299.6349695807984,1.2099612802404012
299.66497208100674,1.2096041690791866
299.6949745812151,1.2092468280229867
299.72497708142345,1.2088892574637344
299.7549795816318,1.2085314577936161
299.78498208184016,1.2081734294050674
299.8149845820485,1.207815172690777
299.84498708225686,1.2074566880436821
299.8749895824652,1.20709797585697
299.9049920826736,1.2067390365240793
299.9349945828819,1.2063798704386954
299.9649970830903,1.206020477994755
299.9949995832986,1.2056608595864415
300.02500208350693,1.2053010156081845
300.0550045837153,1.2049409464546645
300.08500708392364,1.2045806525208071
300.115009584132,1.204220134201784
300.14501208434035,1.2038593918930143
300.1750145845487,1.2034984259901613
300.20501708475706,1.2031372368891358
300.2350195849654,1.2027758249860907
300.26502208517377,1.2024141906774244
300.2950245853821,1.2020523343597806
300.3250270855905,1.2016902564300438
300.35502958579883,1.2013279572853444
300.3850320860072,1.2009654373230534
300.41503458621554,1.2006026969407841
300.4450370864239,1.2002397365363933
300.4750395866322,1.1998765565079779
300.50504208684055,1.199513157253874
300.5350445870489,1.1991495391726614
300.56504708725726,1.1987857026631574
300.5950495874656,1.1984216481244212
300.62505208767396,1.198057375955749
300.6550545878823,1.1976928865566756
300.6850570880907,1.1973281803269766
300.715059588299,1.1969632576666625
300.7450620885074,1.1965981189759836
300.77506458871574,1.1962327646554252
300.8050670889241,1.1958671951057094
300.83506958913244,1.1955014107277961
300.8650720893408,1.1951354119228792
300.89507458954915,1.194769199092387
300.92507708975745,1.194402772637986
300.9550795899658,1.194036132961572
300.98508209017416,1.1936692804652798
301.0150845903825,1.1933022155514736
301.04508709059087,1.1929349386227526
301.0750895907992,1.1925674500819485
301.1050920910076,1.1921997503321247
301.13509459121593,1.191831839776575
301.1650970914243,1.1914637188188277
301.19509959163264,1.1910953878626382
301.225102091841,1.1907268473119952
301.25510459204935,1.1903580975711154
301.2851070922577,1.1899891390444446
301.31510959246606,1.18961997213666
301.3451120926744,1.1892505972526648
301.37511459288277,1.1888810147975921
301.40511709309106,1.1885112251768024
301.4351195932994,1.1881412287958808
301.4651220935078,1.1877710260606436
301.4951245937161,1.1874006173771299
301.5251270939245,1.1870300031516057
301.55512959413284,1.186659183790564
301.5851320943412,1.1862881597007202
301.61513459454954,1.1859169312890168
301.6451370947579,1.1855454989626182
301.67513959496625,1.185173863128913
301.7051420951746,1.1848020241955146
301.73514459538296,1.184429982570257
301.7651470955913,1.184057738661198
301.79514959579967,1.1836852928766166
301.825152096008,1.183312645625013
301.8551545962163,1.18293979731511
301.8851570964247,1.182566748355848
301.91515959663303,1.1821934991563892
301.9451620968414,1.1818200501261165
301.97516459704974,1.1814464016746296
302.0051670972581,1.1810725542117495
302.03516959746645,1.1806985081475132
302.0651720976748,1.180324263892176
302.09517459788316,1.1799498218562123
302.1251770980915,1.179575182450311
302.15517959829987,1.1792003460853797
302.1851820985082,1.1788253131725401
302.2151845987166,1.1784500841231302
302.24518709892493,1.1780746593487041
302.2751895991333,1.177699039261029
302.3051920993416,1.1773232242720884
302.33519459954994,1.1769472147940763
302.3651970997583,1.176571011239402
302.39519959996665,1.1761946140206894
302.425202100175,1.1758180235507716
302.45520460038335,1.1754412402426948
302.4852071005917,1.1750642645097185
302.51520960080006,1.1746870967653098
302.5452121010084,1.1743097374231501
302.57521460121677,1.1739321868971282
302.6052171014251,1.1735544456013434
302.6352196016335,1.1731765139501051
302.66522210184183,1.17279839235793
302.6952246020502,1.1724200812395447
302.72522710225854,1.1720415810098825
302.7552296024669,1.1716628920840841
302.7852321026752,1.1712840148774992
302.81523460288355,1.1709049498056803
302.8452371030919,1.1705256972843883
302.87523960330026,1.1701462577295905
302.9052421035086,1.169766631557457
302.93524460371697,1.1693868191843653
302.9652471039253,1.169006821026895
302.9952496041337,1.1686266375018293
303.02525210434203,1.1682462690261568
303.0552546045504,1.1678657160170667
303.08525710475874,1.1674849788919528
303.1152596049671,1.1671040580684087
303.14526210517545,1.16672295396423
303.1752646053838,1.1663416669974151
303.20526710559216,1.1659601975861602
303.23526960580045,1.165578546148865
303.2652721060088,1.165196713104125
303.29527460621716,1.1648146988707366
303.3252771064255,1.1644325038676964
303.35527960663387,1.1640501285141973
303.3852821068422,1.16366757322963
303.4152846070506,1.1632848384335845
303.44528710725893,1.1629019245458452
303.4752896074673,1.1625188319863953
303.50529210767564,1.1621355611754123
303.535294607884,1.1617521125332688
303.56529710809235,1.1613684864805347
303.5952996083007,1.160984683437972
303.62530210850906,1.1606007038265391
303.6553046087174,1.1602165480673863
303.68530710892577,1.159832216581857
303.71530960913407,1.1594477097914904
303.7453121093424,1.159063028118013
303.7753146095508,1.1586781719833463
303.80531710975913,1.1582931418096036
303.8353196099675,1.1579079380190869
303.86532211017584,1.157522561034291
303.8953246103842,1.157137011277899
303.92532711059255,1.156751289172783
303.9553296108009,1.1563653951420065
303.98533211100926,1.155979329608819
304.0153346112176,1.1555930929966605
304.04533711142597,1.1552066857291567
304.0753396116343,1.1548201082301206
304.1053421118427,1.1544333609235538
304.13534461205103,1.1540464442336413
304.1653471122593,1.1536593585847577
304.1953496124677,1.1532721044014584
304.22535211267603,1.1528846821084862
304.2553546128844,1.1524970921307691
304.28535711309274,1.152109334893417
304.3153596133011,1.151721410821724
304.34536211350945,1.151333320341168
304.3753646137178,1.150945063877408
304.40536711392616,1.1505566418562867
304.4353696141345,1.1501680547038269
304.46537211434287,1.1497793028462326
304.4953746145512,1.14939038670989
304.5253771147596,1.1490013067213636
304.55537961496793,1.148612063307399
304.5853821151763,1.1482226568949203
304.61538461538464,1.1478330879110301
304.64538711559294,1.1474433567830111
304.6753896158013,1.1470534639383212
304.70539211600965,1.1466634098045965
304.735394616218,1.146273194809652
304.76539711642636,1.1458828193814763
304.7953996166347,1.1454922839482367
304.82540211684307,1.1451015889382736
304.8554046170514,1.1447107347801029
304.8854071172598,1.144319721902417
304.91540961746813,1.1439285507340795
304.9454121176765,1.1435372217041304
304.97541461788484,1.1431457352417809
305.0054171180932,1.1427540917764145
305.03541961830155,1.1423622917375895
305.0654221185099,1.141970335555033
305.0954246187182,1.1415782236586465
305.12542711892655,1.1411859564784983
305.1554296191349,1.1407935344448297
305.18543211934326,1.140400957988052
305.2154346195516,1.1400082275387449
305.24543711975997,1.1396153435276566
305.2754396199683,1.1392223063857057
305.3054421201767,1.138829116543976
305.33544462038503,1.1384357744337217
305.3654471205934,1.1380422804863617
305.39544962080174,1.137648635133482
305.4254521210101,1.137254838806836
305.45545462121845,1.1368608919383403
305.4854571214268,1.1364667949600795
305.51545962163516,1.1360725483043004
305.5454621218435,1.135678152403414
305.5754646220518,1.1352836076899986
305.60546712226017,1.1348889145967902
305.6354696224685,1.1344940735566909
305.6654721226769,1.1340990850027652
305.69547462288523,1.133703949368238
305.7254771230936,1.133308667086497
305.75547962330194,1.1329132385910896
305.7854821235103,1.132517664315723
305.81548462371865,1.132121944694267
305.845487123927,1.1317260801607472
305.87548962413535,1.1313300711493515
305.9054921243437,1.1309339180944238
305.93549462455206,1.1305376214304665
305.9654971247604,1.1301411815921414
305.9954996249688,1.129744599014265
306.02550212517707,1.1293478741318113
306.0555046253854,1.12895100737991
306.0855071255938,1.1285539991938465
306.11550962580213,1.1281568500090624
306.1455121260105,1.1277595602611525
306.17551462621884,1.127362130385866
306.2055171264272,1.1269645608191072
306.23551962663555,1.1265668519969314
306.2655221268439,1.1261690043555488
306.29552462705226,1.1257710183313205
306.3255271272606,1.1253728943607588
306.35552962746897,1.12497463288053
306.3855321276773,1.1245762343274481
306.4155346278857,1.1241776991384786
306.44553712809403,1.1237790277507382
306.47553962830233,1.1233802206014913
306.5055421285107,1.1229812781281516
306.53554462871904,1.1225822007682815
306.5655471289274,1.1221829889595905
306.59554962913575,1.1217836431399375
306.6255521293441,1.1213841637473259
306.65555462955246,1.1209845512199081
306.6855571297608,1.1205848059959809
306.71555962996916,1.1201849285139858
306.7455621301775,1.1197849192125124
306.7755646303859,1.1193847785302924
306.8055671305942,1.1189845069062014
306.8355696308026,1.1185841047792608
306.86557213101094,1.1181835725886327
306.8955746312193,1.117782910773624
306.92557713142764,1.1173821197736822
306.95557963163594,1.116981200028397
306.9855821318443,1.1165801519774996
307.01558463205265,1.1161789760608607
307.045587132261,1.1157776727184938
307.07558963246936,1.1153762423905496
307.1055921326777,1.1149746855173186
307.13559463288607,1.114573002539232
307.1655971330944,1.1141711938968568
307.1955996333028,1.1137692600308986
307.22560213351113,1.1133672013822016
307.2556046337195,1.112965018391745
307.28560713392784,1.1125627115006465
307.3156096341362,1.1121602811501574
307.34561213434455,1.1117577277816653
307.3756146345529,1.1113550518366941
307.4056171347612,1.1109522537569
307.43561963496956,1.1105493339840746
307.4656221351779,1.1101462929601422
307.49562463538626,1.1097431311271597
307.5256271355946,1.1093398489273187
307.555629635803,1.1089364468029403
307.5856321360113,1.108532925196478
307.6156346362197,1.108129284550517
307.64563713642804,1.107725525307772
307.6756396366364,1.1073216479110892
307.70564213684474,1.1069176528034432
307.7356446370531,1.106513540427937
307.76564713726145,1.1061093112278044
307.7956496374698,1.1057049656464055
307.82565213767816,1.1053005041272295
307.8556546378865,1.1048959271138916
307.8856571380948,1.104491235050134
307.91565963830317,1.1040864283798248
307.9456621385115,1.1036815075469588
307.9756646387199,1.1032764729956541
308.00566713892823,1.1028713251701565
308.0356696391366,1.1024660645148328
308.06567213934494,1.1020606914741764
308.0956746395533,1.101655206492802
308.12567713976165,1.1012496100154472
308.15567963997,1.1008439024869734
308.18568214017836,1.100438084352362
308.2156846403867,1.1000321560567172
308.24568714059507,1.0996261180452633
308.2756896408034,1.099219970763344
308.3056921410118,1.0988137146564252
308.3356946412201,1.0984073501700908
308.3656971414284,1.0980008777500416
308.3956996416368,1.0975942978421007
308.42570214184514,1.0971876108922058
308.4557046420535,1.0967808173464149
308.48570714226184,1.0963739176509004
308.5157096424702,1.0959669122519515
308.54571214267855,1.095559801595975
308.5757146428869,1.0951525861294915
308.60571714309526,1.0947452662991377
308.6357196433036,1.0943378425516639
308.66572214351197,1.0939303153339337
308.6957246437203,1.093522685092927
308.7257271439287,1.0931149522757329
308.75572964413703,1.0927071173295566
308.7857321443454,1.0922991807017133
308.8157346445537,1.0918911428396296
308.84573714476204,1.0914830041908439
308.8757396449704,1.0910747652030046
308.90574214517875,1.0906664263238701
308.9357446453871,1.09025798800131
308.96574714559546,1.0898494506832999
308.9957496458038,1.0894408148179275
309.02575214601217,1.0890320808533862
309.0557546462205,1.0886232492379768
309.0857571464289,1.0882143204201093
309.11575964663723,1.0878052948482977
309.1457621468456,1.087396172971165
309.17576464705394,1.0869869552374372
309.2057671472623,1.0865776420959463
309.23576964747065,1.0861682339956304
309.26577214767894,1.0857587313855304
309.2957746478873,1.085349134714789
309.32577714809565,1.0849394444326559
309.355779648304,1.0845296609884807
309.38578214851236,1.084119784831717
309.4157846487207,1.0837098164119188
309.44578714892907,1.0832997561787407
309.4757896491374,1.0828896045819407
309.5057921493458,1.0824793620713737
309.53579464955413,1.0820690290969974
309.5657971497625,1.0816586061088664
309.59579964997084,1.0812480935571342
309.6258021501792,1.0808374918920547
309.65580465038755,1.0804268015639764
309.6858071505959,1.0800160230233482
309.71580965080426,1.0796051567207137
309.74581215101256,1.0791942031067128
309.7758146512209,1.078783162632082
309.80581715142927,1.078372035747653
309.8358196516376,1.0779608229043507
309.865822151846,1.0775495245531972
309.89582465205433,1.0771381411453054
309.9258271522627,1.076726673131884
309.95582965247104,1.0763151209642332
309.9858321526794,1.0759034850937443
310.01583465288775,1.0754917659719037
310.0458371530961,1.0750799640502855
310.07583965330446,1.0746680797805575
310.1058421535128,1.0742561136144761
310.13584465372116,1.0738440660038875
310.1658471539295,1.0734319374007286
310.1958496541378,1.0730197282570249
310.22585215434617,1.0726074390248872
310.2558546545545,1.0721950701565186
310.2858571547629,1.0717826221042062
310.31585965497123,1.0713700953203265
310.3458621551796,1.0709574902573407
310.37586465538794,1.0705448073677954
310.4058671555963,1.0701320471043247
310.43586965580465,1.0697192099196453
310.465872156013,1.0693062962665603
310.49587465622136,1.068893306597955
310.5258771564297,1.0684802413667978
310.55587965663807,1.0680671010261427
310.5858821568464,1.0676538860291225
310.6158846570548,1.0672405968289551
310.6458871572631,1.0668272338789386
310.67588965747143,1.0664137976324495
310.7058921576798,1.0660002885429487
310.73589465788814,1.0655867070639748
310.7658971580965,1.0651730536491455
310.79589965830485,1.0647593287521595
310.8259021585132,1.064345532826791
310.85590465872156,1.0639316663268952
310.8859071589299,1.063517729706402
310.91590965913826,1.063103723419319
310.9459121593466,1.0626896479197319
310.975914659555,1.0622755036617992
311.0059171597633,1.0618612910997585
311.0359196599717,1.0614470106879195
311.06592216018004,1.061032662880666
311.0959246603884,1.060618248132459
311.1259271605967,1.0602037668978306
311.15592966080504,1.0597892196313838
311.1859321610134,1.0593746067877985
311.21593466122175,1.0589599288218228
311.2459371614301,1.0585451861882793
311.27593966163846,1.0581303793420593
311.3059421618468,1.0577155087381243
311.33594466205517,1.057300574831508
311.3659471622635,1.056885578077311
311.3959496624719,1.0564705189307053
311.42595216268023,1.0560553978469291
311.4559546628886,1.055640215281289
311.48595716309694,1.0552249716891606
311.5159596633053,1.054809667525985
311.54596216351365,1.0543943032472691
311.57596466372195,1.053978879308589
311.6059671639303,1.0535633961655808
311.63596966413866,1.0531478542739507
311.665972164347,1.052732254089467
311.69597466455537,1.0523165960679615
311.7259771647637,1.0519008806653312
311.7559796649721,1.0514851083375338
311.7859821651804,1.051069279540592
311.8159846653888,1.0506533947305885
311.84598716559714,1.0502374543636672
311.8759896658055,1.0498214588960353
311.90599216601385,1.049405408783958
311.9359946662222,1.0489893044837604
311.96599716643055,1.0485731464518298
311.9959996666389,1.0481569351446087
312.02600216684726,1.047740671018602
312.05600466705556,1.0473243545303697
312.0860071672639,1.0469079861365282
312.11600966747227,1.0464915662937548
312.1460121676806,1.0460750954587796
312.176014667889,1.0456585740883912
312.20601716809733,1.0452420026394322
312.2360196683057,1.0448253815687993
312.26602216851404,1.0444087113334466
312.2960246687224,1.043991992390379
312.32602716893075,1.043575225196656
312.3560296691391,1.0431584102093912
312.38603216934746,1.0427415478857478
312.4160346695558,1.0423246386829448
312.44603716976417,1.0419076830582492
312.4760396699725,1.0414906814689795
312.5060421701808,1.0410736343725078
312.5360446703892,1.0406565422262504
312.5660471705975,1.0402394054876785
312.5960496708059,1.039822224614309
312.62605217101424,1.0394050000637078
312.6560546712226,1.0389877322934904
312.68605717143095,1.0385704217613172
312.7160596716393,1.0381530689248966
312.74606217184765,1.0377356742419843
312.776064672056,1.03731823817038
312.80606717226436,1.036900761167931
312.8360696724727,1.0364832436925278
312.8660721726811,1.036065686202105
312.8960746728894,1.0356480891546433
312.9260771730978,1.0352304530081642
312.95607967330614,1.0348127782207344
312.98608217351443,1.034395065250462
313.0160846737228,1.033977314555495
313.04608717393114,1.0335595265940263
313.0760896741395,1.0331417018242874
313.10609217434785,1.0327238407045503
313.1360946745562,1.0323059436931283
313.16609717476456,1.0318880112483724
313.1960996749729,1.0314700438286737
313.22610217518127,1.0310520418924611
313.2561046753896,1.0306340058982004
313.286107175598,1.030215936304397
313.31610967580633,1.029797833569591
313.3461121760147,1.0293796981523606
313.37611467622304,1.0289615305113184
313.4061171764314,1.0285433311051124
313.4361196766397,1.028125100392428
313.46612217684805,1.027706838831981
313.4961246770564,1.0272885468825224
313.52612717726475,1.026870225002839
313.5561296774731,1.0264518736517467
313.58613217768146,1.0260334932880975
313.6161346778898,1.0256150843707719
313.6461371780982,1.0251966473586827
313.6761396783065,1.0247781827107751
313.7061421785149,1.0243596908860222
313.73614467872324,1.0239411723434293
313.7661471789316,1.0235226275420293
313.79614967913994,1.0231040569408836
313.8261521793483,1.0226854609990839
313.85615467955665,1.0222668401757475
313.88615717976495,1.0218481949300218
313.9161596799733,1.021429525721077
313.94616218018166,1.021010833008112
313.97616468039,1.0205921172503525
314.00616718059837,1.0201733789070475
314.0361696808067,1.0197546184374706
314.0661721810151,1.0193358363009224
314.09617468122343,1.0189170329567236
314.1261771814318,1.0184982088642216
314.15617968164014,1.0180793644827841
314.1861821818485,1.0176605002718013
314.21618468205685,1.017241616690687
314.2461871822652,1.0168227141988737
314.27618968247356,1.0164037932558172
314.3061921826819,1.0159848543209917
314.33619468289027,1.0155658978538908
314.36619718309856,1.0151469243140305
314.3961996833069,1.014727934160941
314.4262021835153,1.014308927854173
314.4562046837236,1.0138899058532962
314.486207183932,1.013470868617895
314.51620968414034,1.013051816607573
314.5462121843487,1.012632750281948
314.57621468455704,1.0122136701006534
314.6062171847654,1.0117945765233405
314.63621968497375,1.0113754700096713
314.6662221851821,1.0109563510193258
314.69622468539046,1.0105372200119955
314.7262271855988,1.0101180774473846
314.75622968580717,1.009698923785212
314.7862321860155,1.0092797594852072
314.8162346862238,1.0088605850071133
314.8462371864322,1.008441400810681
314.87623968664053,1.0080222073556742
314.9062421868489,1.0076030051018674
314.93624468705724,1.0071837945090438
314.9662471872656,1.0067645760369948
314.99624968747395,1.0063453501455228
315.0262521876823,1.005926117294436
315.05625468789066,1.0055068779435523
315.086257188099,1.0050876325526952
315.11625968830737,1.0046683815816944
315.1462621885157,1.004249125490388
315.1762646887241,1.0038298647386175
315.20626718893243,1.003410599786231
315.2362696891408,1.0029913310930805
315.26627218934914,1.002572059119021
315.29627468955744,1.0021527843239146
315.3262771897658,1.001733507167622
315.35627968997414,1.0013142281100087
315.3862821901825,1.0008949476109437
315.41628469039085,1.0004756661302945
315.4462871905992,1.0000563841279329
315.47628969080756,0.9996371020637288
315.5062921910159,0.9992178203975525
315.53629469122427,0.9987985395892757
315.5662971914326,0.9983792600987664
315.596299691641,0.9979599823858941
315.62630219184933,0.9975407069105242
315.6563046920577,0.9971214341325195
315.68630719226604,0.9967021645117421
315.7163096924744,0.9962828985080479
315.7463121926827,0.995863636581292
315.77631469289105,0.9954443791913211
315.8063171930994,0.995025126797979
315.83631969330776,0.9946058798611056
315.8663221935161,0.9941866388405323
315.89632469372447,0.9937674041960841
315.9263271939328,0.9933481763875814
315.9563296941412,0.9929289558748341
315.98633219434953,0.992509743117647
316.0163346945579,0.992090538575814
316.04633719476624,0.9916713427091204
316.0763396949746,0.9912521559773437
316.10634219518295,0.990832978840249
316.1363446953913,0.9904138117575935
316.16634719559966,0.9899946551891209
316.196349695808,0.9895755095945639
316.2263521960163,0.9891563754336457
316.25635469622466,0.9887372531660727
316.286357196433,0.9883181432515408
316.31635969664137,0.9878990461497331
316.3463621968497,0.9874799623203163
316.3763646970581,0.9870608922229452
316.40636719726643,0.9866418363172574
316.4363696974748,0.9862227950628751
316.46637219768314,0.9858037689194064
316.4963746978915,0.9853847583464398
316.52637719809985,0.9849657638035499
316.5563796983082,0.9845467857502916
316.58638219851656,0.9841278246462015
316.6163846987249,0.9837088809507999
316.64638719893327,0.9832899551235856
316.67638969914157,0.9828710476240389
316.7063921993499,0.9824521589116196
316.7363946995583,0.9820332894457666
316.76639719976663,0.9816144396858996
316.796399699975,0.9811956100914144
316.82640220018334,0.9807768011216851
316.8564047003917,0.9803580132360649
316.88640720060005,0.9799392468938812
316.9164097008084,0.9795205025544406
316.94641220101676,0.9791017806770235
316.9764147012251,0.9786830817208856
317.00641720143346,0.9782644061452596
317.0364197016418,0.9778457544093503
317.0664222018502,0.9774271269723367
317.0964247020585,0.9770085242933728
317.1264272022669,0.9765899468315831
317.1564297024752,0.9761713950460676
317.18643220268353,0.9757528693958941
317.2164347028919,0.9753343703401038
317.24643720310024,0.9749158983377102
317.2764397033086,0.974497453847694
317.30644220351695,0.974079037329009
317.3364447037253,0.9736606492405759
317.36644720393366,0.9732422900412845
317.396449704142,0.9728239601899946
317.42645220435037,0.972405660145532
317.4564547045587,0.9719873903666898
317.4864572047671,0.97156915131223
317.51645970497543,0.9711509434408779
317.5464622051838,0.9707327672113277
317.57646470539214,0.9703146230822366
317.60646720560044,0.9698965115122272
317.6364697058088,0.9694784329598869
317.66647220601715,0.9690603878837654
317.6964747062255,0.9686423767423784
317.72647720643386,0.9682243999942021
317.7564797066422,0.9678064580976748
317.78648220685056,0.9673885515111991
317.8164847070589,0.9669706806931362
317.8464872072673,0.9665528461018086
317.8764897074756,0.9661350481955009
317.906492207684,0.9657172874324546
317.93649470789234,0.9652995642708733
317.9664972081007,0.9648818791689175
317.99649970830905,0.9644642325847058
318.0265022085174,0.9640466249763165
318.0565047087257,0.9636290568017832
318.08650720893405,0.9632115285190971
318.1165097091424,0.9627940405862052
318.14651220935076,0.96237659346101
318.1765147095591,0.9619591876013711
318.20651720976747,0.9615418234651009
318.2365197099758,0.9611245015099658
318.2665222101842,0.9607072221936881
318.29652471039253,0.9602899859739409
318.3265272106009,0.9598727933083524
318.35652971080924,0.9594556446545011
318.3865322110176,0.959038540469917
318.41653471122595,0.9586214812120838
318.4465372114343,0.958204467338433
318.47653971164266,0.957787499306349
318.506542211851,0.9573705775731639
318.5365447120593,0.9569537025961596
318.56654721226766,0.9565368748325671
318.596549712476,0.956120094739565
318.6265522126844,0.9557033627742796
318.6565547128927,0.9552866793937859
318.6865572131011,0.9548700450551031
318.71655971330944,0.9544534602151996
318.7465622135178,0.954036925330987
318.77656471372615,0.9536204408593225
318.8065672139345,0.9532040072570097
318.83656971414285,0.9527876249807941
318.8665722143512,0.9523712944873671
318.89657471455956,0.9519550162333618
318.9265772147679,0.9515387906753535
318.9565797149763,0.9511226182698623
318.98658221518457,0.9507064994733483
319.0165847153929,0.9502904347422105
319.0465872156013,0.9498744245327935
319.07658971580963,0.9494584693013776
319.106592216018,0.9490425695041865
319.13659471622634,0.9486267255973806
319.1665972164347,0.9482109380370589
319.19659971664305,0.947795207279261
319.2266022168514,0.9473795337799612
319.25660471705976,0.9469639179950738
319.2866072172681,0.9465483603804478
319.31660971747647,0.9461328613918683
319.3466122176848,0.9457174214850581
319.3766147178932,0.9453020411156728
319.40661721810153,0.9448867207393051
319.4366197183099,0.9444714608114799
319.4666222185182,0.9440562617876567
319.49662471872654,0.9436411241232279
319.5266272189349,0.9432260482735186
319.55662971914325,0.9428110346937857
319.5866322193516,0.9423960838392198
319.61663471955995,0.9419811961649397
319.6466372197683,0.9415663721259979
319.67663971997666,0.9411516121773749
319.706642220185,0.9407369167739811
319.7366447203934,0.9403222863706578
319.7666472206017,0.9399077214221727
319.7966497208101,0.9394932223832243
319.82665222101843,0.9390787897084365
319.8566547212268,0.9386644238523607
319.88665722143514,0.9382501252694769
319.91665972164344,0.9378358944141902
319.9466622218518,0.9374217317408291
319.97666472206015,0.9370076377036515
320.0066672222685,0.9365936127568366
320.03666972247686,0.9361796573544906
320.0666722226852,0.9357657719506413
320.09667472289357,0.9353519569992397
320.1266772231019,0.9349382129541618
320.1566797233103,0.9345245402692028
320.18668222351863,0.9341109393980827
320.216684723727,0.9336974107944402
320.24668722393534,0.9332839549118352
320.2766897241437,0.9328705722037498
320.30669222435205,0.9324572631235828
320.3366947245604,0.9320440281246554
320.36669722476876,0.9316308676602051
320.39669972497705,0.9312177821833887
320.4267022251854,0.9308047721472805
320.45670472539376,0.9303918380048721
320.4867072256021,0.9299789802090714
320.5167097258105,0.9295661992127042
320.5467122260188,0.9291534954685098
320.5767147262272,0.928740869429145
320.60671722643553,0.9283283215471797
320.6367197266439,0.9279158522750981
320.66672222685224,0.9275034620652999
320.6967247270606,0.9270911513700956
320.72672722726895,0.9266789206417112
320.7567297274773,0.9262667703322829
320.78673222768566,0.9258547008938587
320.816734727894,0.9254427127783998
320.8467372281023,0.9250308064377774
320.87673972831067,0.92461898232377
320.906742228519,0.924207240888071
320.9367447287274,0.9237955825822792
320.96674722893573,0.9233840078579049
320.9967497291441,0.9229725171663647
321.02675222935244,0.9225611109589834
321.0567547295608,0.9221497896869948
321.08675722976915,0.9217385538015368
321.1167597299775,0.9213274037536566
321.14676223018586,0.9209163399943052
321.1767647303942,0.9205053629743388
321.20676723060257,0.9200944731445206
321.2367697308109,0.9196836709555154
321.2667722310193,0.9192729568578947
321.29677473122763,0.9188623313021311
321.3267772314359,0.9184517947386011
321.3567797316443,0.9180413476175833
321.38678223185264,0.9176309903892582
321.416784732061,0.9172207235037075
321.44678723226934,0.9168105474109153
321.4767897324777,0.9164004625607635
321.50679223268605,0.9159904694030369
321.5367947328944,0.9155805683874174
321.56679723310276,0.9151707599634862
321.5967997333111,0.9147610445807244
321.62680223351947,0.914351422688509
321.6568047337278,0.9139418947361166
321.6868072339362,0.9135324611727194
321.71680973414453,0.9131231224473851
321.7468122343529,0.9127138790090805
321.7768147345612,0.9123047313066658
321.80681723476954,0.9118956797888943
321.8368197349779,0.9114867249044181
321.86682223518625,0.9110778671017795
321.8968247353946,0.9106691068294177
321.92682723560296,0.9102604445356622
321.9568297358113,0.9098518806687355
321.98683223601967,0.9094434156767539
322.016834736228,0.9090350500077227
322.0468372364364,0.908626784109541
322.07683973664473,0.9082186184299962
322.1068422368531,0.9078105534167661
322.13684473706144,0.9074025895174199
322.1668472372698,0.9069947271794139
322.19684973747815,0.9065869668500931
322.22685223768644,0.9061793089766933
322.2568547378948,0.905771754006333
322.28685723810315,0.905364302386023
322.3168597383115,0.9049569545626573
322.34686223851986,0.904549710983017
322.3768647387282,0.9041425720937701
322.40686723893657,0.9037355383414676
322.4368697391449,0.9033286101725475
322.4668722393533,0.9029217880333302
322.49687473956163,0.9025150723700198
322.52687723977,0.9021084636287056
322.55687973997834,0.9017019622553574
322.5868822401867,0.9012955686958275
322.61688474039505,0.9008892833958521
322.6468872406034,0.9004831068010455
322.67688974081176,0.900077039356906
322.70689224102006,0.8996710815088103
322.7368947412284,0.8992652337020133
322.76689724143677,0.898859496381653
322.7968997416451,0.898453869992743
322.8269022418535,0.8980483549801779
322.85690474206183,0.897642951788728
322.8869072422702,0.897237660863041
322.91690974247854,0.8968324826476437
322.9469122426869,0.896427417586937
322.97691474289525,0.8960224661251976
323.0069172431036,0.8956176287065801
323.03691974331196,0.8952129057751108
323.0669222435203,0.8948082977746935
323.09692474372866,0.8944038051491037
323.126927243937,0.8939994283419903
323.1569297441453,0.8935951677968781
323.18693224435367,0.8931910239571597
323.216934744562,0.892786997266104
323.2469372447704,0.8923830881668491
323.27693974497873,0.8919792971024041
323.3069422451871,0.8915756245156504
323.33694474539544,0.8911720708493377
323.3669472456038,0.8907686365460852
323.39694974581215,0.8903653220483831
323.4269522460205,0.8899621277985876
323.45695474622886,0.8895590542389257
323.4869572464372,0.88915610181149
323.51695974664557,0.8887532709582401
323.5469622468539,0.8883505621210045
323.5769647470623,0.8879479757414751
323.60696724727063,0.8875455122612121
323.63696974747893,0.8871431721216398
323.6669722476873,0.8867409557640448
323.69697474789564,0.8863388636295823
323.726977248104,0.8859368961592684
323.75697974831235,0.8855350537939826
323.7869822485207,0.8851333369744689
323.81698474872906,0.8847317461413314
323.8469872489374,0.8843302817350385
323.87698974914576,0.8839289441959175
323.9069922493541,0.8835277339641572
323.9369947495625,0.8831266514798084
323.9669972497708,0.8827256971827793
323.9969997499792,0.8823248715128398
324.02700225018754,0.8819241749096173
324.0570047503959,0.8815236078125972
324.0870072506042,0.8811231706611257
324.11700975081254,0.8807228638944022
324.1470122510209,0.8803226879514857
324.17701475122925,0.8799226432712924
324.2070172514376,0.8795227302925923
324.23701975164596,0.8791229494540134
324.2670222518543,0.8787233011940367
324.29702475206267,0.878323785950998
324.327027252271,0.8779244041630893
324.3570297524794,0.8775251562683529
324.38703225268773,0.8771260427046879
324.4170347528961,0.8767270639098431
324.44703725310444,0.8763282203214202
324.4770397533128,0.8759295123768743
324.50704225352115,0.8755309405135091
324.5370447537295,0.8751325051684817
324.5670472539378,0.8747342067787981
324.59704975414616,0.8743360457813121
324.6270522543545,0.8739380226127309
324.65705475456286,0.8735401377096077
324.6870572547712,0.8731423915083444
324.7170597549796,0.8727447844451921
324.7470622551879,0.8723473169562475
324.7770647553963,0.8719499894774561
324.80706725560464,0.8715528024446082
324.837069755813,0.8711557562933401
324.86707225602134,0.8707588514591356
324.8970747562297,0.8703620883773204
324.92707725643805,0.8699654674830681
324.9570797566464,0.8695689892113938
324.98708225685476,0.8691726539971563
325.01708475706306,0.8687764622750603
325.0470872572714,0.868380414479649
325.07708975747977,0.8679845110453097
325.1070922576881,0.8675887524062728
325.1370947578965,0.8671931389966071
325.16709725810483,0.866797671250225
325.1970997583132,0.866402349600877
325.22710225852154,0.8660071744821533
325.2571047587299,0.8656121463274853
325.28710725893825,0.8652172655701409
325.3171097591466,0.8648225326432286
325.34711225935496,0.8644279479796932
325.3771147595633,0.8640335120123164
325.40711725977167,0.863639225173719
325.43711975998,0.8632450878963558
325.4671222601884,0.8628511006125199
325.4971247603967,0.8624572637543386
325.527127260605,0.8620635777537726
325.5571297608134,0.8616700430426205
325.58713226102174,0.8612766600525128
325.6171347612301,0.8608834292149133
325.64713726143844,0.8604903509611213
325.6771397616468,0.8600974257222656
325.70714226185515,0.8597046539293101
325.7371447620635,0.8593120360130483
325.76714726227186,0.858919572404105
325.7971497624802,0.858527263532938
325.82715226268857,0.858135109829832
325.8571547628969,0.857743111724905
325.8871572631053,0.8573512696481019
325.91715976331363,0.8569595840291965
325.94716226352193,0.8565680552977937
325.9771647637303,0.8561766838833222
326.00716726393864,0.8557854702150406
326.037169764147,0.8553944147220351
326.06717226435535,0.8550035178332166
326.0971747645637,0.8546127799773239
326.12717726477206,0.8542222015829197
326.1571797649804,0.8538317830783921
326.18718226518877,0.8534415248919555
326.2171847653971,0.8530514274516456
326.2471872656055,0.852661491185325
326.27718976581383,0.8522717165206771
326.3071922660222,0.8518821038852082
326.33719476623054,0.8514926537062489
326.3671972664389,0.851103366410949
326.3971997666472,0.8507142424262827
326.42720226685555,0.8503252821790415
326.4572047670639,0.849936486095839
326.48720726727225,0.8495478546031102
326.5172097674806,0.8491593881271076
326.54721226768896,0.8487710870939026
326.5772147678973,0.8483829519293873
326.60721726810567,0.8479949830592689
326.637219768314,0.8476071809090753
326.6672222685224,0.8472195459041493
326.69722476873073,0.8468320784696503
326.7272272689391,0.846444779030556
326.75722976914744,0.8460576480116573
326.7872322693558,0.8456706858375629
326.81723476956415,0.8452838929326942
326.8472372697725,0.8448972697212873
326.8772397699808,0.8445108166273946
326.90724227018916,0.8441245340748778
326.9372447703975,0.8437384224874137
326.96724727060587,0.843352482288493
326.9972497708142,0.8429667139014156
327.0272522710226,0.8425811177492957
327.05725477123093,0.8421956942550567
327.0872572714393,0.8418104438414322
327.11725977164764,0.8414253669309687
327.147262271856,0.841040463946019
327.17726477206435,0.840655735308748
327.2072672722727,0.8402711814411278
327.23726977248106,0.8398868027649383
327.2672722726894,0.8395025997017695
327.29727477289777,0.8391185726730161
327.32727727310606,0.838734722099883
327.3572797733144,0.8383510484033775
327.38728227352277,0.837967552004315
327.4172847737311,0.8375842333233179
327.4472872739395,0.8372010927808113
327.47728977414783,0.8368181307970254
327.5072922743562,0.8364353477919961
327.53729477456454,0.8360527441855607
327.5672972747729,0.8356703203973621
327.59729977498125,0.8352880768468443
327.6273022751896,0.8349060139532531
327.65730477539796,0.8345241321356388
327.6873072756063,0.8341424318128501
327.71730977581467,0.833760913403539
327.747312276023,0.8333795773261565
327.7773147762314,0.8329984239989534
327.8073172764397,0.8326174538399828
327.83731977664803,0.8322366672670927
327.8673222768564,0.8318560646979318
327.89732477706474,0.8314756465499487
327.9273272772731,0.8310954132403865
327.95732977748145,0.8307153651862884
327.9873322776898,0.8303355028044928
328.01733477789816,0.8299558265116338
328.0473372781065,0.829576336724144
328.07733977831487,0.8291970338582485
328.1073422785232,0.82881791832997
328.1373447787316,0.8284389905551237
328.1673472789399,0.8280602509493191
328.1973497791483,0.827681699927961
328.22735227935664,0.8273033379062459
328.25735477956493,0.8269251652991629
328.2873572797733,0.8265471825214941
328.31735977998164,0.8261693899878122
328.34736228019,0.8257917881124834
328.37736478039835,0.8254143773096628
328.4073672806067,0.8250371579932961
328.43736978081506,0.8246601305771208
328.4673722810234,0.8242832954746612
328.49737478123177,0.8239066530992333
328.5273772814401,0.8235302038639399
328.5573797816485,0.8231539481816721
328.58738228185683,0.8227778864651102
328.6173847820652,0.8224020191267203
328.64738728227354,0.8220263465787548
328.6773897824819,0.8216508692332549
328.70739228269025,0.821275587502045
328.73739478289855,0.8209005017967377
328.7673972831069,0.8205256125287272
328.79739978331526,0.8201509201091944
328.8274022835236,0.8197764249491049
328.85740478373197,0.8194021274592059
328.8874072839403,0.8190280280500302
328.9174097841487,0.8186541271318912
328.94741228435703,0.8182804251148851
328.9774147845654,0.8179069224088913
329.00741728477374,0.8175336194235692
329.0374197849821,0.8171605165683588
329.06742228519045,0.8167876142524825
329.0974247853988,0.8164149128849404
329.12742728560715,0.8160424128745146
329.1574297858155,0.8156701146297646
329.1874322860238,0.8152980185590291
329.21743478623216,0.8149261250704248
329.2474372864405,0.8145544345718463
329.27743978664887,0.8141829474709666
329.3074422868572,0.8138116641752345
329.3374447870656,0.8134405850918747
329.36744728727393,0.8130697106278899
329.3974497874823,0.8126990411900568
329.42745228769064,0.8123285771849269
329.457454787899,0.8119583190188284
329.48745728810735,0.8115882670978612
329.5174597883157,0.8112184218279015
329.54746228852406,0.810848783614597
329.5774647887324,0.8104793528633683
329.60746728894077,0.81011012997941
329.6374697891491,0.8097411153676869
329.6674722893574,0.8093723094329379
329.6974747895658,0.8090037125796695
329.72747728977413,0.8086353252121607
329.7574797899825,0.8082671477344621
329.78748229019084,0.8078991805503919
329.8174847903992,0.8075314240635381
329.84748729060755,0.8071638786772592
329.8774897908159,0.8067965447946797
329.90749229102425,0.8064294228186945
329.9374947912326,0.8060625131519645
329.96749729144096,0.8056958161969175
329.9974997916493,0.8053293323557501
330.0275022918577,0.8049630620304224
330.057504792066,0.8045970056226629
330.0875072922744,0.8042311635339636
330.1175097924827,0.8038655361655822
330.14751229269103,0.8035001239185406
330.1775147928994,0.8031349271936251
330.20751729310774,0.8027699463913848
330.2375197933161,0.8024051819121337
330.26752229352445,0.8020406341559464
330.2975247937328,0.801676303522662
330.32752729394116,0.8013121904118796
330.3575297941495,0.80094829522296
330.38753229435787,0.8005846183550265
330.4175347945662,0.8002211602069607
330.4475372947746,0.7998579211774066
330.47753979498293,0.7994949016647662
330.5075422951913,0.7991321020672006
330.53754479539964,0.7987695227826317
330.56754729560794,0.7984071642087383
330.5975497958163,0.7980450267429554
330.62755229602465,0.7976831107824793
330.657554796233,0.7973214167242599
330.68755729644135,0.7969599449650068
330.7175597966497,0.7965986959011832
330.74756229685806,0.7962376699290086
330.7775647970664,0.7958768674444594
330.8075672972748,0.7955162888432645
330.8375697974831,0.7951559345209097
330.8675722976915,0.794795804872633
330.89757479789984,0.7944359002934258
330.9275772981082,0.7940762211780348
330.95757979831654,0.7937167679209566
330.9875822985249,0.7933575409164428
331.01758479873325,0.7929985405584948
331.04758729894155,0.7926397672408664
331.0775897991499,0.7922812213570618
331.10759229935826,0.7919229033003361
331.1375947995666,0.7915648134636941
331.16759729977497,0.7912069522398917
331.1975997999833,0.7908493200214318
331.2276023001917,0.7904919172005687
331.25760480040003,0.790134744169303
331.2876073006084,0.7897778013193835
331.31760980081674,0.7894210890423082
331.3476123010251,0.7890646077293199
331.37761480123345,0.7887083577714104
331.4076173014418,0.7883523395593158
331.43761980165016,0.7879965534835186
331.4676223018585,0.7876409999342477
331.4976248020668,0.7872856793014764
331.52762730227516,0.7869305919749205
331.5576298024835,0.7865757383440433
331.5876323026919,0.7862211187980491
331.6176348029002,0.7858667337258878
331.6476373031086,0.7855125835162501
331.67763980331694,0.7851586685575693
331.7076423035253,0.7848049892380227
331.73764480373364,0.7844515459455261
331.767647303942,0.7840983390677394
331.79764980415035,0.7837453689920613
331.8276523043587,0.7833926361056305
331.85765480456706,0.7830401407953276
331.8876573047754,0.7826878834477702
331.91765980498377,0.7823358644493174
331.9476623051921,0.7819840841860646
331.9776648054004,0.7816325430438467
332.0076673056088,0.7812812414082355
332.03766980581713,0.7809301796645408
332.0676723060255,0.7805793581978083
332.09767480623384,0.7802287773928223
332.1276773064422,0.7798784376341004
332.15767980665055,0.779528339305898
332.1876823068589,0.7791784827922048
332.21768480706726,0.7788288684767444
332.2476873072756,0.7784794967429769
332.27768980748397,0.778130367974094
332.3076923076923,0.777781482553023
332.3376948079007,0.7774328408624229
332.36769730810903,0.7770844432846853
332.3976998083174,0.7767362902019355
332.4277023085257,0.7763883819960298
332.45770480873404,0.776040719048554
332.4877073089424,0.7756933017408285
332.51770980915074,0.7753461304539013
332.5477123093591,0.7749992055685528
332.57771480956745,0.7746525274652917
332.6077173097758,0.7743060965243557
332.63771980998416,0.7739599131257133
332.6677223101925,0.7736139776490591
332.69772481040087,0.7732682904738185
332.7277273106092,0.772922851979142
332.7577298108176,0.7725776625439083
332.78773231102593,0.7722327225467237
332.8177348112343,0.7718880323659194
332.84773731144264,0.7715435923795547
332.877739811651,0.7711994029654125
332.9077423118593,0.7708554645010015
332.93774481206765,0.7705117773635555
332.967747312276,0.7701683419300323
332.99774981248436,0.7698251585771131
333.0277523126927,0.7694822276812046
333.05775481290107,0.7691395496184339
333.0877573131094,0.7687971247646533
333.1177598133178,0.7684549534954359
333.14776231352613,0.7681130361860762
333.1777648137345,0.7677713732115922
333.20776731394284,0.7674299649467204
333.2377698141512,0.7670888117659207
333.26777231435955,0.7667479140433708
333.2977748145679,0.7664072721529689
333.32777731477626,0.7660668864683338
333.35777981498455,0.7657267573628025
333.3877823151929,0.7653868852094285
333.41778481540126,0.7650472703809874
333.4477873156096,0.7647079132499693
333.47778981581797,0.7643688141885842
333.5077923160263,0.764029973568757
333.5377948162347,0.7636913917621295
333.56779731644303,0.7633530691400612
333.5977998166514,0.7630150060736249
333.62780231685974,0.7626772029336114
333.6578048170681,0.7623396600905242
333.68780731727645,0.7620023779145816
333.7178098174848,0.7616653567757177
333.74781231769316,0.7613285970435786
333.7778148179015,0.7609920990875234
333.8078173181098,0.7606558632766268
333.83781981831817,0.7603198899796717
333.8678223185265,0.7599841795651572
333.8978248187349,0.7596487324012915
333.92782731894323,0.7593135488559946
333.9578298191516,0.7589786292968985
333.98783231935994,0.758643974091344
334.0178348195683,0.7583095836063835
334.04783731977665,0.7579754582087778
334.077839819985,0.757641598264997
334.10784232019336,0.7573080041412216
334.1378448204017,0.7569746762033387
334.16784732061006,0.7566416148169439
334.1978498208184,0.7563088203473416
334.2278523210268,0.7559762931595416
334.2578548212351,0.7556440336182626
334.2878573214434,0.7553120420879287
334.3178598216518,0.7549803189326683
334.34786232186013,0.7546488645163187
334.3778648220685,0.75431767920242
334.40786732227684,0.753986763354219
334.4378698224852,0.7536561173346654
334.46787232269355,0.7533257415064132
334.4978748229019,0.7529956362318213
334.52787732311026,0.7526658018729504
334.5578798233186,0.7523362387915642
334.58788232352697,0.7520069473491302
334.6178848237353,0.7516779279068162
334.6478873239437,0.7513491808254933
334.67788982415203,0.7510207064657326
334.7078923243604,0.7506925051878062
334.7378948245687,0.7503645773516885
334.76789732477704,0.7500369233170503
334.7978998249854,0.749709543443266
334.82790232519375,0.7493824380894072
334.8579048254021,0.7490556076142441
334.88790732561046,0.7487290523762473
334.9179098258188,0.7484027727335838
334.94791232602716,0.7480767690441184
334.9779148262355,0.7477510416654145
335.0079173264439,0.7474255909547309
335.0379198266522,0.7471004172690248
335.0679223268606,0.7467755209649476
335.09792482706894,0.746450902398847
335.1279273272773,0.7461265619267674
335.15792982748565,0.7458024999044464
335.187932327694,0.7454787166873176
335.2179348279023,0.7451552126305083
335.24793732811065,0.7448319880888381
335.277939828319,0.7445090434168229
335.30794232852736,0.7441863789686696
335.3379448287357,0.7438639950982777
335.36794732894407,0.7435418921592408
335.3979498291524,0.7432200705048421
335.4279523293608,0.7428985304880582
335.45795482956913,0.7425772724615556
335.4879573297775,0.7422562967776912
335.51795982998584,0.7419356037885139
335.5479623301942,0.7416151938457606
335.57796483040255,0.7412950673008595
335.6079673306109,0.7409752245049268
335.63796983081926,0.7406556658087671
335.66797233102756,0.7403363915628758
335.6979748312359,0.7400174021174328
335.72797733144427,0.7396986978223079
335.7579798316526,0.7393802790270585
335.787982331861,0.7390621460809268
335.8179848320693,0.7387442993328441
335.8479873322777,0.7384267391314259
335.87798983248604,0.7381094658249732
335.9079923326944,0.7377924797614742
335.93799483290275,0.7374757812886
335.9679973331111,0.7371593707537081
335.99799983331945,0.736843248503839
336.0280023335278,0.7365274148857164
336.05800483373616,0.7362118702457496
336.0880073339445,0.7358966149300286
336.1180098341529,0.7355816492843281
336.14801233436117,0.7352669736541042
336.1780148345695,0.7349525883844933
336.2080173347779,0.7346384938203163
336.23801983498623,0.7343246903060734
336.2680223351946,0.7340111781859455
336.29802483540294,0.7336979578037952
336.3280273356113,0.7333850295031636
336.35802983581965,0.733072393627273
336.388032336028,0.7327600505190235
336.41803483623636,0.7324480005209945
336.4480373364447,0.7321362439754449
336.47803983665307,0.7318247812243099
336.5080423368614,0.7315136126092048
336.5380448370698,0.7312027384714203
336.56804733727813,0.7308921591519244
336.5980498374864,0.7305818749913636
336.6280523376948,0.7302718863300579
336.65805483790314,0.7299621935080045
336.6880573381115,0.729652796864877
336.71805983831985,0.7293436967400226
336.7480623385282,0.7290348934724646
336.77806483873655,0.7287263874009
336.8080673389449,0.7284181788636992
336.83806983915326,0.728110268198908
336.8680723393616,0.7278026557442435
336.89807483957,0.7274953418370977
336.9280773397783,0.7271883268145338
336.9580798399867,0.7268816110132867
336.98808234019504,0.7265751947697654
337.0180848404034,0.7262690784200474
337.04808734061174,0.7259632622998842
337.07808984082004,0.7256577467446963
337.1080923410284,0.7253525320895733
337.13809484123675,0.725047618669278
337.1680973414451,0.7247430068182403
337.19809984165346,0.72443869687056
337.2281023418618,0.7241346891600066
337.25810484207017,0.7238309840200164
337.2881073422785,0.723527581783696
337.3181098424869,0.7232244827838181
337.34811234269523,0.7229216873528226
337.3781148429036,0.7226191958228185
337.40811734311194,0.7223170085255789
337.4381198433203,0.7220151257925455
337.46812234352865,0.7217135479548245
337.498124843737,0.7214122753431873
337.5281273439453,0.7211113082880733
337.55812984415365,0.7208106471195831
337.588132344362,0.7205102921674833
337.61813484457036,0.7202102437612061
337.6481373447787,0.7199105022298451
337.6781398449871,0.7196110679021595
337.7081423451954,0.7193119411065697
337.7381448454038,0.7190131221711595
337.76814734561214,0.718714611423676
337.7981498458205,0.7184164091915262
337.82815234602884,0.718118515801781
337.8581548462372,0.7178209315811711
337.88815734644555,0.7175236568560879
337.9181598466539,0.717226691952585
337.94816234686226,0.716930037196374
337.97816484707056,0.7166336929128291
338.0081673472789,0.7163376594269806
338.03816984748727,0.7160419370635198
338.0681723476956,0.7157465261467975
338.098174847904,0.7154514270008214
338.12817734811233,0.7151566399492576
338.1581798483207,0.714862165315431
338.18818234852904,0.7145680034223217
338.2181848487374,0.7142741545925695
338.24818734894575,0.7139806191484688
338.2781898491541,0.71368739741197
338.30819234936246,0.7133944897046816
338.3381948495708,0.7131018963478654
338.36819734977917,0.7128096176624401
338.3981998499875,0.7125176539689784
338.4282023501959,0.7122260055877068
338.4582048504042,0.7119346728385085
338.4882073506125,0.7116436560409174
338.5182098508209,0.7113529555141221
338.54821235102924,0.7110625715769658
338.5782148512376,0.7107725045479418
338.60821735144594,0.7104827547451985
338.6382198516543,0.7101933224865344
338.66822235186265,0.7099042080893999
338.698224852071,0.7096154118708983
338.72822735227936,0.7093269341477817
338.7582298524877,0.7090387752364551
338.78823235269607,0.7087509354529722
338.8182348529044,0.7084634151130369
338.8482373531128,0.7081762145320039
338.87823985332113,0.707889334024876
338.90824235352943,0.707602773906305
338.9382448537378,0.7073165344905918
338.96824735394614,0.7070306160916849
338.9982498541545,0.7067450190231821
339.02825235436285,0.7064597435983272
339.0582548545712,0.7061747901300115
339.08825735477956,0.7058901589307742
339.1182598549879,0.7056058503127998
339.14826235519627,0.70532186458792
339.1782648554046,0.7050382020676118
339.208267355613,0.7047548630629971
339.23826985582133,0.7044718478848446
339.2682723560297,0.7041891568435665
339.29827485623804,0.7039067902492194
339.3282773564464,0.7036247484115055
339.35827985665475,0.7033430316397686
339.38828235686304,0.7030616402429988
339.4182848570714,0.7027805745298262
339.44828735727975,0.7024998348085252
339.4782898574881,0.7022194213870138
339.50829235769646,0.7019393345728497
339.5382948579048,0.7016595746732348
339.56829735811317,0.7013801419950108
339.5982998583215,0.7011010368446602
339.6283023585299,0.7008222595283082
339.65830485873823,0.700543810351719
339.6883073589466,0.7002656896202963
339.71830985915494,0.6999878976390856
339.7483123593633,0.6997104347127698
339.77831485957165,0.6994333011456724
339.80831735978,0.6991564972417547
339.8383198599883,0.6988800233046166
339.86832236019666,0.6986038796374963
339.898324860405,0.6983280665432692
339.92832736061337,0.6980525843244494
339.9583298608217,0.697777433283187
339.9883323610301,0.6975026137212685
340.01833486123843,0.6972281259401187
340.0483373614468,0.6969539702407965
340.07833986165514,0.6966801469239972
340.1083423618635,0.6964066562900522
340.13834486207185,0.6961334986389269
340.1683473622802,0.695860674270223
340.19834986248856,0.6955881834831752
340.2283523626969,0.6953160265766525
340.25835486290526,0.6950442038491588
340.2883573631136,0.6947727155988299
340.3183598633219,0.694501562123437
340.34836236353027,0.6942307437203814
340.3783648637386,0.693960260686698
340.408367363947,0.6936901133190552
340.43836986415533,0.6934203019137514
340.4683723643637,0.6931508267667168
340.49837486457204,0.6928816881735143
340.5283773647804,0.6926128864293353
340.55837986498875,0.6923444218290042
340.5883823651971,0.692076294666974
340.61838486540546,0.6918085052373273
340.6483873656138,0.6915410538337783
340.67838986582217,0.6912739407496677
340.7083923660305,0.691007166277968
340.7383948662389,0.6907407307112782
340.7683973664472,0.6904746343418262
340.79839986665553,0.6902088774614681
340.8284023668639,0.6899434603616874
340.85840486707224,0.6896783833335944
340.8884073672806,0.6894136466679281
340.91840986748895,0.6891492506550524
340.9484123676973,0.6888851955849589
340.97841486790566,0.688621481747264
341.008417368114,0.6883581094312106
341.03841986832236,0.6880950789256671
341.0684223685307,0.6878323905191264
341.0984248687391,0.6875700444997073
341.1284273689474,0.6873080411551516
341.1584298691558,0.687046380772826
341.18843236936414,0.6867850636397217
341.2184348695725,0.6865240900424519
341.2484373697808,0.686263460267255
341.27843986998914,0.6860031745999899
341.3084423701975,0.6857432333261395
341.33844487040585,0.6854836367308097
341.3684473706142,0.6852243850987267
341.39844987082256,0.684965478714239
341.4284523710309,0.684706917861317
341.45845487123927,0.684448702823551
341.4884573714476,0.6841908338841536
341.518459871656,0.6839333113259563
341.54846237186433,0.6836761354314108
341.5784648720727,0.68341930648259
341.60846737228104,0.6831628247611841
341.6384698724894,0.6829066905485048
341.66847237269775,0.682650904125481
341.69847487290605,0.6823954657726606
341.7284773731144,0.6821403757702098
341.75847987332276,0.6818856343979126
341.7884823735311,0.6816312419351703
341.81848487373946,0.6813771986610029
341.8484873739478,0.6811235048540456
341.8784898741562,0.6808701607925518
341.9084923743645,0.6806171667543903
341.9384948745729,0.6803645230170459
341.96849737478124,0.6801122298576205
341.9984998749896,0.6798602875528297
342.02850237519795,0.6796086963790062
342.0585048754063,0.6793574566120959
342.08850737561465,0.6791065685276596
342.118509875823,0.6788560324008736
342.1485123760313,0.6786058485065272
342.17851487623966,0.6783560171190222
342.208517376448,0.6781065385123763
342.23851987665637,0.6778574129602182
342.2685223768647,0.6776086407357909
342.2985248770731,0.6773602221119488
342.32852737728143,0.6771121573611583
342.3585298774898,0.6768644467554988
342.38853237769814,0.6766170905666602
342.4185348779065,0.6763700890659446
342.44853737811485,0.6761234425242645
342.4785398783232,0.6758771512121424
342.50854237853156,0.6756312153997129
342.5385448787399,0.675385635356719
342.56854737894827,0.6751404113525149
342.5985498791566,0.6748955436560633
342.6285523793649,0.6746510325359364
342.6585548795733,0.6744068782603152
342.6885573797816,0.6741630810969896
342.71855987999,0.6739196413133572
342.74856238019834,0.6736765591764248
342.7785648804067,0.6734338349528053
342.80856738061505,0.6731914689087211
342.8385698808234,0.6729494613099998
342.86857238103175,0.6727078124220764
342.8985748812401,0.6724665225099937
342.92857738144846,0.6722255918383987
342.9585798816568,0.6719850206715463
342.98858238186517,0.671744809273296
343.0185848820735,0.6715049579071124
343.0485873822819,0.6712654668360667
343.0785898824902,0.6710263363228339
343.10859238269853,0.6707875666296925
343.1385948829069,0.6705491580185277
343.16859738311524,0.6703111107508264
343.1985998833236,0.6700734250876808
343.22860238353195,0.6698361012897857
343.2586048837403,0.6695991396174386
343.28860738394866,0.6693625403305411
343.318609884157,0.6691263036885958
343.34861238436537,0.6688904299507092
343.3786148845737,0.6686549193755884
343.4086173847821,0.6684197722215424
343.43861988499043,0.6681849887464826
343.4686223851988,0.6679505692079198
343.49862488540714,0.6677165138629677
343.5286273856155,0.6674828229683389
343.5586298858238,0.667249496780347
343.58863238603215,0.6670165355549051
343.6186348862405,0.6667839395475268
343.64863738644885,0.6665517090133238
343.6786398866572,0.6663198442070088
343.70864238686556,0.6660883453828917
343.7386448870739,0.6658572127948823
343.7686473872823,0.6656264466964876
343.7986498874906,0.665396047340813
343.828652387699,0.6651660149805623
343.85865488790733,0.6649363498680354
343.8886573881157,0.6647070522551313
343.91865988832404,0.6644781223933443
343.9486623885324,0.6642495605337654
343.97866488874075,0.6640213669270834
344.00866738894905,0.6637935418235823
344.0386698891574,0.6635660854731407
344.06867238936576,0.6633389981252351
344.0986748895741,0.6631122800289355
344.12867738978247,0.6628859314329081
344.1586798899908,0.6626599525854129
344.1886823901992,0.6624343437343045
344.21868489040753,0.6622091051270326
344.2486873906159,0.6619842370106392
344.27868989082424,0.6617597396317619
344.3086923910326,0.6615356132366301
344.33869489124095,0.6613118580710664
344.3686973914493,0.6610884743804876
344.39869989165766,0.6608654624099016
344.428702391866,0.6606428224039089
344.45870489207437,0.6604205546067028
344.48870739228266,0.6601986592620678
344.518709892491,0.6599771366133795
344.5487123926994,0.6597559869036056
344.5787148929077,0.6595352103753034
344.6087173931161,0.659314807270623
344.63871989332443,0.6590947778313027
344.6687223935328,0.6588751222986727
344.69872489374114,0.6586558409136523
344.7287273939495,0.6584369339167497
344.75872989415785,0.6582184015480643
344.7887323943662,0.6580002440472833
344.81873489457456,0.6577824616536825
344.8487373947829,0.6575650546061276
344.87873989499127,0.6573480231430708
344.9087423951996,0.6571313675025546
344.9387448954079,0.6569150879222079
344.9687473956163,0.656699184639246
344.99874989582463,0.6564836578904741
345.028752396033,0.6562685079122824
345.05875489624134,0.6560537349406492
345.0887573964497,0.6558393392111381
345.11875989665805,0.6556253209588996
345.1487623968664,0.6554116804186704
345.17876489707476,0.6551984178247723
345.2087673972831,0.6549855334111128
345.23876989749147,0.6547730274111849
345.2687723976998,0.6545609000580661
345.2987748979082,0.6543491515844192
345.32877739811653,0.6541377822224909
345.3587798983249,0.6539267922041118
345.38878239853324,0.6537161817606977
345.41878489874154,0.6535059511232468
345.4487873989499,0.6532961005223412
345.47878989915824,0.6530866301881464
345.5087923993666,0.6528775403504099
345.53879489957495,0.6526688312384636
345.5687973997833,0.6524605030812202
345.59879989999166,0.6522525561071748
345.6288024002,0.6520449905444057
345.65880490040837,0.651837806620571
345.6888074006167,0.6516310045629119
345.7188099008251,0.6514245845982496
345.74881240103343,0.6512185469529865
345.7788149012418,0.6510128918531063
345.80881740145014,0.6508076195241721
345.8388199016585,0.6506027301913282
345.8688224018668,0.6503982240792983
345.89882490207515,0.650194101412385
345.9288274022835,0.6499903624144721
345.95882990249186,0.6497870073090212
345.9888324027002,0.649584036319073
346.01883490290857,0.6493814496672479
346.0488374031169,0.6491792475757432
346.0788399033253,0.6489774302663361
346.10884240353363,0.6487759979603804
346.138844903742,0.6485749508788081
346.16884740395034,0.6483742892421291
346.1988499041587,0.6481740132704297
346.22885240436705,0.6479741231833742
346.2588549045754,0.6477746192002029
346.28885740478376,0.6475755015397324
346.31885990499205,0.647376770420357
346.3488624052004,0.6471784260600453
346.37886490540876,0.6469804686763421
346.4088674056171,0.6467828984863692
346.43886990582547,0.6465857157068218
346.4688724060338,0.6463889205539716
346.4988749062422,0.6461925132436643
346.52887740645053,0.6459964939913203
346.5588799066589,0.6458008630119352
346.58888240686724,0.6456056205200773
346.6188849070756,0.6454107667298905
346.64888740728395,0.6452163018550909
346.6788899074923,0.6450222261089686
346.70889240770066,0.6448285397043874
346.738894907909,0.6446352428537829
346.76889740811737,0.644442335769165
346.79889990832567,0.6442498186621151
346.828902408534,0.6440576917437858
346.8589049087424,0.6438659552249042
346.88890740895073,0.6436746093157677
346.9189099091591,0.643483654226245
346.94891240936744,0.6432930901657774
346.9789149095758,0.6431029173433758
347.00891740978415,0.6429131359676237
347.0389199099925,0.6427237462466737
347.06892241020086,0.6425347483882495
347.0989249104092,0.6423461425996453
347.12892741061756,0.6421579290877245
347.1589299108259,0.6419701080589213
347.1889324110343,0.6417826797192385
347.2189349112426,0.6415956442742481
347.2489374114509,0.6414090019290927
347.2789399116593,0.6412227528884815
347.30894241186763,0.6410368973566936
347.338944912076,0.640851435537577
347.36894741228434,0.6406663676345463
347.3989499124927,0.640481693850586
347.42895241270105,0.6402974143882467
347.4589549129094,0.6401135294496472
347.48895741311776,0.6399300392364735
347.5189599133261,0.6397469439499787
347.54896241353447,0.6395642437909828
347.5789649137428,0.6393819389598723
347.6089674139512,0.6392000296565996
347.63896991415953,0.6390185160806846
347.6689724143679,0.6388373984312117
347.69897491457624,0.6386566769068324
347.72897741478454,0.6384763517057629
347.7589799149929,0.638296423025784
347.78898241520125,0.6381168910642434
347.8189849154096,0.6379377560180525
347.84898741561796,0.6377590180836871
347.8789899158263,0.6375806774571886
347.90899241603466,0.6374027343341614
347.938994916243,0.6372251889097751
347.9689974164514,0.637048041378762
347.9989999166597,0.6368712919354185
348.0290024168681,0.6366949407736047
348.05900491707644,0.6365189880867429
348.0890074172848,0.6363434340678197
348.11900991749314,0.6361682789093832
348.1490124177015,0.6359935228035445
348.1790149179098,0.6358191659419776
348.20901741811815,0.6356452085159175
348.2390199183265,0.6354716507161614
348.26902241853486,0.6352984927330692
348.2990249187432,0.6351257347565606
348.32902741895157,0.6349533769761185
348.3590299191599,0.6347814195807853
348.3890324193683,0.6346098627591645
348.41903491957663,0.6344387066994213
348.449037419785,0.6342679515892798
348.47903991999334,0.6340975976160259
348.5090424202017,0.6339276449665043
348.53904492041005,0.6337580938271199
348.5690474206184,0.6335889443838376
348.59904992082676,0.633420196822181
348.6290524210351,0.6332518513272339
348.6590549212434,0.6330839080836387
348.68905742145176,0.6329163672755953
348.7190599216601,0.6327492290868646
348.7490624218685,0.632582493700764
348.7790649220768,0.6324161613001696
348.8090674222852,0.6322502320675164
348.83906992249354,0.6320847061847958
348.8690724227019,0.6319195838335581
348.89907492291024,0.63175486519491
348.9290774231186,0.6315905504495156
348.95907992332695,0.6314266397775967
348.9890824235353,0.6312631333589309
349.01908492374366,0.6311000313728534
349.049087423952,0.6309373339982554
349.07908992416037,0.6307750414135834
349.10909242436867,0.630613153796842
349.139094924577,0.6304516713255897
349.1690974247854,0.630290594176941
349.19909992499373,0.6301299225275669
349.2291024252021,0.6299696565536923
349.25910492541044,0.6298097964310986
349.2891074256188,0.6296503423351206
349.31910992582715,0.6294912944406486
349.3491124260355,0.6293326529221273
349.37911492624386,0.629174417953555
349.4091174264522,0.6290165897084856
349.43911992666057,0.6288591683600255
349.4691224268689,0.6287021540808351
349.4991249270773,0.6285455470431289
349.52912742728563,0.6283893474186739
349.559129927494,0.6282335553787912
349.5891324277023,0.6280781710943543
349.61913492791064,0.6279231947357888
349.649137428119,0.6277686264730744
349.67913992832734,0.6276144664757421
349.7091424285357,0.6274607149128753
349.73914492874405,0.6273073719531099
349.7691474289524,0.6271544377646328
349.79914992916076,0.6270019125151836
349.8291524293691,0.6268497963720525
349.85915492957747,0.6266980895020811
349.8891574297858,0.6265467920716629
349.9191599299942,0.6263959042467411
349.94916243020253,0.6262454261928108
349.9791649304109,0.6260953580749169
350.00916743061924,0.6259457000576547
350.03916993082754,0.6257964523051708
350.0691724310359,0.62564761498116
350.09917493124425,0.6254991882488679
350.1291774314526,0.6253511722710903
350.15917993166096,0.6252035672101715
350.1891824318693,0.6250563732280059
350.21918493207767,0.6249095904860363
350.249187432286,0.6247632191452549
350.2791899324944,0.6246172593662027
350.30919243270273,0.6244717113089691
350.3391949329111,0.624326575133192
350.36919743311944,0.6241818509980577
350.3991999333278,0.6240375390622999
350.42920243353615,0.6238936394842014
350.4592049337445,0.6237501524215916
350.4892074339528,0.623607078031848
350.51920993416115,0.6234644164718954
350.5492124343695,0.6233221678982055
350.57921493457786,0.6231803324667977
350.6092174347862,0.6230389103332377
350.63921993499457,0.6228979016526379
350.6692224352029,0.6227573065796577
350.6992249354113,0.6226171252685023
350.72922743561963,0.6224773578729232
350.759229935828,0.6223380045462186
350.78923243603634,0.6221990654412312
350.8192349362447,0.6220605407103508
350.84923743645305,0.621922430505512
350.8792399366614,0.6217847349781942
350.90924243686976,0.6216474542794235
350.9392449370781,0.6215105885597694
350.9692474372864,0.6213741379693476
350.99924993749477,0.6212381026578173
351.0292524377031,0.6211024827743827
351.0592549379115,0.6209672784677929
351.08925743811983,0.6208324898863404
351.1192599383282,0.620698117177862
351.14926243853654,0.6205641604897388
351.1792649387449,0.6204306199688947
351.20926743895325,0.6202974957617982
351.2392699391616,0.6201647880144602
351.26927243936996,0.6200324968724353
351.2992749395783,0.6199006224808215
351.32927743978667,0.6197691649842589
351.359279939995,0.6196381245269311
351.3892824402034,0.6195075012525642
351.41928494041167,0.6193772953044261
351.44928744062,0.6192475068253274
351.4792899408284,0.619118135957621
351.50929244103673,0.6189891828432013
351.5392949412451,0.618860647623505
351.56929744145344,0.6187325304395102
351.5992999416618,0.6186048314317365
351.62930244187015,0.6184775507402449
351.6593049420785,0.6183506885046373
351.68930744228686,0.6182242448640574
351.7193099424952,0.6180982199571885
351.74931244270357,0.6179726139222563
351.7793149429119,0.6178474268970257
351.8093174431203,0.6177226590188023
351.83931994332863,0.6175983104244326
351.869322443537,0.6174743812503025
351.8993249437453,0.6173508716323386
351.92932744395364,0.6172277817060066
351.959329944162,0.617105111606312
351.98933244437035,0.6169828614678003
352.0193349445787,0.6168610314245562
352.04933744478706,0.6167396216102032
352.0793399449954,0.6166186321579047
352.10934244520377,0.6164980632003622
352.1393449454121,0.6163779148698166
352.1693474456205,0.6162581872980473
352.1993499458288,0.6161388806163717
352.2293524460372,0.6160199949556466
352.25935494624554,0.6159015304462659
352.2893574464539,0.6157834872181627
352.31935994666225,0.6156658654008071
352.34936244687054,0.6155486651232074
352.3793649470789,0.6154318865139095
352.40936744728725,0.6153155297009967
352.4393699474956,0.6151995948120896
352.46937244770396,0.6150840819743468
352.4993749479123,0.6149689913144629
352.52937744812067,0.6148543229586703
352.559379948329,0.6147400770327378
352.5893824485374,0.6146262536619705
352.61938494874573,0.6145128529712112
352.6493874489541,0.6143998750848377
352.67938994916244,0.6142873201267655
352.7093924493708,0.6141751882204449
352.73939494957915,0.6140634794888629
352.7693974497875,0.6139521940545424
352.79939994999586,0.6138413320395416
352.82940245020416,0.6137308935654551
352.8594049504125,0.6136208787534119
352.88940745062087,0.6135112877240768
352.9194099508292,0.6134021205976502
352.9494124510376,0.6132933774938669
352.97941495124593,0.6131850585319971
353.0094174514543,0.6130771638308455
353.03941995166264,0.6129696935087516
353.069422451871,0.6128626476835897
353.09942495207935,0.6127560264727678
353.1294274522877,0.612649829993229
353.15942995249605,0.61254405836145
353.1894324527044,0.6124387116934416
353.21943495291276,0.6123337901047488
353.2494374531211,0.6122292937104501
353.2794399533294,0.6121252226251577
353.30944245353777,0.6120215769630173
353.3394449537461,0.611918356837708
353.3694474539545,0.611815562362442
353.39944995416283,0.6117131936499653
353.4294524543712,0.6116112508125561
353.45945495457954,0.6115097339620261
353.4894574547879,0.6114086432097193
353.51945995499625,0.6113079786665127
353.5494624552046,0.6112077404428158
353.57946495541296,0.6111079286485701
353.6094674556213,0.6110085433932502
353.63946995582967,0.610909584785862
353.669472456038,0.6108110529349439
353.6994749562464,0.6107129479485663
353.7294774564547,0.6106152699343315
353.75947995666303,0.6105180189993726
353.7894824568714,0.6104211952503555
353.81948495707974,0.6103247987934766
353.8494874572881,0.6102288297344646
353.87948995749645,0.6101332881785785
353.9094924577048,0.6100381742306087
353.93949495791315,0.6099434879948771
353.9694974581215,0.6098492295752356
353.99949995832986,0.6097553990750678
354.0295024585382,0.6096619965972874
354.0595049587466,0.6095690222443382
354.0895074589549,0.6094764761181958
354.1195099591633,0.6093843583203646
354.14951245937164,0.6092926689518804
354.17951495958,0.6092014081133084
354.2095174597883,0.6091105759047439
354.23951995999664,0.6090201724258123
354.269522460205,0.6089301977756685
354.29952496041335,0.6088406520529971
354.3295274606217,0.6087515353560127
354.35952996083006,0.6086628477824585
354.3895324610384,0.6085745894296078
354.41953496124677,0.608486760394263
354.4495374614551,0.6083993607727549
354.4795399616635,0.6083123906609444
354.50954246187183,0.6082258501542206
354.5395449620802,0.6081397393475017
354.56954746228854,0.6080540583352344
354.5995499624969,0.607968807211394
354.62955246270525,0.6078839860694845
354.65955496291355,0.6077995950025386
354.6895574631219,0.6077156341031159
354.71955996333025,0.607632103463306
354.7495624635386,0.6075490031747253
354.77956496374696,0.6074663333285191
354.8095674639553,0.6073840940153596
354.8395699641637,0.6073022853254477
354.869572464372,0.6072209073485115
354.8995749645804,0.6071399601738068
354.92957746478874,0.607059443890117
354.9595799649971,0.6069793585857527
354.98958246520544,0.6068997043485518
355.0195849654138,0.6068204812658797
355.04958746562215,0.6067416894246285
355.0795899658305,0.6066633289112175
355.10959246603886,0.6065853998115933
355.13959496624716,0.6065079022112287
355.1695974664555,0.6064308361951235
355.19959996666387,0.6063542018478041
355.2296024668722,0.6062779992533234
355.2596049670806,0.6062022284952608
355.28960746728893,0.6061268896567223
355.3196099674973,0.6060519828203399
355.34961246770564,0.6059775080682718
355.379614967914,0.6059034654822021
355.40961746812235,0.6058298551433413
355.4396199683307,0.6057566771324256
355.46962246853906,0.6056839315297171
355.4996249687474,0.6056116184150033
355.52962746895577,0.605539737867598
355.5596299691641,0.60546828996634
355.5896324693724,0.6053972747895937
355.6196349695808,0.6053266924152488
355.6496374697891,0.6052565429207208
355.6796399699975,0.6051868263829496
355.70964247020584,0.605117542878401
355.7396449704142,0.6050486924830656
355.76964747062254,0.6049802752724585
355.7996499708309,0.6049122913216204
355.82965247103925,0.6048447407051162
355.8596549712476,0.604777623497036
355.88965747145596,0.6047109397709943
355.9196599716643,0.6046446896001301
355.94966247187267,0.6045788730571069
355.979664972081,0.6045134902141127
356.0096674722894,0.6044485411428597
356.03966997249773,0.6043840259145846
356.06967247270603,0.604319944600048
356.0996749729144,0.6042562972695343
356.12967747312274,0.6041930839928527
356.1596799733311,0.6041303048393353
356.18968247353945,0.6040679598778391
356.2196849737478,0.6040060491767443
356.24968747395616,0.6039445728039547
356.2796899741645,0.6038835308268982
356.30969247437287,0.6038229233125256
356.3396949745812,0.603762750327312
356.3696974747896,0.6037030119372551
356.39969997499793,0.6036437082078763
356.4297024752063,0.6035848392042205
356.45970497541464,0.6035264049908553
356.489707475623,0.6034684056318719
356.5197099758313,0.6034108411908843
356.54971247603964,0.603353711731029
356.579714976248,0.6032970173149665
356.60971747645635,0.6032407580048792
356.6397199766647,0.6031849338624728
356.66972247687306,0.6031295449489755
356.6997249770814,0.6030745913251379
356.72972747728977,0.6030200730512337
356.7597299774981,0.6029659901870589
356.7897324777065,0.6029123427919316
356.81973497791483,0.6028591309246928
356.8497374781232,0.6028063546437054
356.87973997833154,0.6027540140068548
356.9097424785399,0.6027021090715485
356.93974497874825,0.6026506398947159
356.9697474789566,0.6025996065328091
356.9997499791649,0.6025490090418014
357.02975247937326,0.6024988474771886
357.0597549795816,0.602449121893988
357.08975747978997,0.602399832346739
357.1197599799983,0.6023509788895027
357.1497624802067,0.6023025615758617
357.17976498041503,0.6022545804589203
357.2097674806234,0.6022070355913048
357.23976998083174,0.6021599270251623
357.2697724810401,0.602113254812162
357.29977498124845,0.6020670190034941
357.3297774814568,0.6020212196498702
357.35977998166516,0.6019758568015234
357.3897824818735,0.6019309305082079
357.41978498208186,0.6018864408191993
357.44978748229016,0.6018423877832939
357.4797899824985,0.6017987714488091
357.50979248270687,0.601755591863584
357.5397949829152,0.6017128490749777
357.5697974831236,0.6016705431298711
357.59979998333193,0.6016286740746655
357.6298024835403,0.601587241955283
357.65980498374864,0.6015462468171668
357.689807483957,0.6015056887052805
357.71980998416535,0.6014655676641083
357.7498124843737,0.6014258837376553
357.77981498458206,0.6013866369694469
357.8098174847904,0.6013478274025295
357.83981998499877,0.6013094550794693
357.8698224852071,0.6012715200423535
357.8998249854154,0.6012340223327894
357.9298274856238,0.6011969619919045
357.95982998583213,0.601160339060347
357.9898324860405,0.601124153578285
358.01983498624884,0.6010884055854071
358.0498374864572,0.6010530951209216
358.07983998666555,0.6010182222235576
358.1098424868739,0.6009837869315636
358.13984498708226,0.6009497892827085
358.1698474872906,0.6009162293142811
358.19984998749896,0.6008831070630901
358.2298524877073,0.6008504225654643
358.2598549879157,0.6008181758572521
358.289857488124,0.6007863669738218
358.3198599883324,0.6007549959500618
358.34986248854074,0.6007240628203798
358.37986498874903,0.6006935676187037
358.4098674889574,0.6006635103784805
358.43986998916574,0.6006338911326772
358.4698724893741,0.6006047099137803
358.49987498958245,0.6005759667537962
358.5298774897908,0.6005476616842502
358.55987998999916,0.6005197947361877
358.5898824902075,0.6004923659401733
358.61988499041587,0.6004653753262909
358.6498874906242,0.600438822924144
358.6798899908326,0.6004127087628555
358.70989249104093,0.6003870328710675
358.7398949912493,0.6003617952769416
358.76989749145764,0.6003369960081583
358.799899991666,0.6003126350919176
358.8299024918743,0.6002887125549389
358.85990499208265,0.6002652284234603
358.889907492291,0.6002421827232395
358.91990999249936,0.6002195754795531
358.9499124927077,0.6001974067171968
358.97991499291606,0.6001756764604855
359.0099174931244,0.600154384733253
359.0399199933328,0.6001335315588523
359.0699224935411,0.600113116960155
359.0999249937495,0.6000931409595522
359.12992749395784,0.6000736035789536
359.1599299941662,0.600054504839788
359.18993249437455,0.6000358447630028
359.2199349945829,0.6000176233690646
359.24993749479125,0.5999998406779588
359.2799399949996,0.5999824967091894
359.3099424952079,0.5999655914817794
359.33994499541626,0.5999491250142706
359.3699474956246,0.5999330973247234
359.39994999583297,0.5999175084307171
359.4299524960413,0.5999023583493499
359.4599549962497,0.5998876470972381
359.48995749645803,0.5998733746905174
359.5199599966664,0.5998595411448417
359.54996249687474,0.5998461464753837
359.5799649970831,0.5998331906968348
359.60996749729145,0.5998206738234051
359.6399699974998,0.599808595868823
359.66997249770816,0.5997969568463356
359.6999749979165,0.5997857567687087
359.72997749812487,0.5997749956482268
359.75997999833316,0.5997646734966925
359.7899824985415,0.5997547903254274
359.8199849987499,0.5997453461452712
359.8499874989582,0.5997363409665825
359.8799899991666,0.5997277747992381
359.90999249937494,0.5997196476526335
359.9399949995833,0.5997119595356827
359.96999749979165,0.5997047104568178
360.0,0.5996979004239897
