Phi_fit,Counts_fit
0.0,0.6251461673764862
0.1000277854959711,0.62518355381433
0.2000555709919422,0.625225509810574
0.3000833564879133,0.6252720348537137
0.4001111419838844,0.6253231283765408
0.5001389274798556,0.6253787897561511
0.6001667129758266,0.6254390183139513
0.7001944984717977,0.6255038133156674
0.8002222839677688,0.6255731739713539
0.90025006946374,0.6256470994354036
1.000277854959711,0.6257255888065574
1.1003056404556821,0.6258086411279153
1.2003334259516532,0.6258962553869488
1.3003612114476244,0.6259884305155123
1.4003889969435954,0.6260851653898569
1.5004167824395667,0.6261864588306436
1.6004445679355377,0.6262923096029576
1.7004723534315087,0.626402716416324
1.80050013892748,0.6265176779247227
1.900527924423451,0.6266371927266057
2.000555709919422,0.6267612593649136
2.100583495415393,0.626889876327093
2.2006112809113643,0.6270230420451162
2.3006390664073355,0.6271607548954987
2.4006668519033063,0.6273030131993207
2.5006946373992776,0.6274498152222461
2.600722422895249,0.6276011591745443
2.70075020839122,0.6277570432111124
2.800777993887191,0.6279174654314965
2.900805779383162,0.6280824238799165
3.0008335648791333,0.6282519165452884
3.100861350375104,0.6284259413612501
3.2008891358710754,0.6286044962061851
3.3009169213670466,0.62878757890325
3.4009447068630174,0.6289751872204002
3.5009724923589887,0.629167318870417
3.60100027785496,0.6293639715109356
3.7010280633509307,0.6295651427444741
3.801055848846902,0.6297708301184619
3.901083634342873,0.6299810311252706
4.001111419838844,0.6301957432022436
4.101139205334816,0.630414963731728
4.201166990830786,0.6306386900411062
4.301194776326757,0.6308669194028287
4.4012225618227285,0.6310996490344472
4.5012503473187,0.6313368760986484
4.601278132814671,0.6315785977032888
4.701305918310642,0.6318248109014303
4.801333703806613,0.6320755126913751
4.901361489302584,0.6323307000167033
5.001389274798555,0.6325903697663098
5.101417060294526,0.6328545187744421
5.201444845790498,0.633123143820739
5.301472631286469,0.6333962416302701
5.40150041678244,0.6336738088735752
5.50152820227841,0.6339558421667053
5.601555987774382,0.6342423380712637
5.701583773270353,0.6345332930944483
5.801611558766324,0.6348287036890935
5.901639344262295,0.6351285662537138
6.001667129758267,0.6354328771325477
6.101694915254237,0.6357416326156027
6.201722700750208,0.6360548289386994
6.3017504862461795,0.6363724622835185
6.401778271742151,0.6366945287776471
6.501806057238122,0.6370210244946255
6.601833842734093,0.6373519454539952
6.7018616282300645,0.6376872876213479
6.801889413726035,0.638027046908374
6.901917199222006,0.638371219172913
7.001944984717977,0.6387198002190035
7.101972770213949,0.6390727857969354
7.20200055570992,0.6394301716032998
7.302028341205891,0.6397919532810435
7.402056126701861,0.6401581264195209
7.502083912197833,0.6405286865545479
7.602111697693804,0.6409036291684569
7.702139483189775,0.6412829496901513
7.802167268685746,0.6416666434951614
7.902195054181718,0.642054705905701
8.002222839677689,0.642447132190724
8.10225062517366,0.6428439175659825
8.202278410669631,0.6432450571940846
8.302306196165603,0.6436505461845543
8.402333981661572,0.6440603795938902
8.502361767157543,0.6444745524256258
8.602389552653515,0.6448930596303913
8.702417338149486,0.6453158961059743
8.802445123645457,0.6457430566973823
8.902472909141428,0.6461745361969052
9.0025006946374,0.6466103293441801
9.10252848013337,0.647050430826253
9.202556265629342,0.6474948352776466
9.302584051125313,0.647943537280423
9.402611836621285,0.648396531364251
9.502639622117256,0.6488538120064735
9.602667407613225,0.6493153736321728
9.702695193109196,0.6497812106142411
9.802722978605168,0.6502513172734465
9.902750764101139,0.6507256878785046
10.00277854959711,0.6512043166461463
10.102806335093081,0.6516871977411902
10.202834120589053,0.6521743252766123
10.302861906085024,0.6526656933136185
10.402889691580995,0.6531612958617166
10.502917477076966,0.6536611268787897
10.602945262572938,0.6541651802711699
10.702973048068909,0.654673449893712
10.80300083356488,0.655185929549869
10.90302861906085,0.6557026129917676
11.00305640455682,0.6562234939202841
11.103084190052792,0.6567485659851211
11.203111975548763,0.6572778227848857
11.303139761044735,0.6578112578671662
11.403167546540706,0.6583488647286125
11.503195332036677,0.6588906368150136
11.603223117532648,0.6594365675213787
11.70325090302862,0.6599866501920173
11.80327868852459,0.6605408781206208
11.903306474020562,0.6610992445503431
12.003334259516533,0.6616617426738843
12.103362045012505,0.662228365633573
12.203389830508474,0.66279910652145
12.303417616004445,0.6633739583793528
12.403445401500417,0.6639529141989997
12.503473186996388,0.6645359669220762
12.603500972492359,0.6651231094403202
12.70352875798833,0.6657143345956094
12.803556543484301,0.6663096351800479
12.903584328980273,0.6669090039360548
13.003612114476244,0.6675124335564515
13.103639899972215,0.6681199166845525
13.203667685468186,0.6687314459142534
13.303695470964158,0.6693470137901223
13.403723256460129,0.6699666128074901
13.503751041956098,0.6705902354125424
13.60377882745207,0.6712178740024114
13.703806612948041,0.6718495209252684
13.803834398444012,0.6724851684804176
13.903862183939983,0.6731248089183894
14.003889969435955,0.6737684344410352
14.103917754931926,0.6744160372016224
14.203945540427897,0.6750676093049301
14.303973325923868,0.6757231428073454
14.40400111141984,0.6763826297169602
14.50402889691581,0.6770460619936683
14.604056682411782,0.6777134315492642
14.704084467907753,0.6783847302475409
14.804112253403723,0.6790599499043894
14.904140038899694,0.6797390822878988
15.004167824395665,0.6804221191184561
15.104195609891637,0.6811090520688475
15.204223395387608,0.6817998727643598
15.304251180883579,0.6824945727828826
15.40427896637955,0.6831931436550108
15.504306751875522,0.683895576864148
15.604334537371493,0.6846018638466103
15.704362322867464,0.6853119959917306
15.804390108363435,0.6860259646419637
15.904417893859407,0.6867437610929923
16.004445679355378,0.6874653765938316
16.10447346485135,0.6881908023469379
16.20450125034732,0.6889200295083145
16.30452903584329,0.6896530491876205
16.404556821339263,0.6903898524482781
16.504584606835234,0.6911304303075825
16.604612392331205,0.6918747737368109
16.704640177827173,0.6926228736613329
16.804667963323144,0.6933747209607206
16.904695748819115,0.6941303064688604
17.004723534315087,0.6948896209740645
17.104751319811058,0.6956526552191831
17.20477910530703,0.6964193999017176
17.304806890803,0.6971898456739332
17.40483467629897,0.6979639831429738
17.504862461794943,0.6987418028709766
17.604890247290914,0.6995232953751858
17.704918032786885,0.7003084511280695
17.804945818282857,0.7010972605574357
17.904973603778828,0.7018897140465483
18.0050013892748,0.7026858019342453
18.10502917477077,0.7034855145150559
18.20505696026674,0.7042888420393187
18.305084745762713,0.7050957747133013
18.405112531258684,0.7059063026993189
18.505140316754655,0.7067204161158551
18.605168102250627,0.7075381050376814
18.705195887746598,0.708359359495979
18.80522367324257,0.7091841694784597
18.90525145873854,0.7100125249294889
19.00527924423451,0.7108444157502065
19.105307029730483,0.7116798317986521
19.20533481522645,0.7125187628898875
19.30536260072242,0.7133611987961204
19.405390386218393,0.7142071292468304
19.505418171714364,0.715056543928893
19.605445957210335,0.7159094324867061
19.705473742706307,0.7167657845223161
19.805501528202278,0.7176255895955441
19.90552931369825,0.7184888372241143
20.00555709919422,0.7193555168837804
20.10558488469019,0.7202256180084554
20.205612670186163,0.7210991299903391
20.305640455682134,0.7219760421800481
20.405668241178105,0.7228563438867457
20.505696026674077,0.7237400243782719
20.605723812170048,0.7246270728812744
20.70575159766602,0.7255174785813401
20.80577938316199,0.7264112306231263
20.90580716865796,0.7273083181104942
21.005834954153933,0.7282087301066407
21.105862739649904,0.729112455634232
21.205890525145875,0.7300194836755376
21.305918310641847,0.7309298031725646
21.405946096137818,0.7318434030271925
21.50597388163379,0.7327602721013085
21.60600166712976,0.733680399216943
21.70602945262573,0.7346037731564061
21.8060572381217,0.7355303826624253
21.90608502361767,0.7364602164382803
22.00611280911364,0.7373932631479436
22.106140594609613,0.7383295114162165
22.206168380105584,0.7392689498288694
22.306196165601555,0.7402115669327791
22.406223951097527,0.7411573512360707
22.506251736593498,0.7421062912082559
22.60627952208947,0.7430583752803741
22.70630730758544,0.744013591845134
22.80633509308141,0.7449719292570544
22.906362878577383,0.7459333758326061
23.006390664073354,0.7468979198503551
23.106418449569325,0.7478655495511054
23.206446235065297,0.748836253138041
23.306474020561268,0.7498100187768719
23.40650180605724,0.7507868345959762
23.50652959155321,0.7517666886865466
23.60655737704918,0.7527495691027344
23.706585162545153,0.7537354638617959
23.806612948041124,0.7547243609442378
23.906640733537095,0.7557162482939648
24.006668519033067,0.7567111138184249
24.106696304529038,0.7577089453887587
24.20672409002501,0.7587097308399458
24.30675187552098,0.7597134579709539
24.406779661016948,0.7607201145448875
24.50680744651292,0.7617296882891367
24.60683523200889,0.7627421668955271
24.706863017504862,0.7637575380204698
24.806890803000833,0.7647757892851118
24.906918588496804,0.7657969082754872
25.006946373992776,0.7668208825426684
25.106974159488747,0.7678476996029174
25.207001944984718,0.7688773469378387
25.30702973048069,0.7699098119945318
25.40705751597666,0.7709450821857439
25.50708530147263,0.771983144890023
25.607113086968603,0.7730239874518732
25.707140872464574,0.7740675971819078
25.807168657960545,0.7751139613570039
25.907196443456517,0.7761630672204582
26.007224228952488,0.7772149019821423
26.10725201444846,0.7782694528186584
26.20727979994443,0.7793267068734959
26.3073075854404,0.780386651257188
26.407335370936373,0.7814492730474687
26.507363156432344,0.7825145592894307
26.607390941928315,0.7835824969956833
26.707418727424287,0.7846530731465102
26.807446512920258,0.7857262746900289
26.907474298416226,0.7868020885423493
27.007502083912197,0.787880501587734
27.107529869408168,0.788961500678757
27.20755765490414,0.790045072636465
27.30758544040011,0.7911312042505374
27.407613225896082,0.7922198822794482
27.507641011392053,0.7933110934506262
27.607668796888024,0.7944048244606183
27.707696582383996,0.7955010619752501
27.807724367879967,0.7965997926297895
27.907752153375938,0.7977010030291102
28.00777993887191,0.798804679747853
28.10780772436788,0.799910809330591
28.207835509863852,0.8010193782919939
28.307863295359823,0.8021303731169914
28.407891080855794,0.8032437802609383
28.507918866351766,0.8043595861497798
28.607946651847737,0.8054777771802168
28.707974437343708,0.8065983397198726
28.80800222283968,0.8077212601074572
28.90803000833565,0.8088465246529355
29.00805779383162,0.8099741196376938
29.108085579327593,0.8111040313147073
29.208113364823564,0.8122362459087065
29.308141150319535,0.8133707496163465
29.408168935815507,0.8145075286063748
29.508196721311474,0.8156465690197996
29.608224506807446,0.8167878569700596
29.708252292303417,0.8179313785431922
29.808280077799388,0.8190771197980037
29.90830786329536,0.8202250667662396
30.00833564879133,0.8213752054527543
30.108363434287302,0.8225275218356823
30.208391219783273,0.8236820018666083
30.308419005279244,0.8248386314707391
30.408446790775216,0.8259973965470754
30.508474576271187,0.8271582829685832
30.608502361767158,0.8283212765823661
30.70853014726313,0.8294863632098379
30.8085579327591,0.8306535286468958
30.908585718255072,0.8318227586640933
31.008613503751043,0.8329940390068133
31.108641289247014,0.8341673553954425
31.208669074742986,0.835342693525545
31.308696860238957,0.8365200390680376
31.408724645734928,0.837699377669363
31.5087524312309,0.8388806949516657
31.60878021672687,0.8400639765129678
31.708808002222842,0.8412492079273437
31.808835787718813,0.8424363747450958
31.908863573214784,0.8436254624929317
32.008891358710756,0.8448164566741396
32.10891914420672,0.8460093427687663
32.2089469297027,0.8472041062337923
32.308974715198666,0.848400732503311
32.40900250069464,0.8495992069887054
32.50903028619061,0.8507995150788257
32.60905807168658,0.8520016421401682
32.70908585718255,0.853205573517053
32.809113642678525,0.8544112945318033
32.90914142817449,0.8556187904849235
33.00916921367047,0.8568280466552796
33.109196999166436,0.8580390483002771
33.20922478466241,0.8592517806560426
33.30925257015838,0.8604662289376018
33.409280355654346,0.8616823783390619
33.50930814115032,0.8629002140337899
33.60933592664629,0.8641197211745951
33.70936371214226,0.8653408848939095
33.80939149763823,0.8665636903039681
33.909419283134206,0.8677881224969926
34.00944706863017,0.8690141665453706
34.10947485412615,0.8702418075018399
34.209502639622116,0.8714710303996687
34.30953042511809,0.87270182025284
34.40955821061406,0.8739341620562324
34.50958599611003,0.8751680407858048
34.609613781606,0.876403441398778
34.709641567101976,0.8776403488338195
34.80966935259794,0.8788787480112258
34.90969713809392,0.8801186238331072
35.009724923589886,0.8813599611835718
35.10975270908586,0.8826027449289092
35.20978049458183,0.8838469599177753
35.3098082800778,0.8850925909813773
35.40983606557377,0.8863396229336582
35.509863851069746,0.8875880405714822
35.60989163656571,0.88883782867482
35.70991942206169,0.8900889720069344
35.809947207557656,0.8913414553145657
35.90997499305362,0.8925952633281181
36.0100027785496,0.8938503807618461
36.110030564045566,0.8951067923140397
36.21005834954154,0.8963644826672124
36.31008613503751,0.8976234364882866
36.41011392053348,0.8988836384287819
36.51014170602945,0.900145073125001
36.610169491525426,0.9014077251982179
36.71019727702139,0.9026715792548644
36.81022506251737,0.9039366198867191
36.910252848013336,0.9052028316710938
37.01028063350931,0.9064701991710229
37.11030841900528,0.9077387069354504
37.21033620450125,0.9090083394994195
37.31036398999722,0.9102790813842595
37.410391775493196,0.9115509170977762
37.51041956098916,0.91282383113444
37.61044734648514,0.9140978079755745
37.710475131981106,0.9153728320895467
37.81050291747708,0.9166488879319553
37.91053070297305,0.9179259599458213
38.01055848846902,0.9192040325617766
38.11058627396499,0.9204830901982545
38.210614059460966,0.9217631172616796
38.31064184495693,0.9230440981466573
38.4106696304529,0.9243260172361654
38.510697415948876,0.9256088589017426
38.61072520144484,0.9268926075036807
38.71075298694082,0.9281772473912147
38.810780772436786,0.9294627629027128
38.91080855793276,0.9307491383658689
39.01083634342873,0.9320363580978924
39.1108641289247,0.9333244064057
39.21089191442067,0.9346132675861066
39.310919699916646,0.9359029259260175
39.41094748541261,0.9371933657026188
39.51097527090859,0.9384845711835703
39.611003056404556,0.9397765266271965
39.71103084190053,0.9410692162826787
39.8110586273965,0.9423626243902473
39.91108641289247,0.9436567351813737
40.01111419838844,0.9449515328789622
40.111141983884416,0.9462470016975433
40.21116976938038,0.947543125843465
40.31119755487636,0.9488398895150864
40.411225340372326,0.9501372769029695
40.5112531258683,0.9514352721900722
40.61128091136427,0.9527338595519417
40.71130869686024,0.9540330231569064
40.81133648235621,0.9553327471662699
40.911364267852186,0.9566330157345035
41.01139205334815,0.9579338130094394
41.11141983884412,0.9592351231324643
41.211447624340096,0.9605369302387123
41.31147540983606,0.9618392184572588
41.41150319533204,0.9631419719113137
41.511530980828006,0.9644451747184147
41.61155876632398,0.9657488109906216
41.71158655181995,0.9670528648347095
41.81161433731592,0.9683573203523628
41.91164212281189,0.9696621616403684
42.011669908307866,0.970967372790811
42.11169769380383,0.9722729378912653
42.21172547929981,0.9735788410249914
42.311753264795776,0.9748850662711277
42.41178105029175,0.9761915977048863
42.51180883578772,0.9774984193977456
42.61183662128369,0.9788055154176464
42.71186440677966,0.9801128698291839
42.811892192275636,0.9814204666938039
42.9119199777716,0.982728290069996
43.01194776326758,0.9840363240134885
43.111975548763546,0.9853445525774424
43.21200333425952,0.9866529598126461
43.31203111975549,0.9879615297677097
43.41205890525146,0.9892702464892594
43.51208669074743,0.9905790940221325
43.6121144762434,0.9918880564095708
43.71214226173937,0.9931971176934167
43.81217004723534,0.9945062619143064
43.912197832731316,0.9958154731118649
44.01222561822728,0.997124735324901
44.11225340372326,0.9984340325916012
44.212281189219226,0.999743348949725
44.3123089747152,1.001052668436799
44.41233676021117,1.0023619750903114
44.51236454570714,1.0036712529479075
44.61239233120311,1.0049804860475826
44.712420116699086,1.006289658427879
44.81244790219505,1.007598754128078
44.91247568769103,1.0089077571883969
45.012503473186996,1.0102166516501812
45.11253125868297,1.0115254215561014
45.21255904417894,1.012834050950346
45.31258682967491,1.0141425238788169
45.41261461517088,1.0154508243893228
45.512642400666856,1.0167589365317753
45.61267018616282,1.018066844358382
45.7126979716588,1.0193745319238416
45.812725757154766,1.020681983285538
45.91275354265074,1.0219891825037348
46.01278132814671,1.0232961136417695
46.112809113642676,1.024602760766248
46.21283689913865,1.0259091079472389
46.31286468463462,1.0272151392584672
46.41289247013059,1.0285208387775089
46.51292025562656,1.0298261905859853
46.612948041122536,1.0311311787697566
46.712975826618504,1.032435787419116
46.81300361211448,1.0337400006289839
46.913031397610446,1.0350438024991016
47.01305918310642,1.0363471771342256
47.11308696860239,1.0376501086443204
47.21311475409836,1.0389525811447535
47.31314253959433,1.0402545787564876
47.413170325090306,1.0415560856062762
47.51319811058627,1.0428570858268542
47.61322589608225,1.044157563557135
47.713253681578216,1.0454575029424
47.81328146707419,1.0467568881344955
47.91330925257016,1.0480557032920228
48.01333703806613,1.0493539325805339
48.1133648235621,1.0506515601727224
48.213392609058076,1.0519485702486184
48.31342039455404,1.0532449469957799
48.41344818005002,1.0545406746094859
48.513475965545986,1.05583573729293
48.61350375104196,1.0571301192574114
48.71353153653793,1.058423804722529
48.813559322033896,1.0597167779163723
48.91358710752987,1.0610090230757154
49.01361489302584,1.0623005244462074
49.11364267852181,1.0635912662825653
49.21367046401778,1.0648812328487665
49.313698249513756,1.0661704084182395
49.413726035009724,1.0674587772740565
49.5137538205057,1.0687463237091246
49.613781606001666,1.0700330320263773
49.71380939149764,1.0713188865389665
49.81383717699361,1.0726038715704527
49.91386496248958,1.0738879714549965
50.01389274798555,1.07517117053755
50.113920533481526,1.076453453174048
50.213948318977494,1.0777348037315968
50.31397610447347,1.0790152065886676
50.414003889969436,1.0802946461352838
50.51403167546541,1.0815731067732144
50.61405946096138,1.0828505729161617
50.71408724645735,1.0841270289899534
50.81411503195332,1.08540245943273
50.914142817449296,1.0866768486951375
51.01417060294526,1.0879501812405141
51.11419838844124,1.089222441545082
51.214226173937206,1.0904936140981345
51.314253959433174,1.0917636834022268
51.41428174492915,1.0930326339733645
51.514309530425116,1.0943004503411917
51.61433731592109,1.0955671170491803
51.71436510141706,1.0968326186548183
51.81439288691303,1.0980969397297982
51.914420672409,1.0993600648602038
52.014448457904976,1.1006219786467009
52.114476243400944,1.1018826657047218
52.21450402889692,1.1031421106646555
52.314531814392886,1.1044002981720333
52.41455959988886,1.1056572128877171
52.51458738538483,1.1069128394880858
52.6146151708808,1.1081671626652223
52.71464295637677,1.1094201671270998
52.814670741872746,1.1106718375977696
52.914698527368714,1.111922158817545
53.01472631286469,1.1131711155431896
53.114754098360656,1.1144186925481014
53.21478188385663,1.1156648746225002
53.3148096693526,1.1169096465736108
53.41483745484857,1.1181529932258505
53.51486524034454,1.1193948994210126
53.614893025840516,1.1206353500184518
53.71492081133648,1.1218743298952685
53.81494859683245,1.1231118239464932
53.914976382328426,1.1243478170852717
54.015004167824394,1.1255822942430465
54.11503195332037,1.1268152403697438
54.215059738816336,1.128046640433954
54.31508752431231,1.1292764794231172
54.41511530980828,1.1305047423437042
54.51514309530425,1.1317314142214019
54.61517088080022,1.132956480101293
54.715198666296196,1.13417992504804
54.815226451792164,1.1354017341460674
54.91525423728814,1.1366218924997422
55.015282022784106,1.1378403852335575
55.11530980828008,1.1390571974923118
55.21533759377605,1.1402723144412914
55.31536537927202,1.1414857212664509
55.41539316476799,1.1426974031745938
55.515420950263966,1.1439073453935529
55.615448735759934,1.14511553317237
55.71547652125591,1.1463219517814767
55.815504306751876,1.1475265865128725
55.91553209224785,1.148729422680306
56.01555987774382,1.1499304456194521
56.11558766323979,1.151129640688092
56.21561544873576,1.1523269932662912
56.315643234231736,1.1535224887565776
56.415671019727704,1.15471611258412
56.51569880522367,1.1559078501969058
56.615726590719646,1.1570976870659173
56.715754376215614,1.1582856086853102
56.81578216171159,1.1594716005725898
56.915809947207556,1.1606556482687873
57.01583773270353,1.1618377373386373
57.1158655181995,1.1630178533707518
57.21589330369547,1.1641959819777978
57.31592108919144,1.1653721087966715
57.415948874687416,1.166546219488674
57.515976660183384,1.1677182997396858
57.61600444567936,1.1688883352603416
57.716032231175326,1.1700563117862042
57.8160600166713,1.1712222150779388
57.91608780216727,1.1723860309214855
58.01611558766324,1.1735477451282348
58.11614337315921,1.174707343535198
58.216171158655186,1.1758648120051818
58.316198944151154,1.1770201364269597
58.41622672964713,1.178173302715444
58.516254515143096,1.1793242968118585
58.61628230063907,1.180473104683908
58.71631008613504,1.1816197123259524
58.81633787163101,1.1827641057591733
58.91636565712698,1.183906271031749
59.01639344262295,1.1850461942190205
59.116421228118924,1.1861838614236642
59.21644901361489,1.1873192587758599
59.316476799110866,1.1884523724334597
59.416504584606834,1.1895831885821584
59.51653237010281,1.1907116934356596
59.616560155598776,1.191837873235846
59.71658794109475,1.1929617142529447
59.81661572659072,1.1940832027856978
59.916643512086694,1.1952023251615258
60.01667129758266,1.1963190677366975
60.116699083078636,1.197433416896494
60.216726868574604,1.1985453590553763
60.31675465407058,1.1996548806571499
60.416782439566546,1.20076196817513
60.51681022506252,1.201866608112308
60.61683801055849,1.2029687870015136
60.71686579605446,1.204068491405581
60.81689358155043,1.2051657079175118
60.916921367046406,1.2062604231606386
61.016949152542374,1.2073526237887882
61.11697693803835,1.208442296486444
61.217004723534316,1.2095294279689088
61.31703250903029,1.2106140049824665
61.41706029452626,1.2116960143045434
61.517088080022226,1.21277544274387
61.6171158655182,1.2138522771406417
61.71714365101417,1.2149265043666784
61.817171436510144,1.2159981113255858
61.91719922200611,1.2170670849529142
62.017227007502086,1.218133412216318
62.117254792998054,1.2191970801157153
62.21728257849403,1.2202580756834445
62.317310363989996,1.2213163859844245
62.41733814948597,1.2223719981163115
62.51736593498194,1.223424899209656
62.617393720477914,1.2244750764280599
62.71742150597388,1.2255225169683337
62.817449291469856,1.2265672080606513
62.917477076965824,1.2276091369687068
63.0175048624618,1.2286482909898693
63.117532647957766,1.2296846574553377
63.21756043345374,1.2307182237302954
63.31758821894971,1.231748977214064
63.417616004445684,1.232776905340257
63.51764378994165,1.233801995576934
63.617671575437626,1.2348242354267513
63.717699360933594,1.2358436124271168
63.81772714642957,1.2368601141503397
63.917754931925536,1.2378737282037837
64.01778271742151,1.238884442230017
64.11781050291748,1.2398922439069637
64.21783828841345,1.2408971209480533
64.31786607390941,1.2418990611023712
64.4178938594054,1.2428980521548074
64.51792164490136,1.2438940819262063
64.61794943039733,1.244887138273514
64.7179772158933,1.2458772090899273
64.81800500138928,1.2468642823050406
64.91803278688525,1.2478483458849943
65.01806057238122,1.24882938783262
65.11808835787718,1.2498073961875868
65.21811614337317,1.250782359026549
65.31814392886913,1.2517542644632895
65.4181717143651,1.2527231006488653
65.51819949986107,1.253688855771752
65.61822728535705,1.2546515180579887
65.71825507085302,1.255611075771319
65.81828285634899,1.2565675172133377
65.91831064184495,1.2575208307236303
66.01833842734094,1.2584710046799163
66.1183662128369,1.2594180274981914
66.21839399833287,1.2603618876328682
66.31842178382884,1.2613025735769168
66.41844956932482,1.2622400738620059
66.51847735482079,1.2631743770586408
66.61850514031676,1.264105471776305
66.71853292581272,1.265033346663598
66.81856071130869,1.2659579904083733
66.91858849680467,1.2668793917378767
67.01861628230064,1.2677975394188843
67.11864406779661,1.2687124222578383
67.21867185329258,1.2696240291009846
67.31869963878856,1.2705323488345084
67.41872742428453,1.2714373703846682
67.5187552097805,1.2723390827179337
67.61878299527646,1.2732374748411182
67.71881078077244,1.2741325358015134
67.81883856626841,1.2750242546870219
67.91886635176438,1.2759126206262923
68.01889413726035,1.2767976227888498
68.11892192275633,1.277679250385229
68.2189497082523,1.278557492667105
68.31897749374826,1.2794323389274256
68.41900527924423,1.2803037785005407
68.51903306474021,1.2811718007623327
68.61906085023618,1.2820363951303457
68.71908863573215,1.2828975510639151
68.81911642122812,1.283755258064296
68.9191442067241,1.2846095056747906
69.01917199222007,1.2854602834808766
69.11919977771603,1.286307581110333
69.219227563212,1.2871513882333678
69.31925534870797,1.2879916945627432
69.41928313420395,1.2888284898539013
69.51931091969992,1.2896617639050885
69.61933870519589,1.2904915065574802
69.71936649069185,1.2913177076953053
69.81939427618784,1.2921403572459684
69.9194220616838,1.2929594451801736
70.01944984717977,1.2937749615120455
70.11947763267574,1.2945868962992524
70.21950541817172,1.2953952396431268
70.31953320366769,1.2961999816887857
70.41956098916366,1.2970011126252519
70.51958877465962,1.297798622685572
70.6196165601556,1.298592502146937
70.71964434565157,1.2993827413308001
70.81967213114754,1.3001693306029944
70.91969991664351,1.300952260373851
71.01972770213949,1.3017315210983158
71.11975548763546,1.3025071032760656
71.21978327313143,1.303278997451624
71.3198110586274,1.3040471942144765
71.41983884412338,1.304811684199186
71.51986662961934,1.3055724580855057
71.61989441511531,1.3063295065984943
71.71992220061128,1.3070828205086276
71.81994998610725,1.307832390631912
71.91997777160323,1.3085782078299957
72.0200055570992,1.3093202630102807
72.12003334259516,1.3100585471260338
72.22006112809113,1.3107930511764962
72.32008891358711,1.3115237662069938
72.42011669908308,1.312250683309046
72.52014448457905,1.3129737936204744
72.62017227007502,1.3136930883255113
72.720200055571,1.314408558654907
72.82022784106697,1.3151201958860352
72.92025562656293,1.3158279913430022
73.0202834120589,1.3165319363967503
73.12031119755488,1.3172320224651641
73.22033898305085,1.3179282410131745
73.32036676854682,1.3186205835528635
73.42039455404279,1.3193090416435669
73.52042233953877,1.3199936068919786
73.62045012503474,1.3206742709522503
73.7204779105307,1.3213510255260958
73.82050569602667,1.322023862362892
73.92053348152265,1.3226927732597769
74.02056126701862,1.3233577500617528
74.12058905251459,1.3240187846617837
74.22061683801056,1.3246758690008953
74.32064462350652,1.3253289950682725
74.4206724090025,1.3259781549013572
74.52070019449847,1.3266233405859453
74.62072797999444,1.327264544256284
74.72075576549041,1.3279017580951662
74.82078355098639,1.3285349743340276
74.92081133648236,1.3291641852530394
75.02083912197833,1.3297893831812044
75.1208669074743,1.330410560496449
75.22089469297028,1.3310277096257175
75.32092247846624,1.3316408230450625
75.42095026396221,1.3322498932797389
75.52097804945818,1.332854912904293
75.62100583495416,1.3334558745426548
75.72103362045013,1.3340527708682264
75.8210614059461,1.3346455946039724
75.92108919144206,1.3352343385225076
76.02111697693805,1.3358189954461863
76.12114476243401,1.3363995582471893
76.22117254792998,1.3369760198476102
76.32120033342595,1.3375483732195426
76.42122811892193,1.3381166113851652
76.5212559044179,1.3386807274168273
76.62128368991387,1.3392407144371323
76.72131147540983,1.3397965656190236
76.8213392609058,1.340348274185865
76.92136704640178,1.340895833411526
77.02139483189775,1.3414392366204617
77.12142261739372,1.3419784771877956
77.22145040288969,1.3425135485394
77.32147818838567,1.3430444441519758
77.42150597388164,1.343571157553132
77.5215337593776,1.344093682321465
77.62156154487357,1.3446120120866374
77.72158933036955,1.345126140529454
77.82161711586552,1.34563606138194
77.92164490136149,1.3461417684274177
78.02167268685746,1.3466432555005818
78.12170047235344,1.3471405164875747
78.2217282578494,1.3476335453260602
78.32175604334537,1.3481223360052987
78.42178382884134,1.3486068825662203
78.52181161433732,1.3490871791014962
78.62183939983329,1.3495632197556124
78.72186718532926,1.35003499872494
78.82189497082523,1.3505025102578059
78.92192275632121,1.350965748654564
79.02195054181718,1.3514247082676631
79.12197832731314,1.3518793835017175
79.22200611280911,1.3523297688135734
79.3220338983051,1.3527758587123782
79.42206168380106,1.3532176477596463
79.52208946929703,1.3536551305693254
79.622117254793,1.354088301807863
79.72214504028896,1.354517156194271
79.82217282578495,1.3549416885001897
79.92220061128091,1.355361893549952
80.02222839677688,1.355777766220646
80.12225618227285,1.3561893014421786
80.22228396776883,1.3565964941973356
80.3223117532648,1.3569993395218447
80.42233953876077,1.3573978325044345
80.52236732425673,1.3577919682868946
80.62239510975272,1.3581817420641364
80.72242289524868,1.3585671490842497
80.82245068074465,1.3589481846485616
80.92247846624062,1.3593248441116934
81.0225062517366,1.3596971228816177
81.12253403723257,1.3600650164197141
81.22256182272854,1.3604285202408246
81.3225896082245,1.3607876299133081
81.42261739372049,1.3611423410590948
81.52264517921645,1.361492649353739
81.62267296471242,1.3618385505264723
81.72270075020839,1.3621800403602558
81.82272853570437,1.362517114691831
81.92275632120034,1.362849769411771
82.0227841066963,1.3631780004645297
82.12281189219227,1.363501803848493
82.22283967768824,1.363821175616026
82.32286746318422,1.3641361118735216
82.42289524868019,1.364446608781448
82.52292303417616,1.3647526625543958
82.62295081967213,1.3650542694611236
82.72297860516811,1.3653514258246042
82.82300639066408,1.3656441280220686
82.92303417616004,1.3659323724850503
83.02306196165601,1.36621615569943
83.123089747152,1.3664954742054767
83.22311753264796,1.366770324597891
83.32314531814393,1.3670407035258465
83.4231731036399,1.36730660769303
83.52320088913588,1.3675680338576828
83.62322867463185,1.3678249788326386
83.72325646012781,1.3680774394853643
83.82328424562378,1.3683254127379967
83.92331203111976,1.368568895567381
84.02333981661573,1.3688078850051064
84.1233676021117,1.3690423781375438
84.22339538760767,1.3692723721058804
84.32342317310365,1.3694978641061546
84.42345095859962,1.3697188513892906
84.52347874409558,1.3699353312611315
84.62350652959155,1.3701473010824725
84.72353431508752,1.3703547582690925
84.8235621005835,1.3705577002917866
84.92358988607947,1.3707561246763955
85.02361767157544,1.3709500290038372
85.1236454570714,1.3711394109101356
85.22367324256739,1.3713242680864492
85.32370102806335,1.3715045982790999
85.42372881355932,1.3716803992896
85.52375659905529,1.3718516689746791
85.62378438455127,1.3720184052463105
85.72381217004724,1.3721806060717359
85.8238399555432,1.3723382694734911
85.92386774103917,1.3724913935294294
86.02389552653516,1.372639976372746
86.12392331203112,1.372784016191999
86.22395109752709,1.372923511231134
86.32397888302306,1.3730584597895026
86.42400666851904,1.3731888602218856
86.52403445401501,1.373314710938512
86.62406223951098,1.3734360104050778
86.72409002500694,1.3735527571427661
86.82411781050293,1.3736649497282643
86.9241455959989,1.373772586793781
87.02417338149486,1.3738756670270638
87.12420116699083,1.3739741891714143
87.2242289524868,1.3740681520257045
87.32425673798278,1.37415755444439
87.42428452347875,1.3742423953375251
87.52431230897471,1.374322673670776
87.62434009447068,1.374398388465433
87.72436787996666,1.3744695387984218
87.82439566546263,1.3745361238023168
87.9244234509586,1.3745981426653495
88.02445123645457,1.3746555946314198
88.12447902195055,1.3747084790001045
88.22450680744652,1.3747567951266664
88.32453459294248,1.374800542422061
88.42456237843845,1.3748397203529454
88.52459016393443,1.3748743284416838
88.6246179494304,1.3749043662663525
88.72464573492637,1.3749298334607472
88.82467352042234,1.3749507297143855
88.92470130591832,1.374967054772512
89.02472909141429,1.3749788084360999
89.12475687691025,1.374985990561855
89.22478466240622,1.3749886010622172
89.3248124479022,1.3749866399053605
89.42484023339817,1.374980107115194
89.52486801889414,1.374969002771362
89.6248958043901,1.3749533270092429
89.72492358988607,1.3749330800199466
89.82495137538206,1.374908262050314
89.92497916087802,1.374878873402912
90.02500694637399,1.3748449144360309
90.12503473186996,1.37480638556368
90.22506251736594,1.3747632872555824
90.32509030286191,1.3747156200371693
90.42511808835788,1.3746633844895737
90.52514587385384,1.3746065812496226
90.62517365934983,1.3745452110098304
90.7252014448458,1.37447927451839
90.82522923034176,1.3744087725791627
90.92525701583773,1.3743337060516705
91.02528480133371,1.374254075851083
91.12531258682968,1.374169882948209
91.22534037232565,1.374081128369482
91.32536815782161,1.3739878131969498
91.4253959433176,1.3738899385682606
91.52542372881356,1.3737875056766484
91.62545151430953,1.3736805157709193
91.7254792998055,1.373568970155436
91.82550708530148,1.3734528701901023
91.92553487079745,1.3733322172903457
92.02556265629342,1.373207012927101
92.12559044178938,1.3730772586267914
92.22561822728535,1.3729429559713109
92.32564601278133,1.3728041065980046
92.4256737982773,1.3726607121996486
92.52570158377327,1.3725127745244294
92.62572936926924,1.3723602953759229
92.72575715476522,1.3722032766130716
92.82578494026119,1.3720417201501633
92.92581272575715,1.3718756279568065
93.02584051125312,1.371705002057907
93.1258682967491,1.3715298445336428
93.22589608224507,1.3713501575194393
93.32592386774104,1.371165943205943
93.42595165323701,1.370977203838995
93.52597943873299,1.3707839417196026
93.62600722422896,1.3705861592039126
93.72603500972492,1.3703838587031822
93.82606279522089,1.370177042683749
93.92609058071687,1.3699657136670012
94.02611836621284,1.3697498742293477
94.12614615170881,1.3695295270021857
94.22617393720478,1.3693046746718687
94.32620172270076,1.369075319979674
94.42622950819673,1.3688414657217691
94.5262572936927,1.3686031147491786
94.62628507918866,1.3683602699677477
94.72631286468464,1.3681129343381082
94.82634065018061,1.3678611108756413
94.92636843567658,1.3676048026504422
95.02639622117255,1.3673440127872811
95.12642400666851,1.3670787444655665
95.2264517921645,1.3668090009193055
95.32647957766046,1.3665347854370649
95.42650736315643,1.3662561013619308
95.5265351486524,1.365972952091468
95.62656293414838,1.3656853410776784
95.72659071964435,1.3653932718269592
95.82661850514032,1.3650967479000602
95.92664629063628,1.3647957729120397
96.02667407613227,1.3644903505322212
96.12670186162823,1.3641804844841485
96.2267296471242,1.36386617854554
96.32675743262017,1.3635474365482425
96.42678521811615,1.3632242623781856
96.52681300361212,1.3628966599753334
96.62684078910809,1.3625646333336356
96.72686857460405,1.3622281865009813
96.82689636010004,1.361887323579147
96.926924145596,1.3615420487237482
97.02695193109197,1.3611923661441885
97.12697971658794,1.3608382801036076
97.22700750208392,1.36047979491883
97.32703528757989,1.360116914960313
97.42706307307586,1.3597496446520907
97.52709085857182,1.3593779884717239
97.62711864406779,1.3590019509502422
97.72714642956377,1.3586215366720913
97.82717421505974,1.3582367502750747
97.92720200055571,1.3578475964502996
98.02722978605168,1.3574540799421178
98.12725757154766,1.3570562055480682
98.22728535704363,1.3566539781188196
98.3273131425396,1.3562474025581102
98.42734092803556,1.3558364838226882
98.52736871353154,1.3554212269222514
98.62739649902751,1.3550016369193862
98.72742428452348,1.354577718929506
98.82745207001945,1.3541494781207888
98.92747985551543,1.3537169197141132
99.0275076410114,1.3532800489829968
99.12753542650736,1.3528388712535298
99.22756321200333,1.3523933919043112
99.32759099749931,1.3519436163663832
99.42761878299528,1.3514895501231647
99.52764656849125,1.3510311987103847
99.62767435398722,1.3505685677160144
99.7277021394832,1.3501016627801994
99.82772992497917,1.349630489595191
99.92775771047513,1.3491550539052768
100.0277854959711,1.3486753615067097
100.12781328146707,1.3481914182476393
100.22784106696305,1.3477032300280385
100.32786885245902,1.347210802799633
100.42789663795499,1.3467141425658278
100.52792442345095,1.3462132553816342
100.62795220894694,1.345708147353597
100.7279799944429,1.3451988246397186
100.82800777993887,1.344685293449385
100.92803556543484,1.3441675600432887
101.02806335093082,1.3436456307333544
101.12809113642679,1.3431195118826607
101.22811892192276,1.3425892099053625
101.32814670741872,1.3420547312666131
101.4281744929147,1.341516082482486
101.52820227841067,1.3409732701198942
101.62823006390664,1.3404263007965111
101.72825784940261,1.3398751811806893
101.82828563489859,1.3393199179913795
101.92831342039456,1.338760517998049
102.02834120589053,1.3381969880205986
102.1283689913865,1.3376293349292792
102.22839677688248,1.3370575656446086
102.32842456237844,1.3364816871372875
102.42845234787441,1.3359017064281136
102.52848013337038,1.3353176305878967
102.62850791886635,1.3347294667373717
102.72853570436233,1.3341372220471124
102.8285634898583,1.3335409037374446
102.92859127535426,1.332940519078357
103.02861906085023,1.3323360753894131
103.12864684634621,1.3317275800396615
103.22867463184218,1.3311150404475467
103.32870241733815,1.330498464080819
103.42873020283412,1.3298778584564426
103.5287579883301,1.329253231140503
103.62878577382607,1.3286245897481175
103.72881355932203,1.3279919419433401
103.828841344818,1.3273552954390695
103.92886913031398,1.3267146579969533
104.02889691580995,1.3260700374272956
104.12892470130592,1.3254214415889591
104.22895248680189,1.3247688783892726
104.32898027229787,1.3241123557839316
104.42900805779384,1.323451881776903
104.5290358432898,1.322787464420327
104.62906362878577,1.3221191118144187
104.72909141428175,1.3214468321073698
104.82911919977772,1.3207706334952491
104.92914698527369,1.3200905242219032
105.02917477076966,1.3194065125788539
105.12920255626562,1.3187186069051995
105.2292303417616,1.3180268155875126
105.32925812725757,1.3173311470597366
105.42928591275354,1.3166316098030841
105.52931369824951,1.3159282123459333
105.62934148374549,1.3152209632637233
105.72936926924146,1.314509871178851
105.82939705473743,1.3137949447605646
105.9294248402334,1.313076192724858
106.02945262572938,1.3123536238343658
106.12948041122534,1.311627246898255
106.22950819672131,1.3108970707721186
106.32953598221728,1.310163104357867
106.42956376771326,1.3094253566036196
106.52959155320923,1.3086838365035962
106.6296193387052,1.307938553098007
106.72964712420116,1.307189515472942
106.82967490969715,1.3064367327602608
106.92970269519311,1.3056802141374815
107.02973048068908,1.3049199688276676
107.12975826618505,1.304156006099317
107.22978605168103,1.3033883352662474
107.329813837177,1.3026169656874853
107.42984162267297,1.3018419067671487
107.52986940816893,1.3010631679543352
107.6298971936649,1.3002807587430047
107.72992497916088,1.2994946886718652
107.82995276465685,1.298704967324256
107.92998055015282,1.2979116043280305
108.03000833564879,1.297114609355439
108.13003612114477,1.2963139921230111
108.23006390664074,1.2955097623914371
108.3300916921367,1.2947019299654485
108.43011947763267,1.2938905046936995
108.53014726312865,1.2930754964686457
108.63017504862462,1.292256915226425
108.73020283412059,1.2914347709467342
108.83023061961656,1.29060907365271
108.93025840511254,1.289779833410805
109.0302861906085,1.2889470603306654
109.13031397610447,1.2881107645650083
109.23034176160044,1.2872709563094968
109.33036954709642,1.286427645802617
109.43039733259239,1.285580843325552
109.53042511808836,1.2847305592020577
109.63045290358433,1.2838768037983355
109.73048068908031,1.2830195875229076
109.83050847457628,1.2821589208264892
109.93053626007224,1.2812948142018603
110.03056404556821,1.2804272781837396
110.13059183106418,1.2795563233486549
110.23061961656016,1.2786819603148136
110.33064740205613,1.2778041997419751
110.4306751875521,1.2769230523313189
110.53070297304807,1.2760385288253158
110.63073075854405,1.275150640007595
110.73075854404001,1.274259396702815
110.83078632953598,1.2733648097765295
110.93081411503195,1.2724668901350562
111.03084190052793,1.271565648725343
111.1308696860239,1.2706610965348362
111.23089747151987,1.2697532445913435
111.33092525701583,1.268842103962903
111.43095304251182,1.2679276857576456
111.53098082800778,1.2670100011236616
111.63100861350375,1.266089061248863
111.73103639899972,1.2651648773608482
111.8310641844957,1.2642374607267648
111.93109196999167,1.2633068226531725
112.03111975548764,1.262372974485905
112.1311475409836,1.2614359276099314
112.23117532647959,1.2604956934492177
112.33120311197555,1.2595522834665887
112.43123089747152,1.2586057091635852
112.53125868296749,1.257655982080327
112.63128646846347,1.2567031137953704
112.73131425395944,1.255747115925568
112.83134203945541,1.254788000125926
112.93136982495137,1.253825778089463
113.03139761044734,1.2528604615470669
113.13142539594332,1.2518920622673524
113.23145318143929,1.2509205920565174
113.33148096693526,1.2499460627581989
113.43150875243123,1.248968486253328
113.53153653792721,1.2479878744599862
113.63156432342318,1.2470042393332597
113.73159210891914,1.2460175928650934
113.83161989441511,1.2450279470841445
113.9316476799111,1.2440353140556368
114.03167546540706,1.2430397058812126
114.13170325090303,1.2420411346987856
114.231731036399,1.241039612682393
114.33175882189498,1.2400351520420467
114.43178660739095,1.2390277650235852
114.53181439288691,1.2380174639085235
114.63184217838288,1.2370042610139036
114.73186996387886,1.2359881686921443
114.83189774937483,1.2349691993308913
114.9319255348708,1.2339473653528652
115.03195332036677,1.2329226792157104
115.13198110586275,1.231895153411843
115.23200889135872,1.2308648004682998
115.33203667685468,1.2298316329465837
115.43206446235065,1.2287956634425115
115.53209224784662,1.2277569045860601
115.6321200333426,1.2267153690412131
115.73214781883857,1.2256710695058062
115.83217560433454,1.2246240187113713
115.9322033898305,1.2235742294229828
116.03223117532649,1.2225217144391007
116.13225896082245,1.2214664865914164
116.23228674631842,1.220408558744694
116.33231453181439,1.2193479437966146
116.43234231731037,1.2182846546776194
116.53237010280634,1.2172187043507514
116.63239788830231,1.2161501058114976
116.73242567379828,1.2150788720876309
116.83245345929426,1.2140050162390503
116.93248124479022,1.2129285513576225
117.03250903028619,1.211849490567023
117.13253681578216,1.210767847022574
117.23256460127814,1.2096836339110857
117.33259238677411,1.208596864450695
117.43262017227008,1.2075075518907046
117.53264795776605,1.2064157095114216
117.63267574326203,1.2053213506239944
117.732703528758,1.2042244885702522
117.83273131425396,1.2031251367225402
117.93275909974993,1.2020233084835594
118.0327868852459,1.2009190172862008
118.13281467074188,1.1998122765933823
118.23284245623785,1.198703099897885
118.33287024173381,1.1975915007221878
118.43289802722978,1.1964774926183044
118.53292581272576,1.195361089167616
118.63295359822173,1.1942423039807069
118.7329813837177,1.193121150697197
118.83300916921367,1.1919976429855792
118.93303695470965,1.1908717945430483
119.03306474020562,1.1897436190953363
119.13309252570158,1.1886131303965455
119.23312031119755,1.1874803422289792
119.33314809669353,1.1863452684029758
119.4331758821895,1.185207922756738
119.53320366768547,1.184068319156166
119.63323145318144,1.1829264714946872
119.73325923867742,1.181782393693088
119.83328702417339,1.1806360996993432
119.93331480966935,1.1794876034884463
120.03334259516532,1.1783369190622381
120.1333703806613,1.1771840604492383
120.23339816615727,1.1760290417044728
120.33342595165324,1.174871876909302
120.43345373714921,1.1737125801712502
120.53348152264518,1.172551165623833
120.63350930814116,1.1713876474263858
120.73353709363712,1.17022203976389
120.83356487913309,1.1690543568468004
120.93359266462906,1.1678846129108726
121.03362045012504,1.1667128222169887
121.13364823562101,1.1655389990509846
121.23367602111698,1.164363157723474
121.33370380661295,1.1631853125696754
121.43373159210893,1.1620054779492361
121.5337593776049,1.1608236682460598
121.63378716310086,1.159639897868127
121.73381494859683,1.1584541812473235
121.83384273409281,1.1572665328392613
121.93387051958878,1.1560769671231048
122.03389830508475,1.1548854986013923
122.13392609058072,1.153692141799861
122.2339538760767,1.1524969112672676
122.33398166157266,1.151299821575214
122.43400944706863,1.1501008873179666
122.5340372325646,1.1489001231122806
122.63406501806058,1.1476975435972199
122.73409280355655,1.1464931634339812
122.83412058905252,1.1452869973057125
122.93414837454849,1.1440790599173356
123.03417616004445,1.142869365995367
123.13420394554043,1.1416579302877368
123.2342317310364,1.1404447675636114
123.33425951653237,1.1392298926132112
123.43428730202834,1.1380133202476312
123.53431508752432,1.1367950652986605
123.63434287302029,1.1355751426186014
123.73437065851626,1.1343535670800884
123.83439844401222,1.133130353575906
123.9344262295082,1.1319055170188088
124.03445401500417,1.1306790723413385
124.13448180050014,1.1294510344956419
124.23450958599611,1.128221418453289
124.33453737149209,1.12699023920509
124.43456515698806,1.1257575117609135
124.53459294248403,1.1245232511495027
124.63462072797999,1.1232874724182917
124.73464851347597,1.1220501906332232
124.83467629897194,1.1208114208785647
124.93470408446791,1.1195711782567233
125.03473186996388,1.1183294778880633
125.13475965545986,1.1170863349107203
125.23478744095583,1.1158417644804184
125.3348152264518,1.1145957817702836
125.43484301194776,1.1133484019706599
125.53487079744373,1.112099640288924
125.63489858293971,1.1108495119492992
125.73492636843568,1.1095980321926713
125.83495415393165,1.108345216276401
125.93498193942762,1.1070910794741393
126.0350097249236,1.10583563707564
126.13503751041956,1.104578904386575
126.23506529591553,1.1033208967283463
126.3350930814115,1.102061629437899
126.43512086690748,1.1008011178675357
126.53514865240345,1.0995393773847286
126.63517643789942,1.0982764233719318
126.73520422339539,1.0970122712263943
126.83523200889137,1.0957469363599714
126.93525979438733,1.094480434198939
127.0352875798833,1.0932127801838027
127.13531536537927,1.0919439897691112
127.23534315087525,1.0906740784232674
127.33537093637122,1.0894030616283408
127.43539872186719,1.0881309548798772
127.53542650736316,1.0868577736867107
127.63545429285914,1.0855835335707742
127.7354820783551,1.0843082500669106
127.83550986385107,1.0830319387226837
127.93553764934704,1.0817546150981874
128.03556543484302,1.0804762947658573
128.135593220339,1.0791969933102796
128.23562100583496,1.0779167263280034
128.33564879133093,1.076635509427347
128.4356765768269,1.075353358228211
128.53570436232286,1.0740702883618858
128.63573214781883,1.072786315470862
128.73575993331482,1.0715014552086384
128.8357877188108,1.0702157232395344
128.93581550430676,1.0689291352384944
129.03584328980273,1.0676417068909003
129.1358710752987,1.0663534538923791
129.23589886079466,1.065064391948611
129.33592664629063,1.0637745367751383
129.4359544317866,1.0624839040971747
129.5359822172826,1.0611925096494117
129.63601000277856,1.0599003691758295
129.73603778827453,1.058607498429502
129.8360655737705,1.0573139131724065
129.93609335926647,1.0560196291752315
130.03612114476243,1.0547246622171838
130.1361489302584,1.0534290280857974
130.23617671575437,1.052132742576739
130.33620450125036,1.050835821493617
130.43623228674633,1.0495382806477886
130.5362600722423,1.0482401358581666
130.63628785773827,1.0469414029510264
130.73631564323424,1.0456420977598142
130.8363434287302,1.0443422361249521
130.93637121422617,1.043041833893647
131.03639899972214,1.0417409069196963
131.1364267852181,1.0404394710632947
131.2364545707141,1.03913754219084
131.33648235621007,1.0378351361747427
131.43651014170604,1.0365322688932281
131.536537927202,1.0352289562301467
131.63656571269797,1.0339252140747774
131.73659349819394,1.0326210583216366
131.8366212836899,1.0313165048702817
131.93664906918588,1.0300115696251204
132.03667685468187,1.0287062684952128
132.13670464017784,1.0274006173940822
132.2367324256738,1.0260946322395161
132.33676021116977,1.0247883289533763
132.43678799666574,1.0234817234614022
132.5368157821617,1.022174831693018
132.63684356765768,1.0208676695811376
132.73687135315365,1.019560253061971
132.83689913864964,1.0182525980748298
132.9369269241456,1.0169447205619337
133.03695470964158,1.0156366364682137
133.13698249513754,1.0143283617411205
133.2370102806335,1.0130199123304282
133.33703806612948,1.0117113041880412
133.43706585162545,1.0104025532677985
133.53709363712142,1.0090936755252802
133.63712142261738,1.007784686917612
133.73714920811338,1.0064756034032716
133.83717699360935,1.0051664409418946
133.93720477910531,1.0038572154940775
134.03723256460128,1.0025479430211854
134.13726035009725,1.0012386394851567
134.23728813559322,0.9999293208483088
134.33731592108919,0.9986200030731426
134.43734370658515,0.9973107021221489
134.53737149208115,0.9960014339576126
134.63739927757712,0.9946922145414211
134.73742706307308,0.9933830598348651
134.83745484856905,0.9920739857984472
134.93748263406502,0.9907650083916868
135.037510419561,0.9894561435729248
135.13753820505696,0.9881474072991299
135.23756599055292,0.9868388155257032
135.33759377604892,0.985530384206284
135.4376215615449,0.984222129292557
135.53764934704085,0.9829140667340545
135.63767713253682,0.9816062124779642
135.7377049180328,0.9802985824689344
135.83773270352876,0.9789911926488795
135.93776048902473,0.9776840589567855
136.0377882745207,0.9763771973285161
136.13781606001666,0.975070623696618
136.23784384551266,0.9737643539901261
136.33787163100862,0.9724584041343719
136.4378994165046,0.9711527900507858
136.53792720200056,0.969847527656705
136.63795498749653,0.9685426328651793
136.7379827729925,0.9672381215847767
136.83801055848846,0.9659340097193898
136.93803834398443,0.9646303131680416
137.03806612948043,0.9633270478246916
137.1380939149764,0.9620242295780428
137.23812170047236,0.9607218743113477
137.33814948596833,0.9594199979022134
137.4381772714643,0.9581186162224096
137.53820505696027,0.9568177451376744
137.63823284245623,0.9555174005075211
137.7382606279522,0.9542175981850446
137.8382884134482,0.9529183540167281
137.93831619894416,0.951619683842251
138.03834398444013,0.9503216034942937
138.1383717699361,0.9490241287983469
138.23839955543207,0.9477272755725165
138.33842734092804,0.9464310596273322
138.438455126424,0.9451354967655544
138.53848291191997,0.9438406027819815
138.63851069741594,0.9425463934632567
138.73853848291193,0.9412528845876769
138.8385662684079,0.9399600919249995
138.93859405390387,0.9386680312362496
139.03862183939984,0.9373767182735294
139.1386496248958,0.9360861687798245
139.23867741039177,0.9347963984888128
139.33870519588774,0.9335074231246728
139.4387329813837,0.9322192584018916
139.5387607668797,0.930931920025073
139.63878855237567,0.9296454236887474
139.73881633787164,0.9283597850771788
139.8388441233676,0.9270750198641738
139.93887190886358,0.9257911437128926
140.03889969435954,0.924508172275655
140.1389274798555,0.9232261211937512
140.23895526535148,0.9219450060972516
140.33898305084747,0.9206648426048147
140.43901083634344,0.9193856463234987
140.5390386218394,0.918107432848569
140.63906640733538,0.9168302177633096
140.73909419283135,0.9155540166388325
140.8391219783273,0.9142788450338887
140.93914976382328,0.913004718494677
141.03917754931925,0.9117316525546558
141.13920533481522,0.9104596627343531
141.2392331203112,0.909188764541177
141.33926090580718,0.9079189734692285
141.43928869130315,0.9066503049991096
141.53931647679912,0.9053827745977368
141.63934426229508,0.9041163977181517
141.73937204779105,0.9028511897993334
141.83939983328702,0.9015871662660091
141.939427618783,0.9003243425284666
142.03945540427898,0.8990627339823662
142.13948318977495,0.8978023560085544
142.23951097527092,0.8965432239728739
142.33953876076689,0.8952853532259784
142.43956654626285,0.8940287591031443
142.53959433175882,0.892773456924084
142.6396221172548,0.8915194619927594
142.73964990275076,0.8902667895971956
142.83967768824675,0.8890154550092931
142.93970547374272,0.8877654734846436
143.0397332592387,0.8865168602623423
143.13976104473466,0.885269630564803
143.23978883023062,0.8840237995975723
143.3398166157266,0.882779382549144
143.43984440122256,0.8815363945907747
143.53987218671853,0.8802948508762977
143.6398999722145,0.8790547665419397
143.7399277577105,0.8778161567061343
143.83995554320646,0.8765790364693401
143.93998332870243,0.8753434209138544
144.0400111141984,0.8741093251036305
144.14003889969436,0.8728767640840935
144.24006668519033,0.8716457528819579
144.3400944706863,0.870416306505043
144.44012225618226,0.8691884399420906
144.54015004167826,0.8679621681625826
144.64017782717423,0.8667375061165586
144.7402056126702,0.8655144687344323
144.84023339816616,0.8642930709268106
144.94026118366213,0.8630733275843119
145.0402889691581,0.8618552535773841
145.14031675465407,0.8606388637561234
145.24034454015003,0.8594241729500935
145.34037232564603,0.8582111959681438
145.440400111142,0.8569999475982317
145.54042789663796,0.8557904426072384
145.64045568213393,0.8545826957407913
145.7404834676299,0.8533767217230839
145.84051125312587,0.852172535256696
145.94053903862184,0.8509701510224145
146.0405668241178,0.8497695836790544
146.14059460961377,0.8485708478632803
146.24062239510977,0.8473739581894272
146.34065018060573,0.8461789292493246
146.4406779661017,0.8449857756121154
146.54070575159767,0.8437945118240802
146.64073353709364,0.8426051524084596
146.7407613225896,0.8414177118652771
146.84078910808557,0.8402322046711627
146.94081689358154,0.8390486452791756
147.04084467907754,0.8378670481186281
147.1408724645735,0.8366874275949117
147.24090025006947,0.8355097980893182
147.34092803556544,0.8343341739588666
147.4409558210614,0.833160569536127
147.54098360655738,0.831988999129047
147.64101139205334,0.8308194770207762
147.7410391775493,0.8296520174694925
147.8410669630453,0.8284866347082278
147.94109474854127,0.8273233429446958
148.04112253403724,0.8261621563611177
148.1411503195332,0.8250030891140487
148.24117810502918,0.8238461553342072
148.34120589052515,0.8226913691263007
148.4412336760211,0.8215387445688551
148.54126146151708,0.8203882957140426
148.64128924701305,0.8192400365875103
148.74131703250904,0.8180939811882092
148.841344818005,0.816950143488224
148.94137260350098,0.8158085374326027
149.04140038899695,0.8146691769391855
149.14142817449292,0.8135320758984363
149.24145595998888,0.8123972481732731
149.34148374548485,0.8112647075988986
149.44151153098082,0.810134467982632
149.54153931647681,0.8090065431037401
149.64156710197278,0.8078809467132706
149.74159488746875,0.8067576925338824
149.84162267296472,0.8056367942596805
149.94165045846069,0.8045182655560472
150.04167824395665,0.8034021200594765
150.14170602945262,0.8022883713774076
150.2417338149486,0.8011770330880593
150.34176160044458,0.8000681187402636
150.44178938594055,0.7989616418533021
150.54181717143652,0.7978576159167395
150.6418449569325,0.7967560543902595
150.74187274242846,0.7956569707035022
150.84190052792442,0.7945603782558983
150.9419283134204,0.7934662904165068
151.04195609891636,0.7923747205238523
151.14198388441233,0.7912856818857613
151.24201166990832,0.790199187779201
151.3420394554043,0.7891152514501174
151.44206724090026,0.7880338861132729
151.54209502639623,0.7869551049520856
151.6421228118922,0.7858789211184699
151.74215059738816,0.7848053477326737
151.84217838288413,0.7837343978831204
151.9422061683801,0.7826660846262483
152.0422339538761,0.7816004209863519
152.14226173937206,0.7805374199554236
152.24228952486803,0.7794770944929938
152.342317310364,0.7784194575259746
152.44234509585996,0.7773645219485006
152.54237288135593,0.7763123006217736
152.6424006668519,0.7752628063739038
152.74242845234787,0.7742160519997547
152.84245623784386,0.7731720502607864
152.94248402333983,0.7721308138849015
153.0425118088358,0.7710923555662873
153.14253959433177,0.7700566879652635
153.24256737982773,0.7690238237081265
153.3425951653237,0.7679937753869958
153.44262295081967,0.7669665555596612
153.54265073631564,0.7659421767494281
153.6426785218116,0.7649206514449665
153.7427063073076,0.7639019921001573
153.84273409280357,0.7628862111339421
153.94276187829954,0.7618733209301701
154.0427896637955,0.7608633338374482
154.14281744929147,0.7598562621689902
154.24284523478744,0.7588521182024661
154.3428730202834,0.7578509141798541
154.44290080577937,0.756852662307289
154.54292859127537,0.755857374754915
154.64295637677134,0.7548650636567374
154.7429841622673,0.7538757411104737
154.84301194776327,0.7528894191774066
154.94303973325924,0.751906109882237
155.0430675187552,0.7509258252129375
155.14309530425118,0.7499485771206059
155.24312308974714,0.7489743775193196
155.34315087524314,0.748003238285991
155.4431786607391,0.7470351712602219
155.54320644623508,0.7460701882441593
155.64323423173104,0.7451083010023515
155.743262017227,0.7441495212616049
155.84328980272298,0.7431938607108413
155.94331758821895,0.7422413310009546
156.0433453737149,0.741291943744669
156.1433731592109,0.740345710516398
156.24340094470688,0.7394026428521034
156.34342873020285,0.7384627522491534
156.4434565156988,0.7375260501661832
156.54348430119478,0.7365925480229556
156.64351208669075,0.7356622572002214
156.74353987218672,0.7347351890395807
156.84356765768268,0.7338113548433445
156.94359544317865,0.7328907658743974
157.04362322867465,0.7319734333560592
157.14365101417062,0.7310593684719504
157.24367879966658,0.7301485823658527
157.34370658516255,0.7292410861415755
157.44373437065852,0.7283368908628194
157.5437621561545,0.7274360075530417
157.64378994165045,0.7265384471953223
157.74381772714642,0.7256442207322291
157.84384551264242,0.7247533390656848
157.94387329813839,0.7238658130568354
158.04390108363435,0.7229816535259153
158.14392886913032,0.7221008712521164
158.2439566546263,0.721223476973458
158.34398444012226,0.7203494813866542
158.44401222561822,0.7194788951469842
158.5440400111142,0.7186117288681622
158.6440677966102,0.7177479931222078
158.74409558210616,0.7168876984393182
158.84412336760212,0.7160308553077388
158.9441511530981,0.7151774741736352
159.04417893859406,0.7143275654409662
159.14420672409003,0.7134811394713574
159.244234509586,0.7126382065839738
159.34426229508196,0.7117987770553954
159.44429008057793,0.7109628611194907
159.54431786607392,0.710130468967292
159.6443456515699,0.7093016107468728
159.74437343706586,0.7084762965632216
159.84440122256183,0.7076545364781206
159.9444290080578,0.706836340510022
160.04445679355376,0.7060217186339263
160.14448457904973,0.7052106807812607
160.2445123645457,0.7044032368397579
160.3445401500417,0.7035993966533354
160.44456793553766,0.7027991700219764
160.54459572103363,0.7020025667016084
160.6446235065296,0.7012095964039868
160.74465129202557,0.7004202687965742
160.84467907752153,0.6996345935024236
160.9447068630175,0.6988525801000615
161.04473464851347,0.69807423812337
161.14476243400946,0.6972995770614714
161.24479021950543,0.6965286063586127
161.3448180050014,0.6957613354140495
161.44484579049737,0.6949977735819319
161.54487357599334,0.6942379301711914
161.6449013614893,0.6934818144454253
161.74492914698527,0.692729435622786
161.84495693248124,0.6919808028758667
161.9449847179772,0.6912359253315914
162.0450125034732,0.6904948120711019
162.14504028896917,0.6897574721296487
162.24506807446514,0.6890239144964795
162.3450958599611,0.68829414811473
162.44512364545707,0.6875681818813155
162.54515143095304,0.686846024646822
162.645179216449,0.6861276852153977
162.74520700194498,0.6854131723446466
162.84523478744097,0.6847024947455211
162.94526257293694,0.6839956610822167
163.0452903584329,0.6832926799720649
163.14531814392888,0.6825935599854294
163.24534592942484,0.6818983096456009
163.3453737149208,0.6812069374286942
163.44540150041678,0.6805194517635433
163.54542928591275,0.6798358610315998
163.64545707140874,0.6791561735668301
163.7454848569047,0.6784803976556149
163.84551264240068,0.6778085415366464
163.94554042789665,0.6771406134008296
164.0455682133926,0.676476621391181
164.14559599888858,0.6758165736027304
164.24562378438455,0.6751604780824219
164.34565156988052,0.6745083428290152
164.44567935537648,0.6738601757929891
164.54570714087248,0.6732159848764434
164.64573492636845,0.6725757779330044
164.74576271186442,0.6719395627677266
164.84579049736038,0.6713073471369997
164.94581828285635,0.6706791387484532
165.04584606835232,0.6700549452608618
165.1458738538483,0.669434774284054
165.24590163934425,0.6688186333788169
165.34592942484025,0.6682065300568054
165.44595721033622,0.6675984717804508
165.54598499583219,0.666994465962869
165.64601278132815,0.6663945199677709
165.74604056682412,0.6657986411093717
165.8460683523201,0.6652068366523026
165.94609613781606,0.6646191138115218
166.04612392331202,0.6640354797522272
166.14615170880802,0.6634559415897676
166.246179494304,0.6628805063895575
166.34620727979996,0.6623091811669903
166.44623506529592,0.6617419728873521
166.5462628507919,0.6611788884657386
166.64629063628786,0.6606199347669683
166.74631842178383,0.6600651186055015
166.8463462072798,0.6595144467453551
166.94637399277576,0.658967925900021
167.04640177827176,0.6584255627323844
167.14642956376773,0.6578873638546424
167.2464573492637,0.6573533358282231
167.34648513475966,0.656823485163706
167.44651292025563,0.6562978183207424
167.5465407057516,0.6557763417079768
167.64656849124756,0.6552590616829685
167.74659627674353,0.6547459845521146
167.84662406223953,0.6542371165705723
167.9466518477355,0.6537324639421839
168.04667963323146,0.6532320328193997
168.14670741872743,0.6527358293032042
168.2467352042234,0.6522438594430406
168.34676298971937,0.6517561292367384
168.44679077521533,0.651272644630439
168.5468185607113,0.6507934115185241
168.6468463462073,0.650318435743543
168.74687413170327,0.6498477230961426
168.84690191719923,0.6493812793149956
168.9469297026952,0.6489191100867309
169.04695748819117,0.6484612210458647
169.14698527368714,0.6480076177747313
169.2470130591831,0.6475583058034151
169.34704084467907,0.6471132906096837
169.44706863017504,0.6466725776189202
169.54709641567104,0.6462361722040578
169.647124201167,0.6458040796855147
169.74715198666297,0.6453763053311274
169.84717977215894,0.6449528543560887
169.9472075576549,0.6445337319228828
170.04723534315087,0.6441189431412224
170.14726312864684,0.6437084930679868
170.2472909141428,0.6433023867071606
170.3473186996388,0.6429006290097714
170.44734648513477,0.6425032248738308
170.54737427063074,0.6421101791442744
170.6474020561267,0.6417214966129017
170.74742984162268,0.6413371820183191
170.84745762711864,0.6409572400458812
170.9474854126146,0.640581675327634
171.04751319811058,0.6402104924422585
171.14754098360658,0.6398436959150144
171.24756876910254,0.6394812902176861
171.3475965545985,0.6391232797685265
171.44762434009448,0.6387696689322044
171.54765212559045,0.6384204620197514
171.6476799110864,0.6380756632885081
171.74770769658238,0.6377352769420731
171.84773548207835,0.637399307130252
171.94776326757432,0.6370677579490058
172.0477910530703,0.6367406334404021
172.14781883856628,0.6364179375925652
172.24784662406225,0.6360996743396274
172.34787440955822,0.6357858475616814
172.44790219505418,0.6354764610847327
172.54792998055015,0.635171518680653
172.64795776604612,0.6348710240671342
172.7479855515421,0.6345749809076437
172.84801333703808,0.6342833928113785
172.94804112253405,0.6339962633332223
173.04806890803002,0.6337135959737017
173.14809669352599,0.6334353941789432
173.24812447902195,0.6331616613406323
173.34815226451792,0.6328924007959709
173.4481800500139,0.6326276158276372
173.54820783550986,0.6323673096637453
173.64823562100585,0.6321114854778068
173.74826340650182,0.6318601463886911
173.8482911919978,0.6316132954605879
173.94831897749376,0.6313709357029692
174.04834676298972,0.6311330700705536
174.1483745484857,0.6308997014632698
174.24840233398166,0.6306708327262208
174.34843011947763,0.63044646664965
174.4484579049736,0.6302266059689066
174.5484856904696,0.6300112533644124
174.64851347596556,0.6298004114616294
174.74854126146153,0.6295940828310276
174.8485690469575,0.6293922699880534
174.94859683245346,0.6291949753930994
175.04862461794943,0.629002201451474
175.1486524034454,0.6288139505133723
175.24868018894136,0.6286302248738475
175.34870797443736,0.6284510267727826
175.44873575993333,0.6282763583948636
175.5487635454293,0.6281062218695525
175.64879133092526,0.627940619271061
175.74881911642123,0.6277795526183265
175.8488469019172,0.6276230238749856
175.94887468741317,0.6274710349493519
176.04890247290913,0.6273235876943917
176.14893025840513,0.6271806839077019
176.2489580439011,0.6270423253314877
176.34898582939707,0.6269085136525419
176.44901361489303,0.6267792505022233
176.549041400389,0.6266545374564383
176.64906918588497,0.6265343760356206
176.74909697138094,0.6264187677047127
176.8491247568769,0.6263077138731488
176.94915254237287,0.6262012158948367
177.04918032786887,0.626099275068142
177.14920811336484,0.6260018926358717
177.2492358988608,0.6259090697852594
177.34926368435677,0.6258208076479512
177.44929146985274,0.6257371072999909
177.5493192553487,0.6256579697618077
177.64934704084467,0.6255833959982032
177.74937482634064,0.6255133869183405
177.84940261183664,0.6254479433757323
177.9494303973326,0.6253870661682304
178.04945818282857,0.6253307560380168
178.14948596832454,0.6252790136715941
178.2495137538205,0.6252318396997769
178.34954153931648,0.6251892346976848
178.44956932481244,0.6251511991847347
178.5495971103084,0.6251177336246351
178.6496248958044,0.6250888384253797
178.74965268130038,0.625064513939243
178.84968046679634,0.6250447604627762
178.9497082522923,0.6250295782368028
179.04973603778828,0.6250189674464163
179.14976382328425,0.6250129282209775
179.2497916087802,0.6250114606341137
179.34981939427618,0.6250145647037166
179.44984717977215,0.6250222403919432
179.54987496526815,0.6250344876052157
179.6499027507641,0.6250513061942227
179.74993053626008,0.6250726959539211
179.84995832175605,0.6250986566235386
179.94998610725202,0.6251291878865768
180.05001389274798,0.6251642893708151
180.15004167824395,0.6252039606483154
180.25006946373992,0.6252482012354269
180.35009724923592,0.6252970105927926
180.45012503473188,0.6253503881253551
180.55015282022785,0.6254083331823648
180.65018060572382,0.6254708450573867
180.7502083912198,0.6255379229883103
180.85023617671575,0.625609566157358
180.95026396221172,0.6256857736910948
181.0502917477077,0.6257665446604401
181.15031953320369,0.6258518780806784
181.25034731869965,0.6259417729114707
181.35037510419562,0.6260362280568681
181.4504028896916,0.6261352423653248
181.55043067518756,0.6262388146297124
181.65045846068352,0.6263469435873339
181.7504862461795,0.6264596279199397
181.85051403167546,0.6265768662537441
181.95054181717143,0.6266986571594406
182.05056960266742,0.6268249991522211
182.1505973881634,0.6269558906917924
182.25062517365936,0.6270913301823959
182.35065295915533,0.6272313159728273
182.4506807446513,0.6273758463564556
182.55070853014726,0.6275249195712449
182.65073631564323,0.6276785337997759
182.7507641011392,0.6278366871692671
182.8507918866352,0.6279993777515989
182.95081967213116,0.6281666035633359
183.05084745762713,0.6283383625657519
183.1508752431231,0.6285146526648544
183.25090302861906,0.6286954717114106
183.35093081411503,0.6288808175009728
183.450958599611,0.6290706877739058
183.55098638510697,0.6292650802154147
183.65101417060296,0.6294639924555723
183.75104195609893,0.6296674220693486
183.8510697415949,0.6298753665766403
183.95109752709087,0.6300878234423013
184.05112531258683,0.6303047900761727
184.1511530980828,0.630526263833115
184.25118088357877,0.6307522420130411
184.35120866907474,0.6309827218609474
184.4512364545707,0.6312177005669491
184.5512642400667,0.6314571752663135
184.65129202556267,0.631701143039495
184.75131981105864,0.6319496009121713
184.8513475965546,0.6322025458552791
184.95137538205057,0.632459974785051
185.05140316754654,0.6327218845630533
185.1514309530425,0.6329882719962246
185.25145873853847,0.633259133836914
185.35148652403447,0.633534466782921
185.45151430953044,0.6338142674775362
185.5515420950264,0.6340985325095814
185.65156988052237,0.634387258413452
185.75159766601834,0.6346804416691586
185.8516254515143,0.6349780787023702
185.95165323701028,0.635280165884458
186.05168102250624,0.6355866995325392
186.15170880800224,0.6358976759095224
186.2517365934982,0.6362130912241521
186.35176437899418,0.6365329416310568
186.45179216449014,0.6368572232307936
186.5518199499861,0.637185932069898
186.65184773548208,0.6375190641409303
186.75187552097805,0.6378566153825251
186.85190330647401,0.6381985816794415
186.95193109196998,0.638544958862612
187.05195887746598,0.6388957427091945
187.15198666296195,0.6392509289426227
187.2520144484579,0.6396105132326592
187.35204223395388,0.6399744911954477
187.45207001944985,0.6403428583935669
187.55209780494582,0.640715610336084
187.65212559044178,0.6410927424786099
187.75215337593775,0.6414742502233546
187.85218116143375,0.6418601289191829
187.95220894692972,0.6422503738616714
188.05223673242568,0.642644980293166
188.15226451792165,0.6430439434028394
188.25229230341762,0.6434472583267503
188.3523200889136,0.6438549201479025
188.45234787440955,0.6442669238963045
188.55237565990552,0.6446832645490304
188.65240344540152,0.6451039370302813
188.75243123089749,0.6455289362114471
188.85245901639345,0.6459582569111688
188.95248680188942,0.6463918938954014
189.0525145873854,0.6468298418774787
189.15254237288136,0.6472720955181772
189.25257015837732,0.6477186494257803
189.3525979438733,0.648169498156146
189.4526257293693,0.6486246362127714
189.55265351486526,0.6490840580468604
189.65268130036122,0.6495477580573921
189.7527090858572,0.6500157305911878
189.85273687135316,0.6504879699429806
189.95276465684913,0.6509644703554854
190.0527924423451,0.6514452260194677
190.15282022784106,0.651930231073816
190.25284801333703,0.6524194796056123
190.35287579883303,0.6529129656502043
190.452903584329,0.6534106831912783
190.55293136982496,0.6539126261609324
190.65295915532093,0.654418788439751
190.7529869408169,0.6549291638568786
190.85301472631286,0.6554437461900955
190.95304251180883,0.6559625291658937
191.0530702973048,0.656485506459553
191.1530980828008,0.6570126716952185
191.25312586829676,0.657544018445978
191.35315365379273,0.6580795402339408
191.4531814392887,0.6586192305303165
191.55320922478467,0.659163082755494
191.65323701028063,0.6597110902791227
191.7532647957766,0.6602632464201927
191.85329258127257,0.6608195444471167
191.95332036676857,0.6613799775778113
192.05334815226453,0.6619445389797801
192.1533759377605,0.6625132217701977
192.25340372325647,0.6630860190159922
192.35343150875244,0.6636629237339313
192.4534592942484,0.664243928890706
192.55348707974437,0.6648290274030173
192.65351486524034,0.665418212137662
192.7535426507363,0.6660114759116202
192.8535704362323,0.6666088114921427
192.95359822172827,0.667210211596838
193.05362600722424,0.6678156688937634
193.1536537927202,0.6684251760015124
193.25368157821617,0.6690387254893058
193.35370936371214,0.6696563098770814
193.4537371492081,0.6702779216355863
193.55376493470408,0.6709035531864675
193.65379272020007,0.6715331969023657
193.75382050569604,0.6721668451070065
193.853848291192,0.6728044900752953
193.95387607668798,0.6734461240334113
194.05390386218394,0.6740917391589021
194.1539316476799,0.674741327580779
194.25395943317588,0.6753948813796127
194.35398721867185,0.676052392587631
194.45401500416784,0.6767138531888144
194.5540427896638,0.6773792551189943
194.65407057515978,0.6780485902659527
194.75409836065575,0.6787218504695189
194.8541261461517,0.6793990275216706
194.95415393164768,0.680080113166633
195.05418171714365,0.68076509910098
195.15420950263962,0.6814539769737358
195.25423728813558,0.6821467383864754
195.35426507363158,0.6828433748934286
195.45429285912755,0.6835438780015812
195.55432064462352,0.6842482391707803
195.65434843011948,0.6849564498138374
195.75437621561545,0.685668501296633
195.85440400111142,0.6863843849382227
195.9544317866074,0.6871040920109419
196.05445957210335,0.6878276137405135
196.15448735759935,0.6885549413061538
196.25451514309532,0.6892860658406801
196.3545429285913,0.6900209784306195
196.45457071408725,0.6907596701163173
196.55459849958322,0.691502131892046
196.6546262850792,0.6922483547061149
196.75465407057516,0.6929983294609812
196.85468185607112,0.69375204701336
196.95470964156712,0.6945094981743372
197.0547374270631,0.6952706737094791
197.15476521255906,0.696035564338948
197.25479299805502,0.6968041607376125
197.354820783551,0.6975764535351633
197.45484856904696,0.6983524333162265
197.55487635454293,0.6991320906204781
197.6549041400389,0.6999154159427599
197.75493192553486,0.7007023997331956
197.85495971103086,0.7014930323973065
197.95498749652683,0.7022873042961286
198.0550152820228,0.703085205746331
198.15504306751876,0.7038867270203324
198.25507085301473,0.7046918583464215
198.3550986385107,0.7055005899088747
198.45512642400666,0.706312911848076
198.55515420950263,0.7071288142606379
198.65518199499863,0.707948287199522
198.7552097804946,0.7087713206741593
198.85523756599056,0.7095979046505728
198.95526535148653,0.7104280290515003
199.0552931369825,0.711261683756516
199.15532092247847,0.712098858602155
199.25534870797443,0.7129395433820369
199.3553764934704,0.713783727846989
199.4554042789664,0.7146314017051738
199.55543206446237,0.7154825546222119
199.65545984995833,0.7163371762213095
199.7554876354543,0.717195256083385
199.85551542095027,0.7180567837471945
199.95554320644624,0.7189217487094615
200.0555709919422,0.7197901404250031
200.15559877743817,0.7206619483068595
200.25562656293414,0.7215371617264226
200.35565434843014,0.7224157700135665
200.4556821339261,0.7232977624567759
200.55570991942207,0.7241831283032786
200.65573770491804,0.7250718567591754
200.755765490414,0.7259639369895721
200.85579327590997,0.7268593581187112
200.95582106140594,0.727758109230105
201.0558488469019,0.7286601793666687
201.1558766323979,0.7295655575308531
201.25590441789387,0.7304742326847796
201.35593220338984,0.7313861937503747
201.4559599888858,0.732301429609505
201.55598777438178,0.7332199291041122
201.65601555987774,0.7341416810363494
201.7560433453737,0.7350666741687182
201.85607113086968,0.7359948972242052
201.95609891636568,0.7369263388864197
202.05612670186164,0.7378609877997303
202.1561544873576,0.7387988325694058
202.25618227285358,0.7397398617617528
202.35621005834955,0.7406840639042545
202.4562378438455,0.7416314274857115
202.55626562934148,0.7425819409563823
202.65629341483745,0.7435355927281229
202.75632120033342,0.7444923711745293
202.8563489858294,0.7454522646310793
202.95637677132538,0.7464152613952726
203.05640455682135,0.7473813497267763
203.15643234231732,0.7483505178475667
203.25646012781328,0.7493227539420726
203.35648791330925,0.7502980461573204
203.45651569880522,0.751276382603077
203.5565434843012,0.7522577513519966
203.65657126979718,0.7532421404397649
203.75659905529315,0.7542295378652443
203.85662684078912,0.7552199315906226
203.9566546262851,0.7562133095415577
204.05668241178105,0.7572096596073256
204.15671019727702,0.7582089696409677
204.256737982773,0.7592112274594393
204.35676576826896,0.7602164208437576
204.45679355376495,0.7612245375391518
204.55682133926092,0.7622355652552105
204.6568491247569,0.7632494916660331
204.75687691025286,0.7642663044103801
204.85690469574882,0.7652859910918233
204.9569324812448,0.7663085392788966
205.05696026674076,0.7673339365052485
205.15698805223673,0.7683621702697933
205.2570158377327,0.7693932280368636
205.3570436232287,0.7704270972363639
205.45707140872466,0.7714637652639226
205.55709919422063,0.7725032194810462
205.6571269797166,0.7735454472152739
205.75715476521256,0.7745904357603319
205.85718255070853,0.7756381723762877
205.9572103362045,0.776688644289706
206.05723812170046,0.7777418386938039
206.15726590719646,0.7787977427486081
206.25729369269243,0.7798563435811099
206.3573214781884,0.7809176282854234
206.45734926368436,0.7819815839229421
206.55737704918033,0.7830481975224972
206.6574048346763,0.7841174560805155
206.75743262017227,0.7851893465611778
206.85746040566823,0.7862638558965779
206.95748819116423,0.7873409709868822
207.0575159766602,0.7884206787004884
207.15754376215617,0.7895029658741871
207.25757154765213,0.7905878193133218
207.3575993331481,0.7916752257919482
207.45762711864407,0.7927651720529978
207.55765490414004,0.7938576448084382
207.657682689636,0.7949526307394356
207.75771047513197,0.7960501164965161
207.85773826062797,0.7971500886997307
207.95776604612394,0.7982525339388151
208.0577938316199,0.7993574387733566
208.15782161711587,0.800464789732956
208.25784940261184,0.8015745733173925
208.3578771881078,0.8026867759967873
208.45790497360377,0.8038013842117698
208.55793275909974,0.8049183843736427
208.65796054459574,0.8060377628645474
208.7579883300917,0.8071595060376291
208.85801611558767,0.808283600217205
208.95804390108364,0.8094100316989297
209.0580716865796,0.8105387867499629
209.15809947207558,0.8116698516091367
209.25812725757154,0.8128032124871225
209.3581550430675,0.8139388555666008
209.4581828285635,0.8150767670024287
209.55821061405948,0.8162169329218079
209.65823839955544,0.8173593394244552
209.7582661850514,0.8185039725827716
209.85829397054738,0.8196508184420118
209.95832175604335,0.8207998630204544
210.05834954153931,0.8219510923095725
210.15837732703528,0.8231044922742039
210.25840511253125,0.8242600488527233
210.35843289802725,0.8254177479572132
210.4584606835232,0.8265775754736349
210.55848846901918,0.8277395172620018
210.65851625451515,0.8289035591565512
210.75854404001112,0.830069686965917
210.85857182550708,0.8312378864733027
210.95859961100305,0.832408143436655
211.05862739649902,0.8335804435888368
211.15865518199502,0.834754772637802
211.25868296749098,0.8359311162667685
211.35871075298695,0.8371094601343947
211.45873853848292,0.8382897898749524
211.5587663239789,0.839472091098503
211.65879410947485,0.8406563493910724
211.75882189497082,0.8418425503148272
211.8588496804668,0.8430306794082508
211.9588774659628,0.8442207221863188
212.05890525145875,0.845412664140676
212.15893303695472,0.8466064907398143
212.2589608224507,0.8478021874292485
212.35898860794666,0.8489997396316945
212.45901639344262,0.8501991327472468
212.5590441789386,0.8514003521535564
212.65907196443456,0.8526033832060089
212.75909974993053,0.8538082112379042
212.85912753542652,0.8550148215606332
212.9591553209225,0.8562231994638585
213.05918310641846,0.8574333302156937
213.15921089191443,0.8586451990628823
213.2592386774104,0.859858791230978
213.35926646290636,0.8610740919245248
213.45929424840233,0.8622910863272369
213.5593220338983,0.8635097596021802
213.6593498193943,0.864730096891953
213.75937760489026,0.8659520833188652
213.85940539038623,0.8671757039851228
213.9594331758822,0.8684009439730078
214.05946096137816,0.8696277883450604
214.15948874687413,0.8708562221442604
214.2595165323701,0.8720862303942108
214.35954431786607,0.8733177980993196
214.45957210336206,0.8745509102449831
214.55959988885803,0.8757855517977671
214.659627674354,0.8770217077055935
214.75965545984997,0.8782593628979211
214.85968324534593,0.8794985022859306
214.9597110308419,0.880739110762708
215.05973881633787,0.8819811732034292
215.15976660183384,0.8832246744655438
215.2597943873298,0.8844695993889602
215.3598221728258,0.8857159327962311
215.45984995832177,0.8869636594927356
215.55987774381774,0.8882127642668687
215.6599055293137,0.8894632318902238
215.75993331480967,0.8907150471177794
215.85996110030564,0.8919681946880844
215.9599888858016,0.8932226593234449
216.06001667129757,0.8944784257301097
216.16004445679357,0.8957354785984577
216.26007224228954,0.8969938026031833
216.3601000277855,0.8982533824034835
216.46012781328147,0.8995142026432466
216.56015559877744,0.9007762479512372
216.6601833842734,0.9020395029412851
216.76021116976938,0.9033039522124718
216.86023895526534,0.9045695803493192
216.96026674076134,0.9058363719219771
217.0602945262573,0.9071043114864106
217.16032231175328,0.9083733835845902
217.26035009724924,0.9096435727446781
217.3603778827452,0.9109148634812186
217.46040566824118,0.9121872402953262
217.56043345373715,0.913460687674874
217.66046123923311,0.9147351900946838
217.76048902472908,0.9160107320167148
217.86051681022508,0.9172872978902535
217.96054459572105,0.9185648721521019
218.060572381217,0.9198434392267697
218.16060016671298,0.9211229835266611
218.26062795220895,0.922403489452268
218.36065573770492,0.9236849413923581
218.46068352320088,0.9249673237241657
218.56071130869685,0.9262506208135823
218.66073909419285,0.9275348170153479
218.76076687968882,0.9288198966732394
218.86079466518478,0.9301058441202645
218.96082245068075,0.9313926436788512
219.06085023617672,0.932680279661038
219.1608780216727,0.933968736368667
219.26090580716865,0.9352579980935743
219.36093359266462,0.936548049117782
219.46096137816062,0.9378388737136891
219.5609891636566,0.9391304561442633
219.66101694915255,0.9404227806632336
219.76104473464852,0.9417158315152822
219.8610725201445,0.9430095929362359
219.96110030564046,0.944304049153258
220.06112809113642,0.9455991843850424
220.1611558766324,0.9468949828420041
220.26118366212836,0.9481914287264726
220.36121144762436,0.9494885062328845
220.46123923312032,0.9507861995479753
220.5612670186163,0.9520844928509735
220.66129480411226,0.953383370313793
220.76132258960823,0.9546828161012259
220.8613503751042,0.9559828143711352
220.96137816060016,0.9572833492746482
221.06140594609613,0.9585844049563504
221.16143373159213,0.9598859655544786
221.2614615170881,0.9611880152011125
221.36148930258406,0.962490538022371
221.46151708808003,0.9637935181386035
221.561544873576,0.9650969396645848
221.66157265907196,0.966400786709708
221.76160044456793,0.9677050433781789
221.8616282300639,0.9690096937692083
221.9616560155599,0.9703147219772086
222.06168380105586,0.9716201120919843
222.16171158655183,0.9729258481989289
222.2617393720478,0.9742319143792177
222.36176715754377,0.9755382947100014
222.46179494303973,0.9768449732646012
222.5618227285357,0.9781519341127023
222.66185051403167,0.9794591613205486
222.76187829952767,0.9807666389511362
222.86190608502363,0.9820743510644081
222.9619338705196,0.9833822817174493
223.06196165601557,0.9846904149646802
223.16198944151154,0.9859987348580511
223.2620172270075,0.9873072254472369
223.36204501250347,0.9886158707798316
223.46207279799944,0.9899246549015426
223.5621005834954,0.9912335618563853
223.6621283689914,0.9925425756868774
223.76215615448737,0.9938516804342332
223.86218393998334,0.9951608601385598
223.9622117254793,0.9964700988390492
224.06223951097527,0.9977793805741753
224.16226729647124,0.9990886893818864
224.2622950819672,1.0003980092998015
224.36232286746318,1.0017073243654033
224.46235065295917,1.003016618616235
224.56237843845514,1.0043258760900915
224.6624062239511,1.005635080825218
224.76243400944708,1.0069442168605014
224.86246179494304,1.008253268235667
224.962489580439,1.0095622189914721
225.06251736593498,1.0108710531699003
225.16254515143095,1.0121797548143565
225.26257293692694,1.0134883079698624
225.3626007224229,1.0147966966832478
225.46262850791888,1.016104905003349
225.56265629341485,1.0174129169812014
225.66268407891081,1.018720716670234
225.76271186440678,1.0200282881264635
225.86273964990275,1.0213356154086894
225.96276743539872,1.0226426825786883
226.06279522089469,1.0239494737014072
226.16282300639068,1.02525597284516
226.26285079188665,1.0265621640818177
226.36287857738262,1.0278680314870072
226.46290636287858,1.0291735591403033
226.56293414837455,1.030478731125422
226.66296193387052,1.0317835315304158
226.7629897193665,1.0330879444478676
226.86301750486246,1.0343919539750837
226.96304529035845,1.0356955442142894
227.06307307585442,1.0369986992728204
227.1631008613504,1.0383014032633182
227.26312864684635,1.039603640303924
227.36315643234232,1.0409053945184716
227.4631842178383,1.0422066500366816
227.56321200333426,1.043507390994353
227.66323978883023,1.04480760153356
227.76326757432622,1.046107265802842
227.8632953598222,1.0474063679573982
227.96332314531816,1.0487048921592819
228.06335093081412,1.0500028225775908
228.1633787163101,1.0513001433886635
228.26340650180606,1.0525968387762692
228.36343428730203,1.053892892931803
228.463462072798,1.0551882900544767
228.56348985829396,1.0564830143515127
228.66351764378996,1.0577770500383363
228.76354542928593,1.0590703813387674
228.8635732147819,1.0603629924852138
228.96360100027786,1.0616548677188629
229.06362878577383,1.0629459912898738
229.1636565712698,1.06423634745757
229.26368435676576,1.0655259204906302
229.36371214226173,1.066814694667281
229.46373992775773,1.0681026542754883
229.5637677132537,1.069389783613148
229.66379549874966,1.0706760669882789
229.76382328424563,1.0719614887192133
229.8638510697416,1.073246033134788
229.96387885523757,1.0745296845745358
230.06390664073353,1.0758124273888758
230.1639344262295,1.0770942459393051
230.2639622117255,1.078375124598589
230.36398999722147,1.0796550477509497
230.46401778271743,1.0809339997922605
230.5640455682134,1.0822119651302333
230.66407335370937,1.0834889281846092
230.76410113920534,1.0847648733873485
230.8641289247013,1.086039785182821
230.96415671019727,1.087313648027995
231.06418449569324,1.0885864463926267
231.16421228118924,1.0898581647594514
231.2642400666852,1.091128787624368
231.36426785218117,1.0923982994966344
231.46429563767714,1.0936666848990515
231.5643234231731,1.0949339283681536
231.66435120866907,1.0962000144543977
231.76437899416504,1.0974649277223498
231.864406779661,1.098728652750875
231.964434565157,1.0999911741333253
232.06446235065297,1.1012524764777247
232.16449013614894,1.1025125444069612
232.2645179216449,1.1037713625589718
232.36454570714088,1.1050289155869295
232.46457349263684,1.106285188159431
232.5646012781328,1.1075401649606844
232.66462906362878,1.1087938306906941
232.76465684912478,1.1100461700654494
232.86468463462074,1.1112971678171095
232.9647124201167,1.1125468086941888
233.06474020561268,1.113795077461745
233.16476799110865,1.1150419589015643
233.26479577660461,1.1162874378123455
233.36482356210058,1.117531499009887
233.46485134759655,1.1187741273272704
233.56487913309252,1.1200153076150468
233.6649069185885,1.1212550247414208
233.76493470408448,1.1224932635924347
233.86496248958045,1.1237300090721545
233.96499027507642,1.1249652461028496
234.06501806057238,1.1261989596251827
234.16504584606835,1.1274311345983887
234.26507363156432,1.1286617560004601
234.3651014170603,1.1298908088283297
234.46512920255628,1.1311182780980533
234.56515698805225,1.1323441488449928
234.66518477354822,1.1335684061239981
234.7652125590442,1.1347910350095907
234.86524034454015,1.1360120205961421
234.96526813003612,1.1372313479980607
235.0652959155321,1.1384490023499692
235.16532370102806,1.1396649688068878
235.26535148652405,1.1408792325444141
235.36537927202002,1.1420917787589047
235.465407057516,1.1433025926676552
235.56543484301196,1.1445116595090803
235.66546262850792,1.145718964542895
235.7654904140039,1.146924493050291
235.86551819949986,1.148128230334121
235.96554598499583,1.1493301617190739
236.0655737704918,1.1505302725518556
236.1656015559878,1.151728548201367
236.26562934148376,1.152924974058883
236.36565712697973,1.1541195355382294
236.4656849124757,1.1553122180759618
236.56571269797166,1.156503007131544
236.66574048346763,1.1576918881875216
236.7657682689636,1.1588788467497033
236.86579605445957,1.1600638683473357
236.96582383995556,1.1612469385332793
237.06585162545153,1.1624280428841856
237.1658794109475,1.1636071670006722
237.26590719644346,1.1647842965074986
237.36593498193943,1.165959417053742
237.4659627674354,1.1671325143129716
237.56599055293137,1.168303573983422
237.66601833842734,1.169472581788171
237.76604612392333,1.1706395234753106
237.8660739094193,1.171804384818122
237.96610169491527,1.1729671516152491
238.06612948041123,1.1741278096908707
238.1661572659072,1.1752863448948743
238.26618505140317,1.1764427431030287
238.36621283689914,1.177596990217156
238.4662406223951,1.1787490721653011
238.56626840789107,1.1798989749019082
238.66629619338707,1.1810466844079877
238.76632397888304,1.1821921866912892
238.866351764379,1.1833354677864716
238.96637954987497,1.1844765137552729
239.06640733537094,1.185615310686681
239.1664351208669,1.1867518446971024
239.26646290636288,1.1878861019305331
239.36649069185884,1.1890180685587237
239.46651847735484,1.1901477307813535
239.5665462628508,1.1912750748261942
239.66657404834677,1.19240008694928
239.76660183384274,1.1935227534350745
239.8666296193387,1.1946430605966385
239.96665740483468,1.1957609947757952
240.06668519033065,1.1968765423432994
240.1667129758266,1.1979896896990014
240.2667407613226,1.199100423272013
240.36676854681858,1.2002087295208748
240.46679633231454,1.2013145949337187
240.5668241178105,1.2024180060284353
240.66685190330648,1.2035189493528358
240.76687968880245,1.2046174114848178
240.86690747429842,1.2057133790325278
240.96693525979438,1.2068068386345254
241.06696304529035,1.2078977769599457
241.16699083078635,1.2089861807086606
241.26701861628231,1.2100720366114437
241.36704640177828,1.2111553314301298
241.46707418727425,1.2122360519577775
241.56710197277022,1.2133141850188294
241.66712975826619,1.214389717469273
241.76715754376215,1.2154626361968015
241.86718532925812,1.216532928120973
241.96721311475412,1.21760058019337
242.06724090025008,1.218665579397758
242.16726868574605,1.2197279127502463
242.26729647124202,1.2207875672994437
242.367324256738,1.2218445301266179
242.46735204223395,1.2228987883458526
242.56737982772992,1.2239503291042046
242.6674076132259,1.2249991395818607
242.7674353987219,1.2260452069922936
242.86746318421785,1.2270885185824174
242.96749096971382,1.2281290616327445
243.0675187552098,1.2291668234575397
243.16754654070576,1.2302017914049745
243.26757432620172,1.2312339528572829
243.3676021116977,1.2322632952309125
243.46762989719366,1.2332898059766815
243.56765768268963,1.234313472579928
243.66768546818562,1.2353342825606661
243.7677132536816,1.2363522234737343
243.86774103917756,1.2373672829089504
243.96776882467353,1.2383794484912618
244.0677966101695,1.2393887078808956
244.16782439566546,1.24039504877351
244.26785218116143,1.2413984589003437
244.3678799666574,1.2423989260283659
244.4679077521534,1.2433964379604254
244.56793553764936,1.2443909825353983
244.66796332314533,1.2453825476283376
244.7679911086413,1.246371121150621
244.86801889413726,1.247356691050097
244.96804667963323,1.2483392453112336
245.0680744651292,1.249318771955263
245.16810225062517,1.2502952590403287
245.26813003612116,1.2512686946616314
245.36815782161713,1.2522390669515722
245.4681856071131,1.2532063640798996
245.56821339260907,1.2541705742538531
245.66824117810503,1.2551316857183061
245.768268963601,1.2560896867559104
245.86829674909697,1.2570445656872375
245.96832453459294,1.257996310870923
246.0683523200889,1.2589449107038062
246.1683801055849,1.2598903536210746
246.26840789108087,1.2608326280964006
246.36843567657684,1.2617717226420866
246.4684634620728,1.2627076258092025
246.56849124756877,1.2636403261877251
246.66851903306474,1.2645698124066787
246.7685468185607,1.2654960731342721
246.86857460405668,1.2664190970780382
246.96860238955267,1.2673388729849713
247.06863017504864,1.2682553896416624
247.1686579605446,1.269168635874439
247.26868574604057,1.270078600549499
247.36871353153654,1.2709852725730482
247.4687413170325,1.2718886408914338
247.56876910252848,1.2727886944912805
247.66879688802445,1.2736854223996237
247.76882467352044,1.2745788136840446
247.8688524590164,1.2754688574528015
247.96888024451238,1.2763555428549647
248.06890803000834,1.2772388590805477
248.1689358155043,1.2781187953606392
248.26896360100028,1.2789953409675348
248.36899138649625,1.279868485214866
248.46901917199222,1.2807382174577335
248.56904695748818,1.2816045270928338
248.66907474298418,1.2824674035585917
248.76910252848015,1.283326836335285
248.86913031397611,1.2841828149451768
248.96915809947208,1.2850353289526415
249.06918588496805,1.2858843679642913
249.16921367046402,1.2867299216291044
249.26924145595999,1.2875719796385496
249.36926924145595,1.2884105317267136
249.46929702695195,1.2892455676704255
249.56932481244792,1.2900770772893801
249.66935259794388,1.2909050504462642
249.76938038343985,1.2917294770468795
249.86940816893582,1.2925503470402644
249.9694359544318,1.2933676504188187
250.06946373992776,1.2941813772184234
250.16949152542372,1.2949915175185638
250.26951931091972,1.29579806144245
250.3695470964157,1.296600999157136
250.46957488191165,1.297400320873642
250.56960266740762,1.298196016847072
250.6696304529036,1.2989880773767333
250.76965823839956,1.2997764928062545
250.86968602389553,1.3005612535237028
250.9697138093915,1.3013423499617023
251.06974159488746,1.3021197725975497
251.16976938038346,1.3028935119533311
251.26979716587942,1.3036635585960363
251.3698249513754,1.3044299031376752
251.46985273687136,1.3051925362353916
251.56988052236733,1.3059514485915775
251.6699083078633,1.306706630953986
251.76993609335926,1.307458074115844
251.86996387885523,1.3082057689159647
251.96999166435123,1.3089497062388604
252.0700194498472,1.3096898770148502
252.17004723534316,1.310426272220175
252.27007502083913,1.3111588828771046
252.3701028063351,1.311887700054048
252.47013059183107,1.3126127148656628
252.57015837732703,1.3133339184729615
252.670186162823,1.3140513020834224
252.770213948319,1.3147648569510946
252.87024173381496,1.3154745743767042
252.97026951931093,1.3161804457077624
253.0702973048069,1.3168824623386697
253.17032509030287,1.317580615710821
253.27035287579884,1.3182748973127094
253.3703806612948,1.3189652986800313
253.47040844679077,1.3196518113957882
253.57043623228674,1.3203344270903905
253.67046401778273,1.3210131374417589
253.7704918032787,1.3216879341754249
253.87051958877467,1.3223588090646337
253.97054737427064,1.3230257539304435
254.0705751597666,1.3236887606418248
254.17060294526257,1.3243478211157602
254.27063073075854,1.325002927317343
254.3706585162545,1.3256540712598737
254.4706863017505,1.3263012450049598
254.57071408724647,1.3269444406626105
254.67074187274244,1.3275836503913339
254.7707696582384,1.3282188663982324
254.87079744373438,1.3288500809390975
254.97082522923034,1.3294772863185051
255.0708530147263,1.3301004748899077
255.17088080022228,1.330719639055729
255.27090858571827,1.3313347712674561
255.37093637121424,1.3319458640257316
255.4709641567102,1.3325529098804443
255.57099194220618,1.3331559014308212
255.67101972770215,1.3337548313255168
255.7710475131981,1.3343496922627038
255.87107529869408,1.334940476990161
255.97110308419005,1.3355271783053615
256.07113086968604,1.3361097890555622
256.171158655182,1.3366883021378895
256.271186440678,1.3372627104994264
256.37121422617395,1.337833007137298
256.4712420116699,1.3383991850987575
256.5712697971659,1.3389612374812714
256.67129758266185,1.3395191574326022
256.7713253681578,1.3400729381508933
256.8713531536538,1.3406225728847512
256.97138093914975,1.3411680549333276
257.0714087246457,1.3417093776464022
257.1714365101417,1.3422465344244623
257.27146429563766,1.342779518718785
257.3714920811337,1.3433083240315151
257.47151986662965,1.3438329439157455
257.5715476521256,1.3443533719755958
257.6715754376216,1.3448696018662898
257.77160322311755,1.3453816272942336
257.8716310086135,1.3458894420170913
257.9716587941095,1.346393039843862
258.07168657960545,1.3468924146349543
258.1717143651014,1.3473875603022623
258.2717421505974,1.3478784708092393
258.37176993609336,1.3483651401709709
258.4717977215893,1.3488475624542489
258.5718255070853,1.349325731777643
258.67185329258126,1.3497996423115728
258.77188107807723,1.3502692882783787
258.8719088635732,1.3507346639523923
258.97193664906916,1.3511957636600058
259.0719644345652,1.3516525817797431
259.17199222006116,1.3521051127423251
259.2720200055571,1.3525533510307408
259.3720477910531,1.352997291180312
259.47207557654906,1.3534369277787626
259.572103362045,1.3538722554662812
259.672131147541,1.3543032689355898
259.77215893303696,1.3547299629320064
259.87218671853293,1.3551523322535095
259.9722145040289,1.355570371750802
260.07224228952487,1.3559840763273736
260.17227007502083,1.3563934409395628
260.2722978605168,1.3567984605966186
260.37232564601277,1.357199130360762
260.47235343150874,1.3575954453472445
260.5723812170047,1.3579874007244093
260.67240900250073,1.3583749917137498
260.7724367879967,1.358758213589967
260.87246457349266,1.3591370616810279
260.97249235898863,1.3595115313682227
261.0725201444846,1.3598816180862205
261.17254792998057,1.360247317323125
261.27257571547653,1.3606086246205302
261.3726035009725,1.3609655355735737
261.47263128646847,1.3613180458309913
261.57265907196444,1.361666151095169
261.6726868574604,1.3620098471221973
261.7727146429564,1.3623491297219208
261.87274242845234,1.3626839947579903
261.9727702139483,1.3630144381479132
262.0727979994443,1.3633404558631037
262.17282578494024,1.3636620439289306
262.2728535704362,1.3639791984247671
262.37288135593224,1.364291915484038
262.4729091414282,1.364600191294267
262.57293692692417,1.3649040220971227
262.67296471242014,1.365203404188465
262.7729924979161,1.3654983339183908
262.8730202834121,1.3657888076912763
262.97304806890804,1.3660748219658239
263.073075854404,1.3663563732551025
263.1731036399,1.3666334581265918
263.27313142539595,1.3669060732022238
263.3731592108919,1.3671742151584239
263.4731869963879,1.3674378807261505
263.57321478188385,1.367697066690937
263.6732425673798,1.3679517698929284
263.7732703528758,1.368201987226922
263.87329813837175,1.368447715642404
263.9733259238677,1.3686889521435872
264.07335370936374,1.3689256937894472
264.1733814948597,1.3691579376937582
264.2734092803557,1.3693856810251293
264.37343706585165,1.3696089210070372
264.4734648513476,1.3698276549178616
264.5734926368436,1.3700418800909173
264.67352042233955,1.3702515939144877
264.7735482078355,1.3704567938318557
264.8735759933315,1.3706574773413354
264.97360377882745,1.3708536419963027
265.0736315643234,1.3710452854052244
265.1736593498194,1.3712324052316884
265.27368713531536,1.3714149991944318
265.3737149208113,1.3715930650673678
265.4737427063073,1.371766600679614
265.57377049180326,1.3719356039155188
265.6737982772993,1.3721000727146868
265.77382606279525,1.372260005072003
265.8738538482912,1.37241539903766
265.9738816337872,1.3725662527171785
266.07390941928315,1.3727125642714324
266.1739372047791,1.3728543319166708
266.2739649902751,1.3729915539245396
266.37399277577106,1.3731242286221028
266.474020561267,1.3732523543918627
266.574048346763,1.3733759296717791
266.67407613225896,1.3734949529552898
266.7741039177549,1.3736094227913274
266.8741317032509,1.3737193377843377
266.97415948874686,1.3738246965942973
267.07418727424283,1.3739254979367286
267.1742150597388,1.3740217405827164
267.27424284523477,1.3741134233589227
267.3742706307308,1.374200545147601
267.47429841622676,1.3742831048866093
267.5743262017227,1.374361101569425
267.6743539872187,1.3744345342451543
267.77438177271466,1.374503402018546
267.87440955821063,1.374567704050002
267.9744373437066,1.3746274395555864
268.07446512920257,1.3746826078070367
268.17449291469853,1.3747332081317716
268.2745207001945,1.374779239912899
268.37454848569047,1.374820702589225
268.47457627118644,1.374857595655259
268.5746040566824,1.3748899186612205
268.67463184217837,1.3749176712130453
268.77465962767434,1.3749408529723892
268.8746874131703,1.3749594636566331
268.9747151986663,1.3749735030388852
269.0747429841623,1.3749829709479853
269.17477076965827,1.3749878672685059
269.27479855515423,1.3749881919407532
269.3748263406502,1.3749839449607695
269.47485412614617,1.3749751263803311
269.57488191164214,1.3749617363069502
269.6749096971381,1.3749437749038704
269.7749374826341,1.374921242390068
269.87496526813004,1.374894139040247
269.974993053626,1.3748624651848365
270.075020839122,1.374826221209987
270.17504862461794,1.3747854075575656
270.2750764101139,1.37474002472515
270.3751041956099,1.3746900732660228
270.47513198110585,1.3746355537891655
270.5751597666018,1.3745764669592495
270.67518755209784,1.3745128134966296
270.7752153375938,1.374444594177334
270.8752431230898,1.3743718098330557
270.97527090858574,1.3742944613511419
271.0752986940817,1.3742125496745832
271.1753264795777,1.3741260758020024
271.27535426507364,1.3740350407876416
271.3753820505696,1.3739394457413505
271.4754098360656,1.3738392918285718
271.57543762156155,1.3737345802703276
271.6754654070575,1.3736253123432045
271.7754931925535,1.3735114893793374
271.87552097804945,1.3733931127663943
271.9755487635454,1.3732701839475583
272.0755765490414,1.3731427044215108
272.17560433453735,1.373010675742413
272.2756321200333,1.3728740995198865
272.37565990552935,1.3727329774189947
272.4756876910253,1.3725873111602214
272.5757154765213,1.3724371025194504
272.67574326201725,1.372282353327944
272.7757710475132,1.3721230654723202
272.8757988330092,1.37195924089453
272.97582661850515,1.3717908815918336
273.0758544040011,1.3716179896167757
273.1758821894971,1.3714405670771619
273.27590997499306,1.3712586161360312
273.375937760489,1.3710721390116303
273.475965545985,1.370881137977387
273.57599333148096,1.3706856153618825
273.6760211169769,1.370485573548822
273.7760489024729,1.3702810149770066
273.87607668796886,1.370071942140303
273.9761044734649,1.3698583575876138
274.07613225896085,1.3696402639228458
274.1761600444568,1.3694176638048785
274.2761878299528,1.3691905599475314
274.37621561544876,1.3689589551195316
274.4762434009447,1.3687228521444788
274.5762711864407,1.3684822539008124
274.67629897193666,1.3682371633217754
274.7763267574326,1.367987583395379
274.8763545429286,1.367733517164366
274.97638232842456,1.367474967726174
275.07641011392053,1.3672119382328967
275.1764378994165,1.3669444318912471
275.27646568491247,1.366672451962517
275.37649347040843,1.366396001762538
275.4765212559044,1.3661150846616408
275.57654904140037,1.3658297040846137
275.6765768268964,1.3655398635106615
275.77660461239236,1.3652455664733634
275.87663239788833,1.3649468165606287
275.9766601833843,1.3646436174146541
276.07668796888026,1.3643359727318782
276.17671575437623,1.3640238862629386
276.2767435398722,1.3637073618126236
276.37677132536817,1.363386403239827
276.47679911086414,1.363061014457502
276.5768268963601,1.3627311994326108
276.67685468185607,1.3623969621860796
276.77688246735204,1.362058306792747
276.876910252848,1.3617152373813157
276.976938038344,1.361367758134301
277.07696582383994,1.3610158732879818
277.1769936093359,1.3606595871323464
277.2770213948319,1.360298904011042
277.3770491803279,1.3599338283213211
277.47707696582387,1.3595643645139885
277.57710475131984,1.3591905170933458
277.6771325368158,1.3588122906171378
277.7771603223118,1.3584296896964958
277.87718810780774,1.3580427189958824
277.9772158933037,1.3576513832330341
278.0772436787997,1.3572556871789039
278.17727146429564,1.3568556356576031
278.2772992497916,1.3564512335463423
278.3773270352876,1.3560424857753723
278.47735482078355,1.3556293973279239
278.5773826062795,1.3552119732401464
278.6774103917755,1.3547902186010479
278.77743817727145,1.3543641385524317
278.8774659627674,1.3539337382888341
278.97749374826344,1.3534990230574608
279.0775215337594,1.3530599981581244
279.1775493192554,1.3526166689431776
279.27757710475134,1.352169040817449
279.3776048902473,1.3517171192381774
279.4776326757433,1.3512609097149455
279.57766046123925,1.3508004178096114
279.6776882467352,1.3503356491362422
279.7777160322312,1.3498666093610452
279.87774381772715,1.3493933042022983
279.9777716032231,1.3489157394302809
280.0777993887191,1.348433920867203
280.17782717421505,1.3479478543871344
280.277854959711,1.347457545915934
280.377882745207,1.3469630014311758
280.47791053070296,1.3464642269620775
280.5779383161989,1.3459612285894262
280.67796610169495,1.3454540124455048
280.7779938871909,1.344942584714017
280.8780216726869,1.3444269516300116
280.97804945818285,1.343907119479807
281.0780772436788,1.343383094600914
281.1781050291748,1.3428548833819594
281.27813281467076,1.3423224922626071
281.3781606001667,1.3417859277334805
281.4781883856627,1.3412451963360823
281.57821617115866,1.3407003046627164
281.6782439566546,1.3401512593564053
281.7782717421506,1.3395980671108116
281.87829952764656,1.3390407346701543
281.97832731314253,1.3384792688291274
282.0783550986385,1.3379136764328172
282.17838288413446,1.3373439643766192
282.27841066963043,1.3367701396061529
282.37843845512646,1.3361922091171776
282.4784662406224,1.3356101799555087
282.5784940261184,1.3350240592169287
282.67852181161436,1.3344338540471035
282.7785495971103,1.3338395716414932
282.8785773826063,1.3332412192452665
282.97860516810226,1.3326388041532105
283.07863295359823,1.332032333709642
283.1786607390942,1.3314218153083197
283.27868852459017,1.3308072563923516
283.37871631008613,1.3301886644541066
283.4787440955821,1.3295660470351212
283.57877188107807,1.3289394117260085
283.67879966657404,1.3283087661663655
283.77882745207,1.3276741180446803
283.878855237566,1.3270354750982376
283.978883023062,1.3263928451130251
284.07891080855796,1.3257462359236387
284.17893859405393,1.325095655413186
284.2789663795499,1.324441111513191
284.37899416504587,1.3237826122034975
284.47902195054183,1.3231201655121705
284.5790497360378,1.3224537795154006
284.67907752153377,1.3217834623374034
284.77910530702974,1.3211092221503218
284.8791330925257,1.3204310671741255
284.9791608780217,1.3197490056765118
285.07918866351764,1.3190630459728032
285.1792164490136,1.3183731964258476
285.2792442345096,1.3176794654459165
285.37927202000554,1.3169818614906004
285.4792998055015,1.3162803930647078
285.5793275909975,1.3155750687201602
285.6793553764935,1.3148658970558886
285.7793831619895,1.314152886717729
285.87941094748544,1.313436046398316
285.9794387329814,1.3127153848369766
286.0794665184774,1.311990910819625
286.17949430397334,1.311262633178655
286.2795220894693,1.3105305607928315
286.3795498749653,1.3097947025871832
286.47957766046125,1.3090550675328936
286.5796054459572,1.3083116646471908
286.6796332314532,1.3075645029932395
286.77966101694915,1.3068135916800276
286.8796888024451,1.3060589398622586
286.9797165879411,1.3053005567402363
287.07974437343705,1.3045384515597567
287.179772158933,1.3037726336119912
287.279799944429,1.3030031122333763
287.379827729925,1.302229896805498
287.479855515421,1.301452996754979
287.57988330091695,1.3006724215533625
287.6799110864129,1.299888180716997
287.7799388719089,1.2991002838069206
287.87996665740485,1.298308740428744
287.9799944429008,1.2975135602325338
288.0800222283968,1.2967147529126952
288.18005001389275,1.2959123282078526
288.2800777993887,1.295106295900732
288.3801055848847,1.294296665818041
288.48013337038066,1.2934834478303499
288.5801611558766,1.29266665185197
288.6801889413726,1.2918462878408343
288.78021672686856,1.2910223657983741
288.8802445123645,1.2901948957694007
288.98027229786055,1.2893638878419775
289.0803000833565,1.2885293521473025
289.1803278688525,1.287691298859581
289.28035565434845,1.2868497381959032
289.3803834398444,1.2860046804161192
289.4804112253404,1.2851561358227142
289.58043901083636,1.2843041147606828
289.6804667963323,1.2834486276174026
289.7804945818283,1.2825896848225078
289.88052236732426,1.2817272968477627
289.98055015282023,1.280861474206932
290.0805779383162,1.2799922274556552
290.18060572381216,1.2791195671913163
290.28063350930813,1.2782435040529148
290.3806612948041,1.2773640487209363
290.48068908030007,1.2764812119172224
290.58071686579603,1.275595004404839
290.68074465129206,1.274705436987947
290.780772436788,1.273812520511669
290.880800222284,1.2729162658619575
290.98082800777996,1.2720166839654616
291.08085579327593,1.271113785789395
291.1808835787719,1.2702075823414019
291.28091136426787,1.2692980846694215
291.38093914976383,1.2683853038615558
291.4809669352598,1.2674692510459318
291.58099472075577,1.2665499373905678
291.68102250625174,1.2656273741032362
291.7810502917477,1.2647015724313273
291.88107807724367,1.2637725436617118
291.98110586273964,1.2628402991206036
292.0811336482356,1.2619048501734214
292.1811614337316,1.2609662082246502
292.28118921922754,1.2600243847177026
292.38121700472357,1.2590793911347782
292.48124479021953,1.258131238996727
292.5812725757155,1.2571799398629033
292.68130036121147,1.2562255053310296
292.78132814670744,1.2552679470370522
292.8813559322034,1.2543072766550023
292.9813837176994,1.2533435058968505
293.08141150319534,1.2523766465123662
293.1814392886913,1.2514067102889737
293.2814670741873,1.250433709051608
293.38149485968324,1.2494576546625715
293.4815226451792,1.2484785590213887
293.5815504306752,1.247496434064662
293.68157821617115,1.2465112917659245
293.7816060016671,1.245523144135496
293.8816337871631,1.244532003220335
293.9816615726591,1.2435378811038924
294.0816893581551,1.2425407899059666
294.18171714365104,1.2415407417825504
294.281744929147,1.2405377489256868
294.381772714643,1.23953182356332
294.48180050013895,1.2385229779591451
294.5818282856349,1.2375112244124593
294.6818560711309,1.2364965752580124
294.78188385662685,1.2354790428658549
294.8819116421228,1.234458639641189
294.9819394276188,1.233435378024216
295.08196721311475,1.2324092704899858
295.1819949986107,1.2313803295482433
295.2820227841067,1.2303485677432775
295.38205056960265,1.2293139976537677
295.4820783550986,1.2282766318926297
295.5821061405946,1.2272364831068634
295.6821339260906,1.2261935639773969
295.7821617115866,1.2251478872189339
295.88218949708255,1.2240994655797977
295.9822172825785,1.2230483118417743
296.0822450680745,1.2219944388199593
296.18227285357045,1.2209378593625995
296.2823006390664,1.2198785863509372
296.3823284245624,1.2188166326990535
296.48235621005836,1.2177520113537101
296.5823839955543,1.2166847352941919
296.6824117810503,1.2156148175321484
296.78243956654626,1.2145422711114355
296.8824673520422,1.2134671091079565
296.9824951375382,1.2123893446295018
297.08252292303416,1.2113089908155903
297.18255070853013,1.2102260608373088
297.2825784940261,1.2091405678971507
297.3826062795221,1.2080525252288554
297.4826340650181,1.206961946097249
297.58266185051406,1.2058688437980785
297.68268963601,1.2047732316578539
297.782717421506,1.2036751230336826
297.88274520700196,1.2025745313131082
297.9827729924979,1.2014714699139466
298.0828007779939,1.200365952284123
298.18282856348986,1.1992579919015074
298.28285634898583,1.1981476022737505
298.3828841344818,1.1970347969381194
298.48291191997777,1.195919589461332
298.58293970547373,1.1948019934393914
298.6829674909697,1.1936820224974212
298.78299527646567,1.1925596902894982
298.88302306196164,1.1914350104984868
298.98305084745766,1.1903079968358712
299.08307863295363,1.1891786630415906
299.1831064184496,1.1880470228838682
299.28313420394556,1.1869130901590457
299.38316198944153,1.1857768786914147
299.4831897749375,1.1846384023330474
299.58321756043347,1.1834976749636297
299.68324534592944,1.1823547104902894
299.7832731314254,1.181209522847428
299.88330091692137,1.1800621259965507
299.98332870241734,1.1789125339260966
300.0833564879133,1.1777607606512674
300.1833842734093,1.1766068202138567
300.28341205890524,1.175450726682079
300.3834398444012,1.1742924941503987
300.4834676298972,1.1731321367393572
300.58349541539314,1.1719696685954013
300.68352320088917,1.1708051038907104
300.78355098638514,1.1696384568230254
300.8835787718811,1.1684697416154728
300.9836065573771,1.1672989725163931
301.08363434287304,1.1661261637991671
301.183662128369,1.1649513297620413
301.283689913865,1.1637744847279528
301.38371769936094,1.162595643044358
301.4837454848569,1.1614148190830533
301.5837732703529,1.160232027240003
301.68380105584885,1.1590472819351623
301.7838288413448,1.1578605976123018
301.8838566268408,1.156671988738832
301.98388441233675,1.1554814698056262
302.0839121978327,1.1542890553268443
302.1839399833287,1.1530947598397554
302.28396776882465,1.151898597904561
302.3839955543207,1.150700584104217
302.48402333981664,1.1495007330442575
302.5840511253126,1.148299059352614
302.6840789108086,1.1470955776794387
302.78410669630455,1.1458903026969263
302.8841344818005,1.1446832490991345
302.9841622672965,1.1434744316018046
303.08419005279245,1.142263864942182
303.1842178382884,1.1410515638788383
303.2842456237844,1.139837543191489
303.38427340928035,1.1386218176808145
303.4843011947763,1.1374044021682794
303.5843289802723,1.136185311495952
303.68435676576826,1.1349645605263228
303.7843845512642,1.1337421641421246
303.8844123367602,1.13251813724615
303.9844401222562,1.1312924947610683
304.0844679077522,1.1300652516292482
304.18449569324815,1.1288364228125705
304.2845234787441,1.1276060232922478
304.3845512642401,1.126374068068643
304.48457904973606,1.1251405721610839
304.584606835232,1.1239055506076825
304.684634620728,1.1226690184651504
304.78466240622396,1.1214309908086155
304.8846901917199,1.1201914827314374
304.9847179772159,1.1189505093450263
305.08474576271186,1.1177080857786543
305.18477354820783,1.1164642271792746
305.2848013337038,1.115218948711335
305.38482911919976,1.113972265556594
305.48485690469573,1.1127241929139349
305.5848846901917,1.111474745999181
305.6849124756877,1.1102239400449092
305.7849402611837,1.1089717903002676
305.88496804667966,1.1077183120307845
305.9849958321756,1.1064635205181856
306.0850236176716,1.1052074310602071
306.18505140316756,1.1039500589704092
306.28507918866353,1.1026914195779889
306.3851069741595,1.1014315282275935
306.48513475965547,1.1001704002791335
306.58516254515143,1.098908051107596
306.6851903306474,1.0976444961028546
306.78521811614337,1.096379750669487
306.88524590163934,1.0951138302265813
306.9852736871353,1.0938467502075515
307.0853014726313,1.0925785260599488
307.18532925812724,1.0913091732452722
307.2853570436232,1.090038707238782
307.38538482911923,1.088767143529308
307.4854126146152,1.0874944976190655
307.58544040011117,1.086220785023461
307.68546818560714,1.0849460212709063
307.7854959711031,1.0836702219026282
307.88552375659907,1.082393402472479
307.98555154209504,1.0811155785467474
308.085579327591,1.0798367657039685
308.185607113087,1.078556979534733
308.28563489858294,1.0772762356414984
308.3856626840789,1.0759945496383985
308.4856904695749,1.0747119371510514
308.58571825507084,1.073428413816373
308.6857460405668,1.0721439952823815
308.7857738260628,1.0708586972080094
308.88580161155875,1.0695725352629124
308.9858293970548,1.0682855251272774
309.08585718255074,1.0669976824916336
309.1858849680467,1.065709023056658
309.2859127535427,1.064419562532986
309.38594053903864,1.0631293166410192
309.4859683245346,1.0618383011107346
309.5859961100306,1.060546531681492
309.68602389552655,1.0592540241018418
309.7860516810225,1.057960794129334
309.8860794665185,1.056666857530326
309.98610725201445,1.055372230079789
310.0861350375104,1.0540769275611177
310.1861628230064,1.0527809657659362
310.28619060850235,1.0514843604939061
310.3862183939983,1.050187127552534
310.4862461794943,1.04888928275698
310.58627396499026,1.0475908419298618
310.6863017504863,1.0462918209010637
310.78632953598225,1.0449922355075452
310.8863573214782,1.0436921015931444
310.9863851069742,1.0423914350083876
311.08641289247015,1.041090251610295
311.1864406779661,1.039788567262187
311.2864684634621,1.0384863978334917
311.38649624895805,1.0371837591995514
311.486524034454,1.0358806672414285
311.58655181995,1.0345771378457114
311.68657960544596,1.0332731869043221
311.7866073909419,1.0319688303143222
311.8866351764379,1.030664083977718
311.98666296193386,1.0293589638012677
312.0866907474298,1.028053485696287
312.1867185329258,1.0267476655784555
312.2867463184218,1.0254415193676223
312.3867741039178,1.024135062987613
312.48680188941375,1.022828312366033
312.5868296749097,1.021521283434076
312.6868574604057,1.020213992126328
312.78688524590166,1.0189064543805744
312.8869130313976,1.0175986861376043
312.9869408168936,1.0162907033410178
313.08696860238956,1.01498252193703
313.18699638788553,1.0136741578742778
313.2870241733815,1.0123656271036248
313.38705195887746,1.0110569455779668
313.48707974437343,1.0097481292520376
313.5871075298694,1.0084391940822146
313.68713531536537,1.007130156026324
313.78716310086133,1.0058210310434466
313.8871908863573,1.004511835093722
313.9872186718533,1.003202584138155
314.0872464573493,1.0018932941384242
314.18727424284526,1.0005839810566803
314.28730202834123,0.9992746608553567
314.3873298138372,0.9979653494969737
314.48735759933317,0.9966560629439438
314.58738538482913,0.995346817158377
314.6874131703251,0.9940376281018866
314.78744095582107,0.9927285117353937
314.88746874131704,0.9914194840189336
314.987496526813,0.9901105609114611
315.087524312309,0.988801758370655
315.18755209780494,0.9874930923527245
315.2875798833009,0.9861845788122147
315.3876076687969,0.9848762337018113
315.48763545429284,0.983568072972147
315.5876632397888,0.9822601125716063
315.68769102528483,0.9809523684461301
315.7877188107808,0.9796448565390269
315.88774659627677,0.9783375927907698
315.98777438177274,0.977030593138808
316.0878021672687,0.9757238735173708
316.1878299527647,0.9744174498572736
316.28785773826064,0.9731113380857238
316.3878855237566,0.9718055541261261
316.4879133092526,0.970500113897889
316.58794109474854,0.9691950333162301
316.6879688802445,0.9678903282919826
316.7879966657405,0.966586014731401
316.88802445123645,0.9652821085359675
316.9880522367324,0.9639786256021976
317.0880800222284,0.9626755818214469
317.18810780772435,0.9613729930797168
317.2881355932204,0.9600708752574608
317.38816337871634,0.9587692442293924
317.4881911642123,0.9574681158642901
317.5882189497083,0.9561675060248033
317.68824673520425,0.9548674305672602
317.7882745207002,0.9535679053414743
317.8883023061962,0.9522689461905507
317.98833009169215,0.9509705689506934
318.0883578771881,0.9496727894510122
318.1883856626841,0.9483756235133293
318.28841344818005,0.9470790869519868
318.388441233676,0.9457831955736539
318.488469019172,0.9444879651771342
318.58849680466795,0.943193411553172
318.6885245901639,0.9418995504842621
318.7885523756599,0.9406063977444552
318.88858016115586,0.9393139690991668
318.9886079466519,0.938022280304983
319.08863573214785,0.9367313471094745
319.1886635176438,0.9354411852509957
319.2886913031398,0.9341518104584988
319.38871908863575,0.9328632384513404
319.4887468741317,0.9315754849390904
319.5887746596277,0.9302885656213393
319.68880244512366,0.9290024961875083
319.7888302306196,0.9277172923166568
319.8888580161156,0.9264329696772919
319.98888580161156,0.9251495439271773
320.0889135871075,0.9238670307131421
320.1889413726035,0.9225854456708905
320.28896915809946,0.9213048044248107
320.38899694359543,0.9200251225877847
320.4890247290914,0.918746415760998
320.58905251458737,0.9174686995337493
320.6890803000834,0.9161919894832591
320.78910808557936,0.9149163011744849
320.8891358710753,0.9136416501599242
320.9891636565713,0.9123680519794292
321.08919144206726,0.9110955221600167
321.1892192275632,0.9098240762156787
321.2892470130592,0.9085537296471933
321.38927479855516,0.9072844979419351
321.48930258405113,0.9060163965736875
321.5893303695471,0.904749441002453
321.68935815504307,0.9034836466742655
321.78938594053903,0.9022190290210014
321.889413726035,0.9009556034601918
321.98944151153097,0.8996933853948343
322.08946929702694,0.898432390213206
322.1894970825229,0.8971726332886745
322.28952486801893,0.8959141299795101
322.3895526535149,0.8946568956287041
322.48958043901087,0.8934009455637728
322.58960822450683,0.8921462950965771
322.6896360100028,0.8908929595231333
322.78966379549877,0.8896409541234277
322.88969158099474,0.8883902941612296
322.9897193664907,0.8871409948839055
323.08974715198667,0.8858930715222334
323.18977493748264,0.8846465392902164
323.2898027229786,0.8834014133848982
323.3898305084746,0.882157708986177
323.48985829397054,0.8809154412566209
323.5898860794665,0.8796746253412829
323.6899138649625,0.8784352763675163
323.78994165045845,0.8771974094447902
323.8899694359544,0.8759610396645052
323.98999722145044,0.8747261820998087
324.0900250069464,0.8734928518054152
324.1900527924424,0.8722610638174164
324.29008057793834,0.8710308331531017
324.3901083634343,0.8698021748107749
324.4901361489303,0.8685751037695707
324.59016393442624,0.8673496349892723
324.6901917199222,0.866125783410129
324.7902195054182,0.8649035639526742
324.89024729091415,0.8636829915175431
324.9902750764101,0.8624640809852917
325.0903028619061,0.8612468472162145
325.19033064740205,0.860031305050164
325.290358432898,0.8588174693063698
325.390386218394,0.8576053547832576
325.49041400388995,0.8563949762582689
325.5904417893859,0.8551863484876807
325.69046957488194,0.8539794862064247
325.7904973603779,0.8527744041279125
325.8905251458739,0.8515711169438485
325.99055293136985,0.850369639324056
326.0905807168658,0.8491699859162971
326.1906085023618,0.8479721713460945
326.29063628785775,0.846776210216552
326.3906640733537,0.845582117108178
326.4906918588497,0.8443899065787065
326.59071964434565,0.8431995931629204
326.6907474298416,0.8420111913724739
326.7907752153376,0.8408247156957158
326.89080300083356,0.8396401805975127
326.9908307863295,0.8384576005190725
327.0908585718255,0.8372769898777691
327.19088635732146,0.8360983630669656
327.2909141428175,0.8349217344558384
327.39094192831345,0.8337471183892063
327.4909697138094,0.832574529187349
327.5909974993054,0.8314039811458366
327.69102528480136,0.8302354885353546
327.7910530702973,0.8290690656015298
327.8910808557933,0.8279047265647568
327.99110864128926,0.8267424856200243
328.0911364267852,0.8255823569367422
328.1911642122812,0.8244243546585688
328.29119199777716,0.8232684929032386
328.39121978327313,0.8221147857623899
328.4912475687691,0.8209632473013931
328.59127535426506,0.8198138915591794
328.69130313976103,0.8186667325480691
328.791330925257,0.8175217842536014
328.89135871075297,0.8163790606343639
328.991386496249,0.8152385756218204
329.09141428174496,0.814100343120147
329.1914420672409,0.8129643770060543
329.2914698527369,0.8118306911286238
329.39149763823286,0.8106992993091376
329.49152542372883,0.80957021534091
329.5915532092248,0.8084434529891189
329.69158099472077,0.8073190259906384
329.79160878021673,0.8061969480538718
329.8916365657127,0.8050772328585829
329.99166435120867,0.8039598940557312
330.09169213670464,0.8028449452673039
330.1917199222006,0.8017324000861508
330.2917477076966,0.8006222720758179
330.39177549319254,0.7995145747703828
330.4918032786885,0.7984093216742888
330.5918310641845,0.797306526262181
330.6918588496805,0.7962062019787407
330.79188663517647,0.7951083622385257
330.89191442067244,0.7940130204258002
330.9919422061684,0.7929201898943765
331.09196999166437,0.7918298839674502
331.19199777716034,0.7907421159374388
331.2920255626563,0.789656899065819
331.3920533481523,0.7885742465829648
331.49208113364824,0.7874941716879871
331.5921089191442,0.7864166875485719
331.6921367046402,0.7853418073008203
331.79216449013614,0.7842695440490879
331.8921922756321,0.7831999108658256
331.9922200611281,0.7821329207914198
332.09224784662405,0.7810685868340338
332.19227563212,0.7800069219694483
332.29230341761604,0.7789479391409038
332.392331203112,0.7778916512589451
332.492358988608,0.776838071201259
332.59238677410394,0.7757872118125211
332.6924145595999,0.7747390859042378
332.7924423450959,0.7736937062545904
332.89247013059185,0.7726510856082797
332.9924979160878,0.7716112366763698
333.0925257015838,0.7705741721361337
333.19255348707975,0.7695399046308987
333.2925812725757,0.768508446769892
333.3926090580717,0.7674798111280875
333.49263684356765,0.7664540102460516
333.5926646290636,0.7654310566297913
333.6926924145596,0.764410962750601
333.79272020005556,0.763393741044911
333.8927479855515,0.7623794039141353
333.99277577104755,0.7613679637245201
334.0928035565435,0.7603594328069964
334.1928313420395,0.7593538234570238
334.29285912753545,0.7583511479344454
334.3928869130314,0.7573514184633359
334.4929146985274,0.7563546472318536
334.59294248402335,0.755360846392092
334.6929702695193,0.7543700280599304
334.7929980550153,0.7533822043148874
334.89302584051126,0.7523973871999736
334.9930536260072,0.7514155887215438
335.0930814115032,0.7504368208491513
335.19310919699916,0.7494610955154022
335.2931369824951,0.7484884246158097
335.3931647679911,0.7475188200086482
335.49319255348706,0.7465522935148106
335.59322033898303,0.7455888569176622
335.69324812447906,0.7446285219628976
335.793275909975,0.7436713003584008
335.893303695471,0.7427172037740961
335.99333148096696,0.7417662438418106
336.0933592664629,0.7408184321551308
336.1933870519589,0.7398737802692619
336.29341483745486,0.738932299700886
336.39344262295083,0.7379940019280228
336.4934704084468,0.7370588983898886
336.59349819394276,0.7361270004867575
336.69352597943873,0.7351983195798223
336.7935537649347,0.7342728669910559
336.89358155043067,0.7333506540030732
336.99360933592664,0.7324316918589939
337.0936371214226,0.7315159917623049
337.19366490691857,0.730603564876724
337.2936926924146,0.7296944223260631
337.39372047791056,0.7287885751940958
337.49374826340653,0.7278860345244171
337.5937760489025,0.7269868113203126
337.69380383439847,0.7260909165446224
337.79383161989443,0.7251983611196091
337.8938594053904,0.7243091559268231
337.99388719088637,0.7234233118069711
338.09391497638234,0.7225408395597828
338.1939427618783,0.7216617499438803
338.2939705473743,0.7207860536766466
338.39399833287024,0.7199137614340945
338.4940261183662,0.7190448838507371
338.5940539038622,0.7181794315194574
338.69408168935814,0.71731741499138
338.7941094748541,0.7164588447757421
338.8941372603501,0.7156037313397647
338.9941650458461,0.7147520851085256
339.09419283134207,0.7139039164648342
339.19422061683804,0.713059235749101
339.294248402334,0.7122180532592142
339.39427618783,0.7113803792504133
339.49430397332594,0.7105462239351648
339.5943317588219,0.7097155974830367
339.6943595443179,0.7088885100205755
339.79438732981384,0.708064971631182
339.8944151153098,0.7072449923549884
339.9944429008058,0.7064285821887367
340.09447068630175,0.7056157510856558
340.1944984717977,0.7048065089553406
340.2945262572937,0.7040008656636315
340.39455404278965,0.7031988310324937
340.4945818282856,0.7024004148398972
340.5946096137816,0.7016056268196987
340.6946373992776,0.7008144766615216
340.7946651847736,0.7000269740106377
340.89469297026955,0.6992431284678531
340.9947207557655,0.6984629495893857
341.0947485412615,0.6976864468867525
341.19477632675745,0.6969136298266525
341.2948041122534,0.696144507830851
341.3948318977494,0.6953790902760655
341.49485968324535,0.6946173864938507
341.5948874687413,0.6938594057704854
341.6949152542373,0.6931051573468585
341.79494303973325,0.6923546504183568
341.8949708252292,0.6916078941347528
341.9949986107252,0.6908648976000934
342.09502639622116,0.6901256698725884
342.1950541817171,0.6893902199645007
342.29508196721315,0.6886585568420356
342.3951097527091,0.6879306894252324
342.4951375382051,0.687206626587855
342.59516532370105,0.6864863771572833
342.695193109197,0.6857699499144083
342.795220894693,0.6850573535935209
342.89524868018896,0.6843485968822081
342.9952764656849,0.6836436884212466
343.0953042511809,0.6829426368044971
343.19533203667686,0.6822454505788
343.2953598221728,0.6815521382438707
343.3953876076688,0.6808627082521966
343.49541539316476,0.6801771690089333
343.59544317866073,0.6794955288718028
343.6954709641567,0.6788177961509911
343.79549874965267,0.6781439791090471
343.89552653514863,0.6774740859607821
343.99555432064466,0.6768081248731691
344.0955821061406,0.676146103965244
344.1956098916366,0.6754880313080056
344.29563767713256,0.6748339149243183
344.39566546262853,0.6741837627888128
344.4956932481245,0.673537582827792
344.59572103362046,0.67289538291913
344.69574881911643,0.672257170892179
344.7957766046124,0.6716229545276733
344.89580439010837,0.670992741557634
344.99583217560433,0.6703665396652754
345.0958599611003,0.6697443564849102
345.19588774659627,0.6691261996018578
345.29591553209224,0.6685120765523511
345.3959433175882,0.6679019948234444
345.4959711030842,0.6672959618529224
345.5959988885802,0.6666939850292101
345.69602667407617,0.6660960716912813
345.79605445957213,0.6655022291285708
345.8960822450681,0.6649124645808842
345.99611003056407,0.6643267852383103
346.09613781606004,0.6637451982411335
346.196165601556,0.6631677106797458
346.29619338705197,0.6625943295945625
346.39622117254794,0.662025061975934
346.4962489580439,0.6614599147640615
346.5962767435399,0.6608988948489127
346.69630452903584,0.6603420090701375
346.7963323145318,0.6597892642169847
346.8963601000278,0.6592406670282189
346.99638788552375,0.6586962241920392
347.0964156710197,0.6581559423459965
347.1964434565157,0.6576198280769137
347.2964712420117,0.6570878879208042
347.3964990275077,0.6565601283627935
347.49652681300364,0.6560365558370392
347.5965545984996,0.6555171767266532
347.6965823839956,0.6550019973636232
347.79661016949154,0.6544910240287358
347.8966379549875,0.6539842629515006
347.9966657404835,0.6534817203100725
348.09669352597945,0.6529834022311791
348.1967213114754,0.6524893147900432
348.2967490969714,0.6519994640103105
348.39677688246735,0.6515138558639753
348.4968046679633,0.6510324962713083
348.5968324534593,0.650555391100784
348.69686023895525,0.6500825461690092
348.7968880244512,0.6496139672406525
348.8969158099472,0.6491496600283735
348.9969435954432,0.6486896301927534
349.0969713809392,0.6482338833422258
349.19699916643515,0.6477824250330086
349.2970269519311,0.6473352607690364
349.3970547374271,0.6468923960018926
349.49708252292305,0.6464538361307438
349.597110308419,0.6460195865022736
349.697138093915,0.6455896524106176
349.79716587941095,0.6451640390972984
349.8971936649069,0.6447427517511619
349.9972214504029,0.6443257955083153
350.09724923589886,0.6439131754520618
350.1972770213948,0.6435048966128413
350.2973048068908,0.6431009639681672
350.39733259238676,0.6427013824425669
350.4973603778827,0.642306156907521
350.59738816337875,0.6419152921814048
350.6974159488747,0.6415287930294282
350.7974437343707,0.6411466641635791
350.89747151986666,0.6407689102425648
350.9974993053626,0.6403955358717558
351.0975270908586,0.6400265456031295
351.19755487635456,0.6396619439352148
351.2975826618505,0.6393017353130369
351.3976104473465,0.6389459241280637
351.49763823284246,0.6385945147181518
351.59766601833843,0.6382475113674937
351.6976938038344,0.6379049183065653
351.79772158933037,0.6375667397120754
351.89774937482633,0.6372329797069138
351.9977771603223,0.6369036423601009
352.09780494581827,0.6365787316867385
352.19783273131424,0.636258251647961
352.29786051681026,0.6359422061508868
352.3978883023062,0.6356305990485711
352.4979160878022,0.6353234341399581
352.59794387329816,0.6350207151698354
352.69797165879413,0.6347224458287882
352.7979994442901,0.6344286297531543
352.89802722978607,0.6341392705249795
352.99805501528203,0.6338543716719742
353.098082800778,0.6335739366674705
353.19811058627397,0.6332979689303795
353.29813837176994,0.6330264718251499
353.3981661572659,0.6327594486617267
353.4981939427619,0.6324969026955112
353.59822172825784,0.6322388371273213
353.6982495137538,0.6319852551033522
353.7982772992498,0.6317361597151381
353.89830508474574,0.6314915539995143
353.99833287024177,0.631251440938581
354.09836065573774,0.6310158234596659
354.1983884412337,0.6307847044352896
354.29841622672967,0.6305580866831293
354.39844401222564,0.6303359729659858
354.4984717977216,0.6301183659917484
354.5984995832176,0.6299052684133635
354.69852736871354,0.6296966828288006
354.7985551542095,0.629492611781022
354.8985829397055,0.6292930577579509
354.99861072520144,0.6290980231924415
355.0986385106974,0.6289075104622492
355.1986662961934,0.6287215218900019
355.29869408168935,0.6285400597431706
355.3987218671853,0.6283631262340439
355.4987496526813,0.6281907235196986
355.5987774381773,0.6280228537019749
355.6988052236733,0.6278595188274505
355.79883300916924,0.6277007208874152
355.8988607946652,0.6275464618178475
355.9988885801612,0.6273967434993899
356.09891636565715,0.6272515677573267
356.1989441511531,0.6271109363615619
356.2989719366491,0.6269748510265969
356.39899972214505,0.6268433134115101
356.499027507641,0.6267163251199367
356.599055293137,0.6265938877000489
356.69908307863295,0.6264760026445371
356.7991108641289,0.6263626713905921
356.8991386496249,0.6262538953198866
356.99916643512086,0.6261496757585594
357.0991942206168,0.626050013977199
357.1992220061128,0.6259549111908274
357.2992497916088,0.6258643685588863
357.3992775771048,0.625778387185222
357.49930536260075,0.6256969681180731
357.5993331480967,0.6256201123500562
357.6993609335927,0.6255478208181552
357.79938871908865,0.6254800944037091
357.8994165045846,0.6254169339324018
357.9994442900806,0.6253583401742511
358.09947207557656,0.6253043138436005
358.1994998610725,0.6252548555991095
358.2995276465685,0.6252099660437461
358.39955543206446,0.6251696457247795
358.4995832175604,0.6251338951337732
358.5996110030564,0.6251027147065786
358.69963878855236,0.625076104823331
358.79966657404833,0.6250540658084434
358.8996943595443,0.6250365979306034
358.9997221450403,0.62502370140277
359.0997499305363,0.6250153763821705
359.19977771603226,0.6250116229702993
359.2998055015282,0.6250124412129157
359.3998332870242,0.6250178311000443
359.49986107252016,0.6250277925659744
359.59988885801613,0.6250423254892614
359.6999166435121,0.6250614296927276
359.79994442900806,0.6250851049434651
359.89997221450403,0.6251133509528379
360.0,0.6251461673764862
