Phi_fit,Counts_fit
0.0,0.5851629130268015
0.0500069454090846,0.5851377119650438
0.1000138908181692,0.5851137749968758
0.1500208362272538,0.5850911021952333
0.2000277816363384,0.585069693629201
0.25003472704542296,0.5850495493640113
0.3000416724545076,0.5850306694610441
0.3500486178635922,0.5850130539778269
0.4000555632726768,0.5849967029680343
0.45006250868176134,0.5849816164814883
0.5000694540908459,0.5849677945641575
0.5500763994999306,0.5849552372581577
0.6000833449090152,0.5849439446017514
0.6500902903180997,0.5849339166293472
0.7000972357271844,0.584925153371501
0.750104181136269,0.5849176548549142
0.8001111265453535,0.5849114211024351
0.8501180719544381,0.5849064521330579
0.9001250173635227,0.5849027479619235
0.9501319627726074,0.5849003086003183
1.0001389081816918,0.5848991340556751
1.0501458535907766,0.5848992243315729
1.1001527989998612,0.5849005794277364
1.1501597444089458,0.584903199340037
1.2001666898180303,0.5849070840604913
1.2501736352271149,0.5849122335772629
1.3001805806361995,0.5849186478746607
1.350187526045284,0.5849263269331406
1.4001944714543688,0.5849352707293041
1.4502014168634534,0.5849454792358993
1.500208362272538,0.5849569524218209
1.5502153076816225,0.5849696902521095
1.600222253090707,0.5849836926879531
1.6502291984997917,0.5849989596866858
1.7002361439088762,0.5850154912017886
1.7502430893179608,0.5850332871828899
1.8002500347270454,0.585052347575765
1.8502569801361302,0.5850726723223362
1.9002639255452147,0.5850942613606738
1.9502708709542993,0.5851171146249956
2.0002778163633836,0.5851412320456673
2.0502847617724687,0.5851666135492024
2.1002917071815532,0.5851932590582634
2.150298652590638,0.5852211684916604
2.2003055979997224,0.5852503417643531
2.250312543408807,0.5852807787874499
2.3003194888178915,0.5853124794682085
2.350326434226976,0.5853454437100364
2.4003333796360606,0.5853796714124908
2.450340325045145,0.5854151624712796
2.5003472704542298,0.5854519167782604
2.5503542158633143,0.585489934221442
2.600361161272399,0.585529214684985
2.6503681066814835,0.5855697580492008
2.700375052090568,0.5856115641905528
2.7503819974996526,0.5856546329816572
2.8003889429087376,0.5856989642912822
2.850395888317822,0.5857445579843497
2.9004028337269068,0.5857914139219347
2.9504097791359913,0.5858395319612661
3.000416724545076,0.5858889119557276
3.0504236699541605,0.5859395537548571
3.100430615363245,0.5859914572043482
3.1504375607723296,0.5860446221460499
3.200444506181414,0.5860990484179678
3.2504514515904988,0.5861547358542638
3.3004583969995833,0.5862116842852572
3.350465342408668,0.5862698935374251
3.4004722878177525,0.5863293634334026
3.450479233226837,0.5863900937919839
3.5004861786359216,0.5864520844281224
3.550493124045006,0.5865153351529312
3.6005000694540907,0.5865798457736844
3.6505070148631757,0.5866456160938165
3.7005139602722603,0.5867126459129244
3.750520905681345,0.5867809350267668
3.8005278510904295,0.5868504832272653
3.850534796499514,0.5869212903025052
3.9005417419085986,0.5869933560367361
3.950548687317683,0.5870666802103721
4.000555632726767,0.587141262599993
4.050562578135852,0.5872171029783448
4.100569523544937,0.5872942011143405
4.150576468954021,0.5873725567730606
4.2005834143631064,0.5874521697157535
4.250590359772191,0.5875330396998373
4.300597305181276,0.5876151664788994
4.35060425059036,0.5876985498026981
4.400611195999445,0.5877831894171626
4.450618141408529,0.5878690850643942
4.500625086817614,0.5879562364826675
4.550632032226698,0.58804464340643
4.600638977635783,0.5881343055663044
4.650645923044867,0.5882252226890883
4.700652868453952,0.5883173944977552
4.750659813863036,0.588410820711456
4.800666759272121,0.5885055010455189
4.850673704681206,0.5886014352114515
4.90068065009029,0.5886986229169401
4.950687595499375,0.588797063865852
5.0006945409084596,0.5888967577582357
5.050701486317545,0.5889977042903218
5.100708431726629,0.5890999031545243
5.150715377135714,0.5892033540394415
5.200722322544798,0.5893080566298561
5.250729267953883,0.5894140106067375
5.300736213362967,0.5895212156472417
5.350743158772052,0.5896296714247129
5.400750104181136,0.5897393776086841
5.450757049590221,0.5898503338648786
5.500763994999305,0.5899625398552103
5.55077094040839,0.5900759952377854
5.600777885817475,0.5901906996669031
5.650784831226559,0.5903066527930567
5.700791776635644,0.590423854262935
5.7507987220447285,0.5905423037194223
5.8008056674538135,0.5906620008016013
5.850812612862898,0.5907829451447522
5.900819558271983,0.5909051363803552
5.950826503681067,0.5910285741360917
6.000833449090152,0.5911532580358438
6.050840394499236,0.5912791876996977
6.100847339908321,0.591406362743943
6.150854285317405,0.5915347827810746
6.20086123072649,0.5916644474197945
6.250868176135574,0.5917953562650118
6.300875121544659,0.5919275089178446
6.350882066953743,0.5920609049756214
6.400889012362828,0.5921955440318813
6.450895957771913,0.5923314256763771
6.5009029031809975,0.5924685494950742
6.5509098485900825,0.5926069150701538
6.600916793999167,0.5927465219800134
6.650923739408252,0.5928873697992677
6.700930684817336,0.5930294580987509
6.750937630226421,0.5931727864455169
6.800944575635505,0.5933173544028414
6.85095152104459,0.5934631615302233
6.900958466453674,0.5936102073833851
6.950965411862759,0.5937584915142753
7.000972357271843,0.593908013471069
7.050979302680928,0.5940587727981703
7.100986248090012,0.5942107690362121
7.150993193499097,0.594364001722059
7.2010001389081815,0.5945184703888081
7.2510070843172665,0.5946741745657902
7.3010140297263515,0.5948311137785717
7.351020975135436,0.5949892875489555
7.401027920544521,0.5951486953949834
7.451034865953605,0.5953093368309361
7.50104181136269,0.5954712113673362
7.551048756771774,0.5956343185109487
7.601055702180859,0.595798657764783
7.651062647589943,0.5959642286280942
7.701069592999028,0.5961310305963843
7.751076538408112,0.5962990631614047
7.801083483817197,0.5964683258111569
7.851090429226281,0.596638818029894
7.901097374635366,0.5968105392981231
7.9511043200444504,0.5969834890926058
8.001111265453535,0.597157666886361
8.05111821086262,0.5973330721486653
8.101125156271705,0.5975097043450555
8.151132101680789,0.5976875629373297
8.201139047089875,0.5978666473835492
8.251145992498959,0.5980469571380405
8.301152937908043,0.5982284916513958
8.351159883317127,0.5984112503704762
8.401166828726213,0.598595232738412
8.451173774135297,0.5987804381946055
8.501180719544381,0.5989668661747318
8.551187664953465,0.5991545161107413
8.601194610362551,0.5993433874308609
8.651201555771635,0.5995334795595961
8.70120850118072,0.5997247919177322
8.751215446589804,0.5999173239223368
8.80122239199889,0.600111074986761
8.851229337407974,0.6003060445206414
8.901236282817058,0.6005022319299023
8.951243228226144,0.6006996366167564
9.001250173635228,0.600898257979708
9.051257119044312,0.6010980954135539
9.101264064453396,0.6012991483093851
9.151271009862482,0.60150141605459
9.201277955271566,0.6017048980328543
9.25128490068065,0.6019095936241647
9.301291846089734,0.6021155022048095
9.35129879149882,0.6023226231473813
9.401305736907904,0.6025309558207785
9.451312682316988,0.6027404995902074
9.501319627726073,0.6029512538171837
9.551326573135158,0.6031632178595354
9.601333518544243,0.6033763910714038
9.651340463953327,0.6035907728032459
9.701347409362413,0.6038063624018364
9.751354354771497,0.6040231592102692
9.80136130018058,0.6042411625679605
9.851368245589665,0.6044603718106496
9.90137519099875,0.6046807862704018
9.951382136407835,0.6049024052756096
10.001389081816919,0.6051252281509956
10.051396027226003,0.6053492542176142
10.10140297263509,0.6055744827928535
10.151409918044173,0.6058009131904376
10.201416863453257,0.6060285447204286
10.251423808862342,0.6062573766892286
10.301430754271427,0.6064874083995824
10.351437699680512,0.6067186391505783
10.401444645089596,0.6069510682376521
10.451451590498682,0.6071846949525876
10.501458535907766,0.6074195185835196
10.55146548131685,0.607655538414936
10.601472426725934,0.6078927537276795
10.65147937213502,0.6081311637989504
10.701486317544104,0.6083707679023085
10.751493262953188,0.6086115653076754
10.801500208362272,0.6088535552813366
10.851507153771358,0.6090967370859439
10.901514099180442,0.6093411099805176
10.951521044589526,0.6095866732204486
11.00152798999861,0.6098334260575009
11.051534935407696,0.6100813677398136
11.10154188081678,0.6103304975119037
11.151548826225865,0.6105808146146676
11.20155577163495,0.6108323182853843
11.251562717044035,0.6110850077577172
11.301569662453119,0.6113388822617165
11.351576607862203,0.6115939410238214
11.401583553271289,0.6118501832668629
11.451590498680373,0.6121076082100658
11.501597444089457,0.6123662150690512
11.551604389498541,0.612626003055839
11.601611334907627,0.6128869713788501
11.651618280316711,0.6131491192429086
11.701625225725795,0.6134124458492449
11.75163217113488,0.6136769503954977
11.801639116543965,0.6139426320757164
11.85164606195305,0.6142094900803639
11.901653007362134,0.614477523596318
11.951659952771218,0.6147467318068758
12.001666898180304,0.6150171138917542
12.051673843589388,0.6152886690270939
12.101680788998472,0.615561396385461
12.151687734407558,0.6158352951358499
12.201694679816642,0.6161103644436856
12.251701625225726,0.6163866034708263
12.30170857063481,0.6166640113755666
12.351715516043896,0.616942587312639
12.40172246145298,0.617222330433217
12.451729406862064,0.6175032398849177
12.501736352271148,0.6177853148118047
12.551743297680234,0.61806855435439
12.601750243089318,0.6183529576496373
12.651757188498403,0.6186385238309638
12.701764133907487,0.618925252028244
12.751771079316573,0.6192131413678112
12.801778024725657,0.6195021909724612
12.85178497013474,0.6197923999614539
12.901791915543827,0.6200837674505166
12.95179886095291,0.6203762925518471
13.001805806361995,0.6206699743741156
13.05181275177108,0.6209648120224677
13.101819697180165,0.6212608045985273
13.15182664258925,0.6215579512003993
13.201833587998333,0.6218562509226718
13.251840533407417,0.62215570285642
13.301847478816503,0.6224563060892078
13.351854424225587,0.6227580597050911
13.401861369634672,0.6230609627846209
13.451868315043756,0.6233650144048453
13.501875260452842,0.6236702136393131
13.551882205861926,0.6239765595580762
13.60188915127101,0.6242840512276926
13.651896096680096,0.6245926877112291
13.70190304208918,0.6249024680682642
13.751909987498264,0.625213391354891
13.801916932907348,0.62552545662372
13.851923878316434,0.6258386629238823
13.901930823725518,0.6261530093010323
13.951937769134602,0.62646849479735
14.001944714543686,0.626785118451545
14.051951659952772,0.6271028792988589
14.101958605361856,0.627421776371068
14.15196555077094,0.6277418086964865
14.201972496180025,0.6280629752999699
14.25197944158911,0.628385275202917
14.301986386998195,0.6287087074232736
14.351993332407279,0.6290332709755354
14.402000277816363,0.6293589648707509
14.452007223225449,0.6296857881165243
14.502014168634533,0.6300137397170187
14.552021114043617,0.6303428186729589
14.602028059452703,0.6306730239816352
14.652035004861787,0.6310043546369054
14.702041950270871,0.6313368096291982
14.752048895679955,0.631670387945517
14.802055841089041,0.6320050885694419
14.852062786498125,0.6323409104811335
14.90206973190721,0.6326778526573358
14.952076677316294,0.6330159140713792
15.00208362272538,0.6333550936931842
15.052090568134464,0.6336953904892635
15.102097513543548,0.6340368034227262
15.152104458952632,0.6343793314532804
15.202111404361718,0.6347229735372362
15.252118349770802,0.6350677286275094
15.302125295179886,0.6354135956736247
15.352132240588972,0.6357605736217181
15.402139185998056,0.636108661414541
15.45214613140714,0.6364578579914633
15.502153076816224,0.6368081622884757
15.55216002222531,0.6371595732381943
15.602166967634394,0.637512089769863
15.652173913043478,0.6378657108093568
15.702180858452563,0.6382204352791857
15.752187803861649,0.6385762620984969
15.802194749270733,0.6389331901830795
15.852201694679817,0.6392912184453661
15.902208640088901,0.6396503457944376
15.952215585497987,0.6400105711360261
16.00222253090707,0.6403718933725178
16.052229476316157,0.6407343114029564
16.10223642172524,0.6410978241230475
16.152243367134325,0.6414624304251604
16.20225031254341,0.6418281291983323
16.252257257952493,0.6421949193282721
16.302264203361577,0.6425627996973629
16.35227114877066,0.6429317691846659
16.40227809417975,0.643301826665924
16.452285039588833,0.6436729710135645
16.502291984997917,0.6440452010967035
16.552298930407,0.6444185157811482
16.602305875816086,0.6447929139294017
16.65231282122517,0.6451683944006654
16.702319766634254,0.6455449560508427
16.752326712043338,0.6459225977325431
16.802333657452426,0.6463013182950847
16.85234060286151,0.6466811165844986
16.902347548270594,0.6470619914435318
16.952354493679678,0.6474439417116511
17.002361439088762,0.6478269662250464
17.052368384497846,0.6482110638166347
17.10237532990693,0.6485962333160629
17.152382275316018,0.6489824735497118
17.202389220725102,0.6493697833407001
17.252396166134186,0.6497581615088868
17.30240311154327,0.6501476068708762
17.352410056952355,0.6505381182400206
17.40241700236144,0.6509296944264241
17.452423947770523,0.6513223342369463
17.502430893179607,0.6517160364752059
17.552437838588695,0.6521107999415845
17.60244478399778,0.65250662343323
17.652451729406863,0.6529035057440602
17.702458674815947,0.6533014456647672
17.75246562022503,0.6537004419828198
17.802472565634115,0.6541004934824687
17.8524795110432,0.6545015989447489
17.902486456452287,0.6549037571474843
17.95249340186137,0.6553069668652906
18.002500347270455,0.6557112268695799
18.05250729267954,0.6561165359285643
18.102514238088624,0.6565228928072588
18.152521183497708,0.656930296267486
18.202528128906792,0.6573387450678796
18.252535074315876,0.6577482379638878
18.302542019724964,0.6581587737077779
18.352548965134048,0.6585703510486394
18.402555910543132,0.6589829687323877
18.452562855952216,0.6593966255017687
18.5025698013613,0.6598113200963623
18.552576746770384,0.6602270512525856
18.60258369217947,0.6606438177036977
18.652590637588556,0.661061618179803
18.70259758299764,0.6614804514078552
18.752604528406724,0.6619003161116609
18.80261147381581,0.6623212110118842
18.852618419224893,0.6627431348260502
18.902625364633977,0.6631660862685484
18.95263231004306,0.6635900640506378
19.002639255452145,0.6640150668804494
19.052646200861233,0.6644410934629914
19.102653146270317,0.6648681425001521
19.1526600916794,0.6652962126907049
19.202667037088485,0.6657253027303114
19.25267398249757,0.6661554113115257
19.302680927906653,0.6665865371237985
19.352687873315737,0.6670186788534809
19.402694818724825,0.6674518351838286
19.45270176413391,0.6678860047950055
19.502708709542993,0.6683211863640885
19.552715654952078,0.6687573785650704
19.60272260036116,0.6691945800688655
19.652729545770246,0.6696327895433116
19.70273649117933,0.670072005653176
19.752743436588414,0.6705122270601587
19.8027503819975,0.6709534524228962
19.852757327406586,0.6713956803969661
19.90276427281567,0.671838909634891
19.952771218224754,0.6722831387861425
20.002778163633838,0.6727283664971462
20.052785109042922,0.6731745914112839
20.102792054452006,0.6736218121688996
20.152798999861094,0.6740700274073028
20.20280594527018,0.674519235760773
20.252812890679262,0.6749694358605633
20.302819836088347,0.6754206263349052
20.35282678149743,0.6758728058090122
20.402833726906515,0.6763259729050848
20.4528406723156,0.6767801262423137
20.502847617724683,0.6772352644368845
20.55285456313377,0.6776913861019827
20.602861508542855,0.6781484898477961
20.65286845395194,0.6786065742815208
20.702875399361023,0.6790656380073643
20.752882344770107,0.6795256796265505
20.80288929017919,0.6799866977373236
20.852896235588275,0.6804486909349521
20.902903180997363,0.6809116578117335
20.952910126406447,0.6813755969569988
21.00291707181553,0.6818405069571161
21.052924017224615,0.6823063863954957
21.1029309626337,0.6827732338525934
21.152937908042784,0.6832410479059161
21.202944853451868,0.6837098271300249
21.252951798860952,0.6841795700965404
21.30295874427004,0.6846502753741464
21.352965689679124,0.6851219415285945
21.402972635088208,0.6855945671227089
21.452979580497292,0.6860681507163899
21.502986525906376,0.686542690866619
21.55299347131546,0.6870181861274629
21.603000416724544,0.6874946350500781
21.653007362133632,0.6879720361827156
21.703014307542716,0.6884503880707242
21.7530212529518,0.6889296892565568
21.803028198360884,0.689409938279773
21.85303514376997,0.6898911336770446
21.903042089179053,0.6903732739821594
21.953049034588137,0.6908563577260267
22.00305597999722,0.6913403834366807
22.05306292540631,0.6918253496392854
22.103069870815393,0.6923112548561393
22.153076816224477,0.6927980976066797
22.20308376163356,0.693285876407487
22.253090707042645,0.6937745897722893
22.30309765245173,0.6942642362119678
22.353104597860813,0.6947548142345599
22.4031115432699,0.6952463223452645
22.453118488678985,0.695738759046447
22.50312543408807,0.6962321228376429
22.553132379497153,0.6967264122155628
22.603139324906238,0.6972216256740975
22.65314627031532,0.6977177617043216
22.703153215724406,0.6982148187944988
22.75316016113349,0.6987127954300865
22.803167106542578,0.69921169009374
22.85317405195166,0.6997115012653174
22.903180997360746,0.700212227421884
22.95318794276983,0.7007138670377175
23.003194888178914,0.7012164185843122
23.053201833588,0.701719880530383
23.103208778997082,0.7022242513418722
23.153215724406166,0.7027295294819516
23.203222669815254,0.7032357134110285
23.25322961522434,0.703742801586751
23.303236560633422,0.7042507924640109
23.353243506042507,0.7047596844949502
23.40325045145159,0.7052694761289648
23.453257396860675,0.7057801658127095
23.50326434226976,0.7062917519901029
23.553271287678847,0.7068042331023314
23.60327823308793,0.7073176075878553
23.653285178497015,0.7078318738824123
23.7032921239061,0.7083470304190228
23.753299069315183,0.7088630756279946
23.803306014724267,0.7093800079369279
23.85331296013335,0.7098978257707196
23.903319905542435,0.7104165275515686
23.953326850951523,0.7109361116989805
24.003333796360607,0.7114565766297718
24.05334074176969,0.7119779207580756
24.103347687178776,0.7125001424953463
24.15335463258786,0.7130232402503638
24.203361577996944,0.7135472124292389
24.253368523406028,0.714072057435418
24.303375468815116,0.7145977736696882
24.3533824142242,0.7151243595301815
24.403389359633284,0.7156518134123804
24.453396305042368,0.7161801337091225
24.503403250451452,0.7167093188106055
24.553410195860536,0.717239367104392
24.60341714126962,0.7177702769754142
24.653424086678704,0.7183020468059793
24.703431032087792,0.7188346749757741
24.753437977496876,0.7193681598618702
24.80344492290596,0.7199024998387284
24.853451868315044,0.7204376932782042
24.90345881372413,0.7209737385495529
24.953465759133213,0.7215106340194337
25.003472704542297,0.7220483780519156
25.053479649951385,0.7225869690084821
25.10348659536047,0.7231264052480355
25.153493540769553,0.7236666851269031
25.203500486178637,0.7242078069988416
25.25350743158772,0.7247497692150415
25.303514376996805,0.725292570124134
25.35352132240589,0.7258362080721932
25.403528267814973,0.726380681402744
25.45353521322406,0.7269259884567654
25.503542158633145,0.7274721275726959
25.55354910404223,0.7280190970864386
25.603556049451313,0.728566895331367
25.653562994860398,0.7291155206383289
25.70356994026948,0.729664971335652
25.753576885678566,0.7302152457491492
25.803583831087654,0.7307663422021236
25.853590776496738,0.7313182590153733
25.90359772190582,0.7318709945071971
25.953604667314906,0.7324245469933985
26.00361161272399,0.7329789147872928
26.053618558133074,0.7335340961997101
26.10362550354216,0.7340900895390016
26.153632448951242,0.7346468931110446
26.20363939436033,0.7352045052192476
26.253646339769414,0.7357629241645557
26.3036532851785,0.7363221482454549
26.353660230587582,0.7368821757579791
26.403667175996667,0.7374430049957127
26.45367412140575,0.7380046342497983
26.503681066814835,0.7385670618089403
26.553688012223922,0.7391302859594109
26.603694957633007,0.7396943049850551
26.65370190304209,0.7402591171672954
26.703708848451175,0.7408247207851384
26.75371579386026,0.7413911141151783
26.803722739269343,0.7419582954316037
26.853729684678427,0.7425262630062017
26.90373663008751,0.743095015108364
26.9537435754966,0.743664550005092
27.003750520905683,0.744234865961001
27.053757466314767,0.7448059612383273
27.10376441172385,0.7453778340969326
27.153771357132936,0.7459504827943086
27.20377830254202,0.7465239055855835
27.253785247951104,0.7470981007235269
27.30379219336019,0.7476730664585546
27.353799138769276,0.7482488010387349
27.40380608417836,0.7488253027097928
27.453813029587444,0.7494025697151168
27.503819974996528,0.7499806002957625
27.553826920405612,0.7505593926904596
27.603833865814696,0.7511389451356161
27.65384081122378,0.7517192558653243
27.703847756632868,0.7523003231113659
27.753854702041952,0.7528821451032174
27.803861647451036,0.753464720068056
27.85386859286012,0.7540480462307639
27.903875538269205,0.7546321218139351
27.95388248367829,0.7552169450378795
28.003889429087373,0.7558025141206292
28.05389637449646,0.756388827277944
28.103903319905545,0.7569758827233155
28.15391026531463,0.7575636786679747
28.203917210723713,0.7581522133208954
28.253924156132797,0.7587414848888011
28.30393110154188,0.7593314915761696
28.353938046950965,0.759922231585239
28.40394499236005,0.7605137031160124
28.453951937769137,0.761105904366265
28.50395888317822,0.7616988335315473
28.553965828587305,0.7622924888051927
28.60397277399639,0.7628868683783219
28.653979719405474,0.7634819704398484
28.703986664814558,0.7640777931764846
28.75399361022364,0.7646743347727469
28.804000555632726,0.7652715934109611
28.854007501041814,0.7658695672712684
28.904014446450898,0.7664682545316306
28.954021391859982,0.767067653367836
29.004028337269066,0.7676677619535042
29.05403528267815,0.7682685784600926
29.104042228087234,0.7688701010569013
29.15404917349632,0.7694723279110793
29.204056118905406,0.7700752571876295
29.25406306431449,0.7706788870494143
29.304070009723574,0.7712832156571616
29.35407695513266,0.7718882411694703
29.404083900541742,0.7724939617428155
29.454090845950827,0.773100375531555
29.50409779135991,0.7737074806879337
29.554104736768995,0.7743152753620902
29.604111682178083,0.7749237577020623
29.654118627587167,0.7755329258537922
29.70412557299625,0.7761427779611325
29.754132518405335,0.7767533121658516
29.80413946381442,0.7773645266076401
29.854146409223503,0.7779764194241152
29.904153354632587,0.7785889887508275
29.954160300041675,0.7792022327212662
30.00416724545076,0.7798161494668647
30.054174190859843,0.7804307371170066
30.104181136268927,0.7810459937990313
30.15418808167801,0.7816619176382393
30.204195027087096,0.7822785067578986
30.25420197249618,0.7828957592792499
30.304208917905264,0.7835136733215128
30.35421586331435,0.7841322470018909
30.404222808723436,0.7847514784355779
30.45422975413252,0.7853713657357634
30.504236699541604,0.7859919070136383
30.554243644950688,0.7866131003784016
30.604250590359772,0.7872349439372646
30.654257535768856,0.7878574357954575
30.704264481177944,0.7884805740562357
30.754271426587028,0.7891043568208842
30.804278371996112,0.7897287821887249
30.854285317405196,0.7903538482571211
30.90429226281428,0.7909795531214843
30.954299208223365,0.7916058948752793
31.00430615363245,0.7922328716100306
31.054313099041533,0.7928604814153275
31.10432004445062,0.7934887223788307
31.154326989859705,0.7941175925862775
31.20433393526879,0.7947470901214877
31.254340880677873,0.7953772130663703
31.304347826086957,0.7960079595009278
31.35435477149604,0.7966393275032637
31.404361716905125,0.7972713151495872
31.454368662314213,0.7979039205142193
31.504375607723297,0.798537141669599
31.55438255313238,0.799170976686289
31.604389498541465,0.7998054236329811
31.65439644395055,0.8004404805765035
31.704403389359634,0.8010761455818249
31.754410334768718,0.8017124167120615
31.804417280177802,0.8023492920284825
31.85442422558689,0.8029867695905162
31.904431170995974,0.8036248474557559
31.954438116405058,0.8042635236799658
32.00444506181414,0.8049027963170869
32.054452007223226,0.8055426634192426
32.104458952632314,0.8061831230367454
32.154465898041394,0.8068241732181022
32.20447284345048,0.8074658120100203
32.25447978885956,0.8081080374574136
32.30448673426865,0.8087508476034087
32.35449367967773,0.8093942404893499
32.40450062508682,0.810038214154807
32.454507570495906,0.8106827666375792
32.50451451590499,0.8113278959737023
32.554521461314074,0.8119736001974546
32.604528406723155,0.8126198773413622
32.65453535213224,0.8132667254362065
32.70454229754132,0.8139141425110281
32.75454924295041,0.8145621265931346
32.8045561883595,0.8152106757081057
32.85456313376858,0.8158597878797992
32.90457007917767,0.8165094611303577
32.95457702458675,0.8171596934802139
33.004583969995835,0.817810482948097
33.054590915404916,0.8184618275510386
33.104597860814,0.8191137253043789
33.15460480622309,0.8197661742217724
33.20461175163217,0.8204191723151946
33.25461869704126,0.8210727175949472
33.30462564245034,0.8217268080696649
33.35463258785943,0.822381441746321
33.40463953326851,0.8230366166302338
33.454646478677596,0.8236923307250725
33.504653424086676,0.8243485820328635
33.554660369495764,0.825005368553996
33.60466731490485,0.8256626882872282
33.65467426031393,0.8263205392296941
33.70468120572302,0.826978919376909
33.7546881511321,0.8276378267227753
33.80469509654119,0.8282972592595896
33.85470204195027,0.8289572149780476
33.904708987359356,0.8296176918672515
33.954715932768444,0.8302786879147152
34.004722878177525,0.8309402011063702
34.05472982358661,0.8316022294265731
34.10473676899569,0.8322647708581106
34.15474371440478,0.8329278233822057
34.20475065981386,0.8335913849785243
34.25475760522295,0.834255453625181
34.304764550632036,0.8349200272987458
34.35477149604112,0.8355851039742492
34.404778441450205,0.8362506816251898
34.454785386859285,0.8369167582235391
34.50479233226837,0.8375833317397487
34.55479927767745,0.8382504001427556
34.60480622308654,0.8389179613999898
34.65481316849563,0.8395860134773783
34.70482011390471,0.8402545543393536
34.7548270593138,0.8409235819488584
34.80483400472288,0.8415930942673523
34.854840950131965,0.8422630892548182
34.904847895541046,0.8429335648697678
34.954854840950134,0.8436045190692492
35.004861786359214,0.8442759498088511
35.0548687317683,0.8449478550427112
35.10487567717739,0.8456202327235207
35.15488262258647,0.8462930808025317
35.20488956799556,0.8469663972295627
35.25489651340464,0.8476401799530052
35.304903458813726,0.8483144269198302
35.35491040422281,0.8489891360755936
35.404917349631894,0.8496643053644434
35.45492429504098,0.8503399327291253
35.50493124045006,0.8510160161109894
35.55493818585915,0.8516925534499966
35.60494513126823,0.8523695426847238
35.65495207667732,0.8530469817523716
35.7049590220864,0.8537248685887697
35.75496596749549,0.8544032011283837
35.804972912904574,0.855081977304321
35.854979858313655,0.8557611950483368
35.90498680372274,0.8564408522908415
35.95499374913182,0.8571209469609062
36.00500069454091,0.8578014769862686
36.05500763994999,0.8584824402933404
36.10501458535908,0.8591638348072133
36.15502153076817,0.8598456584516643
36.20502847617725,0.8605279091491633
36.255035421586335,0.8612105848208793
36.305042366995416,0.8618936833866857
36.3550493124045,0.8625772027651679
36.405056257813584,0.8632611408736286
36.45506320322267,0.8639454956280952
36.50507014863175,0.8646302649433248
36.55507709404084,0.8653154467328124
36.60508403944993,0.8660010389087949
36.65509098485901,0.8666870393822597
36.705097930268096,0.8673734460629497
36.755104875677176,0.8680602568593705
36.805111821086264,0.8687474696787956
36.855118766495345,0.8694350824272741
36.90512571190443,0.8701230930096364
36.95513265731352,0.8708114993295009
37.0051396027226,0.8715002992892794
37.05514654813169,0.8721894907901853
37.10515349354077,0.8728790717322381
37.155160438949856,0.8735690400142715
37.20516738435894,0.874259393533938
37.255174329768025,0.8749501301877173
37.30518127517711,0.8756412478709207
37.35518822058619,0.8763327444776992
37.40519516599528,0.877024617901049
37.45520211140436,0.8777168660328181
37.50520905681345,0.8784094867637126
37.55521600222253,0.8791024779833034
37.60522294763162,0.8797958375800331
37.655229893040705,0.8804895634412208
37.705236838449785,0.88118365345307
37.75524378385887,0.8818781055006752
37.805250729267954,0.8825729174680268
37.85525767467704,0.8832680872380194
37.90526462008612,0.8839636126924567
37.95527156549521,0.884659491712059
38.00527851090429,0.8853557221764693
38.05528545631338,0.8860523019642594
38.105292401722465,0.8867492289529372
38.155299347131546,0.887446501018952
38.205306292540634,0.8881441160377024
38.255313237949714,0.8888420718835414
38.3053201833588,0.8895403664297838
38.35532712876788,0.8902389975487124
38.40533407417697,0.8909379631115846
38.45534101958606,0.891637260988638
38.50534796499514,0.8923368890490984
38.555354910404226,0.8930368451611854
38.60536185581331,0.8937371271921187
38.655368801222394,0.8944377330081253
38.705375746631475,0.8951386604744452
38.75538269204056,0.8958399074553388
38.80538963744965,0.8965414718140926
38.85539658285873,0.897243351413026
38.90540352826782,0.8979455441134983
38.9554104736769,0.898648047775914
39.00541741908599,0.8993508602597312
39.05542436449507,0.9000539794234658
39.105431309904155,0.9007574031247
39.155438255313236,0.9014611292200879
39.20544520072232,0.9021651555653624
39.25545214613141,0.902869480015341
39.30545909154049,0.9035741004239332
39.35546603694958,0.9042790146441468
39.40547298235866,0.9049842205280942
39.45547992776775,0.9056897159269993
39.50548687317683,0.9063954986912034
39.555493818585916,0.9071015666701727
39.605500763995,0.9078079177125041
39.655507709404084,0.9085145496659318
39.70551465481317,0.9092214603773345
39.75552160022225,0.9099286476927411
39.80552854563134,0.9106361094573382
39.85553549104042,0.9113438435154754
39.90554243644951,0.9120518477106734
39.955549381858596,0.9127601198856292
40.005556327267676,0.9134686578822236
40.055563272676764,0.9141774595415273
40.105570218085845,0.9148865227038075
40.15557716349493,0.9155958452085351
40.20558410890401,0.9163054248943899
40.2555910543131,0.9170152595992691
40.30559799972219,0.917725347160292
40.35560494513127,0.9184356854138077
40.40561189054036,0.9191462721954019
40.45561883594944,0.9198571053399023
40.505625781358525,0.9205681826813863
40.555632726767605,0.9212795020531872
40.60563967217669,0.9219910612879009
40.655646617585774,0.9227028582173924
40.70565356299486,0.9234148906728022
40.75566050840395,0.9241271564845535
40.80566745381303,0.9248396534823581
40.85567439922212,0.925552379495224
40.9056813446312,0.9262653323514604
40.955688290040285,0.9269785098786862
41.005695235449366,0.9276919099038352
41.055702180858454,0.9284055302531637
41.10570912626754,0.9291193687522562
41.15571607167662,0.9298334232260327
41.20572301708571,0.930547691498755
41.25572996249479,0.9312621713940339
41.30573690790388,0.9319768607348347
41.35574385331296,0.9326917573434849
41.405750798722046,0.9334068590416805
41.455757744131134,0.9341221636504927
41.505764689540214,0.9348376689903737
41.5557716349493,0.9355533728811651
41.60577858035838,0.9362692731421026
41.65578552576747,0.9369853675918245
41.70579247117655,0.9377016540483761
41.75579941658564,0.9384181303292191
41.805806361994726,0.9391347942512358
41.85581330740381,0.9398516436307371
41.905820252812894,0.9405686762834687
41.955827198221975,0.9412858900246182
42.00583414363106,0.9420032826688208
42.05584108904014,0.9427208520301672
42.10584803444923,0.9434385959222094
42.15585497985831,0.9441565121579673
42.2058619252674,0.9448745985499362
42.25586887067649,0.9455928529100927
42.30587581608557,0.9463112730499013
42.355882761494655,0.9470298567803219
42.405889706903736,0.9477486019118154
42.45589665231282,0.9484675062543517
42.505903597721904,0.9491865676174145
42.55591054313099,0.9499057838100098
42.60591748854008,0.9506251526406718
42.65592443394916,0.9513446719174694
42.70593137935825,0.952064339448013
42.75593832476733,0.9527841530394615
42.805945270176416,0.9535041104985287
42.855952215585496,0.9542242096314899
42.905959160994584,0.954944448244189
42.95596610640367,0.9556648241420446
43.00597305181275,0.956385335130057
43.05597999722184,0.9571059790128152
43.10598694263092,0.9578267535945029
43.15599388804001,0.9585476566789056
43.20600083344909,0.9592686860694176
43.25600777885818,0.959989839569048
43.306014724267264,0.9607111149804279
43.356021669676345,0.9614325101058168
43.40602861508543,0.9621540227471094
43.45603556049451,0.9628756507058425
43.5060425059036,0.9635973917832016
43.55604945131268,0.9643192437800272
43.60605639672177,0.965041204496822
43.65606334213085,0.9657632717337574
43.70607028753994,0.9664854432906806
43.756077232949025,0.9672077169671203
43.806084178358105,0.9679300905622942
43.85609112376719,0.968652561875116
43.906098069176274,0.9693751287042012
43.95610501458536,0.9700977888478742
44.00611195999444,0.9708205401041756
44.05611890540353,0.9715433802708678
44.10612585081262,0.9722663071454428
44.1561327962217,0.9729893185251278
44.206139741630786,0.9737124122068931
44.256146687039866,0.9744355859874576
44.306153632448954,0.975158837663297
44.356160577858034,0.9758821650306487
44.40616752326712,0.9766055658855203
44.45617446867621,0.9773290380236949
44.50618141408529,0.9780525792407385
44.55618835949438,0.978776187332007
44.60619530490346,0.9794998600926519
44.656202250312546,0.9802235953176283
44.70620919572163,0.9809473908017005
44.756216141130714,0.9816712443394494
44.8062230865398,0.9823951537252791
44.85623003194888,0.983119116753423
44.90623697735797,0.9838431312179521
44.95624392276705,0.9845671949127793
45.00625086817614,0.9852913056316687
45.05625781358522,0.9860154611682403
45.10626475899431,0.9867396593159784
45.15627170440339,0.9874638978682363
45.206278649812475,0.9881881746182453
45.25628559522156,0.9889124873591195
45.30629254063064,0.9896368338838639
45.35629948603973,0.9903612119853802
45.40630643144881,0.9910856194564739
45.4563133768579,0.9918100540898614
45.50632032226698,0.9925345136781759
45.55632726767607,0.9932589960139748
45.606334213085155,0.993983498889746
45.656341158494236,0.9947080200979149
45.70634810390332,0.9954325574308514
45.756355049312404,0.9961571086808754
45.80636199472149,0.9968816716402652
45.85636894013057,0.9976062441012631
45.90637588553966,0.9983308238560827
45.95638283094875,0.999055408696915
46.00638977635783,0.9997799964159354
46.056396721766916,1.0005045848053113
46.106403667176,1.0012291716572073
46.156410612585084,1.001953754763793
46.206417557994165,1.0026783319172492
46.25642450340325,1.0034029009097751
46.30643144881233,1.0041274595335947
46.35643839422142,1.0048520055809638
46.40644533963051,1.0055765368441758
46.45645228503959,1.0063010511155697
46.50645923044868,1.0070255461875366
46.55646617585776,1.0077500198525253
46.606473121266845,1.0084744699030506
46.656480066675925,1.0091988941316983
46.70648701208501,1.009923290331134
46.7564939574941,1.010647656294108
46.80650090290318,1.0113719898134628
46.85650784831227,1.01209628868214
46.90651479372135,1.0128205506931864
46.95652173913044,1.0135447736397618
47.00652868453952,1.014268955315144
47.056535629948606,1.0149930935127376
47.10654257535769,1.015717186026079
47.156549520766774,1.016441230648844
47.20655646617586,1.0171652251748542
47.25656341158494,1.017889167398084
47.30657035699403,1.0186130551126675
47.35657730240311,1.0193368861129042
47.4065842478122,1.0200606581932667
47.456591193221286,1.0207843691484075
47.506598138630366,1.0215080167731647
47.556605084039454,1.0222315988625699
47.606612029448534,1.0229551132118537
47.65661897485762,1.0236785576164544
47.7066259202667,1.024401929872022
47.75663286567579,1.025125227774427
47.80663981108487,1.0258484491197666
47.85664675649396,1.026571591704371
47.906653701903046,1.0272946533248102
47.95666064731213,1.0280176317779015
48.006667592721215,1.0287405248607153
48.056674538130295,1.0294633303705818
48.10668148353938,1.0301860461050985
48.15668842894846,1.0309086698621361
48.20669537435755,1.0316311994398462
48.25670231976664,1.0323536326366662
48.30670926517572,1.0330759672513283
48.35671621058481,1.033798201082865
48.40672315599389,1.0345203319306147
48.456730101402975,1.035242357594231
48.506737046812056,1.0359642758736873
48.55674399222114,1.0366860845692847
48.60675093763023,1.0374077814816571
48.65675788303931,1.0381293644117804
48.7067648284484,1.0388508311609768
48.75677177385748,1.0395721795309227
48.80677871926657,1.040293407323656
48.85678566467565,1.0410145123415808
48.906792610084736,1.0417354923874762
48.956799555493824,1.0424563452645017
49.006806500902904,1.0431770687762039
49.05681344631199,1.0438976607265245
49.10682039172107,1.0446181189198054
49.15682733713016,1.0453384411607964
49.20683428253924,1.0460586252546613
49.25684122794833,1.046778669006985
49.30684817335741,1.0474985702237796
49.3568551187665,1.0482183267114924
49.406862064175584,1.0489379362770108
49.456869009584665,1.0496573967276703
49.50687595499375,1.050376705871261
49.55688290040283,1.0510958615160333
49.60688984581192,1.051814861470706
49.656896791221,1.0525337035444717
49.70690373663009,1.0532523855470048
49.75691068203918,1.053970905288467
49.80691762744826,1.0546892605795142
49.856924572857345,1.0554074492313037
49.906931518266425,1.0561254690555004
49.95693846367551,1.056843317864284
50.006945409084594,1.057560993470355
50.05695235449368,1.0582784936869414
50.10695929990277,1.058995816327806
50.15696624531185,1.0597129592072523
50.20697319072094,1.0604299201401322
50.25698013613002,1.061146696941851
50.306987081539106,1.0618632874283762
50.356994026948186,1.0625796894162423
50.407000972357274,1.063295900722558
50.45700791776636,1.0640119191650135
50.50701486317544,1.0647277425618864
50.55702180858453,1.0654433687320488
50.60702875399361,1.0661587954949734
50.6570356994027,1.066874020670741
50.70704264481178,1.067589042080046
50.757049590220866,1.0683038575442043
50.80705653562995,1.0690184648851588
50.857063481039035,1.0697328619254873
50.90707042644812,1.0704470464884075
50.9570773718572,1.071161016397785
51.00708431726629,1.0718747694781394
51.05709126267537,1.0725883035546508
51.10709820808446,1.073301616453167
51.15710515349354,1.0740147060002094
51.20711209890263,1.0747275700229804
51.257119044311715,1.0754402063493687
51.307125989720795,1.0761526128079573
51.35713293512988,1.0768647872280301
51.40713988053896,1.0775767274395776
51.45714682594805,1.0782884312733034
51.50715377135713,1.0789998965606322
51.55716071676622,1.0797111211337151
51.60716766217531,1.080422102825437
51.65717460758439,1.0811328394694224
51.707181552993475,1.0818433289000426
51.757188498402556,1.0825535689524224
51.80719544381164,1.0832635574624465
51.857202389220724,1.0839732922667658
51.90720933462981,1.084682771202804
51.95721628003889,1.0853919921087651
52.00722322544798,1.086100952823639
52.05723017085707,1.0868096511872083
52.10723711626615,1.0875180850400548
52.157244061675236,1.088226252223567
52.20725100708432,1.0889341505799455
52.257257952493404,1.0896417779522096
52.307264897902485,1.0903491321842051
52.35727184331157,1.0910562111206095
52.40727878872066,1.0917630126069393
52.45728573412974,1.0924695344895565
52.50729267953883,1.093175774615675
52.55729962494791,1.0938817308333668
52.607306570357,1.09458740099157
52.65731351576608,1.0952927829400931
52.707320461175165,1.0959978745296237
52.75732740658425,1.0967026736117338
52.80733435199333,1.0974071780388863
52.85734129740242,1.0981113856644429
52.9073482428115,1.0988152943426683
52.95735518822059,1.0995189019287395
53.00736213362967,1.10022220627875
53.05736907903876,1.1009252052497174
53.107376024447845,1.1016278966995903
53.157382969856926,1.1023302784872537
53.20738991526601,1.1030323484725366
53.257396860675094,1.1037341045162177
53.30740380608418,1.1044355444800327
53.35741075149326,1.10513666622668
53.40741769690235,1.1058374676198275
53.45742464231143,1.10653794652412
53.50743158772052,1.1072381008051844
53.557438533129606,1.1079379283296367
53.607445478538686,1.108637426965088
53.657452423947774,1.1093365945801532
53.707459369356854,1.110035429044454
53.75746631476594,1.1107339282286284
53.80747326017502,1.111432090004335
53.85748020558411,1.1121299122442618
53.9074871509932,1.1128273928221302
53.95749409640228,1.1135245296127032
54.007501041811366,1.1142213204917912
54.05750798722045,1.1149177633362588
54.107514932629535,1.1156138560240305
54.157521878038615,1.1163095964340983
54.2075288234477,1.1170049824465278
54.25753576885679,1.1177000119424638
54.30754271426587,1.1183946828041373
54.35754965967496,1.119088992914873
54.40755660508404,1.1197829401590942
54.45756355049313,1.1204765224223299
54.50757049590221,1.1211697375912208
54.557577441311295,1.1218625835535272
54.60758438672038,1.1225550581981334
54.65759133212946,1.1232471594150555
54.70759827753855,1.1239388850954477
54.75760522294763,1.124630233131608
54.80761216835672,1.125321201416985
54.8576191137658,1.1260117878461853
54.90762605917489,1.1267019903149778
54.95763300458397,1.1273918067203021
55.007639949993056,1.1280812349602742
55.057646895402144,1.1287702729341926
55.107653840811224,1.1294589185425448
55.15766078622031,1.130147169687014
55.20766773162939,1.1308350242704854
55.25767467703848,1.1315224801970527
55.30768162244756,1.132209535372024
55.35768856785665,1.1328961877019286
55.407695513265736,1.1335824350945232
55.45770245867482,1.1342682754587983
55.507709404083904,1.134953706704985
55.557716349492985,1.1356387267445607
55.60772329490207,1.1363233334902558
55.65773024031115,1.13700752485606
55.70773718572024,1.1376912987572287
55.75774413112933,1.1383746531102894
55.80775107653841,1.1390575858330476
55.8577580219475,1.1397400948445942
55.90776496735658,1.1404221780653105
55.957771912765665,1.1411038334168755
56.007778858174746,1.1417850588222718
56.05778580358383,1.1424658522057922
56.10779274899292,1.143146211493046
56.157799694402,1.1438261346109644
56.20780663981109,1.144505619487809
56.25781358522017,1.1451846640531753
56.30782053062926,1.1458632662380017
56.35782747603834,1.1465414239745735
56.407834421447426,1.1472191351965306
56.457841366856506,1.1478963978388739
56.507848312265594,1.1485732098379706
56.55785525767468,1.149249569131561
56.60786220308376,1.1499254736587652
56.65786914849285,1.1506009213600885
56.70787609390193,1.1512759101774286
56.75788303931102,1.1519504380540813
56.8078899847201,1.1526245029347464
56.857896930129186,1.1532981027655353
56.907903875538274,1.1539712354939762
56.957910820947355,1.1546438990690198
57.00791776635644,1.1553160914410472
57.05792471176552,1.155987810561875
57.10793165717461,1.156659054384762
57.15793860258369,1.157329820864414
57.20794554799278,1.1580001079569935
57.257952493401866,1.158669913620122
57.30795943881095,1.159339235812888
57.357966384220035,1.1600080724958544
57.407973329629115,1.1606764216310619
57.4579802750382,1.1613442811820378
57.50798722044728,1.1620116491138006
57.55799416585637,1.1626785233928674
57.60800111126545,1.1633449019872586
57.65800805667454,1.1640107828665063
57.70801500208363,1.1646761640016574
57.75802194749271,1.1653410433652827
57.808028892901795,1.166005418931482
57.858035838310876,1.1666692886758894
57.908042783719964,1.1673326505756807
57.958049729129044,1.1679955026095794
58.00805667453813,1.168657842757862
58.05806361994722,1.169319669002365
58.1080705653563,1.1699809793264908
58.15807751076539,1.170641771715214
58.20808445617447,1.1713020441550865
58.258091401583556,1.171961794634246
58.30809834699264,1.1726210211424188
58.358105292401724,1.1732797216709294
58.40811223781081,1.1739378942127041
58.45811918321989,1.174595536762278
58.50812612862898,1.1752526473158016
58.55813307403806,1.1759092238710458
58.60814001944715,1.1765652644274087
58.65814696485623,1.177220766985922
58.70815391026532,1.1778757295492566
58.758160855674404,1.1785301501217285
58.808167801083485,1.1791840267093048
58.85817474649257,1.1798373573196115
58.90818169190165,1.1804901399619365
58.95818863731074,1.1811423726472388
59.00819558271982,1.1817940533881521
59.05820252812891,1.1824451801989926
59.10820947353799,1.183095751095764
59.15821641894708,1.1837457640961637
59.208223364356165,1.1843952172195893
59.258230309765246,1.1850441084871446
59.30823725517433,1.1856924359216447
59.358244200583414,1.1863401975476233
59.4082511459925,1.186987391391338
59.45825809140158,1.187634015480776
59.50826503681067,1.1882800678456615
59.55827198221976,1.1889255465174597
59.60827892762884,1.1895704495293846
59.658285873037926,1.1902147749164038
59.708292818447006,1.1908585207152453
59.758299763856094,1.1915016849644027
59.808306709265175,1.192144265704142
59.85831365467426,1.192786260976507
59.90832060008335,1.1934276688253251
59.95832754549243,1.1940684872962142
60.00833449090152,1.1947087144365878
60.0583414363106,1.195348348295661
60.108348381719686,1.195987386924457
60.15835532712877,1.1966258283758124
60.208362272537855,1.1972636707043833
60.25836921794694,1.1979009119666517
60.30837616335602,1.1985375502209306
60.35838310876511,1.1991735835273711
60.40839005417419,1.1998090099479668
60.45839699958328,1.2004438275465612
60.50840394499236,1.2010780343888519
60.55841089040145,1.2017116285423988
60.60841783581053,1.2023446080766276
60.658424781219615,1.2029769710628373
60.7084317266287,1.2036087155742052
60.758438672037784,1.2042398396857938
60.80844561744687,1.204870341474555
60.85845256285595,1.2055002190193371
60.90845950826504,1.2061294704008916
60.95846645367412,1.2067580937018765
61.00847339908321,1.2073860870068645
61.058480344492295,1.208013448402347
61.108487289901376,1.2086401759767424
61.158494235310464,1.2092662678203987
61.208501180719544,1.2098917220256018
61.25850812612863,1.2105165366865804
61.30851507153771,1.211140709899512
61.3585220169468,1.2117642397625283
61.40852896235589,1.2123871243757218
61.45853590776497,1.2130093618411502
61.508542853174056,1.2136309502628444
61.55854979858314,1.2142518877468116
61.608556743992224,1.2148721724010432
61.658563689401305,1.2154918023355197
61.70857063481039,1.2161107756622163
61.75857758021948,1.2167290904951091
61.80858452562856,1.2173467449501807
61.85859147103765,1.2179637371454257
61.90859841644673,1.2185800652008565
61.95860536185582,1.2191957272385094
62.0086123072649,1.2198107213824503
62.058619252673985,1.2204250457587795
62.108626198083066,1.221038698495639
62.15863314349215,1.2216516777232163
62.20864008890124,1.2222639815737517
62.25864703431032,1.2228756081815433
62.30865397971941,1.2234865556829528
62.35866092512849,1.224096822216411
62.40866787053758,1.224706405922424
62.45867481594666,1.2253153049435774
62.508681761355746,1.225923517424545
62.55868870676483,1.2265310415120905
62.608695652173914,1.2271378753550761
62.658702597583,1.2277440171044676
62.70870954299208,1.2283494649133386
62.75871648840117,1.2289542169368777
62.80872343381025,1.2295582713323938
62.85873037921934,1.2301616262593211
62.908737324628426,1.2307642798792253
62.958744270037506,1.2313662303558086
63.008751215446594,1.2319674758549164
63.058758160855675,1.2325680145445412
63.10876510626476,1.2331678445948306
63.15877205167384,1.23376696417809
63.20877899708293,1.23436537146879
63.25878594249202,1.2349630646435725
63.3087928879011,1.235560041881254
63.35879983331019,1.2361563013628332
63.40880677871927,1.2367518412714957
63.458813724128355,1.2373466597926197
63.508820669537435,1.2379407551137813
63.55882761494652,1.2385341254247604
63.608834560355604,1.2391267689175458
63.65884150576469,1.2397186837863412
63.70884845117378,1.2403098682275704
63.75885539658286,1.2409003204398825
63.80886234199195,1.2414900386241579
63.85886928740103,1.242079020983514
63.908876232810115,1.2426672657233095
63.958883178219196,1.2432547710511515
64.00889012362828,1.243841535176899
64.05889706903737,1.2444275563126708
64.10890401444645,1.2450128326728485
64.15891095985553,1.2455973624740837
64.20891790526463,1.2461811439353025
64.25892485067371,1.246764175277711
64.30893179608279,1.2473464547248014
64.35893874149187,1.2479279805023566
64.40894568690096,1.2485087508384565
64.45895263231004,1.2490887639634818
64.50895957771912,1.2496680181101212
64.55896652312822,1.2502465115133763
64.6089734685373,1.250824242410566
64.65898041394638,1.2514012090413322
64.70898735935546,1.2519774096476473
64.75899430476456,1.2525528424738162
64.80900125017364,1.2531275057664832
64.85900819558272,1.2537013977746387
64.90901514099181,1.2542745167496219
64.95902208640089,1.2548468609451282
65.00902903180997,1.2554184286172132
65.05903597721905,1.255989218024299
65.10904292262815,1.2565592274271797
65.15904986803723,1.2571284550890247
65.20905681344631,1.2576968992753859
65.2590637588554,1.2582645582542031
65.30907070426449,1.258831430295808
65.35907764967357,1.2593975136729303
65.40908459508265,1.2599628066607025
65.45909154049174,1.260527307536666
65.50909848590082,1.2610910145807757
65.5591054313099,1.2616539260754045
65.609112376719,1.2622160403053506
65.65911932212808,1.2627773555578403
65.70912626753716,1.263337870122535
65.75913321294624,1.2638975822915361
65.80914015835533,1.2644564903593896
65.85914710376441,1.265014592623091
65.9091540491735,1.2655718873820918
65.95916099458259,1.2661283729383044
66.00916793999167,1.2666840475961059
66.05917488540075,1.2672389096623444
66.10918183080983,1.2677929574463447
66.15918877621893,1.2683461892599122
66.209195721628,1.2688986034173384
66.25920266703709,1.2694501982354065
66.30920961244618,1.2700009720333965
66.35921655785526,1.2705509231330894
66.40922350326434,1.2711000498587732
66.45923044867342,1.2716483505372482
66.50923739408252,1.2721958234978314
66.5592443394916,1.272742467072362
66.60925128490068,1.2732882795952059
66.65925823030977,1.2738332594032618
66.70926517571885,1.274377404835965
66.75927212112794,1.2749207142352943
66.80927906653702,1.2754631859457748
66.85928601194611,1.2760048183144848
66.90929295735519,1.2765456096910592
66.95929990276427,1.2770855584276966
67.00930684817335,1.277624662879162
67.05931379358245,1.2781629214027939
67.10932073899153,1.2787003323585078
67.15932768440061,1.2792368941088017
67.2093346298097,1.2797726050187619
67.25934157521878,1.280307463456066
67.30934852062786,1.28084146779099
67.35935546603694,1.2813746163964126
67.40936241144604,1.281906907647819
67.45936935685512,1.282438339923307
67.5093763022642,1.2829689116035925
67.5593832476733,1.283498621072013
67.60939019308238,1.2840274667145328
67.65939713849146,1.2845554469197495
67.70940408390054,1.2850825600788964
67.75941102930963,1.2856088045858498
67.80941797471871,1.2861341788371317
67.8594249201278,1.2866586812319167
67.90943186553689,1.2871823101720357
67.95943881094597,1.287705064061981
68.00944575635505,1.2882269413089107
68.05945270176413,1.2887479403226552
68.10945964717322,1.2892680595157198
68.1594665925823,1.2897872973032911
68.20947353799139,1.2903056521032412
68.25948048340048,1.2908231223361333
68.30948742880956,1.2913397064252246
68.35949437421864,1.2918554027964735
68.40950131962772,1.2923702098785432
68.45950826503682,1.2928841261028063
68.5095152104459,1.2933971499033494
68.55952215585498,1.2939092797169796
68.60952910126407,1.2944205139832268
68.65953604667315,1.29493085114435
68.70954299208223,1.295440289645342
68.75954993749131,1.2959488279339335
68.80955688290041,1.2964564644605985
68.85956382830949,1.296963197678558
68.90957077371857,1.2974690260437864
68.95957771912767,1.2979739480150145
69.00958466453675,1.298477962053735
69.05959160994583,1.298981066624207
69.1095985553549,1.2994832601934614
69.159605500764,1.299984541231304
69.20961244617308,1.300484908210322
69.25961939158216,1.300984359605887
69.30962633699126,1.301482893896161
69.35963328240034,1.3019805095620998
69.40964022780942,1.3024772050874587
69.4596471732185,1.302972978958797
69.5096541186276,1.3034678296654816
69.55966106403667,1.3039617556996925
69.60966800944576,1.3044547555564279
69.65967495485485,1.3049468277335068
69.70968190026393,1.305437970731576
69.75968884567301,1.3059281830541127
69.80969579108209,1.3064174632074306
69.85970273649119,1.3069058097006836
69.90970968190027,1.3073932210458696
69.95971662730935,1.3078796957578371
70.00972357271843,1.308365232354288
70.05973051812752,1.3088498293557826
70.1097374635366,1.3093334852857441
70.15974440894568,1.3098161986704637
70.20975135435478,1.310297968039104
70.25975829976386,1.3107787919237042
70.30976524517294,1.3112586688591845
70.35977219058202,1.3117375973833498
70.40977913599112,1.3122155760368965
70.4597860814002,1.3126926033634136
70.50979302680928,1.3131686779093892
70.55979997221837,1.3136437982242153
70.60980691762745,1.3141179628601904
70.65981386303653,1.3145911703725257
70.70982080844561,1.3150634193193487
70.75982775385471,1.3155347082617073
70.80983469926379,1.3160050357635749
70.85984164467287,1.3164744003918543
70.90984859008196,1.316942800716382
70.95985553549104,1.317410235309933
71.00986248090013,1.3178767027482252
71.0598694263092,1.3183422016099229
71.1098763717183,1.318806730476642
71.15988331712738,1.3192702879329534
71.20989026253646,1.319732872566389
71.25989720794556,1.320194482967444
71.30990415335464,1.320655117729582
71.35991109876372,1.3211147754492405
71.4099180441728,1.3215734547258327
71.45992498958189,1.3220311541617542
71.50993193499097,1.3224878723623856
71.55993888040005,1.3229436079360974
71.60994582580915,1.3233983594942549
71.65995277121823,1.3238521256512206
71.70995971662731,1.3243049050243596
71.75996666203639,1.3247566962340451
71.80997360744549,1.3252074979036599
71.85998055285457,1.3256573086596026
71.90998749826365,1.3261061271312908
71.95999444367274,1.3265539519511658
72.01000138908182,1.3270007817546965
72.0600083344909,1.3274466151803834
72.11001527989998,1.327891450869764
72.16002222530908,1.3283352874674144
72.21002917071816,1.3287781236209557
72.26003611612724,1.329219957981058
72.31004306153633,1.329660789201443
72.36005000694541,1.330100615938889
72.4100569523545,1.3305394368532357
72.46006389776358,1.3309772506073865
72.51007084317267,1.3314140558673149
72.56007778858175,1.3318498513020662
72.61008473399083,1.3322846355837632
72.66009167939991,1.3327184073876097
72.710098624809,1.3331511653918946
72.76010557021809,1.333582908277995
72.81011251562717,1.3340136347303826
72.86011946103626,1.3344433434366252
72.91012640644534,1.3348720330873916
72.96013335185442,1.3352997023764561
73.0101402972635,1.3357263500007017
73.0601472426726,1.3361519746601254
73.11015418808168,1.3365765750578396
73.16016113349076,1.3370001499000788
73.21016807889986,1.3374226978962025
73.26017502430894,1.3378442177586978
73.31018196971802,1.338264708203186
73.3601889151271,1.3386841679484243
73.41019586053619,1.3391025957163103
73.46020280594527,1.3395199902318866
73.51020975135435,1.3399363502233437
73.56021669676345,1.3403516744220245
73.61022364217253,1.340765961562428
73.66023058758161,1.341179210382213
73.71023753299069,1.3415914196222025
73.76024447839978,1.3420025880263866
73.81025142380886,1.3424127143419269
73.86025836921795,1.3428217973191603
73.91026531462704,1.3432298357116035
73.96027226003612,1.3436368282759548
74.0102792054452,1.3440427737721001
74.06028615085428,1.3444476709631155
74.11029309626338,1.3448515186152714
74.16030004167246,1.3452543154980354
74.21030698708154,1.3456560603840781
74.26031393249063,1.3460567520492748
74.31032087789971,1.3464563892727097
74.3603278233088,1.3468549708366804
74.41033476871787,1.3472524955267013
74.46034171412697,1.3476489621315066
74.51034865953605,1.3480443694430548
74.56035560494513,1.3484387162565319
74.61036255035422,1.3488320013703554
74.6603694957633,1.349224223586178
74.71037644117239,1.3496153817088903
74.76038338658147,1.3500054745466263
74.81039033199056,1.3503945009107654
74.86039727739964,1.3507824596159361
74.91040422280872,1.3511693494800212
74.96041116821782,1.3515551693241594
75.0104181136269,1.3519399179727496
75.06042505903598,1.3523235942534557
75.11043200444506,1.352706196997208
75.16043894985415,1.3530877250382087
75.21044589526323,1.3534681772139343
75.26045284067231,1.3538475523651392
75.31045978608141,1.3542258493358603
75.36046673149049,1.3546030669734186
75.41047367689957,1.354979204128425
75.46048062230865,1.355354259654782
75.51048756771775,1.3557282324096884
75.56049451312683,1.3561011212536411
75.61050145853591,1.3564729250504408
75.66050840394499,1.356843642667194
75.71051534935408,1.357213272974317
75.76052229476316,1.3575818148455383
75.81052924017224,1.3579492671579043
75.86053618558134,1.3583156287917801
75.91054313099042,1.3586808986308545
75.9605500763995,1.3590450755621435
76.01055702180858,1.3594081584759925
76.06056396721767,1.3597701462660805
76.11057091262676,1.360131037829424
76.16057785803584,1.3604908320663789
76.21058480344493,1.3608495278806452
76.26059174885401,1.3612071241792698
76.31059869426309,1.3615636198726495
76.36060563967217,1.361919013874535
76.41061258508127,1.3622733051020335
76.46061953049035,1.362626492475613
76.51062647589943,1.3629785749191046
76.56063342130852,1.3633295513597057
76.6106403667176,1.3636794207279845
76.66064731212668,1.3640281819578821
76.71065425753577,1.364375833986716
76.76066120294486,1.3647223757551838
76.81066814835394,1.3650678062073656
76.86067509376302,1.3654121242907282
76.91068203917212,1.3657553289561277
76.9606889845812,1.3660974191578124
77.01069592999028,1.3664383938534268
77.06070287539936,1.3667782520040146
77.11070982080845,1.3671169925740205
77.16071676621753,1.3674546145312962
77.21072371162661,1.3677911168471004
77.26073065703571,1.3681264984961041
77.31073760244479,1.3684607584563926
77.36074454785387,1.3687938957094694
77.41075149326295,1.3691259092402586
77.46075843867204,1.3694567980371084
77.51076538408113,1.369786561091794
77.5607723294902,1.3701151973995211
77.6107792748993,1.3704427059589284
77.66078622030838,1.3707690857720904
77.71079316571746,1.3710943358445218
77.76080011112654,1.3714184551851791
77.81080705653564,1.3717414428064643
77.86081400194472,1.3720632977242275
77.9108209473538,1.3723840189577705
77.9608278927629,1.3727036055298496
78.01083483817197,1.373022056466678
78.06084178358105,1.3733393707979293
78.11084872899013,1.3736555475567407
78.16085567439923,1.3739705857797153
78.21086261980831,1.3742844845069255
78.26086956521739,1.3745972427819153
78.31087651062647,1.3749088596517043
78.36088345603557,1.37521933416679
78.41089040144465,1.37552866538115
78.46089734685373,1.3758368523522462
78.51090429226282,1.3761438941410267
78.5609112376719,1.376449789811929
78.61091818308098,1.3767545384328832
78.66092512849006,1.3770581390753143
78.71093207389916,1.3773605908141449
78.76093901930824,1.3776618927277986
78.81094596471732,1.3779620438982025
78.86095291012641,1.3782610434107903
78.9109598555355,1.3785588903545043
78.96096680094458,1.378855583821799
79.01097374635366,1.3791511229086437
79.06098069176275,1.379445506714525
79.11098763717183,1.3797387343424492
79.16099458258091,1.3800308048989463
79.21100152799,1.3803217174940716
79.26100847339909,1.3806114712414086
79.31101541880817,1.3809000652580716
79.36102236421725,1.3811874986647092
79.41102930962634,1.3814737705855065
79.46103625503542,1.3817588801481866
79.5110432004445,1.3820428264840152
79.5610501458536,1.3823256087278026
79.61105709126268,1.3826072260179054
79.66106403667176,1.3828876774962302
79.71107098208084,1.3831669623082357
79.76107792748994,1.3834450796029358
79.81108487289902,1.3837220285329015
79.8610918183081,1.3839978082542639
79.91109876371719,1.3842724179267165
79.96110570912627,1.384545856713519
80.01111265453535,1.384818123781497
80.06111959994443,1.385089218301048
80.11112654535353,1.3853591394461415
80.16113349076261,1.3856278863943223
80.21114043617169,1.3858954583267133
80.26114738158078,1.3861618544280176
80.31115432698986,1.3864270738865208
80.36116127239895,1.386691115894094
80.41116821780803,1.3869539796461963
80.46117516321712,1.3872156643418763
80.5111821086262,1.3874761691837756
80.56118905403528,1.3877354933781307
80.61119599944438,1.3879936361347762
80.66120294485346,1.3882505966671455
80.71120989026254,1.388506374192275
80.76121683567162,1.3887609679308053
80.81122378108071,1.3890143771069845
80.8612307264898,1.3892666009486696
80.91123767189887,1.3895176386873298
80.96124461730797,1.389767489558048
81.01125156271705,1.3900161527995238
81.06125850812613,1.3902636276540754
81.11126545353521,1.3905099133676417
81.1612723989443,1.3907550091897858
81.21127934435339,1.3909989143736954
81.26128628976247,1.3912416281761868
81.31129323517155,1.3914831498577063
81.36130018058064,1.3917234786823323
81.41130712598972,1.3919626139177783
81.4613140713988,1.3922005548353946
81.5113210168079,1.3924373007101705
81.56132796221698,1.3926728508207367
81.61133490762606,1.3929072044493669
81.66134185303514,1.3931403608819815
81.71134879844423,1.393372319408148
81.76135574385331,1.393603079321084
81.8113626892624,1.3938326399176602
81.86136963467149,1.3940610004984002
81.91137658008057,1.394288160367485
81.96138352548965,1.394514118832754
82.01139047089873,1.3947388752057073
82.06139741630783,1.3949624288015081
82.11140436171691,1.3951847789389835
82.16141130712599,1.3954059249406288
82.21141825253508,1.3956258661326078
82.26142519794416,1.3958446018447548
82.31143214335324,1.396062131410578
82.36143908876232,1.396278454167261
82.41144603417142,1.3964935694556635
82.4614529795805,1.3967074766203253
82.51145992498958,1.3969201750094669
82.56146687039868,1.397131663974992
82.61147381580776,1.3973419428724896
82.66148076121684,1.397551011061236
82.71148770662592,1.3977588679041957
82.76149465203501,1.3979655127680255
82.81150159744409,1.398170945023074
82.86150854285317,1.3983751640433852
82.91151548826227,1.3985781692066996
82.96152243367135,1.3987799598944566
83.01152937908043,1.398980535491796
83.06153632448951,1.3991798953875598
83.1115432698986,1.3993780389742945
83.16155021530768,1.3995749656482528
83.21155716071677,1.3997706748093952
83.26156410612586,1.399965165861392
83.31157105153494,1.4001584382116252
83.36157799694402,1.40035049127119
83.4115849423531,1.4005413244548968
83.4615918877622,1.4007309371812735
83.51159883317128,1.400919328872566
83.56160577858036,1.4011064989547413
83.61161272398945,1.4012924468574885
83.66161966939853,1.4014771720142205
83.71162661480761,1.4016606738620763
83.7616335602167,1.401842951841922
83.81164050562579,1.402024005398353
83.86164745103487,1.4022038339796956
83.91165439644395,1.4023824370380085
83.96166134185303,1.4025598140290847
84.01166828726213,1.4027359644124529
84.0616752326712,1.4029108876513794
84.11168217808029,1.40308458321287
84.16168912348938,1.4032570505676705
84.21169606889846,1.4034282891902694
84.26170301430754,1.4035982985588995
84.31170995971662,1.4037670781555387
84.36171690512572,1.4039346274659126
84.4117238505348,1.4041009459794944
84.46173079594388,1.4042660331895092
84.51173774135297,1.4044298885929325
84.56174468676205,1.4045925116904936
84.61175163217113,1.4047539019866768
84.66175857758022,1.4049140589897229
84.71176552298931,1.4050729822116301
84.76177246839839,1.4052306711681561
84.81177941380747,1.40538712537882
84.86178635921657,1.4055423443669022
84.91179330462565,1.4056963276594479
84.96180025003473,1.4058490747872663
85.01180719544381,1.4060005852849342
85.0618141408529,1.4061508586907965
85.11182108626198,1.4062998945469667
85.16182803167106,1.4064476923993297
85.21183497708016,1.4065942517975425
85.26184192248924,1.406739572295036
85.31184886789832,1.4068836534490154
85.3618558133074,1.4070264948204625
85.4118627587165,1.4071680959741375
85.46186970412558,1.407308456478578
85.51187664953466,1.4074475759061036
85.56188359494375,1.407585453832814
85.61189054035283,1.4077220898385927
85.66189748576191,1.4078574835071072
85.71190443117099,1.40799163442581
85.76191137658009,1.408124542185941
85.81191832198917,1.4082562063825272
85.86192526739825,1.4083866266143856
85.91193221280734,1.4085158024841231
85.96193915821642,1.4086437335981379
86.0119461036255,1.4087704195666217
86.06195304903459,1.4088958600035597
86.11195999444368,1.4090200545267328
86.16196693985276,1.4091430027577172
86.21197388526184,1.4092647043218878
86.26198083067094,1.409385158848417
86.31198777608002,1.409504365970278
86.3619947214891,1.409622325324244
86.41200166689818,1.4097390365508904
86.46200861230727,1.4098544992945963
86.51201555771635,1.4099687132035439
86.56202250312543,1.4100816779297216
86.61202944853453,1.4101933931289232
86.66203639394361,1.4103038584607508
86.71204333935269,1.4104130735886138
86.76205028476177,1.410521038179732
86.81205723017086,1.410627751905135
86.86206417557995,1.4107332144396638
86.91207112098903,1.410837425461972
86.9620780663981,1.410940384654527
87.0120850118072,1.4110420917036095
87.06209195721628,1.4111425462993166
87.11209890262536,1.4112417481355608
87.16210584803446,1.4113396969100724
87.21211279344354,1.4114363923243993
87.26211973885262,1.4115318340839091
87.3121266842617,1.4116260218977883
87.3621336296708,1.4117189554790452
87.41214057507987,1.4118106345445092
87.46214752048895,1.4119010588148322
87.51215446589805,1.41199022801449
87.56216141130713,1.412078141871782
87.61216835671621,1.4121648001188332
87.66217530212529,1.412250202491594
87.71218224753439,1.4123343487298419
87.76218919294347,1.4124172385771812
87.81219613835255,1.4124988717810454
87.86220308376164,1.4125792480926962
87.91221002917072,1.4126583672672255
87.9622169745798,1.412736229063556
88.01222391998888,1.4128128332444403
88.06223086539798,1.412888179576465
88.11223781080706,1.4129622678300475
88.16224475621614,1.41303509777944
88.21225170162523,1.4131066692027279
88.26225864703432,1.4131769818818318
88.3122655924434,1.4132460356025074
88.36227253785248,1.4133138301543469
88.41227948326157,1.4133803653307788
88.46228642867065,1.4134456409290692
88.51229337407973,1.413509656750322
88.56230031948883,1.4135724125994797
88.61230726489791,1.4136339082853242
88.66231421030699,1.4136941436204766
88.71232115571607,1.4137531184213987
88.76232810112516,1.4138108325083933
88.81233504653424,1.4138672857056045
88.86234199194332,1.413922477841018
88.91234893735242,1.4139764087464624
88.9623558827615,1.4140290782576093
89.01236282817058,1.4140804862139733
89.06236977357966,1.4141306324589138
89.11237671898876,1.414179516839634
89.16238366439784,1.4142271392071821
89.21239060980692,1.4142734994164519
89.26239755521601,1.414318597326183
89.31240450062509,1.414362432798961
89.36241144603417,1.4144050057012185
89.41241839144325,1.414446315903235
89.46242533685235,1.4144863632791376
89.51243228226143,1.414525147706901
89.56243922767051,1.4145626690683484
89.6124461730796,1.4145989272491513
89.66245311848868,1.4146339221388304
89.71246006389777,1.4146676536307554
89.76246700930685,1.4147001216221462
89.81247395471594,1.414731326014072
89.86248090012502,1.4147612667114522
89.9124878455341,1.414789943623057
89.96249479094318,1.4148173566615074
90.01250173635228,1.4148435057432753
90.06250868176136,1.4148683907886839
90.11251562717044,1.414892011721908
90.16252257257953,1.4149143684709742
90.21252951798861,1.4149354609677607
90.2625364633977,1.4149552891479986
90.31254340880677,1.4149738529512712
90.36255035421587,1.4149911523210137
90.41255729962495,1.415007187204515
90.46256424503403,1.4150219575529164
90.51257119044313,1.415035463321212
90.5625781358522,1.4150477044682501
90.61258508126129,1.4150586809567312
90.66259202667037,1.4150683927532097
90.71259897207946,1.4150768398280942
90.76260591748854,1.4150840221556455
90.81261286289762,1.4150899397139791
90.86261980830672,1.4150945924850644
90.9126267537158,1.4150979804547243
90.96263369912488,1.4151001036126352
91.01264064453396,1.4151009619523283
91.06264758994305,1.4151005554711875
91.11265453535214,1.4150988841704522
91.16266148076122,1.4150959480552143
91.21266842617031,1.4150917471344204
91.26267537157939,1.4150862814208707
91.31268231698847,1.4150795509312195
91.36268926239755,1.4150715556859745
91.41269620780665,1.4150622957094978
91.46270315321573,1.4150517710300043
91.51271009862481,1.415039981679563
91.5627170440339,1.4150269276940963
91.61272398944298,1.4150126091133801
91.66273093485206,1.4149970259810434
91.71273788026114,1.414980178344568
91.76274482567024,1.4149620662552893
91.81275177107932,1.4149426897683948
91.8627587164884,1.4149220489429257
91.9127656618975,1.4149001438417743
91.96277260730658,1.4148769745316865
92.01277955271566,1.414852541083259
92.06278649812474,1.4148268435709417
92.11279344353383,1.4147998820730348
92.16280038894291,1.4147716566716908
92.212807334352,1.4147421674529133
92.26281427976109,1.4147114145065558
92.31282122517017,1.414679397926324
92.36282817057925,1.4146461178097725
92.41283511598833,1.4146115742583065
92.46284206139742,1.4145757673771813
92.5128490068065,1.4145386972755007
92.56285595221559,1.4145003640662184
92.61286289762467,1.414460767866136
92.66286984303376,1.4144199087959044
92.71287678844284,1.4143777869800218
92.76288373385192,1.414334402546834
92.81289067926102,1.4142897556285345
92.8628976246701,1.4142438463611633
92.91290457007918,1.4141966748846067
92.96291151548826,1.414148241342597
93.01291846089735,1.4140985458827127
93.06292540630643,1.4140475886563764
93.11293235171551,1.4139953698188559
93.16293929712461,1.4139418895292628
93.21294624253369,1.413887147950553
93.26295318794277,1.413831145249525
93.31296013335185,1.4137738815968202
93.36296707876095,1.4137153571669219
93.41297402417003,1.4136555721381554
93.4629809695791,1.4135945266926866
93.5129879149882,1.4135322210165224
93.56299486039728,1.4134686552995095
93.61300180580636,1.4134038297353335
93.66300875121544,1.4133377445215198
93.71301569662454,1.4132703998594307
93.76302264203362,1.413201795954267
93.8130295874427,1.4131319330150665
93.8630365328518,1.4130608112547023
93.91304347826087,1.4129884308898841
93.96305042366996,1.4129147921411567
94.01305736907904,1.4128398952328982
94.06306431448813,1.412763740393321
94.11307125989721,1.412686327854471
94.16307820530629,1.412607657852225
94.21308515071539,1.4125277306262929
94.26309209612447,1.4124465464202136
94.31309904153355,1.4123641054813576
94.36310598694263,1.412280408060924
94.41311293235172,1.4121954544139401
94.4631198777608,1.4121092447992618
94.51312682316988,1.4120217794795713
94.56313376857898,1.411933058721377
94.61314071398806,1.4118430827950132
94.66314765939714,1.4117518519746382
94.71315460480622,1.4116593665382338
94.76316155021532,1.411565626767605
94.8131684956244,1.4114706329483793
94.86317544103348,1.4113743853700043
94.91318238644257,1.4112768843257482
94.96318933185165,1.4111781301126987
95.01319627726073,1.411078123031762
95.06320322266981,1.4109768633876614
95.11321016807891,1.4108743514889373
95.16321711348799,1.4107705876479453
95.21322405889707,1.4106655721808559
95.26323100430616,1.410559305407653
95.31323794971524,1.4104517876521343
95.36324489512432,1.410343019241908
95.4132518405334,1.4102330005083936
95.4632587859425,1.4101217317868207
95.51326573135158,1.4100092134162268
95.56327267676066,1.409895445739458
95.61327962216974,1.4097804291031664
95.66328656757884,1.40966416385781
95.71329351298792,1.4095466503576515
95.763300458397,1.4094278889607565
95.81330740380609,1.4093078800289938
95.86331434921517,1.4091866239280326
95.91332129462425,1.4090641210273427
95.96332824003333,1.4089403717001932
96.01333518544243,1.4088153763236502
96.06334213085151,1.4086891352785775
96.11334907626059,1.408561648949634
96.16335602166968,1.4084329177252726
96.21336296707877,1.4083029419977406
96.26336991248785,1.4081717221630763
96.31337685789693,1.408039258621109
96.36338380330602,1.4079055517754577
96.4133907487151,1.40777060203353
96.46339769412418,1.4076344098065205
96.51340463953328,1.4074969755094093
96.56341158494236,1.4073582995609617
96.61341853035144,1.407218382383726
96.66342547576052,1.4070772244040324
96.71343242116961,1.4069348260519923
96.7634393665787,1.4067911877614963
96.81344631198778,1.4066463099702127
96.86345325739687,1.4065001931195875
96.91346020280595,1.4063528376548413
96.96346714821503,1.4062042440249694
97.01347409362411,1.4060544126827392
97.0634810390332,1.40590334408469
97.11348798444229,1.4057510386911307
97.16349492985137,1.4055974969661391
97.21350187526046,1.4054427193775594
97.26350882066954,1.4052867063970023
97.31351576607862,1.4051294584998422
97.3635227114877,1.4049709761652167
97.4135296568968,1.4048112598760247
97.46353660230588,1.404650310118925
97.51354354771496,1.4044881273843344
97.56355049312405,1.4043247121664266
97.61355743853314,1.4041600649631318
97.66356438394222,1.4039941862761327
97.7135713293513,1.403827076610865
97.76357827476039,1.4036587364765154
97.81358522016947,1.4034891663860194
97.86359216557855,1.4033183668560605
97.91359911098765,1.4031463384070681
97.96360605639673,1.4029730815632167
98.01361300180581,1.4027985968524228
98.06361994721489,1.4026228848063451
98.11362689262398,1.4024459459603813
98.16363383803306,1.402267780853668
98.21364078344214,1.402088390029078
98.26364772885123,1.401907774033218
98.31365467426032,1.4017259334164287
98.3636616196694,1.4015428687327822
98.41366856507848,1.4013585805400803
98.46367551048758,1.4011730693998528
98.51368245589666,1.4009863358773555
98.56368940130574,1.4007983805415694
98.61369634671482,1.4006092039651978
98.66370329212391,1.400418806724666
98.713710237533,1.4002271894001175
98.76371718294207,1.4000343525754146
98.81372412835117,1.3998402968381347
98.86373107376025,1.3996450227795694
98.91373801916933,1.3994485309947229
98.96374496457841,1.3992508220823092
99.0137519099875,1.3990518966447516
99.06375885539659,1.3988517552881796
99.11376580080567,1.398650398622428
99.16377274621476,1.3984478272610341
99.21377969162384,1.3982440418212376
99.26378663703292,1.3980390429239762
99.313793582442,1.3978328311938857
99.3638005278511,1.3976254072592975
99.41380747326018,1.3974167717522363
99.46381441866926,1.3972069253084187
99.51382136407835,1.3969958685672508
99.56382830948743,1.3967836021718267
99.61383525489651,1.3965701267689263
99.6638422003056,1.3963554430090137
99.71384914571469,1.3961395515462338
99.76385609112377,1.395922453038413
99.81386303653285,1.3957041481470542
99.86386998194195,1.3954846375373369
99.91387692735103,1.3952639218781144
99.9638838727601,1.3950420018419114
100.01389081816919,1.3948188781049229
100.06389776357828,1.394594551347011
100.11390470898736,1.394369022251704
100.16391165439644,1.3941422915061936
100.21391859980554,1.3939143598013326
100.26392554521462,1.3936852278316336
100.3139324906237,1.3934548962952662
100.36393943603278,1.3932233658940552
100.41394638144187,1.392990637333478
100.46395332685096,1.3927567113226635
100.51396027226004,1.3925215885743887
100.56396721766913,1.3922852698050772
100.61397416307821,1.3920477557347972
100.66398110848729,1.3918090470872586
100.71398805389637,1.3915691445898115
100.76399499930547,1.3913280489734432
100.81400194471455,1.3910857609727771
100.86400889012363,1.3908422813260697
100.91401583553272,1.3905976107752078
100.9640227809418,1.3903517500657077
101.01402972635088,1.3901046999467117
101.06403667175996,1.3898564611709867
101.11404361716906,1.389607034494921
101.16405056257814,1.3893564206785225
101.21405750798722,1.3891046204854163
101.2640644533963,1.388851634682843
101.3140713988054,1.388597464041655
101.36407834421448,1.3883421093363155
101.41408528962356,1.3880855713448952
101.46409223503265,1.3878278508490702
101.51409918044173,1.3875689486341205
101.56410612585081,1.3873088654889258
101.6141130712599,1.3870476022059648
101.66412001666899,1.3867851595813119
101.71412696207807,1.3865215384146348
101.76413390748715,1.3862567395091925
101.81414085289624,1.3859907636718325
101.86414779830532,1.3857236117129883
101.9141547437144,1.3854552844466774
101.96416168912349,1.3851857826904983
102.01416863453258,1.3849151072656278
102.06417557994166,1.3846432589968198
102.11418252535074,1.384370238712401
102.16418947075984,1.3840960472442698
102.21419641616892,1.3838206854278927
102.264203361578,1.383544154102303
102.31421030698708,1.383266454110097
102.36421725239617,1.3829875862974317
102.41422419780525,1.3827075515140232
102.46423114321433,1.3824263506131431
102.51423808862343,1.3821439844516157
102.56424503403251,1.3818604538898167
102.61425197944159,1.3815757597916691
102.66425892485067,1.3812899030246415
102.71426587025977,1.381002884459745
102.76427281566885,1.3807147049715311
102.81427976107793,1.3804253654380882
102.86428670648702,1.3801348667410396
102.9142936518961,1.3798432097655404
102.96430059730518,1.3795503954002757
103.01430754271426,1.3792564245374561
103.06431448812336,1.3789612980728165
103.11432143353244,1.3786650169056138
103.16432837894152,1.378367581938622
103.21433532435061,1.3780689940781317
103.2643422697597,1.3777692542339457
103.31434921516878,1.3774683633193774
103.36435616057786,1.3771663222512474
103.41436310598695,1.3768631319498803
103.46437005139603,1.3765587933391035
103.51437699680511,1.3762533073462428
103.5643839422142,1.3759466749021196
103.61439088762329,1.3756388969410493
103.66439783303237,1.3753299744008376
103.71440477844145,1.3750199082227774
103.76441172385054,1.3747086993516462
103.81441866925962,1.374396348735704
103.8644256146687,1.3740828573266892
103.91443256007778,1.373768226079816
103.96443950548688,1.3734524559537724
104.01444645089596,1.3731355479107163
104.06445339630504,1.3728175029162724
104.11446034171414,1.3724983219395301
104.16446728712322,1.3721780059530406
104.2144742325323,1.3718565559328124
104.26448117794138,1.3715339728583105
104.31448812335047,1.3712102577124519
104.36449506875955,1.370885411481603
104.41450201416863,1.3705594351555765
104.46450895957773,1.3702323297276287
104.51451590498681,1.3699040961944564
104.56452285039589,1.369574735556194
104.61452979580497,1.3692442488164094
104.66453674121406,1.3689126369821025
104.71454368662314,1.368579901063701
104.76455063203223,1.3682460420750577
104.81455757744132,1.3679110610334475
104.8645645228504,1.3675749589595647
104.91457146825948,1.3672377368775186
104.96457841366856,1.3668993958148317
105.01458535907766,1.3665599368024357
105.06459230448674,1.366219360874669
105.11459924989582,1.3658776690692735
105.16460619530491,1.3655348624273902
105.214613140714,1.3651909419935584
105.26462008612307,1.36484590881571
105.31462703153215,1.3644997639451684
105.36463397694125,1.3641525084366433
105.41464092235033,1.3638041433482293
105.46464786775941,1.3634546697414018
105.5146548131685,1.363104088681014
105.56466175857759,1.3627524012352927
105.61466870398667,1.3623996084758372
105.66467564939575,1.3620457114776134
105.71468259480484,1.3616907113189527
105.76468954021392,1.3613346090815477
105.814696485623,1.360977405850449
105.8647034310321,1.3606191027140613
105.91471037644118,1.3602597007641422
105.96471732185026,1.359899201095796
106.01472426725934,1.3595376048074725
106.06473121266843,1.3591749130009627
106.11473815807751,1.3588111267813956
106.1647451034866,1.3584462472572354
106.21475204889569,1.3580802755402765
106.26475899430477,1.3577132127456426
106.31476593971385,1.3573450599917811
106.36477288512293,1.3569758184004606
106.41477983053203,1.3566054890967676
106.4647867759411,1.3562340732091027
106.51479372135019,1.3558615718691776
106.56480066675928,1.3554879862120113
106.61480761216836,1.3551133173759264
106.66481455757744,1.3547375665025467
106.71482150298652,1.354360734736792
106.76482844839562,1.3539828232268765
106.8148353938047,1.3536038331243039
106.86484233921378,1.3532237655838646
106.91484928462286,1.3528426217636318
106.96485623003196,1.3524604028249583
107.01486317544104,1.3520771099324729
107.06487012085012,1.3516927442540765
107.11487706625921,1.3513073069609387
107.16488401166829,1.350920799227495
107.21489095707737,1.3505332222314417
107.26489790248645,1.350144577153734
107.31490484789555,1.3497548651785805
107.36491179330463,1.3493640874934418
107.41491873871371,1.3489722452890252
107.4649256841228,1.3485793397592813
107.51493262953188,1.3481853721014012
107.56493957494096,1.3477903435158125
107.61494652035005,1.3473942552061746
107.66495346575914,1.3469971083793764
107.71496041116822,1.3465989042455324
107.7649673565773,1.3461996440179786
107.8149743019864,1.3457993289132684
107.86498124739548,1.34539796015117
107.91498819280456,1.344995538954662
107.96499513821364,1.3445920665499296
108.01500208362273,1.3441875441663615
108.06500902903181,1.343781973036545
108.1150159744409,1.3433753543962634
108.16502291984999,1.3429676894844922
108.21502986525907,1.3425589795433939
108.26503681066815,1.342149225818316
108.31504375607723,1.3417384295577863
108.36505070148633,1.3413265920135087
108.4150576468954,1.340913714440361
108.46506459230449,1.3404997980963886
108.51507153771358,1.3400848442428033
108.56507848312266,1.3396688541439776
108.61508542853174,1.3392518290674413
108.66509237394082,1.3388337702838784
108.71509931934992,1.3384146790671219
108.765106264759,1.3379945566941513
108.81511321016808,1.3375734044450878
108.86512015557717,1.3371512236031902
108.91512710098625,1.3367280154548524
108.96513404639533,1.3363037812895977
109.01514099180442,1.3358785224000762
109.06514793721351,1.3354522400820599
109.11515488262259,1.3350249356344395
109.16516182803167,1.33459661035922
109.21516877344077,1.3341672655615173
109.26517571884985,1.3337369025495533
109.31518266425893,1.3333055226346526
109.36518960966801,1.3328731271312382
109.4151965550771,1.3324397173568279
109.46520350048618,1.33200529463203
109.51521044589526,1.3315698602805388
109.56521739130434,1.3311334156291315
109.61522433671344,1.3306959620076633
109.66523128212252,1.3302575007490647
109.7152382275316,1.3298180331893354
109.7652451729407,1.3293775606675415
109.81525211834978,1.328936084525812
109.86525906375886,1.3284936061093333
109.91526600916794,1.3280501267663454
109.96527295457703,1.327605647848139
110.01527989998611,1.3271601707090506
110.06528684539519,1.3267136967064568
110.11529379080429,1.3262662272007735
110.16530073621337,1.325817763555449
110.21530768162245,1.3253683071369606
110.26531462703153,1.3249178593148114
110.31532157244062,1.324466421461524
110.3653285178497,1.3240139949526393
110.41533546325878,1.3235605811667095
110.46534240866788,1.3231061814852951
110.51534935407696,1.3226507972929613
110.56535629948604,1.3221944299772725
110.61536324489512,1.3217370809287892
110.66537019030422,1.3212787515410627
110.7153771357133,1.3208194432106315
110.76538408112238,1.3203591573370177
110.81539102653147,1.3198978953227214
110.86539797194055,1.3194356585732165
110.91540491734963,1.318972448496948
110.96541186275871,1.3185082665053263
111.01541880816781,1.3180431140127222
111.06542575357689,1.3175769924364658
111.11543269898597,1.317109903196838
111.16543964439506,1.3166418477170687
111.21544658980415,1.316172827423333
111.26545353521323,1.3157028437447444
111.3154604806223,1.3152318981133528
111.3654674260314,1.3147599919641384
111.41547437144048,1.314287126735009
111.46548131684956,1.313813303866794
111.51548826225866,1.3133385248032412
111.56549520766774,1.3128627909910118
111.61550215307682,1.3123861038796762
111.6655090984859,1.3119084649217092
111.715516043895,1.3114298755724862
111.76552298930407,1.3109503372902787
111.81552993471315,1.310469851536249
111.86553688012225,1.3099884197744467
111.91554382553133,1.3095060434718042
111.96555077094041,1.3090227240981314
112.01555771634949,1.3085384631261117
112.06556466175859,1.3080532620312981
112.11557160716767,1.3075671222921084
112.16557855257675,1.3070800453898193
112.21558549798584,1.3065920328085636
112.26559244339492,1.3061030860353262
112.315599388804,1.305613206559937
112.36560633421308,1.3051223958750686
112.41561327962218,1.3046306554762304
112.46562022503126,1.3041379868617655
112.51562717044034,1.3036443915328453
112.56563411584942,1.303149870993464
112.61564106125851,1.302654426750435
112.6656480066676,1.3021580603133878
112.71565495207668,1.3016607731947598
112.76566189748577,1.3011625669097953
112.81566884289485,1.3006634429765385
112.86567578830393,1.3001634029158295
112.91568273371301,1.299662448251301
112.96568967912211,1.299160580509371
113.01569662453119,1.2986578012192411
113.06570356994027,1.2981541119128894
113.11571051534936,1.2976495141250668
113.16571746075844,1.2971440093932936
113.21572440616752,1.2966375992578518
113.2657313515766,1.2961302852617838
113.3157382969857,1.295622068950885
113.36574524239478,1.2951129518737006
113.41575218780386,1.2946029355815203
113.46575913321296,1.294092021628374
113.51576607862204,1.2935802115710267
113.56577302403112,1.2930675069689737
113.6157799694402,1.2925539093844356
113.66578691484929,1.2920394203823546
113.71579386025837,1.2915240415303895
113.76580080566745,1.291007774398909
113.81580775107655,1.2904906205609896
113.86581469648563,1.2899725815924095
113.91582164189471,1.2894536590716434
113.96582858730379,1.2889338545798585
114.01583553271288,1.2884131697009091
114.06584247812197,1.2878916060213328
114.11584942353105,1.2873691651303443
114.16585636894014,1.2868458486198309
114.21586331434922,1.2863216580843488
114.2658702597583,1.2857965951211172
114.31587720516738,1.2852706613300127
114.36588415057648,1.284743858313566
114.41589109598556,1.2842161876769564
114.46589804139464,1.283687651028007
114.51590498680373,1.2831582499771794
114.56591193221281,1.282627986137569
114.6159188776219,1.2820968611249
114.66592582303097,1.2815648765575207
114.71593276844007,1.281032034056399
114.76593971384915,1.2804983352451162
114.81594665925823,1.2799637817498635
114.86595360466733,1.2794283751994355
114.9159605500764,1.2788921172252268
114.96596749548549,1.278355009461226
115.01597444089457,1.2778170535440112
115.06598138630366,1.2772782511127445
115.11598833171274,1.2767386038091677
115.16599527712182,1.2761981132775966
115.2160022225309,1.275656781164917
115.26600916794,1.2751146091205778
115.31601611334908,1.2745715987965887
115.36602305875816,1.2740277518475125
115.41603000416725,1.2734830699304613
115.46603694957633,1.2729375547050923
115.51604389498542,1.272391207833601
115.5660508403945,1.2718440309807169
115.61605778580359,1.2712960258136985
115.66606473121267,1.2707471940023287
115.71607167662175,1.270197537218909
115.76607862203085,1.269647057138254
115.81608556743993,1.269095755437688
115.86609251284901,1.2685436337970377
115.91609945825809,1.2679906938986287
115.96610640366718,1.26743693742728
116.01611334907626,1.2668823660702986
116.06612029448534,1.266326981517474
116.11612723989444,1.265770785461074
116.16613418530352,1.2652137795958391
116.2161411307126,1.2646559656189773
116.26614807612168,1.2640973452301587
116.31615502153078,1.2635379201315105
116.36616196693986,1.2629776920276121
116.41616891234894,1.26241666262549
116.46617585775803,1.2618548336346112
116.51618280316711,1.26129220676688
116.56618974857619,1.260728783736632
116.61619669398527,1.2601645662606278
116.66620363939437,1.259599556058049
116.71621058480345,1.2590337548504937
116.76621753021253,1.2584671643619687
116.81622447562162,1.2578997863188865
116.8662314210307,1.2573316224500592
116.91623836643979,1.2567626744866938
116.96624531184887,1.2561929441623851
117.01625225725796,1.2556224332131136
117.06625920266704,1.2550511433772369
117.11626614807612,1.2544790763954863
117.16627309348522,1.2539062340109617
117.2162800388943,1.2533326179691247
117.26628698430338,1.252758230017795
117.31629392971246,1.2521830719071438
117.36630087512155,1.2516071453896895
117.41630782053063,1.2510304522202915
117.46631476593971,1.2504529941561453
117.51632171134881,1.2498747729567765
117.56632865675789,1.2492957903840374
117.61633560216697,1.248716048202099
117.66634254757605,1.248135548177447
117.71634949298515,1.247554292078876
117.76635643839423,1.2469722816774862
117.8163633838033,1.2463895187466736
117.8663703292124,1.2458060050621282
117.91637727462148,1.245221742401829
117.96638422003056,1.244636732546035
118.01639116543964,1.2440509772772828
118.06639811084874,1.2434644783803803
118.11640505625782,1.2428772376424013
118.1664120016669,1.2422892568526802
118.21641894707598,1.2417005378028056
118.26642589248507,1.2411110822866165
118.31643283789415,1.2405208921001951
118.36643978330324,1.2399299690418628
118.41644672871233,1.239338314912174
118.46645367412141,1.2387459315139102
118.51646061953049,1.2381528206520755
118.56646756493957,1.2375589841338908
118.61647451034867,1.2369644237687865
118.66648145575775,1.2363691413684013
118.71648840116683,1.2357731387465714
118.76649534657592,1.2351764177193283
118.816502291985,1.234578980104894
118.86650923739408,1.2339808277236721
118.91651618280316,1.2333819623982443
118.96652312821226,1.2327823859533655
119.01653007362134,1.2321821002159572
119.06653701903042,1.2315811070151015
119.11654396443951,1.2309794081820364
119.1665509098486,1.2303770055501506
119.21655785525768,1.2297739009549769
119.26656480066676,1.2291700962341863
119.31657174607585,1.2285655932275843
119.36657869148493,1.227960393777103
119.41658563689401,1.2273544997267978
119.46659258230311,1.2267479129228391
119.51659952771219,1.2261406352135091
119.56660647312127,1.2255326684491954
119.61661341853035,1.2249240144823845
119.66662036393944,1.2243146751676564
119.71662730934852,1.2237046523616808
119.7666342547576,1.2230939479232095
119.8166412001667,1.2224825637130698
119.86664814557578,1.221870501594163
119.91665509098486,1.2212577634314534
119.96666203639394,1.2206443510919665
120.01666898180304,1.220030266444782
120.06667592721212,1.2194155113610277
120.1166828726212,1.2188000877138745
120.16668981803029,1.2181839973785307
120.21669676343937,1.2175672422322357
120.26670370884845,1.2169498241542542
120.31671065425753,1.216331745025872
120.36671759966663,1.2157130067303876
120.41672454507571,1.2150936111531094
120.46673149048479,1.2144735601813477
120.51673843589388,1.2138528557044101
120.56674538130297,1.2132314996135956
120.61675232671205,1.212609493802188
120.66675927212113,1.2119868401654523
120.71676621753022,1.2113635406006251
120.7667731629393,1.2107395970069132
120.81678010834838,1.2101150112854855
120.86678705375748,1.209489785339466
120.91679399916656,1.2088639210739311
120.96680094457564,1.208237420395902
121.01680788998472,1.207610285214338
121.06681483539381,1.2069825174401325
121.1168217808029,1.2063541189861062
121.16682872621197,1.205725091767002
121.21683567162106,1.205095437699478
121.26684261703015,1.2044651587021027
121.31684956243923,1.2038342566953486
121.36685650784831,1.2032027336015865
121.4168634532574,1.2025705913450797
121.46687039866649,1.2019378318519787
121.51687734407557,1.2013044570503133
121.56688428948465,1.2006704688699898
121.61689123489374,1.2000358692427824
121.66689818030282,1.1994006601023286
121.7169051257119,1.1987648433841236
121.766912071121,1.1981284210255125
121.81691901653008,1.197491394965688
121.86692596193916,1.196853767145681
121.91693290734824,1.1962155395083554
121.96693985275733,1.195576713998403
122.01694679816642,1.1949372925623394
122.0669537435755,1.194297277148493
122.11696068898459,1.193656669707004
122.16696763439367,1.1930154721898154
122.21697457980275,1.1923736865506693
122.26698152521183,1.191731314745099
122.31698847062093,1.191088358730424
122.36699541603001,1.1904448204657438
122.41700236143909,1.1898007019119328
122.46700930684818,1.1891560050316325
122.51701625225726,1.1885107317892472
122.56702319766634,1.1878648841509372
122.61703014307543,1.1872184640846128
122.66703708848452,1.1865714735599289
122.7170440338936,1.1859239145482785
122.76705097930268,1.1852757890227867
122.81705792471178,1.1846270989583045
122.86706487012086,1.1839778463314037
122.91707181552994,1.1833280331203702
122.96707876093902,1.1826776613051966
123.01708570634811,1.182026732867579
123.06709265175719,1.1813752497909105
123.11709959716627,1.1807232140602713
123.16710654257537,1.1800706276624273
123.21711348798445,1.1794174925858236
123.26712043339353,1.1787638108205742
123.31712737880261,1.1781095843584608
123.3671343242117,1.1774548151929245
123.41714126962079,1.1767995053190599
123.46714821502987,1.176143656733609
123.51715516043896,1.1754872714349553
123.56716210584804,1.174830351423118
123.61716905125712,1.1741728986997453
123.6671759966662,1.1735149152681086
123.7171829420753,1.1728564031330964
123.76718988748438,1.172197364301208
123.81719683289346,1.1715378007805484
123.86720377830254,1.1708777145808202
123.91721072371163,1.1702171077133185
123.96721766912071,1.169555982190927
124.0172246145298,1.1688943400281069
124.06723155993889,1.168232183240895
124.11723850534797,1.1675695138468971
124.16724545075705,1.1669063338652792
124.21725239616613,1.1662426453167638
124.26725934157523,1.1655784502236233
124.3172662869843,1.164913750609673
124.36727323239339,1.1642485485002658
124.41728017780248,1.1635828459222861
124.46728712321156,1.1629166449041421
124.51729406862064,1.1622499474757622
124.56730101402972,1.161582755668586
124.61730795943882,1.1609150715155607
124.6673149048479,1.1602468970511326
124.71732185025698,1.1595782343112426
124.76732879566607,1.1589090853333197
124.81733574107515,1.1582394521562736
124.86734268648424,1.15756933682049
124.91734963189332,1.1568987413678238
124.96735657730241,1.1562276678415917
125.01736352271149,1.155556118286569
125.06737046812057,1.1548840947489802
125.11737741352967,1.1542115992764939
125.16738435893875,1.1535386339182179
125.21739130434783,1.15286520072469
125.26739824975691,1.1521913017478749
125.317405195166,1.1515169390411562
125.36741214057508,1.1508421146593302
125.41741908598416,1.1501668306586001
125.46742603139326,1.1494910890965697
125.51743297680234,1.1488148920322372
125.56743992221142,1.1481382415259878
125.6174468676205,1.1474611396395893
125.6674538130296,1.1467835884361843
125.71746075843868,1.1461055899802852
125.76746770384776,1.1454271463377663
125.81747464925685,1.144748259575859
125.86748159466593,1.1440689317631443
125.91748854007501,1.1433891649695478
125.9674954854841,1.1427089612663326
126.01750243089319,1.142028322726092
126.06750937630227,1.1413472514227456
126.11751632171135,1.1406657494315315
126.16752326712044,1.1399838188289988
126.21753021252952,1.1393014616930044
126.2675371579386,1.1386186801027038
126.31754410334769,1.1379354761385456
126.36755104875678,1.137251851882266
126.41755799416586,1.1365678094168816
126.46756493957494,1.1358833508266832
126.51757188498404,1.13519847819723
126.56757883039312,1.134513193615342
126.6175857758022,1.1338274991690953
126.66759272121128,1.1331413969478141
126.71759966662037,1.1324548890420656
126.76760661202945,1.1317679775436527
126.81761355743853,1.1310806645456086
126.86762050284761,1.1303929521421894
126.91762744825671,1.1297048424288687
126.96763439366579,1.1290163375023299
127.01764133907487,1.1283274394604619
127.06764828448397,1.1276381504023492
127.11765522989305,1.1269484724282706
127.16766217530213,1.1262584076396882
127.21766912071121,1.1255679581392428
127.2676760661203,1.124877126030747
127.31768301152938,1.1241859134191816
127.36768995693846,1.1234943224106837
127.41769690234756,1.1228023551125448
127.46770384775664,1.122110013633204
127.51771079316572,1.1214173000822385
127.5677177385748,1.1207242165703604
127.6177246839839,1.1200307652094088
127.66773162939297,1.1193369481123439
127.71773857480206,1.1186427673932398
127.76774552021115,1.1179482251672792
127.81775246562023,1.117253323550746
127.86775941102931,1.116558064661019
127.91776635643839,1.1158624506165655
127.96777330184749,1.115166483536936
128.01778024725655,1.1144701655427554
128.06778719266566,1.113773498755718
128.11779413807474,1.113076485298582
128.16780108348382,1.1123791272951609
128.2178080288929,1.1116814268703186
128.26781497430198,1.1109833861499614
128.31782191971106,1.1102850072610337
128.36782886512015,1.1095862923315098
128.41783581052925,1.1088872434903871
128.46784275593834,1.1081878628676824
128.51784970134742,1.107488152594422
128.5678566467565,1.1067881148026364
128.61786359216558,1.1060877516253549
128.66787053757466,1.1053870651965978
128.71787748298374,1.1046860576513708
128.76788442839285,1.1039847311256574
128.81789137380193,1.1032830877564135
128.867898319211,1.1025811296815604
128.9179052646201,1.101878859039978
128.96791221002917,1.101176277971499
129.01791915543825,1.1004733886169022
129.06792610084733,1.0997701931179047
129.11793304625644,1.099066693617157
129.16793999166552,1.0983628922582365
129.2179469370746,1.0976587911856395
129.26795388248368,1.0969543925447767
129.31796082789276,1.0962496984819634
129.36796777330184,1.095544711144417
129.41797471871092,1.0948394326802477
129.46798166412003,1.0941338652384527
129.5179886095291,1.0934280109689107
129.5679955549382,1.0927218720223735
129.61800250034727,1.0920154505504596
129.66800944575635,1.0913087487056496
129.71801639116543,1.0906017686412781
129.76802333657452,1.0898945125115271
129.81803028198362,1.0891869824714204
129.8680372273927,1.0884791806768157
129.91804417280179,1.0877711092843991
129.96805111821087,1.0870627704516782
130.01805806361995,1.0863541663369753
130.06806500902903,1.0856452990994216
130.1180719544381,1.0849361708989491
130.16807889984722,1.084226783896285
130.2180858452563,1.0835171402529462
130.26809279066538,1.082807242131231
130.31809973607446,1.0820970916942125
130.36810668148354,1.081386691105734
130.41811362689262,1.080676042530399
130.4681205723017,1.0799651481335681
130.5181275177108,1.0792540100813508
130.5681344631199,1.0785426305405987
130.61814140852897,1.0778310116788998
130.66814835393805,1.07711915566457
130.71815529934713,1.0764070646666493
130.7681622447562,1.0756947408548925
130.8181691901653,1.0749821863997644
130.8681761355744,1.0742694034724327
130.91818308098348,1.0735563942447615
130.96819002639256,1.0728431608893034
131.01819697180164,1.0721297055792947
131.06820391721072,1.0714160304886475
131.1182108626198,1.0707021377919448
131.16821780802888,1.0699880296644309
131.218224753438,1.0692737082820072
131.26823169884707,1.0685591758212258
131.31823864425616,1.0678444344592812
131.36824558966524,1.067129486374004
131.41825253507432,1.0664143337438556
131.4682594804834,1.0656989787479199
131.51826642589248,1.0649834235658975
131.5682733713016,1.064267670378099
131.61828031671067,1.0635517213654395
131.66828726211975,1.0628355787094295
131.71829420752883,1.0621192445921692
131.7683011529379,1.061402721196343
131.818308098347,1.0606860107052123
131.86831504375607,1.0599691153026076
131.91832198916518,1.0592520371729233
131.96832893457426,1.0585347785011114
132.01833587998334,1.0578173414726726
132.06834282539242,1.0570997282736518
132.1183497708015,1.0563819410906308
132.16835671621058,1.0556639821107212
132.21836366161966,1.0549458535215583
132.26837060702877,1.0542275575112936
132.31837755243785,1.0535090962685898
132.36838449784693,1.0527904719826124
132.418391443256,1.0520716868430235
132.4683983886651,1.0513527430399765
132.51840533407417,1.0506336427641063
132.56841227948325,1.049914388206526
132.61841922489236,1.0491949815588182
132.66842617030144,1.04847542501303
132.71843311571052,1.0477557207616637
132.7684400611196,1.047035870997673
132.8184470065287,1.0463158779144537
132.86845395193777,1.045595743705839
132.91846089734685,1.0448754705660923
132.96846784275596,1.0441550606898997
133.01847478816504,1.0434345162723655
133.06848173357412,1.0427138395090016
133.1184886789832,1.0419930325957245
133.16849562439228,1.0412720977288474
133.21850256980136,1.040551037105073
133.26850951521044,1.0398298529214878
133.31851646061955,1.0391085473755528
133.36852340602863,1.0383871226651014
133.4185303514377,1.0376655809883288
133.4685372968468,1.0369439245437868
133.51854424225587,1.036222155530377
133.56855118766495,1.035500276147343
133.61855813307403,1.0347782885942662
133.66856507848314,1.0340561950710567
133.71857202389222,1.033333997777948
133.7685789693013,1.0326116989154894
133.81858591471038,1.0318893006845402
133.86859286011946,1.0311668052862613
133.91859980552854,1.030444214922111
133.96860675093762,1.029721531793836
134.0186136963467,1.0289987581034665
134.0686206417558,1.0282758960533078
134.1186275871649,1.0275529478459353
134.16863453257398,1.0268299156841862
134.21864147798306,1.026106801771154
134.26864842339214,1.0253836083101808
134.31865536880122,1.024660337504852
134.3686623142103,1.023936991558987
134.4186692596194,1.0232135726766354
134.4686762050285,1.0224900830620696
134.51868315043757,1.0217665249197763
134.56869009584665,1.0210429004544512
134.61869704125573,1.0203192118709934
134.6687039866648,1.0195954613744949
134.7187109320739,1.0188716511702383
134.768717877483,1.0181477834636874
134.81872482289208,1.0174238604604822
134.86873176830116,1.01669988436643
134.91873871371024,1.0159758573875
134.96874565911932,1.0152517817298168
135.0187526045284,1.0145276595996533
135.06875954993748,1.0138034932034239
135.1187664953466,1.013079284747678
135.16877344075567,1.012355036439093
135.21878038616475,1.0116307504844677
135.26878733157383,1.010906429090716
135.3187942769829,1.0101820744648593
135.368801222392,1.009457688814021
135.41880816780107,1.0087332743454174
135.46881511321018,1.0080088332663542
135.51882205861926,1.0072843677842178
135.56882900402834,1.0065598801064692
135.61883594943743,1.0058353724406361
135.6688428948465,1.0051108469943082
135.7188498402556,1.0043863059751283
135.76885678566467,1.0036617515907873
135.81886373107378,1.0029371860490164
135.86887067648286,1.002212611557582
135.91887762189194,1.001488030324277
135.96888456730102,1.0007634445569138
136.0188915127101,1.0000388564633198
136.06889845811918,0.9993142682513294
136.11890540352826,0.9985896821287772
136.16891234893737,0.9978651003034911
136.21891929434645,0.9971405249832873
136.26892623975553,0.99641595837596
136.3189331851646,0.9956914026892784
136.3689401305737,0.9949668601309778
136.41894707598277,0.9942423329087543
136.46895402139185,0.9935178232302558
136.51896096680096,0.9927933333030777
136.56896791221004,0.9920688653347558
136.61897485761912,0.9913444215327578
136.6689818030282,0.9906200041044786
136.71898874843728,0.9898956152572325
136.76899569384636,0.9891712571982461
136.81900263925544,0.9884469321346528
136.86900958466455,0.9877226422734854
136.91901653007363,0.9869983898216699
136.96902347548271,0.9862741769860179
137.0190304208918,0.9855500059732195
137.06903736630088,0.9848258789898384
137.11904431170996,0.9841017982423038
137.16905125711904,0.9833777659369042
137.21905820252815,0.9826537842797798
137.26906514793723,0.9819298554769182
137.3190720933463,0.9812059817341438
137.3690790387554,0.9804821652571143
137.41908598416447,0.979758408251313
137.46909292957355,0.9790347129220416
137.51909987498263,0.9783110814744147
137.56910682039174,0.9775875161133504
137.61911376580082,0.9768640190435676
137.6691207112099,0.9761405924695761
137.71912765661898,0.9754172385956706
137.76913460202806,0.9746939596259254
137.81914154743714,0.9739707577641848
137.86914849284622,0.9732476352140598
137.91915543825533,0.9725245941789183
137.9691623836644,0.9718016368618818
138.0191693290735,0.971078765465815
138.06917627448257,0.9703559821933216
138.11918321989165,0.9696332892467359
138.16919016530073,0.9689106888281178
138.2191971107098,0.9681881831392454
138.26920405611892,0.967465774381607
138.319211001528,0.9667434647563977
138.36921794693708,0.9660212564645081
138.41922489234616,0.9652991517065215
138.46923183775525,0.9645771526827053
138.51923878316433,0.9638552615930048
138.5692457285734,0.9631334806370369
138.61925267398252,0.9624118120140811
138.6692596193916,0.9616902579230774
138.71926656480068,0.9609688205626147
138.76927351020976,0.960247502130927
138.81928045561884,0.9595263048258862
138.86928740102792,0.9588052308449939
138.919294346437,0.9580842823853774
138.9693012918461,0.9573634616437802
139.0193082372552,0.9566427708165584
139.06931518266427,0.9559222120996704
139.11932212807335,0.9552017876886737
139.16932907348243,0.9544814997787147
139.2193360188915,0.9537613505645253
139.2693429643006,0.9530413422404144
139.3193499097097,0.9523214770002613
139.36935685511878,0.9516017570375106
139.41936380052786,0.9508821845451622
139.46937074593694,0.950162761715768
139.51937769134602,0.9494434907414236
139.5693846367551,0.948724373813762
139.61939158216418,0.9480054131239469
139.66939852757326,0.9472866108626652
139.71940547298237,0.9465679692201213
139.76941241839145,0.9458494903860314
139.81941936380053,0.9451311765496143
139.86942630920962,0.9444130298995865
139.9194332546187,0.9436950526241553
139.96944020002778,0.942977246911011
140.01944714543686,0.9422596149473222
140.06945409084597,0.9415421589197271
140.11946103625505,0.9408248810143295
140.16946798166413,0.9401077834166889
140.2194749270732,0.9393908683118154
140.2694818724823,0.9386741378841638
140.31948881789137,0.9379575943176258
140.36949576330045,0.937241239795524
140.41950270870956,0.9365250765006046
140.46950965411864,0.9358091066150312
140.51951659952772,0.9350933323203786
140.5695235449368,0.9343777557976248
140.61953049034588,0.9336623792271459
140.66953743575496,0.9329472047887086
140.71954438116404,0.932232234661463
140.76955132657315,0.9315174710239371
140.81955827198223,0.9308029160540305
140.8695652173913,0.9300885719290061
140.9195721628004,0.9293744408254844
140.96957910820947,0.9286605249194374
141.01958605361855,0.9279468263861803
141.06959299902763,0.9272333474003671
141.11959994443674,0.9265200901359818
141.16960688984582,0.9258070567663341
141.2196138352549,0.9250942494640509
141.26962078066398,0.9243816704010694
141.31962772607307,0.9236693217486324
141.36963467148215,0.9229572056772802
141.41964161689123,0.9222453243568448
141.46964856230034,0.9215336799564421
141.51965550770942,0.9208222746444679
141.5696624531185,0.9201111105885869
141.61966939852758,0.9194001899557306
141.66967634393666,0.9186895149120882
141.71968328934574,0.9179790876231004
141.76969023475482,0.9172689102534538
141.81969718016393,0.9165589849670718
141.869704125573,0.9158493139271117
141.9197110709821,0.9151398992959547
141.96971801639117,0.9144307432352017
142.01972496180025,0.913721847905665
142.06973190720933,0.9130132154673624
142.1197388526184,0.9123048480795111
142.16974579802752,0.91159674790052
142.2197527434366,0.9108889170879855
142.26975968884568,0.9101813577986817
142.31976663425476,0.9094740721885552
142.36977357966384,0.9087670624127195
142.41978052507292,0.9080603306254474
142.469787470482,0.9073538789801646
142.5197944158911,0.906647709629443
142.5698013613002,0.9059418247249953
142.61980830670927,0.905236226417666
142.66981525211835,0.9045309168574274
142.71982219752744,0.9038258981933714
142.76982914293652,0.9031211725737043
142.8198360883456,0.9024167421457389
142.8698430337547,0.9017126090558876
142.91984997916379,0.9010087754496592
142.96985692457287,0.900305243471648
143.01986386998195,0.8996020152655299
143.06987081539103,0.8988990929740555
143.1198777608001,0.8981964787390422
143.1698847062092,0.8974941747013698
143.2198916516183,0.8967921830009723
143.26989859702738,0.8960905057768329
143.31990554243646,0.8953891451669757
143.36991248784554,0.8946881033084606
143.41991943325462,0.8939873823373753
143.4699263786637,0.8932869843888308
143.51993332407278,0.8925869115969536
143.5699402694819,0.8918871660948788
143.61994721489097,0.891187750014746
143.66995416030005,0.8904886654876887
143.71996110570913,0.8897899146438315
143.7699680511182,0.8890914996122823
143.8199749965273,0.8883934225211252
143.86998194193637,0.8876956854974154
143.91998888734548,0.8869982906671703
143.96999583275456,0.8863012401553668
144.02000277816364,0.8856045360859313
144.07000972357272,0.8849081805817347
144.1200166689818,0.8842121757645865
144.17002361439089,0.8835165237552264
144.22003055979997,0.8828212266733201
144.27003750520907,0.8821262866374512
144.32004445061816,0.8814317057651164
144.37005139602724,0.8807374861727171
144.42005834143632,0.8800436299755544
144.4700652868454,0.8793501392878211
144.52007223225448,0.8786570162225975
144.57007917766356,0.8779642628918433
144.62008612307267,0.8772718814063909
144.67009306848175,0.8765798738759418
144.72010001389083,0.8758882424090555
144.7701069592999,0.8751969891131469
144.820113904709,0.8745061160944787
144.87012085011807,0.8738156254581544
144.92012779552715,0.8731255193081131
144.97013474093626,0.8724357997471208
145.02014168634534,0.8717464688767678
145.07014863175442,0.8710575287974582
145.1201555771635,0.8703689816084065
145.17016252257258,0.8696808294076293
145.22016946798166,0.8689930742919402
145.27017641339074,0.8683057183569423
145.32018335879982,0.8676187636970226
145.37019030420893,0.8669322124053456
145.420197249618,0.8662460665738471
145.4702041950271,0.865560328293227
145.52021114043617,0.8648749996529428
145.57021808584526,0.8641900827412048
145.62022503125434,0.8635055796449682
145.67023197666342,0.8628214924499277
145.72023892207253,0.8621378232405102
145.7702458674816,0.8614545740998696
145.8202528128907,0.8607717471098792
145.87025975829977,0.8600893443511266
145.92026670370885,0.8594073679029064
145.97027364911793,0.8587258198432146
146.020280594527,0.858044702248741
146.07028753993612,0.8573640171948643
146.1202944853452,0.8566837667556461
146.17030143075428,0.8560039530038225
146.22030837616336,0.8553245780107994
146.27031532157244,0.8546456438466463
146.32032226698152,0.8539671525800883
146.3703292123906,0.8532891062785019
146.4203361577997,0.8526115070079073
146.4703431032088,0.8519343568329637
146.52035004861787,0.8512576578169608
146.57035699402695,0.8505814120218135
146.62036393943603,0.8499056215080563
146.6703708848451,0.849230288334836
146.7203778302542,0.8485554145599066
146.7703847756633,0.847881002239621
146.82039172107238,0.8472070534289283
146.87039866648146,0.8465335701813627
146.92040561189054,0.8458605545490411
146.97041255729962,0.8451880085826556
147.0204195027087,0.8445159343314671
147.0704264481178,0.8438443338432994
147.1204333935269,0.8431732091645314
147.17044033893598,0.8425025623400944
147.22044728434506,0.8418323954134619
147.27045422975414,0.841162710426646
147.32046117516322,0.8404935094201905
147.3704681205723,0.8398247944331633
147.42047506598138,0.8391565675031525
147.4704820113905,0.8384888306662585
147.52048895679957,0.8378215859570891
147.57049590220865,0.8371548354087524
147.62050284761773,0.8364885810528496
147.6705097930268,0.8358228249194715
147.7205167384359,0.8351575690371897
147.77052368384497,0.8344928154330525
147.82053062925408,0.8338285661325768
147.87053757466316,0.8331648231597444
147.92054452007224,0.832501588536992
147.97055146548132,0.831838864285209
148.0205584108904,0.8311766524237296
148.07056535629948,0.8305149549703261
148.12057230170856,0.8298537739412042
148.17057924711767,0.8291931113509945
148.22058619252675,0.82853296921275
148.27059313793583,0.8278733495379365
148.3206000833449,0.8272142543364281
148.370607028754,0.8265556856165015
148.42061397416307,0.8258976453848276
148.47062091957216,0.8252401356464685
148.52062786498126,0.8245831584048691
148.57063481039035,0.8239267156618524
148.62064175579943,0.8232708094176124
148.6706487012085,0.8226154416707087
148.7206556466176,0.8219606144180589
148.77066259202667,0.821306329654935
148.82066953743575,0.8206525893749557
148.87067648284486,0.8199993955700802
148.92068342825394,0.8193467502306038
148.97069037366302,0.8186946553451487
149.0206973190721,0.8180431129006616
149.07070426448118,0.8173921248824048
149.12071120989026,0.8167416932739517
149.17071815529934,0.816091820057181
149.22072510070845,0.8154425072122677
149.27073204611753,0.8147937567176822
149.3207389915266,0.8141455705501797
149.3707459369357,0.8134979506847961
149.42075288234477,0.8128508990948424
149.47075982775385,0.812204417751897
149.52076677316293,0.8115585086258015
149.57077371857204,0.8109131736846534
149.62078066398112,0.8102684148948018
149.6707876093902,0.8096242342208393
149.72079455479928,0.8089806336255971
149.77080150020836,0.8083376150701385
149.82080844561744,0.807695180513754
149.87081539102653,0.8070533319139543
149.92082233643563,0.8064120712264647
149.97082928184471,0.8057714004052201
150.0208362272538,0.805131321402356
150.07084317266288,0.8044918361682062
150.12085011807196,0.8038529466512948
150.17085706348104,0.8032146547983308
150.22086400889012,0.8025769625542025
150.27087095429923,0.8019398718619697
150.3208778997083,0.8013033846628613
150.3708848451174,0.8006675028962661
150.42089179052647,0.8000322284997283
150.47089873593555,0.7993975634089417
150.52090568134463,0.7987635095577437
150.5709126267537,0.7981300688781081
150.62091957216282,0.7974972433001413
150.6709265175719,0.7968650347520758
150.72093346298098,0.7962334451602635
150.77094040839006,0.7956024764491705
150.82094735379914,0.7949721305413703
150.87095429920822,0.7943424093575397
150.9209612446173,0.7937133148164516
150.97096819002638,0.7930848488349694
151.0209751354355,0.7924570133280413
151.07098208084457,0.7918298102086951
151.12098902625365,0.7912032413880304
151.17099597166273,0.790577308775215
151.22100291707181,0.789952014277478
151.2710098624809,0.7893273598001043
151.32101680788998,0.7887033472464278
151.37102375329908,0.7880799785178272
151.42103069870817,0.7874572555137199
151.47103764411725,0.786835180131555
151.52104458952633,0.7862137542668082
151.5710515349354,0.7855929798129769
151.6210584803445,0.7849728586615726
151.67106542575357,0.7843533927021168
151.72107237116268,0.7837345838221343
151.77107931657176,0.7831164339071487
151.82108626198084,0.7824989448406748
151.87109320738992,0.7818821185042135
151.921100152799,0.7812659567772472
151.97110709820808,0.7806504615372327
152.02111404361716,0.7800356346595962
152.07112098902627,0.7794214780177272
152.12112793443535,0.7788079934829739
152.17113487984443,0.7781951829246349
152.2211418252535,0.7775830482099564
152.2711487706626,0.7769715912041248
152.32115571607167,0.776360813770262
152.37116266148075,0.7757507177694191
152.42116960688986,0.7751413050605696
152.47117655229894,0.7745325775006071
152.52118349770802,0.7739245369443362
152.5711904431171,0.7733171852444685
152.62119738852618,0.7727105242516168
152.67120433393526,0.7721045558142888
152.72121127934435,0.7714992817788824
152.77121822475345,0.7708947039896792
152.82122517016253,0.7702908242888404
152.87123211557162,0.7696876445163991
152.9212390609807,0.7690851665102563
152.97124600638978,0.7684833921061736
153.02125295179886,0.7678823231377699
153.07125989720794,0.7672819614365143
153.12126684261705,0.7666823088317204
153.17127378802613,0.7660833671505425
153.2212807334352,0.7654851382179666
153.2712876788443,0.7648876238568088
153.32129462425337,0.7642908258877068
153.37130156966245,0.7636947461291159
153.42130851507153,0.7630993863973032
153.47131546048064,0.7625047485063408
153.52132240588972,0.7619108342681029
153.5713293512988,0.7613176454922576
153.62133629670788,0.7607251839862629
153.67134324211696,0.7601334515553608
153.72135018752604,0.7595424500025714
153.77135713293512,0.7589521811286882
153.82136407834423,0.758362646732272
153.8713710237533,0.7577738486096463
153.9213779691624,0.7571857885548902
153.97138491457147,0.7565984683598346
154.02139185998055,0.7560118898140553
154.07139880538963,0.7554260547048689
154.12140575079871,0.7548409648173267
154.17141269620782,0.7542566219342086
154.2214196416169,0.75367302783602
154.27142658702599,0.7530901843009827
154.32143353243507,0.7525080931050329
154.37144047784415,0.7519267560218136
154.42144742325323,0.7513461748226709
154.4714543686623,0.7507663512766469
154.52146131407142,0.7501872871504751
154.5714682594805,0.7496089842085758
154.62147520488958,0.7490314442130493
154.67148215029866,0.7484546689236715
154.72148909570774,0.7478786600978884
154.77149604111682,0.7473034194908095
154.8215029865259,0.7467289488552047
154.871509931935,0.746155249941497
154.9215168773441,0.7455823244977591
154.97152382275317,0.7450101742697057
155.02153076816225,0.7444388010006902
155.07153771357133,0.7438682064316977
155.1215446589804,0.7432983923013412
155.1715516043895,0.742729360345856
155.2215585497986,0.742161112299093
155.27156549520768,0.7415936498925164
155.32157244061676,0.7410269748551944
155.37157938602584,0.7404610889137974
155.42158633143492,0.7398959937925909
155.471593276844,0.7393316912134309
155.52160022225308,0.7387681828957589
155.5716071676622,0.7382054705565948
155.62161411307127,0.7376435559105355
155.67162105848035,0.7370824406697455
155.72162800388944,0.7365221265439539
155.77163494929852,0.7359626152404491
155.8216418947076,0.7354039084640733
155.87164884011668,0.7348460079172167
155.9216557855258,0.7342889152998129
155.97166273093487,0.733732632309335
156.02166967634395,0.733177160640788
156.07167662175303,0.7326225019867051
156.1216835671621,0.7320686580371417
156.1716905125712,0.7315156304796717
156.22169745798027,0.7309634209993808
156.27170440338938,0.730412031278862
156.32171134879846,0.7298614629982113
156.37171829420754,0.729311717835021
156.42172523961662,0.728762797464375
156.4717321850257,0.7282147035588448
156.52173913043478,0.7276674377884833
156.57174607584386,0.7271210018208203
156.62175302125294,0.7265753973208567
156.67175996666205,0.72603062595106
156.72176691207113,0.72548668937136
156.7717738574802,0.7249435892391418
156.8217808028893,0.7244013272092423
156.87178774829837,0.7238599049339449
156.92179469370745,0.7233193240629735
156.97180163911653,0.7227795862434888
157.02180858452564,0.7222406931200824
157.07181552993472,0.7217026463347729
157.1218224753438,0.7211654475269995
157.17182942075289,0.7206290983336169
157.22183636616197,0.720093600388892
157.27184331157105,0.7195589553244978
157.32185025698013,0.7190251647695081
157.37185720238924,0.7184922303503932
157.42186414779832,0.7179601536910156
157.4718710932074,0.7174289364126225
157.52187803861648,0.7168985801338437
157.57188498402556,0.7163690864706853
157.62189192943464,0.7158404570365251
157.67189887484372,0.7153126934421075
157.72190582025283,0.7147857972955378
157.7719127656619,0.7142597702022799
157.821919711071,0.7137346137651484
157.87192665648007,0.7132103295843053
157.92193360188915,0.7126869192572552
157.97194054729823,0.7121643843788392
158.0219474927073,0.7116427265412317
158.07195443811642,0.7111219473339341
158.1219613835255,0.7106020483437714
158.17196832893458,0.7100830311548858
158.22197527434366,0.7095648973487334
158.27198221975274,0.7090476485040775
158.32198916516182,0.7085312861969858
158.3719961105709,0.7080158120008245
158.42200305598,0.7075012274862533
158.4720100013891,0.7069875342212224
158.52201694679817,0.7064747337709643
158.57202389220726,0.7059628276979925
158.62203083761634,0.7054518175620947
158.67203778302542,0.7049417049203293
158.7220447284345,0.7044324913270195
158.7720516738436,0.7039241783337484
158.8220586192527,0.7034167674893568
158.87206556466177,0.7029102603399351
158.92207251007085,0.7024046584288206
158.97207945547993,0.7018999632965927
159.022086400889,0.7013961764810668
159.0720933462981,0.7008932995172915
159.1221002917072,0.7003913339375427
159.17210723711628,0.6998902812713199
159.22211418252536,0.6993901430453402
159.27212112793444,0.698890920783535
159.32212807334352,0.6983926160070438
159.3721350187526,0.6978952302342114
159.42214196416168,0.6973987649805821
159.4721489095708,0.696903221758895
159.52215585497987,0.6964086020790808
159.57216280038895,0.6959149074482549
159.62216974579803,0.6954221393707147
159.6721766912071,0.6949302993479343
159.7221836366162,0.69443938887856
159.77219058202527,0.6939494094584058
159.82219752743438,0.6934603625804481
159.87220447284346,0.6929722497348232
159.92221141825254,0.6924850724088201
159.97221836366163,0.6919988320868777
160.0222253090707,0.6915135302505803
160.0722322544798,0.691029168378652
160.12223919988887,0.6905457479469528
160.17224614529798,0.690063270428474
160.22225309070706,0.6895817372933349
160.27226003611614,0.6891011500087763
160.32226698152522,0.6886215100391568
160.3722739269343,0.6881428188459492
160.42228087234338,0.6876650778877347
160.47228781775246,0.6871882886201996
160.52229476316157,0.6867124524961301
160.57230170857065,0.6862375709654087
160.62230865397973,0.6857636454750085
160.6723155993888,0.6852906774689896
160.7223225447979,0.6848186683884953
160.77232949020697,0.6843476196717463
160.82233643561605,0.6838775327540376
160.87234338102516,0.6834084090677328
160.92235032643424,0.6829402500422617
160.97235727184332,0.6824730571041138
161.0223642172524,0.6820068316768353
161.07237116266148,0.6815415751810241
161.12237810807056,0.6810772890343263
161.17238505347964,0.6806139746514305
161.22239199888875,0.6801516334440647
161.27239894429783,0.6796902668209923
161.3224058897069,0.6792298761880062
161.372412835116,0.6787704629479261
161.42241978052508,0.6783120285005926
161.47242672593416,0.6778545742428648
161.52243367134324,0.6773981015686148
161.57244061675235,0.6769426118687238
161.62244756216143,0.6764881065310783
161.6724545075705,0.6760345869405648
161.7224614529796,0.6755820544790665
161.77246839838867,0.6751305105254586
161.82247534379775,0.6746799564556045
161.87248228920683,0.6742303936423515
161.92248923461594,0.6737818234555261
161.97249618002502,0.6733342472619308
162.0225031254341,0.6728876664253389
162.07251007084318,0.6724420823064913
162.12251701625226,0.6719974962630914
162.17252396166134,0.6715539096498019
162.22253090707042,0.6711113238182396
162.2725378524795,0.6706697401169723
162.3225447978886,0.6702291598915144
162.3725517432977,0.6697895844843227
162.42255868870677,0.6693510152347923
162.47256563411585,0.668913453479252
162.52257257952493,0.668476900550961
162.572579524934,0.668041357780105
162.6225864703431,0.6676068264937914
162.6725934157522,0.6671733080160454
162.72260036116128,0.6667408036678067
162.77260730657036,0.6663093147669243
162.82261425197945,0.6658788426281537
162.87262119738853,0.6654493885631517
162.9226281427976,0.6650209538804734
162.9726350882067,0.6645935398855682
163.0226420336158,0.664167147880774
163.07264897902488,0.6637417791653166
163.12265592443396,0.6633174350353026
163.17266286984304,0.6628941167837168
163.22266981525212,0.6624718257004185
163.2726767606612,0.6620505630721367
163.32268370607028,0.6616303301824671
163.3726906514794,0.6612111283118675
163.42269759688847,0.6607929587376544
163.47270454229755,0.6603758227339989
163.52271148770663,0.6599597215719226
163.5727184331157,0.6595446565192937
163.6227253785248,0.6591306288408239
163.67273232393387,0.6587176397980635
163.72273926934298,0.6583056906493981
163.77274621475206,0.6578947826500456
163.82275316016114,0.6574849170520503
163.87276010557022,0.6570760951042808
163.9227670509793,0.6566683180524255
163.97277399638838,0.6562615871389895
164.02278094179746,0.6558559036032899
164.07278788720657,0.655451268681452
164.12279483261565,0.6550476836064067
164.17280177802473,0.6546451496078859
164.22280872343381,0.6542436679124183
164.2728156688429,0.6538432397433269
164.32282261425198,0.653443866320724
164.37282955966106,0.6530455488615083
164.42283650507017,0.6526482885793609
164.47284345047925,0.652252086684742
164.52285039588833,0.6518569443848865
164.5728573412974,0.6514628628838008
164.6228642867065,0.651069843382259
164.67287123211557,0.6506778870777992
164.72287817752465,0.65028699516472
164.77288512293376,0.6498971688340767
164.82289206834284,0.6495084092736785
164.87289901375192,0.6491207176680827
164.922905959161,0.6487340951985934
164.97291290457008,0.6483485430432572
165.02291984997916,0.6479640623768588
165.07292679538824,0.6475806543709189
165.12293374079735,0.6471983201936886
165.17294068620643,0.646817061010148
165.2229476316155,0.6464368779820016
165.2729545770246,0.6460577722676744
165.32296152243367,0.6456797450223088
165.37296846784275,0.6453027973977619
165.42297541325183,0.6449269305425998
165.47298235866094,0.6445521456020964
165.52298930407002,0.6441784437182292
165.5729962494791,0.6438058260296751
165.62300319488818,0.6434342936718075
165.67301014029727,0.6430638477766928
165.72301708570635,0.6426944894730868
165.77302403111543,0.6423262198864319
165.82303097652454,0.6419590401388524
165.87303792193362,0.6415929513491527
165.9230448673427,0.6412279546328123
165.97305181275178,0.6408640511019836
166.02305875816086,0.6405012418654875
166.07306570356994,0.6401395280288112
166.12307264897902,0.6397789106941041
166.17307959438813,0.6394193909601736
166.2230865397972,0.6390609699224842
166.2730934852063,0.6387036486731514
166.32310043061537,0.6383474283009405
166.37310737602445,0.6379923098912619
166.42311432143353,0.6376382945261683
166.4731212668426,0.6372853832843515
166.52312821225172,0.6369335772411387
166.5731351576608,0.6365828774684905
166.62314210306988,0.6362332850349959
166.67314904847896,0.63588480100587
166.72315599388804,0.63553742644295
166.77316293929712,0.6351911624046934
166.8231698847062,0.6348460099461737
166.8731768301153,0.6345019701190768
166.9231837755244,0.6341590439716995
166.97319072093347,0.6338172325489444
167.02319766634255,0.6334765368923173
167.07320461175163,0.6331369580399249
167.12321155716072,0.6327984970264704
167.1732185025698,0.6324611548832513
167.2232254479789,0.632124932638156
167.27323239338799,0.63178983131566
167.32323933879707,0.631455851936824
167.37324628420615,0.6311229955192894
167.42325322961523,0.6307912630772765
167.4732601750243,0.6304606556215808
167.5232671204334,0.6301311741595694
167.5732740658425,0.6298028196951786
167.62328101125158,0.6294755932289116
167.67328795666066,0.6291494957578334
167.72329490206974,0.62882452827557
167.77330184747882,0.628500691772303
167.8233087928879,0.6281779872347693
167.87331573829698,0.6278564156462554
167.92332268370606,0.6275359779865968
167.97332962911517,0.6272166752321728
168.02333657452425,0.626898508355906
168.07334351993333,0.6265814783272565
168.1233504653424,0.6262655861122213
168.1733574107515,0.6259508326733302
168.22336435616057,0.6256372189696431
168.27337130156965,0.6253247459567475
168.32337824697876,0.6250134145867541
168.37338519238784,0.6247032258082964
168.42339213779692,0.6243941805665255
168.473399083206,0.6240862798031084
168.52340602861509,0.623779524456225
168.57341297402417,0.6234739154605644
168.62341991943325,0.6231694537473236
168.67342686484236,0.6228661402442033
168.72343381025144,0.622563975875406
168.77344075566052,0.6222629615616323
168.8234477010696,0.621963098220079
168.87345464647868,0.6216643867644351
168.92346159188776,0.6213668281048809
168.97346853729684,0.621070423148083
169.02347548270595,0.6207751727971935
169.07348242811503,0.6204810779518461
169.1234893735241,0.6201881395081534
169.1734963189332,0.6198963583587046
169.22350326434227,0.6196057353925628
169.27351020975135,0.6193162714952618
169.32351715516043,0.619027967548804
169.37352410056954,0.6187408244316569
169.42353104597862,0.6184548430187515
169.4735379913877,0.6181700241814787
169.52354493679678,0.6178863687876872
169.57355188220586,0.6176038777016808
169.62355882761494,0.6173225517842149
169.67356577302402,0.6170423918924955
169.72357271843313,0.6167633988801752
169.7735796638422,0.6164855735973513
169.8235866092513,0.6162089168905629
169.87359355466037,0.6159334296027885
169.92360050006945,0.6156591125734432
169.97360744547854,0.6153859666383764
170.02361439088762,0.6151139926298692
170.07362133629672,0.6148431913766319
170.1236282817058,0.6145735637038012
170.1736352271149,0.6143051104329378
170.22364217252397,0.6140378323820244
170.27364911793305,0.6137717303654622
170.32365606334213,0.6135068051940694
170.3736630087512,0.6132430576750785
170.42366995416032,0.6129804886121328
170.4736768995694,0.6127190988052861
170.52368384497848,0.6124588890509979
170.57369079038756,0.6121998601421326
170.62369773579664,0.6119420128679564
170.67370468120572,0.6116853480141351
170.7237116266148,0.6114298663627313
170.7737185720239,0.6111755686922028
170.823725517433,0.6109224557773998
170.87373246284207,0.6106705283895622
170.92373940825115,0.6104197872963177
170.97374635366023,0.6101702332616795
171.0237532990693,0.6099218670460436
171.0737602444784,0.6096746894061866
171.1237671898875,0.6094287010952637
171.17377413529658,0.6091839028628065
171.22378108070566,0.6089402954547198
171.27378802611474,0.60869787961328
171.32379497152382,0.6084566560771334
171.3738019169329,0.6082166255812924
171.42380886234199,0.6079777888571352
171.4738158077511,0.6077401466324013
171.52382275316018,0.6075036996311918
171.57382969856926,0.6072684485739652
171.62383664397834,0.6070343941775362
171.67384358938742,0.6068015371550732
171.7238505347965,0.6065698782160962
171.77385748020558,0.6063394180664743
171.8238644256147,0.6061101574084242
171.87387137102377,0.6058820969405079
171.92387831643285,0.6056552373576298
171.97388526184193,0.6054295793510359
172.023892207251,0.6052051236083105
172.0738991526601,0.6049818708133743
172.12390609806917,0.6047598216464836
172.17391304347828,0.604538976784226
172.22391998888736,0.6043193368995204
172.27392693429644,0.6041009026616142
172.32393387970552,0.6038836747360805
172.3739408251146,0.6036676537848171
172.42394777052368,0.6034528404660441
172.47395471593276,0.6032392354343019
172.52396166134187,0.6030268393404494
172.57396860675095,0.6028156528316617
172.62397555216003,0.602605676551428
172.6739824975691,0.6023969111395505
172.7239894429782,0.6021893572321413
172.77399638838727,0.6019830154616215
172.82400333379636,0.6017778864567183
172.87401027920546,0.6015739708424639
172.92401722461454,0.6013712692401931
172.97402417002363,0.601169782267542
173.0240311154327,0.6009695105384454
173.0740380608418,0.6007704546631347
173.12404500625087,0.6005726152481375
173.17405195165995,0.6003759928962744
173.22405889706906,0.6001805882066573
173.27406584247814,0.5999864017746885
173.32407278788722,0.5997934341920579
173.3740797332963,0.5996016860467412
173.42408667870538,0.599411157922999
173.47409362411446,0.5992218504013744
173.52410056952354,0.5990337640586909
173.57410751493262,0.5988468994680515
173.62411446034173,0.5986612571988359
173.6741214057508,0.5984768378167004
173.7241283511599,0.5982936418835739
173.77413529656897,0.5981116699576584
173.82414224197805,0.597930922593426
173.87414918738713,0.5977514003416171
173.9241561327962,0.59757310374924
173.97416307820532,0.5973960333595675
174.0241700236144,0.5972201897121369
174.07417696902348,0.5970455733427471
174.12418391443256,0.5968721847834579
174.17419085984164,0.5967000245625874
174.22419780525072,0.5965290932047111
174.2742047506598,0.5963593912306606
174.32421169606891,0.5961909191575208
174.374218641478,0.5960236774986296
174.42422558688708,0.5958576667635758
174.47423253229616,0.595692887458197
174.52423947770524,0.5955293400845794
174.57424642311432,0.5953670251410548
174.6242533685234,0.5952059431222001
174.6742603139325,0.5950460945188354
174.7242672593416,0.5948874798180227
174.77427420475067,0.594730099503064
174.82428115015975,0.5945739540535002
174.87428809556883,0.5944190439451097
174.9242950409779,0.5942653696499065
174.974301986387,0.5941129316361393
175.0243089317961,0.5939617303682896
175.07431587720518,0.5938117663070709
175.12432282261426,0.5936630399094265
175.17432976802334,0.5935155516285289
175.22433671343242,0.5933693019137773
175.2743436588415,0.5932242912107981
175.32435060425058,0.5930805199614413
175.3743575496597,0.5929379886037808
175.42436449506877,0.5927966975721127
175.47437144047785,0.5926566472969534
175.52437838588693,0.5925178382050389
175.574385331296,0.5923802707193233
175.6243922767051,0.5922439452589772
175.67439922211418,0.5921088622393873
175.72440616752328,0.591975022072154
175.77441311293236,0.5918424251650911
175.82442005834145,0.5917110719222238
175.87442700375053,0.5915809627437882
175.9244339491596,0.5914520980262294
175.9744408945687,0.591324478162201
176.02444783997777,0.5911981035405629
176.07445478538688,0.5910729745463813
176.12446173079596,0.5909490915609266
176.17446867620504,0.5908264549616729
176.22447562161412,0.590705065122296
176.2744825670232,0.5905849224126735
176.32448951243228,0.5904660271988823
176.37449645784136,0.5903483798431987
176.42450340325047,0.5902319807040963
176.47451034865955,0.5901168301362458
176.52451729406863,0.5900029284905133
176.5745242394777,0.5898902761139591
176.6245311848868,0.5897788733498373
176.67453813029587,0.5896687205375944
176.72454507570495,0.5895598180128683
176.77455202111406,0.5894521661074867
176.82455896652314,0.5893457651494676
176.87456591193222,0.5892406154630166
176.9245728573413,0.5891367173685269
176.97457980275038,0.589034071182578
177.02458674815946,0.5889326772179349
177.07459369356854,0.5888325357835471
177.12460063897765,0.5887336471845472
177.17460758438673,0.5886360117222511
177.22461452979582,0.5885396296941557
177.2746214752049,0.5884445013939392
177.32462842061398,0.5883506271114594
177.37463536602306,0.5882580071327528
177.42464231143214,0.5881666417400344
177.47464925684125,0.5880765312116967
177.52465620225033,0.5879876758223077
177.5746631476594,0.5879000758426121
177.6246700930685,0.5878137315395284
177.67467703847757,0.5877286431761495
177.72468398388665,0.5876448110117413
177.77469092929573,0.587562235301742
177.82469787470484,0.5874809162977616
177.87470482011392,0.5874008542475806
177.924711765523,0.5873220493951496
177.97471871093208,0.5872445019805888
178.02472565634116,0.5871682122401862
178.07473260175024,0.5870931804063988
178.12473954715932,0.5870194067078495
178.17474649256843,0.5869468913693284
178.2247534379775,0.5868756346117914
178.2747603833866,0.5868056366523591
178.32476732879567,0.5867368977043165
178.37477427420475,0.5866694179771127
178.42478121961383,0.5866031976763597
178.47478816502291,0.5865382370038321
178.52479511043202,0.5864745361574664
178.5748020558411,0.5864120953313603
178.62480900125018,0.5863509147157722
178.67481594665927,0.5862909944971206
178.72482289206835,0.5862323348579838
178.77482983747743,0.5861749359770986
178.8248367828865,0.5861187980293607
178.87484372829562,0.5860639211858234
178.9248506737047,0.5860103056136978
178.97485761911378,0.5859579514763513
179.02486456452286,0.5859068589333081
179.07487150993194,0.5858570281402482
179.12487845534102,0.5858084592490072
179.1748854007501,0.5857611524075751
179.2248923461592,0.585715107760097
179.2748992915683,0.5856703254468718
179.32490623697737,0.5856268056043522
179.37491318238645,0.5855845483651438
179.42492012779553,0.5855435538580056
179.4749270732046,0.5855038222078484
179.5249340186137,0.5854653535357353
179.57494096402277,0.585428147958881
179.62494790943188,0.585392205590652
179.67495485484096,0.5853575265405653
179.72496180025004,0.5853241109142884
179.77496874565912,0.5852919588136395
179.8249756910682,0.5852610703365868
179.87498263647728,0.585231445577248
179.92498958188636,0.5852030846258904
179.97499652729547,0.5851759875689302
180.02500347270455,0.5851501544889329
180.07501041811364,0.5851255854646124
180.12501736352272,0.5851022805708308
180.1750243089318,0.5850802398785986
180.22503125434088,0.5850594634550743
180.27503819974996,0.5850399513635642
180.32504514515907,0.5850217036635218
180.37505209056815,0.5850047204105484
180.42505903597723,0.5849890016563921
180.4750659813863,0.5849745474489484
180.5250729267954,0.5849613578322596
180.57507987220447,0.5849494328465146
180.62508681761355,0.584938772528049
180.67509376302266,0.5849293769093452
180.72510070843174,0.5849212460190318
180.77510765384082,0.5849143798818837
180.8251145992499,0.5849087785188221
180.87512154465898,0.5849044419469146
180.92512849006806,0.5849013701793748
180.97513543547714,0.5848995632255625
181.02514238088625,0.5848990210909832
181.07514932629533,0.5848997437772891
181.1251562717044,0.5849017312822782
181.1751632171135,0.5849049835998944
181.22517016252257,0.5849095007202278
181.27517710793165,0.5849152826295148
181.32518405334073,0.5849223293101375
181.37519099874984,0.5849306407406247
181.42519794415892,0.5849402168956516
181.475204889568,0.5849510577460391
181.52521183497709,0.5849631632587549
181.57521878038617,0.5849765333969134
181.62522572579525,0.5849911681197755
181.67523267120433,0.5850070673827489
181.72523961661344,0.5850242311373882
181.77524656202252,0.5850426593313953
181.8252535074316,0.5850623519086189
181.87526045284068,0.5850833088090552
181.92526739824976,0.5851055299688486
181.97527434365884,0.5851290153202904
182.02528128906792,0.5851537647918204
182.07528823447703,0.5851797783080263
182.1252951798861,0.5852070557896445
182.1753021252952,0.5852355971535602
182.22530907070427,0.585265402312807
182.27531601611335,0.5852964711765682
182.32532296152243,0.5853288036501761
182.3753299069315,0.5853623996351134
182.42533685234062,0.5853972590290122
182.4753437977497,0.5854333817256552
182.52535074315878,0.5854707676149757
182.57535768856786,0.5855094165830588
182.62536463397694,0.5855493285121396
182.67537157938602,0.5855905032806061
182.7253785247951,0.5856329407629978
182.7753854702042,0.5856766408300068
182.8253924156133,0.5857216033484783
182.87539936102237,0.5857678281814105
182.92540630643146,0.5858153151879555
182.97541325184054,0.5858640642234194
183.02542019724962,0.5859140751392629
183.0754271426587,0.5859653477831017
183.1254340880678,0.5860178819987073
183.1754410334769,0.5860716776260066
183.22544797888597,0.5861267345010835
183.27545492429505,0.5861830524561784
183.32546186970413,0.5862406313196896
183.3754688151132,0.5862994709161728
183.4254757605223,0.5863595710663432
183.4754827059314,0.5864209315870739
183.52548965134048,0.5864835522913984
183.57549659674956,0.5865474329885101
183.62550354215864,0.5866125734837633
183.67551048756772,0.5866789735786737
183.7255174329768,0.5867466330709188
183.77552437838588,0.5868155517543387
183.825531323795,0.5868857294189371
183.87553826920407,0.586957165850881
183.92554521461315,0.5870298608325023
183.97555216002223,0.587103814142298
184.0255591054313,0.5871790255549307
184.0755660508404,0.5872554948412299
184.12557299624947,0.5873332217681921
184.17557994165858,0.5874122060989819
184.22558688706766,0.5874924475929326
184.27559383247674,0.5875739460055465
184.32560077788582,0.5876567010884964
184.3756077232949,0.5877407125896261
184.425614668704,0.5878259802529506
184.47562161411307,0.587912503818658
184.52562855952218,0.588000283023109
184.57563550493126,0.5880893175988389
184.62564245034034,0.5881796072745573
184.67564939574942,0.5882711517751499
184.7256563411585,0.5883639508216787
184.77566328656758,0.5884580041313834
184.82567023197666,0.5885533114176815
184.87567717738577,0.5886498723901701
184.92568412279485,0.5887476867546256
184.97569106820393,0.5888467542130059
185.025698013613,0.5889470744634506
185.0757049590221,0.5890486472002818
185.12571190443117,0.5891514721140052
185.17571884984025,0.5892555488913116
185.22572579524933,0.5893608772150768
185.27573274065844,0.5894674567643634
185.32573968606752,0.5895752872144213
185.3757466314766,0.589684368236689
185.42575357688568,0.5897946994987946
185.47576052229476,0.5899062806645565
185.52576746770384,0.5900191113939846
185.57577441311292,0.5901331913432815
185.62578135852203,0.5902485201648433
185.6757883039311,0.5903650975072608
185.7257952493402,0.5904829230153208
185.77580219474928,0.5906019963300062
185.82580914015836,0.5907223170884985
185.87581608556744,0.590843884924178
185.92582303097652,0.5909666994666252
185.97582997638563,0.5910907603416216
186.0258369217947,0.591216067171151
186.0758438672038,0.5913426195734015
186.12585081261287,0.5914704171627652
186.17585775802195,0.5915994595498404
186.22586470343103,0.5917297463414322
186.2758716488401,0.5918612771405544
186.32587859424922,0.5919940515464299
186.3758855396583,0.5921280691544928
186.42589248506738,0.5922633295563882
186.47589943047646,0.5923998323399755
186.52590637588554,0.5925375770893277
186.57591332129462,0.592676563384734
186.6259202667037,0.5928167908027004
186.6759272121128,0.5929582589159512
186.7259341575219,0.5931009672934302
186.77594110293097,0.5932449155003022
186.82594804834005,0.593390103097954
186.87595499374913,0.5935365296439965
186.9259619391582,0.5936841946922646
186.9759688845673,0.5938330977928206
187.0259758299764,0.5939832384919533
187.07598277538548,0.5941346163321812
187.12598972079456,0.5942872308522531
187.17599666620364,0.5944410815871494
187.22600361161273,0.5945961680680839
187.2760105570218,0.5947524898225052
187.3260175024309,0.5949100463740975
187.37602444784,0.5950688372427833
187.42603139324908,0.5952288619447235
187.47603833865816,0.5953901199923193
187.52604528406724,0.5955526108942149
187.57605222947632,0.5957163341552968
187.6260591748854,0.5958812892766971
187.67606612029448,0.5960474757557944
187.7260730657036,0.5962148930862154
187.77608001111267,0.5963835407578357
187.82608695652175,0.5965534182567829
187.87609390193083,0.5967245250654367
187.9261008473399,0.5968968606624314
187.976107792749,0.5970704245226568
188.02611473815807,0.5972452161172608
188.07612168356718,0.5974212349136496
188.12612862897626,0.5975984803754907
188.17613557438534,0.5977769519627133
188.22614251979442,0.5979566491315114
188.2761494652035,0.598137571334344
188.32615641061258,0.5983197180199373
188.37616335602166,0.5985030886332872
188.42617030143077,0.5986876826156595
188.47617724683985,0.5988734994045928
188.52618419224893,0.5990605384338998
188.57619113765801,0.5992487991336686
188.6261980830671,0.5994382809302654
188.67620502847618,0.5996289832463351
188.72621197388526,0.5998209055008044
188.77621891929437,0.6000140471088822
188.82622586470345,0.600208407482062
188.87623281011253,0.6004039860281241
188.9262397555216,0.6006007821511368
188.9762467009307,0.6007987952514584
189.02625364633977,0.6009980247257392
189.07626059174885,0.6011984699669228
189.12626753715796,0.6014001303642488
189.17627448256704,0.601603005303254
189.22628142797612,0.601807094165774
189.2762883733852,0.6020123963299466
189.32629531879428,0.6022189111702119
189.37630226420336,0.6024266380573149
189.42630920961244,0.6026355763583078
189.47631615502155,0.6028457254365516
189.52632310043063,0.6030570846517176
189.5763300458397,0.6032696533597902
189.6263369912488,0.6034834309130686
189.67634393665787,0.603698416660168
189.72635088206695,0.6039146099460226
189.77635782747603,0.6041320101118877
189.82636477288514,0.6043506164953402
189.87637171829422,0.6045704284302822
189.9263786637033,0.6047914452469425
189.97638560911238,0.6050136662718786
190.02639255452146,0.605237090827978
190.07639949993055,0.6054617182344626
190.12640644533963,0.6056875478068877
190.17641339074873,0.6059145788571464
190.22642033615782,0.6061428106934703
190.2764272815669,0.6063722426204325
190.32643422697598,0.6066028739389497
190.37644117238506,0.6068347039462835
190.42644811779414,0.6070677319360432
190.47645506320322,0.6073019571981881
190.52646200861233,0.6075373790190293
190.5764689540214,0.6077739966812314
190.6264758994305,0.6080118094638163
190.67648284483957,0.6082508166421632
190.72648979024865,0.6084910174880127
190.77649673565773,0.6087324112694683
190.8265036810668,0.6089749972509981
190.8765106264759,0.6092187746934379
190.926517571885,0.6094637428539933
190.97652451729408,0.609709900986241
191.02653146270316,0.6099572483401325
191.07653840811224,0.6102057841619956
191.12654535352132,0.6104555076945366
191.1765522989304,0.6107064181768431
191.22655924433948,0.610958514844386
191.2765661897486,0.6112117969290216
191.32657313515767,0.6114662636589943
191.37658008056675,0.6117219142589391
191.42658702597583,0.6119787479498835
191.47659397138491,0.6122367639492501
191.526600916794,0.6124959614708593
191.57660786220308,0.6127563397249307
191.62661480761219,0.6130178979180873
191.67662175302127,0.6132806352533555
191.72662869843035,0.6135445509301696
191.77663564383943,0.6138096441443734
191.8266425892485,0.6140759140882227
191.8766495346576,0.6143433599503875
191.92665648006667,0.6146119809159551
191.97666342547578,0.6148817761664322
192.02667037088486,0.6151527448797474
192.07667731629394,0.6154248862302534
192.12668426170302,0.61569819938873
192.1766912071121,0.6159726835223871
192.22669815252118,0.6162483377948659
192.27670509793026,0.6165251613662424
192.32671204333937,0.6168031533930296
192.37671898874845,0.6170823130281804
192.42672593415753,0.6173626394210897
192.4767328795666,0.6176441317175978
192.5267398249757,0.6179267890599918
192.57674677038477,0.6182106105870093
192.62675371579385,0.6184955954338405
192.67676066120296,0.6187817427321309
192.72676760661204,0.6190690516099842
192.77677455202112,0.6193575211919644
192.8267814974302,0.6196471505990989
192.87678844283928,0.6199379389488814
192.92679538824837,0.6202298853552737
192.97680233365745,0.6205229889287098
193.02680927906655,0.6208172487760972
193.07681622447564,0.6211126640008202
193.12682316988472,0.6214092337027427
193.1768301152938,0.6217069569782109
193.22683706070288,0.6220058329200564
193.27684400611196,0.6223058606175982
193.32685095152104,0.6226070391566458
193.37685789693015,0.6229093676195028
193.42686484233923,0.6232128450849677
193.4768717877483,0.6235174706283386
193.5268787331574,0.6238232433214161
193.57688567856647,0.6241301622325044
193.62689262397555,0.6244382264264156
193.67689956938463,0.6247474349644719
193.72690651479374,0.6250577869045089
193.77691346020282,0.625369281300878
193.8269204056119,0.6256819172044498
193.87692735102098,0.6259956936626163
193.92693429643006,0.6263106097192945
193.97694124183914,0.626626664414929
194.02694818724822,0.6269438567864949
194.07695513265733,0.6272621858675008
194.1269620780664,0.6275816506879917
194.1769690234755,0.6279022502745519
194.22697596888457,0.6282239836503081
194.27698291429365,0.6285468498349323
194.32698985970273,0.6288708478446451
194.37699680511182,0.6291959766922179
194.42700375052092,0.6295222353869772
194.47701069593,0.6298496229348056
194.52701764133909,0.630178138338147
194.57702458674817,0.6305077805960086
194.62703153215725,0.630838548703964
194.67703847756633,0.6311704416541561
194.7270454229754,0.6315034584353005
194.77705236838452,0.6318375980326888
194.8270593137936,0.6321728594281903
194.87706625920268,0.6325092416002577
194.92707320461176,0.6328467435239274
194.97708015002084,0.6331853641708247
195.02708709542992,0.6335251025091654
195.077094040839,0.6338659575037604
195.1271009862481,0.6342079281160179
195.1771079316572,0.6345510133039463
195.22711487706627,0.6348952120221585
195.27712182247535,0.6352405232218741
195.32712876788443,0.6355869458509228
195.3771357132935,0.6359344788537485
195.4271426587026,0.6362831211714112
195.4771496041117,0.6366328717415908
195.52715654952078,0.6369837294985902
195.57716349492986,0.6373356933733387
195.62717044033894,0.637688762293396
195.67717738574802,0.638042935182954
195.7271843311571,0.6383982109628406
195.77719127656619,0.6387545885505237
195.8271982219753,0.6391120668601138
195.87720516738437,0.639470644802367
195.92721211279346,0.6398303212846899
195.97721905820254,0.6401910952111405
196.02722600361162,0.640552965482434
196.0772329490207,0.6409159309959442
196.12723989442978,0.6412799906457081
196.1772468398389,0.6416451433224292
196.22725378524797,0.6420113879134794
196.27726073065705,0.6423787233029046
196.32726767606613,0.6427471483714262
196.3772746214752,0.6431166619964461
196.4272815668843,0.6434872630520491
196.47728851229337,0.6438589504090062
196.52729545770245,0.6442317229347787
196.57730240311156,0.6446055794935217
196.62730934852064,0.644980518946086
196.67731629392972,0.6453565401500246
196.7273232393388,0.6457336419595932
196.77733018474788,0.6461118232257548
196.82733713015696,0.6464910827961841
196.87734407556604,0.646871419515269
196.92735102097515,0.6472528322241171
196.97735796638423,0.6476353197605553
197.0273649117933,0.648018880959137
197.0773718572024,0.6484035146511435
197.12737880261147,0.6487892196645886
197.17738574802055,0.6491759948242208
197.22739269342964,0.6495638389515295
197.27739963883874,0.6499527508647456
197.32740658424783,0.6503427293788466
197.3774135296569,0.6507337733055604
197.427420475066,0.6511258814533682
197.47742742047507,0.6515190526275092
197.52743436588415,0.6519132856299827
197.57744131129323,0.6523085792595533
197.62744825670234,0.6527049323117533
197.67745520211142,0.653102343578887
197.7274621475205,0.6535008118500342
197.77746909292958,0.6539003359110548
197.82747603833866,0.6543009145445908
197.87748298374774,0.6547025465300711
197.92748992915682,0.6551052306437153
197.97749687456593,0.6555089656585367
198.027503819975,0.6559137503443471
198.0775107653841,0.6563195834677591
198.12751771079317,0.6567264637921916
198.17752465620225,0.6571343900778719
198.22753160161133,0.6575433610818404
198.2775385470204,0.657953375557955
198.32754549242952,0.6583644322568931
198.3775524378386,0.6587765299261568
198.42755938324768,0.6591896673100763
198.47756632865676,0.6596038431498138
198.52757327406584,0.6600190561833675
198.57758021947492,0.6604353051455751
198.627587164884,0.6608525887681178
198.67759411029311,0.6612709057795243
198.7276010557022,0.6616902549051737
198.77760800111128,0.6621106348673015
198.82761494652036,0.6625320443850016
198.87762189192944,0.6629544821742308
198.92762883733852,0.6633779469478129
198.9776357827476,0.6638024374154423
199.0276427281567,0.6642279522836881
199.0776496735658,0.6646544902559981
199.12765661897487,0.6650820500327028
199.17766356438395,0.665510630311019
199.22767050979303,0.6659402297850542
199.2776774552021,0.6663708471458101
199.3276844006112,0.6668024810811872
199.3776913460203,0.6672351302759889
199.42769829142938,0.6676687934119239
199.47770523683846,0.668103469167612
199.52771218224754,0.668539156218588
199.57771912765662,0.6689758532373044
199.6277260730657,0.6694135588931371
199.67773301847478,0.6698522718523885
199.7277399638839,0.6702919907782913
199.77774690929297,0.6707327143310131
199.82775385470205,0.6711744411676603
199.87776080011113,0.6716171699422832
199.9277677455202,0.6720608993058781
199.9777746909293,0.6725056279063928
200.02778163633837,0.6729513543887307
200.07778858174748,0.6733980773947543
200.12779552715656,0.6738457955632895
200.17780247256565,0.6742945075301305
200.22780941797473,0.674744211928043
200.2778163633838,0.6751949073867689
200.3278233087929,0.6756465925330297
200.37783025420197,0.6760992659905327
200.42783719961108,0.6765529263799727
200.47784414502016,0.677007572319037
200.52785109042924,0.6774632024224109
200.57785803583832,0.6779198153017802
200.6278649812474,0.6783774095658365
200.67787192665648,0.6788359838202813
200.72787887206556,0.6792955366678295
200.77788581747467,0.679756066708215
200.82789276288375,0.6802175725381929
200.87789970829283,0.6806800527515459
200.9279066537019,0.6811435059390882
200.977913599111,0.6816079306886684
201.02792054452007,0.6820733255851754
201.07792748992915,0.6825396892105415
201.12793443533826,0.6830070201437479
201.17794138074734,0.6834753169608272
201.22794832615642,0.6839445782348703
201.2779552715655,0.6844148025360289
201.32796221697458,0.6848859884315202
201.37796916238366,0.6853581344856313
201.42797610779274,0.6858312392597237
201.47798305320185,0.6863053013122387
201.52798999861093,0.6867803191986988
201.57799694402001,0.6872562914717155
201.6280038894291,0.687733216680992
201.67801083483818,0.6882110933733273
201.72801778024726,0.6886899200926223
201.77802472565634,0.6891696953798823
201.82803167106545,0.6896504177732228
201.87803861647453,0.6901320858078724
201.9280455618836,0.6906146980161798
201.9780525072927,0.6910982529276153
202.02805945270177,0.6915827490687785
202.07806639811085,0.6920681849633994
202.12807334351993,0.6925545591323455
202.178080288929,0.693041870093625
202.22808723433812,0.693530116362392
202.2780941797472,0.6940192964509502
202.32810112515628,0.6945094088687582
202.37810807056536,0.695000452122434
202.42811501597444,0.6954924247157589
202.47812196138352,0.6959853251496825
202.5281289067926,0.6964791519223279
202.5781358522017,0.6969739035289952
202.6281427976108,0.6974695784621662
202.67814974301987,0.6979661752115094
202.72815668842895,0.6984636922638847
202.77816363383803,0.6989621281033483
202.82817057924711,0.6994614812111561
202.8781775246562,0.6999617500657693
202.9281844700653,0.7004629331428591
202.97819141547438,0.7009650289153101
203.02819836088347,0.7014680358532268
203.07820530629255,0.7019719524239374
203.12821225170163,0.702476777091998
203.1782191971107,0.7029825083191978
203.2282261425198,0.7034891445645639
203.2782330879289,0.7039966842843655
203.32824003333798,0.7045051259321191
203.37824697874706,0.705014467958593
203.42825392415614,0.705524708811812
203.47826086956522,0.706035846937062
203.5282678149743,0.7065478807768949
203.57827476038338,0.7070608087711339
203.6282817057925,0.7075746293568773
203.67828865120157,0.7080893409685032
203.72829559661065,0.7086049420376752
203.77830254201973,0.7091214309933469
203.8283094874288,0.7096388062617658
203.8783164328379,0.7101570662664798
203.92832337824697,0.7106762094283401
203.97833032365608,0.7111962341655077
204.02833726906516,0.7117171388934562
204.07834421447424,0.7122389220249787
204.12835115988332,0.7127615819701922
204.1783581052924,0.7132851171365415
204.22836505070148,0.7138095259288041
204.27837199611056,0.7143348067490964
204.32837894151967,0.7148609579968772
204.37838588692875,0.7153879780689535
204.42839283233783,0.7159158653594844
204.47839977774692,0.7164446182599871
204.528406723156,0.7169742351593411
204.57841366856508,0.7175047144437927
204.62842061397416,0.718036054496962
204.67842755938327,0.7185682536998449
204.72843450479235,0.7191013104308197
204.77844145020143,0.7196352230656522
204.8284483956105,0.7201699899774999
204.8784553410196,0.7207056095369174
204.92846228642867,0.7212420801118617
204.97846923183775,0.7217794000676963
205.02847617724686,0.7223175677671967
205.07848312265594,0.7228565815705548
205.12849006806502,0.7233964398353849
205.1784970134741,0.7239371409167289
205.22850395888318,0.7244786831670595
205.27851090429226,0.7250210649362867
205.32851784970134,0.7255642845717627
205.37852479511045,0.7261083404182868
205.42853174051953,0.7266532308181091
205.4785386859286,0.7271989541109387
205.5285456313377,0.7277455086339457
205.57855257674677,0.7282928927217676
205.62855952215585,0.728841104706514
205.67856646756493,0.7293901429177728
205.72857341297404,0.7299400056826136
205.77858035838312,0.7304906913255933
205.8285873037922,0.7310421981687619
205.87859424920129,0.7315945245316674
205.92860119461037,0.73214766873136
205.97860814001945,0.7327016290823989
206.02861508542853,0.733256403896856
206.07862203083764,0.7338119914843215
206.12862897624672,0.7343683901519085
206.1786359216558,0.7349255982042593
206.22864286706488,0.7354836139435506
206.27864981247396,0.7360424356694969
206.32865675788304,0.7366020616793576
206.37866370329212,0.7371624902679411
206.42867064870123,0.7377237197276107
206.4786775941103,0.7382857483482883
206.5286845395194,0.7388485744174624
206.57869148492847,0.7394121962201907
206.62869843033755,0.7399766120391063
206.67870537574663,0.7405418201544229
206.7287123211557,0.7411078188439404
206.77871926656482,0.7416746063830499
206.8287262119739,0.7422421810447382
206.87873315738298,0.742810541099594
206.92874010279206,0.7433796848158132
206.97874704820114,0.7439496104592032
207.02875399361022,0.7445203162931899
207.0787609390193,0.7450918005788213
207.1287678844284,0.7456640615747736
207.1787748298375,0.7462370975373556
207.22878177524657,0.7468109067205158
207.27878872065565,0.7473854873758459
207.32879566606474,0.7479608377525879
207.37880261147382,0.7485369560976376
207.4288095568829,0.749113840655551
207.478816502292,0.7496914896685497
207.5288234477011,0.7502699013765248
207.57883039311017,0.7508490740170455
207.62883733851925,0.7514290058253609
207.67884428392833,0.7520096950344072
207.7288512293374,0.7525911398748131
207.7788581747465,0.7531733385749042
207.82886512015557,0.7537562893607104
207.87887206556468,0.7543399904559688
207.92887901097376,0.7549244400821303
207.97888595638284,0.7555096364583657
208.02889290179192,0.7560955778015694
208.078899847201,0.7566822623263676
208.12890679261008,0.7572696882451203
208.17891373801916,0.7578578537679292
208.22892068342827,0.758446757102643
208.27892762883735,0.7590363964548604
208.32893457424643,0.7596267700279391
208.3789415196555,0.7602178760229995
208.4289484650646,0.7608097126389298
208.47895541047367,0.7614022780723921
208.52896235588275,0.7619955705178278
208.57896930129186,0.7625895881674631
208.62897624670094,0.7631843292113145
208.67898319211002,0.7637797918371942
208.7289901375191,0.7643759742307159
208.77899708292819,0.7649728745753002
208.82900402833727,0.7655704910521792
208.87901097374635,0.7661688218404048
208.92901791915546,0.766767865116851
208.97902486456454,0.7673676190562205
209.02903180997362,0.7679680818310517
209.0790387553827,0.7685692516117224
209.12904570079178,0.7691711265664563
209.17905264620086,0.7697737048613288
209.22905959160994,0.770376984660272
209.27906653701905,0.7709809641250807
209.32907348242813,0.7715856414154167
209.3790804278372,0.7721910146888165
209.4290873732463,0.7727970821006963
209.47909431865537,0.7734038418043565
209.52910126406445,0.7740112919509883
209.57910820947353,0.774619430689679
209.62911515488264,0.7752282561674179
209.67912210029172,0.7758377665291017
209.7291290457008,0.7764479599175405
209.77913599110988,0.7770588344734627
209.82914293651896,0.7776703883355216
209.87914988192804,0.7782826196403001
209.92915682733712,0.7788955265223181
209.97916377274623,0.7795091071140361
210.0291707181553,0.7801233595458612
210.0791776635644,0.7807382819461547
210.12918460897347,0.7813538724412356
210.17919155438256,0.7819701291553873
210.22919849979164,0.782587050210864
210.27920544520072,0.783204633727895
210.32921239060983,0.7838228778246911
210.3792193360189,0.7844417806174497
210.429226281428,0.785061340220362
210.47923322683707,0.7856815547456181
210.52924017224615,0.7863024223034119
210.57924711765523,0.7869239410019475
210.6292540630643,0.7875461089474453
210.67926100847342,0.7881689242441474
210.7292679538825,0.7887923849943226
210.77927489929158,0.7894164892982746
210.82928184470066,0.7900412352543447
210.87928879010974,0.7906666209589197
210.92929573551882,0.7912926445064372
210.9793026809279,0.7919193039893906
211.029309626337,0.792546597498337
211.0793165717461,0.7931745231218998
211.12932351715517,0.7938030789467776
211.17933046256425,0.7944322630577482
211.22933740797333,0.795062073537675
211.2793443533824,0.7956925084675136
211.3293512987915,0.796323565926316
211.3793582442006,0.796955243991238
211.42936518960968,0.7975875407375435
211.47937213501876,0.7982204542386115
211.52937908042784,0.7988539825659431
211.57938602583693,0.7994881237891645
211.629392971246,0.8001228759760346
211.6793999166551,0.8007582371924513
211.7294068620642,0.8013942055024567
211.77941380747328,0.8020307789682416
211.82942075288236,0.8026679556501553
211.87942769829144,0.8033057336067073
211.92943464370052,0.8039441108945757
211.9794415891096,0.8045830855686122
212.02944853451868,0.8052226556818483
212.0794554799278,0.8058628192855019
212.12946242533687,0.8065035744289808
212.17946937074595,0.8071449191598921
212.22947631615503,0.8077868515240454
212.2794832615641,0.80842936956546
212.3294902069732,0.8090724713263713
212.37949715238227,0.8097161548472351
212.42950409779138,0.8103604181667354
212.47951104320046,0.8110052593217887
212.52951798860954,0.8116506763475512
212.57952493401862,0.8122966672774243
212.6295318794277,0.8129432301430617
212.67953882483678,0.8135903629743729
212.72954577024586,0.8142380637995317
212.77955271565497,0.8148863306449811
212.82955966106405,0.8155351615354381
212.87956660647313,0.8161845544939034
212.9295735518822,0.8168345075416632
212.9795804972913,0.8174850186982979
213.02958744270038,0.8181360859816872
213.07959438810946,0.8187877074080159
213.12960133351856,0.8194398809917813
213.17960827892765,0.8200926047457969
213.22961522433673,0.8207458766812009
213.2796221697458,0.8213996948074607
213.3296291151549,0.8220540571323792
213.37963606056397,0.8227089616621022
213.42964300597305,0.8233644064011223
213.47964995138213,0.8240203893522864
213.52965689679124,0.8246769085168018
213.57966384220032,0.825333961894241
213.6296707876094,0.8259915474825493
213.67967773301848,0.8266496632780513
213.72968467842756,0.8273083072754546
213.77969162383664,0.827967477467858
213.82969856924572,0.828627171846757
213.87970551465483,0.8292873884020496
213.9297124600639,0.8299481251220432
213.979719405473,0.8306093799934596
214.02972635088207,0.8312711510014423
214.07973329629115,0.8319334361295622
214.12974024170023,0.8325962333598227
214.1797471871093,0.8332595406726684
214.22975413251842,0.8339233560469888
214.2797610779275,0.8345876774601246
214.32976802333658,0.8352525028878759
214.37977496874566,0.8359178303045062
214.42978191415474,0.8365836576827494
214.47978885956383,0.8372499829938173
214.5297958049729,0.8379168042074028
214.57980275038202,0.838584119291689
214.6298096957911,0.8392519262133529
214.67981664120018,0.8399202229375737
214.72982358660926,0.8405890074280389
214.77983053201834,0.8412582776469482
214.82983747742742,0.8419280315550224
214.8798444228365,0.8425982671115078
214.9298513682456,0.8432689822741837
214.9798583136547,0.8439401749993676
215.02986525906377,0.844611843241922
215.07987220447285,0.8452839849552604
215.12987914988193,0.8459565980913539
215.179886095291,0.8466296806007366
215.2298930407001,0.8473032304325134
215.2798999861092,0.8479772455343648
215.32990693151828,0.8486517238525526
215.37991387692736,0.8493266633319284
215.42992082233644,0.8500020619159385
215.47992776774552,0.8506779175466295
215.5299347131546,0.8513542281646566
215.57994165856368,0.8520309917092878
215.6299486039728,0.8527082061184114
215.67995554938187,0.8533858693285411
215.72996249479095,0.8540639792748237
215.77996944020003,0.8547425338910456
215.82997638560911,0.8554215311096369
215.8799833310182,0.8561009688616799
215.92999027642728,0.8567808450769141
215.97999722183638,0.8574611576837438
216.03000416724547,0.8581419046092418
216.08001111265455,0.85882308377916
216.13001805806363,0.8595046931179315
216.1800250034727,0.8601867305486794
216.2300319488818,0.8608691939932219
216.28003889429087,0.8615520813720792
216.33004583969998,0.8622353906044811
216.38005278510906,0.8629191196083695
216.43005973051814,0.8636032663004094
216.48006667592722,0.8642878285959918
216.5300736213363,0.8649728044092421
216.58008056674538,0.8656581916530256
216.63008751215446,0.8663439882389539
216.68009445756357,0.8670301920773913
216.73010140297265,0.8677168010774606
216.78010834838173,0.8684038131470506
216.8301152937908,0.8690912261928228
216.8801222391999,0.8697790381202153
216.93012918460897,0.8704672468334519
216.98013613001805,0.871155850235547
217.03014307542716,0.8718448462283126
217.08015002083624,0.8725342327123635
217.13015696624532,0.8732240075871265
217.1801639116544,0.8739141687508433
217.23017085706348,0.8746047141005794
217.28017780247256,0.8752956415322295
217.33018474788165,0.8759869489405236
217.38019169329075,0.8766786342190355
217.43019863869984,0.8773706952601854
217.48020558410892,0.87806312995525
217.530212529518,0.8787559361943672
217.58021947492708,0.8794491118665421
217.63022642033616,0.8801426548596557
217.68023336574524,0.8808365630604682
217.73024031115435,0.8815308343546282
217.78024725656343,0.8822254666266764
217.8302542019725,0.882920457760055
217.8802611473816,0.8836158056371121
217.93026809279067,0.8843115081391094
217.98027503819975,0.8850075631462274
218.03028198360883,0.8857039685375728
218.08028892901794,0.8864007221911849
218.13029587442702,0.8870978219840405
218.1803028198361,0.8877952657920638
218.23030976524518,0.8884930514901294
218.28031671065426,0.8891911769520705
218.33032365606334,0.8898896400506849
218.38033060147242,0.8905884386577416
218.43033754688153,0.8912875706439884
218.4803444922906,0.8919870338791552
218.5303514376997,0.8926868262319642
218.58035838310877,0.8933869455701341
218.63036532851785,0.8940873897603872
218.68037227392693,0.8947881566684568
218.73037921933602,0.895489244159092
218.78038616474512,0.8961906500960659
218.8303931101542,0.8968923723421798
218.88040005556329,0.8975944087592724
218.93040700097237,0.8982967572082249
218.98041394638145,0.8989994155489681
219.03042089179053,0.899702381640488
219.0804278371996,0.9004056533408329
219.1304347826087,0.9011092285071199
219.1804417280178,0.9018131049955419
219.23044867342688,0.902517280661373
219.28045561883596,0.9032217533589764
219.33046256424504,0.9039265209418095
219.38046950965412,0.9046315812624317
219.4304764550632,0.9053369321725099
219.48048340047228,0.9060425715228266
219.5304903458814,0.906748497163285
219.58049729129047,0.9074547069429147
219.63050423669955,0.9081611987098812
219.68051118210863,0.9088679703114898
219.7305181275177,0.9095750195941934
219.7805250729268,0.9102823444035993
219.83053201833587,0.9109899425844747
219.88053896374498,0.9116978119807543
219.93054590915406,0.9124059504355452
219.98055285456314,0.9131143557911356
220.03055979997222,0.9138230258890012
220.0805667453813,0.9145319585698097
220.13057369079038,0.9152411516734295
220.18058063619947,0.9159506030389347
220.23058758160857,0.9166603105046138
220.28059452701766,0.9173702719079728
220.33060147242674,0.9180804850857464
220.38060841783582,0.9187909478739007
220.4306153632449,0.9195016581076415
220.48062230865398,0.9202126136214204
220.53062925406306,0.9209238122489424
220.58063619947217,0.9216352518231715
220.63064314488125,0.9223469301763364
220.68065009029033,0.9230588451399395
220.7306570356994,0.9237709945447617
220.7806639811085,0.9244833762208696
220.83067092651757,0.9251959879976226
220.88067787192665,0.9259088277036784
220.93068481733576,0.9266218931670005
220.98069176274484,0.9273351822148638
221.03069870815392,0.9280486926738624
221.080705653563,0.9287624223699164
221.13071259897208,0.9294763691282771
221.18071954438116,0.9301905307735348
221.23072648979024,0.9309049051296245
221.28073343519935,0.931619490019834
221.33074038060843,0.9323342832668079
221.3807473260175,0.933049282692558
221.4307542714266,0.9337644861184669
221.48076121683567,0.9344798913652953
221.53076816224475,0.9351954962531893
221.58077510765384,0.9359112986016865
221.63078205306294,0.936627296229724
221.68078899847202,0.9373434869556417
221.7307959438811,0.9380598685971928
221.7808028892902,0.9387764389715482
221.83080983469927,0.9394931958953034
221.88081678010835,0.9402101371844868
221.93082372551743,0.9409272606545636
221.98083067092654,0.9416445641204447
222.03083761633562,0.9423620453964918
222.0808445617447,0.943079702296525
222.13085150715378,0.9437975326338306
222.18085845256286,0.9445155342211647
222.23086539797194,0.9452337048707625
222.28087234338102,0.9459520423943437
222.33087928879013,0.9466705446031201
222.3808862341992,0.9473892093078
222.4308931796083,0.9481080343185992
222.48090012501737,0.9488270174452432
222.53090707042645,0.9495461564969763
222.58091401583553,0.9502654492825675
222.6309209612446,0.950984893610317
222.68092790665372,0.9517044872880651
222.7309348520628,0.9524242281231943
222.78094179747188,0.9531441139226405
222.83094874288096,0.9538641424928974
222.88095568829004,0.9545843116400236
222.93096263369912,0.9553046191696498
222.9809695791082,0.9560250628869846
223.0309765245173,0.9567456405968222
223.0809834699264,0.9574663501035472
223.13099041533548,0.9581871892111439
223.18099736074456,0.9589081557232009
223.23100430615364,0.9596292474429198
223.28101125156272,0.9603504621731194
223.3310181969718,0.9610717977162443
223.3810251423809,0.961793251874371
223.43103208779,0.9625148224492137
223.48103903319907,0.9632365072421333
223.53104597860815,0.9639583040541418
223.58105292401723,0.9646802106859101
223.6310598694263,0.9654022249377743
223.6810668148354,0.9661243446097425
223.7310737602445,0.9668465675015027
223.78108070565358,0.9675688914124264
223.83108765106266,0.9682913141415789
223.88109459647174,0.9690138334877237
223.93110154188082,0.96973644724933
223.9811084872899,0.9704591532245797
224.03111543269898,0.9711819492113732
224.0811223781081,0.9719048330073374
224.13112932351717,0.9726278024098302
224.18113626892625,0.9733508552159499
224.23114321433533,0.97407398922254
224.2811501597444,0.9747972022261976
224.3311571051535,0.975520492023278
224.38116405056257,0.976243856409903
224.43117099597168,0.9769672931819672
224.48117794138076,0.9776908001351435
224.53118488678984,0.978414375064893
224.58119183219893,0.9791380157664682
224.631198777608,0.9798617200349216
224.6812057230171,0.9805854856651119
224.73121266842617,0.9813093104517108
224.78121961383525,0.9820331921892104
224.83122655924436,0.9827571286719288
224.88123350465344,0.9834811176940164
224.93124045006252,0.9842051570494648
224.9812473954716,0.9849292445321118
225.03125434088068,0.9856533779356482
225.08126128628976,0.9863775550536259
225.13126823169884,0.9871017736794625
225.18127517710795,0.9878260316064499
225.23128212251703,0.9885503266277592
225.2812890679261,0.9892746565364491
225.3312960133352,0.989999019125473
225.38130295874427,0.990723412187683
225.43130990415335,0.9914478335158395
225.48131684956243,0.9921722809026163
225.53132379497154,0.9928967521406081
225.58133074038062,0.993621245022336
225.6313376857897,0.9943457573402565
225.68134463119878,0.9950702868867662
225.73135157660786,0.9957948314542091
225.78135852201694,0.9965193888348833
225.83136546742602,0.9972439568210489
225.88137241283513,0.997968533204933
225.93137935824421,0.9986931157787361
225.9813863036533,0.9994177023346412
226.03139324906238,1.000142290664819
226.08140019447146,1.0008668785614336
226.13140713988054,1.0015914638166528
226.18141408528962,1.0023160442226502
226.23142103069873,1.0030406175716153
226.2814279761078,1.0037651816557585
226.3314349215169,1.004489734267318
226.38144186692597,1.0052142731985692
226.43144881233505,1.005938796241827
226.48145575774413,1.006663301189455
226.5314627031532,1.0073877858338727
226.58146964856232,1.0081122479675615
226.6314765939714,1.0088366853830695
226.68148353938048,1.009561095873023
226.73149048478956,1.0102854772301284
226.78149743019864,1.0110098272471815
226.83150437560772,1.0117341437170733
226.8815113210168,1.0124584244327972
226.9315182664259,1.0131826671874562
226.981525211835,1.0139068697742675
227.03153215724407,1.0146310299865717
227.08153910265315,1.0153551456178387
227.13154604806223,1.0160792144616728
227.1815529934713,1.0168032343118234
227.2315599388804,1.017527202962187
227.2815668842895,1.018251118206817
227.33157382969858,1.018974977839929
227.38158077510766,1.0196987796559085
227.43158772051675,1.0204225214493168
227.48159466592583,1.021146201014899
227.5316016113349,1.021869816147589
227.581608556744,1.022593364642517
227.6316155021531,1.023316844295017
227.68162244756218,1.0240402529006305
227.73162939297126,1.0247635882551192
227.78163633838034,1.025486848154465
227.83164328378942,1.0262100303948807
227.8816502291985,1.0269331327728162
227.93165717460758,1.0276561530849633
227.9816641200167,1.0283790891282663
228.03167106542577,1.0291019386999236
228.08167801083485,1.0298246995973985
228.13168495624393,1.0305473696184246
228.181691901653,1.0312699465610113
228.2316988470621,1.0319924282234534
228.28170579247117,1.0327148124043346
228.33171273788028,1.0334370969025362
228.38171968328936,1.0341592795172425
228.43172662869844,1.034881358047949
228.48173357410752,1.035603330294468
228.5317405195166,1.0363251940569367
228.58174746492568,1.037046947135821
228.63175441033476,1.0377685873319253
228.68176135574387,1.0384901124463983
228.73176830115295,1.0392115202807373
228.78177524656203,1.0399328086367994
228.83178219197112,1.0406539753168047
228.8817891373802,1.0413750181233439
228.93179608278928,1.0420959348593852
228.98180302819836,1.0428167233282808
229.03180997360747,1.0435373813337752
229.08181691901655,1.0442579066800077
229.13182386442563,1.0449782971715245
229.1818308098347,1.0456985506132805
229.2318377552438,1.04641866481065
229.28184470065287,1.047138637569431
229.33185164606195,1.047858466695851
229.38185859147106,1.0485781499965783
229.43186553688014,1.0492976852787217
229.48187248228922,1.0500170703498448
229.5318794276983,1.0507363030179655
229.58188637310738,1.051455381091569
229.63189331851646,1.0521743023796089
229.68190026392554,1.0528930646915184
229.73190720933465,1.0536116658372154
229.78191415474373,1.054330103627107
229.8319211001528,1.055048375872099
229.8819280455619,1.0557664803836024
229.93193499097097,1.0564844149735375
229.98194193638005,1.057202177454344
230.03194888178913,1.0579197656389863
230.08195582719824,1.0586371773409582
230.13196277260732,1.0593544103742911
230.1819697180164,1.060071462553563
230.23197666342548,1.0607883316939022
230.28198360883457,1.0615050156109926
230.33199055424365,1.062221512121086
230.38199749965273,1.0629378190410017
230.4320044450618,1.0636539341881392
230.48201139047092,1.0643698553804821
230.53201833588,1.0650855804366037
230.58202528128908,1.065801107175675
230.63203222669816,1.066516433417473
230.68203917210724,1.0672315569823836
230.73204611751632,1.0679464756914114
230.7820530629254,1.0686611873661858
230.8320600083345,1.0693756898289657
230.8820669537436,1.070089980902647
230.93207389915267,1.0708040584107723
230.98208084456175,1.0715179201775318
231.03208778997083,1.0722315640277753
231.0820947353799,1.0729449877870167
231.132101680789,1.073658189281438
231.1821086261981,1.074371166337902
231.23211557160718,1.0750839167839519
231.28212251701626,1.0757964384478242
231.33212946242534,1.0765087291584503
231.38213640783442,1.0772207867454675
231.4321433532435,1.077932609039221
231.48215029865258,1.0786441938707747
231.5321572440617,1.0793555390719163
231.58216418947077,1.0800666424751624
231.63217113487985,1.080777501913766
231.68217808028894,1.0814881152217257
231.73218502569802,1.0821984802337876
231.7821919711071,1.082908594785456
231.83219891651618,1.0836184567129983
231.88220586192529,1.084328063853451
231.93221280733437,1.085037414044626
231.98221975274345,1.0857465051251205
232.03222669815253,1.0864553349343191
232.0822336435616,1.0871639013124037
232.1322405889707,1.0878722021003595
232.18224753437977,1.0885802351399783
232.23225447978888,1.089287998273871
232.28226142519796,1.0899954893454686
232.33226837060704,1.0907027061990313
232.38227531601612,1.091409646679656
232.4322822614252,1.0921163086332815
232.48228920683428,1.0928226899066935
232.53229615224336,1.0935287883475362
232.58230309765247,1.0942346018043119
232.63231004306155,1.0949401281263944
232.68231698847063,1.0956453651640299
232.7323239338797,1.0963503107683485
232.7823308792888,1.0970549627913657
232.83233782469787,1.0977593190859933
232.88234477010695,1.0984633775060448
232.93235171551606,1.0991671359062392
232.98235866092514,1.0998705921422103
233.03236560633422,1.1005737440705146
233.0823725517433,1.1012765895486325
233.13237949715239,1.1019791264349807
233.18238644256147,1.1026813525889165
233.23239338797055,1.1033832658707412
233.28240033337966,1.1040848641417125
233.33240727878874,1.1047861452640462
233.38241422419782,1.105487107100924
233.4324211696069,1.106187747516502
233.48242811501598,1.1068880643759158
233.53243506042506,1.1075880555452846
233.58244200583414,1.1082877188917228
233.63244895124325,1.1089870522833412
233.68245589665233,1.1096860535892583
233.7324628420614,1.1103847206796023
233.7824697874705,1.1110830514255217
233.83247673287957,1.1117810436991875
233.88248367828865,1.1124786953738046
233.93249062369773,1.113176004323615
233.98249756910684,1.113872968423904
234.03250451451592,1.1145695855510072
234.082511459925,1.1152658535823199
234.13251840533408,1.1159617703962987
234.18252535074316,1.1166573338724715
234.23253229615224,1.1173525418914436
234.28253924156132,1.118047392334901
234.33254618697043,1.118741883085622
234.3825531323795,1.1194360120274789
234.4325600777886,1.1201297770454464
234.48256702319767,1.1208231760256093
234.53257396860675,1.1215162068551683
234.58258091401584,1.1222088674224433
234.63258785942492,1.1229011556168849
234.68259480483403,1.1235930693290768
234.7326017502431,1.1242846064507437
234.7826086956522,1.1249757648747587
234.83261564106127,1.1256665424951493
234.88262258647035,1.1263569372071012
234.93262953187943,1.1270469469069686
234.9826364772885,1.127736569492279
235.03264342269762,1.128425802861738
235.0826503681067,1.1291146449152374
235.13265731351578,1.129803093553863
235.18266425892486,1.130491146679897
235.23267120433394,1.1311788021968288
235.28267814974302,1.1318660580093587
235.3326850951521,1.1325529120234035
235.3826920405612,1.1332393621461068
235.4326989859703,1.1339254062858408
235.48270593137937,1.1346110423522147
235.53271287678845,1.1352962682560828
235.58271982219753,1.1359810819095488
235.6327267676066,1.1366654812259704
235.6827337130157,1.137349464119971
235.7327406584248,1.1380330285074403
235.78274760383388,1.1387161723055437
235.83275454924296,1.1393988934327288
235.88276149465204,1.140081189808732
235.93276844006112,1.140763059354581
235.9827753854702,1.1414444999926074
236.0327823308793,1.1421255096464469
236.0827892762884,1.1428060862410505
236.13279622169748,1.143486227702687
236.18280316710656,1.144165931958953
236.23281011251564,1.1448451969387747
236.28281705792472,1.1455240205724195
236.3328240033338,1.1462024007914988
236.38283094874288,1.146880335528973
236.43283789415196,1.1475578227191632
236.48284483956107,1.148234860297752
236.53285178497015,1.1489114462017915
236.58285873037923,1.149587578369712
236.6328656757883,1.150263254741326
236.6828726211974,1.1509384732578332
236.73287956660647,1.1516132318618302
236.78288651201555,1.1522875284973133
236.83289345742466,1.1529613611096885
236.88290040283374,1.1536347276457732
236.93290734824282,1.1543076260538077
236.9829142936519,1.1549800542834556
237.03292123906098,1.1556520102858165
237.08292818447006,1.1563234920134258
237.13293512987914,1.156994497420266
237.18294207528825,1.157665024461771
237.23294902069733,1.1583350710948308
237.2829559661064,1.1590046352777998
237.3329629115155,1.159673714970503
237.38296985692457,1.1603423081342426
237.43297680233366,1.1610104127318
237.48298374774274,1.1616780267274487
237.53299069315185,1.1623451480869555
237.58299763856093,1.1630117747775874
237.63300458397,1.1636779047681205
237.6830115293791,1.164343536028844
237.73301847478817,1.1650086665315653
237.78302542019725,1.1656732942496197
237.83303236560633,1.1663374171578722
237.88303931101544,1.1670010332327285
237.93304625642452,1.1676641404521357
237.9830532018336,1.1683267367955947
238.03306014724268,1.16898882024416
238.08306709265176,1.1696503887804515
238.13307403806084,1.1703114403886552
238.18308098346992,1.1709719730545347
238.23308792887903,1.1716319847654346
238.2830948742881,1.1722914735102856
238.3331018196972,1.1729504372796118
238.38310876510627,1.1736088740655384
238.43311571051535,1.1742667818617947
238.48312265592443,1.1749241586637234
238.5331296013335,1.1755810024682845
238.58313654674262,1.1762373112740616
238.6331434921517,1.1768930830812683
238.68315043756078,1.1775483158917555
238.73315738296986,1.1782030077090162
238.78316432837894,1.1788571565381907
238.83317127378803,1.1795107603860755
238.8831782191971,1.1801638172611257
238.93318516460621,1.1808163251734654
238.9831921100153,1.1814682821348887
239.03319905542438,1.1821196861588712
239.08320600083346,1.1827705352605706
239.13321294624254,1.183420827456838
239.18321989165162,1.1840705607662194
239.2332268370607,1.1847197332089647
239.2832337824698,1.1853683428070334
239.3332407278789,1.186016387584099
239.38324767328797,1.186663865565555
239.43325461869705,1.187310774778525
239.48326156410613,1.1879571132518623
239.5332685095152,1.1886028790161616
239.5832754549243,1.1892480701037622
239.6332824003334,1.1898926845487536
239.68328934574248,1.1905367203869823
239.73329629115156,1.1911801756560592
239.78330323656064,1.1918230483953636
239.83331018196972,1.1924653366460487
239.8833171273788,1.1931070384510503
239.93332407278788,1.1937481518550894
239.983331018197,1.194388674904682
240.03333796360607,1.1950286056481403
240.08334490901515,1.1956679421355842
240.13335185442423,1.1963066824189414
240.18335879983331,1.196944824551959
240.2333657452424,1.1975823665902037
240.28337269065148,1.1982193065910731
240.33337963606058,1.1988556426137993
240.38338658146967,1.199491372719453
240.43339352687875,1.2001264949709516
240.48340047228783,1.200761007433066
240.5334074176969,1.2013949081724231
240.583414363106,1.2020281952575154
240.63342130851507,1.2026608667587053
240.68342825392418,1.20329292074823
240.73343519933326,1.203924355300207
240.78344214474234,1.204555168490644
240.83344909015142,1.2051853583974412
240.8834560355605,1.2058149231003963
240.93346298096958,1.2064438606812145
240.98346992637866,1.2070721692235091
241.03347687178777,1.2076998468128133
241.08348381719685,1.2083268915365792
241.13349076260593,1.2089533014841907
241.183497708015,1.209579074746963
241.2335046534241,1.210204209418154
241.28351159883317,1.2108287035929648
241.33351854424225,1.2114525553685493
241.38352548965136,1.2120757628440204
241.43353243506044,1.2126983241204512
241.48353938046952,1.2133202373008851
241.5335463258786,1.2139415004903413
241.58355327128768,1.2145621117958172
241.63356021669676,1.215182069326299
241.68356716210585,1.215801371192764
241.73357410751495,1.2164200155081868
241.78358105292403,1.2170380003875452
241.83358799833312,1.2176553239478285
241.8835949437422,1.218271984308038
241.93360188915128,1.2188879795891985
241.98360883456036,1.2195033079143607
242.03361577996944,1.2201179674086053
242.08362272537852,1.220731956199054
242.13362967078763,1.221345272414871
242.1836366161967,1.2219579141872692
242.2336435616058,1.2225698796495161
242.28365050701487,1.2231811669369428
242.33365745242395,1.2237917741869428
242.38366439783303,1.224401699538985
242.4336713432421,1.225010941134615
242.48367828865122,1.2256194971174612
242.5336852340603,1.2262273656332408
242.58369217946938,1.2268345448297677
242.63369912487846,1.2274410328569536
242.68370607028754,1.2280468278668182
242.73371301569662,1.2286519280134927
242.7837199611057,1.2292563314532237
242.8337269065148,1.2298600363443835
242.8837338519239,1.2304630408474702
242.93374079733297,1.231065343125117
242.98374774274205,1.2316669413420975
243.03375468815113,1.2322678336653305
243.08376163356021,1.2328680182638843
243.1337685789693,1.2334674933089855
243.1837755243784,1.2340662569740206
243.23378246978749,1.2346643074345462
243.28378941519657,1.2352616428682894
243.33379636060565,1.2358582614551588
243.38380330601473,1.2364541613772444
243.4338102514238,1.2370493408188277
243.4838171968329,1.2376437979663861
243.533824142242,1.2382375310085965
243.58383108765108,1.2388305381363416
243.63383803306016,1.2394228175427182
243.68384497846924,1.2400143674230382
243.73385192387832,1.2406051859748382
243.7838588692874,1.2411952713978824
243.83386581469648,1.2417846218941684
243.8838727601056,1.2423732356679342
243.93387970551467,1.2429611109256617
243.98388665092375,1.2435482458760827
244.03389359633283,1.244134638730186
244.0839005417419,1.2447202877012216
244.133907487151,1.2453051910047042
244.18391443256007,1.2458893468584233
244.23392137796918,1.2464727534824431
244.28392832337826,1.2470554090991135
244.33393526878734,1.2476373119330697
244.38394221419642,1.2482184602112438
244.4339491596055,1.2487988521628643
244.48395610501458,1.249378486019466
244.53396305042367,1.2499573600148939
244.58396999583277,1.2505354723853064
244.63397694124185,1.2511128213691833
244.68398388665094,1.2516894052073324
244.73399083206002,1.2522652221428896
244.7839977774691,1.2528402704213302
244.83400472287818,1.2534145482904715
244.88401166828726,1.2539880540004757
244.93401861369637,1.2545607858038617
244.98402555910545,1.255132741955503
245.03403250451453,1.2557039207126373
245.0840394499236,1.2562743203348727
245.1340463953327,1.2568439390841908
245.18405334074177,1.2574127752249504
245.23406028615085,1.2579808270238981
245.28406723155996,1.2585480927501682
245.33407417696904,1.2591145706752902
245.38408112237812,1.2596802590731953
245.4340880677872,1.2602451562202202
245.48409501319628,1.2608092603951109
245.53410195860536,1.2613725698790326
245.58410890401444,1.2619350829555682
245.63411584942355,1.262496797910731
245.68412279483263,1.263057713032963
245.7341297402417,1.263617826613146
245.7841366856508,1.2641771369446015
245.83414363105987,1.2647356423231009
245.88415057646895,1.2652933410468672
245.93415752187803,1.2658502314165807
245.98416446728714,1.2664063117353863
246.03417141269622,1.266961580308896
246.0841783581053,1.2675160354451949
246.13418530351439,1.2680696754548475
246.18419224892347,1.2686224986509025
246.23419919433255,1.2691745033488957
246.28420613974163,1.2697256878668588
246.33421308515074,1.2702760505253212
246.38422003055982,1.2708255896473164
246.4342269759689,1.2713743035583884
246.48423392137798,1.2719221905865958
246.53424086678706,1.2724692490625147
246.58424781219614,1.2730154773192481
246.63425475760522,1.273560873692427
246.68426170301433,1.2741054365202187
246.7342686484234,1.2746491641433284
246.7842755938325,1.2751920549050084
246.83428253924157,1.2757341071510588
246.88428948465065,1.2762753192298364
246.93429643005973,1.2768156894922575
246.9843033754688,1.2773552162918023
247.03431032087792,1.277893897984523
247.084317266287,1.2784317329290453
247.13432421169608,1.2789687194865753
247.18433115710516,1.2795048560209044
247.23433810251424,1.2800401408984148
247.28434504792332,1.2805745724880817
247.3343519933324,1.2811081491614826
247.3843589387415,1.2816408692927983
247.4343658841506,1.2821727312588196
247.48437282955967,1.282703733438953
247.53437977496876,1.283233874215225
247.58438672037784,1.283763151972285
247.63439366578692,1.284291565097414
247.684400611196,1.2848191119805263
247.73440755660508,1.2853457910141763
247.7844145020142,1.2858716005935633
247.83442144742327,1.2863965391165344
247.88442839283235,1.286920604983591
247.93443533824143,1.2874437965978949
247.9844422836505,1.287966112365271
248.0344492290596,1.2884875506942122
248.08445617446867,1.2890081099958863
248.13446311987778,1.2895277886841383
248.18447006528686,1.2900465851754968
248.23447701069594,1.290564497889179
248.28448395610502,1.2910815252470949
248.3344909015141,1.2915976656738513
248.38449784692318,1.2921129175967587
248.43450479233226,1.2926272794458338
248.48451173774137,1.2931407496538063
248.53451868315045,1.2936533266561219
248.58452562855953,1.294165008890949
248.6345325739686,1.294675794799181
248.6845395193777,1.2951856828244437
248.73454646478677,1.2956946714130975
248.78455341019585,1.2962027590142446
248.83456035560496,1.2967099440797325
248.88456730101404,1.297216225064158
248.93457424642313,1.297721600424872
248.9845811918322,1.298226068621987
249.0345881372413,1.2987296281183778
249.08459508265037,1.2992322773796885
249.13460202805945,1.2997340148743377
249.18460897346856,1.300234839073521
249.23461591887764,1.3007347484512166
249.28462286428672,1.301233741484191
249.3346298096958,1.301731816652003
249.38463675510488,1.3022289724370073
249.43464370051396,1.302725207324361
249.48465064592304,1.3032205198020255
249.53465759133215,1.303714908360775
249.58466453674123,1.3042083714941972
249.6346714821503,1.3047009076987004
249.6846784275594,1.3051925154735167
249.73468537296847,1.305683193320708
249.78469231837755,1.3061729397451685
249.83469926378663,1.3066617532546319
249.88470620919574,1.3071496323596736
249.93471315460482,1.3076365755737165
249.9847201000139,1.3081225814130342
250.03472704542298,1.3086076483967584
250.08473399083206,1.3090917750468791
250.13474093624114,1.3095749598882538
250.18474788165022,1.310057201448609
250.23475482705933,1.3105384982585444
250.2847617724684,1.311018848851539
250.3347687178775,1.3114982517639557
250.38477566328658,1.3119767055350444
250.43478260869566,1.3124542087069462
250.48478955410474,1.3129307598247004
250.53479649951382,1.3134063574362453
250.58480344492293,1.3138810000924268
250.634810390332,1.3143546863469984
250.6848173357411,1.3148274147566295
250.73482428115017,1.315299183880906
250.78483122655925,1.3157699922823398
250.83483817196833,1.316239838526367
250.8848451173774,1.316708721181357
250.93485206278652,1.3171766388186161
250.9848590081956,1.3176435900123895
251.03486595360468,1.3181095733398667
251.08487289901376,1.3185745873811887
251.13487984442284,1.3190386307194475
251.18488678983192,1.3195017019406943
251.234893735241,1.3199637996339422
251.2849006806501,1.3204249223911702
251.3349076260592,1.3208850688073277
251.38491457146827,1.32134423748034
251.43492151687735,1.3218024270111113
251.48492846228643,1.322259636003528
251.5349354076955,1.3227158630644666
251.5849423531046,1.323171106803793
251.6349492985137,1.3236253658343717
251.68495624392278,1.3240786387720656
251.73496318933186,1.3245309242357435
251.78497013474095,1.3249822208472821
251.83497708015003,1.3254325272315728
251.8849840255591,1.3258818420165217
251.9349909709682,1.326330163833059
251.9849979163773,1.326777491315139
252.03500486178638,1.3272238230997457
252.08501180719546,1.3276691578268973
252.13501875260454,1.3281134941396506
252.18502569801362,1.3285568306841031
252.2350326434227,1.3289991661094005
252.28503958883178,1.3294404990677382
252.3350465342409,1.3298808282143655
252.38505347964997,1.3303201522075903
252.43506042505905,1.3307584697087844
252.48506737046813,1.3311957793823854
252.5350743158772,1.331632079895902
252.5850812612863,1.3320673699199186
252.63508820669537,1.3325016481280971
252.68509515210448,1.332934913197184
252.73510209751356,1.3333671638070108
252.78510904292264,1.3337983986405029
252.83511598833172,1.3342286163836778
252.8851229337408,1.334657815725655
252.93512987914988,1.335085995358654
252.98513682455896,1.3355131539780043
253.03514376996807,1.3359392902821448
253.08515071537715,1.3363644029726298
253.13515766078623,1.3367884907541319
253.18516460619531,1.3372115523344483
253.2351715516044,1.3376335864245008
253.28517849701348,1.338054591738344
253.33518544242256,1.3384745669931664
253.38519238783164,1.3388935109092948
253.43519933324075,1.3393114222101992
253.48520627864983,1.3397282996224953
253.5352132240589,1.340144141875949
253.585220169468,1.3405589477034812
253.63522711487707,1.3409727158411708
253.68523406028615,1.3413854450282572
253.73524100569523,1.341797134007147
253.78524795110434,1.3422077815234155
253.83525489651342,1.342617386325812
253.8852618419225,1.3430259471662616
253.93526878733158,1.3434334627998725
253.98527573274066,1.3438399319849357
254.03528267814974,1.344245353482932
254.08528962355882,1.3446497260585342
254.13529656896793,1.3450530484796106
254.185303514377,1.3454553195172299
254.2353104597861,1.3458565379456648
254.28531740519517,1.3462567025423942
254.33532435060425,1.3466558120881087
254.38533129601333,1.3470538653667143
254.43533824142241,1.347450861165334
254.48534518683152,1.3478467982743145
254.5353521322406,1.3482416754872273
254.58535907764968,1.3486354916008731
254.63536602305876,1.3490282454152869
254.68537296846785,1.3494199357337406
254.73537991387693,1.3498105613627454
254.785386859286,1.3502001211120573
254.83539380469512,1.3505886137946808
254.8854007501042,1.3509760382268698
254.93540769551328,1.3513623932281351
254.98541464092236,1.3517476776212458
255.03542158633144,1.3521318902322317
255.08542853174052,1.35251502989039
255.1354354771496,1.3528970954282868
255.1854424225587,1.3532780856817608
255.2354493679678,1.3536579994899265
255.28545631337687,1.3540368356951797
255.33546325878595,1.3544145931431988
255.38547020419503,1.354791270682949
255.4354771496041,1.3551668671666872
255.4854840950132,1.3555413814499626
255.5354910404223,1.3559148123916238
255.58549798583138,1.3562871588538186
255.63550493124046,1.356658419702
255.68551187664954,1.357028593804929
255.73551882205862,1.3573976800346779
255.7855257674677,1.357765677266633
255.83553271287678,1.358132584379501
255.8855396582859,1.3584984002553073
255.93554660369497,1.3588631237794038
255.98555354910405,1.359226753840471
256.0355604945131,1.359589289330521
256.0855674399222,1.3599507291449013
256.1355743853313,1.3603110721822973
256.1855813307404,1.360670317344736
256.2355882761495,1.3610284635375915
256.28559522155854,1.3613855096695844
256.33560216696765,1.3617414546527886
256.3856091123767,1.3620962974026318
256.4356160577858,1.3624500368379024
256.4856230031949,1.3628026718807489
256.53562994860397,1.3631542014566849
256.5856368940131,1.3635046244945932
256.63564383942213,1.3638539399267278
256.68565078483124,1.3642021466887178
256.7356577302403,1.3645492437195699
256.7856646756494,1.3648952299616732
256.8356716210585,1.3652401043608005
256.88567856646756,1.3655838658661126
256.93568551187667,1.3659265134301615
256.9856924572857,1.3662680460088925
257.03569940269483,1.366608462561651
257.0857063481039,1.3669477620511792
257.135713293513,1.367285943443626
257.1857202389221,1.3676230057085454
257.23572718433115,1.367958947818902
257.28573412974026,1.3682937687510741
257.3357410751493,1.3686274674848549
257.3857480205584,1.3689600430034587
257.4357549659675,1.3692914942935204
257.4857619113766,1.3696218203451016
257.5357688567857,1.3699510201516931
257.58577580219475,1.3702790927102155
257.63578274760386,1.370606037021026
257.6857896930129,1.3709318520879183
257.735796638422,1.371256536918128
257.78580358383107,1.3715800905223332
257.8358105292402,1.3719025119146606
257.8858174746493,1.3722238001126854
257.93582442005834,1.372543954137436
257.98583136546745,1.372862973013397
258.0358383108765,1.3731808557685108
258.0858452562856,1.3734976014341835
258.13585220169466,1.3738132090452844
258.18585914710377,1.3741276776401508
258.2358660925129,1.3744410062605907
258.28587303792193,1.3747531939518853
258.33587998333104,1.3750642397627932
258.3858869287401,1.375374142745551
258.4358938741492,1.3756829019558787
258.48590081955825,1.3759905164529802
258.53590776496736,1.3762969852995488
258.58591471037647,1.3766023075617677
258.6359216557855,1.3769064823093133
258.68592860119463,1.3772095086153602
258.7359355466037,1.3775113855565806
258.7859424920128,1.3778121122131495
258.83594943742185,1.3781116876687467
258.88595638283095,1.3784101110105604
258.93596332824006,1.3787073813292885
258.9859702736491,1.3790034977191423
259.0359772190582,1.3792984592778497
259.0859841644673,1.379592265106656
259.1359911098764,1.3798849143103302
259.18599805528544,1.380176405997164
259.23600500069455,1.3804667392789767
259.28601194610366,1.3807559132711167
259.3360188915127,1.381043927092465
259.3860258369218,1.3813307798654384
259.43603278233087,1.38161647071599
259.48603972774,1.3819009987736148
259.53604667314903,1.38218436317135
259.58605361855814,1.3824665630457789
259.63606056396725,1.382747597537032
259.6860675093763,1.3830274657887927
259.7360744547854,1.3833061669482967
259.78608140019446,1.3835837001663356
259.83608834560357,1.3838600645972607
259.8860952910126,1.3841352593989837
259.93610223642173,1.384409283732981
259.98610918183084,1.384682136764295
260.0361161272399,1.3849538176615366
260.086123072649,1.3852243255968892
260.13613001805805,1.3854936597461094
260.18613696346716,1.3857618192885315
260.2361439088762,1.3860288034070671
260.2861508542853,1.3862946112882113
260.33615779969443,1.3865592421220416
260.3861647451035,1.3868226951022227
260.4361716905126,1.3870849694260081
260.48617863592165,1.3873460642942428
260.53618558133076,1.387605978911366
260.5861925267398,1.387864712485412
260.6361994721489,1.388122264228015
260.686206417558,1.3883786333544097
260.7362133629671,1.388633819083434
260.7862203083762,1.3888878206375324
260.83622725378524,1.3891406372427566
260.88623419919435,1.3893922681287698
260.9362411446034,1.3896427125288477
260.9862480900125,1.3898919696798813
261.0362550354216,1.3901400388223792
261.08626198083067,1.3903869192004692
261.1362689262398,1.3906326100619026
261.18627587164883,1.3908771106580538
261.23628281705794,1.3911204202439256
261.286289762467,1.391362538078148
261.3362967078761,1.391603463422984
261.3863036532852,1.391843195544329
261.43631059869426,1.3920817337117137
261.4863175441034,1.3923190771983087
261.5363244895124,1.392555225280923
261.58633143492153,1.3927901772400093
261.6363383803306,1.3930239323596636
261.6863453257397,1.3932564899276303
261.7363522711488,1.3934878492353013
261.78635921655786,1.39371800957772
261.83636616196696,1.393946970253584
261.886373107376,1.3941747305652452
261.9363800527851,1.3944012898187135
261.9863869981942,1.3946266473236584
262.0363939436033,1.394850802393411
262.0864008890124,1.3950737543449665
262.13640783442145,1.395295502498986
262.18641477983056,1.3955160461797982
262.2364217252396,1.395735384715402
262.2864286706487,1.395953517437469
262.33643561605777,1.3961704436813445
262.3864425614669,1.3963861627860499
262.436449506876,1.3966006740942847
262.48645645228504,1.3968139769524284
262.53646339769415,1.3970260707105435
262.5864703431032,1.3972369547223757
262.6364772885123,1.397446628345358
262.68648423392136,1.3976550909406096
262.73649117933047,1.397862341872942
262.7864981247396,1.3980683805108565
262.83650507014863,1.3982732062265495
262.88651201555774,1.3984768183959138
262.9365189609668,1.3986792163985382
262.9865259063759,1.3988803996177128
263.03653285178495,1.3990803674404275
263.08653979719406,1.3992791192573768
263.1365467426032,1.3994766544629602
263.1865536880122,1.3996729724552837
263.23656063342133,1.3998680726361628
263.2865675788304,1.4000619544111228
263.3365745242395,1.4002546171894026
263.38658146964855,1.4004460603839546
263.43658841505766,1.400636283411448
263.48659536046677,1.4008252856922696
263.5366023058758,1.401013066650525
263.5866092512849,1.4011996257140424
263.636616196694,1.4013849623143726
263.6866231421031,1.4015690758867914
263.73663008751214,1.4017519658703006
263.78663703292125,1.4019336317076316
263.83664397833036,1.4021140728452444
263.8866509237394,1.4022932887333313
263.9366578691485,1.4024712788258182
263.98666481455757,1.4026480425803656
264.0366717599667,1.4028235794583712
264.08667870537573,1.4029978889249701
264.13668565078484,1.4031709704490387
264.18669259619395,1.4033428235031935
264.236699541603,1.4035134475637947
264.2867064870121,1.403682842110948
264.33671343242116,1.4038510066285046
264.3867203778303,1.4040179406040638
264.4367273232393,1.4041836435289747
264.48673426864843,1.4043481148983372
264.53674121405754,1.4045113542110035
264.5867481594666,1.4046733609695805
264.6367551048757,1.4048341346804303
264.68676205028476,1.4049936748536722
264.73676899569386,1.405151981003184
264.7867759411029,1.4053090526466039
264.836782886512,1.4054648893053319
264.88678983192113,1.4056194905045298
264.9367967773302,1.405772855773125
264.9868037227393,1.4059249846438109
265.03681066814835,1.4060758766530475
265.08681761355746,1.4062255313410637
265.1368245589665,1.406373948251859
265.1868315043756,1.406521126933204
265.2368384497847,1.4066670669366423
265.2868453951938,1.406811767817492
265.3368523406029,1.4069552291348466
265.38685928601194,1.4070974504515765
265.43686623142105,1.407238431334331
265.4868731768301,1.4073781713535376
265.5368801222392,1.4075166700834065
265.5868870676483,1.4076539271019293
265.6368940130574,1.4077899419908808
265.6869009584665,1.4079247143358213
265.73690790387553,1.4080582437260967
265.78691484928464,1.40819052975484
265.8369217946937,1.4083215720189735
265.8869287401028,1.4084513701192085
265.9369356855119,1.4085799236600478
265.98694263092096,1.408707232249786
266.0369495763301,1.4088332955005116
266.0869565217391,1.4089581130281073
266.13696346714823,1.4090816844522516
266.1869704125573,1.40920400939642
266.2369773579664,1.4093250874878858
266.2869843033755,1.409444918357722
266.33699124878456,1.409563501640801
266.38699819419367,1.4096808369757976
266.4370051396027,1.4097969240051889
266.4870120850118,1.4099117623752548
266.5370190304209,1.410025351736081
266.58702597583,1.4101376917415585
266.6370329212391,1.410248782049385
266.68703986664815,1.4103586223210658
266.73704681205726,1.410467212221916
266.7870537574663,1.4105745514210595
266.8370607028754,1.410680639591432
266.88706764828447,1.4107854764097807
266.9370745936936,1.4108890615566656
266.9870815391027,1.4109913947164607
267.03708848451174,1.4110924755773548
267.08709542992085,1.4111923038313527
267.1371023753299,1.411290879174276
267.187109320739,1.411388201305763
267.23711626614806,1.4114842699292718
267.2871232115572,1.411579084752079
267.3371301569663,1.4116726454852824
267.38713710237533,1.4117649518438002
267.43714404778444,1.4118560035463732
267.4871509931935,1.4119458003155652
267.5371579386026,1.4120343418777637
267.58716488401166,1.4121216279631805
267.63717182942077,1.4122076583058536
267.6871787748298,1.4122924326436466
267.7371857202389,1.4123759507182503
267.78719266564804,1.4124582122751836
267.8371996110571,1.412539217063794
267.8872065564662,1.4126189648372582
267.93721350187525,1.4126974553525833
267.98722044728436,1.412774688370607
268.0372273926934,1.4128506636559988
268.0872343381025,1.4129253809772604
268.1372412835116,1.4129988401067268
268.1872482289207,1.4130710408205667
268.2372551743298,1.4131419828987828
268.28726211973884,1.4132116661252134
268.33726906514795,1.4132800902875324
268.387276010557,1.4133472551772497
268.4372829559661,1.4134131605897127
268.4872899013752,1.4134778063241065
268.5372968467843,1.413541192183454
268.5873037921934,1.4136033179746175
268.63731073760243,1.413664183508298
268.68731768301154,1.4137237885990375
268.7373246284206,1.413782133065218
268.7873315738297,1.4138392167290628
268.8373385192388,1.4138950394166367
268.88734546464786,1.413949600957847
268.937352410057,1.4140029011864435
268.987359355466,1.4140549399400193
269.03736630087514,1.4141057170600115
269.0873732462842,1.414155232391701
269.1373801916933,1.4142034857842138
269.1873871371024,1.4142504770905207
269.23739408251146,1.4142962061674382
269.28740102792057,1.4143406728756291
269.3374079733296,1.4143838770796024
269.3874149187387,1.414425818647714
269.4374218641478,1.4144664974521675
269.4874288095569,1.414505913369013
269.537435754966,1.4145440662781499
269.58744270037505,1.4145809560633256
269.63744964578416,1.414616582612136
269.6874565911932,1.4146509458160261
269.7374635366023,1.4146840455702911
269.7874704820114,1.4147158817740748
269.8374774274205,1.4147464543303725
269.8874843728296,1.414775763146028
269.93749131823864,1.4148038081317373
269.98749826364775,1.4148305892020467
270.0375052090568,1.414856106275354
270.0875121544659,1.4148803592739077
270.13751909987496,1.4149033481238087
270.1875260452841,1.4149250727550096
270.2375329906932,1.4149455331013145
270.28753993610223,1.4149647291003813
270.33754688151134,1.4149826606937184
270.3875538269204,1.4149993278266884
270.4375607723295,1.4150147304485063
270.48756771773856,1.4150288685122396
270.53757466314767,1.4150417419748098
270.5875816085568,1.415053350796991
270.6375885539658,1.4150636949434108
270.68759549937494,1.4150727743825502
270.737602444784,1.4150805890867444
270.7876093901931,1.4150871390321818
270.83761633560215,1.4150924241989045
270.88762328101126,1.415096444570808
270.93763022642037,1.415099200135643
270.9876371718294,1.4151006908850128
271.03764411723853,1.4151009168143749
271.0876510626476,1.4150998779230413
271.1376580080567,1.4150975742141771
271.18766495346574,1.415094005694802
271.23767189887485,1.4150891723757895
271.28767884428396,1.4150830742718663
271.337685789693,1.415075711401614
271.3876927351021,1.415067083787467
271.4376996805112,1.415057191455714
271.4877066259203,1.4150460344364972
271.53771357132933,1.4150336127638121
271.58772051673844,1.415019926475508
271.63772746214755,1.415004975613287
271.6877344075566,1.414988760222705
271.7377413529657,1.41497128035317
271.78774829837477,1.4149525360579442
271.8377552437839,1.4149325273941415
271.8877621891929,1.414911254422729
271.93776913460204,1.4148887172085254
271.98777608001114,1.4148649158202025
272.0377830254202,1.414839850330283
272.0877899708293,1.4148135208151427
272.13779691623836,1.4147859273550074
272.18780386164747,1.4147570700339556
272.2378108070565,1.4147269489399157
272.2878177524656,1.4146955641646672
272.33782469787474,1.4146629158038406
272.3878316432838,1.4146290039569158
272.4378385886929,1.4145938287272226
272.48784553410195,1.414557390221941
272.53785247951106,1.4145196885520999
272.5878594249201,1.4144807238325767
272.6378663703292,1.414440496182098
272.68787331573833,1.414399005723238
272.7378802611474,1.4143562525824191
272.7878872065565,1.4143122368899108
272.83789415196554,1.4142669587798302
272.88790109737465,1.41422041839014
272.9379080427837,1.41417261586265
272.9879149881928,1.4141235513430155
273.0379219336019,1.4140732249807368
273.087928879011,1.4140216369291596
273.1379358244201,1.4139687873454738
273.18794276982914,1.4139146763907127
273.23794971523824,1.4138593042297538
273.2879566606473,1.4138026710313172
273.3379636060564,1.413744776967965
273.3879705514655,1.4136856222161018
273.43797749687457,1.4136252069559734
273.4879844422837,1.4135635313716661
273.5379913876927,1.4135005956511066
273.58799833310184,1.4134363999860615
273.6380052785109,1.413370944572136
273.68801222392,1.4133042296087746
273.7380191693291,1.4132362552992583
273.78802611473816,1.4131670218507066
273.83803306014727,1.4130965294740752
273.8880400055563,1.4130247783841559
273.93804695096543,1.4129517687995754
273.9880538963745,1.4128775009427954
274.0380608417836,1.4128019750401115
274.0880677871927,1.4127251913216528
274.13807473260175,1.4126471500213806
274.18808167801086,1.4125678513770883
274.2380886234199,1.4124872956304007
274.288095568829,1.4124054830267725
274.3381025142381,1.4123224138154884
274.3881094596472,1.412238088249662
274.4381164050563,1.4121525065862346
274.48812335046534,1.412065669085976
274.53813029587445,1.411977576013481
274.5881372412835,1.4118882276371711
274.6381441866926,1.4117976242292927
274.68815113210167,1.4117057660659165
274.7381580775108,1.4116126534269353
274.7881650229199,1.4115182865960658
274.83817196832894,1.4114226658608457
274.88817891373805,1.4113257915126327
274.9381858591471,1.4112276638466055
274.9881928045562,1.4111282831617604
275.03819974996526,1.4110276497609129
275.08820669537437,1.4109257639506945
275.1382136407835,1.4108226260415533
275.18822058619253,1.410718236347753
275.23822753160164,1.4106125951873705
275.2882344770107,1.410505702882297
275.3382414224198,1.4103975597582352
275.38824836782885,1.4102881661446993
275.43825531323796,1.410177522375014
275.48826225864707,1.4100656287863125
275.5382692040561,1.4099524857195376
275.58827614946523,1.409838093519438
275.6382830948743,1.4097224525345688
275.6882900402834,1.409605563117291
275.73829698569244,1.4094874256237684
275.78830393110155,1.4093680404139683
275.83831087651066,1.4092474078516601
275.8883178219197,1.4091255283044135
275.9383247673288,1.4090024021435976
275.9883317127379,1.4088780297443808
276.038338658147,1.4087524114857277
276.08834560355604,1.4086255477504004
276.13835254896514,1.408497438924954
276.18835949437425,1.4083680853997396
276.2383664397833,1.4082374875688997
276.2883733851924,1.408105645830368
276.33838033060147,1.4079725605858697
276.3883872760106,1.4078382322409175
276.4383942214196,1.4077026612048131
276.48840116682874,1.4075658478906434
276.53840811223785,1.4074277927152818
276.5884150576469,1.4072884960993854
276.638422003056,1.4071479584673932
276.68842894846506,1.4070061802475262
276.73843589387417,1.4068631618717855
276.7884428392832,1.406718903775951
276.83844978469233,1.40657340639958
276.88845673010144,1.4064266701860055
276.9384636755105,1.4062786955823365
276.9884706209196,1.4061294830394537
277.03847756632865,1.405979033012011
277.08848451173776,1.4058273459584325
277.1384914571468,1.405674422340912
277.1884984025559,1.4055202626254104
277.23850534796503,1.4053648672816552
277.2885122933741,1.4052082367831398
277.3385192387832,1.4050503716071197
277.38852618419224,1.4048912722346136
277.43853312960135,1.4047309391504004
277.4885400750104,1.4045693728430182
277.5385470204195,1.4044065738047624
277.5885539658286,1.4042425425316853
277.6385609112377,1.4040772795235936
277.6885678566468,1.403910785284046
277.73857480205584,1.403743060320355
277.78858174746495,1.4035741051435808
277.838588692874,1.4034039202685338
277.8885956382831,1.4032325062137703
277.9386025836922,1.4030598635015925
277.98860952910127,1.4028859926580464
278.0386164745104,1.4027108942129196
278.08862341991943,1.4025345686997404
278.13863036532854,1.4023570166557764
278.1886373107376,1.4021782386220323
278.2386442561467,1.4019982351432478
278.2886512015558,1.4018170067678972
278.33865814696486,1.4016345540481874
278.38866509237397,1.401450877540055
278.438672037783,1.4012659778031662
278.48867898319213,1.4010798554009138
278.5386859286012,1.4008925109004169
278.5886928740103,1.4007039448725174
278.6386998194194,1.40051415789178
278.68870676482845,1.4003231505364897
278.73871371023756,1.400130923388649
278.7887206556466,1.399937477033978
278.8387276010557,1.399742812061912
278.8887345464648,1.3995469290655986
278.9387414918739,1.3993498286418973
278.98874843728294,1.3991515113913773
279.03875538269205,1.3989519779183144
279.08876232810115,1.3987512288306916
279.1387692735102,1.3985492647401956
279.1887762189193,1.3983460862622141
279.23878316432837,1.398141694015837
279.2887901097375,1.3979360886238505
279.33879705514653,1.3977292707127391
279.38880400055564,1.3975212409126803
279.43881094596475,1.3973119998575454
279.4888178913738,1.3971015481848965
279.5388248367829,1.3968898865359831
279.58883178219196,1.3966770155557433
279.63883872760107,1.3964629358927985
279.6888456730101,1.3962476481994541
279.73885261841923,1.3960311531316958
279.78885956382834,1.3958134513491882
279.8388665092374,1.3955945435152732
279.8888734546465,1.395374430296967
279.93888040005555,1.3951531123649594
279.98888734546466,1.3949305903936098
280.0388942908737,1.3947068650609478
280.0889012362828,1.3944819370486683
280.13890818169193,1.3942558070421316
280.188915127101,1.3940284757303605
280.2389220725101,1.3937999438060378
280.28892901791914,1.3935702119655051
280.33893596332825,1.3933392809087595
280.3889429087373,1.3931071513394524
280.4389498541464,1.3928738239648875
280.4889567995555,1.3926392994960175
280.5389637449646,1.3924035786474438
280.5889706903737,1.3921666621374118
280.63897763578274,1.3919285506878114
280.68898458119185,1.391689245024172
280.7389915266009,1.3914487458756637
280.78899847201,1.3912070539750916
280.8390054174191,1.3909641700588957
280.88901236282817,1.3907200948671483
280.9390193082373,1.3904748291435511
280.98902625364633,1.3902283736354337
281.03903319905544,1.3899807290937511
281.0890401444645,1.389731896273081
281.1390470898736,1.3894818759316214
281.1890540352827,1.3892306688311897
281.23906098069176,1.3889782757372193
281.28906792610087,1.3887246974187564
281.3390748715099,1.3884699346484595
281.38908181691903,1.3882139882025952
281.4390887623281,1.387956858861038
281.4890957077372,1.3876985474072656
281.5391026531463,1.3874390546283581
281.58910959855535,1.3871783813149958
281.63911654396446,1.3869165282614548
281.6891234893735,1.3866534962656067
281.7391304347826,1.3863892861289153
281.7891373801917,1.3861238986564342
281.8391443256008,1.3858573346568037
281.8891512710099,1.3855895949422499
281.93915821641895,1.3853206803285818
281.98916516182805,1.385050591635186
282.0391721072371,1.3847793296850295
282.0891790526462,1.3845068953046518
282.13918599805527,1.3842332893241664
282.1891929434644,1.383958512577256
282.2391998888735,1.3836825659011704
282.28920683428254,1.3834054501367254
282.33921377969165,1.3831271661282976
282.3892207251007,1.3828477147238245
282.4392276705098,1.382567096774799
282.48923461591886,1.3822853131362702
282.53924156132797,1.3820023646668382
282.5892485067371,1.3817182522286526
282.63925545214613,1.3814329766874103
282.68926239755524,1.3811465389123503
282.7392693429643,1.3808589397762552
282.7892762883734,1.3805701801554444
282.83928323378245,1.380280260929775
282.88929017919156,1.379989182982636
282.93929712460067,1.379696947200948
282.9893040700097,1.3794035544751593
283.03931101541883,1.3791090056992428
283.0893179608279,1.378813301770695
283.139324906237,1.3785164435905308
283.18933185164605,1.378218432063284
283.23933879705515,1.377919268097001
283.28934574246426,1.37761895260324
283.3393526878733,1.3773174864970692
283.3893596332824,1.377014870697061
283.4393665786915,1.3767111061252923
283.4893735241006,1.3764061937073393
283.53938046950964,1.3761001343722765
283.58938741491875,1.375792929052672
283.63939436032786,1.375484578684587
283.6894013057369,1.3751750842075716
283.739408251146,1.374864446564661
283.78941519655507,1.3745526667023744
283.8394221419642,1.3742397455707112
283.88942908737323,1.3739256841231482
283.93943603278234,1.373610483316637
283.98944297819145,1.3732941441116004
284.0394499236005,1.372976667471931
284.0894568690096,1.3726580543649851
284.13946381441866,1.3723383057615843
284.18947075982777,1.372017422636008
284.2394777052368,1.3716954059659945
284.28948465064593,1.3713722567327338
284.33949159605504,1.3710479759208685
284.3894985414641,1.3707225645184888
284.4395054868732,1.3703960235171295
284.48951243228225,1.3700683539117677
284.53951937769136,1.369739556700819
284.5895263231004,1.3694096328861352
284.6395332685095,1.369078583473
284.68954021391863,1.3687464094701278
284.7395471593277,1.36841311188966
284.7895541047368,1.3680786917471601
284.83956105014585,1.3677431500616135
284.88956799555496,1.3674064878554217
284.939574940964,1.3670687061544018
284.9895818863731,1.3667298059877808
285.0395888317822,1.3663897883881941
285.0895957771913,1.3660486543916832
285.1396027226004,1.3657064050376886
285.18960966800944,1.3653630413690518
285.23961661341855,1.365018564432008
285.2896235588276,1.3646729752761861
285.3396305042367,1.3643262749546021
285.3896374496458,1.3639784645236592
285.43964439505487,1.363629545043143
285.489651340464,1.3632795175762176
285.53965828587303,1.3629283831894239
285.58966523128214,1.362576142952675
285.6396721766912,1.3622227979392547
285.6896791221003,1.3618683492258108
285.7396860675094,1.361512797892356
285.78969301291846,1.3611561450222633
285.83969995832757,1.3607983917022597
285.8897069037366,1.3604395390224278
285.93971384914573,1.3600795880761976
285.9897207945548,1.3597185399603477
286.0397277399639,1.3593563957749983
286.089734685373,1.3589931566236102
286.13974163078205,1.3586288236129807
286.18974857619116,1.3582633978532386
286.2397555216002,1.3578968804578442
286.2897624670093,1.3575292725435826
286.3397694124184,1.357160575230563
286.3897763578275,1.3567907896422131
286.4397833032366,1.3564199169052769
286.48979024864565,1.3560479581498115
286.53979719405476,1.3556749145091815
286.5898041394638,1.3553007871200595
286.6398110848729,1.3549255771224178
286.68981803028197,1.3545492856595303
286.7398249756911,1.3541719138779627
286.7898319211002,1.3537934629275747
286.83983886650924,1.353413933961515
286.88984581191835,1.3530333281362146
286.9398527573274,1.3526516466113876
286.9898597027365,1.3522688905500249
287.03986664814556,1.351885061118392
287.08987359355467,1.3515001594860243
287.1398805389638,1.351114186825725
287.18988748437283,1.3507271443135613
287.23989442978194,1.3503390331288578
287.289901375191,1.349949854454198
287.3399083206001,1.349559609475416
287.38991526600915,1.3491682993815974
287.43992221141826,1.3487759253650706
287.4899291568274,1.348382488621407
287.5399361022364,1.3479879903494174
287.58994304764553,1.3475924317511443
287.6399499930546,1.3471958140318638
287.6899569384637,1.346798138400077
287.73996388387275,1.3463994060675104
287.78997082928186,1.3459996182491079
287.83997777469096,1.3455987761630317
287.8899847201,1.3451968810306558
287.9399916655091,1.344793934076562
287.9899986109182,1.3443899365285383
288.0400055563273,1.3439848896175726
288.09001250173634,1.3435787945778512
288.14001944714545,1.3431716526467534
288.19002639255456,1.342763465064849
288.2400333379636,1.3423542330758942
288.2900402833727,1.3419439579268255
288.34004722878177,1.3415326408677606
288.3900541741909,1.34112028315199
288.44006111959993,1.3407068860359765
288.49006806500904,1.3402924507793483
288.54007501041815,1.3398769786448985
288.5900819558272,1.3394604708985793
288.6400889012363,1.3390429288094972
288.69009584664536,1.3386243536499116
288.7401027920545,1.3382047466952292
288.7901097374635,1.3377841092240013
288.84011668287263,1.3373624425179171
288.89012362828174,1.3369397478618044
288.9401305736908,1.3365160265436224
288.9901375190999,1.3360912798544575
289.04014446450896,1.3356655090885223
289.09015140991806,1.3352387155431475
289.1401583553271,1.3348109005187827
289.1901653007362,1.3343820653189877
289.24017224614533,1.3339522112504325
289.2901791915544,1.3335213396228909
289.3401861369635,1.3330894517492373
289.39019308237255,1.332656548945442
289.44020002778166,1.3322226325305688
289.4902069731907,1.3317877038267696
289.5402139185998,1.3313517641592805
289.5902208640089,1.3309148148564185
289.640227809418,1.3304768572495773
289.6902347548271,1.3300378926732213
289.74024170023614,1.329597922464885
289.79024864564525,1.329156947965166
289.8402555910543,1.328714970517723
289.8902625364634,1.3282719914692689
289.9402694818725,1.3278280121695698
289.9902764272816,1.3273830339714403
290.0402833726907,1.3269370582307367
290.09029031809973,1.326490086306357
290.14029726350884,1.3260421195602323
290.1903042089179,1.3255931593573274
290.240311154327,1.3251432070656315
290.29031809973606,1.3246922640561594
290.34032504514516,1.3242403317029423
290.3903319905543,1.323787411383028
290.4403389359633,1.3233335044764731
290.49034588137243,1.3228786123663407
290.5403528267815,1.3224227364386967
290.5903597721906,1.3219658780826034
290.64036671759965,1.321508038690118
290.69037366300876,1.3210492196562849
290.74038060841787,1.3205894223791357
290.7903875538269,1.3201286482596823
290.840394499236,1.3196668987019113
290.8904014446451,1.3192041751127843
290.9404083900542,1.3187404789022277
290.99041533546324,1.3182758114831334
291.04042228087235,1.3178101742713524
291.09042922628146,1.3173435686856902
291.1404361716905,1.3168759961479042
291.1904431170996,1.3164074580826959
291.24045006250867,1.3159379559177111
291.2904570079178,1.3154674910835311
291.34046395332683,1.3149960650136727
291.39047089873594,1.3145236791445796
291.44047784414505,1.3140503349156214
291.4904847895541,1.313576033769087
291.5404917349632,1.313100777150181
291.59049868037226,1.3126245665070209
291.6405056257814,1.3121474032906286
291.6905125711904,1.3116692889549308
291.74051951659953,1.3111902249567506
291.79052646200864,1.310710212755806
291.8405334074177,1.3102292538147036
291.8905403528268,1.3097473495989345
291.94054729823586,1.3092645015768714
291.99055424364497,1.30878071121976
292.040561189054,1.3082959800017204
292.0905681344631,1.3078103093997375
292.14057507987224,1.3073237008936596
292.1905820252813,1.3068361559661925
292.2405889706904,1.306347676102895
292.29059591609945,1.3058582627921753
292.34060286150856,1.3053679175252846
292.3906098069176,1.3048766417963156
292.4406167523267,1.3043844371021942
292.4906236977358,1.3038913049426784
292.5406306431449,1.3033972468203525
292.590637588554,1.3029022642406194
292.64064453396304,1.3024063587117023
292.69065147937215,1.3019095317446343
292.7406584247812,1.3014117848532578
292.7906653701903,1.3009131195542163
292.8406723155994,1.3004135373669536
292.8906792610085,1.2999130398137069
292.9406862064176,1.299411628419501
292.99069315182663,1.298909304712148
293.04070009723574,1.298406070222236
293.0907070426448,1.2979019264831322
293.1407139880539,1.2973968750309712
293.190720933463,1.2968909174046557
293.24072787887206,1.2963840551458485
293.2907348242812,1.2958762897989684
293.3407417696902,1.2953676229111872
293.39074871509933,1.294858056032422
293.4407556605084,1.2943475907153343
293.4907626059175,1.2938362285153209
293.5407695513266,1.2933239709905129
293.59077649673566,1.2928108197017703
293.64078344214477,1.292296776212673
293.6907903875538,1.2917818420895233
293.7407973329629,1.2912660189013347
293.790804278372,1.2907493082198316
293.8408112237811,1.2902317116194406
293.8908181691902,1.2897132306772894
293.94082511459925,1.2891938669732002
293.99083206000836,1.288673622089683
294.0408390054174,1.288152497611936
294.0908459508265,1.2876304951278348
294.1408528962356,1.2871076162279314
294.1908598416447,1.2865838625054473
294.2408667870538,1.2860592355562717
294.29087373246284,1.285533736978953
294.34088067787195,1.2850073683746952
294.390887623281,1.2844801313473546
294.4408945686901,1.2839520275034322
294.49090151409916,1.2834230584520714
294.5409084595083,1.2828932258050507
294.5909154049174,1.2823625311767808
294.64092235032643,1.2818309761843003
294.69092929573554,1.281298562447265
294.7409362411446,1.2807652915879522
294.7909431865537,1.2802311652312475
294.84095013196276,1.2796961850046453
294.89095707737187,1.27916035253824
294.940964022781,1.2786236694647246
294.99097096819,1.2780861374193833
295.04097791359914,1.2775477580400856
295.0909848590082,1.2770085329672853
295.1409918044173,1.2764684638440116
295.19099874982635,1.2759275523158653
295.24100569523546,1.2753858000310143
295.29101264064457,1.274843208640189
295.3410195860536,1.2742997797966766
295.3910265314627,1.2737555151563147
295.4410334768718,1.2732104163774889
295.4910404222809,1.2726644851211255
295.54104736768994,1.2721177230506884
295.59105431309905,1.2715701318321717
295.64106125850816,1.271021713134097
295.6910682039172,1.2704724686275082
295.7410751493263,1.269922399985962
295.7910820947354,1.2693715088855297
295.8410890401445,1.2688197970047863
295.89109598555353,1.2682672660248104
295.94110293096264,1.2677139176291734
295.99110987637175,1.2671597535039394
296.0411168217808,1.266604775337658
296.0911237671899,1.2660489848213572
296.14113071259897,1.2654923836485432
296.1911376580081,1.2649349735151896
296.2411446034171,1.2643767561197377
296.29115154882624,1.2638177331630847
296.34115849423534,1.2632579063485856
296.3911654396444,1.2626972773820446
296.4411723850535,1.262135847971708
296.49117933046256,1.2615736198282632
296.54118627587167,1.2610105946648296
296.5911932212807,1.2604467741969572
296.6412001666898,1.2598821601426167
296.69120711209894,1.259316754222199
296.741214057508,1.2587505581585081
296.7912210029171,1.2581835736767526
296.84122794832615,1.257615802504547
296.89123489373526,1.2570472463719
296.9412418391443,1.2564779070112146
296.9912487845534,1.255907786157278
297.04125572996253,1.2553368855472604
297.0912626753716,1.2547652069207076
297.1412696207807,1.2541927520195344
297.19127656618974,1.2536195225880236
297.24128351159885,1.2530455203728155
297.2912904570079,1.2524707471229077
297.341297402417,1.2518952045896434
297.3913043478261,1.2513188945267133
297.4413112932352,1.2507418186901462
297.4913182386443,1.250163978838302
297.54132518405333,1.249585376731872
297.59133212946244,1.2490060141338666
297.6413390748715,1.2484258928096164
297.6913460202806,1.2478450145267612
297.7413529656897,1.2472633810552496
297.79135991109877,1.246680994167331
297.8413668565079,1.2460978556375475
297.8913738019169,1.2455139672427356
297.94138074732604,1.2449293307620135
297.9913876927351,1.2443439479767815
298.0413946381442,1.2437578206707112
298.0914015835533,1.2431709506297446
298.14140852896236,1.242583339642087
298.19141547437147,1.2419949894981994
298.2414224197805,1.2414059019907977
298.29142936518963,1.2408160789148417
298.3414363105987,1.240225522067536
298.3914432560078,1.2396342332483166
298.4414502014169,1.2390422142588533
298.49145714682595,1.2384494669030401
298.54146409223506,1.237855992986989
298.5914710376441,1.2372617943190278
298.6414779830532,1.2366668727096906
298.6914849284623,1.236071229971716
298.7414918738714,1.2354748679200385
298.7914988192805,1.2348777883717856
298.84150576468954,1.2342799931462713
298.89151271009865,1.2336814840649875
298.9415196555077,1.2330822629516047
298.9915266009168,1.2324823316319604
299.04153354632587,1.2318816919340585
299.091540491735,1.2312803456880586
299.1415474371441,1.230678294726275
299.19155438255314,1.2300755408831703
299.24156132796224,1.2294720859953454
299.2915682733713,1.2288679319015405
299.3415752187804,1.2282630804426244
299.39158216418946,1.227657533461593
299.44158910959857,1.227051292803557
299.4915960550077,1.2264443603157456
299.5416030004167,1.2258367378474941
299.59160994582584,1.2252284272502396
299.6416168912349,1.224619430377517
299.691623836644,1.2240097490849513
299.74163078205305,1.223399385230254
299.79163772746216,1.2227883406732152
299.84164467287127,1.2221766172757
299.8916516182803,1.2215642169016423
299.94165856368943,1.2209511414170375
299.9916655090985,1.220337392689939
300.0416724545076,1.2197229725904506
300.09167939991664,1.2191078829907234
300.14168634532575,1.2184921257649466
300.19169329073486,1.2178757027893452
300.2417002361439,1.2172586159421726
300.291707181553,1.216640867103704
300.3417141269621,1.2160224581562327
300.3917210723712,1.2154033909840622
300.44172801778024,1.2147836674735046
300.49173496318934,1.2141632895128667
300.54174190859845,1.2135422589924536
300.5917488540075,1.2129205778045584
300.6417557994166,1.212298247843455
300.69176274482567,1.2116752710053957
300.7417696902348,1.2110516491886025
300.7917766356438,1.2104273842932645
300.84178358105294,1.209802478221528
300.89179052646205,1.2091769328774944
300.9417974718711,1.2085507501672137
300.9918044172802,1.2079239319986763
301.04181136268926,1.2072964802818094
301.09181830809837,1.2066683969284704
301.1418252535074,1.2060396838524428
301.19183219891653,1.2054103429694267
301.24183914432564,1.2047803761970364
301.2918460897347,1.2041497854547942
301.3418530351438,1.2035185726641209
301.39185998055285,1.2028867397483358
301.44186692596196,1.2022542886326453
301.491873871371,1.201621221244142
301.5418808167801,1.200987539511792
301.5918877621892,1.2003532453664383
301.6418947075983,1.1997183407407865
301.6919016530074,1.1990828275694039
301.74190859841644,1.1984467077887127
301.79191554382555,1.1978099833369806
301.8419224892346,1.1971726561543214
301.8919294346437,1.196534728182682
301.94193638005277,1.195896201365843
301.9919433254619,1.195257077649407
302.041950270871,1.194617358980797
302.09195721628004,1.1939770473092497
302.14196416168915,1.1933361445858053
302.1919711070982,1.1926946527633084
302.2419780525073,1.1920525737963963
302.29198499791636,1.1914099096414976
302.34199194332547,1.1907666622568214
302.3919988887346,1.1901228336023557
302.44200583414363,1.1894784256398596
302.49201277955274,1.1888334403328562
302.5420197249618,1.1881878796466299
302.5920266703709,1.1875417455482142
302.64203361577995,1.186895040006395
302.69204056118906,1.1862477649916952
302.74204750659817,1.185599922476375
302.7920544520072,1.1849515144344243
302.84206139741633,1.1843025428415537
302.8920683428254,1.183653009675194
302.9420752882345,1.1830029169144842
302.99208223364354,1.182352266540271
303.04208917905265,1.181701060535098
303.09209612446176,1.1810493008832028
303.1421030698708,1.1803969895705118
303.1921100152799,1.1797441285846275
303.242116960689,1.1790907199148324
303.2921239060981,1.1784367655520742
303.34213085150714,1.1777822674889662
303.39213779691624,1.1771272277197753
303.44214474232535,1.1764716482404216
303.4921516877344,1.1758155310484695
303.5421586331435,1.1751588781431193
303.59216557855257,1.174501691525207
303.6421725239617,1.1738439731971924
303.6921794693707,1.1731857251631563
303.74218641477984,1.1725269494287929
303.79219336018895,1.1718676480014054
303.842200305598,1.1712078228898992
303.8922072510071,1.1705474761047727
303.94221419641616,1.1698866096581173
303.99222114182527,1.1692252255636046
304.0422280872343,1.1685633258364863
304.09223503264343,1.1679009124935829
304.14224197805254,1.167237987553281
304.1922489234616,1.1665745530355283
304.2422558688707,1.1659106109618191
304.29226281427975,1.165246163355201
304.34226975968886,1.164581212240257
304.3922767050979,1.163915759643108
304.442283650507,1.1632498075913995
304.49229059591613,1.1625833581143017
304.5422975413252,1.1619164132424997
304.5923044867343,1.1612489750081862
304.64231143214334,1.1605810454450605
304.69231837755245,1.1599126265883162
304.7423253229615,1.1592437204746386
304.7923322683706,1.1585743291421977
304.8423392137797,1.1579044546306423
304.8923461591888,1.157234098981094
304.9423531045979,1.1565632642361388
304.99236005000694,1.1558919524398243
305.04236699541605,1.1552201656376497
305.0923739408251,1.1545479058765638
305.1423808862342,1.1538751752049543
305.1923878316433,1.1532019756726453
305.24239477705237,1.1525283093308905
305.2924017224615,1.1518541782323617
305.34240866787053,1.151179584431152
305.39241561327964,1.1505045299827605
305.4424225586887,1.149829016944093
305.4924295040978,1.1491530473734495
305.5424364495069,1.1484766233305235
305.59244339491596,1.1477997468763927
305.64245034032507,1.1471224200735122
305.6924572857341,1.1464446449857113
305.74246423114323,1.1457664236781826
305.7924711765523,1.1450877582174819
305.8424781219614,1.1444086506715139
305.8924850673705,1.1437291031095336
305.94249201277955,1.1430491176021367
305.99249895818866,1.1423686962212511
306.0425059035977,1.1416878410401357
306.0925128490068,1.141006554133368
306.1425197944159,1.1403248375768444
306.192526739825,1.1396426934477675
306.2425336852341,1.1389601238246438
306.29254063064315,1.1382771307872788
306.34254757605225,1.1375937164167622
306.3925545214613,1.1369098827954738
306.4425614668704,1.1362256320070663
306.49256841227947,1.135540966136467
306.5425753576886,1.1348558872698649
306.5925823030977,1.1341703974947095
306.64258924850674,1.1334844988997026
306.69259619391585,1.132798193574789
306.7426031393249,1.1321114836111563
306.792610084734,1.1314243711012217
306.84261703014306,1.130736858138633
306.89262397555217,1.1300489468182526
306.9426309209613,1.1293606392361615
306.99263786637033,1.1286719374896472
307.04264481177944,1.1279828436771964
307.0926517571885,1.1272933598984922
307.1426587025976,1.1266034882544047
307.19266564800665,1.1259132308469875
307.24267259341576,1.125222589779467
307.29267953882487,1.124531567156241
307.3426864842339,1.1238401650828707
307.39269342964303,1.123148385666069
307.4427003750521,1.1224562310137032
307.4927073204612,1.1217637032347811
307.54271426587025,1.1210708044394502
307.59272121127935,1.1203775367389848
307.64272815668846,1.1196839022457863
307.6927351020975,1.1189899030733736
307.7427420475066,1.1182955413363742
307.7927489929157,1.1176008191505236
307.8427559383248,1.1169057386326524
307.89276288373384,1.116210301900687
307.94276982914295,1.1155145110736342
307.99277677455206,1.1148183682715833
308.0427837199611,1.1141218756156963
308.0927906653702,1.1134250352281985
308.14279761077927,1.1127278492323778
308.1928045561884,1.1120303197525723
308.24281150159743,1.1113324489141694
308.29281844700654,1.1106342388435941
308.34282539241565,1.109935691668307
308.3928323378247,1.1092368095167964
308.4428392832338,1.1085375945185674
308.49284622864286,1.1078380488041437
308.54285317405197,1.107138174505054
308.592860119461,1.10643797375383
308.64286706487013,1.105737448683996
308.69287401027924,1.1050366014300665
308.7428809556883,1.1043354341275378
308.7928879010974,1.1036339489128788
308.84289484650645,1.1029321479235303
308.89290179191556,1.1022300332978925
308.9429087373246,1.1015276071753248
308.9929156827337,1.1008248716961302
309.04292262814283,1.1001218290015593
309.0929295735519,1.0994184812337977
309.142936518961,1.0987148305359586
309.19294346437005,1.098010879052081
309.24295040977916,1.0973066289271176
309.2929573551882,1.0966020823069336
309.3429643005973,1.0958972413382955
309.3929712460064,1.0951921081688678
309.4429781914155,1.094486684947207
309.4929851368246,1.0937809738227489
309.54299208223364,1.093074976945811
309.59299902764275,1.0923686964675785
309.6430059730518,1.0916621345401034
309.6930129184609,1.0909552933162923
309.74301986387,1.0902481749499053
309.79302680927907,1.0895407815955467
309.8430337546882,1.0888331154086563
309.89304070009723,1.0881251785455088
309.94304764550634,1.0874169731632002
309.9930545909154,1.0867085014196485
310.0430615363245,1.085999765473578
310.0930684817336,1.085290767484523
310.14307542714266,1.0845815096128146
310.19308237255177,1.0838719940195745
310.2430893179608,1.083162222866712
310.29309626336993,1.0824521983169124
310.343103208779,1.081741922533636
310.3931101541881,1.0810313976811057
310.4431170995972,1.0803206259243054
310.49312404500625,1.0796096094289716
310.54313099041536,1.0788983503615848
310.5931379358244,1.0781868508893653
310.6431448812335,1.0774751131802656
310.6931518266426,1.0767631394029658
310.7431587720517,1.0760509317268627
310.7931657174608,1.075338492322068
310.84317266286985,1.0746258233593988
310.89317960827896,1.0739129270103709
310.943186553688,1.0731998054471943
310.9931934990971,1.0724864608427636
311.04320044450617,1.0717728953706558
311.0932073899153,1.071059111205116
311.1432143353244,1.0703451105210604
311.19322128073344,1.0696308954940636
311.24322822614255,1.0689164683003516
311.2932351715516,1.0682018311167996
311.3432421169607,1.06748698612092
311.39324906236976,1.0667719354908607
311.44325600777887,1.0660566814053938
311.493262953188,1.0653412260439135
311.54326989859703,1.064625571586427
311.59327684400614,1.0639097202135468
311.6432837894152,1.0631936741064862
311.6932907348243,1.0624774354470514
311.74329768023335,1.0617610064176368
311.79330462564246,1.0610443892012145
311.8433115710516,1.0603275859813321
311.8933185164606,1.0596105989421039
311.94332546186973,1.058893430268202
311.9933324072788,1.0581760821448551
312.0433393526879,1.0574585567578358
312.09334629809695,1.05674085629346
312.14335324350606,1.0560229829385723
312.19336018891516,1.0553049388805487
312.2433671343242,1.0545867263072843
312.2933740797333,1.0538683474071855
312.3433810251424,1.0531498043691683
312.3933879705515,1.0524310993826462
312.44339491596054,1.051712234637529
312.49340186136965,1.0509932123242103
312.54340880677876,1.0502740346335662
312.5934157521878,1.0495547037569457
312.6434226975969,1.048835221886163
312.69342964300597,1.0481155912134956
312.7434365884151,1.0473958139316695
312.79344353382413,1.0466758922338628
312.84345047923324,1.0459558283136892
312.89345742464235,1.0452356243651986
312.9434643700514,1.0445152825828676
312.9934713154605,1.0437948051615902
313.04347826086956,1.0430741942966768
313.0934852062787,1.0423534521838413
313.1434921516877,1.0416325810192018
313.19349909709683,1.0409115829992637
313.2435060425059,1.0401904603209247
313.293512987915,1.039469215181458
313.3435199333241,1.0387478497785128
313.39352687873316,1.0380263663101044
313.44353382414226,1.0373047669746058
313.4935407695513,1.0365830539707457
313.5435477149604,1.0358612294975966
313.5935546603695,1.0351392957545733
313.6435616057786,1.0344172549414208
313.6935685511877,1.0336951092582123
313.74357549659675,1.0329728609053417
313.79358244200586,1.0322505120835108
313.8435893874149,1.031528064993733
313.893596332824,1.0308055218373176
313.94360327823307,1.030082884815869
313.9936102236422,1.0293601561312753
314.0436171690513,1.0286373379857057
314.09362411446034,1.027914432581602
314.14363105986945,1.0271914421216701
314.1936380052785,1.0264683688088774
314.2436449506876,1.0257452148464419
314.29365189609666,1.0250219824378282
314.34365884150577,1.0242986737867386
314.3936657869149,1.0235752910971099
314.44367273232393,1.022851836573104
314.49367967773304,1.0221283124191
314.5436866231421,1.0214047208396915
314.5936935685512,1.0206810640396748
314.64370051396025,1.0199573442240482
314.69370745936936,1.0192335635979985
314.7437144047785,1.0185097243669006
314.7937213501875,1.0177858287363082
314.84372829559663,1.0170618789119428
314.8937352410057,1.0163378770996958
314.9437421864148,1.0156138255056137
314.99374913182385,1.0148897263358978
315.04375607723296,1.0141655817968904
315.09376302264207,1.0134413940950757
315.1437699680511,1.0127171654370681
315.1937769134602,1.0119928980296053
315.2437838588693,1.0112685940795463
315.2937908042784,1.0105442557938582
315.34379774968744,1.0098198853796143
315.39380469509655,1.009095485043985
315.44381164050566,1.0083710569942332
315.4938185859147,1.0076466034377058
315.5438255313238,1.006922126581826
315.59383247673287,1.0061976286340906
315.643839422142,1.0054731118020572
315.69384636755103,1.004748578293345
315.74385331296014,1.00402403031562
315.79386025836925,1.0032994700765954
315.8438672037783,1.0025748997840214
315.8938741491874,1.0018503216456756
315.94388109459646,1.0011257378693639
315.9938880400056,1.000401150662906
316.0438949854146,0.9996765622341347
316.09390193082373,0.9989519747908839
316.14390887623284,0.9982273905409867
316.1939158216419,0.9975028116922664
316.243922767051,0.9967782404525274
316.29392971246006,0.9960536790295541
316.34393665786916,0.995329129631098
316.3939436032782,0.9946045944648777
316.4439505486873,0.9938800757385633
316.49395749409643,0.993155575659779
316.5439644395055,0.9924310964360916
316.5939713849146,0.9917066402750022
316.64397833032365,0.9909822093839445
316.69398527573276,0.9902578059702724
316.7439922211418,0.9895334322412586
316.7939991665509,0.9888090904040828
316.84400611196,0.9880847826658298
316.8940130573691,0.9873605112334809
316.9440200027782,0.9866362783139025
316.99402694818724,0.985912086113849
317.04403389359635,0.9851879368399467
317.0940408390054,0.9844638326986942
317.1440477844145,0.9837397758964498
317.1940547298236,0.9830157686394294
317.2440616752327,0.9822918131336985
317.2940686206418,0.981567911585162
317.34407556605083,0.980844066199564
317.39408251145994,0.9801202791824739
317.444089456869,0.9793965527392876
317.4940964022781,0.9786728890752107
317.5441033476872,0.9779492903952621
317.59411029309626,0.9772257589042623
317.6441172385054,0.9765022968068243
317.6941241839144,0.975778906307353
317.74413112932353,0.975055589610032
317.7941380747326,0.9743323489188231
317.8441450201417,0.9736091864374536
317.8941519655508,0.9728861043694145
317.94415891095986,0.9721631049179525
317.99416585636897,0.9714401902860585
318.044172801778,0.9707173626764698
318.0941797471871,0.969994624291655
318.1441866925962,0.9692719773338134
318.1941936380053,0.9685494240048634
318.2442005834144,0.96782696650644
318.29420752882345,0.967104607039886
318.34421447423256,0.9663823478062437
318.3942214196416,0.9656601910062527
318.4442283650507,0.9649381388403374
318.49423531045977,0.9642161935086074
318.5442422558689,0.9634943572108414
318.594249201278,0.9627726321464903
318.64425614668704,0.9620510205146655
318.69426309209615,0.9613295245141302
318.7442700375052,0.9606081463432987
318.7942769829143,0.9598868882002228
318.84428392832336,0.959165752282592
318.8942908737325,0.9584447407877201
318.9442978191416,0.9577238559125443
318.99430476455063,0.9570030998536162
319.04431170995974,0.956282474807091
319.0943186553688,0.9555619829687299
319.1443256007779,0.9548416265338838
319.19433254618696,0.9541214076974948
319.24433949159607,0.9534013286540823
319.2943464370052,0.9526813915977423
319.3443533824142,0.9519615987221378
319.39436032782334,0.9512419522204905
319.4443672732324,0.9505224542855789
319.4943742186415,0.9498031071097262
319.54438116405055,0.9490839128847993
319.59438810945966,0.9483648738021946
319.64439505486877,0.9476459920528397
319.6944020002778,0.9469272698271822
319.7444089456869,0.9462087093151816
319.794415891096,0.9454903127063073
319.8444228365051,0.9447720821895267
319.89442978191414,0.9440540199533036
319.94443672732325,0.9433361281855865
319.99444367273236,0.9426184090738065
320.0444506181414,0.9419008648048686
320.0944575635505,0.9411834975651436
320.1444645089596,0.940466309540464
320.1944714543687,0.9397493029161146
320.24447839977773,0.9390324798768306
320.29448534518684,0.9383158426067845
320.34449229059595,0.9375993932895847
320.394499236005,0.9368831341082674
320.4445061814141,0.9361670672452869
320.49451312682316,0.9354511948825146
320.5445200722323,0.9347355192012262
320.5945270176413,0.9340200423821019
320.64453396305043,0.9333047666052108
320.69454090845954,0.9325896940500137
320.7445478538686,0.9318748268953516
320.7945547992777,0.9311601673194374
320.84456174468676,0.9304457174998544
320.89456869009587,0.9297314796135437
320.9445756355049,0.9290174558368041
320.994582580914,0.9283036483452782
321.04458952632314,0.9275900593139527
321.0945964717322,0.9268766909171479
321.1446034171413,0.9261635453285109
321.19461036255035,0.9254506247210101
321.24461730795946,0.9247379312669283
321.2946242533685,0.9240254671378578
321.3446311987776,0.9233132345046894
321.39463814418673,0.9226012355376109
321.4446450895958,0.9218894724060978
321.4946520350049,0.921177947278905
321.54465898041394,0.920466662324065
321.59466592582305,0.9197556197088759
321.6446728712321,0.9190448215999005
321.6946798166412,0.9183342701629521
321.7446867620503,0.917623967563096
321.7946937074594,0.9169139159646393
321.8447006528685,0.9162041175311219
321.89470759827753,0.9154945744253147
321.94471454368664,0.9147852888092083
321.9947214890957,0.9140762628440116
322.0447284345048,0.913367498690139
322.0947353799139,0.9126589985072099
322.14474232532297,0.9119507644540388
322.1947492707321,0.9112427986886276
322.2447562161411,0.9105351033681641
322.29476316155024,0.909827680649007
322.3447701069593,0.9091205326866895
322.3947770523684,0.9084136616359039
322.4447839977775,0.9077070696505011
322.49479094318656,0.9070007588834814
322.54479788859567,0.9062947314869865
322.5948048340047,0.905588989612297
322.6448117794138,0.9048835354098209
322.6948187248229,0.9041783710290935
322.744825670232,0.9034734986187615
322.7948326156411,0.9027689203265866
322.84483956105015,0.9020646382994334
322.89484650645926,0.9013606546832619
322.9448534518683,0.9006569716231253
322.9948603972774,0.8999535912631585
323.0448673426865,0.8992505157465768
323.0948742880956,0.8985477472156637
323.1448812335047,0.8978452878117694
323.19488817891374,0.8971431396753026
323.24489512432285,0.8964413049457208
323.2949020697319,0.8957397857615307
323.344909015141,0.8950385842602722
323.39491596055007,0.894337702578522
323.4449229059592,0.8936371428518793
323.4949298513683,0.8929369072149641
323.54493679677734,0.8922369978014089
323.59494374218644,0.89153741674385
323.6449506875955,0.8908381661739263
323.6949576330046,0.8901392482222665
323.74496457841366,0.8894406650184897
323.79497152382277,0.8887424186911899
323.8449784692319,0.8880445113679386
323.8949854146409,0.8873469451752742
323.94499236005004,0.8866497222386933
323.9949993054591,0.8859528446826491
324.0450062508682,0.88525631463054
324.09501319627725,0.8845601342047084
324.14502014168636,0.8838643055264281
324.19502708709547,0.8831688307159038
324.2450340325045,0.8824737118922615
324.29504097791363,0.8817789511735408
324.3450479233227,0.8810845506766932
324.3950548687318,0.8803905125175682
324.44506181414084,0.8796968388109156
324.49506875954995,0.8790035316703717
324.545075704959,0.8783105932084584
324.5950826503681,0.8776180255365715
324.6450895957772,0.876925830764979
324.6950965411863,0.8762340110028128
324.7451034865954,0.87554256835806
324.79511043200444,0.8748515049375615
324.84511737741354,0.8741608228470003
324.8951243228226,0.8734705241908984
324.9451312682317,0.8727806110726088
324.9951382136408,0.8720910855943113
325.04514515904987,0.871401949857004
325.095152104459,0.8707132059604958
325.145159049868,0.8700248560034047
325.19516599527714,0.8693369020831448
325.2451729406862,0.8686493462959269
325.2951798860953,0.8679621907367456
325.3451868315044,0.8672754374993783
325.39519377691346,0.8665890886763769
325.44520072232257,0.8659031463590571
325.4952076677316,0.8652176126375007
325.54521461314073,0.8645324896005413
325.5952215585498,0.8638477793357636
325.6452285039589,0.8631634839294919
325.695235449368,0.8624796054667886
325.74524239477705,0.8617961460314455
325.79524934018616,0.8611131077059757
325.8452562855952,0.8604304925716117
325.8952632310043,0.8597483027082949
325.9452701764134,0.8590665401946711
325.9952771218225,0.8583852071080834
326.0452840672316,0.857704305524568
326.09529101264064,0.857023837518846
326.14529795804975,0.8563438051643157
326.1953049034588,0.8556642105330504
326.2453118488679,0.854985055695787
326.29531879427697,0.8543063427219251
326.3453257396861,0.853628073679515
326.3953326850952,0.8529502506352569
326.44533963050424,0.8522728756544921
326.49534657591335,0.8515959508011928
326.5453535213224,0.8509194781379646
326.5953604667315,0.8502434597260318
326.64536741214056,0.849567897625237
326.69537435754967,0.8488927938940299
326.7453813029588,0.8482181505894657
326.79538824836783,0.8475439697671967
326.84539519377694,0.8468702534814635
326.895402139186,0.8461970037850945
326.9454090845951,0.8455242227294935
326.99541603000415,0.8448519123646396
327.04542297541326,0.8441800747390731
327.09542992082237,0.8435087118998978
327.1454368662314,0.8428378258927705
327.19544381164053,0.8421674187618924
327.2454507570496,0.8414974925500087
327.2954577024587,0.8408280492983966
327.34546464786774,0.8401590910468643
327.39547159327685,0.8394906198337392
327.44547853868596,0.8388226376958672
327.495485484095,0.8381551466686044
327.5454924295041,0.8374881487858064
327.5954993749132,0.8368216460798308
327.6455063203223,0.8361556405815235
327.69551326573134,0.8354901343202175
327.74552021114044,0.8348251293237223
327.79552715654955,0.8341606276183219
327.8455341019586,0.8334966312287668
327.8955410473677,0.8328331421782658
327.94554799277677,0.8321701624884843
327.9955549381859,0.8315076941795336
328.0455618835949,0.8308457392699693
328.09556882900404,0.8301842997767787
328.14557577441315,0.8295233777153822
328.1955827198222,0.828862975099623
328.2455896652313,0.8282030939417598
328.29559661064036,0.8275437362524647
328.34560355604947,0.8268849040408123
328.3956105014585,0.8262265993142787
328.44561744686763,0.82556882407873
328.49562439227674,0.8249115803384212
328.5456313376858,0.8242548700959882
328.5956382830949,0.8235986953524372
328.64564522850395,0.8229430581071481
328.69565217391306,0.8222879603578588
328.7456591193221,0.8216334041006665
328.7956660647312,0.8209793913300159
328.84567301014033,0.8203259240386972
328.8956799555494,0.8196730042178391
328.9456869009585,0.8190206338568996
328.99569384636754,0.8183688149436656
329.04570079177665,0.8177175494642409
329.0957077371857,0.8170668394030463
329.1457146825948,0.8164166867428052
329.1957216280039,0.8157670934645473
329.245728573413,0.8151180615475968
329.2957355188221,0.8144695929695653
329.34574246423114,0.8138216897063508
329.39574940964025,0.813174353732126
329.4457563550493,0.8125275870193377
329.4957633004584,0.8118813915386955
329.5457702458675,0.8112357692591706
329.59577719127657,0.810590722147988
329.6457841366857,0.8099462521706164
329.69579108209473,0.8093023612907706
329.74579802750384,0.8086590514703974
329.7958049729129,0.808016324669676
329.845811918322,0.8073741828470062
329.8958188637311,0.8067326279590077
329.94582580914016,0.8060916619605112
329.99583275454927,0.8054512868045518
330.0458396999583,0.8048115044423665
330.09584664536743,0.8041723168233834
330.1458535907765,0.8035337258952218
330.1958605361856,0.8028957336036782
330.2458674815947,0.802258341892729
330.29587442700375,0.8016215527045203
330.34588137241286,0.8009853679793597
330.3958883178219,0.800349789655716
330.445895263231,0.7997148196702077
330.4959022086401,0.7990804599576021
330.5459091540492,0.7984467124508046
330.5959160994583,0.7978135790808569
330.64592304486735,0.7971810617769297
330.69592999027645,0.7965491624663149
330.7459369356855,0.7959178830744222
330.7959438810946,0.7952872255247718
330.84595082650367,0.7946571917389911
330.8959577719128,0.7940277836368039
330.9459647173219,0.7933990031360302
330.99597166273094,0.7927708521525769
331.04597860814005,0.7921433326004312
331.0959855535491,0.7915164463916591
331.1459924989582,0.7908901954363938
331.19599944436726,0.7902645816428363
331.24600638977637,0.7896396069172416
331.2960133351855,0.7890152731639213
331.34602028059453,0.7883915822852334
331.39602722600364,0.7877685361815752
331.4460341714127,0.7871461367513813
331.4960411168218,0.7865243858911142
331.54604806223085,0.7859032854952622
331.59605500763996,0.7852828374563292
331.64606195304907,0.7846630436648333
331.6960688984581,0.784043906009299
331.74607584386723,0.7834254263762503
331.7960827892763,0.7828076066502071
331.8460897346854,0.7821904487136775
331.89609668009444,0.7815739544471552
331.94610362550355,0.7809581257291092
331.99611057091266,0.7803429644359822
332.0461175163217,0.7797284724421838
332.0961244617308,0.7791146516200816
332.1461314071399,0.7785015038400014
332.196138352549,0.7778890309702152
332.24614529795804,0.7772772348769417
332.29615224336715,0.7766661174243333
332.34615918877626,0.7760556804744783
332.3961661341853,0.7754459258873905
332.4461730795944,0.7748368555210031
332.49618002500347,0.7742284712311669
332.5461869704126,0.7736207748716393
332.59619391582163,0.7730137682940846
332.64620086123074,0.7724074533480626
332.69620780663985,0.7718018318810274
332.7462147520489,0.7711969057383203
332.796221697458,0.770592676763162
332.84622864286706,0.7699891467966519
332.89623558827617,0.7693863176777552
332.9462425336852,0.7687841912433062
332.99624947909433,0.7681827693279946
333.04625642450344,0.7675820537643656
333.0962633699125,0.7669820463828119
333.1462703153216,0.7663827490115668
333.19627726073065,0.7657841634767022
333.24628420613976,0.7651862916021192
333.2962911515488,0.7645891352095466
333.3462980969579,0.7639926961185297
333.39630504236703,0.7633969761464311
333.4463119877761,0.7628019771084221
333.4963189331852,0.7622077008174752
333.54632587859425,0.7616141490843634
333.59633282400335,0.7610213237176492
333.6463397694124,0.7604292265236845
333.6963467148215,0.7598378593065997
333.7463536602306,0.7592472238683035
333.7963606056397,0.7586573220084738
333.8463675510488,0.7580681555245523
333.89637449645784,0.7574797262117429
333.94638144186695,0.7568920358629985
333.996388387276,0.7563050862690254
334.0463953326851,0.7557188792182691
334.0964022780942,0.7551334164969148
334.14640922350327,0.7545486998888797
334.1964161689124,0.7539647311758055
334.24642311432143,0.7533815121370577
334.29643005973054,0.752799044549715
334.3464370051396,0.7522173301885688
334.3964439505487,0.7516363708261137
334.4464508959578,0.7510561682325438
334.49645784136686,0.750476724175749
334.54646478677597,0.7498980404213056
334.596471732185,0.7493201187324756
334.64647867759413,0.7487429608701968
334.6964856230032,0.7481665685930815
334.7464925684123,0.7475909436574074
334.7964995138214,0.7470160878171156
334.84650645923045,0.7464420028238037
334.89651340463956,0.745868690426719
334.9465203500486,0.7452961523727574
334.9965272954577,0.7447243904064512
335.0465342408668,0.7441534062699723
335.0965411862759,0.7435832017031194
335.146548131685,0.7430137784433177
335.19655507709405,0.7424451382256119
335.24656202250316,0.7418772827826583
335.2965689679122,0.7413102138447254
335.3465759133213,0.7407439331396819
335.39658285873037,0.7401784423929976
335.4465898041395,0.7396137433277334
335.4965967495486,0.739049837664538
335.54660369495764,0.7384867271216442
335.59661064036675,0.7379244134148597
335.6466175857758,0.7373628982575668
335.6966245311849,0.7368021833607121
335.74663147659396,0.7362422704328059
335.79663842200307,0.7356831611799131
335.8466453674121,0.7351248573056515
335.89665231282123,0.7345673605111831
335.94665925823034,0.7340106724952122
335.9966662036394,0.7334547949539794
336.0466731490485,0.732899729581252
336.09668009445755,0.7323454780683271
336.14668703986666,0.7317920421040187
336.1966939852757,0.7312394233746585
336.2467009306848,0.7306876235640853
336.29670787609393,0.7301366443536449
336.346714821503,0.7295864874221821
336.3967217669121,0.729037154446035
336.44672871232115,0.7284886470990329
336.49673565773026,0.7279409670524878
336.5467426031393,0.7273941159751929
336.5967495485484,0.7268480955334123
336.6467564939575,0.7263029073908821
336.6967634393666,0.7257585532088019
336.7467703847757,0.7252150346458285
336.79677733018474,0.7246723533580748
336.84678427559385,0.7241305109991004
336.8967912210029,0.7235895092199107
336.946798166412,0.7230493496689476
336.9968051118211,0.7225100339920889
337.04681205723017,0.7219715638326407
337.0968190026393,0.7214339408313302
337.14682594804833,0.7208971666263071
337.19683289345744,0.7203612428531319
337.2468398388665,0.7198261711447758
337.2968467842756,0.7192919531316118
337.3468537296847,0.7187585904414135
337.39686067509376,0.718226084699348
337.44686762050287,0.7176944375279698
337.4968745659119,0.7171636505472192
337.54688151132103,0.7166337253744138
337.5968884567301,0.7161046636242476
337.6468954021392,0.7155764669087801
337.6969023475483,0.7150491368374379
337.74690929295735,0.7145226750170071
337.79691623836646,0.7139970830516259
337.8469231837755,0.7134723625427846
337.8969301291846,0.712948515089316
337.9469370745937,0.7124255422873944
337.9969440200028,0.7119034457305276
338.0469509654119,0.7113822270095542
338.09695791082095,0.7108618877126395
338.14696485623006,0.7103424294252652
338.1969718016391,0.7098238537302325
338.2469787470482,0.7093061622076509
338.29698569245727,0.7087893564349376
338.3469926378664,0.7082734379868091
338.3969995832755,0.7077584084352795
338.44700652868454,0.7072442693496548
338.49701347409365,0.7067310222965255
338.5470204195027,0.7062186688397669
338.5970273649118,0.7057072105405289
338.64703431032086,0.7051966489572365
338.69704125572997,0.7046869856455793
338.7470482011391,0.704178222158512
338.79705514654813,0.7036703600462478
338.84706209195724,0.7031634008562515
338.8970690373663,0.7026573461332388
338.9470759827754,0.7021521974191673
338.99708292818445,0.7016479562532365
339.04708987359356,0.7011446241718777
339.0970968190027,0.7006422027087544
339.1471037644117,0.7001406933947559
339.19711070982083,0.6996400977579889
339.2471176552299,0.6991404173237794
339.297124600639,0.6986416536146629
339.34713154604805,0.6981438081503832
339.39713849145716,0.6976468824478843
339.44714543686626,0.6971508780213089
339.4971523822753,0.6966557963819932
339.5471593276844,0.6961616390384593
339.5971662730935,0.6956684074964157
339.6471732185026,0.6951761032587476
339.69718016391164,0.694684727825517
339.74718710932075,0.6941942826939529
339.79719405472986,0.693704769358452
339.8472010001389,0.6932161893105719
339.897207945548,0.6927285440390245
339.94721489095707,0.6922418350296755
339.9972218363662,0.691756063765536
340.04722878177523,0.6912712317267616
340.09723572718434,0.6907873403906442
340.14724267259345,0.6903043912316106
340.1972496180025,0.689822385721217
340.2472565634116,0.6893413253281432
340.29726350882066,0.6888612115181897
340.3472704542298,0.6883820457542724
340.3972773996388,0.6879038294964197
340.44728434504793,0.687426564201765
340.49729129045704,0.6869502513245457
340.5472982358661,0.6864748923160969
340.5973051812752,0.6860004886248461
340.64731212668426,0.6855270416963115
340.69731907209336,0.6850545529730943
340.7473260175024,0.6845830238948785
340.7973329629115,0.6841124558984205
340.84733990832063,0.6836428504175514
340.8973468537297,0.6831742088831687
340.9473537991388,0.6827065327232316
340.99736074454785,0.6822398233627596
341.04736768995696,0.6817740822238241
341.097374635366,0.6813093107255487
341.1473815807751,0.6808455102841003
341.1973885261842,0.6803826823126887
341.2473954715933,0.6799208282215602
341.2974024170024,0.6794599494179927
341.34740936241144,0.6790000473062934
341.39741630782055,0.6785411232877923
341.4474232532296,0.6780831787608411
341.4974301986387,0.6776262151208048
341.5474371440478,0.6771702337600611
341.59744408945687,0.6767152360679948
341.647451034866,0.6762612234309917
341.69745798027503,0.6758081972324386
341.74746492568414,0.6753561588527137
341.7974718710932,0.6749051096691889
341.8474788165023,0.674455051056218
341.8974857619114,0.6740059843851391
341.94749270732046,0.673557911024268
341.9974996527296,0.6731108323388919
342.0475065981386,0.6726647496912695
342.09751354354773,0.6722196644406225
342.1475204889568,0.6717755779431354
342.1975274343659,0.6713324915519475
342.247534379775,0.6708904066171523
342.29754132518406,0.6704493244857919
342.34754827059317,0.6700092465018516
342.3975552160022,0.6695701740062577
342.4475621614113,0.6691321083368726
342.4975691068204,0.6686950508284918
342.5475760522295,0.6682590028128372
342.5975829976386,0.6678239656185563
342.64758994304765,0.6673899405712164
342.69759688845676,0.6669569289932995
342.7476038338658,0.6665249322042013
342.7976107792749,0.6660939515202235
342.84761772468397,0.6656639882545745
342.8976246700931,0.6652350437173589
342.9476316155022,0.66480711921558
342.99763856091124,0.6643802160531327
343.04764550632035,0.6639543355307984
343.0976524517294,0.6635294789462446
343.1476593971385,0.6631056475940166
343.19766634254756,0.6626828427655378
343.2476732879567,0.6622610657491022
343.2976802333658,0.6618403178298727
343.34768717877483,0.6614206002898775
343.39769412418394,0.6610019144080028
343.447701069593,0.6605842614599946
343.4977080150021,0.6601676427184477
343.54771496041116,0.659752059452809
343.59772190582026,0.6593375129293679
343.6477288512294,0.6589240044112564
343.6977357966384,0.6585115351584436
343.74774274204754,0.6581001064277305
343.7977496874566,0.6576897194727496
343.8477566328657,0.6572803755439569
343.89776357827475,0.6568720758886331
343.94777052368386,0.6564648217508733
343.99777746909297,0.6560586143715899
344.047784414502,0.6556534549885051
344.0977913599111,0.6552493448361469
344.1477983053202,0.6548462851458478
344.1978052507293,0.6544442771457375
344.24781219613834,0.6540433220607433
344.29781914154745,0.6536434211125827
344.34782608695656,0.6532445755197618
344.3978330323656,0.6528467864975716
344.4478399777747,0.6524500552580823
344.4978469231838,0.6520543830101431
344.5478538685929,0.6516597709593732
344.59786081400193,0.6512662203081651
344.64786775941104,0.6508737322556741
344.69787470482015,0.6504823079978197
344.7478816502292,0.6500919487272798
344.7978885956383,0.6497026556334857
344.84789554104736,0.6493144299026223
344.8979024864565,0.6489272727176201
344.9479094318655,0.6485411852581555
344.99791637727463,0.6481561687006443
345.04792332268374,0.6477722242182391
345.0979302680928,0.647389352980827
345.1479372135019,0.6470075561550237
345.19794415891096,0.6466268349041723
345.24795110432007,0.6462471903883371
345.2979580497291,0.6458686237643034
345.3479649951382,0.6454911361855703
345.39797194054734,0.6451147288023504
345.4479788859564,0.6447394027615647
345.4979858313655,0.6443651592068383
345.54799277677455,0.6439919992784999
345.59799972218366,0.6436199241135738
345.6480066675927,0.6432489348457813
345.6980136130018,0.6428790326055333
345.74802055841093,0.6425102185199296
345.79802750382,0.6421424937127546
345.8480344492291,0.641775859304472
345.89804139463814,0.6414103164122251
345.94804834004725,0.6410458661498293
345.9980552854563,0.6406825096277728
346.0480622308654,0.6403202479532095
346.0980691762745,0.6399590822299576
346.1480761216836,0.6395990135584969
346.1980830670927,0.639240043035963
346.24809001250173,0.638882171756147
346.29809695791084,0.6385254008094889
346.3481039033199,0.6381697312830777
346.398110848729,0.6378151642606448
346.4481177941381,0.6374617008225629
346.49812473954717,0.6371093420458429
346.5481316849563,0.636758089004128
346.5981386303653,0.6364079427676943
346.64814557577444,0.6360589044034428
346.6981525211835,0.6357109749749015
346.7481594665926,0.6353641555422174
346.7981664120017,0.6350184471621565
346.84817335741076,0.6346738508880995
346.89818030281987,0.6343303677700373
346.9481872482289,0.6339879988545705
346.998194193638,0.6336467451849033
347.0482011390471,0.6333066078008429
347.0982080844562,0.6329675877387941
347.14821502986524,0.6326296860317587
347.19822197527435,0.6322929037093286
347.24822892068346,0.6319572417976866
347.2982358660925,0.6316227013196019
347.3482428115016,0.631289283294425
347.3982497569107,0.6309569887380879
347.4482567023198,0.6306258186630982
347.49826364772883,0.630295774078538
347.54827059313794,0.6299668559900593
347.59827753854705,0.6296390653998822
347.6482844839561,0.629312403306792
347.6982914293652,0.6289868707061328
347.74829837477427,0.6286624685898103
347.7983053201834,0.6283391979462831
347.8483122655924,0.6280170597605643
347.89831921100154,0.6276960550142143
347.94832615641064,0.6273761846853416
347.9983331018197,0.6270574497485973
348.0483400472288,0.6267398511751727
348.09834699263786,0.6264233899327977
348.14835393804697,0.6261080669857348
348.198360883456,0.6257938832947808
348.2483678288651,0.625480839817258
348.29837477427424,0.6251689375070167
348.3483817196833,0.6248581773144298
348.3983886650924,0.6245485601863892
348.44839561050145,0.6242400870663048
348.49840255591056,0.6239327588940999
348.5484095013196,0.6236265766062101
348.5984164467287,0.6233215411355781
348.64842339213783,0.6230176534116535
348.6984303375469,0.6227149143603887
348.748437282956,0.6224133249042343
348.79844422836504,0.6221128859621405
348.84845117377415,0.6218135984495498
348.8984581191832,0.6215154632783979
348.9484650645923,0.621218481357108
348.9984720100014,0.6209226535905901
349.0484789554105,0.6206279808802375
349.0984859008196,0.6203344641239232
349.14849284622863,0.6200421042159994
349.19849979163774,0.6197509020472916
349.2485067370468,0.6194608585050996
349.2985136824559,0.6191719744731905
349.348520627865,0.6188842508318004
349.39852757327407,0.6185976884576292
349.4485345186832,0.6183122882238374
349.4985414640922,0.6180280510000459
349.54854840950134,0.6177449776523304
349.5985553549104,0.6174630690432217
349.6485623003195,0.6171823260317002
349.6985692457286,0.6169027494731958
349.74857619113766,0.6166243402195843
349.79858313654677,0.6163470991191831
349.8485900819558,0.6160710270167522
349.89859702736493,0.615796124753488
349.948603972774,0.6155223931670238
349.9986109181831,0.6152498330914248
350.0486178635922,0.6149784453571869
350.09862480900125,0.6147082307912344
350.14863175441036,0.6144391902169156
350.1986386998194,0.6141713244540032
350.2486456452285,0.613904634318689
350.2986525906376,0.6136391206235837
350.3486595360467,0.613374784177712
350.3986664814558,0.6131116257865123
350.44867342686484,0.6128496462518342
350.49868037227395,0.6125888463719338
350.548687317683,0.612329226941474
350.5986942630921,0.6120707887515198
350.64870120850117,0.611813532589538
350.6987081539103,0.6115574592393926
350.7487150993194,0.6113025694813448
350.79872204472844,0.6110488640920484
350.84872899013754,0.610796343844549
350.8987359355466,0.6105450095082805
350.9487428809557,0.6102948618490633
350.99874982636476,0.6100459016291029
351.04875677177387,0.6097981296069857
351.098763717183,0.6095515465376776
351.148770662592,0.609306153172523
351.19877760800114,0.6090619502592394
351.2487845534102,0.6088189385419185
351.2987914988193,0.6085771187610214
351.34879844422835,0.6083364916533786
351.39880538963746,0.6080970579521843
351.44881233504657,0.6078588183869984
351.4988192804556,0.6076217736837419
351.54882622586473,0.6073859245646942
351.5988331712738,0.6071512717484926
351.6488401166829,0.6069178159501285
351.69884706209194,0.6066855578809466
351.74885400750105,0.6064544982486415
351.79886095291016,0.6062246377572568
351.8488678983192,0.6059959771071819
351.8988748437283,0.6057685169951504
351.9488817891374,0.6055422581142376
351.9988887345465,0.6053172011538586
352.04889567995554,0.6050933467997668
352.09890262536464,0.6048706957340505
352.14890957077375,0.604649248635132
352.1989165161828,0.6044290061777653
352.2489234615919,0.6042099690330329
352.29893040700097,0.603992137868346
352.3489373524101,0.6037755133474398
352.3989442978191,0.6035600961303744
352.44895124322824,0.6033458868735293
352.49895818863735,0.6031328862296046
352.5489651340464,0.602921094847618
352.5989720794555,0.6027105133729015
352.64897902486456,0.6025011424471014
352.69898597027367,0.6022929827081744
352.7489929156827,0.6020860347903882
352.79899986109183,0.6018802993243166
352.84900680650094,0.6016757769368397
352.89901375191,0.6014724682511415
352.9490206973191,0.6012703738867073
352.99902764272815,0.6010694944593232
353.04903458813726,0.6008698305810719
353.0990415335463,0.6006713828603338
353.1490484789554,0.6004741519017827
353.19905542436453,0.6002781383063854
353.2490623697736,0.6000833426713994
353.2990693151827,0.5998897655903703
353.34907626059174,0.599697407653132
353.39908320600085,0.5995062694458022
353.4490901514099,0.5993163515507836
353.499097096819,0.599127654546759
353.5491040422281,0.5989401790086921
353.5991109876372,0.5987539255078249
353.6491179330463,0.5985688946116752
353.69912487845534,0.598385086884036
353.74913182386445,0.5982025028849729
353.7991387692735,0.5980211431708231
353.8491457146826,0.597841008294193
353.8991526600917,0.5976620988039574
353.94915960550077,0.597484415245257
353.9991665509099,0.5973079581594968
354.04917349631893,0.5971327280843457
354.09918044172804,0.5969587255537324
354.1491873871371,0.5967859510978466
354.1991943325462,0.5966144052431352
354.2492012779553,0.5964440885123019
354.29920822336436,0.5962750014243055
354.34921516877347,0.5961071444943569
354.3992221141825,0.5959405182339202
354.44922905959163,0.5957751231507086
354.4992360050007,0.5956109597486843
354.5492429504098,0.5954480285280563
354.5992498958189,0.5952863299852793
354.64925684122795,0.5951258646130521
354.69926378663706,0.5949666329003156
354.7492707320461,0.5948086353322521
354.7992776774552,0.5946518723902834
354.8492846228643,0.5944963445520692
354.8992915682734,0.5943420522915057
354.9492985136825,0.5941889960787248
354.99930545909154,0.5940371763800918
355.04931240450065,0.593886593658204
355.0993193499097,0.5937372483718903
355.1493262953188,0.5935891409762084
355.19933324072787,0.5934422719224448
355.249340186137,0.593296641658112
355.2993471315461,0.5931522506269487
355.34935407695514,0.593009099268917
355.39936102236425,0.5928671880202018
355.4493679677733,0.5927265173132098
355.4993749131824,0.5925870875765672
355.54938185859146,0.5924488992351193
355.59938880400057,0.5923119527099288
355.6493957494097,0.592176248418274
355.69940269481873,0.5920417867736489
355.74940964022784,0.5919085681857608
355.7994165856369,0.5917765930605294
355.849423531046,0.5916458618000854
355.89943047645505,0.5915163748027696
355.94943742186416,0.5913881324631312
355.99944436727327,0.5912611351719275
356.0494513126823,0.5911353833161217
356.09945825809143,0.5910108772788819
356.1494652035005,0.590887617439581
356.1994721489096,0.5907656041737934
356.24947909431864,0.5906448378532967
356.29948603972775,0.5905253188460675
356.34949298513686,0.5904070475162833
356.3994999305459,0.5902900242243188
356.449506875955,0.5901742493267463
356.4995138213641,0.5900597231763344
356.5495207667732,0.5899464461220462
356.59952771218224,0.5898344185090395
356.64953465759135,0.5897236406786643
356.69954160300045,0.5896141129684631
356.7495485484095,0.589505835712169
356.7995554938186,0.5893988092397047
356.84956243922767,0.5892930338771822
356.8995693846368,0.589188509946901
356.94957633004583,0.5890852377673477
356.99958327545494,0.5889832176531944
357.04959022086405,0.5888824499152987
357.0995971662731,0.5887829348607019
357.1496041116822,0.588684672792628
357.19961105709126,0.588587664010484
357.24961800250037,0.588491908809857
357.2996249479094,0.5883974074825153
357.34963189331853,0.5883041603164063
357.39963883872764,0.588212167595656
357.4496457841367,0.5881214296005679
357.4996527295458,0.5880319466076225
357.54965967495485,0.5879437188894762
357.59966662036396,0.5878567467149607
357.649673565773,0.587771030349082
357.6996805111821,0.5876865700530194
357.74968745659123,0.5876033660841251
357.7996944020003,0.5875214186959234
357.8497013474094,0.5874407281381095
357.89970829281845,0.5873612946565491
357.94971523822755,0.5872831184932775
357.9997221836366,0.5872061998864994
358.0497291290457,0.5871305390705868
358.0997360744548,0.58705613627608
358.1497430198639,0.5869829917296858
358.199749965273,0.586911105654277
358.24975691068204,0.586840478268892
358.29976385609115,0.5867711097887336
358.3497708015002,0.586703000425169
358.3997777469093,0.5866361503857289
358.4497846923184,0.5865705598741067
358.49979163772747,0.5865062290901579
358.5497985831366,0.5864431582298997
358.59980552854563,0.5863813474855103
358.64981247395474,0.5863207970453281
358.6998194193638,0.5862615070938517
358.7498263647729,0.5862034778117386
358.79983331018195,0.5861467093758054
358.84984025559106,0.5860912019590263
358.89984720100017,0.5860369557305336
358.9498541464092,0.5859839708556168
358.99986109181833,0.5859322474957217
359.0498680372274,0.5858817858084505
359.0998749826365,0.5858325859475608
359.14988192804555,0.5857846480629658
359.19988887345465,0.585737972300733
359.24989581886376,0.5856925588030844
359.2999027642728,0.5856484077083959
359.3499097096819,0.5856055191511966
359.399916655091,0.585563893262169
359.4499236005001,0.5855235301681476
359.49993054590914,0.5854844299921201
359.54993749131825,0.5854465928532251
359.59994443672736,0.5854100188667534
359.6499513821364,0.5853747081441464
359.6999583275455,0.5853406607929966
359.74996527295457,0.5853078769170472
359.7999722183637,0.585276356616191
359.84997916377273,0.5852460999864713
359.89998610918184,0.5852171071200802
359.94999305459095,0.5851893781053601
360.0,0.5851629130268015
