Phi_fit,Counts_fit
0.0,0.5832687959721685
0.030002500208350696,0.5832545598377856
0.06000500041670139,0.5832407807920537
0.09000750062505208,0.5832274588500856
0.12001000083340278,0.583214594026493
0.15001250104175348,0.583202186335386
0.18001500125010417,0.5831902357903735
0.21001750145845488,0.5831787424045629
0.24002000166680557,0.5831677061905602
0.27002250187515625,0.58315712716047
0.30002500208350696,0.5831470053258954
0.3300275022918577,0.5831373406979381
0.36003000250020833,0.5831281332871983
0.39003250270855905,0.5831193831037746
0.42003500291690976,0.5831110901572647
0.4500375031252604,0.5831032544567639
0.48004000333361113,0.5830958760108667
0.5100425035419618,0.5830889548276657
0.5400450037503125,0.583082490914752
0.5700475039586632,0.5830764842792153
0.6000500041670139,0.583070934927644
0.6300525043753646,0.5830658428661242
0.6600550045837154,0.5830612081002412
0.690057504792066,0.5830570306350784
0.7200600050004167,0.5830533104752176
0.7500625052087674,0.5830500476247391
0.7800650054171181,0.5830472420872217
0.8100675056254688,0.5830448938657424
0.8400700058338195,0.5830430029628768
0.8700725060421701,0.583041569380699
0.9000750062505208,0.583040593120781
0.9300775064588716,0.5830400741841939
0.9600800066672223,0.5830400125715067
0.990082506875573,0.5830404082827871
1.0200850070839236,0.583041261317601
1.0500875072922744,0.5830425716750129
1.080090007500625,0.5830443393535854
1.1100925077089758,0.5830465643513798
1.1400950079173264,0.5830492466659557
1.170097508125677,0.5830523862943711
1.2001000083340279,0.5830559832331825
1.2301025085423785,0.5830600374784448
1.2601050087507293,0.5830645490257111
1.2901075089590799,0.5830695178700332
1.3201100091674307,0.5830749440059614
1.3501125093757813,0.5830808274275441
1.380115009584132,0.5830871681283283
1.4101175097924827,0.5830939661013597
1.4401200100008333,0.583101221339182
1.4701225102091842,0.5831089338338377
1.5001250104175348,0.5831171035768677
1.5301275106258856,0.5831257305593116
1.5601300108342362,0.5831348147717068
1.5901325110425868,0.5831443562040902
1.6201350112509376,0.5831543548459964
1.6501375114592882,0.5831648106864589
1.680140011667639,0.5831757237140097
1.7101425118759896,0.5831870939166793
1.7401450120843402,0.5831989212819969
1.770147512292691,0.58321120579699
1.8001500125010417,0.5832239474481851
1.8301525127093925,0.5832371462216068
1.860155012917743,0.5832508021027789
1.890157513126094,0.5832649150767234
1.9201600133344445,0.5832794851279611
1.9501625135427951,0.5832945122405117
1.980165013751146,0.583309996397893
2.0101675139594968,0.5833259375831223
2.040170014167847,0.583342335778715
2.070172514376198,0.5833591909666854
2.100175014584549,0.5833765031285469
2.130177514792899,0.5833942722453112
2.16018001500125,0.5834124982974891
2.190182515209601,0.5834311812650901
2.2201850154179517,0.5834503211276227
2.250187515626302,0.5834699178640943
2.280190015834653,0.5834899714530111
2.3101925160430037,0.583510481872378
2.340195016251354,0.583531449099699
2.370197516459705,0.5835528731119775
2.4002000166680557,0.5835747538857152
2.4302025168764065,0.5835970913969133
2.460205017084757,0.5836198856210719
2.4902075172931077,0.58364313653319
2.5202100175014586,0.5836668441077661
2.550212517709809,0.5836910083187976
2.5802150179181598,0.5837156291397809
2.6102175181265106,0.5837407065437119
2.6402200183348614,0.5837662405030855
2.670222518543212,0.5837922309898959
2.7002250187515626,0.5838186779756365
2.7302275189599134,0.5838455814313004
2.760230019168264,0.5838729413273793
2.7902325193766147,0.5839007576338652
2.8202350195849655,0.5839290303202487
2.8502375197933163,0.5839577593555203
2.8802400200016667,0.5839869447081698
2.9102425202100175,0.5840165863461866
2.9402450204183683,0.5840466842370593
2.9702475206267187,0.5840772383477768
3.0002500208350695,0.584108248644827
3.0302525210434204,0.5841397150941976
3.060255021251771,0.5841716376613761
3.0902575214601216,0.5842040163113497
3.1202600216684724,0.5842368510086051
3.150262521876823,0.5842701417171292
3.1802650220851736,0.5843038884004086
3.2102675222935244,0.5843380910214296
3.2402700225018752,0.5843727495426787
3.2702725227102256,0.5844078639261423
3.3002750229185764,0.5844434341333067
3.3302775231269273,0.5844794601251582
3.360280023335278,0.5845159418621833
3.3902825235436285,0.5845528793043688
3.4202850237519793,0.5845902724112013
3.45028752396033,0.5846281211416682
3.4802900241686805,0.5846664254542564
3.5102925243770313,0.5847051853069538
3.540295024585382,0.5847444006572482
3.570297524793733,0.5847840714621282
3.6003000250020833,0.5848241976780824
3.630302525210434,0.5848647792611001
3.660305025418785,0.5849058161666717
3.6903075256271354,0.5849473083497871
3.720310025835486,0.5849892557649379
3.750312526043837,0.5850316583661157
3.780315026252188,0.5850745161068132
3.8103175264605382,0.5851178289400236
3.840320026668889,0.5851615968182415
3.87032252687724,0.5852058196934619
3.9003250270855903,0.5852504975171807
3.930327527293941,0.5852956302403953
3.960330027502292,0.5853412178136038
3.9903325277106427,0.5853872601868054
4.0203350279189936,0.5854337573095008
4.0503375281273435,0.5854807091306915
4.080340028335694,0.5855281155988805
4.110342528544045,0.5855759766620723
4.140345028752396,0.5856242922677724
4.170347528960747,0.5856730623629882
4.200350029169098,0.5857222868942282
4.230352529377448,0.5857719658075028
4.260355029585798,0.5858220990483238
4.290357529794149,0.585872686561705
4.3203600300025,0.5859237282921614
4.350362530210851,0.5859752241837106
4.380365030419202,0.5860271741798713
4.4103675306275525,0.5860795782236643
4.440370030835903,0.586132436257613
4.470372531044253,0.5861857482237423
4.500375031252604,0.586239514063579
4.530377531460955,0.586293733718153
4.560380031669306,0.5863484071279954
4.5903825318776565,0.5864035342331404
4.620385032086007,0.5864591149731242
4.650387532294358,0.5865151492869854
4.680390032502708,0.5865716371132657
4.710392532711059,0.5866285783900084
4.74039503291941,0.5866859730547602
4.770397533127761,0.5867438210445706
4.800400033336111,0.5868021222959913
4.830402533544462,0.5868608767450771
4.860405033752813,0.5869200843273862
4.890407533961163,0.586979744977979
4.920410034169514,0.5870398586314196
4.950412534377865,0.5871004252217751
4.9804150345862155,0.5871614446826153
5.010417534794566,0.5872229169470142
5.040420035002917,0.5872848419475485
5.070422535211268,0.5873472196162985
5.100425035419618,0.5874100498848481
5.130427535627969,0.5874733326842847
5.1604300358363195,0.5875370679451994
5.19043253604467,0.5876012555976868
5.220435036253021,0.5876658955713461
5.250437536461372,0.5877309877952792
5.280440036669723,0.5877965321980929
5.310442536878073,0.5878625287078977
5.340445037086424,0.5879289772523082
5.370447537294774,0.5879958777584435
5.400450037503125,0.5880632301529265
5.430452537711476,0.588131034361885
5.460455037919827,0.5881992903109506
5.490457538128178,0.5882679979252602
5.520460038336528,0.5883371571294547
5.5504625385448785,0.5884067678476799
5.580465038753229,0.5884768300035865
5.61046753896158,0.5885473435203299
5.640470039169931,0.5886183083205705
5.670472539378282,0.5886897243264736
5.700475039586633,0.58876159145971
5.7304775397949825,0.5888339096414551
5.760480040003333,0.5889066787923902
5.790482540211684,0.5889798988327017
5.820485040420035,0.5890535696820813
5.850487540628386,0.5891276912597265
5.880490040836737,0.5892022634843405
5.9104925410450875,0.5892772862741318
5.940495041253437,0.5893527595468151
5.970497541461788,0.589428683219611
6.000500041670139,0.5895050572092458
6.03050254187849,0.5895818814319524
6.060505042086841,0.5896591558034694
6.0905075422951915,0.5897368802390418
6.120510042503542,0.5898150546534211
6.150512542711892,0.5898936789608652
6.180515042920243,0.5899727530751385
6.210517543128594,0.590052276909512
6.240520043336945,0.5901322503767636
6.270522543545296,0.5902126733891782
6.300525043753646,0.590293545858547
6.330527543961997,0.5903748676961689
6.360530044170347,0.5904566388128495
6.390532544378698,0.590538859118902
6.420535044587049,0.5906215285241465
6.4505375447954,0.5907046469379109
6.4805400450037505,0.5907882142690306
6.510542545212101,0.5908722304258482
6.540545045420451,0.5909566953162144
6.570547545628802,0.5910416088474878
6.600550045837153,0.5911269709265347
6.630552546045504,0.5912127814597294
6.6605550462538545,0.5912990403529548
6.690557546462205,0.5913857475116011
6.720560046670556,0.5914729028405681
6.750562546878906,0.5915605062442627
6.780565047087257,0.5916485576266015
6.810567547295608,0.5917370568910091
6.840570047503959,0.591826003940419
6.870572547712309,0.5919153986772735
6.90057504792066,0.5920052410035243
6.930577548129011,0.5920955308206315
6.960580048337361,0.5921862680295649
6.990582548545712,0.5922774525308033
7.020585048754063,0.5923690842243354
7.0505875489624135,0.5924611630096587
7.080590049170764,0.5925536887857809
7.110592549379115,0.5926466614512189
7.140595049587466,0.5927400809040003
7.170597549795816,0.5928339470416618
7.200600050004167,0.5929282597612506
7.2306025502125175,0.593023018959324
7.260605050420868,0.5931182245319494
7.290607550629219,0.593213876374705
7.32061005083757,0.5933099743826795
7.350612551045921,0.593406518450472
7.380615051254271,0.593503508472192
7.410617551462622,0.5936009443414609
7.440620051670972,0.5936988259514104
7.470622551879323,0.5937971531946832
7.500625052087674,0.5938959259634335
7.530627552296025,0.593995144149327
7.560630052504376,0.5940948076435404
7.590632552712726,0.5941949163367624
7.6206350529210765,0.5942954701191931
7.650637553129427,0.594396468880545
7.680640053337778,0.5944979125100415
7.710642553546129,0.594599800896419
7.74064505375448,0.5947021339279257
7.770647553962831,0.5948049114923223
7.8006500541711805,0.5949081334768815
7.830652554379531,0.5950117997683892
7.860655054587882,0.5951159102531438
7.890657554796233,0.5952204648169558
7.920660055004584,0.5953254633451496
7.950662555212935,0.595430905722562
7.9806650554212855,0.5955367918335435
8.010667555629636,0.5956431215619575
8.040670055837987,0.595749894791181
8.070672556046338,0.5958571114041045
8.100675056254687,0.5959647712831322
8.130677556463038,0.5960728743101822
8.160680056671389,0.5961814203666866
8.19068255687974,0.5962904093335915
8.22068505708809,0.5963998410913571
8.250687557296441,0.5965097155199581
8.280690057504792,0.5966200324988837
8.310692557713143,0.5967307919071376
8.340695057921494,0.5968419936232382
8.370697558129844,0.5969536375252189
8.400700058338195,0.5970657234906283
8.430702558546546,0.5971782513965295
8.460705058754897,0.5972912211195015
8.490707558963248,0.5974046325356386
8.520710059171597,0.5975184855205503
8.550712559379948,0.5976327799493621
8.580715059588298,0.5977475156967156
8.61071755979665,0.5978626926367675
8.640720060005,0.5979783106431913
8.67072256021335,0.5980943695891767
8.700725060421702,0.5982108693474295
8.730727560630053,0.5983278097901721
8.760730060838403,0.5984451907891435
8.790732561046754,0.5985630122155998
8.820735061255105,0.5986812739403138
8.850737561463456,0.5987999758335754
8.880740061671807,0.5989191177651914
8.910742561880157,0.5990386996044867
8.940745062088507,0.5991587212203031
8.970747562296857,0.5992791824810004
9.000750062505208,0.5994000832544557
9.030752562713559,0.5995214234080648
9.06075506292191,0.5996432028087408
9.09075756313026,0.5997654213229158
9.120760063338611,0.5998880788165394
9.150762563546962,0.6000111751550805
9.180765063755313,0.6001347102035262
9.210767563963664,0.6002586838263828
9.240770064172015,0.6003830958876752
9.270772564380366,0.6005079462509476
9.300775064588716,0.6006332347792636
9.330777564797067,0.6007589613352058
9.360780065005416,0.6008851257808768
9.390782565213767,0.6010117279778988
9.420785065422118,0.6011387677874136
9.450787565630469,0.6012662450700836
9.48079006583882,0.6013941596860907
9.51079256604717,0.6015225114951376
9.540795066255521,0.6016513003564474
9.570797566463872,0.6017805261287636
9.600800066672223,0.6019101886703508
9.630802566880574,0.6020402878389944
9.660805067088925,0.6021708234920011
9.690807567297275,0.6023017954861984
9.720810067505626,0.6024332036779356
9.750812567713977,0.6025650479230837
9.780815067922326,0.6026973280770349
9.810817568130677,0.6028300439947037
9.840820068339028,0.6029631955305268
9.870822568547378,0.6030967825384626
9.90082506875573,0.6032308048719922
9.93082756896408,0.6033652623841192
9.960830069172431,0.60350015492737
9.990832569380782,0.6036354823537935
10.020835069589133,0.6037712445149621
10.050837569797483,0.6039074412619709
10.080840070005834,0.6040440724454388
10.110842570214185,0.6041811379155078
10.140845070422536,0.6043186375218437
10.170847570630887,0.6044565711136365
10.200850070839236,0.6045949385395994
10.230852571047587,0.6047337396479708
10.260855071255937,0.6048729742865125
10.290857571464288,0.6050126423025114
10.320860071672639,0.6051527435427788
10.35086257188099,0.6052932778536508
10.38086507208934,0.6054342450809889
10.410867572297692,0.6055756450701791
10.440870072506042,0.6057174776661334
10.470872572714393,0.605859742713289
10.500875072922744,0.6060024400556088
10.530877573131095,0.6061455695365814
10.560880073339446,0.606289130999222
10.590882573547795,0.6064331242860713
10.620885073756146,0.6065775492391967
10.650887573964496,0.6067224057001923
10.680890074172847,0.6068676935101787
10.710892574381198,0.6070134125098035
10.740895074589549,0.607159562539241
10.7708975747979,0.6073061434381934
10.80090007500625,0.6074531550458898
10.830902575214601,0.6076005972010872
10.860905075422952,0.6077484697420702
10.890907575631303,0.6078967725066513
10.920910075839654,0.6080455053321714
10.950912576048005,0.6081946680554993
10.980915076256355,0.6083442605130327
11.010917576464704,0.6084942825406978
11.040920076673055,0.6086447339739496
11.070922576881406,0.6087956146477721
11.100925077089757,0.6089469243966785
11.130927577298108,0.6090986630547117
11.160930077506459,0.6092508304554436
11.19093257771481,0.6094034264319763
11.22093507792316,0.6095564508169418
11.250937578131511,0.6097099034425022
11.280940078339862,0.6098637841403496
11.310942578548213,0.6100180927417067
11.340945078756564,0.6101728290773275
11.370947578964914,0.610327992977496
11.400950079173265,0.6104835842720275
11.430952579381614,0.610639602790269
11.460955079589965,0.6107960483610981
11.490957579798316,0.6109529208129248
11.520960080006667,0.6111102199736904
11.550962580215018,0.6112679456708685
11.580965080423368,0.6114260977314643
11.61096758063172,0.6115846759820162
11.64097008084007,0.6117436802485945
11.67097258104842,0.6119031103568024
11.700975081256772,0.6120629661317765
11.730977581465122,0.6122232473981855
11.760980081673473,0.6123839539802325
11.790982581881824,0.6125450857016534
11.820985082090175,0.6127066423857184
11.850987582298524,0.6128686238552309
11.880990082506875,0.6130310299325289
11.910992582715226,0.6131938604394844
11.940995082923576,0.6133571151975042
11.970997583131927,0.6135207940275296
12.001000083340278,0.6136848967500367
12.031002583548629,0.6138494231850367
12.06100508375698,0.6140143731520762
12.09100758396533,0.6141797464702371
12.121010084173681,0.6143455429581371
12.151012584382032,0.6145117624339298
12.181015084590383,0.6146784047153047
12.211017584798734,0.6148454696194876
12.241020085007085,0.6150129569632408
12.271022585215434,0.6151808665628634
12.301025085423785,0.6153491982341912
12.331027585632135,0.615517951792597
12.361030085840486,0.6156871270529912
12.391032586048837,0.6158567238298214
12.421035086257188,0.6160267419370727
12.451037586465539,0.6161971811882685
12.48104008667389,0.6163680413964703
12.51104258688224,0.6165393223742774
12.541045087090591,0.6167110239338279
12.571047587298942,0.6168831458867987
12.601050087507293,0.6170556880444058
12.631052587715644,0.6172286502174034
12.661055087923994,0.6174020322160861
12.691057588132344,0.6175758338502875
12.721060088340694,0.6177500549293812
12.751062588549045,0.6179246952622801
12.781065088757396,0.6180997546574383
12.811067588965747,0.6182752329228494
12.841070089174098,0.6184511298660478
12.871072589382448,0.6186274452941087
12.9010750895908,0.6188041790136489
12.93107758979915,0.6189813308308256
12.961080090007501,0.6191589005513378
12.991082590215852,0.6193368879804257
13.021085090424203,0.6195152929228724
13.051087590632553,0.6196941151830018
13.081090090840902,0.6198733545646808
13.111092591049253,0.6200530108713189
13.141095091257604,0.6202330839058682
13.171097591465955,0.6204135734708232
13.201100091674306,0.6205944793682221
13.231102591882657,0.6207758013996465
13.261105092091007,0.6209575393662211
13.291107592299358,0.621139693068615
13.321110092507709,0.6213222623070411
13.35111259271606,0.6215052468812563
13.38111509292441,0.6216886465905622
13.411117593132762,0.6218724612338049
13.441120093341112,0.6220566906093756
13.471122593549463,0.6222413345152105
13.501125093757812,0.6224263927487912
13.531127593966163,0.6226118651071447
13.561130094174514,0.6227977513868441
13.591132594382865,0.6229840513840083
13.621135094591216,0.6231707648943023
13.651137594799566,0.6233578917129379
13.681140095007917,0.6235454316346731
13.711142595216268,0.6237333844538135
13.741145095424619,0.6239217499642111
13.77114759563297,0.6241105279592659
13.80115009584132,0.624299718231925
13.831152596049671,0.6244893205746833
13.861155096258022,0.6246793347795843
13.891157596466373,0.624869760638219
13.921160096674722,0.6250605979417276
13.951162596883073,0.6252518464807986
13.981165097091424,0.6254435060456697
14.011167597299774,0.6256355764261274
14.041170097508125,0.625828057411508
14.071172597716476,0.6260209487906974
14.101175097924827,0.6262142503521311
14.131177598133178,0.626407961883795
14.161180098341529,0.6266020831732253
14.19118259854988,0.6267966140075087
14.22118509875823,0.6269915541732827
14.251187598966581,0.6271869034567359
14.281190099174932,0.6273826616436081
14.311192599383283,0.6275788285191907
14.341195099591632,0.6277754038683268
14.371197599799983,0.6279723874754114
14.401200100008333,0.6281697791243921
14.431202600216684,0.6283675785987684
14.461205100425035,0.6285657856815927
14.491207600633386,0.6287644001554709
14.521210100841737,0.628963421802561
14.551212601050088,0.6291628504045752
14.581215101258438,0.6293626857427791
14.61121760146679,0.6295629275979924
14.64122010167514,0.6297635757505885
14.67122260188349,0.6299646299804955
14.701225102091842,0.6301660900671963
14.731227602300192,0.6303679557897279
14.761230102508542,0.6305702269266832
14.791232602716892,0.63077290325621
14.821235102925243,0.6309759845560121
14.851237603133594,0.6311794706033484
14.881240103341945,0.6313833611750346
14.911242603550296,0.6315876560474423
14.941245103758646,0.6317923549964998
14.971247603966997,0.6319974577976921
15.001250104175348,0.6322029642260616
15.031252604383699,0.6324088740562075
15.06125510459205,0.6326151870622868
15.0912576048004,0.6328219030180144
15.121260105008751,0.6330290216966631
15.151262605217102,0.6332365428710638
15.181265105425451,0.6334444663136065
15.211267605633802,0.6336527917962393
15.241270105842153,0.6338615190904701
15.271272606050504,0.6340706479673652
15.301275106258855,0.6342801781975512
15.331277606467205,0.6344901095512142
15.361280106675556,0.6347004417981004
15.391282606883907,0.634911174707516
15.421285107092258,0.6351223080483283
15.451287607300609,0.6353338415889649
15.48129010750896,0.6355457750974148
15.51129260771731,0.6357581083412281
15.541295107925661,0.6359708410875167
15.57129760813401,0.636183973102954
15.601300108342361,0.6363975041537757
15.631302608550712,0.6366114340057798
15.661305108759063,0.636825762424327
15.691307608967414,0.6370404891743404
15.721310109175764,0.637255614020307
15.751312609384115,0.6374711367262763
15.781315109592466,0.6376870570558621
15.811317609800817,0.6379033747722417
15.841320110009168,0.6381200896381567
15.871322610217518,0.638337201415913
15.90132511042587,0.6385547098673813
15.93132761063422,0.6387726147539969
15.961330110842571,0.638990915836761
15.99133261105092,0.6392096128762397
16.021335111259273,0.6394287056325645
16.051337611467623,0.6396481938654337
16.081340111675974,0.6398680773341111
16.111342611884325,0.6400883557974275
16.141345112092676,0.6403090290137803
16.171347612301027,0.640530096741134
16.201350112509374,0.6407515587370203
16.231352612717725,0.6409734147585382
16.261355112926076,0.6411956645623551
16.291357613134426,0.6414183079047062
16.321360113342777,0.641641344541395
16.351362613551128,0.6418647742277936
16.38136511375948,0.6420885967188434
16.41136761396783,0.6423128117690545
16.44137011417618,0.6425374191325066
16.47137261438453,0.6427624185628492
16.501375114592882,0.6429878098133017
16.531377614801233,0.6432135926366538
16.561380115009584,0.6434397667852655
16.591382615217935,0.6436663320110679
16.621385115426285,0.6438932880655632
16.651387615634636,0.6441206346998245
16.681390115842987,0.6443483716644969
16.711392616051338,0.6445764987097972
16.74139511625969,0.6448050155855145
16.77139761646804,0.6450339220410102
16.80140011667639,0.6452632178252186
16.83140261688474,0.6454929026866466
16.861405117093092,0.6457229763733748
16.891407617301443,0.6459534386330572
16.921410117509794,0.6461842892129213
16.951412617718145,0.646415527859769
16.981415117926495,0.6466471543199767
17.011417618134846,0.646879168339495
17.041420118343193,0.64711156966385
17.071422618551544,0.6473443580381422
17.101425118759895,0.6475775332070484
17.131427618968246,0.6478110949148208
17.161430119176597,0.6480450429052875
17.191432619384948,0.6482793769218531
17.2214351195933,0.648514096707499
17.25143761980165,0.648749202004783
17.28144012001,0.6489846925558405
17.31144262021835,0.6492205681023842
17.3414451204267,0.6494568283857043
17.371447620635053,0.6496934731466696
17.401450120843403,0.6499305021257265
17.431452621051754,0.6501679150629005
17.461455121260105,0.6504057116977959
17.491457621468456,0.650643891769596
17.521460121676807,0.6508824550170635
17.551462621885157,0.6511214011785411
17.58146512209351,0.6513607299919513
17.61146762230186,0.6516004411947968
17.64147012251021,0.6518405345241614
17.67147262271856,0.6520810097167089
17.70147512292691,0.6523218665086854
17.731477623135262,0.6525631046359176
17.761480123343613,0.6528047238338142
17.791482623551964,0.653046723837366
17.821485123760315,0.653289104381146
17.851487623968666,0.6535318651993101
17.881490124177013,0.6537750060255968
17.911492624385364,0.6540185265933279
17.941495124593715,0.6542624266354088
17.971497624802065,0.6545067058843286
18.001500125010416,0.6547513640721605
18.031502625218767,0.654996400930562
18.061505125427118,0.6552418161907754
18.09150762563547,0.655487609583628
18.12151012584382,0.655733780839532
18.15151262605217,0.6559803296884859
18.18151512626052,0.6562272558600731
18.211517626468872,0.6564745590834642
18.241520126677223,0.656722239087415
18.271522626885574,0.6569702956002692
18.301525127093925,0.6572187283499571
18.331527627302275,0.6574675370639962
18.361530127510626,0.6577167214694916
18.391532627718977,0.6579662812931367
18.421535127927328,0.6582162162612128
18.45153762813568,0.6584665260995901
18.48154012834403,0.6587172105337271
18.51154262855238,0.658968269288672
18.54154512876073,0.6592197020890622
18.571547628969082,0.6594715086591248
18.601550129177433,0.659723688722677
18.631552629385784,0.6599762420031261
18.661555129594134,0.6602291682234706
18.69155762980248,0.6604824671062994
18.721560130010833,0.6607361383737933
18.751562630219183,0.6609901817477242
18.781565130427534,0.6612445969494555
18.811567630635885,0.6614993836999438
18.841570130844236,0.6617545417197371
18.871572631052587,0.6620100707289771
18.901575131260937,0.6622659704473981
18.93157763146929,0.662522240594328
18.96158013167764,0.662778880888688
18.99158263188599,0.6630358910489937
19.02158513209434,0.6632932707933554
19.05158763230269,0.6635510198394773
19.081590132511042,0.6638091379046587
19.111592632719393,0.6640676247057944
19.141595132927744,0.664326479959375
19.171597633136095,0.6645857033814863
19.201600133344446,0.6648452946878106
19.231602633552797,0.6651052535936272
19.261605133761147,0.6653655798138113
19.291607633969498,0.6656262730628358
19.32161013417785,0.6658873330547712
19.3516126343862,0.6661487595032851
19.38161513459455,0.6664105521216439
19.4116176348029,0.6666727106227119
19.441620135011252,0.6669352347189521
19.471622635219603,0.667198124122427
19.501625135427954,0.6674613785447976
19.5316276356363,0.6677249976973254
19.561630135844652,0.6679889812908716
19.591632636053003,0.6682533290358972
19.621635136261354,0.6685180406424642
19.651637636469705,0.6687831158202359
19.681640136678055,0.6690485542784759
19.711642636886406,0.6693143557260499
19.741645137094757,0.6695805198714259
19.771647637303108,0.6698470464226733
19.80165013751146,0.6701139350874643
19.83165263771981,0.670381185573074
19.86165513792816,0.6706487975863807
19.89165763813651,0.6709167708338661
19.921660138344862,0.6711851050216158
19.951662638553213,0.6714537998553191
19.981665138761564,0.6717228550402703
20.011667638969914,0.6719922702813681
20.041670139178265,0.6722620452831164
20.071672639386616,0.6725321797496248
20.101675139594967,0.672802673384608
20.131677639803318,0.6730735258913871
20.16168014001167,0.67334473697289
20.19168264022002,0.6736163063316505
20.22168514042837,0.67388823366981
20.25168764063672,0.6741605186891173
20.281690140845072,0.6744331610909287
20.311692641053423,0.6747061605762081
20.341695141261773,0.6749795168455287
20.37169764147012,0.6752532295990716
20.40170014167847,0.6755272985366274
20.431702641886822,0.6758017233575956
20.461705142095173,0.6760765037609856
20.491707642303524,0.676351639445417
20.521710142511875,0.6766271301091189
20.551712642720226,0.6769029754499323
20.581715142928577,0.6771791751653082
20.611717643136927,0.6774557289523094
20.641720143345278,0.6777326365076102
20.67172264355363,0.6780098975274969
20.70172514376198,0.6782875117078678
20.73172764397033,0.6785654787442348
20.76173014417868,0.6788437983317215
20.791732644387032,0.6791224701650659
20.821735144595383,0.679401493938619
20.851737644803734,0.6796808693463463
20.881740145012085,0.6799605960818269
20.911742645220436,0.6802406738382554
20.941745145428786,0.6805211023084409
20.971747645637137,0.6808018811848078
21.001750145845488,0.6810830101593964
21.03175264605384,0.6813644889238629
21.06175514626219,0.68164631716948
21.09175764647054,0.6819284945871367
21.12176014667889,0.6822110208673396
21.151762646887242,0.6824938957002121
21.18176514709559,0.6827771187754956
21.21176764730394,0.6830606897825496
21.24177014751229,0.683344608410352
21.271772647720642,0.683628874347499
21.301775147928993,0.6839134872822061
21.331777648137344,0.684198446902309
21.361780148345694,0.6844837528952616
21.391782648554045,0.6847694049481392
21.421785148762396,0.685055402747637
21.451787648970747,0.685341745980071
21.481790149179098,0.6856284343313788
21.51179264938745,0.6859154674871184
21.5417951495958,0.6862028451324707
21.57179764980415,0.6864905669522383
21.6018001500125,0.6867786326308463
21.631802650220852,0.6870670418523426
21.661805150429203,0.6873557943003987
21.691807650637553,0.687644889658309
21.721810150845904,0.6879343276089924
21.751812651054255,0.6882241078349919
21.781815151262606,0.6885142300184746
21.811817651470957,0.6888046938412332
21.841820151679308,0.6890954989846854
21.87182265188766,0.6893866451298745
21.90182515209601,0.6896781319574696
21.93182765230436,0.6899699591477666
21.96183015251271,0.690262126380688
21.99183265272106,0.690554633335783
22.02183515292941,0.6908474796922285
22.05183765313776,0.6911406651288289
22.08184015334611,0.691434189324017
22.11184265355446,0.6917280519558537
22.141845153762812,0.6920222527020289
22.171847653971163,0.6923167912398618
22.201850154179514,0.6926116672463007
22.231852654387865,0.6929068803979243
22.261855154596216,0.693202430370941
22.291857654804566,0.6934983168411899
22.321860155012917,0.6937945394841414
22.351862655221268,0.6940910979748968
22.38186515542962,0.694387991988189
22.41186765563797,0.6946852211983832
22.44187015584632,0.6949827852794768
22.47187265605467,0.6952806839050998
22.501875156263022,0.6955789167485156
22.531877656471373,0.6958774834826204
22.561880156679724,0.6961763837799448
22.591882656888075,0.6964756173126536
22.621885157096425,0.6967751837525455
22.651887657304776,0.6970750827710545
22.681890157513127,0.6973753140392498
22.711892657721478,0.6976758772278361
22.74189515792983,0.697976772007154
22.77189765813818,0.6982779980471805
22.80190015834653,0.6985795550175293
22.83190265855488,0.6988814425874512
22.86190515876323,0.6991836604258341
22.89190765897158,0.6994862082012039
22.92191015917993,0.6997890855817246
22.95191265938828,0.7000922922351984
22.981915159596632,0.700395827829067
23.011917659804983,0.7006996920304107
23.041920160013333,0.7010038845059496
23.071922660221684,0.7013084049220439
23.101925160430035,0.7016132529446937
23.131927660638386,0.7019184282395402
23.161930160846737,0.7022239304718656
23.191932661055088,0.7025297593065932
23.22193516126344,0.7028359144082883
23.25193766147179,0.7031423954411586
23.28194016168014,0.7034492020690537
23.31194266188849,0.7037563339554664
23.34194516209684,0.7040637907635333
23.371947662305192,0.7043715721560335
23.401950162513543,0.7046796777953911
23.431952662721894,0.7049881073436741
23.461955162930245,0.7052968604625951
23.491957663138596,0.7056059368135121
23.521960163346947,0.7059153360574287
23.551962663555297,0.706225057854994
23.58196516376365,0.7065351018665033
23.611967663972,0.7068454677518987
23.64197016418035,0.7071561551707695
23.671972664388697,0.707467163782352
23.701975164597048,0.70777849324553
23.7319776648054,0.7080901432188357
23.76198016501375,0.70840211336045
23.7919826652221,0.7087144033282021
23.82198516543045,0.7090270127795708
23.851987665638802,0.7093399413716843
23.881990165847153,0.7096531887613209
23.911992666055504,0.7099667546049092
23.941995166263855,0.7102806385585283
23.971997666472205,0.7105948402779088
24.002000166680556,0.7109093594184325
24.032002666888907,0.711224195635133
24.062005167097258,0.7115393485826962
24.09200766730561,0.7118548179154609
24.12201016751396,0.7121706032874184
24.15201266772231,0.7124867043522137
24.18201516793066,0.7128031207631456
24.212017668139012,0.7131198521731665
24.242020168347363,0.7134368982348839
24.272022668555714,0.7137542586005601
24.302025168764064,0.7140719329221121
24.332027668972415,0.7143899208511133
24.362030169180766,0.7147082220387928
24.392032669389117,0.7150268361360363
24.422035169597468,0.7153457627933859
24.45203766980582,0.715665001661041
24.48204017001417,0.7159845523888588
24.512042670222517,0.7163044146263547
24.542045170430868,0.7166245880227016
24.57204767063922,0.7169450722267318
24.60205017084757,0.7172658668869365
24.63205267105592,0.7175869716514662
24.66205517126427,0.7179083861681316
24.69205767147262,0.7182301100844035
24.722060171680972,0.7185521430474133
24.752062671889323,0.7188744847039539
24.782065172097674,0.7191971347004786
24.812067672306025,0.7195200926831035
24.842070172514376,0.7198433582976067
24.872072672722727,0.7201669311894283
24.902075172931077,0.720490811003672
24.93207767313943,0.7208149973851048
24.96208017334778,0.7211394899781571
24.99208267355613,0.7214642884269239
25.02208517376448,0.7217893923751645
25.05208767397283,0.7221148014663028
25.082090174181182,0.7224405153434287
25.112092674389533,0.7227665336492974
25.142095174597884,0.72309285602633
25.172097674806235,0.7234194821166147
25.202100175014586,0.7237464115619059
25.232102675222936,0.7240736440036261
25.262105175431287,0.7244011790828644
25.292107675639638,0.724729016440379
25.32211017584799,0.7250571557165959
25.352112676056336,0.7253855965516103
25.382115176264687,0.7257143385851864
25.412117676473038,0.7260433814567582
25.44212017668139,0.7263727248054299
25.47212267688974,0.7267023682699755
25.50212517709809,0.7270323114888405
25.53212767730644,0.7273625541001415
25.562130177514792,0.7276930957416665
25.592132677723143,0.7280239360508758
25.622135177931494,0.7283550746649017
25.652137678139844,0.7286865112205496
25.682140178348195,0.7290182453542985
25.712142678556546,0.7293502767023001
25.742145178764897,0.7296826049003808
25.772147678973248,0.7300152295840414
25.8021501791816,0.7303481503884572
25.83215267938995,0.7306813669484788
25.8621551795983,0.7310148788986327
25.89215767980665,0.7313486858731209
25.922160180015002,0.7316827875058223
25.952162680223353,0.7320171834302924
25.982165180431704,0.7323518732797639
26.012167680640054,0.7326868566871472
26.042170180848405,0.7330221332850306
26.072172681056756,0.733357702705681
26.102175181265107,0.7336935645810443
26.132177681473458,0.7340297185427448
26.162180181681805,0.7343661642220873
26.192182681890156,0.7347029012500567
26.222185182098507,0.7350399292573175
26.252187682306857,0.7353772478742158
26.282190182515208,0.7357148567307787
26.31219268272356,0.7360527554567149
26.34219518293191,0.7363909436814153
26.37219768314026,0.7367294210339532
26.40220018334861,0.7370681871430851
26.432202683556962,0.7374072416372501
26.462205183765313,0.7377465841445715
26.492207683973664,0.7380862142928567
26.522210184182015,0.7384261317095976
26.552212684390366,0.7387663360219706
26.582215184598716,0.7391068268568382
26.612217684807067,0.7394476038407478
26.642220185015418,0.7397886665999336
26.67222268522377,0.740130014760316
26.70222518543212,0.7404716479475029
26.73222768564047,0.7408135657867886
26.76223018584882,0.741155767903156
26.792232686057172,0.7414982539212762
26.822235186265523,0.7418410234655082
26.852237686473874,0.7421840761599008
26.882240186682225,0.742527411628192
26.912242686890576,0.7428710294938096
26.942245187098926,0.7432149293798715
26.972247687307277,0.7435591109091866
27.002250187515624,0.7439035737042548
27.032252687723975,0.7442483173872672
27.062255187932326,0.7445933415801071
27.092257688140677,0.7449386459043503
27.122260188349028,0.7452842299812652
27.15226268855738,0.745630093431813
27.18226518876573,0.745976235876649
27.21226768897408,0.7463226569361221
27.24227018918243,0.7466693562302762
27.272272689390782,0.7470163333788493
27.302275189599133,0.7473635880012752
27.332277689807484,0.7477111197166829
27.362280190015834,0.7480589281438981
27.392282690224185,0.7484070129014422
27.422285190432536,0.7487553736075343
27.452287690640887,0.7491040098800904
27.482290190849238,0.7494529213367243
27.51229269105759,0.749802107594748
27.54229519126594,0.7501515682711722
27.57229769147429,0.7505013029827066
27.60230019168264,0.75085131134576
27.63230269189099,0.7512015929764418
27.662305192099343,0.7515521474905609
27.692307692307693,0.7519029745036272
27.722310192516044,0.7522540736308517
27.752312692724395,0.7526054444871472
27.782315192932746,0.7529570866871282
27.812317693141097,0.7533089998451115
27.842320193349444,0.7536611835751168
27.872322693557795,0.7540136374908674
27.902325193766146,0.7543663612057896
27.932327693974496,0.7547193543330142
27.962330194182847,0.7550726164853765
27.992332694391198,0.7554261472754168
28.02233519459955,0.7557799463153804
28.0523376948079,0.7561340132172186
28.08234019501625,0.756488347592589
28.1123426952246,0.7568429490528559
28.142345195432952,0.7571978172090901
28.172347695641303,0.7575529516720705
28.202350195849654,0.7579083520522839
28.232352696058005,0.7582640179599249
28.262355196266356,0.7586199490048974
28.292357696474706,0.7589761447968144
28.322360196683057,0.7593326049449981
28.352362696891408,0.7596893290584813
28.38236519709976,0.7600463167460072
28.41236769730811,0.7604035676160295
28.44237019751646,0.7607610812767136
28.47237269772481,0.7611188573359366
28.502375197933162,0.761476895401288
28.532377698141513,0.7618351950800695
28.562380198349864,0.762193755979296
28.592382698558215,0.7625525777056961
28.622385198766565,0.7629116598657122
28.652387698974913,0.7632710020655009
28.682390199183263,0.7636306039109338
28.712392699391614,0.7639904650075979
28.742395199599965,0.7643505849607951
28.772397699808316,0.7647109633755445
28.802400200016667,0.7650715998565808
28.832402700225018,0.7654324940083556
28.86240520043337,0.7657936454350388
28.89240770064172,0.7661550537405174
28.92241020085007,0.7665167185283966
28.95241270105842,0.766878639402001
28.98241520126677,0.7672408159643732
29.012417701475123,0.7676032478182764
29.042420201683473,0.7679659345661934
29.072422701891824,0.7683288758103272
29.102425202100175,0.768692071152602
29.132427702308526,0.7690555201946632
29.162430202516877,0.7694192225378778
29.192432702725228,0.7697831777833352
29.22243520293358,0.7701473855318475
29.25243770314193,0.7705118453839492
29.28244020335028,0.7708765569398992
29.31244270355863,0.7712415197996798
29.34244520376698,0.7716067335629975
29.372447703975332,0.7719721978292844
29.402450204183683,0.7723379121976968
29.432452704392034,0.7727038762671173
29.462455204600385,0.773070089636155
29.492457704808732,0.7734365519031444
29.522460205017083,0.7738032626661481
29.552462705225434,0.7741702215229558
29.582465205433785,0.7745374280710847
29.612467705642135,0.7749048819077813
29.642470205850486,0.7752725826300197
29.672472706058837,0.7756405298345037
29.702475206267188,0.7760087231176673
29.73247770647554,0.7763771620756736
29.76248020668389,0.7767458463044171
29.79248270689224,0.7771147753995231
29.82248520710059,0.7774839489563476
29.852487707308942,0.7778533665699795
29.882490207517293,0.7782230278352396
29.912492707725644,0.778592932346681
29.942495207933995,0.7789630796985908
29.972497708142345,0.7793334694849894
30.002500208350696,0.7797041012996311
30.032502708559047,0.7800749747360048
30.062505208767398,0.7804460893873351
30.09250770897575,0.7808174448465806
30.1225102091841,0.7811890407064374
30.15251270939245,0.7815608765593367
30.1825152096008,0.781932951997447
30.212517709809152,0.7823052666126741
30.242520210017503,0.7826778199966611
30.272522710225854,0.7830506117407895
30.302525210434204,0.7834236414361796
30.33252771064255,0.78379690867369
30.362530210850903,0.7841704130439193
30.392532711059253,0.7845441541372061
30.422535211267604,0.7849181315436287
30.452537711475955,0.7852923448530073
30.482540211684306,0.7856667936549022
30.512542711892657,0.7860414775386159
30.542545212101007,0.7864163960931936
30.57254771230936,0.786791548907422
30.60255021251771,0.7871669355698319
30.63255271272606,0.787542555668697
30.66255521293441,0.7879184087920352
30.69255771314276,0.7882944945276087
30.722560213351112,0.7886708124629248
30.752562713559463,0.7890473621852356
30.782565213767814,0.7894241432815398
30.812567713976165,0.7898011553385815
30.842570214184516,0.7901783979428519
30.872572714392867,0.7905558706805893
30.902575214601217,0.7909335731377798
30.932577714809568,0.7913115049001567
30.96258021501792,0.7916896655532032
30.99258271522627,0.7920680546821501
31.02258521543462,0.7924466718719781
31.05258771564297,0.7928255167074183
31.082590215851322,0.7932045887729513
31.112592716059673,0.7935838876528087
31.14259521626802,0.7939634129309738
31.17259771647637,0.794343164191181
31.202600216684722,0.794723141016917
31.232602716893073,0.7951033429914214
31.262605217101424,0.7954837696976862
31.292607717309775,0.7958644207184579
31.322610217518125,0.7962452956362361
31.352612717726476,0.7966263940332748
31.382615217934827,0.797007715491584
31.412617718143178,0.7973892595929276
31.44262021835153,0.7977710259188262
31.47262271855988,0.7981530140505566
31.50262521876823,0.7985352235691519
31.53262771897658,0.7989176540554026
31.562630219184932,0.7993003050898572
31.592632719393283,0.7996831762528216
31.622635219601634,0.8000662671243608
31.652637719809984,0.8004495772842988
31.682640220018335,0.8008331063122187
31.712642720226686,0.8012168537874639
31.742645220435037,0.8016008192891382
31.772647720643388,0.8019850023961058
31.80265022085174,0.8023694026869932
31.83265272106009,0.8027540197401877
31.86265522126844,0.8031388531338389
31.89265772147679,0.8035239024458602
31.922660221685142,0.8039091672539269
31.952662721893493,0.8042946471354786
31.98266522210184,0.8046803416677192
32.01266772231019,0.8050662504276163
32.042670222518545,0.8054523729919034
32.07267272272689,0.8058387089370793
32.10267522293525,0.8062252578394083
32.132677723143594,0.8066120192749218
32.16268022335195,0.8069989928194177
32.192682723560296,0.8073861780484609
32.22268522376865,0.8077735745373853
32.252687723977,0.8081611818612917
32.28269022418535,0.8085489995950507
32.3126927243937,0.8089370273133015
32.34269522460205,0.8093252645904534
32.3726977248104,0.8097137110006851
32.40270022501875,0.8101023661179473
32.4327027252271,0.8104912295159603
32.46270522543545,0.810880300768217
32.492707725643804,0.811269579447982
32.52271022585215,0.8116590651282917
32.552712726060506,0.8120487573819569
32.58271522626885,0.8124386557815606
32.61271772647721,0.8128287598994602
32.642720226685555,0.8132190693077876
32.67272272689391,0.8136095835784491
32.702725227102256,0.8140003022831264
32.73272772731061,0.8143912249932775
32.76273022751896,0.814782351280136
32.79273272772731,0.8151736807147125
32.82273522793566,0.8155652128677949
32.852737728144014,0.8159569473099484
32.88274022835236,0.8163488836115167
32.912742728560715,0.816741021342622
32.94274522876906,0.8171333600731652
32.97274772897742,0.8175258993728276
33.002750229185764,0.8179186388110694
33.03275272939412,0.8183115779571324
33.062755229602466,0.8187047163800383
33.09275772981082,0.8190980536485911
33.12276023001917,0.8194915893313761
33.15276273022752,0.8198853229967615
33.18276523043587,0.820279254212898
33.212767730644224,0.8206733825477197
33.24277023085257,0.8210677075689445
33.27277273106092,0.8214622288440745
33.30277523126927,0.8218569459403968
33.33277773147762,0.8222518584249835
33.362780231685974,0.8226469658646925
33.39278273189432,0.8230422678261677
33.422785232102676,0.8234377638758399
33.45278773231102,0.8238334535799265
33.48279023251938,0.8242293365044336
33.512792732727725,0.8246254122151542
33.54279523293608,0.8250216802776702
33.57279773314443,0.8254181402573532
33.60280023335278,0.8258147917193632
33.63280273356113,0.8262116342286508
33.66280523376948,0.8266086673499574
33.69280773397783,0.8270058906478146
33.722810234186184,0.8274033036865458
33.75281273439453,0.8278009060302661
33.782815234602886,0.8281986972428834
33.81281773481123,0.8285966768880978
33.84282023501959,0.8289948445294034
33.872822735227935,0.8293931997300875
33.90282523543629,0.8297917420532323
33.932827735644636,0.8301904710617141
33.96283023585299,0.8305893863182049
33.99283273606134,0.8309884873851722
34.02283523626969,0.8313877738248799
34.05283773647804,0.8317872451993886
34.08284023668639,0.8321869010705556
34.11284273689474,0.8325867410000365
34.14284523710309,0.8329867645492846
34.17284773731144,0.8333869712795517
34.20285023751979,0.8337873607518892
34.232852737728145,0.8341879325271476
34.26285523793649,0.8345886861659777
34.292857738144846,0.8349896212288307
34.32286023835319,0.8353907372759588
34.35286273856155,0.8357920338674159
34.382865238769895,0.8361935105630575
34.41286773897825,0.836595166922542
34.4428702391866,0.8369970025053304
34.47287273939495,0.8373990168706875
34.5028752396033,0.8378012095776813
34.53287773981165,0.8382035801851853
34.56288024002,0.8386061282518765
34.592882740228355,0.8390088533362388
34.6228852404367,0.8394117549965604
34.652887740645056,0.8398148327909372
34.6828902408534,0.8402180862772708
34.71289274106176,0.8406215150132712
34.742895241270105,0.8410251185564549
34.77289774147846,0.8414288964641478
34.80290024168681,0.8418328482934838
34.83290274189516,0.8422369736014067
34.86290524210351,0.8426412719446694
34.892907742311856,0.8430457428798355
34.92291024252021,0.8434503859632789
34.95291274272856,0.8438552007511849
34.98291524293691,0.8442601867995507
35.01291774314526,0.8446653436641851
35.04292024335361,0.8450706709007101
35.07292274356196,0.8454761680645604
35.102925243770315,0.8458818347109847
35.13292774397866,0.8462876703950455
35.16293024418702,0.84669367467162
35.192932744395364,0.8470998470954006
35.22293524460372,0.8475061872208952
35.252937744812066,0.8479126946024278
35.28294024502042,0.8483193687941387
35.31294274522877,0.8487262093499857
35.34294524543712,0.8491332158237437
35.37294774564547,0.8495403877690059
35.40295024585382,0.8499477247391839
35.43295274606217,0.8503552262875083
35.462955246270525,0.8507628919670291
35.49295774647887,0.8511707213306164
35.52296024668723,0.851578713930961
35.552962746895574,0.8519868693205741
35.58296524710393,0.8523951870517887
35.612967747312275,0.85280366667676
35.64297024752063,0.853212307747465
35.67297274772898,0.853621109815704
35.70297524793733,0.854030072433101
35.73297774814568,0.8544391951511032
35.762980248354026,0.8548484775209829
35.79298274856238,0.855257919093837
35.82298524877073,0.8556675194205873
35.85298774897908,0.8560772780519824
35.88299024918743,0.8564871945385966
35.912992749395784,0.8568972684308315
35.94299524960413,0.8573074992789156
35.972997749812485,0.8577178866329056
36.00300025002083,0.8581284300426865
36.03300275022919,0.8585391290579719
36.063005250437534,0.858949983228305
36.09300775064589,0.8593609921030589
36.123010250854236,0.8597721552314365
36.15301275106259,0.8601834721624722
36.18301525127094,0.8605949424450309
36.21301775147929,0.8610065656278103
36.24302025168764,0.8614183412593395
36.273022751895994,0.861830268887981
36.30302525210434,0.8622423480619301
36.333027752312695,0.8626545783292163
36.36303025252104,0.8630669592377033
36.3930327527294,0.8634794903350894
36.423035252937744,0.8638921711689082
36.4530377531461,0.8643050012865292
36.483040253354446,0.864717980235158
36.5130427535628,0.8651311075618373
36.54304525377115,0.8655443828134464
36.573047753979495,0.8659578055367031
36.60305025418785,0.8663713752781632
36.633052754396196,0.8667850915842208
36.66305525460455,0.86719895400111
36.6930577548129,0.867612962074904
36.72306025502125,0.8680271153515167
36.7530627552296,0.8684414133767023
36.783065255437954,0.868855855696057
36.8130677556463,0.8692704418550175
36.843070255854656,0.8696851713988639
36.873072756063,0.8701000438727186
36.90307525627136,0.8705150588215471
36.933077756479705,0.8709302157901587
36.96308025668806,0.8713455143232073
36.993082756896406,0.8717609539651909
37.02308525710476,0.8721765342604533
37.05308775731311,0.8725922547531835
37.08309025752146,0.8730081149874174
37.11309275772981,0.8734241145070368
37.143095257938164,0.8738402528557717
37.17309775814651,0.8742565295771988
37.203100258354866,0.8746729442147438
37.23310275856321,0.8750894963116809
37.26310525877157,0.8755061854111335
37.293107758979914,0.8759230110560745
37.32311025918827,0.8763399727893276
37.353112759396616,0.8767570701535667
37.38311525960496,0.8771743026913172
37.41311775981332,0.8775916699449565
37.443120260021665,0.8780091714567135
37.47312276023002,0.8784268067686707
37.50312526043837,0.8788445754227628
37.53312776064672,0.8792624769607796
37.56313026085507,0.8796805109243641
37.59313276106342,0.8800986768550143
37.62313526127177,0.8805169742940837
37.653137761480124,0.8809354027827814
37.68314026168847,0.8813539618621726
37.713142761896826,0.8817726510731798
37.74314526210517,0.882191469956582
37.77314776231353,0.8826104180530168
37.803150262521875,0.8830294949029791
37.83315276273023,0.8834487000468239
37.86315526293858,0.883868033024764
37.89315776314693,0.8842874933768732
37.92316026335528,0.8847070806430848
37.95316276356363,0.8851267943631935
37.98316526377198,0.8855466340768549
38.013167763980334,0.8859665993235866
38.04317026418868,0.8863866896427681
38.073172764397036,0.8868069045736426
38.10317526460538,0.8872272436553158
38.13317776481374,0.8876477064267577
38.163180265022085,0.8880682924268021
38.19318276523044,0.8884890011941484
38.22318526543879,0.8889098322673606
38.253187765647134,0.8893307851848692
38.28319026585549,0.8897518594849706
38.313192766063835,0.8901730547058283
38.34319526627219,0.8905943703854731
38.37319776648054,0.8910158060618036
38.40320026668889,0.8914373612725871
38.43320276689724,0.8918590355554593
38.46320526710559,0.8922808284479258
38.49320776731394,0.8927027394873616
38.523210267522295,0.8931247682110127
38.55321276773064,0.8935469141559954
38.583215267938996,0.893969176859298
38.613217768147344,0.8943915558577804
38.6432202683557,0.894814050688175
38.673222768564045,0.8952366608870872
38.7032252687724,0.8956593859909959
38.73322776898075,0.8960822255362538
38.7632302691891,0.8965051790590883
38.79323276939745,0.8969282460956017
38.8232352696058,0.897351426181772
38.85323776981415,0.8977747188534525
38.883240270022505,0.8981981236463739
38.91324277023085,0.8986216400961432
38.943245270439206,0.8990452677382457
38.97324777064755,0.8994690061080438
39.00325027085591,0.8998928547407795
39.033252771064255,0.900316813171573
39.0632552712726,0.9007408809354244
39.09325777148096,0.9011650575672141
39.123260271689304,0.9015893426017026
39.15326277189766,0.9020137355735321
39.183265272106006,0.9024382360172258
39.21326777231436,0.9028628434671896
39.24327027252271,0.9032875574577115
39.27327277273106,0.903712377522963
39.30327527293941,0.904137303196999
39.33327777314776,0.9045623340137591
39.36328027335611,0.9049874695070668
39.393282773564465,0.9054127092106315
39.42328527377281,0.9058380526580477
39.45328777398117,0.9062634993827968
39.483290274189514,0.9066890489182462
39.51329277439787,0.9071147007976511
39.543295274606216,0.9075404545541539
39.57329777481457,0.9079663097207858
39.60330027502292,0.9083922658304666
39.63330277523127,0.9088183224160054
39.66330527543962,0.9092444790101006
39.69330777564797,0.9096707351453418
39.72331027585632,0.9100970903542087
39.753312776064675,0.9105235441690729
39.78331527627302,0.9109500961221972
39.81331777648138,0.9113767457457375
39.843320276689724,0.9118034925717416
39.87332277689807,0.9122303361321519
39.903325277106426,0.9126572759588039
39.93332777731477,0.9130843115834274
39.96333027752313,0.9135114425376477
39.993332777731474,0.9139386683529851
40.02333527793983,0.9143659885608563
40.053337778148176,0.9147934026925738
40.08334027835653,0.9152209102793478
40.11334277856488,0.9156485108522854
40.14334527877323,0.9160762039423922
40.17334777898158,0.916503989080572
40.203350279189934,0.9169318657976278
40.23335277939828,0.917359833624262
40.263355279606635,0.9177878920910773
40.29335777981498,0.9182160407285767
40.32336028002334,0.9186442790671647
40.353362780231684,0.919072606637147
40.38336528044004,0.9195010229687316
40.413367780648386,0.9199295275920292
40.44337028085674,0.9203581200370536
40.47337278106509,0.9207867998337224
40.50337528127344,0.9212155665118571
40.53337778148179,0.9216444196011842
40.563380281690144,0.9220733586313353
40.59338278189849,0.9225023831318477
40.623385282106845,0.9229314926321652
40.65338778231519,0.9233606866616378
40.68339028252355,0.9237899647495236
40.713392782731894,0.9242193264249877
40.74339528294024,0.9246487712171042
40.773397783148596,0.9250782986548556
40.80340028335694,0.9255079082671338
40.8334027835653,0.9259375995827408
40.863405283773645,0.9263673721303888
40.893407783982,0.926797225438701
40.923410284190346,0.9272271590362118
40.9534127843987,0.9276571724513678
40.98341528460705,0.9280872652125279
41.0134177848154,0.9285174368479643
41.04342028502375,0.928947686885862
41.073422785232104,0.9293780148543209
41.10342528544045,0.9298084202813546
41.133427785648806,0.9302389026948922
41.16343028585715,0.9306694616227783
41.19343278606551,0.9311000965927736
41.223435286273855,0.9315308071325551
41.25343778648221,0.9319615927697176
41.283440286690556,0.9323924530317725
41.31344278689891,0.9328233874461505
41.34344528710726,0.9332543955402
41.37344778731561,0.9336854768411891
41.40345028752396,0.9341166308763055
41.433452787732314,0.9345478571726573
41.46345528794066,0.9349791552572729
41.493457788149016,0.9354105246571025
41.52346028835736,0.9358419648990175
41.55346278856571,0.9362734755098121
41.583465288774065,0.9367050560162034
41.61346778898241,0.9371367059448309
41.643470289190766,0.9375684248222592
41.67347278939911,0.9380002121749764
41.70347528960747,0.938432067529396
41.733477789815815,0.9388639904118565
41.76348029002417,0.9392959803486228
41.79348279023252,0.9397280368658858
41.82348529044087,0.9401601594897637
41.85348779064922,0.940592347746302
41.88349029085757,0.9410246011614742
41.91349279106592,0.9414569192611826
41.943495291274274,0.9418893015712585
41.97349779148262,0.9423217476174621
42.003500291690976,0.9427542569254848
42.03350279189932,0.9431868290209476
42.06350529210768,0.9436194634294035
42.093507792316025,0.9440521596763365
42.12351029252438,0.9444849172871631
42.15351279273273,0.9449177357872324
42.18351529294108,0.9453506147018267
42.21351779314943,0.945783553556162
42.24352029335778,0.9462165518753889
42.27352279356613,0.9466496091845922
42.303525293774484,0.9470827250087924
42.33352779398283,0.9475158988729457
42.36353029419118,0.9479491303019448
42.39353279439953,0.948382418820619
42.42353529460788,0.9488157639537351
42.453537794816235,0.949249165225998
42.48354029502458,0.9496826221620506
42.51354279523294,0.9501161342864752
42.543545295441284,0.9505497011237931
42.57354779564964,0.9509833221984662
42.603550295857985,0.9514169970348961
42.63355279606634,0.9518507251574264
42.66355529627469,0.9522845060903414
42.69355779648304,0.952718339357868
42.72356029669139,0.9531522244841754
42.75356279689974,0.9535861609933762
42.78356529710809,0.9540201484095263
42.813567797316445,0.9544541862566261
42.84357029752479,0.9548882740586205
42.873572797733146,0.9553224113393998
42.903575297941494,0.9557565976227995
42.93357779814985,0.9561908324326023
42.963580298358195,0.9566251152925366
42.99358279856655,0.9570594457262788
43.0235852987749,0.9574938232574529
43.05358779898325,0.9579282474096315
43.0835902991916,0.9583627177063354
43.11359279939995,0.9587972336710358
43.1435952996083,0.9592317948271527
43.173597799816655,0.9596664006980574
43.203600300025,0.9601010508070716
43.23360280023335,0.9605357446774689
43.263605300441704,0.9609704818324749
43.29360780065005,0.9614052617952671
43.323610300858405,0.9618400840889768
43.35361280106675,0.9622749482366884
43.38361530127511,0.9627098537614406
43.413617801483454,0.9631448001862266
43.44362030169181,0.963579787033995
43.473622801900156,0.9640148138276496
43.50362530210851,0.9644498800900511
43.53362780231686,0.9648849853440159
43.56363030252521,0.9653201291123187
43.59363280273356,0.9657553109176911
43.62363530294191,0.9661905302828238
43.65363780315026,0.9666257867303653
43.683640303358615,0.9670610797829242
43.71364280356696,0.9674964089630689
43.74364530377532,0.9679317737933277
43.773647803983664,0.9683671737961904
43.80365030419202,0.9688026084941077
43.833652804400366,0.9692380774094926
43.86365530460872,0.9696735800647205
43.89365780481707,0.9701091159821293
43.92366030502542,0.9705446846840216
43.95366280523377,0.9709802856926626
43.98366530544212,0.9714159185302832
44.01366780565047,0.9718515827190787
44.04367030585882,0.9722872777812103
44.07367280606717,0.9727230032388055
44.10367530627552,0.9731587586139578
44.133677806483874,0.973594543428729
44.16368030669222,0.9740303572051474
44.193682806900576,0.9744661994652105
44.22368530710892,0.9749020697308838
44.25368780731728,0.9753379675241027
44.283690307525625,0.975773892366772
44.31369280773398,0.9762098437807673
44.343695307942326,0.9766458212879341
44.37369780815068,0.9770818244100905
44.40370030835903,0.9775178526690256
44.43370280856738,0.9779539055865013
44.46370530877573,0.9783899826842525
44.493707808984084,0.9788260834839875
44.52371030919243,0.9792622075073883
44.553712809400785,0.9796983542761122
44.58371530960913,0.9801345233117906
44.61371780981749,0.9805707141360313
44.643720310025834,0.9810069262704175
44.67372281023419,0.9814431592365098
44.703725310442536,0.9818794125558451
44.73372781065089,0.9823156857499388
44.76373031085924,0.9827519783402836
44.79373281106759,0.9831882898483519
44.82373531127594,0.9836246197955947
44.85373781148429,0.9840609677034429
44.88374031169264,0.9844973330933078
44.91374281190099,0.9849337154865815
44.94374531210934,0.9853701144046375
44.97374781231769,0.985806529368831
45.003750312526044,0.9862429599004998
45.03375281273439,0.9866794055209644
45.063755312942746,0.9871158657515291
45.09375781315109,0.9875523401134817
45.12376031335945,0.9879888281280949
45.153762813567795,0.9884253293166262
45.18376531377615,0.988861843200319
45.2137678139845,0.9892983693004022
45.24377031419285,0.9897349071380918
45.2737728144012,0.9901714562345905
45.30377531460955,0.9906080161110893
45.3337778148179,0.9910445862887666
45.363780315026254,0.9914811662887901
45.3937828152346,0.9919177556323163
45.423785315442956,0.9923543538404919
45.4537878156513,0.9927909604344534
45.48379031585966,0.9932275749353284
45.513792816068005,0.9936641968642357
45.54379531627636,0.9941008257422862
45.573797816484706,0.9945374610905827
45.60380031669306,0.9949741024302214
45.63380281690141,0.9954107492822918
45.66380531710976,0.9958474011678772
45.69380781731811,0.9962840576080552
45.72381031752646,0.9967207181238987
45.75381281773481,0.9971573822364765
45.78381531794316,0.9975940494668527
45.81381781815151,0.9980307193360884
45.84382031835986,0.9984673913652418
45.873822818568215,0.9989040650753686
45.90382531877656,0.9993407399875225
45.933827818984916,0.9997774156227565
45.963830319193264,1.000214091502122
45.99383281940162,1.000650767146671
46.023835319609965,1.0010874420774547
46.05383781981832,1.0015241158155264
46.08384032002667,1.0019607878819392
46.11384282023502,1.0023974577977495
46.14384532044337,1.002834125084015
46.17384782065172,1.0032707892617967
46.20385032086007,1.003707449852159
46.233852821068425,1.0041441063761702
46.26385532127677,1.0045807583549031
46.293857821485126,1.0050174053094356
46.32386032169347,1.0054540467608506
46.35386282190183,1.0058906822302378
46.383865322110175,1.0063273112386926
46.41386782231853,1.0067639333073184
46.44387032252688,1.0072005479572252
46.47387282273523,1.0076371547095324
46.50387532294358,1.0080737530853667
46.533877823151926,1.0085103426058653
46.56388032336028,1.0089469227921737
46.59388282356863,1.009383493165449
46.62388532377698,1.0098200532468582
46.65388782398533,1.0102566025575799
46.68389032419368,1.0106931406188044
46.71389282440203,1.0111296669517345
46.743895324610385,1.0115661810775858
46.77389782481873,1.012002682517587
46.80390032502709,1.012439170792981
46.833902825235434,1.0128756454250252
46.86390532544379,1.013312105934992
46.893907825652136,1.0137485518441691
46.92391032586049,1.01418498267386
46.95391282606884,1.0146213979453853
46.98391532627719,1.0150577971800823
47.01391782648554,1.0154941798993058
47.04392032669389,1.0159305456244292
47.07392282690224,1.0163668938768438
47.103925327110595,1.0168032241779608
47.13392782731894,1.0172395360492106
47.1639303275273,1.0176758290120442
47.193932827735644,1.0181121025879327
47.223935327944,1.0185483562983695
47.253937828152345,1.0189845896648684
47.2839403283607,1.019420802208967
47.31394282856905,1.0198569934522248
47.343945328777394,1.0202931629162246
47.37394782898575,1.0207293101225736
47.403950329194096,1.0211654345929033
47.43395282940245,1.02160153584887
47.4639553296108,1.0220376134121552
47.49395782981915,1.022473666804467
47.5239603300275,1.0229096955475394
47.553962830235854,1.023345699163134
47.5839653304442,1.0237816771730395
47.613967830652555,1.024217629099073
47.6439703308609,1.0246535544630797
47.67397283106926,1.025089452786935
47.703975331277604,1.0255253235925426
47.73397783148596,1.0259611664018373
47.763980331694306,1.0263969807367843
47.79398283190266,1.0268327661193801
47.82398533211101,1.027268522071653
47.85398783231936,1.0277042481156635
47.88399033252771,1.028139943773505
47.913992832736064,1.028575608567304
47.94399533294441,1.029011242019221
47.973997833152765,1.0294468436514508
48.00400033336111,1.0298824129862234
48.03400283356947,1.030317949545804
48.064005333777814,1.0307534528524935
48.09400783398617,1.03118892242863
48.124010334194516,1.0316243577965873
48.15401283440287,1.0320597584787783
48.18401533461122,1.0324951239976528
48.214017834819565,1.0329304538756994
48.24402033502792,1.0333657476354465
48.274022835236266,1.033801004799461
48.30402533544462,1.034236224890351
48.33402783565297,1.0346714074307644
48.36403033586132,1.0351065519433906
48.39403283606967,1.0355416579509609
48.424035336278024,1.0359767249762486
48.45403783648637,1.03641175254207
48.484040336694726,1.0368467401712842
48.51404283690307,1.0372816873867947
48.54404533711143,1.037716593711549
48.574047837319775,1.0381514586685392
48.60405033752813,1.0385862817808036
48.634052837736476,1.0390210625714253
48.66405533794483,1.0394558005635348
48.69405783815318,1.039890495280309
48.72406033836153,1.0403251462449723
48.75406283856988,1.0407597529807973
48.784065338778234,1.0411943150111047
48.81406783898658,1.041628831859265
48.844070339194936,1.0420633030486972
48.87407283940328,1.0424977281028713
48.90407533961164,1.0429321065453077
48.934077839819984,1.0433664378995775
48.96408034002834,1.0438007216893037
48.994082840236686,1.0442349574381617
49.02408534044503,1.0446691446698793
49.05408784065339,1.0451032829082374
49.084090340861735,1.045537371677071
49.11409284107009,1.0459714105002695
49.14409534127844,1.0464053989017763
49.17409784148679,1.0468393364055908
49.20410034169514,1.0472732225357677
49.23410284190349,1.0477070568164188
49.26410534211184,1.0481408387717122
49.294107842320194,1.0485745679258733
49.32411034252854,1.0490082438031856
49.354112842736896,1.0494418659279914
49.38411534294524,1.0498754338246914
49.4141178431536,1.050308947017746
49.444120343361945,1.0507424050316754
49.4741228435703,1.0511758073910609
49.50412534377865,1.051609153620544
49.534127843987,1.0520424432448288
49.56413034419535,1.0524756757886804
49.5941328444037,1.052908850776927
49.62413534461205,1.0533419677344602
49.654137844820404,1.0537750261862349
49.68414034502875,1.0542080256572701
49.714142845237106,1.0546409656726499
49.74414534544545,1.055073845757523
49.77414784565381,1.0555066654371048
49.804150345862155,1.0559394242366755
49.8341528460705,1.0563721216815836
49.86415534627886,1.0568047572972437
49.894157846487204,1.0572373306091392
49.92416034669556,1.057669841142821
49.954162846903905,1.0581022884239093
49.98416534711226,1.0585346719780937
50.01416784732061,1.0589669913311333
50.04417034752896,1.0593992460088582
50.07417284773731,1.059831435537169
50.10417534794566,1.060263559442038
50.13417784815401,1.0606956172495092
50.164180348362365,1.0611276084856995
50.19418284857071,1.0615595326767981
50.224185348779066,1.061991389349069
50.254187848987414,1.0624231780288484
50.28419034919577,1.0628548982425492
50.314192849404115,1.0632865495166577
50.34419534961247,1.0637181313777366
50.37419784982082,1.0641496433524245
50.40420035002917,1.064581084967437
50.43420285023752,1.0650124557495664
50.46420535044587,1.065443755225683
50.49420785065422,1.0658749829227352
50.524210350862575,1.06630613836775
50.55421285107092,1.0667372210878336
50.584215351279276,1.0671682306101729
50.61421785148762,1.0675991664620335
50.64422035169598,1.0680300281707629
50.674222851904325,1.0684608152637898
50.70422535211267,1.0688915272686244
50.73422785232103,1.0693221637128598
50.764230352529374,1.069752724124171
50.79423285273773,1.0701832080303177
50.824235352946076,1.0706136149591423
50.85423785315443,1.0710439444385724
50.88424035336278,1.0714741959966203
50.91424285357113,1.0719043691613837
50.94424535377948,1.0723344634610463
50.97424785398783,1.0727644784238783
51.00425035419618,1.0731944135782374
51.034252854404535,1.0736242684525679
51.06425535461288,1.0740540425754026
51.09425785482124,1.0744837354753636
51.124260355029584,1.0749133466811607
51.15426285523794,1.0753428757215944
51.184265355446286,1.0757723221255546
51.21426785565464,1.0762016854220224
51.24427035586299,1.0766309651400696
51.27427285607134,1.0770601608088604
51.30427535627969,1.07748927195765
51.33427785648804,1.0779182981157875
51.36428035669639,1.0783472388127144
51.394282856904745,1.0787760935779664
51.42428535711309,1.0792048619411732
51.45428785732145,1.0796335434320592
51.484290357529794,1.0800621375804444
51.51429285773814,1.0804906439162445
51.544295357946496,1.0809190619694713
51.57429785815484,1.0813473912702334
51.6043003583632,1.0817756313487372
51.634302858571544,1.0822037817352865
51.6643053587799,1.0826318419602836
51.694307858988246,1.08305981155423
51.7243103591966,1.0834876900477262
51.75431285940495,1.0839154769714725
51.7843153596133,1.0843431718562702
51.81431785982165,1.084770774233021
51.844320360030004,1.085198283632729
51.87432286023835,1.0856256995864983
51.904325360446705,1.086053021625538
51.93432786065505,1.0864802492811583
51.96433036086341,1.0869073820847739
51.994332861071754,1.0873344195679029
52.02433536128011,1.0877613612621686
52.054337861488456,1.088188206699299
52.08434036169681,1.0886149554111275
52.11434286190516,1.089041606929594
52.14434536211351,1.089468160786745
52.17434786232186,1.0898946165147334
52.204350362530214,1.0903209736458206
52.23435286273856,1.0907472317123759
52.264355362946915,1.0911733902468768
52.29435786315526,1.0915994487819105
52.32436036336361,1.0920254068501738
52.354362863571964,1.0924512639844735
52.38436536378031,1.092877019717727
52.414367863988666,1.0933026735829634
52.44437036419701,1.0937282251133231
52.47437286440537,1.094153673842059
52.504375364613715,1.0945790193025364
52.53437786482207,1.0950042610282347
52.564380365030416,1.0954293985527457
52.59438286523877,1.0958544314097765
52.62438536544712,1.096279359133149
52.65438786565547,1.0967041812568
52.68439036586382,1.0971288973147821
52.714392866072174,1.097553506841265
52.74439536628052,1.0979780093705342
52.774397866488876,1.098402404436993
52.80440036669722,1.0988266915751632
52.83440286690558,1.0992508703196837
52.864405367113925,1.0996749402053132
52.89440786732228,1.1000989007669297
52.924410367530626,1.1005227515395306
52.95441286773898,1.1009464920582344
52.98441536794733,1.10137012185828
53.01441786815568,1.1017936404750284
53.04442036836403,1.1022170474439614
53.074422868572384,1.1026403423006845
53.10442536878073,1.1030635245809255
53.134427868989086,1.1034865938205356
53.16443036919743,1.1039095495554903
53.19443286940578,1.1043323913218892
53.224435369614135,1.1047551186559579
53.25443786982248,1.1051777310940458
53.284440370030836,1.10560022817263
53.31444287023918,1.1060226094283132
53.34444537044754,1.1064448743978255
53.374447870655885,1.106867022618024
53.40445037086424,1.1072890536258946
53.43445287107259,1.1077109669585512
53.46445537128094,1.1081327621532373
53.49445787148929,1.1085544387473254
53.52446037169764,1.1089759962783183
53.55446287190599,1.1093974342838495
53.584465372114344,1.1098187523016836
53.61446787232269,1.1102399498697166
53.644470372531046,1.1106610265259766
53.67447287273939,1.1110819818086248
53.70447537294775,1.111502815255955
53.734477873156095,1.1119235264063947
53.76448037336445,1.1123441147985058
53.7944828735728,1.1127645799709844
53.82448537378115,1.1131849214626626
53.8544878739895,1.1136051388125068
53.88449037419785,1.114025231559621
53.9144928744062,1.114445199243245
53.944495374614554,1.1148650414027559
53.9744978748229,1.1152847575776683
54.00450037503125,1.1157043473076358
54.0345028752396,1.1161238101324498
54.06450537544795,1.116543145592041
54.094507875656305,1.1169623532264805
54.12451037586465,1.1173814325759786
54.15451287607301,1.1178003831808874
54.184515376281354,1.1182192045816988
54.21451787648971,1.118637896319048
54.244520376698055,1.1190564579337112
54.27452287690641,1.119474888966608
54.30452537711476,1.1198931889588006
54.33452787732311,1.1203113574514958
54.36453037753146,1.1207293939860439
54.39453287773981,1.12114729810394
54.42453537794816,1.1215650693468249
54.454537878156515,1.1219827072564847
54.48454037836486,1.122400211374852
54.51454287857322,1.1228175812440058
54.544545378781564,1.1232348164061727
54.57454787898992,1.123651916403727
54.604550379198265,1.124068880779191
54.63455287940662,1.1244857090752363
54.66455537961497,1.1249024008346826
54.69455787982332,1.125318955600501
54.72456038003167,1.1257353729158113
54.75456288024002,1.1261516523238853
54.78456538044837,1.126567793368145
54.81456788065672,1.1269837955921649
54.84457038086507,1.1273996585396717
54.87457288107342,1.1278153817545442
54.904575381281774,1.1282309647808153
54.93457788149012,1.1286464071626714
54.964580381698475,1.1290617084444525
54.99458288190682,1.1294768681706544
55.02458538211518,1.1298918858859275
55.054587882323524,1.130306761135078
55.08459038253188,1.130721493463069
55.114592882740226,1.1311360824150192
55.14459538294858,1.1315505275362054
55.17459788315693,1.131964828372062
55.20460038336528,1.1323789844681817
55.23460288357363,1.132792995370316
55.26460538378198,1.133206860624375
55.29460788399033,1.1336205797764294
55.324610384198685,1.1340341523727098
55.35461288440703,1.1344475779596075
55.38461538461539,1.1348608560836748
55.414617884823734,1.1352739862916266
55.44462038503209,1.135686968130339
55.474622885240436,1.1360998011468513
55.50462538544879,1.136512484888366
55.53462788565714,1.1369250189022497
55.56463038586549,1.1373374027360328
55.59463288607384,1.1377496359374102
55.62463538628219,1.1381617180542423
55.65463788649054,1.1385736486345555
55.68464038669889,1.1389854272265416
55.71464288690724,1.1393970533785602
55.74464538711559,1.1398085266391373
55.774647887323944,1.1402198465569668
55.80465038753229,1.1406310126809105
55.834652887740646,1.1410420245599997
55.86465538794899,1.141452881743434
55.89465788815735,1.141863583780583
55.924660388365695,1.142274130220987
55.95466288857405,1.1426845206143557
55.984665388782396,1.143094754510571
56.01466788899075,1.1435048314596863
56.0446703891991,1.1439147510119267
56.07467288940745,1.1443245127176906
56.1046753896158,1.1447341161275486
56.134677889824154,1.1451435607922462
56.1646803900325,1.1455528462627016
56.194682890240855,1.1459619720900087
56.2246853904492,1.1463709378254359
56.25468789065756,1.1467797430204274
56.284690390865904,1.1471883872266035
56.31469289107426,1.147596869995761
56.344695391282606,1.1480051908798738
56.37469789149096,1.1484133494310935
56.40470039169931,1.148821345201749
56.43470289190766,1.149229177744349
56.46470539211601,1.1496368466115805
56.49470789232436,1.1500443513563097
56.52471039253271,1.1504516915315834
56.55471289274106,1.1508588666906288
56.58471539294941,1.1512658763868537
56.61471789315776,1.151672720173848
56.644720393366114,1.1520793976053831
56.67472289357446,1.1524859082354129
56.704725393782816,1.1528922516180744
56.73472789399116,1.153298427307688
56.76473039419952,1.1537044348587582
56.794732894407865,1.1541102738259734
56.82473539461622,1.1545159437642074
56.85473789482457,1.1549214442285192
56.88474039503292,1.1553267747741536
56.91474289524127,1.1557319349565418
56.94474539544962,1.1561369243313024
56.97474789565797,1.1565417424542404
57.004750395866324,1.1569463888813494
57.03475289607467,1.1573508631688105
57.064755396283026,1.1577551648729947
57.09475789649137,1.1581592935504612
57.12476039669973,1.15856324875796
57.154762896908075,1.1589670300524306
57.18476539711643,1.1593706369910035
57.214767897324776,1.1597740691310003
57.24477039753313,1.1601773260299346
57.27477289774148,1.160580407245512
57.304775397949825,1.160983312335631
57.33477789815818,1.1613860408583827
57.36478039836653,1.1617885923720528
57.39478289857488,1.1621909664351204
57.42478539878323,1.1625931626062593
57.45478789899158,1.1629951804443388
57.48479039919993,1.1633970195084233
57.514792899408285,1.163798679357774
57.54479539961663,1.1642001595518476
57.574797899824986,1.1646014596502992
57.604800400033334,1.16500257921298
57.63480290024169,1.16540351779994
57.664805400450035,1.165804274971428
57.69480790065839,1.166204850287891
57.72481040086674,1.1666052433099758
57.75481290107509,1.1670054535985295
57.78481540128344,1.167405480714599
57.81481790149179,1.1678053242194326
57.84482040170014,1.1682049836744797
57.874822901908495,1.1686044586413917
57.90482540211684,1.169003748682022
57.934827902325196,1.1694028533584273
57.96483040253354,1.1698017722328675
57.9948329027419,1.1702005048678066
58.024835402950245,1.1705990508259116
58.0548379031586,1.170997409670056
58.08484040336695,1.1713955809633172
58.1148429035753,1.171793564268979
58.14484540378365,1.1721913591505309
58.174847903991996,1.1725889651716694
58.20485040420035,1.1729863818962982
58.2348529044087,1.1733836088885283
58.26485540461705,1.1737806457126794
58.2948579048254,1.1741774919332788
58.32486040503375,1.174574147115064
58.3548629052421,1.1749706108229807
58.384865405450455,1.1753668826221861
58.4148679056588,1.1757629620780468
58.44487040586716,1.176158848756141
58.474872906075504,1.1765545422222574
58.50487540628386,1.1769500420423982
58.534877906492206,1.1773453477827762
58.56488040670056,1.1777404590098182
58.59488290690891,1.1781353752901642
58.62488540711726,1.1785300961906682
58.65488790732561,1.1789246212783975
58.68489040753396,1.1793189501206351
58.71489290774231,1.1797130822848791
58.744895407950665,1.1801070173388435
58.77489790815901,1.1805007548504576
58.80490040836737,1.1808942943878684
58.834902908575714,1.1812876355194393
58.86490540878407,1.181680777813752
58.894907908992415,1.1820737208396055
58.92491040920077,1.182466464166018
58.95491290940912,1.1828590073622265
58.984915409617464,1.1832513499976876
59.01491790982582,1.1836434916420773
59.044920410034166,1.184035431865293
59.07492291024252,1.1844271702374525
59.10492541045087,1.1848187063288949
59.13492791065922,1.1852100397101812
59.16493041086757,1.185601169952095
59.194932911075924,1.1859920966256428
59.22493541128427,1.1863828193020534
59.254937911492625,1.186773337552781
59.28494041170097,1.187163650949502
59.31494291190933,1.1875537590641194
59.344945412117674,1.18794366146876
59.37494791232603,1.1883333577357773
59.404950412534376,1.1887228474377496
59.43495291274273,1.1891121301474832
59.46495541295108,1.18950120543801
59.49495791315943,1.189890072882591
59.52496041336778,1.1902787320547135
59.554962913576134,1.1906671825280943
59.58496541378448,1.191055423876679
59.614967913992835,1.191443455674642
59.64497041420118,1.1918312774963884
59.67497291440954,1.1922188889165528
59.704975414617884,1.192606289510001
59.73497791482624,1.1929934788518297
59.764980415034586,1.1933804565173678
59.79498291524293,1.1937672220821762
59.82498541545129,1.1941537751220483
59.854987915659635,1.1945401152130104
59.88499041586799,1.194926241931323
59.914992916076336,1.1953121548534795
59.94499541628469,1.1956978535562093
59.97499791649304,1.1960833376164755
60.00500041670139,1.1964686066114774
60.03500291690974,1.1968536601186497
60.065005417118094,1.1972384977156636
60.09500791732644,1.1976231189804272
60.125010417534796,1.198007523491086
60.15501291774314,1.198391710826023
60.1850154179515,1.198775680563859
60.215017918159845,1.1991594322834545
60.2450204183682,1.1995429655639083
60.275022918576546,1.199926279984559
60.3050254187849,1.2003093751249854
60.33502791899325,1.2006922505650064
60.3650304192016,1.2010749058846824
60.39503291940995,1.201457340664315
60.425035419618304,1.2018395544844476
60.45503791982665,1.2022215469258657
60.485040420035006,1.2026033175695985
60.51504292024335,1.2029848659969176
60.54504542045171,1.2033661917893386
60.575047920660055,1.2037472945286214
60.60505042086841,1.2041281737967704
60.635052921076756,1.204508829176035
60.6650554212851,1.2048892602489105
60.69505792149346,1.2052694665981383
60.725060421701805,1.2056494478067055
60.75506292191016,1.206029203457847
60.78506542211851,1.2064087331350446
60.81506792232686,1.2067880364220283
60.84507042253521,1.2071671129027757
60.87507292274356,1.2075459621615146
60.90507542295191,1.2079245837827202
60.935077923160264,1.2083029773511187
60.96508042336861,1.2086811424516857
60.995082923576966,1.2090590786696478
61.02508542378531,1.2094367855904826
61.05508792399367,1.2098142627999193
61.085090424202015,1.2101915098839384
61.11509292441037,1.2105685264287733
61.14509542461872,1.2109453120209106
61.17509792482707,1.2113218662470897
61.20510042503542,1.211698188694304
61.23510292524377,1.2120742789498005
61.26510542545212,1.2124501366010816
61.295107925660474,1.2128257612359048
61.32511042586882,1.213201152442283
61.355112926077176,1.2135763098084849
61.38511542628552,1.2139512329230358
61.41511792649388,1.2143259213747182
61.445120426702225,1.2147003747525715
61.47512292691057,1.2150745926458937
61.50512542711893,1.2154485746442403
61.535127927327274,1.2158223203374257
61.56513042753563,1.2161958293155237
61.595132927743975,1.216569101168868
61.62513542795233,1.2169421354880514
61.65513792816068,1.2173149318639283
61.68514042836903,1.2176874898876133
61.71514292857738,1.218059809150483
61.74514542878573,1.2184318892441754
61.77514792899408,1.2188037297605914
61.805150429202435,1.219175330291894
61.83515292941078,1.2195466904305097
61.865155429619136,1.2199178097691288
61.895157929827484,1.2202886879007055
61.92516043003584,1.220659324418459
61.955162930244185,1.2210297189158728
61.98516543045254,1.2213998709866964
62.01516793066089,1.2217697802249448
62.04517043086924,1.2221394462248998
62.07517293107759,1.2225088685811096
62.10517543128594,1.2228780468883897
62.13517793149429,1.2232469807418236
62.165180431702645,1.2236156697367624
62.19518293191099,1.223984113468826
62.225185432119346,1.2243523115339037
62.25518793232769,1.2247202635281536
62.28519043253604,1.2250879690480037
62.315192932744395,1.225455427690153
62.34519543295274,1.2258226390515707
62.3751979331611,1.2261896027294974
62.405200433369444,1.2265563183214454
62.4352029335778,1.2269227854251992
62.465205433786146,1.2272890036388153
62.4952079339945,1.2276549725606238
62.52521043420285,1.2280206917892282
62.5552129344112,1.2283861609235056
62.58521543461955,1.2287513795626073
62.6152179348279,1.2291163473059596
62.64522043503625,1.2294810637532638
62.675222935244605,1.2298455285044971
62.70522543545295,1.2302097411599127
62.73522793566131,1.23057370132004
62.765230435869654,1.2309374085856852
62.79523293607801,1.231300862557933
62.825235436286356,1.2316640628381443
62.85523793649471,1.23202700902796
62.88524043670306,1.2323897007292977
62.91524293691141,1.2327521375443558
62.94524543711976,1.2331143190756115
62.97524793732811,1.2334762449258225
63.00525043753646,1.233837914698026
63.035252937744815,1.234199327995541
63.06525543795316,1.234560484421967
63.09525793816152,1.2349213835811863
63.125260438369864,1.2352820250773624
63.15526293857821,1.2356424085149418
63.185265438786566,1.2360025334986542
63.21526793899491,1.2363623996335122
63.24527043920327,1.2367220065248128
63.275272939411614,1.2370813537781373
63.30527543961997,1.2374404409993518
63.335277939828316,1.2377992677946072
63.36528044003667,1.238157833770341
63.39528294024502,1.238516138533275
63.42528544045337,1.2388741816904194
63.45528794066172,1.2392319628490704
63.485290440870074,1.2395894816168116
63.51529294107842,1.2399467376015143
63.545295441286775,1.2403037304113387
63.57529794149512,1.2406604596547326
63.60530044170348,1.2410169249404341
63.635302941911824,1.2413731258774694
63.66530544212018,1.241729062075156
63.695307942328526,1.2420847331431006
63.72531044253688,1.2424401386912018
63.75531294274523,1.2427952783296483
63.78531544295358,1.2431501516689218
63.81531794316193,1.2435047583197945
63.845320443370284,1.2438590978933324
63.87532294357863,1.2442131700008936
63.905325443786985,1.2445669742541305
63.93532794399533,1.244920510264988
63.96533044420368,1.2452737776457061
63.995332944412034,1.2456267760088195
64.02533544462038,1.2459795049671574
64.05533794482874,1.2463319641338448
64.08534044503709,1.246684153122303
64.11534294524543,1.2470360715462483
64.14534544545378,1.2473877190196956
64.17534794566214,1.2477390951569554
64.2053504458705,1.248090199572637
64.23535294607883,1.2484410318816468
64.26535544628719,1.2487915916991903
64.29535794649554,1.249141878640771
64.3253604467039,1.2494918923221932
64.35536294691224,1.2498416323595594
64.38536544712059,1.2501910983692728
64.41536794732895,1.2505402899680376
64.4453704475373,1.250889206772858
64.47537294774564,1.2512378484010407
64.505375447954,1.2515862144701935
64.53537794816235,1.2519343045982265
64.5653804483707,1.2522821184033528
64.59538294857904,1.252629655504088
64.6253854487874,1.2529769155192516
64.65538794899575,1.2533238980679675
64.6853904492041,1.2536706027696627
64.71539294941245,1.2540170292440695
64.7453954496208,1.2543631771112262
64.77539794982916,1.2547090459914754
64.8054004500375,1.2550546355054664
64.83540295024585,1.2553999452741547
64.8654054504542,1.2557449749188028
64.89540795066256,1.25608972406098
64.9254104508709,1.2564341923225641
64.95541295107925,1.25677837932574
64.98541545128761,1.257122284693002
65.01541795149596,1.2574659080471524
65.0454204517043,1.257809249011303
65.07542295191266,1.2581523072088765
65.10542545212101,1.258495082263604
65.13542795232937,1.2588375737995285
65.1654304525377,1.2591797814410026
65.19543295274606,1.2595217048126923
65.22543545295441,1.2598633435395734
65.25543795316277,1.260204697246935
65.28544045337111,1.2605457655603778
65.31544295357946,1.2608865481058174
65.34544545378782,1.261227044509481
65.37544795399617,1.2615672543979104
65.40545045420451,1.2619071773979615
65.43545295441287,1.2622468131368048
65.46545545462122,1.2625861612419262
65.49545795482958,1.262925221341127
65.52546045503792,1.263263993062524
65.55546295524627,1.2636024760345506
65.58546545545462,1.2639406698859568
65.61546795566296,1.2642785742458096
65.64547045587132,1.2646161887434944
65.67547295607967,1.2649535130087128
65.70547545628803,1.2652905466714865
65.73547795649637,1.2656272893621547
65.76548045670472,1.2659637407113764
65.79548295691308,1.26629990035013
65.82548545712143,1.2666357679097136
65.85548795732977,1.2669713430217457
65.88549045753813,1.2673066253181662
65.91549295774648,1.2676416144312355
65.94549545795483,1.2679763099935355
65.97549795816317,1.2683107116379704
66.00550045837153,1.2686448189977666
66.03550295857988,1.2689786317064737
66.06550545878824,1.2693121493979638
66.09550795899658,1.2696453717064327
66.12551045920493,1.269978298266401
66.15551295941329,1.2703109287127123
66.18551545962164,1.2706432626805364
66.21551795982998,1.2709752998053672
66.24552046003834,1.2713070397230246
66.27552296024669,1.2716384820696547
66.30552546045504,1.2719696264817295
66.33552796066338,1.272300472596048
66.36553046087174,1.272631020049737
66.3955329610801,1.2729612684802496
66.42553546128845,1.2732912175253674
66.45553796149679,1.2736208668232012
66.48554046170514,1.2739502160121892
66.5155429619135,1.2742792647311
66.54554546212184,1.2746080126190305
66.57554796233019,1.274936459315409
66.60555046253855,1.2752646044599931
66.6355529627469,1.2755924476928713
66.66555546295524,1.2759199886544632
66.6955579631636,1.2762472269855207
66.72556046337195,1.2765741623271265
66.7555629635803,1.2769007943206963
66.78556546378864,1.2772271226079783
66.815567963997,1.2775531468310541
66.84557046420535,1.2778788666323386
66.8755729644137,1.2782042816545802
66.90557546462205,1.2785293915408622
66.9355779648304,1.278854195934602
66.96558046503876,1.279178694479553
66.99558296524711,1.2795028868198028
67.02558546545545,1.279826772599776
67.0555879656638,1.2801503514642325
67.08559046587216,1.2804736230582696
67.11559296608051,1.2807965870273215
67.14559546628885,1.2811192430171585
67.17559796649721,1.2814415906738907
67.20560046670556,1.2817636296439654
67.23560296691392,1.2820853595741681
67.26560546712226,1.282406780111624
67.29560796733061,1.2827278909037974
67.32561046753897,1.2830486915984918
67.3556129677473,1.2833691818438515
67.38561546795566,1.2836893612883613
67.41561796816401,1.2840092295808463
67.44562046837237,1.2843287863704735
67.47562296858071,1.284648031306751
67.50562546878906,1.2849669640395296
67.53562796899742,1.2852855842190019
67.56563046920577,1.2856038914957035
67.59563296941411,1.2859218855205135
67.62563546962247,1.2862395659446542
67.65563796983082,1.286556932419692
67.68564047003917,1.2868739845975377
67.71564297024752,1.2871907221304464
67.74564547045587,1.2875071446710191
67.77564797066422,1.287823251872202
67.80565047087258,1.2881390433872864
67.83565297108092,1.2884545188699108
67.86565547128927,1.28876967797406
67.89565797149763,1.289084520354066
67.92566047170598,1.2893990456646074
67.95566297191432,1.2897132535607116
67.98566547212268,1.2900271436977535
68.01566797233103,1.290340715731457
68.04567047253938,1.290653969317894
68.07567297274772,1.2909669041134868
68.10567547295608,1.2912795197750069
68.13567797316443,1.2915918159595752
68.16568047337277,1.2919037923246637
68.19568297358113,1.2922154485280954
68.22568547378948,1.2925267842280441
68.25568797399784,1.2928377990830346
68.28569047420618,1.2931484927519445
68.31569297441453,1.2934588648940033
68.34569547462289,1.2937689151687932
68.37569797483124,1.2940786432362492
68.40570047503958,1.29438804875666
68.43570297524793,1.2946971313906677
68.46570547545629,1.2950058907992692
68.49570797566464,1.2953143266438154
68.52571047587298,1.295622438586012
68.55571297608134,1.2959302262879204
68.58571547628969,1.2962376894119572
68.61571797649805,1.2965448276208953
68.64572047670639,1.2968516405778636
68.67572297691474,1.2971581279463484
68.7057254771231,1.2974642893901924
68.73572797733145,1.2977701245735964
68.76573047753979,1.298075633161118
68.79573297774814,1.2983808148176748
68.8257354779565,1.2986856692085411
68.85573797816485,1.298990195999351
68.8857404783732,1.2992943948560982
68.91574297858155,1.2995982654451357
68.9457454787899,1.2999018074331763
68.97574797899824,1.3002050204872937
69.0057504792066,1.3005079042749224
69.03575297941495,1.3008104584638573
69.0657554796233,1.3011126827222559
69.09575797983165,1.3014145767186367
69.12576048004,1.3017161401218806
69.15576298024835,1.3020173726012318
69.18576548045671,1.3023182738262962
69.21576798066505,1.302618843467044
69.2457704808734,1.3029190811938087
69.27577298108176,1.3032189866772885
69.30577548129011,1.3035185595885446
69.33577798149845,1.3038177995990043
69.3657804817068,1.3041167063804593
69.39578298191516,1.3044152796050672
69.42578548212352,1.3047135189453516
69.45578798233186,1.305011424074201
69.48579048254021,1.3053089946648726
69.51579298274856,1.3056062303909886
69.54579548295692,1.3059031309265394
69.57579798316526,1.306199695945883
69.60580048337361,1.3064959251237453
69.63580298358197,1.3067918181352205
69.66580548379032,1.3070873746557716
69.69580798399866,1.3073825943612303
69.72581048420702,1.3076774769277986
69.75581298441537,1.3079720220320472
69.78581548462371,1.3082662293509175
69.81581798483207,1.3085600985617216
69.84582048504042,1.308853629342142
69.87582298524877,1.3091468213702326
69.90582548545711,1.3094396743244185
69.93582798566547,1.3097321878834975
69.96583048587382,1.310024361726639
69.99583298608218,1.3103161955333849
70.02583548629052,1.3106076889836502
70.05583798649887,1.3108988417577239
70.08584048670723,1.3111896535362677
70.11584298691558,1.3114801240003178
70.14584548712392,1.311770252831284
70.17584798733228,1.3120600397109525
70.20585048754063,1.312349484321483
70.23585298774898,1.3126385863454106
70.26585548795732,1.3129273454656472
70.29585798816568,1.31321576136548
70.32586048837403,1.3135038337285732
70.35586298858239,1.313791562238967
70.38586548879073,1.3140789465810798
70.41586798899908,1.3143659864397064
70.44587048920744,1.3146526815000201
70.47587298941579,1.3149390314475724
70.50587548962413,1.3152250359682924
70.53587798983249,1.31551069474849
70.56588049004084,1.315796007474852
70.59588299024918,1.3160809738344463
70.62588549045753,1.3163655935147205
70.65588799066589,1.316649866203502
70.68589049087424,1.3169337915889987
70.71589299108258,1.3172173693598
70.74589549129094,1.3175005992048763
70.77589799149929,1.3177834808135793
70.80590049170765,1.3180660138756433
70.83590299191599,1.3183481980811842
70.86590549212434,1.318630033120701
70.8959079923327,1.3189115186850755
70.92591049254105,1.3191926544655728
70.95591299274939,1.3194734401538413
70.98591549295774,1.3197538754419145
71.0159179931661,1.3200339600222086
71.04592049337445,1.3203136935875261
71.0759229935828,1.3205930758310531
71.10592549379115,1.3208721064463622
71.1359279939995,1.3211507851274105
71.16593049420786,1.3214291115685424
71.1959329944162,1.3217070854644872
71.22593549462455,1.3219847065103623
71.2559379948329,1.322261974401671
71.28594049504126,1.3225388888343046
71.3159429952496,1.3228154495045419
71.34594549545795,1.3230916561090493
71.37594799566631,1.3233675083448824
71.40595049587466,1.3236430059094846
71.435952996083,1.3239181485006888
71.46595549629136,1.324192935816717
71.49595799649971,1.3244673675561813
71.52596049670805,1.324741443418083
71.5559629969164,1.3250151631018152
71.58596549712476,1.3252885263071597
71.61596799733312,1.3255615327342902
71.64597049754146,1.3258341820837725
71.67597299774981,1.3261064740565627
71.70597549795816,1.3263784083540098
71.73597799816652,1.3266499846778548
71.76598049837486,1.326921202730231
71.79598299858321,1.3271920622136655
71.82598549879157,1.3274625628310779
71.85598799899992,1.3277327042857816
71.88599049920826,1.3280024862814839
71.91599299941662,1.3282719085222867
71.94599549962497,1.328540970712686
71.97599799983333,1.3288096725575733
72.00600050004167,1.3290780137622342
72.03600300025002,1.3293459940323515
72.06600550045837,1.3296136130740026
72.09600800066673,1.3298808705936616
72.12601050087507,1.3301477662981986
72.15601300108342,1.3304142998948816
72.18601550129178,1.3306804710913747
72.21601800150013,1.3309462795957399
72.24602050170847,1.3312117251164368
72.27602300191683,1.331476807362324
72.30602550212518,1.3317415260426573
72.33602800233352,1.3320058808670918
72.36603050254188,1.332269871545682
72.39603300275023,1.3325334977888814
72.42603550295858,1.3327967593075434
72.45603800316692,1.3330596558129209
72.48604050337528,1.333322187016668
72.51604300358363,1.333584352630839
72.54604550379199,1.3338461523678893
72.57604800400033,1.3341075859406755
72.60605050420868,1.3343686530624557
72.63605300441704,1.33462935344689
72.66605550462539,1.334889686808041
72.69605800483373,1.3351496528603737
72.72606050504208,1.3354092513187559
72.75606300525044,1.3356684818984585
72.7860655054588,1.335927344315156
72.81606800566713,1.3361858382849268
72.84607050587549,1.3364439635242533
72.87607300608384,1.3367017197500224
72.9060755062922,1.3369591066795254
72.93607800650054,1.3372161240304592
72.96608050670889,1.3374727715209258
72.99608300691725,1.3377290488694327
73.0260855071256,1.3379849557948935
73.05608800733394,1.3382404920166282
73.0860905075423,1.3384956572543634
73.11609300775065,1.3387504512282322
73.14609550795899,1.3390048736587752
73.17609800816734,1.3392589242669408
73.2061005083757,1.339512602774085
73.23610300858405,1.3397659089019713
73.26610550879239,1.3400188423727726
73.29610800900075,1.3402714029090699
73.3261105092091,1.3405235902338535
73.35611300941746,1.340775404070523
73.3861155096258,1.3410268441428879
73.41611800983415,1.3412779101751668
73.4461205100425,1.3415286018919894
73.47612301025086,1.3417789190183957
73.5061255104592,1.3420288612798366
73.53612801066755,1.342278428402174
73.56613051087591,1.3425276201116814
73.59613301108426,1.3427764361350436
73.6261355112926,1.3430248761993584
73.65613801150096,1.343272940032135
73.68614051170931,1.3435206273612958
73.71614301191767,1.343767937915176
73.746145512126,1.344014871422524
73.77614801233436,1.3442614276125018
73.80615051254271,1.3445076062146852
73.83615301275107,1.3447534069590645
73.86615551295941,1.3449988295760436
73.89615801316776,1.3452438737964418
73.92616051337612,1.3454885393514937
73.95616301358446,1.3457328259728483
73.98616551379281,1.345976733392571
74.01616801400117,1.3462202613431427
74.04617051420952,1.3464634095574606
74.07617301441786,1.3467061777688383
74.10617551462622,1.3469485657110067
74.13617801483457,1.347190573118113
74.16618051504292,1.3474321997247225
74.19618301525126,1.3476734452658174
74.22618551545962,1.347914309476799
74.25618801566797,1.3481547920934853
74.28619051587633,1.3483948928521143
74.31619301608467,1.348634611489342
74.34619551629302,1.3488739477422433
74.37619801650138,1.3491129013483136
74.40620051670973,1.3493514720454667
74.43620301691807,1.3495896595720374
74.46620551712643,1.34982746366678
74.49620801733478,1.3500648840688698
74.52621051754313,1.3503019205179032
74.55621301775147,1.3505385727538965
74.58621551795983,1.3507748405172892
74.61621801816818,1.351010723548941
74.64622051837654,1.351246221590134
74.67622301858488,1.351481334382573
74.70622551879323,1.3517160616683848
74.73622801900159,1.3519504031901195
74.76623051920993,1.3521843586907496
74.79623301941828,1.352417927913672
74.82623551962664,1.3526511106027064
74.85623801983499,1.3528839065020968
74.88624052004333,1.3531163153565113
74.91624302025168,1.353348336911043
74.94624552046004,1.353579970911209
74.9762480206684,1.353811217102952
75.00625052087673,1.3540420752326399
75.03625302108509,1.3542725450470665
75.06625552129344,1.3545026262934508
75.0962580215018,1.3547323187194387
75.12626052171014,1.3549616220731024
75.15626302191849,1.3551905361029406
75.18626552212685,1.3554190605578793
75.2162680223352,1.3556471951872715
75.24627052254354,1.355874939740898
75.2762730227519,1.356102293968967
75.30627552296025,1.356329257622116
75.3362780231686,1.3565558304514092
75.36628052337694,1.3567820122083405
75.3962830235853,1.3570078026448327
75.42628552379365,1.3572332015132376
75.456288024002,1.3574582085663363
75.48629052421035,1.35768282355734
75.5162930244187,1.3579070462398897
75.54629552462706,1.3581308763680568
75.5762980248354,1.3583543136963434
75.60630052504375,1.3585773579796818
75.6363030252521,1.3588000089734364
75.66630552546046,1.359022266433402
75.6963080256688,1.3592441301158051
75.72631052587715,1.3594655997773053
75.75631302608551,1.3596866751749925
75.78631552629386,1.3599073560663908
75.8163180265022,1.3601276422094557
75.84632052671056,1.3603475333625763
75.87632302691891,1.3605670292845748
75.90632552712727,1.3607861297347073
75.9363280273356,1.3610048344726624
75.96633052754396,1.3612231432585644
75.99633302775231,1.3614410558529706
76.02633552796067,1.3616585720168732
76.05633802816901,1.3618756915116996
76.08634052837736,1.3620924140993118
76.11634302858572,1.3623087395420073
76.14634552879407,1.3625246676025191
76.17634802900241,1.3627401980440164
76.20635052921077,1.3629553306301039
76.23635302941912,1.3631700651248235
76.26635552962748,1.3633844012926528
76.29635802983582,1.3635983388985067
76.32636053004417,1.3638118777077377
76.35636303025252,1.3640250174861348
76.38636553046088,1.3642377579999256
76.41636803066922,1.3644500990157749
76.44637053087757,1.3646620403007859
76.47637303108593,1.3648735816225004
76.50637553129427,1.3650847227488985
76.53637803150262,1.3652954634483998
76.56638053171098,1.3655058034898624
76.59638303191933,1.3657157426425846
76.62638553212767,1.3659252806763036
76.65638803233603,1.3661344173611971
76.68639053254438,1.366343152467883
76.71639303275273,1.3665514857674195
76.74639553296107,1.366759417031305
76.77639803316943,1.3669669460314804
76.80640053337778,1.3671740725403259
76.83640303358614,1.3673807963306643
76.86640553379448,1.3675871171757596
76.89640803400283,1.3677930348493184
76.92641053421119,1.3679985491254887
76.95641303441954,1.3682036597788616
76.98641553462788,1.3684083665844704
77.01641803483624,1.368612669317792
77.04642053504459,1.3688165677547457
77.07642303525294,1.3690200616716943
77.10642553546128,1.3692231508454453
77.13642803566964,1.3694258350532489
77.16643053587799,1.3696281140728002
77.19643303608635,1.369829987682238
77.22643553629469,1.370031455660147
77.25643803650304,1.3702325177855552
77.2864405367114,1.3704331738379374
77.31644303691974,1.3706334235972122
77.34644553712809,1.3708332668437453
77.37644803733644,1.3710327033583471
77.4064505375448,1.3712317329222745
77.43645303775314,1.371430355317231
77.4664555379615,1.3716285703253666
77.49645803816985,1.3718263777292776
77.5264605383782,1.372023777312008
77.55646303858654,1.3722207688570491
77.5864655387949,1.372417352148339
77.61646803900325,1.3726135269702646
77.6464705392116,1.37280929310766
77.67647303941995,1.3730046503458078
77.7064755396283,1.3731995984704395
77.73647803983665,1.3733941372677343
77.76648054004501,1.3735882665243215
77.79648304025335,1.373781986027279
77.8264855404617,1.3739752955641342
77.85648804067006,1.3741681949228641
77.88649054087841,1.3743606838918958
77.91649304108675,1.3745527622601057
77.9464955412951,1.3747444298168223
77.97649804150346,1.3749356863518227
78.00650054171182,1.375126531655336
78.03650304192016,1.3753169655180422
78.06650554212851,1.3755069877310722
78.09650804233686,1.3756965980860085
78.1265105425452,1.3758857963748856
78.15651304275356,1.3760745823901899
78.18651554296191,1.3762629559248598
78.21651804317027,1.3764509167722863
78.24652054337861,1.3766384647263123
78.27652304358696,1.376825599581235
78.30652554379532,1.3770123211318037
78.33652804400367,1.377198629173221
78.36653054421201,1.377384523501143
78.39653304442037,1.3775700039116805
78.42653554462872,1.3777550702013968
78.45653804483707,1.3779397221673109
78.48654054504541,1.3781239596068948
78.51654304525377,1.3783077823180765
78.54654554546212,1.378491190099238
78.57654804567048,1.3786741827492168
78.60655054587882,1.3788567600673052
78.63655304608717,1.3790389218532517
78.66655554629553,1.3792206679072603
78.69655804650388,1.379401998029991
78.72656054671222,1.3795829120225596
78.75656304692058,1.379763409686539
78.78656554712893,1.3799434908239583
78.81656804733728,1.3801231552373034
78.84657054754562,1.3803024027295174
78.87657304775398,1.380481233104001
78.90657554796233,1.3806596461646117
78.93657804817067,1.3808376417156654
78.96658054837903,1.3810152195619352
78.99658304858738,1.3811923795086534
79.02658554879574,1.3813691213615094
79.05658804900408,1.381545444926652
79.08659054921243,1.3817213500106886
79.11659304942079,1.3818968364206854
79.14659554962914,1.3820719039641682
79.17659804983748,1.3822465524491219
79.20660055004583,1.382420781683991
79.23660305025419,1.38259459147768
79.26660555046254,1.3827679816395535
79.29660805067088,1.382940951979436
79.32661055087924,1.3831135023076129
79.35661305108759,1.3832856324348297
79.38661555129595,1.3834573421722938
79.41661805150429,1.3836286313316724
79.44662055171264,1.3837994997250949
79.476623051921,1.3839699471651519
79.50662555212935,1.3841399734648956
79.53662805233769,1.3843095784378405
79.56663055254604,1.3844787618979626
79.5966330527544,1.3846475236597011
79.62663555296275,1.3848158635379566
79.6566380531711,1.3849837813480934
79.68664055337945,1.3851512769059382
79.7166430535878,1.385318350027781
79.74664555379614,1.385485000530375
79.7766480540045,1.385651228230937
79.80665055421285,1.385817032947148
79.8366530544212,1.3859824144971518
79.86665555462955,1.3861473726995577
79.8966580548379,1.386311907373438
79.92666055504625,1.3864760183383307
79.95666305525461,1.3866397054142376
79.98666555546295,1.3868029684216263
80.0166680556713,1.3869658071814286
80.04667055587966,1.3871282215150424
80.07667305608801,1.3872902112443306
80.10667555629635,1.387451776191622
80.1366780565047,1.3876129161797115
80.16668055671306,1.3877736310318594
80.19668305692142,1.3879339205717933
80.22668555712976,1.3880937846237065
80.25668805733811,1.3882532230122595
80.28669055754646,1.388412235562579
80.31669305775482,1.3885708221002595
80.34669555796316,1.3887289824513622
80.37669805817151,1.3888867164424161
80.40670055837987,1.3890440239004178
80.43670305858822,1.3892009046528315
80.46670555879656,1.3893573585275898
80.49670805900492,1.3895133853530928
80.52671055921327,1.3896689849582096
80.55671305942161,1.3898241571722778
80.58671555962997,1.3899789018251036
80.61671805983832,1.3901332187469624
80.64672056004667,1.3902871077685985
80.67672306025501,1.3904405687212253
80.70672556046337,1.3905936014365263
80.73672806067172,1.3907462057466544
80.76673056088008,1.3908983814842324
80.79673306108842,1.3910501284823529
80.82673556129677,1.391201446574579
80.85673806150513,1.3913523355949444
80.88674056171348,1.391502795377953
80.91674306192182,1.3916528257585798
80.94674556213018,1.3918024265722706
80.97674806233853,1.3919515976549428
81.00675056254688,1.392100338842984
81.03675306275522,1.3922486499732547
81.06675556296358,1.3923965308830861
81.09675806317193,1.392543981410282
81.12676056338029,1.3926910013931175
81.15676306358863,1.3928375906703405
81.18676556379698,1.392983749081171
81.21676806400534,1.3931294764653015
81.24677056421369,1.3932747726628976
81.27677306442203,1.3934196375145977
81.30677556463039,1.3935640708615131
81.33677806483874,1.3937080725452287
81.3667805650471,1.3938516424078027
81.39678306525543,1.3939947802917665
81.42678556546379,1.394137486040126
81.45678806567214,1.394279759496361
81.48679056588048,1.3944216005044245
81.51679306608884,1.3945630089087453
81.54679556629719,1.3947039845542255
81.57679806650555,1.3948445272862422
81.60680056671389,1.3949846369506473
81.63680306692224,1.3951243133937683
81.6668055671306,1.3952635564624067
81.69680806733895,1.3954023660038404
81.72681056754729,1.395540741865822
81.75681306775564,1.3956786838965805
81.786815567964,1.39581619194482
81.81681806817235,1.395953265859721
81.84682056838069,1.39608990549094
81.87682306858905,1.39622611068861
81.9068255687974,1.3963618813033405
81.93682806900576,1.3964972171862176
81.9668305692141,1.396632118188804
81.99683306942245,1.3967665841631394
82.0268355696308,1.3969006149617411
82.05683806983916,1.3970342104376035
82.0868405700475,1.397167370444198
82.11684307025585,1.3973000948354741
82.14684557046421,1.3974323834658593
82.17684807067256,1.3975642361902583
82.2068505708809,1.397695652864054
82.23685307108926,1.3978266333431089
82.26685557129761,1.3979571774837622
82.29685807150595,1.3980872851428323
82.3268605717143,1.3982169561776168
82.35686307192266,1.3983461904458916
82.38686557213101,1.398474987805912
82.41686807233935,1.3986033481164122
82.44687057254771,1.3987312712366058
82.47687307275606,1.3988587570261866
82.50687557296442,1.3989858053453268
82.53687807317276,1.3991124160546793
82.56688057338111,1.3992385890153771
82.59688307358947,1.3993643240890328
82.62688557379782,1.3994896211377394
82.65688807400616,1.3996144800240709
82.68689057421452,1.3997389006110807
82.71689307442287,1.3998628827623039
82.74689557463122,1.3999864263417565
82.77689807483956,1.4001095312139349
82.80690057504792,1.4002321972438172
82.83690307525627,1.4003544242968624
82.86690557546463,1.4004762122390113
82.89690807567297,1.4005975609366865
82.92691057588132,1.4007184702567916
82.95691307608968,1.4008389400667132
82.98691557629803,1.4009589702343188
83.01691807650637,1.401078560627959
83.04692057671473,1.4011977111164664
83.07692307692308,1.4013164215691558
83.10692557713142,1.4014346918558251
83.13692807733977,1.4015525218467553
83.16693057754813,1.4016699114127091
83.19693307775648,1.4017868604249333
83.22693557796482,1.4019033687551574
83.25693807817318,1.4020194362755949
83.28694057838153,1.4021350628589417
83.31694307858989,1.4022502483783785
83.34694557879823,1.402364992707569
83.37694807900658,1.4024792957206607
83.40695057921494,1.4025931572922858
83.43695307942329,1.4027065772975602
83.46695557963163,1.4028195556120844
83.49695807983998,1.4029320921119428
83.52696058004834,1.4030441866737051
83.5569630802567,1.4031558391744252
83.58696558046503,1.403267049491642
83.61696808067339,1.4033778175033795
83.64697058088174,1.403488143088147
83.6769730810901,1.4035980261249383
83.70697558129844,1.4037074664932332
83.73697808150679,1.4038164640729973
83.76698058171515,1.4039250187446812
83.7969830819235,1.4040331303892215
83.82698558213184,1.404140798888041
83.8569880823402,1.404248024123048
83.88699058254855,1.4043548059766373
83.91699308275689,1.4044611443316903
83.94699558296524,1.4045670390715743
83.9769980831736,1.4046724900801433
84.00700058338195,1.4047774972417382
84.03700308359029,1.4048820604411867
84.06700558379865,1.404986179563803
84.097008084007,1.405089854495389
84.12701058421536,1.4051930851222332
84.1570130844237,1.4052958713311117
84.18701558463205,1.4053982130092884
84.2170180848404,1.405500110044514
84.24702058504876,1.4056015623250273
84.2770230852571,1.405702569739555
84.30702558546545,1.405803132177312
84.33702808567381,1.4059032495280002
84.36703058588216,1.4060029216818106
84.3970330860905,1.4061021485294225
84.42703558629886,1.406200929962003
84.45703808650721,1.4062992658712083
84.48704058671557,1.406397156149183
84.5170430869239,1.4064946006885606
84.54704558713226,1.4065915993824631
84.57704808734061,1.4066881521245023
84.60705058754897,1.406784258808778
84.63705308775731,1.4068799193298804
84.66705558796566,1.4069751335828884
84.69705808817402,1.4070699014633703
84.72706058838236,1.4071642228673844
84.75706308859071,1.4072580976914781
84.78706558879907,1.4073515258326896
84.81706808900742,1.407444507188546
84.84707058921576,1.407537041657065
84.87707308942412,1.407629129136754
84.90707558963247,1.4077207695266112
84.93707808984082,1.4078119627261252
84.96708059004916,1.4079027086352742
84.99708309025752,1.407993007154528
85.02708559046587,1.4080828581848466
85.05708809067423,1.4081722616276808
85.08709059088257,1.4082612173849725
85.11709309109092,1.4083497253591548
85.14709559129928,1.4084377854531511
85.17709809150763,1.4085253975703773
85.20710059171597,1.4086125616147394
85.23710309192433,1.4086992774906357
85.26710559213268,1.4087855451029556
85.29710809234103,1.4088713643570805
85.32711059254937,1.4089567351588832
85.35711309275773,1.4090416574147286
85.38711559296608,1.4091261310314735
85.41711809317444,1.409210155916467
85.44712059338278,1.4092937319775496
85.47712309359113,1.4093768591230553
85.50712559379949,1.4094595372618093
85.53712809400783,1.40954176630313
85.56713059421618,1.409623546156828
85.59713309442454,1.409704876733207
85.62713559463289,1.409785757943063
85.65713809484123,1.409866189697685
85.68714059504958,1.4099461719088549
85.71714309525794,1.410025704488848
85.74714559546629,1.4101047873504324
85.77714809567463,1.41018342040687
85.80715059588299,1.4102616035719149
85.83715309609134,1.410339336759816
85.8671555962997,1.410416619885315
85.89715809650804,1.410493452863647
85.92716059671639,1.4105698356105414
85.95716309692475,1.4106457680422215
85.9871655971331,1.4107212500754038
86.01716809734144,1.4107962816272992
86.0471705975498,1.410870862615613
86.07717309775815,1.410944992958544
86.1071755979665,1.411018672574786
86.13717809817484,1.4110919013835264
86.1671805983832,1.4111646793044477
86.19718309859155,1.4112370062577266
86.2271855987999,1.4113088821640347
86.25718809900825,1.411380306944538
86.2871905992166,1.4114512805208972
86.31719309942495,1.4115218028152685
86.34719559963331,1.4115918737503022
86.37719809984165,1.4116614932491445
86.40720060005,1.4117306612354361
86.43720310025836,1.4117993776333135
86.4672056004667,1.4118676423674077
86.49720810067505,1.4119354553628463
86.52721060088341,1.4120028165452507
86.55721310109176,1.4120697258407395
86.5872156013001,1.412136183175926
86.61721810150846,1.4122021884779195
86.64722060171681,1.412267741674325
86.67722310192516,1.4123328426932433
86.7072256021335,1.4123974914632713
86.73722810234186,1.412461687913502
86.76723060255021,1.412525431973524
86.79723310275857,1.4125887235734231
86.82723560296691,1.4126515626437803
86.85723810317526,1.4127139491156733
86.88724060338362,1.4127758829206767
86.91724310359197,1.4128373639908607
86.94724560380031,1.4128983922587928
86.97724810400867,1.412958967657537
87.00725060421702,1.4130190901206532
87.03725310442537,1.4130787595821996
87.06725560463371,1.41313797597673
87.09725810484207,1.4131967392392955
87.12726060505042,1.4132550493054443
87.15726310525878,1.4133129061112217
87.18726560546712,1.41337030959317
87.21726810567547,1.4134272596883288
87.24727060588383,1.4134837563342346
87.27727310609217,1.413539799468922
87.30727560630052,1.4135953890309225
87.33727810650888,1.4136505249592648
87.36728060671723,1.413705207193476
87.39728310692557,1.41375943567358
87.42728560713392,1.4138132103400989
87.45728810734228,1.4138665311340524
87.48729060755063,1.4139193979969575
87.51729310775897,1.4139718108708303
87.54729560796733,1.4140237696981834
87.57729810817568,1.4140752744220286
87.60730060838404,1.4141263249858746
87.63730310859238,1.4141769213337296
87.66730560880073,1.4142270634100989
87.69730810900909,1.4142767511599863
87.72731060921744,1.414325984528894
87.75731310942578,1.4143747634628228
87.78731560963413,1.4144230879082715
87.81731810984249,1.4144709578122376
87.84732061005084,1.4145183731222175
87.87732311025918,1.4145653337862054
87.90732561046754,1.4146118397526946
87.93732811067589,1.4146578909706773
87.96733061088425,1.4147034873896445
87.99733311109259,1.414748628959585
88.02733561130094,1.414793315630988
88.0573381115093,1.414837547354841
88.08734061171764,1.4148813240826297
88.11734311192599,1.41492464576634
88.14734561213434,1.4149675123584566
88.1773481123427,1.4150099238119629
88.20735061255104,1.415051880080342
88.2373531127594,1.4150933811175759
88.26735561296775,1.4151344268781458
88.2973581131761,1.4151750173170332
88.32736061338444,1.4152151523897174
88.3573631135928,1.4152548320521787
88.38736561380115,1.4152940562608958
88.4173681140095,1.4153328249728478
88.44737061421785,1.4153711381455127
88.4773731144262,1.4154089957368685
88.50737561463455,1.4154463977053926
88.53737811484291,1.4154833440100625
88.56738061505125,1.4155198346103552
88.5973831152596,1.4155558694662478
88.62738561546796,1.4155914485382168
88.65738811567631,1.4156265717872392
88.68739061588465,1.4156612391747914
88.717393116093,1.41569545066285
88.74739561630136,1.4157292062138918
88.77739811650972,1.4157625057908934
88.80740061671806,1.4157953493573316
88.83740311692641,1.4158277368771837
88.86740561713476,1.4158596683149267
88.8974081173431,1.415891143635538
88.92741061755146,1.4159221628044951
88.95741311775981,1.4159527257877764
88.98741561796817,1.41598283255186
89.01741811817651,1.4160124830637248
89.04742061838486,1.41604167729085
89.07742311859322,1.4160704152012147
89.10742561880157,1.4160986967632998
89.13742811900991,1.4161265219460852
89.16743061921827,1.4161538907190527
89.19743311942662,1.4161808030521836
89.22743561963497,1.4162072589159607
89.25743811984331,1.4162332582813666
89.28744062005167,1.4162588011198856
89.31744312026002,1.4162838874035018
89.34744562046838,1.4163085171047005
89.37744812067672,1.4163326901964677
89.40745062088507,1.4163564066522905
89.43745312109343,1.416379666446156
89.46745562130178,1.4164024695525534
89.49745812151012,1.4164248159464714
89.52746062171848,1.4164467056034011
89.55746312192683,1.4164681384993332
89.58746562213518,1.4164891146107603
89.61746812234352,1.4165096339146759
89.64747062255188,1.4165296963885736
89.67747312276023,1.4165493020104494
89.70747562296857,1.4165684507587997
89.73747812317693,1.4165871426126218
89.76748062338528,1.4166053775514142
89.79748312359364,1.4166231555551774
89.82748562380198,1.4166404766044118
89.85748812401033,1.41665734068012
89.88749062421869,1.4166737477638047
89.91749312442704,1.4166896978374712
89.94749562463538,1.4167051908836252
89.97749812484373,1.4167202268852739
90.00750062505209,1.4167348058259255
90.03750312526044,1.41674892768959
90.06750562546878,1.4167625924607783
90.09750812567714,1.4167758001245025
90.12751062588549,1.4167885506662772
90.15751312609385,1.4168008440721167
90.18751562630219,1.4168126803285381
90.21751812651054,1.416824059422559
90.2475206267189,1.4168349813416987
90.27752312692725,1.416845446073978
90.30752562713559,1.4168554536079196
90.33752812734394,1.4168650039325468
90.3675306275523,1.4168740970373848
90.39753312776065,1.41688273291246
90.427535627969,1.4168909115483008
90.45753812817735,1.4168986329359368
90.4875406283857,1.4169058970668993
90.51754312859404,1.4169127039332206
90.5475456288024,1.416919053527435
90.57754812901075,1.4169249458425783
90.6075506292191,1.4169303808721878
90.63755312942745,1.4169353586103024
90.6675556296358,1.4169398790514622
90.69755812984415,1.4169439421907095
90.72756063005251,1.4169475480235878
90.75756313026085,1.4169506965461418
90.7875656304692,1.4169533877549185
90.81756813067756,1.4169556216469663
90.84757063088591,1.4169573982198347
90.87757313109425,1.4169587174715756
90.9075756313026,1.4169595794007415
90.93757813151096,1.4169599840063873
90.96758063171931,1.4169599312880694
90.99758313192766,1.4169594212458452
91.02758563213601,1.4169584538802746
91.05758813234436,1.4169570291924183
91.08759063255272,1.416955147183839
91.11759313276106,1.416952807856601
91.14759563296941,1.4169500112132698
91.17759813317777,1.4169467572569128
91.20760063338612,1.4169430459910992
91.23760313359446,1.4169388774198994
91.26760563380282,1.4169342515478858
91.29760813401117,1.4169291683801315
91.32761063421952,1.4169236279222122
91.35761313442787,1.4169176301802047
91.38761563463622,1.416911175160687
91.41761813484457,1.4169042628707393
91.44762063505291,1.416896893317943
91.47762313526127,1.416889066510381
91.50762563546962,1.416880782456638
91.53762813567798,1.4168720411657998
91.56763063588632,1.4168628426474537
91.59763313609467,1.416853186911689
91.62763563630303,1.4168430739690958
91.65763813651138,1.4168325038307668
91.68764063671972,1.4168214765082945
91.71764313692807,1.416809992013774
91.74764563713643,1.4167980503598019
91.77764813734478,1.4167856515594757
91.80765063755312,1.416772795626394
91.83765313776148,1.416759482574658
91.86765563796983,1.416745712418869
91.89765813817819,1.4167314851741304
91.92766063838653,1.416716800856047
91.95766313859488,1.4167016594807238
91.98766563880324,1.4166860610647687
92.01766813901159,1.4166700056252899
92.04767063921993,1.416653493179897
92.07767313942828,1.4166365237467011
92.10767563963664,1.4166190973443142
92.137678139845,1.4166012139918498
92.16768064005333,1.4165828737089223
92.19768314026169,1.4165640765156478
92.22768564047004,1.4165448224326427
92.25768814067838,1.4165251114810253
92.28769064088674,1.4165049436824144
92.31769314109509,1.4164843190589305
92.34769564130345,1.4164632376331945
92.37769814151179,1.4164416994283289
92.40770064172014,1.4164197044679565
92.4377031419285,1.4163972527762019
92.46770564213685,1.41637434437769
92.49770814234519,1.4163509792975468
92.52771064255354,1.4163271575613996
92.5577131427619,1.416302879195376
92.58771564297025,1.4162781442261045
92.61771814317859,1.4162529526807146
92.64772064338695,1.4162273045868368
92.6777231435953,1.4162011999726019
92.70772564380366,1.4161746388666414
92.737728144012,1.416147621298088
92.76773064422035,1.4161201472965743
92.7977331444287,1.4160922168922343
92.82773564463706,1.416063830115702
92.8577381448454,1.4160349869981124
92.88774064505375,1.4160056875711005
92.91774314526211,1.4159759318668024
92.94774564547046,1.4159457199178538
92.9777481456788,1.415915051757392
93.00775064588716,1.4158839274190536
93.03775314609551,1.4158523469369757
93.06775564630385,1.4158203103457965
93.0977581465122,1.4157878176806538
93.12776064672056,1.4157548689771853
93.15776314692891,1.4157214642715297
93.18776564713725,1.4156876036003254
93.21776814734561,1.4156532870007108
93.24777064755396,1.4156185145103248
93.27777314776232,1.4155832861673059
93.30777564797066,1.4155476020102928
93.33777814817901,1.415511462078424
93.36778064838737,1.415474866411338
93.39778314859572,1.4154378150491729
93.42778564880406,1.4154003080325672
93.45778814901242,1.4153623454026587
93.48779064922077,1.4153239272010851
93.51779314942912,1.4152850534699835
93.54779564963746,1.415245724251991
93.57779814984582,1.4152059395902437
93.60780065005417,1.415165699528378
93.63780315026253,1.4151250041105294
93.66780565047087,1.4150838533813328
93.69780815067922,1.4150422473859225
93.72781065088758,1.4150001861699322
93.75781315109593,1.4149576697794948
93.78781565130427,1.4149146982612428
93.81781815151263,1.4148712716623073
93.84782065172098,1.414827390030319
93.87782315192932,1.4147830534134074
93.90782565213767,1.414738261860201
93.93782815234603,1.4146930154198276
93.96783065255438,1.4146473141419138
93.99783315276272,1.414601158076585
94.02783565297108,1.4145545472744652
94.05783815317943,1.4145074817866776
94.08784065338779,1.4144599616648437
94.11784315359613,1.414411986961084
94.14784565380448,1.4143635577280174
94.17784815401284,1.4143146740187613
94.20785065422119,1.4142653358869317
94.23785315442953,1.4142155433866428
94.26785565463788,1.4141652965725071
94.29785815484624,1.4141145954996361
94.3278606550546,1.4140634402236385
94.35786315526293,1.414011830800622
94.38786565547129,1.4139597672871922
94.41786815567964,1.4139072497404521
94.447870655888,1.4138542782180037
94.47787315609634,1.4138008527779462
94.50787565630469,1.4137469734788772
94.53787815651305,1.4136926403798915
94.5678806567214,1.4136378535405822
94.59788315692974,1.4135826130210396
94.6278856571381,1.413526918881852
94.65788815734645,1.4134707711841048
94.68789065755479,1.4134141699893812
94.71789315776314,1.4133571153597617
94.7478956579715,1.4132996073578241
94.77789815817985,1.4132416460466435
94.80790065838819,1.4131832314897923
94.83790315859655,1.4131243637513398
94.8679056588049,1.4130650428958522
94.89790815901326,1.4130052689883934
94.9279106592216,1.4129450420945235
94.95791315942995,1.4128843622802998
94.9879156596383,1.412823229612276
95.01791815984666,1.412761644157503
95.047920660055,1.412699605983528
95.07792316026335,1.4126371151583945
95.10792566047171,1.4125741717506433
95.13792816068006,1.4125107758293107
95.1679306608884,1.4124469274639297
95.19793316109676,1.4123826267245299
95.22793566130511,1.4123178736816362
95.25793816151347,1.4122526684062704
95.2879406617218,1.4121870109699501
95.31794316193016,1.4121209014446883
95.34794566213851,1.4120543399029946
95.37794816234687,1.411987326417874
95.40795066255521,1.411919861062827
95.43795316276356,1.4118519439118504
95.46795566297192,1.411783575039436
95.49795816318026,1.411714754520571
95.52796066338861,1.411645482430738
95.55796316359697,1.4115757588459155
95.58796566380532,1.411505583842576
95.61796816401366,1.4114349574976885
95.64797066422202,1.411363879888716
95.67797316443037,1.4112923510936168
95.70797566463872,1.4112203711908442
95.73797816484706,1.411147940259346
95.76798066505542,1.411075058378565
95.79798316526377,1.4110017256284384
95.82798566547213,1.4109279420893976
95.85798816568047,1.4108537078423695
95.88799066588882,1.410779022968774
95.91799316609718,1.4107038875505262
95.94799566630553,1.4106283016700347
95.97799816651387,1.410552265410203
96.00800066672222,1.4104757788544275
96.03800316693058,1.4103988420865998
96.06800566713893,1.4103214551911039
96.09800816734727,1.4102436182528184
96.12801066755563,1.4101653313571152
96.15801316776398,1.41008659458986
96.18801566797234,1.4100074080374116
96.21801816818068,1.409927771786622
96.24802066838903,1.4098476859248372
96.27802316859739,1.4097671505398952
96.30802566880574,1.4096861657201283
96.33802816901408,1.4096047315543605
96.36803066922243,1.4095228481319095
96.39803316943079,1.4094405155425853
96.42803566963913,1.4093577338766912
96.45803816984748,1.409274503225022
96.48804067005584,1.4091908236788657
96.51804317026419,1.4091066953300027
96.54804567047253,1.4090221182707054
96.57804817068089,1.4089370925937381
96.60805067088924,1.4088516183923576
96.6380531710976,1.4087656957603125
96.66805567130594,1.4086793247918432
96.69805817151429,1.4085925055816817
96.72806067172264,1.4085052382250518
96.758063171931,1.4084175228176692
96.78806567213934,1.40832935945574
96.8180681723477,1.4082407482359627
96.84807067255605,1.4081516892555264
96.8780731727644,1.4080621826121116
96.90807567297274,1.4079722284038896
96.9380781731811,1.4078818267295223
96.96808067338945,1.4077909776881636
96.9980831735978,1.4076996813794564
97.02808567380615,1.4076079379035353
97.0580881740145,1.4075157473610251
97.08809067422285,1.4074231098530408
97.11809317443121,1.4073300254811878
97.14809567463955,1.4072364943475613
97.1780981748479,1.407142516554747
97.20810067505626,1.4070480922058204
97.2381031752646,1.406953221404346
97.26810567547295,1.4068579042543794
97.2981081756813,1.4067621408604645
97.32811067588966,1.406665931327635
97.358113176098,1.4065692757614143
97.38811567630636,1.4064721742678148
97.41811817651471,1.406374626953338
97.44812067672306,1.406276633924974
97.4781231769314,1.406178195290202
97.50812567713976,1.4060793111569905
97.53812817734811,1.4059799816337957
97.56813067755647,1.405880206829563
97.59813317776481,1.4057799868537262
97.62813567797316,1.4056793218162065
97.65813817818152,1.4055782118274145
97.68814067838987,1.4054766569982475
97.71814317859821,1.4053746574400918
97.74814567880657,1.4052722132648212
97.77814817901492,1.4051693245847967
97.80815067922327,1.4050659915128674
97.83815317943161,1.4049622141623694
97.86815567963997,1.4048579926471265
97.89815817984832,1.404753327081449
97.92816068005668,1.4046482175801351
97.95816318026502,1.404542664258469
97.98816568047337,1.4044366672322228
98.01816818068173,1.4043302266176538
98.04817068089007,1.4042233425315076
98.07817318109842,1.4041160150910144
98.10817568130678,1.404008244413892
98.13817818151513,1.4039000306183436
98.16818068172347,1.4037913738230587
98.19818318193182,1.4036822741472128
98.22818568214018,1.403572731710467
98.25818818234853,1.4034627466329679
98.28819068255687,1.4033523190353479
98.31819318276523,1.4032414490387246
98.34819568297358,1.4031301367647004
98.37819818318194,1.403018382335364
98.40820068339028,1.4029061858732874
98.43820318359863,1.402793547501529
98.46820568380699,1.4026804673436304
98.49820818401534,1.4025669455236192
98.52821068422368,1.4024529821660066
98.55821318443203,1.402338577395788
98.58821568464039,1.4022237313384434
98.61821818484874,1.4021084441199363
98.64822068505708,1.4019927158667147
98.67822318526544,1.4018765467057097
98.70822568547379,1.4017599367643365
98.73822818568215,1.4016428861704935
98.76823068589049,1.4015253950525621
98.79823318609884,1.4014074635394076
98.8282356863072,1.4012890917603773
98.85823818651554,1.401170279845303
98.88824068672389,1.4010510279244972
98.91824318693224,1.4009313361287568
98.9482456871406,1.40081120458936
98.97824818734894,1.400690633438068
99.0082506875573,1.4005696228071236
99.03825318776565,1.4004481728292522
99.068255687974,1.4003262836376604
99.09825818818234,1.4002039553660375
99.1282606883907,1.4000811881485533
99.15826318859905,1.3999579821198598
99.1882656888074,1.3998343374150901
99.21826818901575,1.399710254169858
99.2482706892241,1.3995857325202592
99.27827318943245,1.3994607726028692
99.30827568964081,1.3993353745547452
99.33827818984915,1.399209538513424
99.3682806900575,1.3990832646169236
99.39828319026586,1.3989565530037418
99.42828569047421,1.3988294038128564
99.45828819068255,1.3987018171837255
99.4882906908909,1.398573793256287
99.51829319109926,1.3984453321709576
99.54829569130762,1.3983164340686347
99.57829819151596,1.3981870990906944
99.60830069172431,1.3980573273789916
99.63830319193266,1.397927119075861
99.668305692141,1.3977964743241158
99.69830819234936,1.3976653932670475
99.72831069255771,1.3975338760484268
99.75831319276607,1.3974019228125023
99.78831569297441,1.397269533704001
99.81831819318276,1.3971367088681286
99.84832069339112,1.3970034484505673
99.87832319359947,1.3968697525974783
99.90832569380781,1.3967356214554998
99.93832819401617,1.3966010551717474
99.96833069422452,1.3964660538938145
99.99833319443287,1.3963306177697707
100.02833569464121,1.396194746948164
100.05833819484957,1.396058441578017
100.08834069505792,1.3959217018088312
100.11834319526628,1.3957845277905832
100.14834569547462,1.3956469196737258
100.17834819568297,1.3955088776091888
100.20835069589133,1.3953704017483775
100.23835319609968,1.3952314922431728
100.26835569630802,1.3950921492459314
100.29835819651638,1.3949523729094853
100.32836069672473,1.3948121633871422
100.35836319693308,1.3946715208326845
100.38836569714142,1.39453044540037
100.41836819734978,1.3943889372449307
100.44837069755813,1.3942469965215734
100.47837319776647,1.3941046233859797
100.50837569797483,1.3939618179943054
100.53837819818318,1.3938185805031797
100.56838069839154,1.3936749110697069
100.59838319859988,1.3935308098514638
100.62838569880823,1.3933862770065018
100.65838819901658,1.393241312693345
100.68839069922494,1.3930959170709913
100.71839319943328,1.3929500902989114
100.74839569964163,1.3928038325370486
100.77839819984999,1.3926571439458195
100.80840070005834,1.3925100246861128
100.83840320026668,1.3923624749192898
100.86840570047504,1.3922144948071837
100.89840820068339,1.3920660845121002
100.92841070089175,1.3919172441968162
100.95841320110009,1.3917679740245807
100.98841570130844,1.3916182741591139
101.0184182015168,1.3914681447646078
101.04842070172515,1.3913175860057247
101.07842320193349,1.3911665980475985
101.10842570214184,1.3910151810558333
101.1384282023502,1.3908633351965047
101.16843070255855,1.3907110606361575
101.19843320276689,1.3905583575418075
101.22843570297525,1.39040522608094
101.2584382031836,1.3902516664215108
101.28844070339196,1.3900976787319448
101.3184432036003,1.3899432631811364
101.34844570380865,1.3897884199384496
101.378448204017,1.3896331491737173
101.40845070422534,1.3894774510572412
101.4384532044337,1.3893213257597918
101.46845570464205,1.3891647734526085
101.49845820485041,1.3890077943073982
101.52846070505875,1.388850388496337
101.5584632052671,1.3886925561920678
101.58846570547546,1.3885342975677026
101.61846820568381,1.3883756127968199
101.64847070589215,1.3882165020534663
101.6784732061005,1.3880569655121553
101.70847570630886,1.387897003347867
101.73847820651721,1.3877366157360491
101.76848070672555,1.3875758028526157
101.79848320693391,1.387414564873947
101.82848570714226,1.38725290197689
101.85848820735062,1.387090814338757
101.88849070755896,1.386928302137327
101.91849320776731,1.386765365550844
101.94849570797567,1.3866020047580179
101.97849820818402,1.3864382199380236
102.00850070839236,1.3862740112705012
102.03850320860072,1.3861093789355556
102.06850570880907,1.3859443231137567
102.09850820901742,1.385778843986138
102.12851070922576,1.3856129417341987
102.15851320943412,1.3854466165399009
102.18851570964247,1.3852798685856706
102.21851820985081,1.3851126980543986
102.24852071005917,1.3849451051294381
102.27852321026752,1.3847770899946057
102.30852571047588,1.3846086528341814
102.33852821068422,1.3844397938329083
102.36853071089257,1.3842705131759914
102.39853321110093,1.384100811049099
102.42853571130928,1.3839306876383615
102.45853821151762,1.3837601431303705
102.48854071172597,1.3835891777121807
102.51854321193433,1.3834177915713077
102.54854571214268,1.3832459848957286
102.57854821235102,1.3830737578738823
102.60855071255938,1.382901110694668
102.63855321276773,1.382728043547446
102.66855571297609,1.3825545566220376
102.69855821318443,1.382380650108724
102.72856071339278,1.3822063241982467
102.75856321360114,1.3820315790818074
102.78856571380949,1.3818564149510677
102.81856821401783,1.3816808319981482
102.84857071422618,1.3815048304156294
102.87857321443454,1.3813284103965509
102.9085757146429,1.381151572134411
102.93857821485123,1.3809743158231669
102.96858071505959,1.3807966416572341
102.99858321526794,1.380618549831487
103.02858571547628,1.3804400405412571
103.05858821568464,1.380261113982335
103.08859071589299,1.3800817703509678
103.11859321610135,1.3799020098438608
103.14859571630969,1.3797218326581764
103.17859821651804,1.3795412389915336
103.2086007167264,1.3793602290420086
103.23860321693475,1.3791788030081344
103.26860571714309,1.3789969610888997
103.29860821735144,1.37881470348375
103.3286107175598,1.3786320303925859
103.35861321776815,1.3784489420157648
103.38861571797649,1.3782654385540989
103.41861821818485,1.3780815202088554
103.4486207183932,1.3778971871817576
103.47862321860156,1.3777124396749822
103.5086257188099,1.377527277891162
103.53862821901825,1.377341702033383
103.5686307192266,1.3771557123051856
103.59863321943496,1.376969308910565
103.6286357196433,1.376782492053969
103.65863821985165,1.3765952619402995
103.68864072006001,1.3764076187749112
103.71864322026836,1.3762195627636125
103.7486457204767,1.376031094112664
103.77864822068506,1.3758422130287795
103.80865072089341,1.3756529197191245
103.83865322110175,1.3754632143913168
103.8686557213101,1.3752730972534266
103.89865822151846,1.375082568513975
103.92866072172681,1.3748916283819352
103.95866322193515,1.3747002770667314
103.98866572214351,1.3745085147782385
104.01866822235186,1.3743163417267827
104.04867072256022,1.3741237581231405
104.07867322276856,1.3739307641785383
104.10867572297691,1.373737360104653
104.13867822318527,1.3735435461136114
104.16868072339362,1.3733493224179898
104.19868322360196,1.3731546892308133
104.22868572381032,1.3729596467655574
104.25868822401867,1.372764195236145
104.28869072422702,1.3725683348569486
104.31869322443536,1.3723720658427894
104.34869572464372,1.3721753884089356
104.37869822485207,1.3719783027711043
104.40870072506043,1.3717808091454604
104.43870322526877,1.371582907748616
104.46870572547712,1.3713845987976299
104.49870822568548,1.3711858825100087
104.52871072589383,1.3709867591037055
104.55871322610217,1.3707872287971203
104.58871572631053,1.3705872918090982
104.61871822651888,1.3703869483589322
104.64872072672722,1.370186198666359
104.67872322693557,1.3699850429515628
104.70872572714393,1.3697834814351717
104.73872822735228,1.3695815143382597
104.76873072756062,1.3693791418823456
104.79873322776898,1.3691763642893922
104.82873572797733,1.3689731817818074
104.85873822818569,1.3687695945824425
104.88874072839403,1.3685656029145936
104.91874322860238,1.3683612070019995
104.94874572881074,1.3681564070688426
104.97874822901909,1.3679512033397487
105.00875072922743,1.3677455960397868
105.03875322943578,1.3675395853944674
105.06875572964414,1.3673331716297445
105.09875822985249,1.3671263549720138
105.12876073006083,1.3669191356481127
105.15876323026919,1.3667115138853208
105.18876573047754,1.3665034899113584
105.2187682306859,1.3662950639543878
105.24877073089424,1.3660862362430113
105.27877323110259,1.3658770070062725
105.30877573131094,1.3656673764736549
105.3387782315193,1.3654573448750826
105.36878073172764,1.3652469124409194
105.398783231936,1.3650360794019687
105.42878573214435,1.3648248459894734
105.45878823235269,1.3646132124351151
105.48879073256104,1.3644011789710153
105.5187932327694,1.3641887458297326
105.54879573297775,1.3639759132442655
105.57879823318609,1.3637626814480495
105.60880073339445,1.3635490506749588
105.6388032336028,1.3633350211593043
105.66880573381115,1.363120593135835
105.6988082340195,1.3629057668397369
105.72881073422785,1.3626905425066322
105.7588132344362,1.3624749203725806
105.78881573464456,1.362258900674077
105.8188182348529,1.3620424836480538
105.84882073506125,1.3618256695318776
105.8788232352696,1.3616084585633517
105.90882573547796,1.361390850980714
105.9388282356863,1.361172847022638
105.96883073589466,1.3609544469282315
105.99883323610301,1.3607356509370367
106.02883573631136,1.3605164592890306
106.0588382365197,1.3602968722246236
106.08884073672806,1.3600768899846596
106.11884323693641,1.359856512810417
106.14884573714477,1.3596357409436062
106.17884823735311,1.359414574626371
106.20885073756146,1.3591930141012882
106.23885323776982,1.358971059611366
106.26885573797817,1.3587487114000458
106.29885823818651,1.3585259697112
106.32886073839487,1.358302834789133
106.35886323860322,1.3580793068785806
106.38886573881156,1.3578553862247091
106.41886823901991,1.3576310730731158
106.44887073922827,1.357406367669829
106.47887323943662,1.3571812702613064
106.50887573964496,1.3569557810944362
106.53887823985332,1.3567299004165363
106.56888074006167,1.3565036284753536
106.59888324027003,1.3562769655190645
106.62888574047837,1.356049911796274
106.65888824068672,1.3558224675560164
106.68889074089508,1.355594633047753
106.71889324110343,1.3553664085213746
106.74889574131177,1.3551377942271987
106.77889824152012,1.3549087904159705
106.80890074172848,1.3546793973388631
106.83890324193683,1.3544496152474759
106.86890574214517,1.3542194443938351
106.89890824235353,1.3539888850303932
106.92891074256188,1.3537579374100293
106.95891324277024,1.3535266017860477
106.98891574297858,1.3532948784121788
107.01891824318693,1.3530627675425775
107.04892074339529,1.352830269431825
107.07892324360364,1.352597384334926
107.10892574381198,1.3523641125073105
107.13892824402033,1.3521304542048318
107.16893074422869,1.351896409683768
107.19893324443703,1.3516619792008204
107.22893574464538,1.3514271630131132
107.25893824485374,1.3511919613781944
107.28894074506209,1.3509563745540345
107.31894324527043,1.3507204027990263
107.34894574547879,1.3504840463719847
107.37894824568714,1.3502473055321471
107.4089507458955,1.3500101805391715
107.43895324610384,1.3497726716531386
107.46895574631219,1.3495347791345491
107.49895824652054,1.3492965032443247
107.5289607467289,1.349057844243808
107.55896324693724,1.3488188023947612
107.5889657471456,1.3485793779593667
107.61896824735395,1.3483395712002266
107.6489707475623,1.3480993823803622
107.67897324777064,1.347858811763214
107.708975747979,1.3476178596126411
107.73897824818735,1.347376526192921
107.7689807483957,1.3471348117687496
107.79898324860405,1.346892716605241
107.8289857488124,1.3466502409679255
107.85898824902075,1.3464073851227525
107.88899074922911,1.3461641493360872
107.91899324943745,1.3459205338747124
107.9489957496458,1.3456765390058263
107.97899824985416,1.3454321649970442
108.0090007500625,1.3451874121163967
108.03900325027085,1.34494228063233
108.0690057504792,1.3446967708137054
108.09900825068756,1.3444508829297999
108.1290107508959,1.3442046172503046
108.15901325110426,1.3439579740453247
108.18901575131261,1.34371095358538
108.21901825152096,1.3434635561414037
108.2490207517293,1.3432157819847432
108.27902325193766,1.342967631387158
108.30902575214601,1.342719104620821
108.33902825235437,1.3424702019583177
108.36903075256271,1.3422209236726463
108.39903325277106,1.3419712700372162
108.42903575297942,1.341721241325849
108.45903825318777,1.3414708378127775
108.48904075339611,1.3412200597726458
108.51904325360447,1.3409689074805082
108.54904575381282,1.3407173812118303
108.57904825402117,1.3404654812424872
108.60905075422951,1.3402132078487643
108.63905325443787,1.3399605613073564
108.66905575464622,1.3397075418953674
108.69905825485458,1.3394541498903108
108.72906075506292,1.3392003855701078
108.75906325527127,1.3389462492130888
108.78906575547963,1.338691741097992
108.81906825568797,1.338436861503963
108.84907075589632,1.3381816107105553
108.87907325610468,1.3379259889977293
108.90907575631303,1.337669996645852
108.93907825652137,1.337413633935698
108.96908075672972,1.3371569011484463
108.99908325693808,1.3368997985656834
109.02908575714643,1.3366423264694007
109.05908825735477,1.3363844851419953
109.08909075756313,1.3361262748662681
109.11909325777148,1.3358676959254263
109.14909575797984,1.3356087486030803
109.17909825818818,1.3353494331832454
109.20910075839653,1.3350897499503396
109.23910325860489,1.334829699189185
109.26910575881324,1.3345692811850067
109.29910825902158,1.334308496223433
109.32911075922993,1.3340473445904937
109.35911325943829,1.3337858265726215
109.38911575964664,1.3335239424566507
109.41911825985498,1.3332616925298175
109.44912076006334,1.3329990770797586
109.47912326027169,1.3327360963945125
109.50912576048005,1.3324727507625176
109.53912826068839,1.3322090404726128
109.56913076089674,1.3319449658140372
109.5991332611051,1.3316805270764287
109.62913576131344,1.331415724549826
109.65913826152179,1.3311505585246652
109.68914076173014,1.3308850292917822
109.7191432619385,1.3306191371424108
109.74914576214684,1.3303528823681832
109.77914826235519,1.3300862652611287
109.80915076256355,1.3298192861136746
109.8391532627719,1.3295519452186446
109.86915576298024,1.3292842428692606
109.8991582631886,1.3290161793591393
109.92916076339695,1.3287477549822941
109.9591632636053,1.3284789700331348
109.98916576381365,1.3282098248064658
110.019168264022,1.327940319597487
110.04917076423035,1.3276704547017935
110.07917326443871,1.3274002304153745
110.10917576464705,1.3271296470346132
110.1391782648554,1.3268587048562872
110.16918076506376,1.3265874041775672
110.19918326527211,1.3263157452960173
110.22918576548045,1.3260437285095943
110.2591882656888,1.3257713541166478
110.28919076589716,1.3254986224159198
110.31919326610551,1.3252255337065433
110.34919576631385,1.324952088288044
110.37919826652221,1.3246782864603377
110.40920076673056,1.3244041285237325
110.4392032669389,1.3241296147789257
110.46920576714726,1.3238547455270058
110.49920826735561,1.3235795210694505
110.52921076756397,1.3233039417081278
110.55921326777231,1.323028007745295
110.58921576798066,1.322751719483597
110.61921826818902,1.322475077226069
110.64922076839737,1.3221980812761334
110.67922326860571,1.3219207319376012
110.70922576881406,1.3216430295146702
110.73922826902242,1.3213649743119262
110.76923076923077,1.3210865666343414
110.79923326943911,1.3208078067872753
110.82923576964747,1.3205286950764727
110.85923826985582,1.3202492318080652
110.88924077006418,1.3199694172885694
110.91924327027252,1.3196892518248875
110.94924577048087,1.3194087357243065
110.97924827068923,1.3191278692944979
111.00925077089758,1.3188466528435177
111.03925327110592,1.3185650866798053
111.06925577131427,1.3182831711121843
111.09925827152263,1.318000906449861
111.12926077173098,1.3177182930024247
111.15926327193932,1.317435331079848
111.18926577214768,1.3171520209924843
111.21926827235603,1.31686836305107
111.24927077256439,1.3165843575667224
111.27927327277273,1.3163000048509408
111.30927577298108,1.3160153052156043
111.33927827318944,1.3157302589729731
111.36928077339778,1.3154448664356877
111.39928327360613,1.315159127916768
111.42928577381448,1.3148730437296132
111.45928827402284,1.3145866141880027
111.48929077423118,1.3142998396060934
111.51929327443953,1.3140127202984215
111.54929577464789,1.313725256579901
111.57929827485624,1.3134374487658231
111.60930077506458,1.3131492971718581
111.63930327527294,1.3128608021140513
111.66930577548129,1.3125719639088258
111.69930827568965,1.312282782872981
111.72931077589799,1.3119932593236925
111.75931327610634,1.3117033935785107
111.7893157763147,1.3114131859553624
111.81931827652305,1.3111226367725486
111.84932077673139,1.3108317463487456
111.87932327693974,1.3105405150030032
111.9093257771481,1.3102489430547455
111.93932827735645,1.3099570308237705
111.96933077756479,1.3096647786302489
111.99933327777315,1.3093721867947246
112.0293357779815,1.3090792556381137
112.05933827818986,1.308785985481705
112.0893407783982,1.3084923766471586
112.11934327860655,1.308198429456506
112.1493457788149,1.3079041442321506
112.17934827902324,1.307609521296866
112.2093507792316,1.3073145609737953
112.23935327943995,1.3070192635864535
112.26935577964831,1.3067236294587243
112.29935827985665,1.3064276589148607
112.329360780065,1.3061313522794846
112.35936328027336,1.3058347098775869
112.38936578048171,1.3055377320345265
112.41936828069005,1.3052404190760303
112.4493707808984,1.304942771328193
112.47937328110676,1.304644789117476
112.50937578131511,1.3043464727707077
112.53937828152345,1.3040478226150833
112.56938078173181,1.303748838978164
112.59938328194016,1.3034495221878761
112.62938578214852,1.3031498725725126
112.65938828235686,1.3028498904607306
112.68939078256521,1.3025495761815518
112.71939328277357,1.302248930064363
112.74939578298192,1.301947952438914
112.77939828319026,1.3016466436353191
112.80940078339862,1.3013450039840548
112.83940328360697,1.301043033815962
112.86940578381532,1.3007407334622425
112.89940828402366,1.3004381032544614
112.92941078423202,1.3001351435245447
112.95941328444037,1.2998318546047805
112.98941578464871,1.299528236827818
113.01941828485707,1.2992242905266664
113.04942078506542,1.2989200160346959
113.07942328527378,1.2986154136856363
113.10942578548212,1.298310483813577
113.13942828569047,1.298005226752967
113.16943078589883,1.2976996428386136
113.19943328610718,1.297393732405683
113.22943578631552,1.2970874957896998
113.25943828652387,1.2967809333265452
113.28944078673223,1.296474045352459
113.31944328694058,1.296166832204038
113.34944578714892,1.2958592942182345
113.37944828735728,1.2955514317323584
113.40945078756563,1.2952432450840743
113.43945328777399,1.2949347346114037
113.46945578798233,1.294625900652722
113.49945828819068,1.2943167435467604
113.52946078839904,1.2940072636326037
113.55946328860739,1.2936974612496912
113.58946578881573,1.2933873367378161
113.61946828902408,1.2930768904371244
113.64947078923244,1.2927661226881155
113.67947328944079,1.2924550338316407
113.70947578964913,1.2921436242089046
113.73947828985749,1.2918318941614624
113.76948079006584,1.2915198440312214
113.79948329027418,1.29120747416044
113.82948579048254,1.2908947848917274
113.85948829069089,1.2905817765680423
113.88949079089925,1.2902684495326944
113.91949329110759,1.289954804129342
113.94949579131594,1.2896408407019937
113.9794982915243,1.2893265595950059
114.00950079173265,1.2890119611530837
114.03950329194099,1.288697045721281
114.06950579214934,1.2883818136449978
114.0995082923577,1.2880662652699832
114.12951079256605,1.2877504009423317
114.15951329277439,1.2874342210084857
114.18951579298275,1.2871177258152324
114.2195182931911,1.2868009157097058
114.24952079339945,1.2864837910393847
114.2795232936078,1.2861663521520939
114.30952579381615,1.2858485993960007
114.3395282940245,1.2855305331196192
114.36953079423286,1.2852121536718057
114.3995332944412,1.2848934614017609
114.42953579464955,1.2845744566590276
114.45953829485791,1.2842551397934925
114.48954079506626,1.2839355111553838
114.5195432952746,1.283615571095272
114.54954579548296,1.2832953199640689
114.57954829569131,1.2829747581130277
114.60955079589965,1.2826538858937429
114.639553296108,1.282332703658148
114.66955579631636,1.2820112117585183
114.69955829652471,1.281689410547467
114.72956079673305,1.2813673003779482
114.75956329694141,1.2810448816032536
114.78956579714976,1.2807221545770138
114.81956829735812,1.2803991196531976
114.84957079756646,1.280075777186112
114.87957329777481,1.2797521275304
114.90957579798317,1.279428171041043
114.93957829819152,1.2791039080733575
114.96958079839986,1.2787793389829973
114.99958329860821,1.2784544641259514
115.02958579881657,1.2781292838585443
115.05958829902492,1.2778037985374355
115.08959079923326,1.2774780085196193
115.11959329944162,1.2771519141624237
115.14959579964997,1.2768255158235107
115.17959829985833,1.276498813860876
115.20960080006667,1.2761718086328477
115.23960330027502,1.2758445004980874
115.26960580048338,1.275516889815588
115.29960830069173,1.2751889769446747
115.32961080090007,1.2748607622450046
115.35961330110842,1.2745322460765647
115.38961580131678,1.2742034287996735
115.41961830152512,1.2738743107749801
115.44962080173347,1.273544892363462
115.47962330194183,1.273215173926428
115.50962580215018,1.2728851558255145
115.53962830235852,1.2725548384226872
115.56963080256688,1.2722242220802404
115.59963330277523,1.2718933071607954
115.62963580298359,1.2715620940273016
115.65963830319193,1.2712305830430357
115.68964080340028,1.2708987745716
115.71964330360863,1.2705666689769246
115.74964580381699,1.2702342666232642
115.77964830402533,1.2699015678752001
115.80965080423368,1.2695685730976374
115.83965330444204,1.2692352826558069
115.86965580465039,1.2689016969152633
115.89965830485873,1.2685678162418854
115.92966080506709,1.268233641001875
115.95966330527544,1.2678991715617574
115.9896658054838,1.2675644082883806
116.01966830569214,1.267229351548915
116.04967080590049,1.266894001710852
116.07967330610884,1.2665583591420058
116.1096758063172,1.266222424210511
116.13967830652554,1.2658861972848219
116.1696808067339,1.265549678733715
116.19968330694225,1.2652128689262852
116.2296858071506,1.2648757682319474
116.25968830735894,1.2645383770204357
116.2896908075673,1.2642006956618022
116.31969330777565,1.2638627245264178
116.34969580798399,1.2635244639849714
116.37969830819235,1.2631859144084685
116.4097008084007,1.262847076168232
116.43970330860905,1.2625079496359024
116.4697058088174,1.2621685351834344
116.49970830902575,1.2618288331831007
116.5297108092341,1.2614888440074872
116.55971330944246,1.2611485680294963
116.5897158096508,1.2608080056223452
116.61971830985915,1.2604671571595634
116.6497208100675,1.2601260230149962
116.67972331027586,1.259784603562801
116.7097258104842,1.259442899177449
116.73972831069256,1.2591009102337227
116.76973081090091,1.2587586371067179
116.79973331110926,1.2584160801718414
116.8297358113176,1.2580732398048116
116.85973831152596,1.2577301163816577
116.88974081173431,1.2573867102787188
116.91974331194267,1.2570430218726454
116.94974581215101,1.2566990515403966
116.97974831235936,1.2563547996592404
117.00975081256772,1.2560102666067545
117.03975331277607,1.2556654527608249
117.06975581298441,1.2553203584996449
117.09975831319277,1.2549749842017157
117.12976081340112,1.2546293302458458
117.15976331360946,1.2542833970111507
117.18976581381781,1.2539371848770509
117.21976831402617,1.2535906942232744
117.24977081423452,1.2532439254298542
117.27977331444286,1.2528968788771282
117.30977581465122,1.2525495549457382
117.33977831485957,1.2522019540166318
117.36978081506793,1.2518540764710588
117.39978331527627,1.2515059226905738
117.42978581548462,1.2511574930570337
117.45978831569298,1.2508087879525975
117.48979081590133,1.2504598077597273
117.51979331610967,1.2501105528611867
117.54979581631802,1.2497610236400396
117.57979831652638,1.249411220479652
117.60980081673473,1.24906114376369
117.63980331694307,1.2487107938761195
117.66980581715143,1.248360171201206
117.69980831735978,1.2480092761235144
117.72981081756814,1.2476581090279084
117.75981331777648,1.2473066702995501
117.78981581798483,1.2469549603238992
117.81981831819319,1.246602979486713
117.84982081840154,1.2462507281740463
117.87982331860988,1.2458982067722502
117.90982581881823,1.2455454156679717
117.93982831902659,1.2451923552481545
117.96983081923493,1.2448390259000368
117.99983331944328,1.2444854280111524
118.02983581965164,1.244131561969329
118.05983831985999,1.243777428162689
118.08984082006833,1.2434230269796487
118.11984332027669,1.2430683588089164
118.14984582048504,1.2427134240394946
118.1798483206934,1.2423582230606776
118.20985082090174,1.242002756262052
118.23985332111009,1.241647024033495
118.26985582131844,1.2412910267651764
118.2998583215268,1.2409347648475553
118.32986082173514,1.2405782386713824
118.3598633219435,1.2402214486276968
118.38986582215185,1.2398643951078279
118.4198683223602,1.2395070785033941
118.44987082256854,1.2391494992063028
118.4798733227769,1.2387916576087479
118.50987582298525,1.238433554103212
118.5398783231936,1.2380751890824662
118.56988082340195,1.2377165629395657
118.5998833236103,1.2373576760678546
118.62988582381865,1.2369985288609613
118.65988832402701,1.2366391217128008
118.68989082423535,1.2362794550175729
118.7198933244437,1.2359195291697613
118.74989582465206,1.2355593445641353
118.7798983248604,1.2351989015957474
118.80990082506875,1.2348382006599328
118.8399033252771,1.2344772421523105
118.86990582548546,1.234116026468782
118.8999083256938,1.2337545540055301
118.92991082590216,1.2333928251590205
118.95991332611051,1.2330308403259984
118.98991582631886,1.2326685999034914
119.0199183265272,1.2323061042888068
119.04992082673556,1.2319433538795312
119.07992332694391,1.2315803490735315
119.10992582715227,1.2312170902689534
119.13992832736061,1.2308535778642213
119.16993082756896,1.2304898122580372
119.19993332777732,1.2301257938493817
119.22993582798567,1.2297615230375112
119.25993832819401,1.229397000221961
119.28994082840237,1.2290322258025408
119.31994332861072,1.2286672001793377
119.34994582881907,1.2283019237527135
119.37994832902741,1.2279363969233057
119.40995082923577,1.2275706200920256
119.43995332944412,1.2272045936600595
119.46995582965248,1.2268383180288676
119.49995832986082,1.2264717936001819
119.52996083006917,1.2261050207760096
119.55996333027753,1.225737999958628
119.58996583048587,1.2253707315505886
119.61996833069422,1.2250032159547124
119.64997083090257,1.2246354535740929
119.67997333111093,1.2242674448120938
119.70997583131927,1.2238991900723497
119.73997833152762,1.2235306897587634
119.76998083173598,1.2231619442755086
119.79998333194433,1.2227929540270275
119.82998583215267,1.2224237194180299
119.85998833236103,1.2220542408534953
119.88999083256938,1.2216845187386687
119.91999333277774,1.221314553479064
119.94999583298608,1.2209443454804612
119.97999833319443,1.220573895148906
120.01000083340278,1.2202032028907104
120.04000333361114,1.2198322691124521
120.07000583381948,1.2194610942209725
120.10000833402783,1.219089678623379
120.13001083423619,1.218718022727042
120.16001333444454,1.2183461269395952
120.19001583465288,1.217973991668937
120.22001833486124,1.217601617323226
120.25002083506959,1.2172290043108853
120.28002333527795,1.2168561530405986
120.31002583548629,1.2164830639213116
120.34002833569464,1.2161097373622298
120.370030835903,1.2157361737728203
120.40003333611133,1.2153623735628092
120.43003583631969,1.2149883371421832
120.46003833652804,1.2146140649211867
120.4900408367364,1.2142395573103242
120.52004333694474,1.2138648147203575
120.55004583715309,1.2134898375623058
120.58004833736145,1.2131146262474464
120.6100508375698,1.2127391811873134
120.64005333777814,1.2123635027936968
120.6700558379865,1.2119875914786424
120.70005833819485,1.2116114476544524
120.7300608384032,1.2112350717336824
120.76006333861154,1.2108584641291447
120.7900658388199,1.2104816252539035
120.82006833902825,1.2101045555212782
120.85007083923661,1.2097272553448408
120.88007333944495,1.2093497251384167
120.9100758396533,1.2089719653160822
120.94007833986166,1.2085939762921667
120.97008084007001,1.2082157584812512
121.00008334027835,1.207837312298166
121.0300858404867,1.207458638157994
121.06008834069506,1.2070797364760657
121.09009084090341,1.2067006076679636
121.12009334111175,1.2063212521495181
121.15009584132011,1.2059416703368078
121.18009834152846,1.2055618626461606
121.21010084173682,1.2051818294941512
121.24010334194516,1.204801571297603
121.27010584215351,1.204421088473584
121.30010834236187,1.2040403814394107
121.3301108425702,1.2036594506126441
121.36011334277856,1.2032782964110915
121.39011584298692,1.2028969192528047
121.42011834319527,1.2025153195560803
121.45012084340361,1.2021334977394589
121.48012334361196,1.2017514542217247
121.51012584382032,1.201369189421905
121.54012834402867,1.2009867037592703
121.57013084423701,1.2006039976533327
121.60013334444537,1.2002210715238462
121.63013584465372,1.1998379257908065
121.66013834486208,1.1994545608744496
121.69014084507042,1.1990709771952526
121.72014334527877,1.1986871751739316
121.75014584548713,1.198303155231443
121.78014834569548,1.1979189177889822
121.81015084590382,1.197534463267983
121.84015334611217,1.1971497920901164
121.87015584632053,1.1967649046772924
121.90015834652888,1.196379801451658
121.93016084673722,1.1959944828355955
121.96016334694558,1.1956089492517255
121.99016584715393,1.1952232011229023
122.02016834736229,1.194837238872217
122.05017084757063,1.1944510629229956
122.08017334777898,1.194064673698797
122.11017584798734,1.1936780716234154
122.14017834819568,1.1932912571208787
122.17018084840403,1.192904230615446
122.20018334861238,1.1925169925316106
122.23018584882074,1.1921295432940977
122.26018834902908,1.1917418833278632
122.29019084923743,1.1913540130580949
122.32019334944579,1.1909659329102107
122.35019584965414,1.190577643309859
122.38019834986248,1.1901891446829187
122.41020085007084,1.189800437455496
122.44020335027919,1.1894115220539279
122.47020585048755,1.1890223989047788
122.50020835069589,1.1886330684348412
122.53021085090424,1.1882435310711346
122.5602133511126,1.1878537872409058
122.59021585132095,1.1874638373716275
122.62021835152929,1.1870736818909997
122.65022085173764,1.1866833212269463
122.680223351946,1.186292755807617
122.71022585215435,1.1859019860613866
122.74022835236269,1.1855110124168533
122.77023085257105,1.1851198353028387
122.8002333527794,1.1847284551483885
122.83023585298776,1.1843368723827703
122.8602383531961,1.183945087435474
122.89024085340445,1.183553100736212
122.9202433536128,1.1831609127149167
122.95024585382114,1.1827685238017427
122.9802483540295,1.182375934427064
123.01025085423785,1.1819831450214744
123.04025335444621,1.181590156015788
123.07025585465455,1.1811969678410374
123.1002583548629,1.1808035809284727
123.13026085507126,1.1804099957095637
123.16026335527961,1.180016212615996
123.19026585548795,1.1796222320796739
123.2202683556963,1.1792280545327165
123.25027085590466,1.1788336804074602
123.28027335611301,1.1784391101364566
123.31027585632135,1.178044344152473
123.34027835652971,1.1776493828884902
123.37028085673806,1.1772542267777042
123.40028335694642,1.1768588762535246
123.43028585715476,1.1764633317495732
123.46028835736311,1.1760675936996863
123.49029085757147,1.1756716625379107
123.52029335777982,1.1752755386985063
123.55029585798816,1.174879222615944
123.58029835819652,1.1744827147249048
123.61030085840487,1.174086015460281
123.64030335861322,1.1736891252571748
123.67030585882156,1.1732920445508976
123.70030835902992,1.172894773776969
123.73031085923827,1.1724973133711185
123.76031335944661,1.172099663769282
123.79031585965497,1.1717018254076044
123.82031835986332,1.1713037987224366
123.85032086007168,1.1709055841503364
123.88032336028002,1.1705071821280681
123.91032586048837,1.1701085930926007
123.94032836069672,1.1697098174811091
123.97033086090508,1.1693108557309724
124.00033336111342,1.1689117082797744
124.03033586132177,1.1685123755653017
124.06033836153013,1.1681128580255449
124.09034086173848,1.1677131560986964
124.12034336194682,1.1673132702231523
124.15034586215518,1.166913200837509
124.18034836236353,1.1665129483805647
124.21035086257189,1.1661125132913188
124.24035336278023,1.165711896008971
124.27035586298858,1.1653110969729197
124.30035836319693,1.1649101166227636
124.33036086340529,1.1645089553983008
124.36036336361363,1.1641076137395263
124.39036586382198,1.1637060920866342
124.42036836403034,1.1633043908800156
124.45037086423869,1.1629025105602582
124.48037336444703,1.1625004515681472
124.51037586465539,1.1620982143446623
124.54037836486374,1.16169579933098
124.57038086507208,1.1612932069684714
124.60038336528044,1.1608904376987013
124.63038586548879,1.1604874919634294
124.66038836569714,1.1600843702046095
124.69039086590548,1.1596810728643867
124.72039336611384,1.1592776003851006
124.7503958663222,1.1588739532092813
124.78039836653055,1.1584701317796513
124.81040086673889,1.1580661365391247
124.84040336694724,1.157661967930805
124.8704058671556,1.1572576263979868
124.90040836736395,1.156853112384154
124.93041086757229,1.15644842633298
124.96041336778065,1.1560435686883264
124.990415867989,1.1556385398942435
125.02041836819735,1.1552333403949684
125.0504208684057,1.1548279706349271
125.08042336861405,1.1544224310587303
125.1104258688224,1.1540167221111768
125.14042836903076,1.15361084423725
125.1704308692391,1.1532047978821194
125.20043336944745,1.152798583491138
125.2304358696558,1.1523922015098444
125.26043836986416,1.1519856523839611
125.2904408700725,1.1515789365593923
125.32044337028086,1.151172054482227
125.35044587048921,1.1507650065987352
125.38044837069756,1.1503577933553693
125.4104508709059,1.1499504151987632
125.44045337111426,1.149542872575731
125.47045587132261,1.149135165933268
125.50045837153095,1.1487272957185493
125.53046087173931,1.1483192623789285
125.56046337194766,1.147911066361939
125.59046587215602,1.147502708115293
125.62046837236436,1.1470941880868792
125.65047087257271,1.1466855067247652
125.68047337278107,1.1462766644771945
125.71047587298942,1.1458676617925874
125.74047837319776,1.145458499119541
125.77048087340611,1.145049176906826
125.80048337361447,1.14463969560339
125.83048587382282,1.1442300556583545
125.86048837403116,1.1438202575210141
125.89049087423952,1.1434103016408383
125.92049337444787,1.143000188467468
125.95049587465623,1.1425899184507187
125.98049837486457,1.1421794920405761
126.01050087507292,1.141768909687198
126.04050337528128,1.1413581718409134
126.07050587548963,1.1409472789522221
126.10050837569797,1.1405362314717937
126.13051087590632,1.1401250298504668
126.16051337611468,1.1397136745392502
126.19051587632303,1.1393021659893199
126.22051837653137,1.1388905046520215
126.25052087673973,1.1384786909788664
126.28052337694808,1.1380667254215349
126.31052587715642,1.1376546084318728
126.34052837736478,1.137242340461892
126.37053087757313,1.1368299219637705
126.40053337778149,1.136417353389851
126.43053587798983,1.1360046351926414
126.46053837819818,1.1355917678248124
126.49054087840653,1.1351787517392
126.52054337861489,1.1347655873888018
126.55054587882323,1.1343522752267794
126.58054837903158,1.133938815706455
126.61055087923994,1.1335252092813137
126.64055337944829,1.133111456405001
126.67055587965663,1.132697557531324
126.70055837986499,1.1322835131142486
126.73056088007334,1.1318693236079007
126.7605633802817,1.1314549894665664
126.79056588049004,1.1310405111446888
126.82056838069839,1.1306258890968708
126.85057088090674,1.1302111237778714
126.8805733811151,1.1297962156426076
126.91057588132344,1.1293811651461532
126.9405783815318,1.1289659727437373
126.97058088174015,1.1285506388907456
127.0005833819485,1.1281351640427184
127.03058588215684,1.127719548655351
127.0605883823652,1.127303793184492
127.09059088257355,1.126887898086145
127.12059338278189,1.1264718638164652
127.15059588299025,1.126055690831762
127.1805983831986,1.1256393795884956
127.21060088340695,1.1252229305432784
127.2406033836153,1.1248063441528746
127.27060588382365,1.1243896208741977
127.300608384032,1.1239727611643124
127.33061088424036,1.1235557654804325
127.3606133844487,1.1231386342799217
127.39061588465705,1.122721368020291
127.4206183848654,1.1223039671592008
127.45062088507376,1.121886432154458
127.4806233852821,1.1214687634640181
127.51062588549046,1.1210509615459816
127.54062838569881,1.1206330268585962
127.57063088590716,1.1202149598602549
127.6006333861155,1.1197967610094963
127.63063588632386,1.1193784307650025
127.66063838653221,1.1189599695856005
127.69064088674057,1.1185413779302613
127.72064338694891,1.118122656258098
127.75064588715726,1.117703805028367
127.78064838736562,1.117284824700466
127.81065088757397,1.1168657157339357
127.84065338778231,1.116446478588457
127.87065588799067,1.1160271137238509
127.90065838819902,1.1156076216000792
127.93066088840736,1.1151880026772438
127.96066338861571,1.1147682574155842
127.99066588882407,1.1143483862754795
128.0206683890324,1.113928389717447
128.05067088924076,1.1135082682021407
128.08067338944912,1.1130880221903527
128.11067588965747,1.1126676521430103
128.14067838986583,1.1122471585211782
128.17068089007418,1.1118265417860558
128.20068339028253,1.1114058023989786
128.23068589049086,1.110984940821415
128.26068839069922,1.1105639575149682
128.29069089090757,1.1101428529413753
128.32069339111592,1.1097216275625057
128.35069589132428,1.1093002818403626
128.38069839153263,1.1088788162370793
128.410700891741,1.1084572312149217
128.44070339194934,1.108035527236287
128.47070589215767,1.1076137047637025
128.50070839236602,1.1071917642598246
128.53071089257438,1.10676970618744
128.56071339278273,1.1063475310094648
128.59071589299108,1.1059252391889431
128.62071839319944,1.1055028311890462
128.6507208934078,1.105080307473074
128.68072339361615,1.1046576685044525
128.71072589382447,1.104234914746735
128.74072839403283,1.1038120466635994
128.77073089424118,1.1033890647188498
128.80073339444954,1.1029659693764151
128.8307358946579,1.1025427611003487
128.86073839486625,1.102119440354828
128.8907408950746,1.101696007604153
128.92074339528293,1.1012724633127475
128.95074589549128,1.1008488079451566
128.98074839569964,1.1004250419660484
129.010750895908,1.100001165840211
129.04075339611634,1.0995771800325544
129.0707558963247,1.0991530850081086
129.10075839653305,1.0987288812320233
129.1307608967414,1.0983045691695676
129.16076339694973,1.0978801492861294
129.1907658971581,1.097455622047214
129.22076839736644,1.0970309879184454
129.2507708975748,1.0966062473655656
129.28077339778315,1.0961814008544308
129.3107758979915,1.0957564488510159
129.34077839819986,1.0953313918214103
129.3707808984082,1.0949062302318189
129.40078339861654,1.094480964548562
129.4307858988249,1.0940555952380717
129.46078839903325,1.0936301227668963
129.4907908992416,1.0932045476016963
129.52079339944996,1.092778870209245
129.5507958996583,1.092353091056427
129.58079839986667,1.0919272106102396
129.610800900075,1.091501229337791
129.64080340028335,1.0910751477062997
129.6708059004917,1.0906489661830938
129.70080840070005,1.0902226852356118
129.7308109009084,1.089796305331401
129.76081340111676,1.0893698269381171
129.79081590132512,1.0889432505235244
129.82081840153347,1.0885165765554934
129.8508209017418,1.0880898055020032
129.88082340195015,1.087662937831138
129.9108259021585,1.0872359740110888
129.94082840236686,1.0868089145101518
129.97083090257522,1.086381759796728
130.00083340278357,1.0859545103393233
130.03083590299192,1.0855271666065471
130.06083840320028,1.0850997290671125
130.0908409034086,1.0846721981898353
130.12084340361696,1.0842445744436329
130.1508459038253,1.083816858297526
130.18084840403367,1.0833890502206363
130.21085090424202,1.0829611506821852
130.24085340445038,1.0825331601514958
130.27085590465873,1.08210507909799
130.30085840486709,1.0816769079911899
130.3308609050754,1.0812486473007163
130.36086340528377,1.0808202974962866
130.39086590549212,1.0803918590477177
130.42086840570047,1.0799633324249232
130.45087090590883,1.079534718097914
130.48087340611718,1.0791060165367956
130.51087590632554,1.0786772282117707
130.54087840653386,1.0782483535931373
130.57088090674222,1.0778193931512865
130.60088340695057,1.0773903473567044
130.63088590715893,1.076961216679971
130.66088840736728,1.0765320015917592
130.69089090757564,1.0761027025628345
130.720893407784,1.0756733200640545
130.75089590799234,1.0752438545663676
130.78089840820067,1.074814306540815
130.81090090840902,1.074384676458526
130.84090340861738,1.0739549647907223
130.87090590882573,1.0735251720087131
130.9009084090341,1.0730952985838977
130.93091090924244,1.0726653449877641
130.9609134094508,1.0722353116918875
130.99091590965915,1.0718051991679303
131.02091840986748,1.0713750078876427
131.05092091007583,1.0709447383228605
131.08092341028419,1.070514390945506
131.11092591049254,1.0700839662275865
131.1409284107009,1.0696534646411937
131.17093091090925,1.0692228866585045
131.2009334111176,1.068792232751779
131.23093591132593,1.0683615033933616
131.26093841153428,1.067930699055677
131.29094091174264,1.0674998202112345
131.320943411951,1.0670688673326243
131.35094591215935,1.0666378408925183
131.3809484123677,1.066206741363668
131.41095091257606,1.065775569218906
131.4409534127844,1.0653443249311438
131.47095591299274,1.0649130089733736
131.5009584132011,1.064481621818664
131.53096091340944,1.0640501639401627
131.5609634136178,1.0636186358110955
131.59096591382615,1.0631870379047648
131.6209684140345,1.0627553706945496
131.65097091424286,1.0623236346539042
131.68097341445122,1.0618918302563596
131.71097591465954,1.0614599579755215
131.7409784148679,1.061028018285069
131.77098091507625,1.060596011658756
131.8009834152846,1.06016393857041
131.83098591549296,1.0597317994939308
131.8609884157013,1.059299594903291
131.89099091590967,1.0588673252725356
131.92099341611802,1.058434991075779
131.95099591632635,1.058002592787209
131.9809984165347,1.0575701308810812
132.01100091674306,1.057137605831723
132.0410034169514,1.0567050181135298
132.07100591715977,1.0562723682009658
132.10100841736812,1.0558396565685646
132.13101091757648,1.055406883690926
132.1610134177848,1.0549740500427187
132.19101591799316,1.0545411560986755
132.2210184182015,1.0541082023335973
132.25102091840986,1.0536751892223506
132.28102341861822,1.0532421172398663
132.31102591882657,1.0528089868611399
132.34102841903493,1.0523757985612312
132.37103091924328,1.0519425528152635
132.4010334194516,1.0515092500984238
132.43103591965996,1.0510758908859594
132.46103841986832,1.050642475653182
132.49104092007667,1.0502090048754633
132.52104342028503,1.049775479028237
132.55104592049338,1.0493418985869964
132.58104842070173,1.0489082640272944
132.6110509209101,1.048474575824744
132.64105342111841,1.0480408344550172
132.67105592132677,1.0476070403938436
132.70105842153512,1.0471731941170104
132.73106092174348,1.0467392961003628
132.76106342195183,1.0463053468198027
132.7910659221602,1.0458713467512877
132.82106842236854,1.0454372963708323
132.8510709225769,1.045003196154504
132.88107342278522,1.0445690465784274
132.91107592299358,1.0441348481187793
132.94107842320193,1.0437006012517915
132.97108092341028,1.0432663064537477
133.00108342361864,1.0428319642009851
133.031085923827,1.0423975749698926
133.06108842403535,1.0419631392369106
133.09109092424367,1.0415286574785316
133.12109342445203,1.0410941301712957
133.15109592466038,1.0406595577917959
133.18109842486874,1.040224940816673
133.2111009250771,1.0397902797226184
133.24110342528544,1.0393555749863692
133.2711059254938,1.0389208270847128
133.30110842570215,1.0384860364944826
133.33111092591048,1.0380512036925604
133.36111342611883,1.0376163291558718
133.3911159263272,1.0371814133613897
133.42111842653554,1.0367464567861326
133.4511209267439,1.0363114599071632
133.48112342695225,1.0358764232015885
133.5111259271606,1.0354413471465584
133.54112842736896,1.0350062322192675
133.5711309275773,1.034571078896952
133.60113342778564,1.0341358876568902
133.631135927994,1.0337006589764022
133.66113842820235,1.033265393332849
133.6911409284107,1.0328300912036328
133.72114342861906,1.0323947530661954
133.7511459288274,1.0319593793980173
133.78114842903574,1.0315239706766195
133.8111509292441,1.0310885273795598
133.84115342945245,1.0306530499844353
133.8711559296608,1.0302175389688804
133.90115842986916,1.0297819948105646
133.9311609300775,1.0293464179871963
133.96116343028586,1.028910808976518
133.99116593049422,1.0284751682563085
134.02116843070255,1.0280394963043804
134.0511709309109,1.027603793598581
134.08117343111925,1.0271680606167912
134.1111759313276,1.0267322978369262
134.14117843153596,1.0262965057369322
134.17118093174432,1.0258606847947884
134.20118343195267,1.0254248354885058
134.23118593216103,1.024988958296126
134.26118843236935,1.0245530536957226
134.2911909325777,1.0241171221653964
134.32119343278606,1.0236811641832801
134.35119593299441,1.023245180227535
134.38119843320277,1.022809170776351
134.41120093341112,1.0223731363079447
134.44120343361948,1.0219370773005616
134.47120593382783,1.0215009942324733
134.50120843403616,1.0210648875819792
134.5312109342445,1.0206287578274018
134.56121343445287,1.0201926054470911
134.59121593466122,1.0197564309194218
134.62121843486958,1.019320234722792
134.65122093507793,1.018884017335625
134.68122343528628,1.018447779236365
134.7112259354946,1.0180115209034817
134.74122843570296,1.0175752428154643
134.77123093591132,1.017138945450826
134.80123343611967,1.0167026292880992
134.83123593632803,1.0162662948058383
134.86123843653638,1.0158299424826172
134.89124093674474,1.0153935727970298
134.9212434369531,1.0149571862276887
134.95124593716142,1.014520783253225
134.98124843736977,1.0140843643522872
135.01125093757813,1.0136479300035426
135.04125343778648,1.0132114806856747
135.07125593799483,1.0127750168773832
135.1012584382032,1.012338539057384
135.13126093841154,1.0119020477044085
135.1612634386199,1.0114655432972026
135.19126593882822,1.0110290263145276
135.22126843903658,1.010592497235156
135.25127093924493,1.0101559565378764
135.2812734394533,1.0097194047014886
135.31127593966164,1.0092828422048055
135.34127843987,1.0088462695266505
135.37128094007835,1.0084096871458592
135.40128344028668,1.007973095541278
135.43128594049503,1.0075364951917625
135.46128844070338,1.0070998865761778
135.49129094091174,1.006663270173399
135.5212934411201,1.0062266464623097
135.55129594132845,1.0057900159218007
135.5812984415368,1.0053533790307714
135.61130094174516,1.0049167362681264
135.64130344195348,1.004480088112779
135.67130594216184,1.0040434350436462
135.7013084423702,1.0036067775396524
135.73131094257855,1.003170116079725
135.7613134427869,1.0027334511427972
135.79131594299525,1.0022967832078054
135.8213184432036,1.0018601127536892
135.85132094341196,1.0014234402593916
135.8813234436203,1.0009867662038572
135.91132594382864,1.0005500910660317
135.941328444037,1.0001134153248632
135.97133094424535,0.9996767394593006
136.0013334444537,0.9992400639482915
136.03133594466206,0.9988033892707843
136.06133844487042,0.9983667159057261
136.09134094507877,0.9979300443320631
136.1213434452871,0.9974933750287387
136.15134594549545,0.9970567084746936
136.1813484457038,0.9966200451488665
136.21135094591216,0.9961833855301921
136.2413534461205,0.9957467300976015
136.27135594632887,0.9953100793300198
136.30135844653722,0.9948734337063684
136.33136094674555,0.9944367937055629
136.3613634469539,0.9940001598065122
136.39136594716226,0.9935635324881181
136.4213684473706,0.9931269122292764
136.45137094757897,0.9926902995088744
136.48137344778732,0.9922536948057918
136.51137594799567,0.9918170985988981
136.54137844820403,0.991380511367055
136.57138094841235,0.9909439335891137
136.6013834486207,0.9905073657439147
136.63138594882906,0.9900708083102886
136.66138844903742,0.989634261767053
136.69139094924577,0.9891977265930153
136.72139344945413,0.9887612032669693
136.75139594966248,0.9883246922676966
136.78139844987084,0.9878881940739641
136.81140095007916,0.9874517091645262
136.84140345028752,0.987015238018121
136.87140595049587,0.9865787811134733
136.90140845070422,0.9861423389292905
136.93141095091258,0.9857059119442653
136.96141345112093,0.985269500637073
136.9914159513293,0.984833105486372
137.0214184515376,0.9843967269708036
137.05142095174597,0.9839603655689886
137.08142345195432,0.9835240217595311
137.11142595216268,0.9830876960210158
137.14142845237103,0.982651388832007
137.17143095257939,0.9822151006710483
137.20143345278774,0.9817788320166634
137.2314359529961,0.9813425833473539
137.26143845320442,0.9809063551416004
137.29144095341277,0.9804701478778591
137.32144345362113,0.980033962034565
137.35144595382948,0.9795977980901294
137.38144845403784,0.9791616565229389
137.4114509542462,0.9787255378113565
137.44145345445455,0.9782894424337187
137.4714559546629,0.9778533708683379
137.50145845487123,0.9774173235934998
137.53146095507958,0.9769813010874632
137.56146345528794,0.9765453038284596
137.5914659554963,0.9761093322946934
137.62146845570464,0.9756733869643407
137.651470955913,0.9752374683155485
137.68147345612135,0.9748015768264352
137.7114759563297,0.9743657129750883
137.74147845653803,0.9739298772395661
137.7714809567464,0.9734940700978952
137.80148345695474,0.9730582920280717
137.8314859571631,0.9726225435080587
137.86148845737145,0.9721868250157879
137.8914909575798,0.9717511370291576
137.92149345778816,0.971315480026033
137.95149595799649,0.9708798544842454
137.98149845820484,0.9704442608815901
138.0115009584132,0.9700086996958291
138.04150345862155,0.9695731714046885
138.0715059588299,0.969137676485858
138.10150845903826,0.9687022154169904
138.1315109592466,0.968266788675702
138.16151345945497,0.9678313967395713
138.1915159596633,0.9673960400861392
138.22151845987165,0.9669607191929057
138.25152096008,0.966525434537334
138.28152346028835,0.9660901865968464
138.3115259604967,0.9656549758488254
138.34152846070506,0.9652198027706128
138.37153096091342,0.9647846678395081
138.40153346112177,0.96434957153277
138.4315359613301,0.9639145143276148
138.46153846153845,0.9634794967012152
138.4915409617468,0.9630445191307007
138.52154346195516,0.9626095820931572
138.55154596216352,0.9621746860656262
138.58154846237187,0.9617398315251037
138.61155096258022,0.9613050189485411
138.64155346278858,0.9608702488128426
138.6715559629969,0.9604355215948669
138.70155846320526,0.9600008377714244
138.7315609634136,0.9595661978192797
138.76156346362197,0.9591316022151473
138.79156596383032,0.9586970514356943
138.82156846403868,0.9582625459575385
138.85157096424703,0.9578280862572478
138.88157346445536,0.9573936728113407
138.9115759646637,0.9569593060962828
138.94157846487207,0.9565249865884904
138.97158096508042,0.9560907147643277
139.00158346528877,0.9556564911001066
139.03158596549713,0.9552223160720854
139.06158846570548,0.9547881901564698
139.09159096591384,0.9543541138294115
139.12159346612216,0.9539200875670085
139.15159596633052,0.9534861118453019
139.18159846653887,0.953052187140279
139.21160096674723,0.9526183139278709
139.24160346695558,0.9521844926839521
139.27160596716394,0.9517507238843406
139.3016084673723,0.9513170080047952
139.33161096758064,0.9508833455210187
139.36161346778897,0.9504497369086545
139.39161596799732,0.9500161826432867
139.42161846820568,0.9495826832004394
139.45162096841403,0.9491492390555776
139.4816234686224,0.9487158506841051
139.51162596883074,0.9482825185613653
139.5416284690391,0.947849243162638
139.57163096924742,0.9474160249631429
139.60163346945578,0.9469828644380355
139.63163596966413,0.9465497620624088
139.66163846987249,0.9461167183112923
139.69164097008084,0.94568373365965
139.7216434702892,0.945250808582382
139.75164597049755,0.944817943554323
139.7816484707059,0.9443851390502421
139.81165097091423,0.9439523955448412
139.84165347112258,0.9435197135127553
139.87165597133094,0.9430870934285528
139.9016584715393,0.9426545357667342
139.93166097174765,0.9422220410017302
139.961663471956,0.9417896096079038
139.99166597216436,0.9413572420595482
140.0216684723727,0.9409249388308863
140.05167097258104,0.9404927003960716
140.0816734727894,0.9400605272291838
140.11167597299774,0.9396284198042335
140.1416784732061,0.9391963785951588
140.17168097341445,0.9387644040758248
140.2016834736228,0.9383324967200231
140.23168597383116,0.9379006570014721
140.26168847403952,0.937468885393816
140.29169097424784,0.9370371823706252
140.3216934744562,0.9366055484053921
140.35169597466455,0.9361739839715362
140.3816984748729,0.9357424895423994
140.41170097508126,0.9353110655912474
140.44170347528961,0.9348797125912686
140.47170597549797,0.9344484310155725
140.5017084757063,0.9340172213371918
140.53171097591465,0.9335860840290789
140.561713476123,0.9331550195641084
140.59171597633136,0.9327240284150732
140.6217184765397,0.9322931110546872
140.65172097674807,0.9318622679555828
140.68172347695642,0.9314314995903111
140.71172597716478,0.9310008064313415
140.7417284773731,0.9305701889510604
140.77173097758146,0.9301396476217707
140.8017334777898,0.9297091829156932
140.83173597799816,0.9292787953049638
140.86173847820652,0.9288484852616337
140.89174097841487,0.9284182532576692
140.92174347862323,0.9279880997649516
140.95174597883158,0.9275580252552752
140.9817484790399,0.9271280302003488
141.01175097924826,0.926698115071792
141.04175347945662,0.9262682803411387
141.07175597966497,0.9258385264798339
141.10175847987333,0.9254088539592343
141.13176098008168,0.9249792632506065
141.16176348029003,0.9245497548251281
141.19176598049836,0.9241203291538868
141.22176848070671,0.9236909867078783
141.25177098091507,0.9232617279580076
141.28177348112342,0.9228325533750885
141.31177598133178,0.9224034634298417
141.34177848154013,0.9219744585928956
141.3717809817485,0.9215455393347852
141.40178348195684,0.921116706125951
141.43178598216517,0.9206879594367401
141.46178848237352,0.9202592997374034
141.49179098258188,0.919830727498098
141.52179348279023,0.9194022431888836
141.55179598299858,0.9189738472797244
141.58179848320694,0.9185455402404873
141.6118009834153,0.9181173225409419
141.64180348362365,0.9176891946507599
141.67180598383197,0.917261157039514
141.70180848404033,0.9168332101766778
141.73181098424868,0.9164053545316261
141.76181348445704,0.9159775905736336
141.7918159846654,0.9155499187718734
141.82181848487375,0.9151223395954188
141.8518209850821,0.9146948535132406
141.88182348529045,0.9142674609942085
141.91182598549878,0.9138401625070884
141.94182848570713,0.9134129585205433
141.9718309859155,0.9129858495031332
142.00183348612384,0.9125588359233135
142.0318359863322,0.9121319182494356
142.06183848654055,0.9117050969497441
142.0918409867489,0.9112783724923794
142.12184348695723,0.9108517453453755
142.1518459871656,0.9104252159766592
142.18184848737394,0.9099987848540495
142.2118509875823,0.909572452445259
142.24185348779065,0.9091462192178913
142.271855987999,0.9087200856394417
142.30185848820736,0.9082940521772951
142.3318609884157,0.9078681192987275
142.36186348862404,0.9074422874709049
142.3918659888324,0.9070165571608813
142.42186848904075,0.9065909288356006
142.4518709892491,0.9061654029618935
142.48187348945746,0.9057399800064796
142.5118759896658,0.9053146604359649
142.54187848987416,0.9048894447168426
142.57188099008252,0.904464333315491
142.60188349029085,0.9040393266981752
142.6318859904992,0.9036144253310441
142.66188849070755,0.9031896296801325
142.6918909909159,0.9027649402113579
142.72189349112426,0.9023403573905222
142.75189599133262,0.9019158816833104
142.78189849154097,0.9014915135552894
142.81190099174933,0.9010672534719092
142.84190349195765,0.9006431018984999
142.871905992166,0.900219059300273
142.90190849237436,0.8997951261423212
142.93191099258271,0.8993713028896166
142.96191349279107,0.8989475900070106
142.99191599299942,0.8985239879592339
143.02191849320778,0.8981004972108957
143.0519209934161,0.8976771182264833
143.08192349362446,0.8972538514703601
143.1119259938328,0.8968306974067676
143.14192849404117,0.8964076564998238
143.17193099424952,0.8959847292135221
143.20193349445788,0.8955619160117319
143.23193599466623,0.8951392173581961
143.26193849487458,0.8947166337165335
143.2919409950829,0.8942941655502363
143.32194349529126,0.8938718133226695
143.35194599549962,0.893449577497071
143.38194849570797,0.8930274585365516
143.41195099591633,0.8926054569040939
143.44195349612468,0.8921835730625514
143.47195599633304,0.8917618074746488
143.5019584965414,0.8913401606029804
143.53196099674972,0.8909186329100114
143.56196349695807,0.8904972248580749
143.59196599716643,0.8900759369093743
143.62196849737478,0.8896547695259797
143.65197099758313,0.8892337231698302
143.6819734977915,0.8888127983027316
143.71197599799984,0.8883919953863568
143.74197849820817,0.8879713148822452
143.77198099841652,0.8875507572518002
143.80198349862488,0.8871303229562922
143.83198599883323,0.886710012456856
143.8619884990416,0.8862898262144907
143.89199099924994,0.8858697646900581
143.9219934994583,0.8854498283442843
143.95199599966665,0.8850300176377578
143.98199849987498,0.88461033303093
144.01200100008333,0.8841907749841117
144.04200350029168,0.8837713439574773
144.07200600050004,0.8833520404110609
144.1020085007084,0.8829328648047569
144.13201100091675,0.8825138175983197
144.1620135011251,0.882094899251362
144.19201600133346,0.8816761102233559
144.22201850154178,0.8812574509736318
144.25202100175014,0.8808389219613773
144.2820235019585,0.8804205236456366
144.31202600216685,0.8800022564853118
144.3420285023752,0.8795841209391606
144.37203100258355,0.8791661174657963
144.4020335027919,0.8787482465236875
144.43203600300026,0.878330508571157
144.4620385032086,0.8779129040663824
144.49204100341694,0.8774954334673942
144.5220435036253,0.8770780972320769
144.55204600383365,0.8766608958181663
144.582048504042,0.8762438296832518
144.61205100425036,0.8758268992847735
144.64205350445872,0.8754101050800236
144.67205600466704,0.8749934475261436
144.7020585048754,0.8745769270801257
144.73206100508375,0.8741605441988118
144.7620635052921,0.8737442993388931
144.79206600550046,0.8733281929569096
144.8220685057088,0.8729122255092481
144.85207100591717,0.8724963974521445
144.88207350612552,0.8720807092416811
144.91207600633385,0.8716651613337879
144.9420785065422,0.8712497541842384
144.97208100675056,0.8708344882486545
145.0020835069589,0.8704193639825017
145.03208600716727,0.8700043818410912
145.06208850737562,0.8695895422795767
145.09209100758397,0.869174845752957
145.12209350779233,0.8687602927160735
145.15209600800065,0.8683458836236104
145.182098508209,0.8679316189300937
145.21210100841736,0.8675174990898906
145.24210350862572,0.8671035245572105
145.27210600883407,0.8666896957861029
145.30210850904243,0.8662760132304577
145.33211100925078,0.8658624773440033
145.3621135094591,0.865449088580309
145.39211600966746,0.8650358473927813
145.42211850987582,0.8646227542346656
145.45212101008417,0.8642098095590445
145.48212351029252,0.863797013818838
145.51212601050088,0.8633843674668027
145.54212851070923,0.8629718709555315
145.5721310109176,0.8625595247374531
145.6021335111259,0.8621473292648306
145.63213601133427,0.861735284989762
145.66213851154262,0.86132339236418
145.69214101175098,0.860911651839851
145.72214351195933,0.8605000638683735
145.75214601216769,0.86008862890118
145.78214851237604,0.8596773473895342
145.8121510125844,0.8592662197845321
145.84215351279272,0.8588552465371013
145.87215601300107,0.8584444280979983
145.90215851320943,0.8580337649178115
145.93216101341778,0.8576232574469584
145.96216351362614,0.8572129061356863
145.9921660138345,0.85680271143407
146.02216851404285,0.8563926737920138
146.0521710142512,0.8559827936592489
146.08217351445953,0.8555730714853348
146.11217601466788,0.8551635077196558
146.14217851487624,0.8547541028114242
146.1721810150846,0.8543448572096775
146.20218351529294,0.8539357713632786
146.2321860155013,0.8535268457209153
146.26218851570965,0.8531180807310987
146.29219101591798,0.8527094768421654
146.32219351612633,0.8523010345022735
146.3521960163347,0.8518927541594054
146.38219851654304,0.8514846362613645
146.4122010167514,0.8510766812557772
146.44220351695975,0.8506688895900907
146.4722060171681,0.850261261711573
146.50220851737646,0.849853798067313
146.53221101758479,0.8494464991042187
146.56221351779314,0.8490393652690174
146.5922160180015,0.8486323970082561
146.62221851820985,0.8482255947683
146.6522210184182,0.8478189589953314
146.68222351862656,0.847412490135351
146.7122260188349,0.8470061886341761
146.74222851904327,0.8466000549374402
146.7722310192516,0.8461940894905937
146.80223351945995,0.8457882927389003
146.8322360196683,0.8453826651274408
146.86223851987666,0.8449772071011097
146.892241020085,0.8445719191046159
146.92224352029336,0.844166801582481
146.95224602050172,0.8437618549790401
146.98224852071004,0.8433570797384413
147.0122510209184,0.842952476304644
147.04225352112675,0.842548045121419
147.0722560213351,0.842143786632349
147.10225852154346,0.8417397012808269
147.13226102175182,0.8413357895100556
147.16226352196017,0.8409320517630481
147.19226602216852,0.8405284884826256
147.22226852237685,0.8401251001114189
147.2522710225852,0.8397218870918661
147.28227352279356,0.8393188498662141
147.3122760230019,0.8389159888765154
147.34227852321027,0.8385133045646307
147.37228102341862,0.8381107973722263
147.40228352362698,0.8377084677407743
147.43228602383533,0.8373063161115517
147.46228852404366,0.8369043429256412
147.492291024252,0.8365025486239284
147.52229352446037,0.8361009336471037
147.55229602466872,0.8356994984356609
147.58229852487707,0.835298243429896
147.61230102508543,0.8348971690699076
147.64230352529378,0.8344962757955965
147.67230602550214,0.8340955640466647
147.70230852571046,0.8336950342626149
147.73231102591882,0.83329468688275
147.76231352612717,0.8328945223461732
147.79231602633553,0.8324945410917878
147.82231852654388,0.8320947435582945
147.85232102675224,0.8316951301841938
147.8823235269606,0.831295701407784
147.91232602716892,0.8308964576671607
147.94232852737727,0.8304973994002166
147.97233102758562,0.8300985270446404
148.00233352779398,0.8296998410379179
148.03233602800233,0.8293013418173302
148.0623385282107,0.8289030298199535
148.09234102841904,0.8285049054826579
148.1223435286274,0.8281069692421088
148.15234602883572,0.827709221534765
148.18234852904408,0.8273116627968782
148.21235102925243,0.8269142934644924
148.2423535294608,0.8265171139734451
148.27235602966914,0.8261201247593645
148.3023585298775,0.8257233262576708
148.33236103008585,0.8253267189035749
148.3623635302942,0.8249303031320774
148.39236603050253,0.8245340793779697
148.42236853071088,0.8241380480758318
148.45237103091924,0.8237422096600333
148.4823735311276,0.8233465645647315
148.51237603133595,0.8229511132238723
148.5423785315443,0.822555856071189
148.57238103175266,0.8221607935402016
148.602383531961,0.8217659260642171
148.63238603216934,0.8213712540763282
148.6623885323777,0.8209767780094128
148.69239103258604,0.8205824982961347
148.7223935327944,0.8201884153689424
148.75239603300275,0.8197945296600675
148.7823985332111,0.8194008416015262
148.81240103341946,0.819007351625118
148.8424035336278,0.8186140601624251
148.87240603383614,0.8182209676448106
148.9024085340445,0.8178280745034212
148.93241103425285,0.817435381169184
148.9624135344612,0.8170428880728074
148.99241603466956,0.8166505956447803
149.02241853487791,0.8162585043153703
149.05242103508627,0.8158666145146257
149.0824235352946,0.8154749266723738
149.11242603550295,0.8150834412182193
149.1424285357113,0.8146921585815456
149.17243103591966,0.8143010791915137
149.202433536128,0.8139102034770618
149.23243603633637,0.8135195318669042
149.26243853654472,0.8131290647895322
149.29244103675308,0.8127388026732114
149.3224435369614,0.8123487459459842
149.35244603716976,0.8119588950356661
149.3824485373781,0.8115692503698485
149.41245103758646,0.8111798123758951
149.44245353779482,0.8107905814809437
149.47245603800317,0.8104015581119052
149.50245853821153,0.8100127426954623
149.53246103841985,0.8096241356580706
149.5624635386282,0.809235737425955
149.59246603883656,0.8088475484251135
149.62246853904492,0.8084595690813139
149.65247103925327,0.8080717998200944
149.68247353946163,0.8076842410667616
149.71247603966998,0.8072968932463925
149.74247853987833,0.8069097567838324
149.77248104008666,0.806522832103695
149.80248354029501,0.8061361196303604
149.83248604050337,0.8057496197879773
149.86248854071172,0.805363333000461
149.89249104092008,0.8049772596914929
149.92249354112843,0.8045914002845207
149.9524960413368,0.8042057552027563
149.98249854154514,0.8038203248691775
150.01250104175347,0.8034351097065271
150.04250354196182,0.8030501101373105
150.07250604217018,0.8026653265837971
150.10250854237853,0.8022807594680199
150.13251104258688,0.8018964092117743
150.16251354279524,0.8015122762366176
150.1925160430036,0.8011283609638692
150.22251854321195,0.800744663814609
150.25252104342027,0.8003611852096785
150.28252354362863,0.7999779255696786
150.31252604383698,0.7995948853149714
150.34252854404534,0.7992120648656764
150.3725310442537,0.7988294646416739
150.40253354446205,0.7984470850626016
150.4325360446704,0.7980649265478561
150.46253854487873,0.7976829895165902
150.49254104508708,0.7973012743877146
150.52254354529543,0.7969197815798965
150.5525460455038,0.7965385115115599
150.58254854571214,0.7961574646008829
150.6125510459205,0.7957766412658004
150.64255354612885,0.7953960419240014
150.6725560463372,0.7950156669929292
150.70255854654553,0.794635516889782
150.7325610467539,0.7942555920315089
150.76256354696224,0.7938758928348144
150.7925660471706,0.7934964197161545
150.82256854737895,0.7931171730917377
150.8525710475873,0.7927381533775232
150.88257354779566,0.7923593609892221
150.912576048004,0.7919807963422959
150.94257854821234,0.7916024598519571
150.9725810484207,0.791224351933166
151.00258354862905,0.7908464730006338
151.0325860488374,0.7904688234688204
151.06258854904576,0.7900914037519337
151.0925910492541,0.78971421426393
151.12259354946247,0.7893372554185122
151.1525960496708,0.7889605276291314
151.18259854987915,0.788584031308984
151.2126010500875,0.7882077668710139
151.24260355029585,0.7878317347279093
151.2726060505042,0.7874559352921048
151.30260855071256,0.7870803689757789
151.33261105092092,0.786705036190855
151.36261355112927,0.7863299373490004
151.3926160513376,0.7859550728616251
151.42261855154595,0.7855804431398824
151.4526210517543,0.7852060485946684
151.48262355196266,0.7848318896366212
151.51262605217102,0.7844579666761201
151.54262855237937,0.7840842801232859
151.57263105258772,0.7837108303879801
151.60263355279608,0.7833376178798043
151.6326360530044,0.7829646430081008
151.66263855321276,0.782591906181949
151.6926410534211,0.7822194078101694
151.72264355362947,0.7818471483013203
151.75264605383782,0.781475128063698
151.78264855404618,0.7811033475053359
151.81265105425453,0.7807318070340052
151.84265355446288,0.7803605070572137
151.8726560546712,0.7799894479822054
151.90265855487957,0.779618630215959
151.93266105508792,0.7792480541651898
151.96266355529627,0.7788777202363478
151.99266605550463,0.7785076288356173
152.02266855571298,0.7781377803689167
152.05267105592134,0.7777681752418972
152.08267355612966,0.7773988138599445
152.11267605633802,0.7770296966281752
152.14267855654637,0.77666082395144
152.17268105675473,0.7762921962343197
152.20268355696308,0.7759238138811275
152.23268605717143,0.7755556772959071
152.2626885573798,0.775187786882433
152.29269105758814,0.7748201430442092
152.32269355779647,0.7744527461844695
152.35269605800482,0.7740855967061764
152.38269855821318,0.7737186950120216
152.41270105842153,0.7733520415044253
152.4427035586299,0.7729856365855343
152.47270605883824,0.772619480657224
152.5027085590466,0.7722535741210961
152.53271105925495,0.7718879173784788
152.56271355946328,0.7715225108304271
152.59271605967163,0.7711573548777196
152.62271855987998,0.770792449920862
152.65272106008834,0.770427796360084
152.6827235602967,0.7700633945953398
152.71272606050505,0.7696992450263067
152.7427285607134,0.7693353480523863
152.77273106092176,0.7689717040727027
152.80273356113008,0.768608313486103
152.83273606133844,0.7682451766911551
152.8627385615468,0.7678822940861497
152.89274106175515,0.7675196660690986
152.9227435619635,0.7671572930377342
152.95274606217185,0.7667951753895093
152.9827485623802,0.7664333135215959
153.01275106258853,0.7660717078308868
153.0427535627969,0.7657103587139925
153.07275606300524,0.7653492665672431
153.1027585632136,0.764988431786686
153.13276106342195,0.7646278547680868
153.1627635636303,0.7642675359069285
153.19276606383866,0.7639074755984111
153.22276856404702,0.76354767423745
153.25277106425534,0.7631881322186779
153.2827735644637,0.7628288499364417
153.31277606467205,0.7624698277848048
153.3427785648804,0.7621110661575445
153.37278106508876,0.7617525654481523
153.4027835652971,0.7613943260498338
153.43278606550547,0.7610363483555079
153.46278856571382,0.7606786327578068
153.49279106592215,0.7603211796490745
153.5227935661305,0.7599639894213674
153.55279606633886,0.7596070624664539
153.5827985665472,0.7592503991758137
153.61280106675557,0.7588939999406364
153.64280356696392,0.758537865151823
153.67280606717227,0.7581819951999839
153.7028085673806,0.7578263904754395
153.73281106758895,0.7574710513682189
153.7628135677973,0.7571159782680594
153.79281606800566,0.7567611715644076
153.82281856821402,0.7564066316464172
153.85282106842237,0.75605235890295
153.88282356863073,0.7556983537225734
153.91282606883908,0.7553446164935629
153.9428285690474,0.7549911476038993
153.97283106925576,0.7546379474412692
154.00283356946412,0.7542850163930639
154.03283606967247,0.7539323548463804
154.06283856988082,0.7535799631880201
154.09284107008918,0.7532278418044878
154.12284357029753,0.7528759910819923
154.1528460705059,0.7525244114064451
154.1828485707142,0.7521731031634612
154.21285107092257,0.7518220667383566
154.24285357113092,0.7514713025161508
154.27285607133928,0.751120810881563
154.30285857154763,0.750770592219015
154.33286107175599,0.7504206469126282
154.36286357196434,0.7500709753462247
154.3928660721727,0.7497215779033263
154.42286857238102,0.7493724549671539
154.45287107258937,0.7490236069206269
154.48287357279773,0.748675034146364
154.51287607300608,0.7483267370266824
154.54287857321444,0.7479787159435952
154.5728810734228,0.7476309712788144
154.60288357363115,0.747283503413748
154.63288607383947,0.7469363127295016
154.66288857404783,0.7465893996068742
154.69289107425618,0.7462427644263627
154.72289357446454,0.7458964075681587
154.7528960746729,0.7455503294121479
154.78289857488124,0.7452045303379113
154.8129010750896,0.7448590107247224
154.84290357529795,0.7445137709515495
154.87290607550628,0.7441688113970534
154.90290857571463,0.7438241324395876
154.932911075923,0.7434797344571973
154.96291357613134,0.7431356178276206
154.9929160763397,0.7427917829282864
155.02291857654805,0.7424482301363147
155.0529210767564,0.7421049598285163
155.08292357696476,0.7417619723813913
155.11292607717309,0.7414192681711309
155.14292857738144,0.7410768475736143
155.1729310775898,0.7407347109644107
155.20293357779815,0.7403928587187769
155.2329360780065,0.7400512912116588
155.26293857821486,0.7397100088176891
155.2929410784232,0.7393690119111884
155.32294357863154,0.7390283008661644
155.3529460788399,0.73868787605631
155.38294857904825,0.7383477378550052
155.4129510792566,0.7380078866353155
155.44295357946496,0.7376683227699918
155.4729560796733,0.737329046631469
155.50295857988166,0.7369900585918676
155.53296108009002,0.7366513590229911
155.56296358029834,0.7363129482963278
155.5929660805067,0.7359748267830472
155.62296858071505,0.7356369948540034
155.6529710809234,0.7352994528797323
155.68297358113176,0.7349622012304518
155.71297608134012,0.7346252402760616
155.74297858154847,0.7342885703861415
155.77298108175683,0.7339521919299534
155.80298358196515,0.7336161052764394
155.8329860821735,0.7332803107942205
155.86298858238186,0.732944808851598
155.8929910825902,0.7326095998165522
155.92299358279857,0.7322746840567423
155.95299608300692,0.7319400619395062
155.98299858321528,0.7316057338318585
156.01300108342363,0.7312717001004921
156.04300358363196,0.7309379611117778
156.0730060838403,0.7306045172317615
156.10300858404867,0.7302713688261666
156.13301108425702,0.729938516260392
156.16301358446538,0.729605959899512
156.19301608467373,0.7292737001082765
156.22301858488208,0.7289417372511101
156.2530210850904,0.7286100716921111
156.28302358529876,0.7282787037950518
156.31302608550712,0.7279476339233785
156.34302858571547,0.7276168624402108
156.37303108592383,0.7272863897083401
156.40303358613218,0.7269562160902311
156.43303608634054,0.7266263419480197
156.4630385865489,0.7262967676435138
156.49304108675722,0.7259674935381929
156.52304358696557,0.7256385199932054
156.55304608717393,0.7253098473693718
156.58304858738228,0.7249814760271821
156.61305108759063,0.724653406326796
156.643053587799,0.7243256386280416
156.67305608800734,0.7239981732904164
156.7030585882157,0.7236710106730865
156.73306108842402,0.7233441511348857
156.76306358863238,0.7230175950343147
156.79306608884073,0.7226913427295422
156.8230685890491,0.7223653945784037
156.85307108925744,0.7220397509384007
156.8830735894658,0.7217144121667012
156.91307608967415,0.7213893786201381
156.94307858988248,0.7210646506552105
156.97308109009083,0.7207402286280811
157.00308359029918,0.7204161128945785
157.03308609050754,0.7200923038101938
157.0630885907159,0.719768801730083
157.09309109092425,0.7194456070090648
157.1230935911326,0.719122720001621
157.15309609134096,0.718800141061896
157.18309859154928,0.718477870543696
157.21310109175764,0.7181559088004887
157.243103591966,0.7178342561854039
157.27310609217434,0.7175129130512318
157.3031085923827,0.7171918797504231
157.33311109259105,0.7168711566350889
157.3631135927994,0.7165507440570003
157.39311609300776,0.7162306423675874
157.4231185932161,0.71591085191794
157.45312109342444,0.7155913730588048
157.4831235936328,0.7152722061405887
157.51312609384115,0.7149533515133557
157.5431285940495,0.7146348095268273
157.57313109425786,0.7143165805303818
157.60313359446621,0.7139986648730545
157.63313609467457,0.7136810629035374
157.6631385948829,0.7133637749701782
157.69314109509125,0.7130468014209791
157.7231435952996,0.7127301426035988
157.75314609550796,0.7124137988653507
157.7831485957163,0.7120977705532021
157.81315109592467,0.7117820580137749
157.84315359613302,0.7114666615933438
157.87315609634135,0.7111515816378378
157.9031585965497,0.7108368184928378
157.93316109675806,0.7105223725035781
157.9631635969664,0.7102082440149443
157.99316609717476,0.7098944333714746
158.02316859738312,0.7095809409173582
158.05317109759147,0.7092677669964352
158.08317359779983,0.7089549119521968
158.11317609800815,0.7086423761277838
158.1431785982165,0.708330159865987
158.17318109842486,0.708018263509247
158.20318359863322,0.7077066873996538
158.23318609884157,0.7073954318789452
158.26318859904993,0.7070844972885081
158.29319109925828,0.7067738839693773
158.32319359946663,0.7064635922622355
158.35319609967496,0.7061536225074121
158.38319859988331,0.7058439750448833
158.41320110009167,0.7055346502142721
158.44320360030002,0.705225648354848
158.47320610050838,0.704916969805526
158.50320860071673,0.704608614904866
158.5332111009251,0.7043005839910734
158.56321360113344,0.7039928774019983
158.59321610134177,0.7036854954751355
158.62321860155012,0.703378438547622
158.65322110175848,0.7030717069562402
158.68322360196683,0.7027653010374149
158.71322610217518,0.7024592211272138
158.74322860238354,0.7021534675613467
158.7732311025919,0.7018480406751659
158.80323360280022,0.7015429408036657
158.83323610300857,0.7012381682814807
158.86323860321693,0.7009337234428874
158.89324110342528,0.7006296066218023
158.92324360363364,0.7003258181517824
158.953246103842,0.7000223583660247
158.98324860405035,0.6997192275973656
159.0132511042587,0.6994164261782803
159.04325360446703,0.6991139544408833
159.07325610467538,0.6988118127169269
159.10325860488373,0.6985100013378023
159.1332611050921,0.6982085206345372
159.16326360530044,0.6979073709377975
159.1932661055088,0.6976065525778861
159.22326860571715,0.6973060658847419
159.2532711059255,0.6970059111879405
159.28327360613383,0.6967060888166934
159.3132761063422,0.6964065990998467
159.34327860655054,0.6961074423658828
159.3732811067589,0.6958086189429188
159.40328360696725,0.6955101291587051
159.4332861071756,0.6952119733406271
159.46328860738396,0.694914151815704
159.49329110759228,0.6946166649105884
159.52329360780064,0.6943195129515645
159.553296108009,0.6940226962645508
159.58329860821735,0.6937262151750974
159.6133011084257,0.6934300700083862
159.64330360863406,0.6931342610892313
159.6733061088424,0.6928387887420768
159.70330860905077,0.692543653290999
159.7333111092591,0.6922488550597039
159.76331360946745,0.6919543943715276
159.7933161096758,0.6916602715494362
159.82331860988415,0.6913664869160252
159.8533211100925,0.6910730407935193
159.88332361030086,0.6907799335037716
159.91332611050922,0.6904871653682643
159.94332861071757,0.6901947367081063
159.9733311109259,0.6899026478440357
160.00333361113425,0.6896108990964164
160.0333361113426,0.6893194907852407
160.06333861155096,0.689028423230126
160.09334111175932,0.6887376967503174
160.12334361196767,0.6884473116646851
160.15334611217602,0.688157268291725
160.18334861238438,0.6878675669495585
160.2133511125927,0.6875782079559314
160.24335361280106,0.687289191628214
160.2733561130094,0.6870005182834011
160.30335861321777,0.6867121882381115
160.33336111342612,0.6864242018085867
160.36336361363448,0.6861365593106918
160.39336611384283,0.685849261059915
160.42336861405116,0.6855623073713667
160.4533711142595,0.6852756985597785
160.48337361446787,0.6849894349395049
160.51337611467622,0.6847035168245215
160.54337861488457,0.6844179445284247
160.57338111509293,0.6841327183644321
160.60338361530128,0.6838478386453808
160.63338611550964,0.6835633056837285
160.66338861571796,0.6832791197915528
160.69339111592632,0.6829952812805501
160.72339361613467,0.6827117904620359
160.75339611634303,0.6824286476469444
160.78339861655138,0.6821458531458285
160.81340111675974,0.6818634072688585
160.8434036169681,0.681581310325823
160.87340611717644,0.6812995626261269
160.90340861738477,0.681018164478793
160.93341111759312,0.6807371161924599
160.96341361780148,0.6804564180753834
160.99341611800983,0.680176070435434
161.0234186182182,0.6798960735800991
161.05342111842654,0.6796164278164805
161.0834236186349,0.6793371334512954
161.11342611884322,0.6790581907908754
161.14342861905158,0.6787796001411659
161.17343111925993,0.6785013618077268
161.20343361946829,0.6782234760957315
161.23343611967664,0.6779459433099668
161.263438619885,0.6776687637548318
161.29344112009335,0.6773919377343385
161.3234436203017,0.6771154655521112
161.35344612051003,0.6768393475113869
161.38344862071838,0.676563583915012
161.41345112092674,0.6762881750654463
161.4434536211351,0.6760131212647594
161.47345612134345,0.6757384228146324
161.5034586215518,0.6754640800163552
161.53346112176015,0.675190093170829
161.5634636219685,0.6749164625785639
161.59346612217684,0.6746431885396796
161.6234686223852,0.6743702713539045
161.65347112259354,0.6740977113205753
161.6834736228019,0.6738255087386373
161.71347612301025,0.6735536639066443
161.7434786232186,0.673282177122757
161.77348112342696,0.6730110486847432
161.80348362363532,0.6727402788899783
161.83348612384364,0.6724698680354444
161.863488624052,0.6721998164177292
161.89349112426035,0.6719301243330265
161.9234936244687,0.6716607920771365
161.95349612467706,0.671391819945464
161.9834986248854,0.6711232082330194
162.01350112509377,0.6708549572344176
162.0435036253021,0.6705870672438772
162.07350612551045,0.6703195385552215
162.1035086257188,0.6700523714618776
162.13351112592716,0.6697855662568759
162.1635136261355,0.6695191232328496
162.19351612634387,0.6692530426820347
162.22351862655222,0.6689873248962701
162.25352112676057,0.6687219701669964
162.2835236269689,0.6684569787852566
162.31352612717725,0.6681923510416936
162.3435286273856,0.6679280872265532
162.37353112759396,0.6676641876296812
162.40353362780232,0.6674006525405245
162.43353612801067,0.6671374822481293
162.46353862821903,0.6668746770411422
162.49354112842738,0.6666122372078098
162.5235436286357,0.6663501630359777
162.55354612884406,0.6660884548130894
162.58354862905242,0.6658271128261884
162.61355112926077,0.6655661373619159
162.64355362946912,0.6653055287065115
162.67355612967748,0.6650452871458119
162.70355862988583,0.6647854129652514
162.7335611300942,0.6645259064498614
162.7635636303025,0.6642667678842706
162.79356613051087,0.6640079975527029
162.82356863071922,0.6637495957389792
162.85357113092758,0.6634915627265159
162.88357363113593,0.6632338987983253
162.91357613134429,0.6629766042370142
162.94357863155264,0.6627196793247854
162.97358113176097,0.6624631243434347
163.00358363196932,0.6622069395743533
163.03358613217767,0.661951125298526
163.06358863238603,0.6616956817965316
163.09359113259438,0.6614406093485414
163.12359363280274,0.6611859082343206
163.1535961330111,0.6609315787332264
163.18359863321945,0.6606776211242092
163.21360113342777,0.6604240356858113
163.24360363363613,0.6601708226961658
163.27360613384448,0.6599179824329984
163.30360863405284,0.6596655151736257
163.3336111342612,0.6594134211949554
163.36361363446954,0.6591617007734851
163.3936161346779,0.6589103541853034
163.42361863488625,0.6586593817060884
163.45362113509458,0.6584087836111088
163.48362363530293,0.6581585601752207
163.5136261355113,0.6579087116728712
163.54362863571964,0.6576592383780956
163.573631135928,0.6574101405645173
163.60363363613635,0.6571614185053485
163.6336361363447,0.6569130724733884
163.66363863655303,0.6566651027410246
163.69364113676139,0.6564175095802315
163.72364363696974,0.6561702932625708
163.7536461371781,0.6559234540591903
163.78364863738645,0.655676992240825
163.8136511375948,0.6554309080777952
163.84365363780316,0.6551852018400076
163.8736561380115,0.6549398737969543
163.90365863821984,0.654694924217712
163.9336611384282,0.6544503533709429
163.96366363863655,0.6542061615248935
163.9936661388449,0.6539623489473951
164.02366863905326,0.6537189159058623
164.0536711392616,0.6534758626672937
164.08367363946996,0.6532331894982717
164.11367613967832,0.6529908966649616
164.14367863988664,0.6527489844331115
164.173681140095,0.6525074530680515
164.20368364030335,0.6522663028346949
164.2336861405117,0.6520255339975365
164.26368864072006,0.6517851468206532
164.29369114092842,0.6515451415677025
164.32369364113677,0.6513055185019235
164.35369614134513,0.6510662778861362
164.38369864155345,0.6508274199827415
164.4137011417618,0.6505889450537192
164.44370364197016,0.6503508533606301
164.47370614217851,0.6501131451646147
164.50370864238687,0.6498758207263927
164.53371114259522,0.6496388803062625
164.56371364280358,0.6494023241641016
164.5937161430119,0.6491661525593666
164.62371864322026,0.6489303657510912
164.6537211434286,0.6486949639978881
164.68372364363697,0.6484599475579467
164.71372614384532,0.6482253166890346
164.74372864405368,0.6479910716484962
164.77373114426203,0.647757212693253
164.80373364447038,0.6475237400798023
164.8337361446787,0.6472906540642185
164.86373864488706,0.6470579549021511
164.89374114509542,0.6468256428488264
164.92374364530377,0.6465937181590451
164.95374614551213,0.6463621810871836
164.98374864572048,0.6461310318871928
165.01375114592884,0.6459002708125987
165.0437536461372,0.6456698981165014
165.07375614634552,0.6454399140515746
165.10375864655387,0.6452103188700661
165.13376114676223,0.6449811128237971
165.16376364697058,0.6447522961641624
165.19376614717893,0.6445238691421289
165.2237686473873,0.6442958320082367
165.25377114759564,0.6440681850125982
165.28377364780397,0.6438409284048984
165.31377614801232,0.6436140624343926
165.34377864822068,0.6433875873499091
165.37378114842903,0.643161503399847
165.4037836486374,0.6429358108321763
165.43378614884574,0.6427105098944381
165.4637886490541,0.6424856008337434
165.49379114926245,0.6422610838967737
165.52379364947078,0.6420369593297808
165.55379614967913,0.6418132273785853
165.58379864988748,0.6415898882885773
165.61380115009584,0.641366942304717
165.6438036503042,0.6411443896715323
165.67380615051255,0.6409222306331206
165.7038086507209,0.6407004654331467
165.73381115092926,0.6404790943148441
165.76381365113758,0.6402581175210138
165.79381615134594,0.6400375352940242
165.8238186515543,0.6398173478758113
165.85382115176265,0.6395975555078776
165.883823651971,0.6393781584312926
165.91382615217935,0.6391591568866923
165.9438286523877,0.6389405511142789
165.97383115259606,0.6387223413538203
166.0038336528044,0.6385045278446502
166.03383615301274,0.6382871108256674
166.0638386532211,0.638070090535336
166.09384115342945,0.6378534672116856
166.1238436536378,0.6376372410923091
166.15384615384616,0.637421412414365
166.18384865405451,0.6372059814145751
166.21385115426284,0.6369909483292258
166.2438536544712,0.6367763133941657
166.27385615467955,0.6365620768448079
166.3038586548879,0.6363482389161286
166.33386115509626,0.6361347998426659
166.3638636553046,0.6359217598585212
166.39386615551297,0.6357091191973577
166.42386865572132,0.635496878092401
166.45387115592965,0.6352850367764384
166.483873656138,0.6350735954818184
166.51387615634636,0.6348625544404509
166.5438786565547,0.6346519138838069
166.57388115676306,0.6344416740429182
166.60388365697142,0.6342318351483769
166.63388615717977,0.6340223974303356
166.66388865738813,0.6338133611185064
166.69389115759645,0.633604726442162
166.7238936578048,0.6333964936301334
166.75389615801316,0.6331886629108119
166.78389865822152,0.6329812345121472
166.81390115842987,0.6327742086616478
166.84390365863823,0.6325675855863808
166.87390615884658,0.632361365512972
166.9039086590549,0.6321555486676042
166.93391115926326,0.6319501352760182
166.96391365947161,0.6317451255635129
166.99391615967997,0.6315405197549441
167.02391865988832,0.6313363180747245
167.05392116009668,0.6311325207468235
167.08392366030503,0.630929127994767
167.1139261605134,0.6307261400416375
167.1439286607217,0.6305235571100736
167.17393116093007,0.6303213794222685
167.20393366113842,0.6301196071999724
167.23393616134678,0.6299182406644899
167.26393866155513,0.6297172800366813
167.29394116176348,0.6295167255369607
167.32394366197184,0.6293165773852978
167.3539461621802,0.629116835801216
167.38394866238852,0.6289175010037933
167.41395116259687,0.6287185732116607
167.44395366280523,0.6285200526430035
167.47395616301358,0.6283219395155599
167.50395866322194,0.6281242340466218
167.5339611634303,0.6279269364530335
167.56396366363865,0.627730046951192
167.593966163847,0.6275335657570467
167.62396866405533,0.6273374930860995
167.65397116426368,0.6271418291534039
167.68397366447203,0.6269465741735649
167.7139761646804,0.6267517283607393
167.74397866488874,0.6265572919286352
167.7739811650971,0.6263632650905114
167.80398366530545,0.6261696480591779
167.83398616551378,0.6259764410469946
167.86398866572213,0.6257836442658719
167.8939911659305,0.6255912579272704
167.92399366613884,0.6253992822422008
167.9539961663472,0.6252077174212227
167.98399866655555,0.6250165636744456
168.0140011667639,0.6248258212115279
168.04400366697226,0.6246354902416769
168.07400616718058,0.6244455709736491
168.10400866738894,0.6242560636157484
168.1340111675973,0.6240669683758275
168.16401366780565,0.6238782854612874
168.194016168014,0.6236900150790765
168.22401866822236,0.6235021574356907
168.2540211684307,0.6233147127371732
168.28402366863907,0.6231276811891144
168.3140261688474,0.622941062996652
168.34402866905575,0.6227548583644689
168.3740311692641,0.622569067496796
168.40403366947245,0.6223836905974094
168.4340361696808,0.6221987278696318
168.46403866988916,0.6220141795163312
168.49404117009752,0.6218300457399212
168.52404367030587,0.6216463267423606
168.5540461705142,0.6214630227251537
168.58404867072255,0.6212801338893492
168.6140511709309,0.6210976604355403
168.64405367113926,0.6209156025638651
168.67405617134762,0.6207339604740056
168.70405867155597,0.620552734365188
168.73406117176432,0.6203719244361818
168.76406367197265,0.6201915308853008
168.794066172181,0.620011553910401
168.82406867238936,0.6198319937088823
168.8540711725977,0.6196528504776875
168.88407367280607,0.6194741244133017
168.91407617301442,0.6192958157117527
168.94407867322278,0.6191179245686105
168.97408117343113,0.6189404511789867
169.00408367363946,0.6187633957375358
169.0340861738478,0.6185867584384525
169.06408867405617,0.6184105394754736
169.09409117426452,0.6182347390418773
169.12409367447287,0.6180593573304825
169.15409617468123,0.6178843945336484
169.18409867488958,0.6177098508432755
169.21410117509794,0.6175357264508041
169.24410367530626,0.6173620215472151
169.27410617551462,0.6171887363230284
169.30410867572297,0.6170158709683045
169.33411117593133,0.6168434256726429
169.36411367613968,0.6166714006251829
169.39411617634804,0.6164997960146024
169.4241186765564,0.6163286120291178
169.45412117676472,0.6161578488564852
169.48412367697307,0.6159875066839982
169.51412617718142,0.6158175856984891
169.54412867738978,0.6156480860863282
169.57413117759813,0.6154790080334236
169.6041336778065,0.6153103517252209
169.63413617801484,0.6151421173467035
169.6641386782232,0.6149743050823915
169.69414117843152,0.6148069151163427
169.72414367863988,0.6146399476321507
169.75414617884823,0.6144734028129468
169.78414867905659,0.6143072808413983
169.81415117926494,0.6141415818997085
169.8441536794733,0.6139763061696166
169.87415617968165,0.6138114538323984
169.90415867989,0.6136470250688648
169.93416118009833,0.6134830200593621
169.96416368030668,0.6133194389837715
169.99416618051504,0.61315628202151
170.0241686807234,0.612993549351529
170.05417118093175,0.6128312411523145
170.0841736811401,0.612669357601887
170.11417618134845,0.6125078988778012
170.1441786815568,0.612346865157146
170.17418118176514,0.6121862566165444
170.2041836819735,0.612026073432152
170.23418618218184,0.6118663157796589
170.2641886823902,0.6117069838342883
170.29419118259855,0.6115480777707962
170.3241936828069,0.6113895977634718
170.35419618301526,0.6112315439861364
170.3841986832236,0.6110739166121448
170.41420118343194,0.6109167158143833
170.4442036836403,0.6107599417652704
170.47420618384865,0.6106035946367567
170.504208684057,0.6104476746003251
170.53421118426536,0.610292181826989
170.5642136844737,0.6101371164872941
170.59421618468207,0.6099824787513166
170.6242186848904,0.6098282687886643
170.65422118509875,0.609674486768475
170.6842236853071,0.6095211328594183
170.71422618551546,0.6093682072296931
170.7442286857238,0.6092157100470292
170.77423118593217,0.6090636414786865
170.80423368614052,0.6089120016914544
170.83423618634887,0.6087607908516526
170.8642386865572,0.6086100091251296
170.89424118676556,0.6084596566772638
170.9242436869739,0.6083097336729624
170.95424618718226,0.6081602402766619
170.98424868739062,0.6080111766523273
171.01425118759897,0.6078625429634525
171.04425368780733,0.60771433937306
171.07425618801565,0.6075665660437001
171.104258688224,0.6074192231374511
171.13426118843236,0.6072723108159197
171.16426368864072,0.6071258292402403
171.19426618884907,0.6069797785710744
171.22426868905742,0.6068341589686115
171.25427118926578,0.6066889705925675
171.28427368947413,0.6065442136021864
171.31427618968246,0.606399888156238
171.3442786898908,0.6062559944130195
171.37428119009917,0.6061125325303538
171.40428369030752,0.6059695026655914
171.43428619051588,0.6058269049756075
171.46428869072423,0.6056847396168048
171.49429119093259,0.6055430067451104
171.52429369114094,0.605401706515978
171.55429619134927,0.6052608390843865
171.58429869155762,0.6051204046048397
171.61430119176597,0.6049804032313673
171.64430369197433,0.6048408351175232
171.67430619218268,0.6047017004163868
171.70430869239104,0.6045629992805615
171.7343111925994,0.6044247318621756
171.76431369280775,0.6042868983128817
171.79431619301607,0.6041494987838563
171.82431869322443,0.6040125334257997
171.85432119343278,0.6038760023889364
171.88432369364114,0.6037399058230145
171.9143261938495,0.6036042438773053
171.94432869405784,0.6034690167006035
171.9743311942662,0.6033342244412272
172.00433369447452,0.6031998672470174
172.03433619468288,0.6030659452653373
172.06433869489123,0.6029324586430735
172.0943411950996,0.602799407526635
172.12434369530794,0.6026667920619527
172.1543461955163,0.6025346123944804
172.18434869572465,0.6024028686691929
172.214351195933,0.6022715610305879
172.24435369614133,0.6021406896226842
172.2743561963497,0.6020102545890221
172.30435869655804,0.6018802560726636
172.3343611967664,0.6017506942161918
172.36436369697475,0.6016215691617106
172.3943661971831,0.6014928810508455
172.42436869739146,0.6013646300247419
172.4543711975998,0.6012368162240664
172.48437369780814,0.601109439789006
172.5143761980165,0.6009825008592675
172.54437869822485,0.6008559995740785
172.5743811984332,0.6007299360721863
172.60438369864156,0.6006043104918577
172.6343861988499,0.6004791229708799
172.66438869905826,0.6003543736465592
172.69439119926662,0.6002300626557211
172.72439369947494,0.6001061901347108
172.7543961996833,0.5999827562193921
172.78439869989165,0.5998597610451484
172.8144012001,0.599737204746881
172.84440370030836,0.5996150874590105
172.87440620051672,0.5994934093154758
172.90440870072507,0.5993721704497342
172.9344112009334,0.5992513709947613
172.96441370114175,0.5991310110830503
172.9944162013501,0.5990110908466126
173.02441870155846,0.5988916104169775
173.05442120176681,0.5987725699251918
173.08442370197517,0.5986539695018197
173.11442620218352,0.5985358092769427
173.14442870239188,0.5984180893801598
173.1744312026002,0.5983008099405868
173.20443370280856,0.5981839710868561
173.2344362030169,0.5980675729471174
173.26443870322527,0.5979516156490368
173.29444120343362,0.5978360993197969
173.32444370364198,0.5977210240860966
173.35444620385033,0.5976063900741511
173.38444870405868,0.5974921974096916
173.414451204267,0.5973784462179652
173.44445370447536,0.5972651366237349
173.47445620468372,0.5971522687512791
173.50445870489207,0.5970398427243919
173.53446120510043,0.5969278586663829
173.56446370530878,0.5968163167000768
173.59446620551714,0.5967052169478135
173.62446870572546,0.5965945595314478
173.65447120593382,0.5964843445723491
173.68447370614217,0.596374572191402
173.71447620635053,0.5962652425090054
173.74447870655888,0.5961563556450726
173.77448120676723,0.5960479117190314
173.8044837069756,0.5959399108498237
173.83448620718394,0.5958323531559052
173.86448870739227,0.5957252387552463
173.89449120760062,0.5956185677653301
173.92449370780898,0.595512340303154
173.95449620801733,0.5954065564852291
173.9844987082257,0.5953012164275795
174.01450120843404,0.5951963202457429
174.0445037086424,0.5950918680547697
174.07450620885075,0.5949878599692239
174.10450870905908,0.5948842961031822
174.13451120926743,0.5947811765702337
174.16451370947578,0.5946785014834804
174.19451620968414,0.5945762709555373
174.2245187098925,0.5944744850985312
174.25452121010085,0.5943731440241014
174.2845237103092,0.5942722478433993
174.31452621051756,0.5941717966670883
174.34452871072588,0.5940717906053439
174.37453121093424,0.5939722297678534
174.4045337111426,0.5938731142638154
174.43453621135095,0.5937744442019404
174.4645387115593,0.5936762196904504
174.49454121176765,0.5935784408370784
174.524543711976,0.593481107749069
174.55454621218433,0.5933842205331776
174.5845487123927,0.5932877792956703
174.61455121260104,0.5931917841423247
174.6445537128094,0.5930962351784288
174.67455621301775,0.593001132508781
174.7045587132261,0.5929064762376905
174.73456121343446,0.592812266468977
174.76456371364281,0.5927185033059701
174.79456621385114,0.59262518685151
174.8245687140595,0.5925323172079462
174.85457121426785,0.592439894477139
174.8845737144762,0.592347918760458
174.91457621468456,0.5922563901587828
174.9445787148929,0.5921653087725023
174.97458121510127,0.5920746747015153
175.00458371530962,0.5919844880452294
175.03458621551795,0.5918947489025622
175.0645887157263,0.5918054573719398
175.09459121593466,0.5917166135512977
175.124593716143,0.5916282175380801
175.15459621635137,0.5915402694292407
175.18459871655972,0.591452769321241
175.21460121676807,0.5913657173100518
175.2446037169764,0.5912791134911524
175.27460621718475,0.5911929579595299
175.3046087173931,0.5911072508096804
175.33461121760146,0.5910219921356079
175.36461371780982,0.5909371820308246
175.39461621801817,0.5908528205883506
175.42461871822653,0.5907689079007143
175.45462121843488,0.5906854440599514
175.4846237186432,0.5906024291576053
175.51462621885156,0.5905198632847273
175.54462871905992,0.5904377465318763
175.57463121926827,0.5903560789891182
175.60463371947662,0.5902748607460264
175.63463621968498,0.5901940918916816
175.66463871989333,0.5901137725146715
175.6946412201017,0.5900339027030908
175.72464372031,0.5899544825445411
175.75464622051837,0.589875512126131
175.78464872072672,0.5897969915344754
175.81465122093508,0.5897189208556964
175.84465372114343,0.5896413001754222
175.87465622135178,0.5895641295787877
175.90465872156014,0.5894874091504338
175.9346612217685,0.589411138974508
175.96466372197682,0.5893353191346642
175.99466622218517,0.5892599497140614
176.02466872239353,0.5891850307953654
176.05467122260188,0.5891105624607479
176.08467372281024,0.5890365447918859
176.1146762230186,0.5889629778699625
176.14467872322695,0.5888898617756664
176.17468122343527,0.5888171965891915
176.20468372364363,0.5887449823902375
176.23468622385198,0.5886732192580093
176.26468872406033,0.5886019072712172
176.2946912242687,0.5885310465080764
176.32469372447704,0.5884606370463074
176.3546962246854,0.5883906789631357
176.38469872489375,0.5883211723352918
176.41470122510208,0.5882521172390109
176.44470372531043,0.5881835137500329
176.4747062255188,0.5881153619436025
176.50470872572714,0.588047661894469
176.5347112259355,0.5879804136768862
176.56471372614385,0.5879136173646125
176.5947162263522,0.58784727303091
176.62471872656056,0.5877813807485459
176.65472122676888,0.5877159405897912
176.68472372697724,0.5876509526264206
176.7147262271856,0.5875864169297138
176.74472872739395,0.5875223335704537
176.7747312276023,0.5874587026189271
176.80473372781066,0.587395524144925
176.834736228019,0.5873327982177418
176.86473872822734,0.5872705249061756
176.8947412284357,0.5872087042785282
176.92474372864405,0.5871473364026047
176.9547462288524,0.5870864213457138
176.98474872906075,0.5870259591746673
177.0147512292691,0.5869659499557807
177.04475372947746,0.5869063937548722
177.07475622968582,0.5868472906372635
177.10475872989414,0.5867886406677791
177.1347612301025,0.5867304439107468
177.16476373031085,0.586672700429997
177.1947662305192,0.586615410288863
177.22476873072756,0.586558573550181
177.25477123093592,0.5865021902762898
177.28477373114427,0.586446260529031
177.31477623135262,0.5863907843697485
177.34477873156095,0.5863357618592889
177.3747812317693,0.5862811930580013
177.40478373197766,0.5862270780257369
177.434786232186,0.5861734168218494
177.46478873239437,0.5861202095051947
177.49479123260272,0.586067456134131
177.52479373281108,0.5860151567665183
177.55479623301943,0.5859633114597189
177.58479873322776,0.5859119202705971
177.6148012334361,0.5858609832555188
177.64480373364447,0.5858105004703522
177.67480623385282,0.5857604719704671
177.70480873406117,0.5857108978107349
177.73481123426953,0.5856617780455289
177.76481373447788,0.5856131127287239
177.7948162346862,0.5855649019136963
177.82481873489456,0.5855171456533239
177.85482123510292,0.5854698439999861
177.88482373531127,0.5854229970055636
177.91482623551963,0.5853766047214384
177.94482873572798,0.5853306671984938
177.97483123593634,0.5852851844871144
178.0048337361447,0.5852401566371859
178.03483623635302,0.585195583698095
178.06483873656137,0.5851514657187296
178.09484123676972,0.5851078027474784
178.12484373697808,0.5850645948322314
178.15484623718643,0.5850218420203792
178.1848487373948,0.5849795443588133
178.21485123760314,0.5849377018939257
178.2448537378115,0.58489631467161
178.27485623801982,0.5848553827372597
178.30485873822818,0.584814906135769
178.33486123843653,0.5847748849115331
178.36486373864489,0.5847353191084471
178.39486623885324,0.5846962087699075
178.4248687390616,0.5846575539388104
178.45487123926995,0.5846193546575528
178.4848737394783,0.5845816109680317
178.51487623968663,0.5845443229116448
178.54487873989498,0.5845074905292897
178.57488124010334,0.5844711138613643
178.6048837403117,0.5844351929477669
178.63488624052005,0.5843997278278956
178.6648887407284,0.5843647185406489
178.69489124093676,0.5843301651244248
178.72489374114508,0.5842960676171223
178.75489624135344,0.5842624260561391
178.7848987415618,0.5842292404783738
178.81490124177014,0.5841965109202244
178.8449037419785,0.584164237417589
178.87490624218685,0.5841324200058651
178.9049087423952,0.5841010587199504
178.93491124260356,0.5840701535942422
178.9649137428119,0.5840397046626373
178.99491624302024,0.5840097119585321
179.0249187432286,0.583980175514823
179.05492124343695,0.5839510953639055
179.0849237436453,0.5839224715376752
179.11492624385366,0.5838943040675266
179.144928744062,0.583866592984354
179.17493124427037,0.583839338318551
179.2049337444787,0.5838125401000108
179.23493624468705,0.5837861983581258
179.2649387448954,0.5837603131217877
179.29494124510376,0.5837348844193875
179.3249437453121,0.5837099122788159
179.35494624552047,0.583685396727462
179.38494874572882,0.5836613377922149
179.41495124593715,0.5836377354994623
179.4449537461455,0.5836145898750916
179.47495624635386,0.583591900944489
179.5049587465622,0.5835696687325398
179.53496124677056,0.5835478932636282
179.56496374697892,0.583526574561638
179.59496624718727,0.5835057126499515
179.62496874739563,0.5834853075514502
179.65497124760395,0.5834653592885145
179.6849737478123,0.5834458678830237
179.71497624802066,0.5834268333563561
179.74497874822902,0.583408255729389
179.77498124843737,0.5833901350224984
179.80498374864572,0.583372471255559
179.83498624885408,0.5833552644479447
179.86498874906243,0.5833385146185279
179.89499124927076,0.5833222217856802
179.9249937494791,0.5833063859672711
179.95499624968747,0.5832910071806701
179.98499874989582,0.5832760854427442
180.01500125010418,0.5832616207698599
180.04500375031253,0.5832476131778821
180.0750062505209,0.5832340626821741
180.10500875072924,0.5832209692975987
180.13501125093757,0.5832083330385165
180.16501375114592,0.583196153918787
180.19501625135428,0.5831844319517683
180.22501875156263,0.5831731671503173
180.25502125177098,0.583162359526789
180.28502375197934,0.5831520090930375
180.3150262521877,0.5831421158604153
180.34502875239602,0.583132679839773
180.37503125260437,0.5831237010414604
180.40503375281273,0.5831151794753253
180.43503625302108,0.5831071151507143
180.46503875322944,0.5830995080764723
180.4950412534378,0.5830923582609429
180.52504375364614,0.583085665711968
180.5550462538545,0.583079430436888
180.58504875406283,0.5830736524425417
180.61505125427118,0.5830683317352667
180.64505375447953,0.5830634683208986
180.6750562546879,0.5830590622047715
180.70505875489624,0.5830551133917184
180.7350612551046,0.5830516218860702
180.76506375531295,0.5830485876916562
180.7950662555213,0.5830460108118045
180.82506875572963,0.5830438912493415
180.855071255938,0.583042229006592
180.88507375614634,0.5830410240853788
180.9150762563547,0.5830402764870238
180.94507875656305,0.583039986212347
180.9750812567714,0.5830401532616665
181.00508375697976,0.5830407776347992
181.03508625718808,0.5830418593310603
181.06508875739644,0.5830433983492636
181.0950912576048,0.5830453946877205
181.12509375781315,0.5830478483442422
181.1550962580215,0.5830507593161369
181.18509875822986,0.5830541276002121
181.2151012584382,0.5830579531927735
181.24510375864656,0.5830622360896249
181.2751062588549,0.5830669762860691
181.30510875906324,0.5830721737769068
181.3351112592716,0.5830778285564374
181.36511375947995,0.5830839406184589
181.3951162596883,0.5830905099562673
181.42511875989666,0.5830975365626574
181.45512126010502,0.5831050204299226
181.48512376031337,0.5831129615498543
181.5151262605217,0.5831213599137426
181.54512876073005,0.5831302155123762
181.5751312609384,0.5831395283360423
181.60513376114676,0.5831492983745266
181.63513626135511,0.5831595256171132
181.66513876156347,0.5831702100525846
181.69514126177182,0.5831813516692224
181.72514376198018,0.5831929504548061
181.7551462621885,0.5832050063966143
181.78514876239686,0.583217519481424
181.8151512626052,0.5832304896955106
181.84515376281357,0.5832439170246484
181.87515626302192,0.5832578014541103
181.90515876323028,0.5832721429686676
181.93516126343863,0.5832869415525906
181.96516376364696,0.5833021971896482
181.9951662638553,0.5833179098631077
182.02516876406366,0.5833340795557356
182.05517126427202,0.5833507062497967
182.08517376448037,0.5833677899270548
182.11517626468873,0.5833853305687724
182.14517876489708,0.583403328155711
182.17518126510544,0.5834217826681307
182.20518376531376,0.5834406940857904
182.23518626552212,0.5834600623879478
182.26518876573047,0.58347988755336
182.29519126593883,0.5835001695602824
182.32519376614718,0.5835209083864697
182.35519626635553,0.5835421040091755
182.3851987665639,0.5835637564051521
182.41520126677224,0.5835858655506512
182.44520376698057,0.5836084314214234
182.47520626718892,0.5836314539927181
182.50520876739728,0.5836549332392843
182.53521126760563,0.5836788691353698
182.565213767814,0.5837032616547213
182.59521626802234,0.5837281107705854
182.6252187682307,0.583753416455707
182.65522126843905,0.583779178682331
182.68522376864738,0.5838053974222011
182.71522626885573,0.5838320726465606
182.74522876906408,0.5838592043261517
182.77523126927244,0.5838867924312166
182.8052337694808,0.5839148369314962
182.83523626968915,0.5839433377962311
182.8652387698975,0.5839722949941617
182.89524127010583,0.5840017084935275
182.92524377031418,0.5840315782620674
182.95524627052254,0.5840619042670203
182.9852487707309,0.5840926864751244
183.01525127093925,0.5841239248526177
183.0452537711476,0.5841556193652375
183.07525627135595,0.5841877699782214
183.1052587715643,0.5842203766563063
183.13526127177263,0.5842534393637289
183.165263771981,0.5842869580642261
183.19526627218934,0.5843209327210342
183.2252687723977,0.5843553632968899
183.25527127260605,0.5843902497540291
183.2852737728144,0.5844255920541885
183.31527627302276,0.5844613901586043
183.34527877323112,0.5844976440280132
183.37528127343944,0.5845343536226513
183.4052837736478,0.5845715189022558
183.43528627385615,0.5846091398260633
183.4652887740645,0.5846472163528111
183.49529127427286,0.5846857484407368
183.5252937744812,0.5847247360475779
183.55529627468957,0.5847641791305727
183.5852987748979,0.5848040776464598
183.61530127510625,0.5848444315514785
183.6453037753146,0.5848852408013681
183.67530627552296,0.584926505351369
183.7053087757313,0.5849682251562219
183.73531127593967,0.5850104001701684
183.76531377614802,0.5850530303469508
183.79531627635637,0.5850961156398118
183.8253187765647,0.5851396560014953
183.85532127677305,0.5851836513842461
183.8853237769814,0.58522810173981
183.91532627718976,0.5852730070194332
183.94532877739812,0.5853183671738638
183.97533127760647,0.58536418215335
184.00533377781483,0.5854104519076421
184.03533627802318,0.585457176385991
184.0653387782315,0.5855043555371492
184.09534127843986,0.5855519893093701
184.12534377864822,0.5856000776504091
184.15534627885657,0.5856486205075223
184.18534877906492,0.5856976178274678
184.21535127927328,0.585747069556505
184.24535377948163,0.5857969756403949
184.27535627969,0.5858473360244005
184.3053587798983,0.5858981506532861
184.33536128010667,0.5859494194713178
184.36536378031502,0.5860011424222639
184.39536628052338,0.5860533194493944
184.42536878073173,0.5861059504954811
184.45537128094008,0.5861590355027979
184.48537378114844,0.5862125744131212
184.51537628135677,0.586266567167729
184.54537878156512,0.5863210137074018
184.57538128177347,0.5863759139724224
184.60538378198183,0.5864312679025758
184.63538628219018,0.5864870754371496
184.66538878239854,0.5865433365149337
184.6953912826069,0.5866000510742209
184.72539378281525,0.586657219052806
184.75539628302357,0.5867148403879869
184.78539878323193,0.5867729150165645
184.81540128344028,0.586831442874842
184.84540378364863,0.5868904238986259
184.875406283857,0.5869498580232253
184.90540878406534,0.5870097451834525
184.9354112842737,0.5870700853136233
184.96541378448205,0.5871308783475558
184.99541628469038,0.5871921242185723
185.02541878489873,0.5872538228594978
185.0554212851071,0.5873159742026609
185.08542378531544,0.5873785781798938
185.1154262855238,0.587441634722532
185.14542878573215,0.5875051437614147
185.1754312859405,0.587569105226885
185.20543378614883,0.5876335190487895
185.23543628635719,0.5876983851564788
185.26543878656554,0.5877637034788075
185.2954412867739,0.5878294739441339
185.32544378698225,0.5878956964803206
185.3554462871906,0.5879623710147347
185.38544878739896,0.588029497474247
185.4154512876073,0.5880970757852327
185.44545378781564,0.5881651058735717
185.475456288024,0.5882335876646483
185.50545878823235,0.588302521083351
185.5354612884407,0.5883719060540737
185.56546378864905,0.5884417425007142
185.5954662888574,0.5885120303466758
185.62546878906576,0.5885827695148661
185.65547128927412,0.5886539599276983
185.68547378948244,0.58872560150709
185.7154762896908,0.5887976941744647
185.74547878989915,0.5888702378507507
185.7754812901075,0.5889432324563816
185.80548379031586,0.5890166779112966
185.83548629052422,0.5890905741349401
185.86548879073257,0.5891649210462628
185.89549129094092,0.5892397185637201
185.92549379114925,0.589314966605274
185.9554962913576,0.589390665088392
185.98549879156596,0.5894668139300474
186.0155012917743,0.5895434130467199
186.04550379198267,0.5896204623543952
186.07550629219102,0.5896979617685651
186.10550879239938,0.5897759112042279
186.1355112926077,0.5898543105758882
186.16551379281606,0.5899331597975572
186.1955162930244,0.5900124587827525
186.22551879323277,0.5900922074444988
186.25552129344112,0.590172405695327
186.28552379364947,0.5902530534472756
186.31552629385783,0.5903341506118894
186.34552879406618,0.5904156971002208
186.3755312942745,0.5904976928228289
186.40553379448286,0.5905801376897807
186.43553629469122,0.59066303161065
186.46553879489957,0.5907463744945183
186.49554129510793,0.5908301662499749
186.52554379531628,0.5909144067851162
186.55554629552464,0.5909990960075471
186.585548795733,0.5910842338243796
186.61555129594132,0.5911698201422344
186.64555379614967,0.5912558548672397
186.67555629635802,0.5913423379050327
186.70555879656638,0.5914292691607576
186.73556129677473,0.591516648539068
186.7655637969831,0.591604475944126
186.79556629719144,0.5916927512796017
186.8255687973998,0.5917814744486746
186.85557129760812,0.5918706453540321
186.88557379781648,0.5919602638978716
186.91557629802483,0.5920503299818987
186.94557879823319,0.5921408435073284
186.97558129844154,0.5922318043748853
187.0055837986499,0.5923232124848026
187.03558629885825,0.5924150677368236
187.06558879906657,0.592507370030201
187.09559129927493,0.5926001192636972
187.12559379948328,0.5926933153355842
187.15559629969164,0.592786958143644
187.1855987999,0.5928810475851689
187.21560130010835,0.592975583556961
187.2456038003167,0.5930705659553326
187.27560630052506,0.5931659946761065
187.30560880073338,0.5932618696146159
187.33561130094174,0.593358190665705
187.3656138011501,0.5934549577237282
187.39561630135844,0.5935521706825507
187.4256188015668,0.593649829435549
187.45562130177515,0.5937479338756103
187.4856238019835,0.5938464838951332
187.51562630219186,0.5939454793860275
187.5456288024002,0.5940449202397142
187.57563130260854,0.5941448063471264
187.6056338028169,0.5942451375987083
187.63563630302525,0.594345913884416
187.6656388032336,0.5944471350937176
187.69564130344196,0.594548801115593
187.7256438036503,0.5946509118385348
187.75564630385864,0.5947534671505468
187.785648804067,0.594856466939146
187.81565130427535,0.5949599110913618
187.8456538044837,0.5950637994937361
187.87565630469206,0.5951681320323234
187.9056588049004,0.5952729085926913
187.93566130510877,0.5953781290599202
187.96566380531712,0.5954837933186039
187.99566630552545,0.5955899012528489
188.0256688057338,0.595696452746276
188.05567130594216,0.5958034476820184
188.0856738061505,0.595910885942724
188.11567630635886,0.5960187674105535
188.14567880656722,0.5961270919671822
188.17568130677557,0.5962358594937989
188.20568380698393,0.5963450698711069
188.23568630719225,0.5964547229793237
188.2656888074006,0.5965648186981812
188.29569130760896,0.5966753569069259
188.32569380781732,0.5967863374843185
188.35569630802567,0.5968977603086354
188.38569880823403,0.5970096252576672
188.41570130844238,0.5971219322087199
188.44570380865073,0.5972346810386145
188.47570630885906,0.5973478716236874
188.50570880906741,0.5974615038397908
188.53571130927577,0.5975755775622924
188.56571380948412,0.5976900926660751
188.59571630969248,0.5978050490255382
188.62571880990083,0.5979204465145973
188.6557213101092,0.5980362850066834
188.6857238103175,0.5981525643747444
188.71572631052587,0.5982692844912444
188.74572881073422,0.5983864452281643
188.77573131094258,0.5985040464570015
188.80573381115093,0.5986220880487703
188.83573631135928,0.5987405698740019
188.86573881156764,0.598859491802745
188.895741311776,0.5989788537045653
188.92574381198432,0.599098655448546
188.95574631219267,0.5992188969032881
188.98574881240103,0.5993395779369097
189.01575131260938,0.5994606984170476
189.04575381281774,0.5995822582108562
189.0757563130261,0.5997042571850077
189.10575881323444,0.5998266952056933
189.1357613134428,0.5999495721386223
189.16576381365113,0.6000728878490222
189.19576631385948,0.6001966422016403
189.22576881406783,0.6003208350607417
189.2557713142762,0.6004454662901111
189.28577381448454,0.6005705357530524
189.3157763146929,0.6006960433123887
189.34577881490125,0.6008219888304627
189.37578131510958,0.6009483721691362
189.40578381531793,0.6010751931897919
189.4357863155263,0.6012024517533315
189.46578881573464,0.6013301477201773
189.495791315943,0.6014582809502714
189.52579381615135,0.6015868513030769
189.5557963163597,0.6017158586375769
189.58579881656806,0.6018453028122756
189.61580131677638,0.6019751836851978
189.64580381698474,0.6021055011138894
189.6758063171931,0.6022362549554179
189.70580881740145,0.6023674450663714
189.7358113176098,0.6024990713028602
189.76581381781816,0.6026311335205154
189.7958163180265,0.6027636315744911
189.82581881823486,0.6028965653194625
189.8558213184432,0.6030299346096268
189.88582381865155,0.6031637392987041
189.9158263188599,0.6032979792399369
189.94582881906825,0.6034326542860899
189.9758313192766,0.6035677642894508
190.00583381948496,0.6037033091018301
190.03583631969332,0.6038392885745616
190.06583881990167,0.6039757025585025
190.09584132011,0.6041125509040328
190.12584382031835,0.6042498334610569
190.1558463205267,0.6043875500790021
190.18584882073506,0.6045257006068205
190.21585132094341,0.6046642848929877
190.24585382115177,0.6048033027855038
190.27585632136012,0.604942754131893
190.30585882156845,0.6050826387792043
190.3358613217768,0.6052229565740117
190.36586382198516,0.6053637073624138
190.3958663221935,0.6055048909900344
190.42586882240187,0.6056465073020223
190.45587132261022,0.6057885561430523
190.48587382281858,0.6059310373573241
190.51587632302693,0.606073950788564
190.54587882323526,0.6062172962800232
190.5758813234436,0.6063610736744801
190.60588382365196,0.6065052828142388
190.63588632386032,0.6066499235411297
190.66588882406867,0.6067949956965102
190.69589132427703,0.6069404991212642
190.72589382448538,0.6070864336558032
190.75589632469374,0.607232799140065
190.78589882490206,0.6073795954135153
190.81590132511042,0.6075268223151469
190.84590382531877,0.6076744796834811
190.87590632552713,0.6078225673565661
190.90590882573548,0.6079710851719786
190.93591132594383,0.6081200329668235
190.9659138261522,0.608269410577734
190.99591632636051,0.6084192178408718
191.02591882656887,0.6085694545919278
191.05592132677722,0.6087201206661215
191.08592382698558,0.608871215898201
191.11592632719393,0.6090227401224448
191.1459288274023,0.6091746931726604
191.17593132761064,0.6093270748821844
191.205933827819,0.609479885083884
191.23593632802732,0.6096331236101558
191.26593882823568,0.6097867902929275
191.29594132844403,0.6099408849636563
191.32594382865238,0.6100954074533305
191.35594632886074,0.6102503575924687
191.3859488290691,0.6104057352111212
191.41595132927745,0.6105615401388687
191.4459538294858,0.6107177722048236
191.47595632969413,0.6108744312376293
191.50595882990248,0.6110315170654621
191.53596133011084,0.611189029516029
191.5659638303192,0.6113469684165695
191.59596633052755,0.6115053335938554
191.6259688307359,0.6116641248741909
191.65597133094425,0.6118233420834129
191.6859738311526,0.611982985046891
191.71597633136093,0.612143053589528
191.7459788315693,0.6123035475357598
191.77598133177764,0.6124644667095559
191.805983831986,0.6126258109344194
191.83598633219435,0.6127875800333866
191.8659888324027,0.6129497738290287
191.89599133261106,0.6131123921434507
191.9259938328194,0.6132754347982914
191.95599633302774,0.6134389016147255
191.9859988332361,0.6136027924134613
192.01600133344445,0.6137671070147424
192.0460038336528,0.613931845238348
192.07600633386116,0.614097006903592
192.1060088340695,0.6142625918293243
192.13601133427787,0.6144285998339304
192.1660138344862,0.6145950307353318
192.19601633469455,0.6147618843509866
192.2260188349029,0.6149291604978884
192.25602133511126,0.6150968589925678
192.2860238353196,0.6152649796510925
192.31602633552797,0.6154335222890667
192.34602883573632,0.6156024867216319
192.37603133594467,0.615771872763467
192.406033836153,0.6159416802287883
192.43603633636135,0.6161119089313504
192.4660388365697,0.6162825586844454
192.49604133677806,0.6164536293009037
192.52604383698642,0.6166251205930939
192.55604633719477,0.6167970323729239
192.58604883740313,0.6169693644518398
192.61605133761148,0.6171421166408266
192.6460538378198,0.6173152887504086
192.67605633802816,0.6174888805906503
192.70605883823652,0.6176628919711549
192.73606133844487,0.6178373227010658
192.76606383865322,0.6180121725890665
192.79606633886158,0.6181874414433803
192.82606883906993,0.6183631290717722
192.85607133927826,0.6185392352815461
192.8860738394866,0.6187157598795484
192.91607633969497,0.6188927026721658
192.94607883990332,0.6190700634653264
192.97608134011168,0.6192478420645001
193.00608384032003,0.6194260382746983
193.03608634052839,0.6196046519004744
193.06608884073674,0.6197836827459238
193.09609134094507,0.6199631306146848
193.12609384115342,0.620142995309938
193.15609634136177,0.6203232766344068
193.18609884157013,0.6205039743903575
193.21610134177848,0.6206850883796
193.24610384198684,0.6208666184034874
193.2761063421952,0.6210485642629169
193.30610884240355,0.6212309257583288
193.33611134261187,0.621413702689708
193.36611384282023,0.6215968948565842
193.39611634302858,0.6217805020580314
193.42611884323694,0.6219645240926677
193.4561213434453,0.6221489607586568
193.48612384365364,0.6223338118537078
193.516126343862,0.6225190771750749
193.54612884407032,0.6227047565195581
193.57613134427868,0.6228908496835033
193.60613384448703,0.6230773564628026
193.6361363446954,0.6232642766528944
193.66613884490374,0.6234516100487634
193.6961413451121,0.6236393564449414
193.72614384532045,0.6238275156355071
193.7561463455288,0.6240160874140867
193.78614884573713,0.6242050715738533
193.81615134594549,0.6243944679075284
193.84615384615384,0.6245842762073808
193.8761563463622,0.624774496265228
193.90615884657055,0.6249651278724355
193.9361613467789,0.6251561708199175
193.96616384698726,0.625347624898137
193.9961663471956,0.6255394898971061
194.02616884740394,0.6257317656063863
194.0561713476123,0.6259244518150887
194.08617384782065,0.626117548311874
194.116176348029,0.6263110548849526
194.14617884823735,0.6265049713220858
194.1761813484457,0.626699297410585
194.20618384865406,0.6268940329373122
194.23618634886242,0.6270891776886801
194.26618884907074,0.6272847314506533
194.2961913492791,0.6274806940087474
194.32619384948745,0.6276770651480293
194.3561963496958,0.6278738446531185
194.38619884990416,0.6280710323081855
194.41620135011252,0.6282686278969545
194.44620385032087,0.6284666312027013
194.4762063505292,0.6286650420082547
194.50620885073755,0.6288638600959968
194.5362113509459,0.6290630852478629
194.56621385115426,0.6292627172453418
194.5962163513626,0.6294627558694759
194.62621885157097,0.6296632009008616
194.65622135177932,0.6298640521196501
194.68622385198768,0.6300653093055464
194.716226352196,0.6302669722378107
194.74622885240436,0.630469040695258
194.7762313526127,0.6306715144562582
194.80623385282107,0.6308743932987375
194.83623635302942,0.6310776770001771
194.86623885323777,0.6312813653376143
194.89624135344613,0.6314854580876423
194.92624385365448,0.6316899550264117
194.9562463538628,0.6318948559296285
194.98624885407116,0.6321001605725569
195.01625135427952,0.6323058687300172
195.04625385448787,0.6325119801763879
195.07625635469623,0.6327184946856046
195.10625885490458,0.6329254120311614
195.13626135511294,0.6331327319861099
195.16626385532126,0.6333404543230601
195.19626635552962,0.6335485788141819
195.22626885573797,0.633757105231203
195.25627135594632,0.63396603334541
195.28627385615468,0.6341753629276499
195.31627635636303,0.6343850937483286
195.3462788565714,0.6345952255774125
195.37628135677974,0.6348057581844275
195.40628385698807,0.6350166913384603
195.43628635719642,0.6352280248081588
195.46628885740478,0.635439758361731
195.49629135761313,0.6356518917669463
195.52629385782149,0.6358644247911357
195.55629635802984,0.6360773572011917
195.5862988582382,0.6362906887635692
195.61630135844655,0.6365044192442848
195.64630385865487,0.6367185484089175
195.67630635886323,0.6369330760226096
195.70630885907158,0.6371480018500661
195.73631135927994,0.6373633256555552
195.7663138594883,0.6375790472029084
195.79631635969665,0.6377951662555212
195.826318859905,0.6380116825763529
195.85632136011336,0.6382285959279276
195.88632386032168,0.6384459060723331
195.91632636053004,0.6386636127712229
195.9463288607384,0.6388817157858149
195.97633136094674,0.6391002148768925
196.0063338611551,0.639319109804805
196.03633636136345,0.6395384003294668
196.0663388615718,0.6397580862103593
196.09634136178013,0.6399781672065292
196.1263438619885,0.6401986430765914
196.15634636219684,0.6404195135787263
196.1863488624052,0.6406407784706818
196.21635136261355,0.6408624375097733
196.2463538628219,0.6410844904528845
196.27635636303026,0.6413069370564661
196.30635886323861,0.6415297770765376
196.33636136344694,0.6417530102686865
196.3663638636553,0.6419766363880701
196.39636636386365,0.6422006551894137
196.426368864072,0.6424250664270124
196.45637136428036,0.6426498698547304
196.4863738644887,0.6428750652260022
196.51637636469707,0.6431006522938327
196.54637886490542,0.6433266308107966
196.57638136511375,0.643553000529039
196.6063838653221,0.6437797612002767
196.63638636553046,0.6440069125757977
196.6663888657388,0.6442344544064607
196.69639136594716,0.6444623864426967
196.72639386615552,0.6446907084345086
196.75639636636387,0.6449194201314716
196.78639886657223,0.6451485212827337
196.81640136678055,0.645378011637015
196.8464038669889,0.6456078909426098
196.87640636719726,0.6458381589473849
196.90640886740562,0.6460688153987812
196.93641136761397,0.6462998600438137
196.96641386782233,0.646531292629071
196.99641636803068,0.6467631129007168
197.026418868239,0.6469953206044889
197.05642136844736,0.6472279154857016
197.08642386865571,0.6474608972892428
197.11642636886407,0.6476942657595772
197.14642886907242,0.6479280206407445
197.17643136928078,0.6481621616763618
197.20643386948913,0.6483966886096213
197.2364363696975,0.648631601183293
197.2664388699058,0.648866899139723
197.29644137011417,0.6491025822208358
197.32644387032252,0.649338650168133
197.35644637053088,0.6495751027226935
197.38644887073923,0.649811939625175
197.41645137094758,0.6500491606158137
197.44645387115594,0.6502867654344243
197.4764563713643,0.6505247538204004
197.50645887157262,0.6507631255127151
197.53646137178097,0.6510018802499209
197.56646387198933,0.6512410177701508
197.59646637219768,0.651480537811117
197.62646887240604,0.6517204401101129
197.6564713726144,0.651960724404012
197.68647387282275,0.6522013904292696
197.71647637303107,0.6524424379219216
197.74647887323943,0.652683866617586
197.77648137344778,0.6529256762514624
197.80648387365613,0.6531678665583328
197.8364863738645,0.6534104372725615
197.86648887407284,0.6536533881280957
197.8964913742812,0.6538967188584656
197.92649387448955,0.6541404291967843
197.95649637469788,0.6543845188757493
197.98649887490623,0.6546289876276421
198.0165013751146,0.6548738351843275
198.04650387532294,0.6551190612772556
198.0765063755313,0.6553646656374612
198.10650887573965,0.6556106479955639
198.136511375948,0.6558570080817692
198.16651387615636,0.6561037456258677
198.19651637636468,0.6563508603572361
198.22651887657304,0.6565983520048384
198.2565213767814,0.656846220297224
198.28652387698975,0.6570944649625295
198.3165263771981,0.657343085728479
198.34652887740646,0.6575920823223838
198.3765313776148,0.6578414544711433
198.40653387782316,0.6580912019012445
198.4365363780315,0.6583413243387628
198.46653887823985,0.6585918215093634
198.4965413784482,0.6588426931382991
198.52654387865655,0.6590939389504127
198.5565463788649,0.6593455586701363
198.58654887907326,0.659597552021492
198.61655137928162,0.6598499187280924
198.64655387948994,0.6601026585131399
198.6765563796983,0.6603557710994286
198.70655887990665,0.6606092562093429
198.736561380115,0.6608631135648593
198.76656388032336,0.6611173428875454
198.79656638053171,0.6613719438985612
198.82656888074007,0.661626916318659
198.85657138094842,0.6618822598681834
198.88657388115675,0.6621379742670723
198.9165763813651,0.6623940592348572
198.94657888157346,0.6626505144906625
198.9765813817818,0.6629073397532061
199.00658388199017,0.6631645347408015
199.03658638219852,0.6634220991713556
199.06658888240688,0.6636800327623702
199.09659138261523,0.6639383352309423
199.12659388282356,0.6641970062937641
199.1565963830319,0.6644560456671245
199.18659888324026,0.6647154530669074
199.21660138344862,0.6649752282085932
199.24660388365697,0.6652353708072591
199.27660638386533,0.6654958805775797
199.30660888407368,0.6657567572338261
199.336611384282,0.6660180004898673
199.36661388449036,0.6662796100591702
199.39661638469872,0.6665415856548007
199.42661888490707,0.6668039269894221
199.45662138511543,0.6670666337752971
199.48662388532378,0.6673297057242873
199.51662638553213,0.6675931425478538
199.5466288857405,0.6678569439570581
199.57663138594882,0.6681211096625611
199.60663388615717,0.6683856393746247
199.63663638636552,0.6686505328031109
199.66663888657388,0.6689157896574838
199.69664138678223,0.6691814096468076
199.7266438869906,0.669447392479749
199.75664638719894,0.669713737864577
199.7866488874073,0.6699804455091618
199.81665138761562,0.6702475151209775
199.84665388782398,0.6705149464071009
199.87665638803233,0.6707827390742116
199.90665888824068,0.671050892828593
199.93666138844904,0.671319407376133
199.9666638886574,0.6715882824223234
199.99666638886575,0.6718575176722603
200.0266688890741,0.6721271128306449
200.05667138928243,0.672397067601784
200.08667388949078,0.6726673816895901
200.11667638969914,0.6729380547975807
200.1466788899075,0.6732090866288802
200.17668139011585,0.6734804768862198
200.2066838903242,0.673752225271937
200.23668639053255,0.6740243314879764
200.26668889074088,0.6742967952358905
200.29669139094923,0.6745696162168398
200.3266938911576,0.6748427941315926
200.35669639136594,0.6751163286805264
200.3866988915743,0.6753902195636264
200.41670139178265,0.6756644664804876
200.446703891991,0.6759390691303151
200.47670639219936,0.6762140272119227
200.5067088924077,0.6764893404237349
200.53671139261604,0.6767650084637866
200.5667138928244,0.6770410310297243
200.59671639303275,0.6773174078188045
200.6267188932411,0.6775941385278954
200.65672139344946,0.6778712228534776
200.6867238936578,0.6781486604916432
200.71672639386617,0.6784264511380975
200.7467288940745,0.6787045944881578
200.77673139428285,0.6789830902367555
200.8067338944912,0.6792619380784344
200.83673639469956,0.679541137707353
200.8667388949079,0.6798206888172837
200.89674139511627,0.6801005911016131
200.92674389532462,0.6803808442533431
200.95674639553295,0.6806614479650899
200.9867488957413,0.6809424019290866
201.01675139594965,0.6812237058371813
201.046753896158,0.681505359380838
201.07675639636636,0.6817873622511377
201.10675889657472,0.6820697141387781
201.13676139678307,0.6823524147340744
201.16676389699143,0.6826354637269587
201.19676639719975,0.682918860806981
201.2267688974081,0.6832026056633109
201.25677139761646,0.6834866979847348
201.28677389782482,0.6837711374596589
201.31677639803317,0.6840559237761084
201.34677889824152,0.6843410566217278
201.37678139844988,0.6846265356837824
201.40678389865823,0.684912360649157
201.43678639886656,0.685198531204357
201.4667888990749,0.6854850470355092
201.49679139928327,0.6857719078283617
201.52679389949162,0.6860591132682838
201.55679639969998,0.6863466630402671
201.58679889990833,0.6866345568289254
201.61680140011669,0.686922794318495
201.64680390032504,0.6872113751928359
201.67680640053337,0.6875002991354306
201.70680890074172,0.6877895658293864
201.73681140095007,0.6880791749574332
201.76681390115843,0.6883691262019269
201.79681640136678,0.688659419244847
201.82681890157514,0.6889500537677986
201.8568214017835,0.6892410294520123
201.88682390199182,0.6895323459783437
201.91682640220017,0.6898240030272763
201.94682890240853,0.6901160002789187
201.97683140261688,0.6904083374130066
202.00683390282524,0.6907010141089028
202.0368364030336,0.6909940300455986
202.06683890324194,0.691287384901712
202.0968414034503,0.6915810783554901
202.12684390365862,0.6918751100848075
202.15684640386698,0.69216947976717
202.18684890407533,0.6924641870797106
202.2168514042837,0.6927592316991927
202.24685390449204,0.6930546133020099
202.2768564047004,0.6933503315641858
202.30685890490875,0.6936463861613754
202.3368614051171,0.6939427767688643
202.36686390532543,0.6942395030615693
202.39686640553379,0.6945365647140397
202.42686890574214,0.694833961400457
202.4568714059505,0.6951316927946345
202.48687390615885,0.695429758570019
202.5168764063672,0.6957281583996902
202.54687890657556,0.6960268919563612
202.5768814067839,0.6963259589123802
202.60688390699224,0.6966253589397283
202.6368864072006,0.6969250917100225
202.66688890740895,0.6972251568945136
202.6968914076173,0.6975255541640891
202.72689390782566,0.6978262831892714
202.756896408034,0.6981273436402194
202.78689890824236,0.698428735186728
202.8169014084507,0.6987304574982295
202.84690390865904,0.6990325102437935
202.8769064088674,0.6993348930921268
202.90690890907575,0.6996376057115743
202.9369114092841,0.6999406477701187
202.96691390949246,0.7002440189353825
202.99691640970082,0.7005477188746261
203.02691890990917,0.70085174725475
203.0569214101175,0.7011561037422936
203.08692391032585,0.7014607880034383
203.1169264105342,0.7017657997040039
203.14692891074256,0.702071138509452
203.1769314109509,0.7023768040848852
203.20693391115927,0.7026827960950485
203.23693641136762,0.7029891142043276
203.26693891157598,0.7032957580767515
203.2969414117843,0.7036027273759909
203.32694391199266,0.7039100217653609
203.356946412201,0.7042176409078192
203.38694891240937,0.7045255844659675
203.41695141261772,0.7048338521020516
203.44695391282607,0.7051424434779614
203.47695641303443,0.7054513582552331
203.50695891324276,0.7057605960950464
203.5369614134511,0.7060701566582284
203.56696391365946,0.7063800396052506
203.59696641386782,0.7066902445962325
203.62696891407617,0.7070007712909392
203.65697141428453,0.7073116193487834
203.68697391449288,0.7076227884288251
203.71697641470124,0.7079342781897723
203.74697891490956,0.7082460882899815
203.77698141511792,0.708558218387458
203.80698391532627,0.7088706681398557
203.83698641553462,0.7091834372044774
203.86698891574298,0.7094965252382772
203.89699141595133,0.7098099318978579
203.9269939161597,0.7101236568394738
203.95699641636804,0.7104376997190291
203.98699891657637,0.7107520601920798
204.01700141678472,0.7110667379138345
204.04700391699308,0.7113817325391525
204.07700641720143,0.7116970437225458
204.1070089174098,0.7120126711181796
204.13701141761814,0.7123286143798722
204.1670139178265,0.712644873161095
204.19701641803485,0.7129614471149739
204.22701891824317,0.7132783358942884
204.25702141845153,0.7135955391514739
204.28702391865988,0.71391305653862
204.31702641886824,0.7142308877074717
204.3470289190766,0.7145490323094301
204.37703141928495,0.714867489995552
204.4070339194933,0.7151862604165523
204.43703641970163,0.7155053432228009
204.46703891990998,0.7158247380643269
204.49704142011834,0.7161444445908156
204.5270439203267,0.7164644624516117
204.55704642053504,0.7167847912957176
204.5870489207434,0.717105430771795
204.61705142095175,0.7174263805281647
204.6470539211601,0.717747640212807
204.67705642136843,0.718069209473363
204.7070589215768,0.7183910879571336
204.73706142178514,0.718713275311081
204.7670639219935,0.7190357711818278
204.79706642220185,0.7193585752156595
204.8270689224102,0.7196816870585223
204.85707142261856,0.7200051063560259
204.88707392282691,0.7203288327534418
204.91707642303524,0.7206528658957048
204.9470789232436,0.7209772054274146
204.97708142345195,0.7213018509928335
205.0070839236603,0.7216268022358883
205.03708642386866,0.7219520588001703
205.067088924077,0.7222776203289373
205.09709142428537,0.7226034864651111
205.1270939244937,0.7229296568512797
205.15709642470205,0.7232561311296981
205.1870989249104,0.7235829089422876
205.21710142511876,0.7239099899306365
205.2471039253271,0.7242373737360003
205.27710642553546,0.7245650599993029
205.30710892574382,0.724893048361136
205.33711142595217,0.7252213384617605
205.3671139261605,0.7255499299411057
205.39711642636885,0.7258788224387711
205.4271189265772,0.7262080155940251
205.45712142678556,0.7265375090458077
205.48712392699392,0.7268673024327281
205.51712642720227,0.7271973953930673
205.54712892741063,0.727527787564777
205.57713142761898,0.7278584785854822
205.6071339278273,0.7281894680924785
205.63713642803566,0.7285207557227353
205.66713892824401,0.7288523411128944
205.69714142845237,0.7291842238992707
205.72714392866072,0.7295164037178541
205.75714642886908,0.7298488802043077
205.78714892907743,0.7301816529939693
205.8171514292858,0.7305147217218517
205.8471539294941,0.7308480860226438
205.87715642970247,0.7311817455307099
205.90715892991082,0.7315156998800901
205.93716143011918,0.7318499487045014
205.96716393032753,0.7321844916373383
205.99716643053588,0.7325193283116722
206.02716893074424,0.7328544583602523
206.05717143095256,0.7331898814155058
206.08717393116092,0.7335255971095392
206.11717643136927,0.7338616050741381
206.14717893157763,0.7341979049407668
206.17718143178598,0.7345344963405698
206.20718393199434,0.7348713789043714
206.2371864322027,0.7352085522626778
206.26718893241105,0.735546016045675
206.29719143261937,0.7358837698832307
206.32719393282773,0.7362218134048948
206.35719643303608,0.7365601462398998
206.38719893324443,0.7368987680171601
206.4172014334528,0.7372376783652734
206.44720393366114,0.737576876912521
206.4772064338695,0.7379163632868679
206.50720893407785,0.7382561371159644
206.53721143428618,0.7385961980271436
206.56721393449453,0.738936545647426
206.5972164347029,0.7392771796035156
206.62721893491124,0.7396180995218037
206.6572214351196,0.7399593050283675
206.68722393532795,0.7403007957489708
206.7172264355363,0.7406425713090647
206.74722893574466,0.7409846313337878
206.77723143595298,0.741326975447967
206.80723393616134,0.7416696032761176
206.8372364363697,0.7420125144424436
206.86723893657805,0.7423557085708374
206.8972414367864,0.7426991852848829
206.92724393699476,0.7430429442078523
206.9572464372031,0.743386984962709
206.98724893741144,0.743731307172107
207.0172514376198,0.7440759104583927
207.04725393782815,0.744420794443603
207.0772564380365,0.7447659587494668
207.10725893824485,0.7451114029974066
207.1372614384532,0.7454571268085367
207.16726393866156,0.745803129803666
207.19726643886992,0.7461494116032962
207.22726893907824,0.7464959718276233
207.2572714392866,0.7468428100965384
207.28727393949495,0.7471899260296277
207.3172764397033,0.7475373192461725
207.34727893991166,0.7478849893651499
207.37728144012002,0.7482329360052333
207.40728394032837,0.7485811587847928
207.43728644053672,0.7489296573218964
207.46728894074505,0.7492784312343084
207.4972914409534,0.7496274801394921
207.52729394116176,0.7499768036546084
207.5572964413701,0.7503264013965179
207.58729894157847,0.7506762729817795
207.61730144178682,0.7510264180266524
207.64730394199518,0.7513768361470954
207.6773064422035,0.7517275269587675
207.70730894241186,0.7520784900770304
207.7373114426202,0.7524297251169452
207.76731394282857,0.7527812316932753
207.79731644303692,0.7531330094204862
207.82731894324527,0.7534850579127467
207.85732144345363,0.7538373767839279
207.88732394366198,0.7541899656476045
207.9173264438703,0.7545428241170546
207.94732894407866,0.7548959518052624
207.97733144428702,0.7552493483249146
208.00733394449537,0.7556030132884043
208.03733644470373,0.7559569463078298
208.06733894491208,0.7563111469949951
208.09734144512043,0.7566656149614117
208.1273439453288,0.7570203498182966
208.15734644553712,0.7573753511765747
208.18734894574547,0.7577306186468789
208.21735144595382,0.75808615183955
208.24735394616218,0.7584419503646371
208.27735644637053,0.7587980138318984
208.3073589465789,0.7591543418508013
208.33736144678724,0.759510934030524
208.3673639469956,0.7598677899799539
208.39736644720392,0.760224909307689
208.42736894741228,0.7605822916220397
208.45737144762063,0.7609399365310265
208.48737394782898,0.7612978436423832
208.51737644803734,0.7616560125635549
208.5473789482457,0.7620144429017
208.57738144845405,0.7623731342636899
208.60738394866237,0.7627320862561104
208.63738644887073,0.7630912984852611
208.66738894907908,0.763450770557156
208.69739144928744,0.7638105020775237
208.7273939494958,0.7641704926518095
208.75739644970415,0.7645307418851733
208.7873989499125,0.764891249382492
208.81740145012085,0.7652520147483588
208.84740395032918,0.7656130375870839
208.87740645053753,0.7659743175026966
208.9074089507459,0.7663358540989426
208.93741145095424,0.7666976469792864
208.9674139511626,0.7670596957469117
208.99741645137095,0.7674220000047217
209.0274189515793,0.7677845593553391
209.05742145178766,0.7681473734011066
209.087423951996,0.7685104417440873
209.11742645220434,0.768873763986067
209.1474289524127,0.7692373397285516
209.17743145262105,0.7696011685727688
209.2074339528294,0.7699652501196697
209.23743645303776,0.7703295839699269
209.2674389532461,0.7706941697239378
209.29744145345444,0.7710590069818223
209.3274439536628,0.7714240953434255
209.35744645387115,0.7717894344083158
209.3874489540795,0.7721550237757882
209.41745145428786,0.7725208630448616
209.4474539544962,0.7728869518142818
209.47745645470457,0.7732532896825205
209.50745895491292,0.7736198762477762
209.53746145512125,0.773986711107975
209.5674639553296,0.7743537938607707
209.59746645553795,0.7747211241035449
209.6274689557463,0.7750887014334071
209.65747145595466,0.7754565254471975
209.68747395616302,0.775824595741484
209.71747645637137,0.7761929119125655
209.74747895657973,0.7765614735564706
209.77748145678805,0.7769302802689585
209.8074839569964,0.777299331645521
209.83748645720476,0.7776686272813801
209.86748895741312,0.7780381667714902
209.89749145762147,0.7784079497105383
209.92749395782982,0.7787779756929449
209.95749645803818,0.7791482443128632
209.98749895824653,0.7795187551641807
210.01750145845486,0.7798895078405184
210.0475039586632,0.780260501935234
210.07750645887157,0.7806317370414186
210.10750895907992,0.7810032127518995
210.13751145928828,0.7813749286592401
210.16751395949663,0.78174688435574
210.19751645970499,0.7821190794334371
210.2275189599133,0.7824915134841048
210.25752146012167,0.7828641860992565
210.28752396033002,0.7832370968701419
210.31752646053837,0.783610245387751
210.34752896074673,0.7839836312428126
210.37753146095508,0.7843572540257946
210.40753396116344,0.7847311133269058
210.4375364613718,0.7851052087360949
210.46753896158012,0.7854795398430525
210.49754146178847,0.7858541062372102
210.52754396199683,0.7862289075077415
210.55754646220518,0.7866039432435621
210.58754896241354,0.7869792130333311
210.6175514626219,0.7873547164654505
210.64755396283024,0.787730453128066
210.6775564630386,0.7881064226090674
210.70755896324692,0.7884826244960894
210.73756146345528,0.7888590583765124
210.76756396366363,0.7892357238374611
210.797566463872,0.7896126204658069
210.82756896408034,0.7899897478481672
210.8575714642887,0.7903671055709072
210.88757396449705,0.7907446932201387
210.91757646470538,0.7911225103817213
210.94757896491373,0.7915005566412632
210.97758146512209,0.7918788315841216
211.00758396533044,0.7922573347954024
211.0375864655388,0.7926360658599609
211.06758896574715,0.7930150243624027
211.0975914659555,0.7933942098870846
211.12759396616386,0.7937736220181137
211.15759646637218,0.7941532603393482
211.18759896658054,0.7945331244343996
211.2176014667889,0.7949132138866302
211.24760396699725,0.7952935282791562
211.2776064672056,0.7956740671948468
211.30760896741396,0.7960548302163246
211.3376114676223,0.7964358169259665
211.36761396783066,0.7968170269059047
211.397616468039,0.7971984597380256
211.42761896824734,0.7975801150039721
211.4576214684557,0.797961992285142
211.48762396866405,0.7983440911626909
211.5176264688724,0.7987264112175303
211.54762896908076,0.7991089520303297
211.57763146928912,0.799491713181516
211.60763396949747,0.7998746942512747
211.6376364697058,0.8002578948195501
211.66763896991415,0.8006413144660462
211.6976414701225,0.801024952770226
211.72764397033086,0.8014088093113125
211.7576464705392,0.8017928836682905
211.78764897074757,0.8021771754199047
211.81765147095592,0.8025616841446621
211.84765397116425,0.8029464094208306
211.8776564713726,0.8033313508264428
211.90765897158096,0.8037165079392922
211.9376614717893,0.8041018803369364
211.96766397199767,0.8044874675966969
211.99766647220602,0.8048732692956592
212.02766897241438,0.8052592850106745
212.05767147262273,0.8056455143183583
212.08767397283106,0.8060319567950921
212.1176764730394,0.8064186120170238
212.14767897324776,0.8068054795600684
212.17768147345612,0.8071925589999069
212.20768397366447,0.8075798499119888
212.23768647387283,0.8079673518715311
212.26768897408118,0.8083550644535192
212.29769147428954,0.8087429872327088
212.32769397449786,0.8091311197836231
212.35769647470622,0.809519461680557
212.38769897491457,0.8099080124975743
212.41770147512293,0.8102967718085111
212.44770397533128,0.8106857391869738
212.47770647553963,0.8110749142063409
212.507708975748,0.8114642964397629
212.53771147595634,0.8118538854601632
212.56771397616467,0.8122436808402387
212.59771647637302,0.8126336821524599
212.62771897658138,0.8130238889690711
212.65772147678973,0.813414300862091
212.6877239769981,0.8138049174033144
212.71772647720644,0.8141957381643106
212.7477289774148,0.8145867627164252
212.77773147762312,0.8149779906307797
212.80773397783148,0.8153694214782747
212.83773647803983,0.8157610548295859
212.86773897824818,0.8161528902551679
212.89774147845654,0.8165449273252534
212.9277439786649,0.8169371656098535
212.95774647887325,0.8173296046787601
212.9877489790816,0.8177222441015435
213.01775147928993,0.8181150834475541
213.04775397949828,0.8185081222859242
213.07775647970664,0.8189013601855668
213.107758979915,0.8192947967151764
213.13776148012334,0.8196884314432293
213.1677639803317,0.8200822639379851
213.19776648054005,0.8204762937674858
213.2277689807484,0.8208705204995579
213.25777148095673,0.8212649437018108
213.2877739811651,0.8216595629416397
213.31777648137344,0.8220543777862234
213.3477789815818,0.8224493878025274
213.37778148179015,0.8228445925573025
213.4077839819985,0.8232399916170856
213.43778648220686,0.8236355845482013
213.4677889824152,0.8240313709167603
213.49779148262354,0.8244273502886632
213.5277939828319,0.8248235222295971
213.55779648304025,0.8252198863050385
213.5877989832486,0.8256164420802528
213.61780148345696,0.8260131891202961
213.6478039836653,0.8264101269900138
213.67780648387367,0.8268072552540423
213.707808984082,0.8272045734768085
213.73781148429035,0.827602081222533
213.7678139844987,0.8279997780552264
213.79781648470706,0.8283976635386927
213.8278189849154,0.8287957372365291
213.85782148512376,0.8291939987121256
213.88782398533212,0.8295924475286678
213.91782648554047,0.8299910832491344
213.9478289857488,0.8303899054362993
213.97783148595715,0.8307889136527324
214.0078339861655,0.8311881074607999
214.03783648637386,0.8315874864226633
214.06783898658222,0.8319870501002817
214.09784148679057,0.8323867980554112
214.12784398699893,0.8327867298496067
214.15784648720728,0.8331868450442205
214.1878489874156,0.8335871432004037
214.21785148762396,0.833987623879108
214.24785398783231,0.8343882866410832
214.27785648804067,0.8347891310468809
214.30785898824902,0.8351901566568525
214.33786148845738,0.8355913630311508
214.36786398866573,0.8359927497297303
214.39786648887406,0.8363943163123482
214.4278689890824,0.8367960623385644
214.45787148929077,0.8371979873677415
214.48787398949912,0.8376000909590453
214.51787648970748,0.8380023726714475
214.54787898991583,0.8384048320637226
214.57788149012418,0.8388074686944513
214.60788399033254,0.8392102821220193
214.63788649054086,0.8396132719046182
214.66788899074922,0.8400164376002479
214.69789149095757,0.8404197787667133
214.72789399116593,0.8408232949616277
214.75789649137428,0.8412269857424121
214.78789899158264,0.8416308506662968
214.817901491791,0.8420348892903204
214.84790399199935,0.842439101171331
214.87790649220767,0.8428434858659863
214.90790899241603,0.8432480429307563
214.93791149262438,0.8436527719219198
214.96791399283273,0.844057672395568
214.9979164930411,0.8444627439076037
215.02791899324944,0.8448679860137421
215.0579214934578,0.8452733982695122
215.08792399366612,0.8456789802302549
215.11792649387448,0.8460847314511263
215.14792899408283,0.8464906514870956
215.1779314942912,0.8468967398929483
215.20793399449954,0.8473029962232841
215.2379364947079,0.8477094200325188
215.26793899491625,0.8481160108748845
215.2979414951246,0.84852276830443
215.32794399533293,0.8489296918750218
215.35794649554128,0.8493367811403442
215.38794899574964,0.8497440356538992
215.417951495958,0.8501514549690077
215.44795399616635,0.8505590386388103
215.4779564963747,0.8509667862162671
215.50795899658306,0.851374697254158
215.5379614967914,0.8517827713050842
215.56796399699974,0.8521910079214671
215.5979664972081,0.8525994066555519
215.62796899741645,0.8530079670594041
215.6579714976248,0.8534166886849123
215.68797399783315,0.8538255710837881
215.7179764980415,0.8542346138075678
215.74797899824986,0.8546438164076109
215.77798149845822,0.8550531784351016
215.80798399866654,0.8554626994410488
215.8379864988749,0.855872378976289
215.86798899908325,0.8562822165914828
215.8979914992916,0.8566922118371181
215.92799399949996,0.8571023642635099
215.95799649970832,0.8575126734208005
215.98799899991667,0.8579231388589611
216.018001500125,0.8583337601277905
216.04800400033335,0.8587445367769178
216.0780065005417,0.8591554683557999
216.10800900075006,0.8595665544137259
216.1380115009584,0.8599777944998139
216.16801400116677,0.8603891881630137
216.19801650137512,0.8608007349521062
216.22801900158348,0.8612124344157046
216.2580215017918,0.8616242861022548
216.28802400200016,0.8620362895600362
216.3180265022085,0.8624484443371607
216.34802900241687,0.8628607499815746
216.37803150262522,0.8632732060410592
216.40803400283357,0.8636858120632303
216.43803650304193,0.8640985675955394
216.46803900325028,0.8645114721852736
216.4980415034586,0.8649245253795572
216.52804400366696,0.8653377267253517
216.55804650387532,0.8657510757694553
216.58804900408367,0.8661645720585045
216.61805150429203,0.8665782151389738
216.64805400450038,0.8669920045571782
216.67805650470874,0.8674059398592707
216.7080590049171,0.867820020591245
216.73806150512542,0.8682342462989342
216.76806400533377,0.8686486165280148
216.79806650554212,0.8690631308240027
216.82806900575048,0.8694777887322562
216.85807150595883,0.869892589797976
216.8880740061672,0.8703075335662068
216.91807650637554,0.8707226195818356
216.94807900658387,0.8711378473895935
216.97808150679222,0.8715532165340572
217.00808400700058,0.8719687265596465
217.03808650720893,0.872384377010629
217.06808900741729,0.8728001674311163
217.09809150762564,0.8732160973650673
217.128094007834,0.8736321663562876
217.15809650804235,0.874048373948431
217.18809900825067,0.8744647196849982
217.21810150845903,0.8748812031093395
217.24810400866738,0.875297823764653
217.27810650887574,0.8757145811939877
217.3081090090841,0.8761314749402414
217.33811150929245,0.8765485045461626
217.3681140095008,0.8769656695543513
217.39811650970915,0.877382969507258
217.42811900991748,0.8778004039471865
217.45812151012584,0.8782179724162926
217.4881240103342,0.8786356744565846
217.51812651054254,0.8790535096099243
217.5481290107509,0.8794714774180288
217.57813151095925,0.879889577422468
217.6081340111676,0.8803078091646679
217.63813651137593,0.8807261721859087
217.6681390115843,0.8811446660273291
217.69814151179264,0.8815632902299221
217.728144012001,0.8819820443345383
217.75814651220935,0.8824009278818862
217.7881490124177,0.8828199404125314
217.81815151262606,0.8832390814668996
217.8481540128344,0.8836583505852742
217.87815651304274,0.8840777473077982
217.9081590132511,0.8844972711744754
217.93816151345945,0.8849169217251701
217.9681640136678,0.8853366984996069
217.99816651387616,0.8857566010373725
218.0281690140845,0.8861766288779154
218.05817151429287,0.8865967815605464
218.08817401450122,0.8870170586244407
218.11817651470955,0.8874374596086352
218.1481790149179,0.8878579840520326
218.17818151512625,0.8882786314933988
218.2081840153346,0.8886994014713661
218.23818651554296,0.8891202935244312
218.26818901575132,0.8895413071909576
218.29819151595967,0.8899624420091752
218.32819401616803,0.8903836975171806
218.35819651637635,0.890805073252939
218.3881990165847,0.8912265687542834
218.41820151679306,0.8916481835589151
218.44820401700142,0.8920699172044041
218.47820651720977,0.8924917692281915
218.50820901741812,0.8929137391675874
218.53821151762648,0.893335826559773
218.5682140178348,0.8937580309417996
218.59821651804316,0.8941803518505926
218.6282190182515,0.8946027888229477
218.65822151845987,0.8950253413955335
218.68822401866822,0.8954480091048921
218.71822651887658,0.895870791487439
218.74822901908493,0.8962936880794647
218.77823151929329,0.8967166984171339
218.8082340195016,0.8971398220364859
218.83823651970997,0.897563058473437
218.86823901991832,0.8979864072637794
218.89824152012667,0.8984098679431818
218.92824402033503,0.8988334400471898
218.95824652054338,0.8992571231112275
218.98824902075174,0.8996809166705966
219.0182515209601,0.9001048202604788
219.04825402116842,0.9005288334159335
219.07825652137677,0.9009529556719017
219.10825902158513,0.9013771865632029
219.13826152179348,0.9018015256245392
219.16826402200184,0.9022259723904928
219.1982665222102,0.9026505263955283
219.22826902241854,0.9030751871739923
219.25827152262687,0.9034999542601145
219.28827402283522,0.9039248271880088
219.31827652304358,0.9043498054916719
219.34827902325193,0.904774888704985
219.3782815234603,0.9052000763617145
219.40828402366864,0.905625367995513
219.438286523877,0.9060507631399177
219.46828902408535,0.9064762613283531
219.49829152429368,0.9069018620941298
219.52829402450203,0.9073275649704479
219.55829652471039,0.9077533694903935
219.58829902491874,0.908179275186942
219.6183015251271,0.9086052815929573
219.64830402533545,0.9090313882411939
219.6783065255438,0.9094575946642954
219.70830902575216,0.9098839003947965
219.73831152596048,0.9103103049651222
219.76831402616884,0.91073680790759
219.7983165263772,0.9111634087544097
219.82831902658555,0.9115901070376826
219.8583215267939,0.912016902289404
219.88832402700226,0.9124437940414619
219.9183265272106,0.9128707818256401
219.94832902741896,0.9132978651736157
219.9783315276273,0.9137250436169607
220.00833402783564,0.9141523166871443
220.038336528044,0.914579683915531
220.06833902825235,0.9150071448333821
220.0983415284607,0.915434698971856
220.12834402866906,0.915862345862009
220.15834652887742,0.9162900850347954
220.18834902908574,0.9167179160210688
220.2183515292941,0.9171458383515824
220.24835402950245,0.9175738515569882
220.2783565297108,0.9180019551678387
220.30835902991916,0.9184301487145881
220.33836153012751,0.9188584317275912
220.36836403033587,0.9192868037371049
220.39836653054422,0.9197152642732884
220.42836903075255,0.9201438128662032
220.4583715309609,0.9205724490458161
220.48837403116926,0.9210011723419963
220.5183765313776,0.9214299822845174
220.54837903158597,0.9218588784030582
220.57838153179432,0.9222878602272039
220.60838403200268,0.9227169272864443
220.63838653221103,0.9231460791101764
220.66838903241936,0.9235753152277036
220.6983915326277,0.9240046351682388
220.72839403283606,0.9244340384609008
220.75839653304442,0.9248635246347177
220.78839903325277,0.9252930932186267
220.81840153346113,0.9257227437414746
220.84840403366948,0.9261524757320188
220.8784065338778,0.9265822887189262
220.90840903408616,0.9270121822307764
220.93841153429452,0.9274421557960593
220.96841403450287,0.9278722089431781
220.99841653471123,0.928302341200448
221.02841903491958,0.9287325520960974
221.05842153512793,0.9291628411582687
221.0884240353363,0.9295932079150183
221.11842653554461,0.9300236518943179
221.14842903575297,0.9304541726240546
221.17843153596132,0.9308847696320306
221.20843403616968,0.9313154424459642
221.23843653637803,0.9317461905934923
221.2684390365864,0.9321770136021672
221.29844153679474,0.93260791099946
221.3284440370031,0.9330388823127603
221.35844653721142,0.9334699270693756
221.38844903741978,0.933901044796535
221.41845153762813,0.9343322350213857
221.44845403783648,0.934763497270996
221.47845653804484,0.9351948310723545
221.5084590382532,0.9356262359523728
221.53846153846155,0.9360577114378834
221.5684640386699,0.9364892570556417
221.59846653887823,0.9369208723323251
221.62846903908658,0.9373525567945374
221.65847153929494,0.937784309968804
221.6884740395033,0.9382161313815756
221.71847653971165,0.9386480205592281
221.74847903992,0.9390799770280628
221.77848154012835,0.9395120003143083
221.80848404033668,0.9399440899441183
221.83848654054503,0.9403762454435752
221.8684890407534,0.9408084663386881
221.89849154096174,0.9412407521553953
221.9284940411701,0.9416731024195629
221.95849654137845,0.942105516656987
221.9884990415868,0.9425379943933929
222.01850154179516,0.9429705351544375
222.0485040420035,0.9434031384657069
222.07850654221184,0.9438358038527201
222.1085090424202,0.9442685308409272
222.13851154262855,0.9447013189557105
222.1685140428369,0.9451341677223862
222.19851654304526,0.9455670766662033
222.2285190432536,0.9460000453123448
222.25852154346197,0.9464330731859281
222.2885240436703,0.9468661598120061
222.31852654387865,0.9472993047155676
222.348529044087,0.9477325074215363
222.37853154429536,0.9481657674547729
222.4085340445037,0.9485990843400762
222.43853654471206,0.9490324576021817
222.46853904492042,0.9494658867657629
222.49854154512877,0.9498993713554327
222.5285440453371,0.9503329108957419
222.55854654554545,0.9507665049111835
222.5885490457538,0.9512001529261886
222.61855154596216,0.9516338544651297
222.64855404617052,0.9520676090523201
222.67855654637887,0.9525014162120163
222.70855904658723,0.9529352754684158
222.73856154679555,0.9533691863456591
222.7685640470039,0.9538031483678309
222.79856654721226,0.9542371610589594
222.82856904742061,0.954671223943017
222.85857154762897,0.955105336543921
222.88857404783732,0.9555394983855346
222.91857654804568,0.9559737089916661
222.94857904825403,0.956407967886072
222.97858154846236,0.9568422745924537
223.0085840486707,0.9572766286344623
223.03858654887907,0.9577110295356951
223.06858904908742,0.9581454768196995
223.09859154929578,0.9585799700099711
223.12859404950413,0.9590145086299553
223.15859654971248,0.959449092203048
223.18859904992084,0.959883720252595
223.21860155012916,0.9603183923018945
223.24860405033752,0.9607531078741961
223.27860655054587,0.9611878664927009
223.30860905075423,0.9616226676805633
223.33861155096258,0.9620575109608913
223.36861405117094,0.9624923958567463
223.3986165513793,0.9629273218911443
223.42861905158762,0.9633622885870551
223.45862155179597,0.9637972954674064
223.48862405200433,0.9642323420550798
223.51862655221268,0.9646674278729136
223.54862905242103,0.9651025524437035
223.5786315526294,0.9655377152902019
223.60863405283774,0.9659729159351209
223.6386365530461,0.9664081539011294
223.66863905325442,0.9668434287108559
223.69864155346278,0.967278739886889
223.72864405367113,0.9677140869517773
223.7586465538795,0.9681494694280294
223.78864905408784,0.9685848868381156
223.8186515542962,0.9690203387044676
223.84865405450455,0.9694558245494791
223.8786565547129,0.9698913438955076
223.90865905492123,0.9703268962648725
223.93866155512958,0.9707624811798582
223.96866405533794,0.9711980981627122
223.9986665555463,0.971633746735648
224.02866905575465,0.9720694264208437
224.058671555963,0.9725051367404434
224.08867405617136,0.9729408772165576
224.1186765563797,0.9733766473712636
224.14867905658804,0.9738124467266065
224.1786815567964,0.9742482748045997
224.20868405700475,0.9746841311272243
224.2386865572131,0.9751200152164302
224.26868905742145,0.9755559265941381
224.2986915576298,0.975991864782238
224.32869405783816,0.9764278293025901
224.3586965580465,0.9768638196770257
224.38869905825484,0.9772998354273497
224.4187015584632,0.9777358760753366
224.44870405867155,0.9781719411427351
224.4787065588799,0.9786080301512664
224.50870905908826,0.9790441426226254
224.53871155929662,0.9794802780784824
224.56871405950497,0.9799164360404812
224.5987165597133,0.980352616030241
224.62871905992165,0.9807888175693579
224.65872156013,0.9812250401794036
224.68872406033836,0.9816612833819268
224.7187265605467,0.9820975466984534
224.74872906075507,0.9825338296504871
224.77873156096342,0.9829701317595111
224.80873406117178,0.9834064525469867
224.8387365613801,0.9838427915343543
224.86873906158846,0.9842791482430359
224.8987415617968,0.9847155221944321
224.92874406200517,0.9851519129099265
224.95874656221352,0.9855883199108831
224.98874906242187,0.9860247427186483
225.01875156263023,0.9864611808545507
225.04875406283855,0.986897633839903
225.0787565630469,0.9873341011960017
225.10875906325526,0.9877705824441267
225.13876156346362,0.9882070771055425
225.16876406367197,0.9886435847015002
225.19876656388033,0.9890801047532354
225.22876906408868,0.9895166367819708
225.25877156429704,0.9899531803089155
225.28877406450536,0.9903897348552656
225.31877656471372,0.9908262999422072
225.34877906492207,0.9912628750909125
225.37878156513042,0.9916994598225435
225.40878406533878,0.9921360536582514
225.43878656554713,0.9925726561191786
225.4687890657555,0.9930092667264566
225.49879156596384,0.9934458850012086
225.52879406617217,0.9938825104645485
225.55879656638052,0.9943191426375847
225.58879906658888,0.9947557810414159
225.61880156679723,0.9951924251971348
225.64880406700559,0.9956290746258277
225.67880656721394,0.9960657288485747
225.7088090674223,0.9965023873864519
225.73881156763065,0.9969390497605294
225.76881406783897,0.9973757154918733
225.79881656804733,0.9978123841015466
225.82881906825568,0.9982490551106091
225.85882156846404,0.9986857280401175
225.8888240686724,0.9991224024111264
225.91882656888075,0.999559077744689
225.9488290690891,0.999995753561857
225.97883156929743,1.0004324293836826
226.00883406950578,1.0008691047312175
226.03883656971414,1.0013057791255138
226.0688390699225,1.001742452087624
226.09884157013084,1.0021791231386035
226.1288440703392,1.002615791799509
226.15884657054755,1.0030524575914
226.1888490707559,1.0034891200353389
226.21885157096423,1.0039257786523912
226.2488540711726,1.0043624329636291
226.27885657138094,1.0047990824901267
226.3088590715893,1.0052357267529648
226.33886157179765,1.0056723652732291
226.368864072006,1.0061089975720128
226.39886657221436,1.0065456231704148
226.4288690724227,1.006982241589542
226.45887157263104,1.007418852350508
226.4888740728394,1.0078554549744376
226.51887657304775,1.0082920489824614
226.5488790732561,1.008728633895721
226.57888157346446,1.009165209235368
226.6088840736728,1.0096017745225634
226.63888657388117,1.010038329278481
226.66888907408952,1.0104748730243047
226.69889157429785,1.0109114052812307
226.7288940745062,1.0113479255704683
226.75889657471456,1.01178443341324
226.7888990749229,1.0122209283307815
226.81890157513126,1.0126574098443428
226.84890407533962,1.0130938774751885
226.87890657554797,1.0135303307445982
226.9089090757563,1.0139667691738679
226.93891157596465,1.01440319228431
226.968914076173,1.014839599597253
226.99891657638136,1.0152759906340425
227.02891907658972,1.0157123649160433
227.05892157679807,1.0161487219646372
227.08892407700642,1.0165850613012257
227.11892657721478,1.0170213824472292
227.1489290774231,1.0174576849240875
227.17893157763146,1.0178939682532635
227.2089340778398,1.0183302319562384
227.23893657804817,1.0187664755545156
227.26893907825652,1.0192026985696208
227.29894157846488,1.0196389005231026
227.32894407867323,1.0200750809365322
227.35894657888159,1.0205112393315043
227.3889490790899,1.0209473752296376
227.41895157929827,1.0213834881525774
227.44895407950662,1.0218195776219916
227.47895657971497,1.022255643159575
227.50895907992333,1.0226916842870488
227.53896158013168,1.0231277005261603
227.56896408034004,1.0235636913986852
227.59896658054836,1.0239996564264255
227.62896908075672,1.0244355951312132
227.65897158096507,1.0248715070349077
227.68897408117343,1.0253073916593993
227.71897658138178,1.025743248526607
227.74897908159014,1.0261790771584802
227.7789815817985,1.026614877077
227.80898408200684,1.027050647804179
227.83898658221517,1.027486388862061
227.86898908242352,1.0279220997727232
227.89899158263188,1.0283577800582755
227.92899408284023,1.0287934292408611
227.9589965830486,1.0292290468426581
227.98899908325694,1.0296646323858787
228.0190015834653,1.03010018539277
228.04900408367365,1.0305357053856148
228.07900658388198,1.030971191886733
228.10900908409033,1.0314066444184808
228.1390115842987,1.0318420625032512
228.16901408450704,1.0322774456634751
228.1990165847154,1.0327127934216223
228.22901908492375,1.033148105300201
228.2590215851321,1.0335833808217585
228.28902408534046,1.0340186195088823
228.31902658554878,1.0344538208841998
228.34902908575714,1.034888984470381
228.3790315859655,1.0353241097901353
228.40903408617385,1.0357591963662152
228.4390365863822,1.0361942437214147
228.46903908659056,1.0366292513785724
228.4990415867989,1.0370642188605694
228.52904408700724,1.0374991456903302
228.5590465872156,1.0379340313908254
228.58904908742394,1.0383688754850704
228.6190515876323,1.0388036774961251
228.64905408784065,1.0392384369470968
228.679056588049,1.0396731533611385
228.70905908825736,1.040107826261451
228.73906158846572,1.0405424551712832
228.76906408867404,1.040977039613931
228.7990665888824,1.0414115791127407
228.82906908909075,1.0418460731911061
228.8590715892991,1.0422805213724726
228.88907408950746,1.0427149231803348
228.91907658971581,1.0431492781382383
228.94907908992417,1.0435835857697804
228.97908159013252,1.0440178455986096
229.00908409034085,1.0444520571484277
229.0390865905492,1.0448862199429898
229.06908909075756,1.045320333506103
229.0990915909659,1.0457543973616292
229.12909409117427,1.0461884110334856
229.15909659138262,1.0466223740456428
229.18909909159098,1.0470562859221284
229.2191015917993,1.0474901461870247
229.24910409200766,1.0479239543644723
229.279106592216,1.048357709978668
229.30910909242436,1.0487914125538655
229.33911159263272,1.049225061614378
229.36911409284107,1.0496586566845776
229.39911659304943,1.0500921972888932
229.42911909325778,1.0505256829518161
229.4591215934661,1.050959113197897
229.48912409367446,1.0513924875517477
229.51912659388282,1.0518258055380396
229.54912909409117,1.052259066681508
229.57913159429953,1.0526922705069501
229.60913409450788,1.0531254165392245
229.63913659471623,1.0535585043032556
229.6691390949246,1.0539915333240288
229.69914159513291,1.0544245031265966
229.72914409534127,1.054857413236075
229.75914659554962,1.055290263177647
229.78914909575798,1.0557230524765586
229.81915159596633,1.0561557806581252
229.8491540961747,1.0565884472477287
229.87915659638304,1.0570210517708165
229.9091590965914,1.0574535937529075
229.93916159679972,1.0578860727195847
229.96916409700808,1.058318488196506
229.99916659721643,1.0587508397093934
230.02916909742478,1.0591831267840432
230.05917159763314,1.0596153489463187
230.0891740978415,1.0600475057221574
230.11917659804985,1.060479596637568
230.14917909825817,1.0609116212186294
230.17918159846653,1.0613435789914953
230.20918409867488,1.0617754694823922
230.23918659888324,1.062207292217621
230.2691890990916,1.0626390467235547
230.29919159929995,1.0630707325266442
230.3291940995083,1.0635023491534126
230.35919659971665,1.0639338961304612
230.38919909992498,1.064365372984467
230.41920160013333,1.0647967792421846
230.4492041003417,1.0652281144304436
230.47920660055004,1.0656593780761543
230.5092091007584,1.066090569706305
230.53921160096675,1.0665216888479607
230.5692141011751,1.0669527350282695
230.59921660138346,1.0673837077744557
230.6292191015918,1.067814606613827
230.65922160180014,1.0682454310737715
230.6892241020085,1.0686761806817586
230.71922660221685,1.069106854965339
230.7492291024252,1.0695374534521476
230.77923160263356,1.0699679756699019
230.8092341028419,1.0703984211464017
230.83923660305024,1.0708287894095325
230.8692391032586,1.0712590799872646
230.89924160346695,1.071689292407653
230.9292441036753,1.0721194261988374
230.95924660388366,1.0725494808890461
230.989249104092,1.0729794560065913
231.01925160430036,1.0734093510798746
231.04925410450872,1.0738391656373858
231.07925660471705,1.0742688992077
231.1092591049254,1.0746985513194844
231.13926160513375,1.0751281215014938
231.1692641053421,1.0755576092825745
231.19926660555046,1.0759870141916599
231.22926910575882,1.0764163357577783
231.25927160596717,1.076845573510046
231.28927410617553,1.077274726977673
231.31927660638385,1.077703795689962
231.3492791065922,1.0781327791763087
231.37928160680056,1.0785616769662
231.40928410700892,1.0789904885892194
231.43928660721727,1.079419213575045
231.46928910742562,1.0798478514534469
231.49929160763398,1.0802764017542945
231.52929410784233,1.08070486400755
231.55929660805066,1.0811332377432747
231.589299108259,1.0815615224916255
231.61930160846737,1.0819897177828584
231.64930410867572,1.082417823147325
231.67930660888408,1.0828458381154777
231.70930910909243,1.083273762217868
231.73931160930078,1.0837015949851452
231.7693141095091,1.0841293359480606
231.79931660971747,1.0845569846374656
231.82931910992582,1.0849845405843137
231.85932161013417,1.0854120033196575
231.88932411034253,1.085839372374655
231.91932661055088,1.0862666472805647
231.94932911075924,1.086693827568749
231.9793316109676,1.0871209127706756
232.00933411117592,1.087547902417913
232.03933661138427,1.0879747960421384
232.06933911159263,1.0884015931751319
232.09934161180098,1.0888282933487807
232.12934411200933,1.0892548960950768
232.1593466122177,1.0896814009461209
232.18934911242604,1.0901078074341193
232.2193516126344,1.0905341150913872
232.24935411284272,1.0909603234503484
232.27935661305108,1.0913864320435362
232.30935911325943,1.0918124404035905
232.3393616134678,1.092238348063264
232.36936411367614,1.0926641545554194
232.3993666138845,1.0930898594130287
232.42936911409285,1.0935154621691776
232.4593716143012,1.0939409623570615
232.48937411450953,1.0943663595099904
232.51937661471788,1.094791653161386
232.54937911492624,1.0952168428447846
232.5793816151346,1.0956419280938348
232.60938411534295,1.0960669084423014
232.6393866155513,1.0964917834240642
232.66938911575966,1.0969165525731168
232.69939161596798,1.0973412154235707
232.72939411617634,1.0977657715096534
232.7593966163847,1.0981902203657101
232.78939911659305,1.098614561526202
232.8194016168014,1.0990387945257103
232.84940411700975,1.0994629188989329
232.8794066172181,1.0998869341806883
232.90940911742646,1.1003108399059152
232.9394116176348,1.10073463560967
232.96941411784314,1.1011583208271323
232.9994166180515,1.1015818950936012
233.02941911825985,1.1020053579444995
233.0594216184682,1.102428708915369
233.08942411867656,1.1028519475418779
233.11942661888492,1.103275073359814
233.14942911909327,1.1036980859050913
233.1794316193016,1.1041209847137479
233.20943411950995,1.1045437693219462
233.2394366197183,1.1049664392659724
233.26943911992666,1.105388994082241
233.299441620135,1.105811433307292
233.32944412034337,1.10623375647779
233.35944662055172,1.1066559631305308
233.38944912076005,1.107078052802433
233.4194516209684,1.10750002503055
233.44945412117676,1.1079218793520575
233.4794566213851,1.1083436153042654
233.50945912159347,1.1087652324246098
233.53946162180182,1.1091867302506593
233.56946412201017,1.1096081083201135
233.59946662221853,1.1100293661708016
233.62946912242685,1.1104505033406862
233.6594716226352,1.1108715193678615
233.68947412284356,1.1112924137905562
233.71947662305192,1.111713186147129
233.74947912326027,1.1121338359760762
233.77948162346863,1.1125543628160255
233.80948412367698,1.1129747662057412
233.83948662388534,1.1133950456841235
233.86948912409366,1.113815200790206
233.89949162430202,1.1142352310631614
233.92949412451037,1.1146551360422976
233.95949662471872,1.1150749152670618
233.98949912492708,1.1154945682770363
234.01950162513543,1.1159140946119448
234.0495041253438,1.1163334938116471
234.07950662555214,1.1167527654161449
234.10950912576047,1.1171719089655783
234.13951162596882,1.1175909240002295
234.16951412617718,1.118009810060519
234.19951662638553,1.1184285666870108
234.22951912659389,1.1188471934204114
234.25952162680224,1.1192656898015674
234.2895241270106,1.11968405537147
234.31952662721892,1.120102289671254
234.34952912742727,1.1205203922421982
234.37953162763563,1.120938362625724
234.40953412784398,1.121356200363401
234.43953662805234,1.1217739049969406
234.4695391282607,1.1221914760682032
234.49954162846905,1.1226089131191952
234.5295441286774,1.1230262156920678
234.55954662888573,1.1234433833291222
234.58954912909408,1.1238604155728065
234.61955162930244,1.1242773119657183
234.6495541295108,1.124694072050602
234.67955662971914,1.1251106953703534
234.7095591299275,1.1255271814680188
234.73956163013585,1.1259435298867924
234.7695641303442,1.1263597401700225
234.79956663055253,1.1267758118612057
234.8295691307609,1.1271917445039934
234.85957163096924,1.1276075376421884
234.8895741311776,1.1280231908197471
234.91957663138595,1.1284387035807775
234.9495791315943,1.1288540754695435
234.97958163180266,1.1292693060304642
235.00958413201099,1.1296843948081103
235.03958663221934,1.1300993413472114
235.0695891324277,1.1305141451926517
235.09959163263605,1.1309288058894729
235.1295941328444,1.1313433229828715
235.15959663305276,1.1317576960182043
235.1895991332611,1.1321719245409834
235.21960163346947,1.1325860080968813
235.2496041336778,1.1329999462317288
235.27960663388615,1.1334137384915173
235.3096091340945,1.1338273844223954
235.33961163430286,1.1342408835706752
235.3696141345112,1.134654235482829
235.39961663471956,1.135067439705489
235.42961913492792,1.1354804957854518
235.45962163513627,1.135893403269674
235.4896241353446,1.1363061617052768
235.51962663555295,1.1367187706395447
235.5496291357613,1.137131229619927
235.57963163596966,1.1375435381940346
235.60963413617802,1.1379556959096462
235.63963663638637,1.1383677023147056
235.66963913659472,1.1387795569573207
235.69964163680308,1.1391912593857683
235.7296441370114,1.139602809148489
235.75964663721976,1.1400142057940954
235.7896491374281,1.1404254488713637
235.81965163763647,1.1408365379292411
235.84965413784482,1.141247472516842
235.87965663805318,1.1416582521834517
235.90965913826153,1.1420688764785254
235.93966163846986,1.142479344951687
235.9696641386782,1.142889657152733
235.99966663888657,1.1432998126316305
236.02966913909492,1.14370981093852
236.05967163930328,1.1441196516237113
236.08967413951163,1.1445293342376905
236.11967663971998,1.1449388583311142
236.14967913992834,1.1453482234548147
236.17968164013666,1.145757429159798
236.20968414034502,1.1461664749972462
236.23968664055337,1.1465753605185138
236.26968914076173,1.1469840852751338
236.29969164097008,1.1473926488188155
236.32969414117844,1.1478010507014427
236.3596966413868,1.1482092904750791
236.38969914159514,1.1486173676919642
236.41970164180347,1.1490252819045172
236.44970414201183,1.1494330326653355
236.47970664222018,1.1498406195271968
236.50970914242853,1.1502480420430559
236.5397116426369,1.1506552997660506
236.56971414284524,1.151062392249499
236.5997166430536,1.1514693190468983
236.62971914326195,1.1518760797119305
236.65972164347028,1.1522826737984564
236.68972414367863,1.152689100860524
236.719726643887,1.1530953604523597
236.74972914409534,1.1535014521283775
236.7797316443037,1.1539073754431723
236.80973414451205,1.154313129951526
236.8397366447204,1.1547187152084053
236.86973914492873,1.1551241307689608
236.89974164513708,1.1555293761885315
236.92974414534544,1.1559344510226417
236.9597466455538,1.156339354827004
236.98974914576215,1.1567440871575163
237.0197516459705,1.1571486475702673
237.04975414617886,1.1575530356215318
237.0797566463872,1.1579572508677751
237.10975914659554,1.158361292865652
237.1397616468039,1.1587651611720078
237.16976414701224,1.159168855343876
237.1997666472206,1.1595723749384834
237.22976914742895,1.1599757195132483
237.2597716476373,1.1603788886257786
237.28977414784566,1.160781881833878
237.31977664805402,1.1611846986955396
237.34977914826234,1.1615873387689526
237.3797816484707,1.161989801612499
237.40978414867905,1.1623920867847564
237.4397866488874,1.1627941938444946
237.46978914909576,1.163196122350681
237.49979164930411,1.163597871862479
237.52979414951247,1.1639994419392465
237.5597966497208,1.16440083214054
237.58979914992915,1.1648020420261118
237.6198016501375,1.1652030711559143
237.64980415034586,1.1656039190900944
237.6798066505542,1.166004585389002
237.70980915076257,1.1664050696131825
237.73981165097092,1.1668053713233832
237.76981415117928,1.1672054900805517
237.7998166513876,1.1676054254458346
237.82981915159596,1.1680051769805808
237.8598216518043,1.168404744246341
237.88982415201266,1.1688041268048681
237.91982665222102,1.1692033242181161
237.94982915242937,1.1696023360482442
237.97983165263773,1.170001161857613
238.00983415284608,1.1703998012087884
238.0398366530544,1.1707982536645412
238.06983915326276,1.1711965187878466
238.09984165347112,1.1715945961418845
238.12984415367947,1.171992485290042
238.15984665388783,1.1723901857959127
238.18984915409618,1.1727876972232953
238.21985165430453,1.1731850191361983
238.2498541545129,1.1735821510988358
238.27985665472121,1.1739790926756317
238.30985915492957,1.1743758434312186
238.33986165513792,1.1747724029304387
238.36986415534628,1.1751687707383418
238.39986665555463,1.1755649464201907
238.429869155763,1.1759609295414581
238.45987165597134,1.1763567196678262
238.48987415617967,1.1767523163651912
238.51987665638802,1.1771477191996602
238.54987915659638,1.1775429277375542
238.57988165680473,1.1779379415454048
238.60988415701308,1.17833276018996
238.63988665722144,1.1787273832381795
238.6698891574298,1.179121810257239
238.69989165763815,1.1795160408145298
238.72989415784647,1.1799100744776558
238.75989665805483,1.1803039108144402
238.78989915826318,1.1806975493929204
238.81990165847154,1.1810909897813526
238.8499041586799,1.181484231548208
238.87990665888825,1.181877274262178
238.9099091590966,1.18227011749217
238.93991165930495,1.182662760807312
238.96991415951328,1.1830552037769504
238.99991665972163,1.183447445970653
239.02991915993,1.1838394869582047
239.05992166013834,1.1842313263096136
239.0899241603467,1.1846229635951087
239.11992666055505,1.1850143983851387
239.1499291607634,1.1854056302503775
239.17993166097173,1.1857966587617177
239.2099341611801,1.1861874834902797
239.23993666138844,1.1865781040074028
239.2699391615968,1.1869685198846538
239.29994166180515,1.187358730693821
239.3299441620135,1.1877487360069199
239.35994666222186,1.1881385353961909
239.3899491624302,1.188528128434099
239.41995166263854,1.1889175146933368
239.4499541628469,1.1893066937468237
239.47995666305525,1.1896956651677062
239.5099591632636,1.1900844285293575
239.53996166347196,1.1904729834053807
239.5699641636803,1.1908613293696058
239.59996666388867,1.191249465996093
239.62996916409702,1.1916373928591333
239.65997166430535,1.1920251095332446
239.6899741645137,1.192412615593178
239.71997666472205,1.1927999106139147
239.7499791649304,1.193186994170668
239.77998166513876,1.1935738658388817
239.80998416534712,1.1939605251942336
239.83998666555547,1.1943469718126325
239.86998916576383,1.1947332052702224
239.89999166597215,1.1951192251433802
239.9299941661805,1.195505031008718
239.95999666638886,1.1958906224430808
239.98999916659722,1.19627599902355
240.02000166680557,1.1966611603274435
240.05000416701392,1.1970461059323128
240.08000666722228,1.197430835415948
240.1100091674306,1.197815348356376
240.14001166763896,1.1981996443318614
240.1700141678473,1.198583722920905
240.20001666805567,1.1989675837022489
240.23001916826402,1.1993512262548711
240.26002166847238,1.1997346501579909
240.29002416868073,1.2001178549910674
240.32002666888908,1.2005008403337984
240.3500291690974,1.200883605766124
240.38003166930577,1.2012661508682254
240.41003416951412,1.2016484752205252
240.44003666972247,1.202030578403687
240.47003916993083,1.2024124599986186
240.50004167013918,1.2027941195864709
240.53004417034754,1.203175556748636
240.5600466705559,1.203556771066753
240.59004917076422,1.2039377621227028
240.62005167097257,1.2043185294986127
240.65005417118093,1.2046990727768556
240.68005667138928,1.2050793915400495
240.71005917159763,1.2054594853710578
240.740061671806,1.2058393538529923
240.77006417201434,1.2062189965692116
240.80006667222267,1.2065984131033203
240.83006917243102,1.206977603039173
240.86007167263938,1.207356565960872
240.89007417284773,1.2077353014527694
240.9200766730561,1.208113809099465
240.95007917326444,1.2084920884858104
240.9800816734728,1.208870139196906
241.01008417368115,1.2092479608181037
241.04008667388948,1.2096255529350075
241.07008917409783,1.2100029151334724
241.10009167430619,1.2103800469996042
241.13009417451454,1.2107569481197638
241.1600966747229,1.2111336180805639
241.19009917493125,1.2115100564688703
241.2201016751396,1.2118862628718041
241.25010417534796,1.212262236876739
241.28010667555628,1.2126379780713055
241.31010917576464,1.2130134860433883
241.340111675973,1.213388760381129
241.37011417618135,1.2137638006729237
241.4001166763897,1.2141386065074262
241.43011917659805,1.2145131774735485
241.4601216768064,1.2148875131604577
241.49012417701476,1.215261613157582
241.5201266772231,1.215635477054604
241.55012917743144,1.216009104441471
241.5801316776398,1.216382494908384
241.61013417784815,1.2167556480458077
241.6401366780565,1.2171285634444646
241.67013917826486,1.2175012406953396
241.70014167847322,1.2178736793896792
241.73014417868154,1.2182458791189887
241.7601466788899,1.2186178394750389
241.79014917909825,1.2189895600498608
241.8201516793066,1.2193610404357507
241.85015417951496,1.219732280225265
241.8801566797233,1.2201032790112276
241.91015917993167,1.2204740363867237
241.94016168014002,1.220844551945105
241.97016418034835,1.2212148252799881
242.0001666805567,1.221584855985256
242.03016918076506,1.2219546436550557
242.0601716809734,1.2223241878838027
242.09017418118177,1.2226934882661795
242.12017668139012,1.2230625443971341
242.15017918159847,1.2234313558718852
242.18018168180683,1.223799922285917
242.21018418201515,1.2241682432349845
242.2401866822235,1.2245363183151112
242.27018918243186,1.2249041471225914
242.30019168264022,1.2252717292539865
242.33019418284857,1.2256390643061317
242.36019668305693,1.2260061518761325
242.39019918326528,1.2263729915613635
242.42020168347364,1.2267395829594747
242.45020418368196,1.2271059256683847
242.48020668389032,1.2274720192862891
242.51020918409867,1.227837863411653
242.54021168430702,1.2282034576432175
242.57021418451538,1.2285688015799956
242.60021668472373,1.228933894821277
242.6302191849321,1.2292987369666257
242.6602216851404,1.22966332761588
242.69022418534877,1.2300276663691554
242.72022668555712,1.230391752826843
242.75022918576548,1.2307555865896116
242.78023168597383,1.231119167258405
242.81023418618219,1.2314824944344476
242.84023668639054,1.2318455677192384
242.8702391865989,1.2322083867145575
242.90024168680722,1.2325709510224632
242.93024418701557,1.2329332602452934
242.96024668722393,1.2332953139856644
242.99024918743228,1.2336571118464739
243.02025168764064,1.2340186534309012
243.050254187849,1.2343799383424041
243.08025668805735,1.2347409661847244
243.1102591882657,1.2351017365618837
243.14026168847403,1.2354622490781877
243.17026418868238,1.2358225033382244
243.20026668889074,1.2361824989468657
243.2302691890991,1.236542235509265
243.26027168930744,1.236901712630862
243.2902741895158,1.237260929917381
243.32027668972415,1.237619886974829
243.35027918993248,1.2379785834095007
243.38028169014083,1.238337018827976
243.4102841903492,1.2386951928371217
243.44028669055754,1.2390531050440892
243.4702891907659,1.2394107550563196
243.50029169097425,1.2397681424815397
243.5302941911826,1.240125266927765
243.56029669139096,1.2404821280033005
243.59029919159929,1.2408387253167377
243.62030169180764,1.2411950584769593
243.650304192016,1.2415511270931372
243.68030669222435,1.2419069307747341
243.7103091924327,1.2422624691315014
243.74031169264106,1.242617741773484
243.7703141928494,1.2429727483110153
243.80031669305777,1.2433274883547234
243.8303191932661,1.243681961515527
243.86032169347445,1.244036167404639
243.8903241936828,1.244390105633563
243.92032669389116,1.2447437758140982
243.9503291940995,1.2450971775583382
243.98033169430786,1.2454503104786685
244.01033419451622,1.2458031741877722
244.04033669472457,1.2461557682986257
244.0703391949329,1.246508092424502
244.10034169514125,1.2468601461789706
244.1303441953496,1.247211929175897
244.16034669555796,1.2475634410294427
244.19034919576632,1.2479146813540687
244.22035169597467,1.2482656497645328
244.25035419618303,1.2486163458758899
244.28035669639135,1.2489667693034952
244.3103591965997,1.2493169196630023
244.34036169680806,1.2496667965703652
244.3703641970164,1.2500163996418356
244.40036669722477,1.2503657284939682
244.43036919743312,1.2507147827436162
244.46037169764148,1.2510635620079356
244.49037419784983,1.251412065904384
244.52037669805816,1.2517602940507189
244.5503791982665,1.2521082460650028
244.58038169847487,1.2524559215655997
244.61038419868322,1.2528033201711783
244.64038669889158,1.2531504415007084
244.67038919909993,1.2534972851734667
244.70039169930828,1.253843850809032
244.73039419951664,1.2541901380272897
244.76039669972496,1.2545361464484306
244.79039919993332,1.2548818756929507
244.82040170014167,1.2552273253816515
244.85040420035003,1.2555724951356426
244.88040670055838,1.2559173845763403
244.91040920076674,1.2562619933254668
244.9404117009751,1.2566063210050549
244.97041420118342,1.256950367237442
245.00041670139177,1.2572941316452788
245.03041920160013,1.2576376138515208
245.06042170180848,1.2579808134794364
245.09042420201683,1.2583237301526005
245.1204267022252,1.2586663634949016
245.15042920243354,1.2590087131305379
245.1804317026419,1.259350778684017
245.21043420285022,1.2596925597801605
245.24043670305858,1.260034056044101
245.27043920326693,1.260375267101284
245.3004417034753,1.2607161925774661
245.33044420368364,1.2610568320987199
245.360446703892,1.261397185291429
245.39044920410035,1.2617372517822922
245.4204517043087,1.2620770311983238
245.45045420451703,1.2624165231668507
245.48045670472538,1.2627557273155168
245.51045920493374,1.263094643272281
245.5404617051421,1.2634332706654192
245.57046420535045,1.2637716091235218
245.6004667055588,1.264109658275498
245.63046920576716,1.2644474177505742
245.6604717059755,1.264784887178293
245.69047420618384,1.2651220661885163
245.7204767063922,1.2654589544114252
245.75047920660055,1.2657955514775177
245.7804817068089,1.2661318570176128
245.81048420701725,1.2664678706628494
245.8404867072256,1.266803592044685
245.87048920743396,1.2671390207948985
245.9004917076423,1.2674741565455907
245.93049420785064,1.2678089989291825
245.960496708059,1.2681435475784166
245.99049920826735,1.2684778021263587
246.0205017084757,1.268811762206397
246.05050420868406,1.269145427452241
246.08050670889241,1.2694787974979262
246.11050920910077,1.2698118719778093
246.1405117093091,1.2701446505265732
246.17051420951745,1.2704771327792241
246.2005167097258,1.270809318371095
246.23051920993416,1.271141206937841
246.2605217101425,1.271472798115446
246.29052421035087,1.2718040915402193
246.32052671055922,1.2721350868487957
246.35052921076758,1.2724657836781383
246.3805317109759,1.272796181665536
246.41053421118426,1.2731262804486085
246.4405367113926,1.2734560796652998
246.47053921160096,1.2737855789538857
246.50054171180932,1.2741147779529682
246.53054421201767,1.274443676301481
246.56054671222603,1.274772273638687
246.59054921243438,1.2751005696041777
246.6205517126427,1.2754285638378766
246.65055421285106,1.2757562559800384
246.68055671305942,1.2760836456712488
246.71055921326777,1.276410732552424
246.74056171347613,1.2767375162648147
246.77056421368448,1.277063996450001
246.80056671389283,1.2773901727498989
246.83056921410116,1.277716044806756
246.86057171430951,1.2780416122631548
246.89057421451787,1.2783668747620103
246.92057671472622,1.2786918319465728
246.95057921493458,1.2790164834604285
246.98058171514293,1.2793408289474968
247.0105842153513,1.2796648680520346
247.04058671555964,1.2799886004186334
247.07058921576797,1.2803120256922218
247.10059171597632,1.2806351435180656
247.13059421618468,1.280957953541768
247.16059671639303,1.2812804554092676
247.19059921660138,1.281602648766844
247.22060171680974,1.2819245332611136
247.2506042170181,1.2822461085390309
247.28060671722645,1.2825673742478916
247.31060921743477,1.2828883300353278
247.34061171764313,1.2832089755493161
247.37061421785148,1.2835293104381689
247.40061671805984,1.2838493343505422
247.4306192182682,1.284169046935431
247.46062171847655,1.2844884478421732
247.4906242186849,1.2848075367204488
247.52062671889323,1.2851263132202786
247.55062921910158,1.285444776992027
247.58063171930993,1.2857629276864013
247.6106342195183,1.2860807649544528
247.64063671972664,1.2863982884475744
247.670639219935,1.2867154978175062
247.70064172014335,1.2870323927163296
247.7306442203517,1.2873489727964738
247.76064672056003,1.2876652377107114
247.7906492207684,1.2879811871121623
247.82065172097674,1.2882968206542902
247.8506542211851,1.288612137990907
247.88065672139345,1.2889271387761716
247.9106592216018,1.2892418226645885
247.94066172181016,1.2895561893110117
247.9706642220185,1.2898702383706409
248.00066672222684,1.2901839694990263
248.0306692224352,1.2904973823520653
248.06067172264355,1.2908104765860062
248.0906742228519,1.291123251857444
248.12067672306026,1.2914357078233258
248.1506792232686,1.2917478441409487
248.18068172347697,1.292059660467959
248.21068422368532,1.292371156462356
248.24068672389365,1.2926823317824871
248.270689224102,1.292993186087056
248.30069172431035,1.2933037190351144
248.3306942245187,1.2936139302860694
248.36069672472706,1.2939238194996783
248.39069922493542,1.2942333863360531
248.42070172514377,1.2945426304556604
248.4507042253521,1.2948515515193182
248.48070672556045,1.2951601491882008
248.5107092257688,1.2954684231238367
248.54071172597716,1.2957763729881095
248.57071422618552,1.2960839984432577
248.60071672639387,1.2963912991518765
248.63071922660222,1.2966982747769162
248.66072172681058,1.2970049249816846
248.6907242270189,1.2973112494298462
248.72072672722726,1.297617247785423
248.7507292274356,1.2979229197127935
248.78073172764397,1.2982282648766956
248.81073422785232,1.2985332829422256
248.84073672806068,1.2988379735748368
248.87073922826903,1.299142336440344
248.90074172847739,1.2994463712049196
248.9307442286857,1.2997500775350967
248.96074672889407,1.300053455097769
248.99074922910242,1.3003565035601905
249.02075172931077,1.3006592225899751
249.05075422951913,1.3009616118550995
249.08075672972748,1.301263671023902
249.11075922993584,1.3015653997650816
249.14076173014416,1.3018667977477008
249.17076423035252,1.3021678646411847
249.20076673056087,1.3024686001153223
249.23076923076923,1.3027690038402642
249.26077173097758,1.3030690754865266
249.29077423118594,1.3033688147249887
249.3207767313943,1.3036682212268953
249.35077923160264,1.3039672946638563
249.38078173181097,1.3042660347078452
249.41078423201932,1.3045644410312027
249.44078673222768,1.3048625133066354
249.47078923243603,1.3051602512072162
249.5007917326444,1.305457654406384
249.53079423285274,1.305754722577946
249.5607967330611,1.3060514553960754
249.59079923326945,1.3063478525353145
249.62080173347778,1.3066439136705732
249.65080423368613,1.3069396384771308
249.68080673389449,1.3072350266306336
249.71080923410284,1.3075300778070984
249.7408117343112,1.3078247916829127
249.77081423451955,1.3081191679348312
249.8008167347279,1.3084132062399818
249.83081923493626,1.3087069062758603
249.86082173514458,1.3090002677203356
249.89082423535294,1.3092932902516474
249.9208267355613,1.3095859735484072
249.95082923576965,1.3098783172895978
249.980831735978,1.3101703211545752
250.01083423618635,1.3104619848230685
250.0408367363947,1.3107533079751785
250.07083923660304,1.311044290291381
250.1008417368114,1.3113349314525247
250.13084423701974,1.3116252311398335
250.1608467372281,1.3119151890349043
250.19084923743645,1.3122048048197104
250.2208517376448,1.3124940781765988
250.25085423785316,1.3127830087882935
250.28085673806152,1.313071596337894
250.31085923826984,1.3133598405088756
250.3408617384782,1.3136477409850902
250.37086423868655,1.3139352974507674
250.4008667388949,1.3142225095905145
250.43086923910326,1.3145093770893141
250.4608717393116,1.31479589963253
250.49087423951997,1.315082076905901
250.52087673972832,1.3153679085955474
250.55087923993665,1.3156533943879674
250.580881740145,1.3159385339700387
250.61088424035336,1.3162233270290182
250.6408867405617,1.3165077732525434
250.67088924077007,1.3167918723286332
250.70089174097842,1.3170756239456844
250.73089424118677,1.3173590277924785
250.76089674139513,1.3176420835581752
250.79089924160346,1.317924790932318
250.8209017418118,1.3182071496048318
250.85090424202016,1.3184891592660246
250.88090674222852,1.318770819606586
250.91090924243687,1.3190521303175895
250.94091174264523,1.3193330910904928
250.97091424285358,1.3196137016171354
251.0009167430619,1.3198939615897427
251.03091924327026,1.320173870700924
251.06092174347862,1.3204534286436742
251.09092424368697,1.3207326351113715
251.12092674389532,1.3210114897977818
251.15092924410368,1.3212899923970545
251.18093174431203,1.3215681426037273
251.2109342445204,1.3218459401127238
251.2409367447287,1.3221233846193534
251.27093924493707,1.3224004758193137
251.30094174514542,1.32267721340869
251.33094424535378,1.322953597083955
251.36094674556213,1.323229626541969
251.39094924577049,1.3235053014799816
251.42095174597884,1.3237806215956318
251.4509542461872,1.3240555865869457
251.48095674639552,1.324330196152341
251.51095924660387,1.3246044499906249
251.54096174681223,1.3248783478009933
251.57096424702058,1.3251518892830338
251.60096674722894,1.3254250741367255
251.6309692474373,1.3256979020624367
251.66097174764565,1.3259703727609287
251.69097424785397,1.3262424859333541
251.72097674806233,1.3265142412812585
251.75097924827068,1.3267856385065777
251.78098174847904,1.3270566773116426
251.8109842486874,1.3273273573991766
251.84098674889574,1.3275976784722956
251.8709892491041,1.3278676402345109
251.90099174931245,1.328137242389726
251.93099424952078,1.3284064846422403
251.96099674972913,1.3286753666967472
251.9909992499375,1.3289438882583362
252.02100175014584,1.3292120490324901
252.0510042503542,1.3294798487250898
252.08100675056255,1.329747287042411
252.1110092507709,1.3300143636911252
252.14101175097926,1.3302810783783023
252.1710142511876,1.330547430811407
252.20101675139594,1.3308134206983038
252.2310192516043,1.3310790477472523
252.26102175181265,1.3313443116669126
252.291024252021,1.3316092121663408
252.32102675222936,1.3318737489549926
252.3510292524377,1.3321379217427236
252.38103175264607,1.3324017302397866
252.4110342528544,1.3326651741568354
252.44103675306275,1.3329282532049234
252.4710392532711,1.3331909670955044
252.50104175347946,1.3334533155404316
252.5310442536878,1.3337152982519604
252.56104675389616,1.3339769149427463
252.59104925410452,1.3342381653258468
252.62105175431284,1.3344990491147213
252.6510542545212,1.3347595660232314
252.68105675472955,1.3350197157656398
252.7110592549379,1.3352794980566134
252.74106175514626,1.335538912611222
252.77106425535462,1.3357979591449374
252.80106675556297,1.3360566373736367
252.83106925577133,1.3363149470135998
252.86107175597965,1.3365728877815113
252.891074256188,1.3368304593944602
252.92107675639636,1.3370876615699416
252.95107925660471,1.3373444940258536
252.98108175681307,1.3376009564805014
253.01108425702142,1.3378570486525958
253.04108675722978,1.3381127702612532
253.07108925743813,1.3383681210259972
253.10109175764646,1.3386231006667564
253.1310942578548,1.3388777089038697
253.16109675806317,1.33913194545808
253.19109925827152,1.33938581005054
253.22110175847988,1.339639302402809
253.25110425868823,1.3398924222368556
253.28110675889658,1.340145169275057
253.3111092591049,1.340397543240198
253.34111175931326,1.340649543855474
253.37111425952162,1.3409011708444893
253.40111675972997,1.3411524239312582
253.43111925993833,1.3414033028402046
253.46112176014668,1.3416538072961637
253.49112426035504,1.3419039370243802
253.5211267605634,1.3421536917505108
253.55112926077172,1.342403071200623
253.58113176098007,1.3426520751011968
253.61113426118843,1.3429007031791222
253.64113676139678,1.3431489551617033
253.67113926160513,1.3433968307766562
253.7011417618135,1.3436443297521088
253.73114426202184,1.3438914518166039
253.7611467622302,1.3441381966990955
253.79114926243852,1.3443845641289531
253.82115176264688,1.3446305538359598
253.85115426285523,1.3448761655503125
253.8811567630636,1.345121399002623
253.91115926327194,1.3453662539239177
253.9411617634803,1.345610730045639
253.97116426368865,1.3458548270996433
254.001166763897,1.3460985448182048
254.03116926410533,1.3463418829340106
254.06117176431368,1.3465848411801686
254.09117426452204,1.3468274192901992
254.1211767647304,1.3470696169980423
254.15117926493875,1.3473114340380532
254.1811817651471,1.3475528701450066
254.21118426535546,1.3477939250540938
254.24118676556378,1.348034598500924
254.27118926577214,1.3482748902215258
254.3011917659805,1.3485147999523457
254.33119426618885,1.3487543274302498
254.3611967663972,1.3489934723925225
254.39119926660555,1.3492322345768688
254.4212017668139,1.3494706137214125
254.45120426702226,1.3497086095646984
254.4812067672306,1.3499462218456915
254.51120926743894,1.3501834503037775
254.5412117676473,1.3504202946787622
254.57121426785565,1.350656754710874
254.601216768064,1.3508928301407626
254.63121926827236,1.351128520709498
254.66122176848071,1.351363826158575
254.69122426868907,1.351598746229908
254.7212267688974,1.351833280665836
254.75122926910575,1.3520674292091202
254.7812317693141,1.3523011916029457
254.81123426952246,1.35253456759092
254.8412367697308,1.3527675569170752
254.87123926993917,1.3530001593258678
254.90124177014752,1.3532323745621777
254.93124427035585,1.3534642023713102
254.9612467705642,1.3536956424989952
254.99124927077256,1.3539266946913884
255.0212517709809,1.3541573586950695
255.05125427118926,1.354387634257046
255.08125677139762,1.3546175211247498
255.11125927160597,1.3548470190460398
255.14126177181433,1.355076127769202
255.17126427202265,1.355304847042948
255.201266772231,1.3555331766164174
255.23126927243936,1.3557611162391772
255.26127177264772,1.3559886656612226
255.29127427285607,1.356215824632975
255.32127677306443,1.3564425929052863
255.35127927327278,1.356668970229435
255.38128177348113,1.3568949563571295
255.41128427368946,1.357120551040507
255.44128677389782,1.3573457540321345
255.47128927410617,1.3575705650850074
255.50129177431452,1.357794983952552
255.53129427452288,1.358019010388625
255.56129677473123,1.358242644147512
255.5912992749396,1.3584658849839313
255.62130177514794,1.3586887326530301
255.65130427535627,1.3589111869103887
255.68130677556462,1.3591332475120177
255.71130927577298,1.3593549142143602
255.74131177598133,1.3595761867742904
255.77131427618968,1.3597970649491156
255.80131677639804,1.3600175484965757
255.8313192766064,1.3602376371748428
255.86132177681472,1.3604573307425225
255.89132427702307,1.3606766289586538
255.92132677723143,1.3608955315827096
255.95132927743978,1.3611140383745954
255.98133177764814,1.3613321490946528
256.01133427785646,1.3615498635036554
256.0413367780648,1.3617671813628147
256.0713392782732,1.361984102433774
256.1013417784815,1.3622006264786135
256.1313442786899,1.3624167532598483
256.16134677889823,1.3626324825404292
256.1913492791066,1.3628478140837441
256.22135177931494,1.363062747653615
256.2513542795233,1.3632772830143025
256.28135677973165,1.3634914199305024
256.31135927994,1.3637051581673485
256.34136178014836,1.3639184974904117
256.3713642803567,1.3641314376656999
256.40136678056507,1.3643439784596592
256.4313692807734,1.3645561196391742
256.4613717809817,1.3647678609715665
256.4913742811901,1.364979202224598
256.52137678139843,1.3651901431664677
256.5513792816068,1.3654006835658148
256.58138178181514,1.3656108231917177
256.6113842820235,1.3658205618136936
256.64138678223185,1.3660298992017004
256.6713892824402,1.3662388351261352
256.70139178264856,1.3664473693578365
256.7313942828569,1.366655501668083
256.76139678306527,1.3668632318285932
256.7913992832736,1.3670705596115282
256.821401783482,1.36727748478949
256.85140428369033,1.367484007135521
256.8814067838987,1.3676901264231074
256.911409284107,1.3678958424261753
256.94141178431533,1.3681011549190953
256.9714142845237,1.3683060636766795
257.00141678473204,1.3685105684741825
257.0314192849404,1.3687146690873027
257.06142178514875,1.3689183652921806
257.0914242853571,1.3691216568654017
257.12142678556546,1.369324543583995
257.1514292857738,1.3695270252254326
257.18143178598217,1.369729101567632
257.2114342861905,1.3699307723889547
257.2414367863989,1.3701320374682069
257.27143928660723,1.3703328965846402
257.3014417868156,1.370533349517951
257.33144428702394,1.3707333960482813
257.3614467872323,1.3709330359562197
257.3914492874406,1.371132269022799
257.42145178764895,1.3713310950295003
257.4514542878573,1.3715295137582495
257.48145678806566,1.37172752499142
257.511459288274,1.3719251285118328
257.54146178848237,1.372122324102754
257.5714642886907,1.372319111547899
257.6014667888991,1.3725154906314307
257.63146928910743,1.3727114611379587
257.6614717893158,1.3729070228525422
257.69147428952414,1.3731021755606876
257.7214767897325,1.3732969190483502
257.75147928994085,1.3734912531019348
257.7814817901492,1.3736851775082943
257.81148429035755,1.3738786920547317
257.84148679056585,1.3740717965289986
257.8714892907742,1.3742644907192976
257.90149179098256,1.374456774414281
257.9314942911909,1.37464864740305
257.96149679139927,1.374840109475158
257.9914992916076,1.3750311604206082
258.021501791816,1.3752218000298546
258.05150429202433,1.3754120280938034
258.0815067922327,1.3756018444038103
258.11150929244104,1.3757912487516846
258.1415117926494,1.3759802409296864
258.17151429285775,1.3761688207305278
258.2015167930661,1.376356987947374
258.23151929327446,1.3765447423738415
258.2615217934828,1.3767320838040005
258.2915242936911,1.376919012032374
258.32152679389947,1.377105526853938
258.3515292941078,1.3772916280641223
258.3815317943162,1.3774773154588102
258.41153429452453,1.3776625888343381
258.4415367947329,1.3778474479874978
258.47153929494124,1.3780318927155342
258.5015417951496,1.3782159228161477
258.53154429535795,1.3783995380874932
258.5615467955663,1.3785827383281801
258.59154929577466,1.3787655233372738
258.621551795983,1.3789478929142942
258.65155429619136,1.3791298468592177
258.6815567963997,1.3793113849724765
258.7115592966081,1.379492507054958
258.7415617968164,1.3796732129080072
258.7715642970247,1.3798535023334237
258.8015667972331,1.3800333751334666
258.83156929744143,1.38021283111085
258.8615717976498,1.380391870068745
258.89157429785814,1.3805704918107813
258.9215767980665,1.3807486961410456
258.95157929827485,1.380926482864082
258.9815817984832,1.3811038517848935
259.01158429869156,1.3812808027089405
259.0415867988999,1.3814573354421424
259.07158929910827,1.3816334497908778
259.1015917993166,1.3818091455619823
259.131594299525,1.3819844225627531
259.16159679973333,1.3821592806009444
259.1915992999417,1.3823337194847714
259.22160180015,1.3825077390229086
259.25160430035834,1.3826813390244903
259.2816068005667,1.3828545192991113
259.31160930077505,1.3830272796568268
259.3416118009834,1.3831996199081515
259.37161430119176,1.3833715398640625
259.4016168014001,1.3835430393359962
259.43161930160846,1.3837141181358519
259.4616218018168,1.3838847760759891
259.4916243020252,1.384055012969229
259.5216268022335,1.3842248286288554
259.5516293024419,1.3843942228686128
259.58163180265024,1.3845631955027093
259.6116343028586,1.384731746345815
259.64163680306694,1.3848998752130617
259.6716393032753,1.3850675819200453
259.7016418034836,1.3852348662828236
259.73164430369195,1.3854017281179187
259.7616468039003,1.385568167242316
259.79164930410866,1.3857341834734633
259.821651804317,1.3858997766292733
259.85165430452537,1.3860649465281234
259.8816568047337,1.3862296929888531
259.9116593049421,1.3863940158307686
259.94166180515043,1.386557914873639
259.9716643053588,1.3867213899376993
260.00166680556714,1.3868844408436494
260.0316693057755,1.3870470674126536
260.06167180598385,1.3872092694663427
260.0916743061922,1.3873710468268123
260.12167680640056,1.3875323993166242
260.15167930660886,1.387693326758806
260.1816818068172,1.3878538289768518
260.21168430702556,1.3880139057947218
260.2416868072339,1.3881735570368434
260.2716893074423,1.3883327825281095
260.3016918076506,1.3884915820938812
260.331694307859,1.3886499555599858
260.36169680806734,1.3888079027527187
260.3916993082757,1.388965423498843
260.42170180848404,1.3891225176255884
260.4517043086924,1.3892791849606536
260.48170680890075,1.3894354253322048
260.5117093091091,1.389591238568877
260.54171180931746,1.389746624499773
260.5717143095258,1.389901582954465
260.60171680973417,1.3900561137629937
260.63171930994247,1.3902102167558683
260.6617218101508,1.3903638917640686
260.6917243103592,1.3905171386190431
260.72172681056753,1.390669957152709
260.7517293107759,1.3908223471974548
260.78173181098424,1.3909743085861381
260.8117343111926,1.3911258411520866
260.84173681140095,1.391276944729099
260.8717393116093,1.3914276191514434
260.90174181181766,1.3915778642538599
260.931744312026,1.3917276798715585
260.96174681223437,1.3918770658402209
260.9917493124427,1.3920260219959997
261.0217518126511,1.3921745481755188
261.05175431285943,1.3923226442158738
261.0817568130677,1.3924703099546325
261.1117593132761,1.3926175452298342
261.14176181348444,1.3927643498799902
261.1717643136928,1.392910723744085
261.20176681390114,1.3930566666615742
261.2317693141095,1.3932021784723876
261.26177181431785,1.3933472590169262
261.2917743145262,1.3934919081360655
261.32177681473456,1.3936361256711534
261.3517793149429,1.3937799114640113
261.38178181515127,1.3939232653569342
261.4117843153596,1.3940661871926905
261.441786815568,1.394208676814523
261.47178931577633,1.3943507340661485
261.5017918159847,1.3944923587917575
261.53179431619304,1.3946335508360155
261.56179681640134,1.394774310044062
261.5917993166097,1.3949146362615117
261.62180181681805,1.3950545293344545
261.6518043170264,1.395193989109454
261.68180681723476,1.3953330154335508
261.7118093174431,1.3954716081542595
261.74181181765147,1.3956097671195713
261.7718143178598,1.3957474921779525
261.8018168180682,1.3958847831783454
261.83181931827653,1.3960216399701684
261.8618218184849,1.3961580624033167
261.89182431869324,1.396294050328161
261.9218268189016,1.396429603595549
261.95182931910995,1.3965647220568058
261.9818318193183,1.3966994055637318
262.0118343195266,1.3968336539686061
262.04183681973495,1.3969674671241838
262.0718393199433,1.3971008448836983
262.10184182015166,1.3972337871008604
262.13184432036,1.3973662936298576
262.16184682056837,1.3974983643253567
262.1918493207767,1.3976299990425014
262.2218518209851,1.397761197636914
262.25185432119343,1.3978919599646957
262.2818568214018,1.3980222858824254
262.31185932161014,1.3981521752471604
262.3418618218185,1.3982816279164383
262.37186432202685,1.398410643748274
262.4018668222352,1.3985392226011626
262.43186932244356,1.398667364334078
262.46187182265186,1.3987950688064732
262.4918743228602,1.398922335878282
262.52187682306857,1.3990491654099169
262.5518793232769,1.3991755572622706
262.5818818234853,1.3993015112967155
262.61188432369363,1.399427027375105
262.641886823902,1.3995521053597724
262.67188932411034,1.3996767451135312
262.7018918243187,1.399800946499676
262.73189432452705,1.3999247093819818
262.7618968247354,1.4000480336247052
262.79189932494376,1.4001709190925833
262.8219018251521,1.4002933656508343
262.85190432536047,1.4004153731651587
262.8819068255688,1.4005369415017381
262.9119093257772,1.4006580705272351
262.94191182598547,1.4007787601087949
262.9719143261938,1.4008990101140448
263.0019168264022,1.4010188204110938
263.03191932661053,1.4011381908685334
263.0619218268189,1.4012571213554372
263.09192432702724,1.4013756117413618
263.1219268272356,1.4014936618963463
263.15192932744395,1.4016112716909124
263.1819318276523,1.4017284409960655
263.21193432786066,1.4018451696832934
263.241936828069,1.4019614576245671
263.27193932827737,1.4020773046923423
263.3019418284857,1.4021927107595562
263.3319443286941,1.4023076756996318
263.36194682890243,1.402422199386474
263.39194932911073,1.402536281694473
263.4219518293191,1.4026499224985032
263.45195432952744,1.402763121673922
263.4819568297358,1.4028758790965723
263.51195932994415,1.4029881946427816
263.5419618301525,1.4031000681893604
263.57196433036086,1.4032114996136065
263.6019668305692,1.4033224887933002
263.63196933077757,1.4034330356067086
263.6619718309859,1.4035431399325835
263.6919743311943,1.4036528016501615
263.7219768314026,1.403762020639165
263.751979331611,1.403870796779802
263.78198183181934,1.4039791299527669
263.8119843320277,1.4040870200392386
263.84198683223605,1.4041944669208828
263.87198933244434,1.4043014704798509
263.9019918326527,1.4044080305987818
263.93199433286105,1.404514147160799
263.9619968330694,1.4046198200495132
263.99199933327776,1.4047250491490222
264.0220018334861,1.4048298343439098
264.05200433369447,1.4049341755192477
264.0820068339028,1.405038072560593
264.1120093341112,1.4051415253539916
264.14201183431953,1.4052445337859756
264.1720143345279,1.4053470977435647
264.20201683473624,1.4054492171142665
264.2320193349446,1.4055508917860757
264.26202183515295,1.405652121647475
264.2920243353613,1.405752906587435
264.3220268355696,1.4058532464954139
264.35202933577796,1.405953141261359
264.3820318359863,1.4060525907757049
264.41203433619467,1.4061515949293746
264.442036836403,1.40625015361378
264.4720393366114,1.4063482667208214
264.5020418368197,1.4064459341428879
264.5320443370281,1.406543155772857
264.56204683723644,1.4066399315040958
264.5920493374448,1.4067362612304601
264.62205183765315,1.406832144846295
264.6520543378615,1.4069275822464347
264.68205683806985,1.407022573326203
264.7120593382782,1.407117117981413
264.74206183848656,1.407211216108368
264.7720643386949,1.4073048676038602
264.8020668389032,1.4073980723651724
264.83206933911157,1.4074908302900773
264.8620718393199,1.4075831412768371
264.8920743395283,1.407675005224205
264.92207683973663,1.4077664220314239
264.952079339945,1.4078573915982273
264.98208184015334,1.4079479138248394
265.0120843403617,1.408037988611975
265.04208684057005,1.4081276158608393
265.0720893407784,1.408216795473129
265.10209184098676,1.4083055273510312
265.1320943411951,1.4083938113972243
265.16209684140347,1.4084816475148778
265.1920993416118,1.4085690356076532
265.2221018418202,1.408655975579702
265.2521043420285,1.4087424673356677
265.28210684223683,1.4088285107806868
265.3121093424452,1.4089141058203858
265.34211184265354,1.4089992523608834
265.3721143428619,1.4090839503087909
265.40211684307025,1.4091681995712106
265.4321193432786,1.4092520000557378
265.46212184348695,1.4093353516704596
265.4921243436953,1.4094182543239553
265.52212684390366,1.4095007079252972
265.552129344112,1.4095827123840494
265.5821318443204,1.4096642676102693
265.6121343445287,1.4097453735145065
265.6421368447371,1.4098260300078034
265.67213934494544,1.409906237001696
265.7021418451538,1.409985994408212
265.7321443453621,1.410065302139874
265.76214684557044,1.4101441601096965
265.7921493457788,1.4102225682311875
265.82215184598715,1.4103005264183488
265.8521543461955,1.4103780345856751
265.88215684640386,1.4104550926481552
265.9121593466122,1.4105317005212716
265.94216184682057,1.4106078581210002
265.9721643470289,1.4106835653638108
266.0021668472373,1.4107588221666674
266.03216934744563,1.410833628447028
266.062171847654,1.4109079841228447
266.09217434786234,1.4109818891125636
266.1221768480707,1.4110553433351254
266.15217934827905,1.4111283467099651
266.18218184848735,1.411200899157012
266.2121843486957,1.411273000596691
266.24218684890405,1.4113446509499197
266.2721893491124,1.4114158501381124
266.30219184932076,1.4114865980831772
266.3321943495291,1.4115568947075174
266.3621968497375,1.4116267399340314
266.3921993499458,1.4116961336861122
266.4222018501542,1.4117650758876488
266.45220435036254,1.4118335664630246
266.4822068505709,1.4119016053371192
266.51220935077924,1.4119691924353068
266.5422118509876,1.412036327683458
266.57221435119595,1.4121030110079378
266.6022168514043,1.4121692423356083
266.6322193516126,1.412235021593826
266.66222185182096,1.4123003487104442
266.6922243520293,1.4123652236138118
266.72222685223767,1.4124296462327735
266.752229352446,1.4124936164966704
266.7822318526544,1.4125571343353394
266.81223435286273,1.4126201996791137
266.8422368530711,1.412682812458823
266.87223935327944,1.4127449726057935
266.9022418534878,1.4128066800518473
266.93224435369615,1.4128679347293034
266.9622468539045,1.4129287365709775
266.99224935411286,1.4129890855101817
267.0222518543212,1.4130489814807248
267.05225435452957,1.4131084244169128
267.0822568547379,1.4131674142535482
267.1122593549462,1.4132259509259308
267.1422618551546,1.4132840343698572
267.1722643553629,1.4133416645216212
267.2022668555713,1.4133988413180136
267.23226935577964,1.413455564696323
267.262271855988,1.413511834594334
267.29227435619634,1.4135676509503305
267.3222768564047,1.413623013703092
267.35227935661305,1.413677922791897
267.3822818568214,1.4137323781565205
267.41228435702976,1.4137863797372356
267.4422868572381,1.4138399274748132
267.47228935744647,1.4138930213105216
267.5022918576548,1.4139456611861276
267.5322943578632,1.4139978470438952
267.5622968580715,1.4140495788265868
267.59229935827983,1.4141008564774626
267.6223018584882,1.4141516799402811
267.65230435869654,1.4142020491592988
267.6823068589049,1.4142519640792703
267.71230935911325,1.414301424645449
267.7423118593216,1.4143504308035861
267.77231435952996,1.4143989824999315
267.8023168597383,1.4144470796812332
267.83231935994667,1.414494722294738
267.862321860155,1.4145419102881913
267.8923243603634,1.414588643609837
267.92232686057173,1.4146349222084178
267.9523293607801,1.4146807460331752
267.98233186098844,1.414726115033849
268.0123343611968,1.4147710291606788
268.0423368614051,1.414815488364402
268.07233936161344,1.4148594925962559
268.1023418618218,1.4149030418079762
268.13234436203015,1.4149461359517979
268.1623468622385,1.414988774980455
268.19234936244686,1.4150309588471812
268.2223518626552,1.4150726875057087
268.25235436286357,1.4151139609102692
268.2823568630719,1.415154779015594
268.3123593632803,1.4151951417769135
268.34236186348863,1.4152350491499577
268.372364363697,1.415274501090956
268.40236686390534,1.4153134975566368
268.4323693641137,1.4153520385042293
268.46237186432205,1.415390123891461
268.49237436453035,1.41542775367656
268.5223768647387,1.4154649278182536
268.55237936494706,1.4155016462757692
268.5823818651554,1.4155379090088336
268.61238436536377,1.4155737159776733
268.6423868655721,1.415609067143016
268.6723893657805,1.4156439624660873
268.70239186598883,1.4156784019086144
268.7323943661972,1.4157123854328235
268.76239686640554,1.415745913001442
268.7923993666139,1.4157789845776962
268.82240186682225,1.4158116001253127
268.8524043670306,1.4158437596085194
268.88240686723896,1.4158754629920431
268.9124093674473,1.4159067102411114
268.94241186765566,1.4159375013214521
268.97241436786396,1.4159678361992933
269.0024168680723,1.4159977148413638
269.03241936828067,1.4160271372148927
269.062421868489,1.416056103287609
269.0924243686974,1.4160846130277427
269.12242686890573,1.416112666404024
269.1524293691141,1.416140263385684
269.18243186932244,1.4161674039424543
269.2124343695308,1.4161940880445667
269.24243686973915,1.4162203156627542
269.2724393699475,1.4162460867682498
269.30244187015586,1.416271401332788
269.3324443703642,1.4162962593286035
269.36244687057257,1.4163206607284318
269.3924493707809,1.4163446055055098
269.4224518709892,1.416368093633574
269.4524543711976,1.416391125086863
269.48245687140593,1.416413699840116
269.5124593716143,1.416435817868572
269.54246187182264,1.4164574791479727
269.572464372031,1.4164786836545595
269.60246687223935,1.4164994313650754
269.6324693724477,1.4165197222567638
269.66247187265606,1.41653955630737
269.6924743728644,1.4165589334951396
269.72247687307276,1.4165778537988198
269.7524793732811,1.4165963171976585
269.7824818734895,1.416614323671405
269.8124843736978,1.4166318732003098
269.8424868739062,1.4166489657651244
269.8724893741145,1.4166656013471015
269.90249187432283,1.4166817799279954
269.9324943745312,1.4166975014900611
269.96249687473954,1.4167127660160552
269.9924993749479,1.4167275734892355
270.02250187515625,1.416741923893361
270.0525043753646,1.4167558172126922
270.08250687557296,1.4167692534319904
270.1125093757813,1.4167822325365194
270.14251187598967,1.4167947545120432
270.172514376198,1.4168068193448278
270.2025168764064,1.4168184270216404
270.23251937661473,1.4168295775297493
270.2625218768231,1.416840270856925
270.29252437703144,1.416850506991439
270.3225268772398,1.416860285922064
270.3525293774481,1.4168696076380745
270.38253187765645,1.4168784721292464
270.4125343778648,1.4168868793858571
270.44253687807316,1.4168948293986854
270.4725393782815,1.4169023221590118
270.50254187848986,1.4169093576586183
270.5325443786982,1.416915935889788
270.5625468789066,1.4169220568453063
270.5925493791149,1.4169277205184592
270.6225518793233,1.4169329269030349
270.65255437953164,1.4169376759933232
270.68255687974,1.4169419677841153
270.71255937994835,1.4169458022707038
270.7425618801567,1.4169491794488829
270.77256438036505,1.4169520993149485
270.80256688057335,1.4169545618656985
270.8325693807817,1.4169565670984314
270.86257188099006,1.4169581150109483
270.8925743811984,1.4169592056015512
270.92257688140677,1.4169598388690439
270.9525793816151,1.416960014812732
270.9825818818235,1.4169597334324224
271.01258438203183,1.4169589947284238
271.0425868822402,1.4169577987015463
271.07258938244854,1.4169561453531019
271.1025918826569,1.4169540346849037
271.13259438286525,1.4169514666992669
271.1625968830736,1.416948441399008
271.19259938328196,1.4169449587874454
271.2226018834903,1.4169410188683986
271.25260438369867,1.416936621646189
271.28260688390696,1.4169317671256394
271.3126093841153,1.4169264553120746
271.3426118843237,1.4169206862113202
271.372614384532,1.4169144598297039
271.4026168847404,1.416907776174055
271.43261938494874,1.416900635251704
271.4626218851571,1.416893037070483
271.49262438536545,1.4168849816387261
271.5226268855738,1.4168764689652682
271.55262938578215,1.4168674990594463
271.5826318859905,1.4168580719310984
271.61263438619886,1.4168481875905643
271.6426368864072,1.4168378460486855
271.6726393866156,1.4168270473168043
271.7026418868239,1.4168157914067647
271.7326443870322,1.4168040783309126
271.7626468872406,1.4167919081020948
271.79264938744893,1.4167792807336597
271.8226518876573,1.416766196239457
271.85265438786564,1.4167526546338378
271.882656888074,1.4167386559316548
271.91265938828235,1.4167242001482618
271.9426618884907,1.416709287299514
271.97266438869906,1.4166939174017676
272.0026668889074,1.4166780904718808
272.03266938911577,1.4166618065272125
272.0626718893241,1.4166450655856229
272.0926743895325,1.4166278676654736
272.12267688974083,1.4166102127856275
272.1526793899492,1.4165921009654485
272.18268189015754,1.4165735322248016
272.21268439036584,1.4165545065840535
272.2426868905742,1.416535024064071
272.27268939078255,1.4165150846862233
272.3026918909909,1.4164946884723797
272.33269439119925,1.4164738354449107
272.3626968914076,1.416452525626688
272.39269939161596,1.416430759041085
272.4227018918243,1.4164085357119744
272.4527043920327,1.4163858556637319
272.482706892241,1.4163627189212322
272.5127093924494,1.4163391255098525
272.54271189265774,1.4163150754554699
272.5727143928661,1.4162905687844622
272.60271689307444,1.416265605523709
272.6327193932828,1.4162401857005904
272.6627218934911,1.4162143093429862
272.69272439369945,1.4161879764792782
272.7227268939078,1.4161611871383486
272.75272939411616,1.4161339413495795
272.7827318943245,1.4161062391428547
272.81273439453287,1.416078080548558
272.8427368947412,1.416049465597574
272.8727393949496,1.4160203943212875
272.90274189515793,1.4159908667515841
272.9327443953663,1.4159608829208499
272.96274689557464,1.4159304428619714
272.992749395783,1.4158995466083355
273.02275189599135,1.415868194193829
273.0527543961997,1.4158363856528395
273.08275689640806,1.4158041210202548
273.1127593966164,1.4157714003314632
273.1427618968247,1.4157382236223528
273.17276439703306,1.4157045909293116
273.2027668972414,1.4156705022892286
273.2327693974498,1.4156359577394924
273.2627718976581,1.4156009573179913
273.2927743978665,1.415565501063114
273.32277689807484,1.4155295890137496
273.3527793982832,1.4154932212092861
273.38278189849154,1.415456397689612
273.4127843986999,1.415419118495116
273.44278689890825,1.415381383666685
273.4727893991166,1.4153431932457083
273.50279189932496,1.4153045472740722
273.5327943995333,1.415265445794164
273.56279689974167,1.415225888848871
273.59279939994997,1.4151858764815788
273.6228019001583,1.4151454087361737
273.6528044003667,1.4151044856570403
273.68280690057503,1.4150631072890638
273.7128094007834,1.4150212736776282
273.74281190099174,1.4149789848686167
273.7728144012001,1.4149362409084116
273.80281690140845,1.4148930418438952
273.8328194016168,1.4148493877224482
273.86282190182516,1.414805278591951
273.8928244020335,1.4147607145007821
273.92282690224187,1.4147156954978202
273.9528294024502,1.414670221632442
273.9828319026586,1.4146242929545239
274.01283440286693,1.4145779095144402
274.0428369030752,1.4145310713630652
274.0728394032836,1.4144837785517705
274.10284190349194,1.4144360311324276
274.1328444037003,1.4143878291574061
274.16284690390864,1.4143391726795738
274.192849404117,1.4142900617522978
274.22285190432535,1.414240496429443
274.2528544045337,1.414190476765373
274.28285690474206,1.4141400028149498
274.3128594049504,1.414089074633533
274.34286190515877,1.4140376922769815
274.3728644053671,1.4139858558016516
274.4028669055755,1.4139335652643974
274.43286940578383,1.413880820722572
274.4628719059922,1.4138276222340256
274.49287440620054,1.4137739698571066
274.52287690640884,1.4137198636506612
274.5528794066172,1.4136653036740334
274.58288190682555,1.413610289987065
274.6128844070339,1.4135548226500954
274.64288690724226,1.413498901723961
274.6728894074506,1.4134425272699966
274.70289190765897,1.413385699350034
274.7328944078673,1.413328418026402
274.7628969080757,1.4132706833619275
274.79289940828403,1.413212495419934
274.8229019084924,1.4131538542642423
274.85290440870074,1.4130947599591706
274.8829069089091,1.4130352125695333
274.91290940911745,1.412975212160643
274.9429119093258,1.412914758798308
274.9729144095341,1.4128538525488339
275.00291690974245,1.412792493479023
275.0329194099508,1.4127306816561747
275.06292191015916,1.4126684171480839
275.0929244103675,1.412605700023043
275.12292691057587,1.4125425303498405
275.1529294107842,1.4124789081977611
275.1829319109926,1.412414833636586
275.21293441120093,1.4123503067365926
275.2429369114093,1.4122853275685543
275.27293941161764,1.4122198962037404
275.302941911826,1.4121540127139165
275.33294441203435,1.4120876771713442
275.3629469122427,1.4120208896487805
275.39294941245106,1.411953650219478
275.4229519126594,1.411885958957186
275.4529544128677,1.411817815936148
275.48295691307607,1.4117492212311038
275.5129594132844,1.4116801749172887
275.5429619134928,1.4116106770704326
275.57296441370113,1.4115407277667615
275.6029669139095,1.4114703270829962
275.63296941411784,1.411399475096352
275.6629719143262,1.4113281718845405
275.69297441453455,1.4112564175257671
275.7229769147429,1.4111842120987323
275.75297941495126,1.4111115556826315
275.7829819151596,1.4110384483571545
275.81298441536796,1.4109648902024858
275.8429869155763,1.4108908812993048
275.8729894157847,1.4108164217287844
275.90299191599297,1.4107415115725928
275.9329944162013,1.410666150912891
275.9629969164097,1.4105903398323358
275.99299941661803,1.4105140784140768
276.0230019168264,1.4104373667417578
276.05300441703474,1.410360204899517
276.0830069172431,1.4102825929719855
276.11300941745145,1.410204531044289
276.1430119176598,1.4101260192020457
276.17301441786816,1.4100470575313682
276.2030169180765,1.409967646118862
276.23301941828487,1.4098877850516256
276.2630219184932,1.4098074744172517
276.2930244187016,1.409726714303825
276.32302691890993,1.4096455047999235
276.3530294191183,1.4095638459946187
276.3830319193266,1.4094817379774742
276.41303441953494,1.4093991808385464
276.4430369197433,1.4093161746683847
276.47303941995165,1.40923271955803
276.50304192016,1.4091488155990173
276.53304442036836,1.4090644628833722
276.5630469205767,1.4089796615036134
276.59304942078506,1.4088944115527517
276.6230519209934,1.4088087131242895
276.6530544212018,1.4087225663122216
276.6830569214101,1.408635971211034
276.7130594216185,1.4085489279157046
276.74306192182684,1.4084614365217032
276.7730644220352,1.4083734971249906
276.80306692224354,1.4082851098220195
276.83306942245184,1.4081962747097336
276.8630719226602,1.408106991885567
276.89307442286855,1.4080172614474467
276.9230769230769,1.4079270834937887
276.95307942328526,1.4078364581235008
276.9830819234936,1.4077453854359816
277.01308442370197,1.40765386553112
277.0430869239103,1.4075618985092957
277.0730894241187,1.4074694844713784
277.10309192432703,1.4073766235187284
277.1330944245354,1.407283315753196
277.16309692474374,1.407189561277122
277.1930994249521,1.4070953601933365
277.22310192516045,1.4070007126051596
277.2531044253688,1.4069056186164017
277.28310692557716,1.4068100783313622
277.31310942578546,1.4067140918548304
277.3431119259938,1.4066176592920843
277.37311442620216,1.4065207807488922
277.4031169264105,1.4064234563315106
277.4331194266189,1.4063256861466857
277.4631219268272,1.4062274703016524
277.4931244270356,1.4061288089041342
277.52312692724394,1.4060297020623433
277.5531294274523,1.405930149884981
277.58313192766065,1.4058301524812364
277.613134427869,1.4057297099607875
277.64313692807735,1.4056288224337998
277.6731394282857,1.4055274900109276
277.70314192849406,1.4054257128033125
277.7331444287024,1.4053234909225847
277.7631469289107,1.4052208244808617
277.79314942911907,1.4051177135907482
277.8231519293274,1.405014158365337
277.8531544295358,1.4049101589182083
277.88315692974413,1.4048057153634286
277.9131594299525,1.4047008278155528
277.94316193016084,1.4045954963896217
277.9731644303692,1.4044897212011638
278.00316693057755,1.4043835023661937
278.0331694307859,1.4042768400012124
278.06317193099426,1.4041697342232082
278.0931744312026,1.4040621851496553
278.12317693141097,1.4039541928985142
278.1531794316193,1.403845757588231
278.1831819318277,1.4037368793377383
278.213184432036,1.4036275582664546
278.2431869322443,1.4035177944942836
278.2731894324527,1.4034075881416146
278.30319193266104,1.4032969393293229
278.3331944328694,1.4031858481787685
278.36319693307775,1.4030743148117968
278.3931994332861,1.4029623393507384
278.42320193349445,1.4028499219184083
278.4532044337028,1.4027370626381068
278.48320693391116,1.4026237616336181
278.5132094341195,1.4025100190292121
278.54321193432787,1.402395834949642
278.5732144345362,1.402281209520145
278.6032169347446,1.4021661428664434
278.63321943495293,1.402050635114743
278.6632219351613,1.401934686391733
278.6932244353696,1.4018182968245871
278.72322693557794,1.4017014665409613
278.7532294357863,1.4015841956689963
278.78323193599465,1.4014664843373148
278.813234436203,1.4013483326750238
278.84323693641136,1.4012297408117125
278.8732394366197,1.4011107088774528
278.90324193682807,1.4009912370028004
278.9332444370364,1.4008713253187917
278.9632469372448,1.400750973956947
278.99324943745313,1.4006301830492682
279.0232519376615,1.4005089527282397
279.05325443786984,1.4003872831268271
279.0832569380782,1.4002651743784786
279.11325943828655,1.4001426266171235
279.14326193849485,1.4000196399771734
279.1732644387032,1.39989621459352
279.20326693891155,1.3997723506015372
279.2332694391199,1.3996480481370799
279.26327193932826,1.3995233073364832
279.2932744395366,1.3993981283365642
279.32327693974497,1.3992725112746194
279.3532794399533,1.3991464562884264
279.3832819401617,1.399019963516243
279.41328444037003,1.3988930330968072
279.4432869405784,1.3987656651693368
279.47328944078674,1.3986378598735298
279.5032919409951,1.3985096173495637
279.53329444120345,1.3983809377380956
279.5632969414118,1.3982518211802621
279.59329944162016,1.3981222678176786
279.62330194182846,1.3979922777924405
279.6533044420368,1.3978618512471208
279.68330694224517,1.3977309883247726
279.7133094424535,1.3975996891689269
279.7433119426619,1.3974679539235932
279.77331444287023,1.3973357827332598
279.8033169430786,1.3972031757428924
279.83331944328694,1.3970701330979352
279.8633219434953,1.39693665494431
279.89332444370365,1.3968027414284165
279.923326943912,1.396668392697132
279.95332944412036,1.3965336088978104
279.9833319443287,1.3963983901782835
280.01333444453707,1.39626273668686
280.0433369447454,1.3961266485723252
280.0733394449537,1.3959901259839418
280.1033419451621,1.395853169071448
280.1333444453704,1.3957157779850586
280.1633469455788,1.395577952875466
280.19334944578713,1.3954396938938363
280.2233519459955,1.3953010011918132
280.25335444620384,1.3951618749215158
280.2833569464122,1.395022315235538
280.31335944662055,1.3948823222869506
280.3433619468289,1.3947418962292977
280.37336444703726,1.3946010372165998
280.4033669472456,1.3944597454033516
280.43336944745397,1.3943180209445227
280.4633719476623,1.3941758639955575
280.4933744478707,1.3940332747123745
280.52337694807903,1.393890253251366
280.55337944828733,1.3937467997693993
280.5833819484957,1.3936029144238147
280.61338444870404,1.393458597372426
280.6433869489124,1.3933138487735217
280.67338944912075,1.393168668785862
280.7033919493291,1.3930230575686817
280.73339444953746,1.3928770152816878
280.7633969497458,1.3927305420850602
280.79339944995417,1.3925836381394519
280.8234019501625,1.3924363036059872
280.8534044503709,1.392288538646264
280.88340695057923,1.3921403434223516
280.9134094507876,1.3919917180967911
280.94341195099594,1.391842662832596
280.9734144512043,1.3916931777932502
281.0034169514126,1.3915432631427105
281.03341945162094,1.3913929190454037
281.0634219518293,1.3912421456662278
281.09342445203765,1.3910909431705523
281.123426952246,1.3909393117242166
281.15342945245436,1.3907872514935309
281.1834319526627,1.3906347626452762
281.21343445287107,1.3904818453467023
281.2434369530794,1.39032849976553
281.2734394532878,1.39017472606995
281.30344195349613,1.3900205244286217
281.3334444537045,1.3898658950106744
281.36344695391284,1.3897108379857062
281.3934494541212,1.389555353523785
281.42345195432955,1.3893994417954467
281.4534544545379,1.389243102971696
281.4834569547462,1.3890863372240068
281.51345945495456,1.38892914472432
281.5434619551629,1.3887715256450448
281.57346445537127,1.3886134801590597
281.6034669555796,1.388455008439709
281.633469455788,1.388296110660806
281.66347195599633,1.3881367869966303
281.6934744562047,1.3879770376219287
281.72347695641304,1.3878168627119156
281.7534794566214,1.3876562624422715
281.78348195682975,1.3874952369891438
281.8134844570381,1.387333786529146
281.84348695724645,1.3871719112393577
281.8734894574548,1.3870096112973247
281.90349195766316,1.3868468868810584
281.93349445787146,1.3866837381690365
281.9634969580798,1.3865201653402004
281.99349945828817,1.3863561685739578
282.0235019584965,1.3861917480501817
282.0535044587049,1.3860269039492092
282.08350695891323,1.3858616364518421
282.1135094591216,1.385695945739347
282.14351195932994,1.3855298319934537
282.1735144595383,1.3853632953963575
282.20351695974665,1.3851963361307162
282.233519459955,1.3850289543796515
282.26352196016336,1.3848611503267492
282.2935244603717,1.3846929241560566
282.32352696058007,1.3845242760520864
282.3535294607884,1.384355206199812
282.3835319609967,1.3841857147846701
282.4135344612051,1.38401580199256
282.44353696141343,1.3838454680098429
282.4735394616218,1.3836747130233418
282.50354196183014,1.383503537220342
282.5335444620385,1.3833319407885898
282.56354696224685,1.3831599239162935
282.5935494624552,1.3829874867921221
282.62355196266356,1.3828146296052048
282.6535544628719,1.3826413525451333
282.68355696308026,1.3824676558019582
282.7135594632886,1.3822935395661913
282.743561963497,1.3821190040288043
282.7735644637053,1.381944049381228
282.8035669639137,1.3817686758153547
282.83356946412204,1.3815928835235343
282.86357196433033,1.3814166726985773
282.8935744645387,1.3812400435337522
282.92357696474704,1.3810629962227865
282.9535794649554,1.3808855309598678
282.98358196516375,1.3807076479396398
283.0135844653721,1.3805293473572062
283.04358696558046,1.3803506294081278
283.0735894657888,1.3801714942884236
283.10359196599717,1.3799919421945699
283.1335944662055,1.3798119733235004
283.1635969664139,1.3796315878726055
283.19359946662223,1.3794507860397338
283.2236019668306,1.3792695680231888
283.25360446703894,1.3790879340217324
283.2836069672473,1.3789058842345812
283.3136094674556,1.3787234188614081
283.34361196766395,1.3785405381023428
283.3736144678723,1.378357242157969
283.40361696808066,1.3781735312293275
283.433619468289,1.3779894055179132
283.46362196849736,1.3778048652256758
283.4936244687057,1.3776199105550206
283.5236269689141,1.3774345417088067
283.5536294691224,1.3772487588903475
283.5836319693308,1.377062562303411
283.61363446953914,1.376875952152218
283.6436369697475,1.3766889286414443
283.67363946995584,1.3765014919762177
283.7036419701642,1.3763136423621198
283.73364447037255,1.3761253800051856
283.7636469705809,1.3759367051119016
283.7936494707892,1.3757476178892079
283.82365197099756,1.375558118544496
283.8536544712059,1.37536820728561
283.88365697141427,1.3751778843208458
283.9136594716226,1.3749871498589503
283.943661971831,1.374796004109122
283.97366447203933,1.3746044472810113
284.0036669722477,1.374412479584718
284.03366947245604,1.3742201012307937
284.0636719726644,1.3740273124302402
284.09367447287275,1.3738341133945084
284.1236769730811,1.3736405043355013
284.15367947328946,1.3734464854655697
284.1836819734978,1.3732520569975142
284.21368447370617,1.3730572191445856
284.24368697391446,1.3728619721204829
284.2736894741228,1.3726663161393542
284.3036919743312,1.3724702514157958
284.3336944745395,1.3722737781648524
284.3636969747479,1.3720768966020174
284.39369947495624,1.3718796069432313
284.4237019751646,1.3716819094048827
284.45370447537294,1.371483804203807
284.4837069755813,1.371285291557287
284.51370947578965,1.3710863716830528
284.543711975998,1.370887044799281
284.57371447620636,1.3706873111245934
284.6037169764147,1.37048717087806
284.63371947662307,1.3702866242791951
284.6637219768314,1.3700856715479597
284.6937244770398,1.3698843129047598
284.7237269772481,1.3696825485704465
284.75372947745643,1.369480378766316
284.7837319776648,1.3692778037141087
284.81373447787314,1.3690748236360109
284.8437369780815,1.3688714387546521
284.87373947828985,1.3686676492931054
284.9037419784982,1.3684634554748887
284.93374447870656,1.368258857523963
284.9637469789149,1.3680538556647315
284.99374947912327,1.3678484501220423
285.0237519793316,1.3676426411211848
285.05375447954,1.367436428887892
285.08375697974833,1.367229813648338
285.1137594799567,1.3670227956291399
285.14376198016504,1.3668153750573557
285.17376448037334,1.3666075521604863
285.2037669805817,1.366399327166472
285.23376948079004,1.3661907003036957
285.2637719809984,1.3659816718009798
285.29377448120675,1.3657722418875888
285.3237769814151,1.3655624107932258
285.35377948162346,1.365352178748035
285.3837819818318,1.3651415459826004
285.41378448204017,1.3649305127279443
285.4437869822485,1.36471907921553
285.4737894824569,1.3645072456772582
285.50379198266523,1.3642950123454696
285.5337944828736,1.3640823794529426
285.56379698308194,1.363869347232894
285.5937994832903,1.3636559159189792
285.62380198349865,1.3634420857452905
285.65380448370695,1.3632278569463578
285.6838069839153,1.3630132297571487
285.71380948412366,1.362798204413067
285.743811984332,1.3625827811499542
285.77381448454037,1.3623669602040875
285.8038169847487,1.36215074181218
285.8338194849571,1.3619341262113824
285.86382198516543,1.361717113639279
285.8938244853738,1.36149970433389
285.92382698558214,1.3612818985336719
285.9538294857905,1.3610636964775147
285.98383198599885,1.3608450984047442
286.0138344862072,1.3606261045551198
286.04383698641556,1.3604067151688344
286.0738394866239,1.3601869304865164
286.1038419868322,1.3599667507492268
286.13384448704056,1.3597461761984588
286.1638469872489,1.3595252070761412
286.19384948745727,1.3593038436246327
286.2238519876656,1.3590820860867272
286.253854487874,1.3588599347056491
286.28385698808233,1.3586373897250548
286.3138594882907,1.3584144513890335
286.34386198849904,1.3581911199421046
286.3738644887074,1.35796739562922
286.40386698891575,1.357743278695761
286.4338694891241,1.3575187693875403
286.46387198933246,1.3572938679508015
286.4938744895408,1.357068574632217
286.52387698974917,1.3568428896788907
286.55387948995747,1.3566168133383547
286.5838819901658,1.3563903458585695
286.6138844903742,1.3561634874879276
286.64388699058253,1.3559362384752478
286.6738894907909,1.3557085990697773
286.70389199099924,1.3554805695211936
286.7338944912076,1.3552521500795995
286.76389699141595,1.355023340995528
286.7938994916243,1.354794142519937
286.82390199183266,1.354564554904213
286.853904492041,1.354334578400169
286.88390699224936,1.3541042132600443
286.9139094924577,1.353873459736505
286.9439119926661,1.3536423180826427
286.9739144928744,1.3534107885519742
287.0039169930828,1.3531788713984432
287.0339194932911,1.3529465668764178
287.06392199349943,1.3527138752406895
287.0939244937078,1.3524807967464771
287.12392699391614,1.3522473316494215
287.1539294941245,1.3520134802055892
287.18393199433285,1.3517792426714694
287.2139344945412,1.3515446193039748
287.24393699474956,1.3513096103604423
287.2739394949579,1.3510742160986298
287.30394199516627,1.3508384367767203
287.3339444953746,1.3506022726533173
287.363946995583,1.3503657239874465
287.39394949579133,1.3501287910385562
287.4239519959997,1.3498914740665156
287.45395449620804,1.3496537733316156
287.48395699641634,1.3494156890945677
287.5139594966247,1.3491772216165028
287.54396199683305,1.3489383711589744
287.5739644970414,1.3486991379839548
287.60396699724976,1.3484595223538358
287.6339694974581,1.34821952453143
287.66397199766647,1.3479791447799672
287.6939744978748,1.3477383833630983
287.7239769980832,1.3474972405448908
287.7539794982915,1.3472557165898318
287.7839819984999,1.3470138117628265
287.81398449870824,1.3467715263291966
287.8439869989166,1.346528860554683
287.87398949912495,1.3462858147054422
287.9039919993333,1.3460423890480482
287.93399449954165,1.345798583849492
287.96399699974995,1.3455543993771806
287.9939994999583,1.3453098358989355
288.02400200016666,1.3450648936829968
288.054004500375,1.3448195729980172
288.08400700058337,1.344573874113067
288.1140095007917,1.3443277972976293
288.1440120010001,1.3440813428216023
288.17401450120843,1.3438345109552994
288.2040170014168,1.3435873019694462
288.23401950162514,1.3433397161351837
288.2640220018335,1.343091753724065
288.29402450204185,1.3428434150080562
288.3240270022502,1.3425947002595373
288.35402950245856,1.3423456097512991
288.3840320026669,1.3420961437565466
288.4140345028752,1.3418463025488951
288.44403700308357,1.3415960864023708
288.4740395032919,1.341345495591413
288.5040420035003,1.341094530390871
288.5340445037086,1.3408431910760044
288.564047003917,1.340591477922484
288.59404950412534,1.3403393912063892
288.6240520043337,1.3400869312042116
288.65405450454205,1.3398340981928496
288.6840570047504,1.339580892449612
288.71405950495875,1.3393273142522166
288.7440620051671,1.3390733638787886
288.77406450537546,1.338819041607863
288.8040670055838,1.3385643477183815
288.8340695057922,1.3383092824896932
288.8640720060005,1.3380538462015559
288.8940745062088,1.3377980391341335
288.9240770064172,1.3375418615679955
288.95407950662553,1.3372853137841199
288.9840820068339,1.337028396063889
289.01408450704224,1.3367711086890919
289.0440870072506,1.336513451941923
289.07408950745895,1.3362554261049808
289.1040920076673,1.3359970314612704
289.13409450787566,1.3357382682941998
289.164097008084,1.3354791368875822
289.19409950829237,1.3352196375256344
289.2241020085007,1.334959770492976
289.2541045087091,1.3346995360746314
289.28410700891743,1.334438934556027
289.3141095091258,1.3341779662229911
289.3441120093341,1.3339166313617568
289.37411450954244,1.3336549302589555
289.4041170097508,1.3333928632016243
289.43411950995915,1.3331304304771985
289.4641220101675,1.332867632373516
289.49412451037585,1.3326044691788157
289.5241270105842,1.3323409411817357
289.55412951079256,1.3320770486713158
289.5841320110009,1.3318127919369942
289.6141345112093,1.3315481712686086
289.6441370114176,1.3312831869563975
289.674139511626,1.3310178392909964
289.70414201183434,1.3307521285634398
289.7341445120427,1.3304860550651616
289.76414701225104,1.3302196190879916
289.79414951245934,1.3299528209241596
289.8241520126677,1.32968566086629
289.85415451287605,1.3294181392074054
289.8841570130844,1.3291502562409256
289.91415951329276,1.3288820122606657
289.9441620135011,1.3286134075608378
289.97416451370947,1.3283444424360484
290.0041670139178,1.3280751171812994
290.0341695141262,1.3278054320919896
290.06417201433453,1.3275353874639102
290.0941745145429,1.3272649835932473
290.12417701475124,1.326994220776582
290.1541795149596,1.3267230993108876
290.18418201516795,1.3264516194935327
290.2141845153763,1.3261797816222773
290.24418701558466,1.325907585995274
290.27418951579295,1.3256350329110702
290.3041920160013,1.3253621226686014
290.33419451620966,1.3250888555671985
290.364197016418,1.3248152319065818
290.3941995166264,1.324541251986863
290.4242020168347,1.3242669161085454
290.4542045170431,1.323992224572522
290.48420701725144,1.323717177680075
290.5142095174598,1.3234417757328782
290.54421201766814,1.3231660190329937
290.5742145178765,1.3228899078828733
290.60421701808485,1.322613442585357
290.6342195182932,1.3223366234436729
290.66422201850156,1.3220594507614385
290.6942245187099,1.3217819248426574
290.7242270189182,1.3215040459917233
290.75422951912657,1.3212258145134133
290.7842320193349,1.3209472307128935
290.8142345195433,1.3206682948957171
290.84423701975163,1.3203890073678217
290.87423951996,1.320109368435531
290.90424202016834,1.3198293784055557
290.9342445203767,1.319549037584989
290.96424702058505,1.3192683462813113
290.9942495207934,1.318987304802386
291.02425202100176,1.3187059134564605
291.0542545212101,1.318424172552167
291.08425702141847,1.3181420823985197
291.1142595216268,1.3178596433049177
291.1442620218352,1.317576855581141
291.17426452204353,1.317293719537352
291.2042670222518,1.3170102354840978
291.2342695224602,1.3167264037323037
291.26427202266854,1.3164422245932776
291.2942745228769,1.31615769837871
291.32427702308524,1.3158728254006695
291.3542795232936,1.3155876059716076
291.38428202350195,1.3153020404043538
291.4142845237103,1.3150161290121176
291.44428702391866,1.3147298721084892
291.474289524127,1.3144432700074355
291.50429202433537,1.3141563230233047
291.5342945245437,1.3138690314708206
291.5642970247521,1.3135813956650861
291.59429952496043,1.3132934159215826
291.6243020251688,1.3130050925561667
291.6543045253771,1.312716425885075
291.68430702558544,1.3124274162249165
291.7143095257938,1.3121380638926792
291.74431202600215,1.3118483692057268
291.7743145262105,1.3115583324817977
291.80431702641886,1.3112679540390053
291.8343195266272,1.310977234195839
291.86432202683557,1.3106861732711614
291.8943245270439,1.3103947715842101
291.9243270272523,1.310103029454596
291.95432952746063,1.3098109472023027
291.984332027669,1.3095185251476886
292.01433452787734,1.3092257636114828
292.0443370280857,1.3089326629147888
292.07433952829405,1.3086392233790807
292.1043420285024,1.3083454453262036
292.1343445287107,1.3080513290783768
292.16434702891905,1.307756874958187
292.1943495291274,1.3074620832885928
292.22435202933576,1.3071669543929247
292.2543545295441,1.3068714885948802
292.28435702975247,1.3065756862185292
292.3143595299608,1.3062795475883087
292.3443620301692,1.3059830730290245
292.37436453037753,1.3056862628658528
292.4043670305859,1.3053891174243355
292.43436953079424,1.305091637030384
292.4643720310026,1.3047938220102764
292.49437453121095,1.3044956726906567
292.5243770314193,1.3041971893985385
292.55437953162766,1.303898372461298
292.58438203183596,1.3035992222066817
292.6143845320443,1.3032997389627967
292.64438703225267,1.3029999230581186
292.674389532461,1.302699774821488
292.7043920326694,1.3023992945821083
292.73439453287773,1.3020984826695474
292.7643970330861,1.3017973394137385
292.79439953329444,1.3014958651449764
292.8244020335028,1.3011940601939205
292.85440453371115,1.3008919248915913
292.8844070339195,1.3005894595693726
292.91440953412786,1.3002866645590103
292.9444120343362,1.2999835401926112
292.97441453454456,1.2996800868026441
293.0044170347529,1.2993763047219387
293.0344195349613,1.2990721942836834
293.06442203516957,1.2987677558214303
293.0944245353779,1.2984629896690874
293.1244270355863,1.298157896160924
293.15442953579463,1.297852475631569
293.184432036003,1.2975467284160085
293.21443453621134,1.297240654849589
293.2444370364197,1.2969342552680125
293.27443953662805,1.2966275300073398
293.3044420368364,1.2963204794039895
293.33444453704476,1.2960131037947353
293.3644470372531,1.2957054035167097
293.39444953746147,1.2953973789073994
293.4244520376698,1.295089030304647
293.4544545378782,1.2947803580466517
293.48445703808653,1.2944713624719661
293.51445953829483,1.2941620439194998
293.5444620385032,1.2938524027285134
293.57446453871154,1.2935424392386232
293.6044670389199,1.2932321537897997
293.63446953912825,1.292921546722365
293.6644720393366,1.2926106183769943
293.69447453954496,1.2922993690947164
293.7244770397533,1.2919877992169106
293.75447953996166,1.2916759090853087
293.78448204017,1.2913636990419937
293.8144845403784,1.2910511694293982
293.8444870405867,1.2907383205903076
293.8744895407951,1.2904251528678552
293.90449204100344,1.2901116666055261
293.9344945412118,1.2897978621471533
293.9644970414201,1.289483739836919
293.99449954162844,1.2891693000193543
294.0245020418368,1.2888545430393386
294.05450454204515,1.2885394692420984
294.0845070422535,1.2882240789732093
294.11450954246186,1.2879083725785925
294.1445120426702,1.287592350404517
294.17451454287857,1.2872760127975975
294.2045170430869,1.286959360104794
294.2345195432953,1.2866423926734138
294.26452204350363,1.2863251108511078
294.294524543712,1.2860075149858732
294.32452704392034,1.2856896054260507
294.3545295441287,1.2853713825203241
294.38453204433705,1.2850528466177238
294.4145345445454,1.2847339980676205
294.4445370447537,1.2844148372197293
294.47453954496206,1.2840953644241075
294.5045420451704,1.283775580031154
294.53454454537876,1.2834554843916117
294.5645470455871,1.2831350778565618
294.5945495457955,1.2828143607774278
294.6245520460038,1.2824933335059752
294.6545545462122,1.282171996394307
294.68455704642054,1.2818503497948686
294.7145595466289,1.2815283940604434
294.74456204683725,1.2812061295441535
294.7745645470456,1.2808835565994614
294.80456704725395,1.2805606755801666
294.8345695474623,1.280237486840406
294.86457204767066,1.2799139907346557
294.89457454787896,1.2795901876177278
294.9245770480873,1.2792660778447709
294.95457954829567,1.2789416617712706
294.984582048504,1.2786169397530476
295.0145845487124,1.2782919121462597
295.04458704892073,1.2779665793073982
295.0745895491291,1.2776409415932908
295.10459204933744,1.2773149993610982
295.1345945495458,1.2769887529683148
295.16459704975415,1.2766622027727708
295.1945995499625,1.2763353491326277
295.22460205017086,1.2760081924063795
295.2546045503792,1.2756807329528548
295.28460705058757,1.275352971131212
295.3146095507959,1.2750249073009425
295.3446120510043,1.2746965418218685
295.3746145512126,1.274367875054143
295.4046170514209,1.274038907358249
295.4346195516293,1.273709639095
295.46462205183764,1.27338007062554
295.494624552046,1.2730502023113415
295.52462705225435,1.2727200345142045
295.5546295524627,1.2723895675962602
295.58463205267105,1.2720588019199663
295.6146345528794,1.2717277378481073
295.64463705308776,1.2713963757437976
295.6746395532961,1.2710647159704758
295.7046420535045,1.270732758891909
295.7346445537128,1.2704005048721891
295.7646470539212,1.2700679542757336
295.79464955412953,1.2697351074672867
295.82465205433783,1.2694019648119161
295.8546545545462,1.2690685266750146
295.88465705475454,1.268734793422299
295.9146595549629,1.2684007654198088
295.94466205517125,1.2680664430339093
295.9746645553796,1.2677318266312865
296.00466705558796,1.2673969165789483
296.0346695557963,1.2670617132442277
296.06467205600467,1.266726216994776
296.094674556213,1.2663904281985685
296.1246770564214,1.2660543472238999
296.15467955662973,1.2657179744393847
296.1846820568381,1.2653813102139595
296.21468455704644,1.2650443549168786
296.2446870572548,1.2647071089177173
296.27468955746315,1.2643695725863684
296.30469205767145,1.2640317462930435
296.3346945578798,1.2636936304082724
296.36469705808815,1.2633552253029021
296.3946995582965,1.263016531348097
296.42470205850486,1.2626775489153395
296.4547045587132,1.262338278376426
296.4847070589216,1.2619987201034717
296.5147095591299,1.261658874468905
296.5447120593383,1.26131874184547
296.57471455954663,1.2609783226062277
296.604717059755,1.2606376171245497
296.63471955996334,1.2602966257741255
296.6647220601717,1.2599553489289552
296.69472456038005,1.2596137869633528
296.7247270605884,1.2592719402519463
296.7547295607967,1.258929809169675
296.78473206100506,1.2585873940917887
296.8147345612134,1.2582446953938515
296.84473706142177,1.257901713451736
296.8747395616301,1.2575584486416282
296.9047420618385,1.2572149013400218
296.93474456204683,1.256871071923721
296.9647470622552,1.2565269607698406
296.99474956246354,1.256182568255803
297.0247520626719,1.2558378947593405
297.05475456288025,1.2554929406584923
297.0847570630886,1.2551477063316052
297.11475956329696,1.2548021921573358
297.1447620635053,1.2544563985146442
297.17476456371367,1.2541103257828001
297.204767063922,1.2537639743413773
297.2347695641303,1.253417344570256
297.2647720643387,1.2530704368496217
297.294774564547,1.2527232515599644
297.3247770647554,1.2523757890820786
297.35477956496374,1.252028049797064
297.3847820651721,1.2516800340863212
297.41478456538044,1.251331742331558
297.4447870655888,1.250983174914781
297.47478956579715,1.2506343322183011
297.5047920660055,1.2502852146247314
297.53479456621386,1.2499358225169852
297.5647970664222,1.2495861562782786
297.59479956663057,1.249236216292127
297.6248020668389,1.2488860029423459
297.6548045670473,1.248535516613052
297.6848070672556,1.248184757688661
297.71480956746393,1.2478337265538855
297.7448120676723,1.2474824235937394
297.77481456788064,1.2471308491935333
297.804817068089,1.2467790037388768
297.83481956829735,1.2464268876156752
297.8648220685057,1.2460745012101309
297.89482456871406,1.2457218449087444
297.9248270689224,1.2453689190983097
297.95482956913077,1.2450157241659192
297.9848320693391,1.2446622604989581
298.0148345695475,1.244308528485107
298.04483706975583,1.243954528512342
298.0748395699642,1.243600260968931
298.10484207017254,1.2432457262434378
298.13484457038084,1.2428909247247182
298.1648470705892,1.2425358568019182
298.19484957079754,1.2421805228644807
298.2248520710059,1.2418249233021366
298.25485457121425,1.241469058504909
298.2848570714226,1.2411129288631138
298.31485957163096,1.2407565347673544
298.3448620718393,1.2403998766085271
298.37486457204767,1.240042954777816
298.404867072256,1.239685769666694
298.4348695724644,1.2393283216669255
298.46487207267273,1.2389706111705594
298.4948745728811,1.238612638569936
298.52487707308944,1.2382544042576813
298.5548795732978,1.2378959086267076
298.58488207350615,1.237537152070216
298.61488457371445,1.2371781349816933
298.6448870739228,1.2368188577549089
298.67488957413116,1.236459320783922
298.7048920743395,1.2360995244630735
298.73489457454787,1.2357394691869914
298.7648970747562,1.2353791553505853
298.7948995749646,1.2350185833490488
298.82490207517293,1.2346577535778607
298.8549045753813,1.2342966664327795
298.88490707558964,1.2339353223098488
298.914909575798,1.2335737216053926
298.94491207600635,1.2332118647160155
298.9749145762147,1.2328497520386053
299.00491707642306,1.232487383970328
299.0349195766314,1.2321247609086323
299.0649220768397,1.231761883251245
299.09492457704806,1.23139875139617
299.1249270772564,1.2310353657416946
299.15492957746477,1.2306717266863816
299.1849320776731,1.2303078346290715
299.2149345778815,1.229943689968884
299.24493707808983,1.2295792931052143
299.2749395782982,1.2292146444377356
299.30494207850654,1.2288497443663962
299.3349445787149,1.2284845932914197
299.36494707892325,1.228119191613307
299.3949495791316,1.2277535397328316
299.42495207933996,1.2273876380510433
299.4549545795483,1.2270214869692648
299.48495707975667,1.226655086889092
299.514959579965,1.2262884382123953
299.5449620801733,1.2259215413413174
299.5749645803817,1.2255543966782707
299.60496708059003,1.2251870046259432
299.6349695807984,1.2248193655872917
299.66497208100674,1.2244514799655453
299.6949745812151,1.2240833481642026
299.72497708142345,1.2237149705870323
299.7549795816318,1.2233463476380735
299.78498208184016,1.222977479721633
299.8149845820485,1.2226083672422883
299.84498708225686,1.2222390106048833
299.8749895824652,1.2218694102145298
299.9049920826736,1.2214995664766086
299.9349945828819,1.2211294797967653
299.9649970830903,1.2207591505809139
299.9949995832986,1.2203885792352338
300.02500208350693,1.2200177661661677
300.0550045837153,1.219646711780427
300.08500708392364,1.2192754164849862
300.115009584132,1.2189038806870824
300.14501208434035,1.2185321047942201
300.1750145845487,1.2181600892141635
300.20501708475706,1.2177878343549426
300.2350195849654,1.217415340624848
300.26502208517377,1.2170426084324322
300.2950245853821,1.216669638186511
300.3250270855905,1.216296430296159
300.35502958579883,1.215922985170714
300.3850320860072,1.2155493032197717
300.41503458621554,1.2151753848531883
300.4450370864239,1.2148012304810805
300.4750395866322,1.2144268405138228
300.50504208684055,1.214052215362046
300.5350445870489,1.2136773554366436
300.56504708725726,1.2133022611487623
300.5950495874656,1.2129269329098085
300.62505208767396,1.2125513711314442
300.6550545878823,1.2121755762255864
300.6850570880907,1.2117995486044106
300.715059588299,1.2114232886803447
300.7450620885074,1.2110467968660736
300.77506458871574,1.2106700735745353
300.8050670889241,1.210293119218921
300.83506958913244,1.2099159342126777
300.8650720893408,1.2095385189695032
300.89507458954915,1.2091608739033481
300.92507708975745,1.2087829994284172
300.9550795899658,1.2084048959591631
300.98508209017416,1.2080265639102932
301.0150845903825,1.2076480036967638
301.04508709059087,1.2072692157337812
301.0750895907992,1.2068902004368032
301.1050920910076,1.206510958221535
301.13509459121593,1.2061314895039312
301.1650970914243,1.2057517947001963
301.19509959163264,1.2053718742267805
301.225102091841,1.2049917285003835
301.25510459204935,1.2046113579379512
301.2851070922577,1.2042307629566746
301.31510959246606,1.2038499439739943
301.3451120926744,1.203468901407593
301.37511459288277,1.2030876356754017
301.40511709309106,1.2027061471955947
301.4351195932994,1.2023244363865884
301.4651220935078,1.2019425036670477
301.4951245937161,1.2015603494558775
301.5251270939245,1.201177974172226
301.55512959413284,1.2007953782354859
301.5851320943412,1.200412562065289
301.61513459454954,1.2000295260815115
301.6451370947579,1.1996462707042688
301.67513959496625,1.1992627963539166
301.7051420951746,1.1988791034510533
301.73514459538296,1.1984951924165137
301.7651470955913,1.198111063671375
301.79514959579967,1.197726717636951
301.825152096008,1.1973421547347938
301.8551545962163,1.196957375386696
301.8851570964247,1.196572380014684
301.91515959663303,1.1961871690410222
301.9451620968414,1.195801742888214
301.97516459704974,1.1954161019789953
302.0051670972581,1.1950302467363403
302.03516959746645,1.1946441775834569
302.0651720976748,1.1942578949437868
302.09517459788316,1.1938713992410082
302.1251770980915,1.1934846908990304
302.15517959829987,1.193097770341999
302.1851820985082,1.1927106379942891
302.2151845987166,1.1923232942805093
302.24518709892493,1.1919357396255017
302.2751895991333,1.191547974454337
302.3051920993416,1.1911599991923199
302.33519459954994,1.190771814264982
302.3651970997583,1.1903834200980863
302.39519959996665,1.1899948171176271
302.425202100175,1.189606005749826
302.45520460038335,1.1892169864211322
302.4852071005917,1.1888277595582255
302.51520960080006,1.1884383255880113
302.5452121010084,1.1880486849376237
302.57521460121677,1.1876588380344222
302.6052171014251,1.1872687853059922
302.6352196016335,1.186878527180147
302.66522210184183,1.1864880640849227
302.6952246020502,1.1860973964485824
302.72522710225854,1.185706524699612
302.7552296024669,1.1853154492667206
302.7852321026752,1.1849241705788445
302.81523460288355,1.1845326890651382
302.8452371030919,1.1841410051549803
302.87523960330026,1.1837491192779734
302.9052421035086,1.1833570318639388
302.93524460371697,1.1829647433429213
302.9652471039253,1.1825722541451846
302.9952496041337,1.182179564701212
303.02525210434203,1.1817866754417092
303.0552546045504,1.1813935867975973
303.08525710475874,1.18100029920002
303.1152596049671,1.1806068130803362
303.14526210517545,1.180213128870123
303.1752646053838,1.1798192470011768
303.20526710559216,1.1794251679055079
303.23526960580045,1.1790308920153465
303.2652721060088,1.1786364197631345
303.29527460621716,1.178241751581531
303.3252771064255,1.177846887903412
303.35527960663387,1.1774518291618652
303.3852821068422,1.1770565757901923
303.4152846070506,1.1766611282219108
303.44528710725893,1.1762654868907485
303.4752896074673,1.1758696522306482
303.50529210767564,1.1754736246757629
303.535294607884,1.1750774046604568
303.56529710809235,1.174680992619308
303.5952996083007,1.1742843889871015
303.62530210850906,1.173887594198836
303.6553046087174,1.1734906086897177
303.68530710892577,1.173093432895161
303.71530960913407,1.1726960672507931
303.7453121093424,1.1722985121924447
303.7753146095508,1.1719007681561564
303.80531710975913,1.171502835578177
303.8353196099675,1.17110471489496
303.86532211017584,1.1707064065431676
303.8953246103842,1.1703079109596661
303.92532711059255,1.1699092285815265
303.9553296108009,1.1695103598460275
303.98533211100926,1.169111305190649
304.0153346112176,1.1687120650530776
304.04533711142597,1.1683126398712016
304.0753396116343,1.1679130300831118
304.1053421118427,1.1675132361271037
304.13534461205103,1.1671132584416721
304.1653471122593,1.166713097465517
304.1953496124677,1.1663127536375348
304.22535211267603,1.165912227396825
304.2553546128844,1.1655115191826881
304.28535711309274,1.1651106294346225
304.3153596133011,1.1647095585923255
304.34536211350945,1.1643083070956952
304.3753646137178,1.163906875384825
304.40536711392616,1.1635052639000085
304.4353696141345,1.1631034730817351
304.46537211434287,1.16270150337069
304.4953746145512,1.1622993552077574
304.5253771147596,1.1618970290340143
304.55537961496793,1.1614945252907354
304.5853821151763,1.1610918444193883
304.61538461538464,1.160688986861635
304.64538711559294,1.160285953059334
304.6753896158013,1.1598827434545325
304.70539211600965,1.1594793584894731
304.735394616218,1.159075798606592
304.76539711642636,1.1586720642485149
304.7953996166347,1.1582681558580608
304.82540211684307,1.1578640738782378
304.8554046170514,1.157459818752245
304.8854071172598,1.1570553909234722
304.91540961746813,1.1566507908354975
304.9454121176765,1.1562460189320893
304.97541461788484,1.155841075657203
305.0054171180932,1.1554359614549823
305.03541961830155,1.1550306767697596
305.0654221185099,1.1546252220460518
305.0954246187182,1.1542195977285663
305.12542711892655,1.153813804262192
305.1554296191349,1.1534078420920049
305.18543211934326,1.1530017116632685
305.2154346195516,1.1525954134214276
305.24543711975997,1.152188947812112
305.2754396199683,1.1517823152811364
305.3054421201767,1.1513755162744965
305.33544462038503,1.150968551238373
305.3654471205934,1.1505614206191264
305.39544962080174,1.1501541248632994
305.4254521210101,1.1497466644176173
305.45545462121845,1.1493390397289838
305.4854571214268,1.148931251244485
305.51545962163516,1.148523299411385
305.5454621218435,1.1481151846771267
305.5754646220518,1.1477069074893347
305.60546712226017,1.1472984682958076
305.6354696224685,1.1468898675445238
305.6654721226769,1.14648110568364
305.69547462288523,1.146072183161487
305.7254771230936,1.145663100426575
305.75547962330194,1.145253857927587
305.7854821235103,1.1448444561133821
305.81548462371865,1.1444348954329955
305.845487123927,1.1440251763356342
305.87548962413535,1.1436152992706818
305.9054921243437,1.1432052646876931
305.93549462455206,1.1427950730363954
305.9654971247604,1.1423847247666903
305.9954996249688,1.1419742203286498
306.02550212517707,1.141563560172517
306.0555046253854,1.1411527447487064
306.0855071255938,1.1407417745078017
306.11550962580213,1.1403306499005588
306.1455121260105,1.1399193713779006
306.17551462621884,1.139507939390919
306.2055171264272,1.1390963543908763
306.23551962663555,1.1386846168291995
306.2655221268439,1.1382727271574862
306.29552462705226,1.1378606858274984
306.3255271272606,1.1374484932911646
306.35552962746897,1.1370361500005812
306.3855321276773,1.1366236564080079
306.4155346278857,1.1362110129658691
306.44553712809403,1.1357982201267558
306.47553962830233,1.1353852783434206
306.5055421285107,1.1349721880687806
306.53554462871904,1.1345589497559152
306.5655471289274,1.1341455638580658
306.59554962913575,1.1337320308286376
306.6255521293441,1.1333183511211946
306.65555462955246,1.132904525189464
306.6855571297608,1.1324905534873322
306.71555962996916,1.1320764364688445
306.7455621301775,1.131662174588208
306.7755646303859,1.1312477682997868
306.8055671305942,1.1308332180581036
306.8355696308026,1.13041852431784
306.86557213101094,1.1300036875338337
306.8955746312193,1.1295887081610807
306.92557713142764,1.1291735866547326
306.95557963163594,1.1287583234700962
306.9855821318443,1.1283429190626348
307.01558463205265,1.1279273738879654
307.045587132261,1.1275116884018617
307.07558963246936,1.1270958630602488
307.1055921326777,1.126679898319206
307.13559463288607,1.1262637946349665
307.1655971330944,1.1258475524639147
307.1955996333028,1.1254311722625865
307.22560213351113,1.1250146544876714
307.2556046337195,1.124597999596007
307.28560713392784,1.1241812080445837
307.3156096341362,1.1237642802905403
307.34561213434455,1.123347216791165
307.3756146345529,1.122930018003896
307.4056171347612,1.122512684386319
307.43561963496956,1.1220952163961675
307.4656221351779,1.1216776144913227
307.49562463538626,1.1212598791298123
307.5256271355946,1.1208420107698116
307.555629635803,1.1204240098696405
307.5856321360113,1.1200058768877637
307.6156346362197,1.1195876122827932
307.64563713642804,1.1191692165134826
307.6756396366364,1.118750690038732
307.70564213684474,1.1183320333175828
307.7356446370531,1.117913246809219
307.76564713726145,1.1174943309729697
307.7956496374698,1.1170752862683024
307.82565213767816,1.1166561131548292
307.8556546378865,1.1162368120923003
307.8856571380948,1.115817383540608
307.91565963830317,1.1153978279597832
307.9456621385115,1.1149781458099972
307.9756646387199,1.1145583375515586
308.00566713892823,1.1141384036449171
308.0356696391366,1.1137183445506567
308.06567213934494,1.1132981607295023
308.0956746395533,1.1128778526423126
308.12567713976165,1.1124574207500835
308.15567963997,1.1120368655139483
308.18568214017836,1.1116161873951727
308.2156846403867,1.1111953868551603
308.24568714059507,1.1107744643554465
308.2756896408034,1.1103534203577008
308.3056921410118,1.1099322553237279
308.3356946412201,1.109510969715464
308.3656971414284,1.1090895639949752
308.3956996416368,1.1086680386244636
308.42570214184514,1.1082463940662595
308.4557046420535,1.1078246307828257
308.48570714226184,1.1074027492367544
308.5157096424702,1.1069807498907662
308.54571214267855,1.1065586332077144
308.5757146428869,1.1061363996505769
308.60571714309526,1.1057140496824633
308.6357196433036,1.1052915837666086
308.66572214351197,1.1048690023663752
308.6957246437203,1.1044463059452538
308.7257271439287,1.104023494966859
308.75572964413703,1.1036005698949332
308.7857321443454,1.1031775311933425
308.8157346445537,1.102754379326078
308.84573714476204,1.1023311147572548
308.8757396449704,1.101907737951112
308.90574214517875,1.1014842493720105
308.9357446453871,1.1010606494844366
308.96574714559546,1.1006369387529955
308.9957496458038,1.1002131176424166
309.02575214601217,1.0997891866175489
309.0557546462205,1.099365146143361
309.0857571464289,1.0989409966849446
309.11575964663723,1.0985167387075077
309.1457621468456,1.0980923726763798
309.17576464705394,1.0976678990570075
309.2057671472623,1.0972433183149548
309.23576964747065,1.0968186309159058
309.26577214767894,1.0963938373256599
309.2957746478873,1.0959689380101307
309.32577714809565,1.0955439334353525
309.355779648304,1.095118824067471
309.38578214851236,1.0946936103727496
309.4157846487207,1.0942682928175647
309.44578714892907,1.0938428718684061
309.4757896491374,1.093417347991879
309.5057921493458,1.0929917216546992
309.53579464955413,1.092565993323697
309.5657971497625,1.092140163465813
309.59579964997084,1.0917142325480993
309.6258021501792,1.09128820103772
309.65580465038755,1.090862069401948
309.6858071505959,1.0904358381081676
309.71580965080426,1.0900095076238714
309.74581215101256,1.0895830784166607
309.7758146512209,1.0891565509542454
309.80581715142927,1.0887299257044432
309.8358196516376,1.088303203135178
309.865822151846,1.0878763837144834
309.89582465205433,1.0874494679104951
309.9258271522627,1.0870224561914588
309.95582965247104,1.0865953490257219
309.9858321526794,1.0861681468817377
310.01583465288775,1.0857408502280648
310.0458371530961,1.0853134595333633
310.07583965330446,1.0848859752663988
310.1058421535128,1.0844583978960383
310.13584465372116,1.0840307278912493
310.1658471539295,1.0836029657211048
310.1958496541378,1.0831751118547763
310.22585215434617,1.082747166761534
310.2558546545545,1.082319130910753
310.2858571547629,1.0818910047719033
310.31585965497123,1.0814627888145576
310.3458621551796,1.081034483508385
310.37586465538794,1.0806060893231522
310.4058671555963,1.0801776067287254
310.43586965580465,1.0797490361950657
310.465872156013,1.079320378192233
310.49587465622136,1.0788916331903804
310.5258771564297,1.0784628016597577
310.55587965663807,1.0780338840707104
310.5858821568464,1.077604880893677
310.6158846570548,1.0771757925991912
310.6458871572631,1.0767466196578799
310.67588965747143,1.0763173625404598
310.7058921576798,1.0758880217177447
310.73589465788814,1.0754585976606372
310.7658971580965,1.0750290908401312
310.79589965830485,1.0745995017273136
310.8259021585132,1.0741698307933585
310.85590465872156,1.0737400785095328
310.8859071589299,1.0733102453471906
310.91590965913826,1.0728803317777742
310.9459121593466,1.0724503382728168
310.975914659555,1.0720202653039361
311.0059171597633,1.0715901133428398
311.0359196599717,1.0711598828613202
311.06592216018004,1.070729574331256
311.0959246603884,1.0702991882246127
311.1259271605967,1.0698687250134409
311.15592966080504,1.0694381851698722
311.1859321610134,1.0690075691661274
311.21593466122175,1.068576877474507
311.2459371614301,1.0681461105673977
311.27593966163846,1.0677152689172658
311.3059421618468,1.0672843529966602
311.33594466205517,1.0668533632782133
311.3659471622635,1.0664223002346356
311.3959496624719,1.0659911643387208
311.42595216268023,1.06555995606334
311.4559546628886,1.0651286758814444
311.48595716309694,1.064697324266066
311.5159596633053,1.0642659016903124
311.54596216351365,1.0638344086273699
311.57596466372195,1.0634028455505045
311.6059671639303,1.0629712129330537
311.63596966413866,1.062539511248437
311.665972164347,1.0621077409701465
311.69597466455537,1.061675902571749
311.7259771647637,1.0612439965268892
311.7559796649721,1.0608120233092821
311.7859821651804,1.06037998339272
311.8159846653888,1.0599478772510658
311.84598716559714,1.059515705358255
311.8759896658055,1.0590834681882975
311.90599216601385,1.0586511662152727
311.9359946662222,1.0582187999133312
311.96599716643055,1.0577863697566958
311.9959996666389,1.0573538762196573
312.02600216684726,1.0569213197765779
312.05600466705556,1.056488700901888
312.0860071672639,1.0560560200700841
312.11600966747227,1.0556232777557355
312.1460121676806,1.0551904744334741
312.176014667889,1.054757610578003
312.20601716809733,1.0543246866640885
312.2360196683057,1.0538917031665633
312.26602216851404,1.0534586605603276
312.2960246687224,1.053025559320344
312.32602716893075,1.0525923999216393
312.3560296691391,1.0521591828393073
312.38603216934746,1.0517259085485007
312.4160346695558,1.0512925775244386
312.44603716976417,1.0508591902424005
312.4760396699725,1.0504257471777267
312.5060421701808,1.0499922488058224
312.5360446703892,1.0495586956021479
312.5660471705975,1.049125088042229
312.5960496708059,1.0486914266016478
312.62605217101424,1.048257711756046
312.6560546712226,1.047823943981126
312.68605717143095,1.0473901237526457
312.7160596716393,1.0469562515464208
312.74606217184765,1.046522327838326
312.776064672056,1.04608835310429
312.80606717226436,1.0456543278202997
312.8360696724727,1.045220252462396
312.8660721726811,1.0447861275066743
312.8960746728894,1.0443519534292864
312.9260771730978,1.0439177307064358
312.95607967330614,1.0434834598143812
312.98608217351443,1.0430491412294338
313.0160846737228,1.042614775427954
313.04608717393114,1.0421803628863588
313.0760896741395,1.041745904081114
313.10609217434785,1.0413113994887349
313.1360946745562,1.04087684958579
313.16609717476456,1.0404422548488952
313.1960996749729,1.0400076157547173
313.22610217518127,1.0395729327799703
313.2561046753896,1.0391382064014159
313.286107175598,1.0387034370958657
313.31610967580633,1.0382686253401758
313.3461121760147,1.0378337716112518
313.37611467622304,1.0373988763860422
313.4061171764314,1.0369639401415423
313.4361196766397,1.0365289633547945
313.46612217684805,1.0360939465028816
313.4961246770564,1.035658890062932
313.52612717726475,1.03522379451212
313.5561296774731,1.034788660327659
313.58613217768146,1.034353487986808
313.6161346778898,1.0339182779668656
313.6461371780982,1.0334830307451721
313.6761396783065,1.03304774679911
313.7061421785149,1.0326124266060999
313.73614467872324,1.0321770706436046
313.7661471789316,1.0317416793891245
313.79614967913994,1.031306253320198
313.8261521793483,1.0308707929144043
313.85615467955665,1.0304352986493575
313.88615717976495,1.029999771002712
313.9161596799733,1.0295642104521547
313.94616218018166,1.0291286174754108
313.97616468039,1.0286929925502426
314.00616718059837,1.028257336154445
314.0361696808067,1.0278216487658476
314.0661721810151,1.027385930862316
314.09617468122343,1.0269501829217471
314.1261771814318,1.0265144054220723
314.15617968164014,1.0260785988412544
314.1861821818485,1.0256427636572876
314.21618468205685,1.0252069003481996
314.2461871822652,1.0247710093920464
314.27618968247356,1.0243350912669167
314.3061921826819,1.0238991464509275
314.33619468289027,1.0234631754222245
314.36619718309856,1.0230271786589855
314.3961996833069,1.0225911566394115
314.4262021835153,1.022155109841734
314.4562046837236,1.0217190387442132
314.486207183932,1.0212829438251323
314.51620968414034,1.0208468255628045
314.5462121843487,1.0204106844355656
314.57621468455704,1.019974520921777
314.6062171847654,1.0195383354998264
314.63621968497375,1.0191021286481232
314.6662221851821,1.018665900845103
314.69622468539046,1.0182296525692214
314.7262271855988,1.0177933842989577
314.75622968580717,1.0173570965128147
314.7862321860155,1.0169207896893135
314.8162346862238,1.0164844643070003
314.8462371864322,1.0160481208444367
314.87623968664053,1.0156117597802068
314.9062421868489,1.015175381592915
314.93624468705724,1.0147389867611825
314.9662471872656,1.014302575763649
314.99624968747395,1.0138661490789738
315.0262521876823,1.0134297071858305
315.05625468789066,1.0129932505629125
315.086257188099,1.012556779688927
315.11625968830737,1.012120295042597
315.1462621885157,1.0116837971026624
315.1762646887241,1.0112472863478752
315.20626718893243,1.0108107632570045
315.2362696891408,1.01037422830883
315.26627218934914,1.009937681982145
315.29627468955744,1.0095011247557582
315.3262771897658,1.0090645571084857
315.35627968997414,1.008627979519157
315.3862821901825,1.0081913924666146
315.41628469039085,1.0077547964297078
315.4462871905992,1.007318191887299
315.47628969080756,1.006881579318258
315.5062921910159,1.0064449592014626
315.53629469122427,1.006008332015802
315.5662971914326,1.0055716982401695
315.596299691641,1.0051350583534688
315.62630219184933,1.0046984128346084
315.6563046920577,1.0042617621625027
315.68630719226604,1.0038251068160737
315.7163096924744,1.0033884472742463
315.7463121926827,1.002951784015953
315.77631469289105,1.0025151175201263
315.8063171930994,1.0020784482657041
315.83631969330776,1.0016417767316297
315.8663221935161,1.0012051033968454
315.89632469372447,1.0007684287402963
315.9263271939328,1.0003317532409313
315.9563296941412,0.9998950773776967
315.98633219434953,0.9994584016295425
316.0163346945579,0.9990217264754162
316.04633719476624,0.9985850523942649
316.0763396949746,0.9981483798650364
316.10634219518295,0.9977117093666741
316.1363446953913,0.997275041378122
316.16634719559966,0.9968383763783192
316.196349695808,0.9964017148462015
316.2263521960163,0.9959650572607038
316.25635469622466,0.9955284041007525
316.286357196433,0.9950917558452708
316.31635969664137,0.9946551129731785
316.3463621968497,0.9942184759633864
316.3763646970581,0.9937818452948018
316.40636719726643,0.9933452214463229
316.4363696974748,0.9929086048968403
316.46637219768314,0.9924719961252387
316.4963746978915,0.9920353956103918
316.52637719809985,0.9915988038311667
316.5563796983082,0.991162221266419
316.58638219851656,0.9907256483949938
316.6163846987249,0.9902890856957284
316.64638719893327,0.9898525336474462
316.67638969914157,0.9894159927289599
316.7063921993499,0.9889794634190698
316.7363946995583,0.9885429461965631
316.76639719976663,0.9881064415402157
316.796399699975,0.9876699499287873
316.82640220018334,0.9872334718410237
316.8564047003917,0.9867970077556579
316.88640720060005,0.9863605581514047
316.9164097008084,0.9859241235069656
316.94641220101676,0.9854877043010237
316.9764147012251,0.9850513010122456
317.00641720143346,0.9846149141192819
317.0364197016418,0.9841785441007636
317.0664222018502,0.9837421914353027
317.0964247020585,0.9833058566014949
317.1264272022669,0.9828695400779129
317.1564297024752,0.9824332423431135
317.18643220268353,0.981996963875628
317.2164347028919,0.981560705153969
317.24643720310024,0.9811244666566289
317.2764397033086,0.9806882488620751
317.30644220351695,0.9802520522487549
317.3364447037253,0.9798158772950905
317.36644720393366,0.9793797244794802
317.396449704142,0.9789435942803001
317.42645220435037,0.9785074871758996
317.4564547045587,0.9780714036446027
317.4864572047671,0.9776353441647093
317.51645970497543,0.9771993092144906
317.5464622051838,0.9767632992721934
317.57646470539214,0.9763273148160351
317.60646720560044,0.9758913563242058
317.6364697058088,0.9754554242748671
317.66647220601715,0.9750195191461509
317.6964747062255,0.9745836414161619
317.72647720643386,0.9741477915629723
317.7564797066422,0.9737119700646237
317.78648220685056,0.9732761773991292
317.8164847070589,0.9728404140444676
317.8464872072673,0.972404680478586
317.8764897074756,0.9719689771794007
317.906492207684,0.9715333046247918
317.93649470789234,0.9710976632926089
317.9664972081007,0.9706620536606652
317.99649970830905,0.9702264762067387
318.0265022085174,0.9697909314085748
318.0565047087257,0.9693554197438804
318.08650720893405,0.9689199416903272
318.1165097091424,0.96848449772555
318.14651220935076,0.9680490883271451
318.1765147095591,0.9676137139726736
318.20651720976747,0.9671783751396555
318.2365197099758,0.9667430723055722
318.2665222101842,0.9663078059478676
318.29652471039253,0.9658725765439427
318.3265272106009,0.965437384571161
318.35652971080924,0.9650022305068426
318.3865322110176,0.9645671148282662
318.41653471122595,0.9641320380126703
318.4465372114343,0.9636970005372483
318.47653971164266,0.963262002879153
318.506542211851,0.9628270455154914
318.5365447120593,0.962392128923327
318.56654721226766,0.961957253579679
318.596549712476,0.9615224199615207
318.6265522126844,0.9610876285457793
318.6565547128927,0.9606528798093381
318.6865572131011,0.96021817422903
318.71655971330944,0.9597835122816442
318.7465622135178,0.9593488944439194
318.77656471372615,0.9589143211925459
318.8065672139345,0.9584797930041679
318.83656971414285,0.9580453103553763
318.8665722143512,0.9576108737227159
318.89657471455956,0.9571764835826782
318.9265772147679,0.9567421404117039
318.9565797149763,0.9563078446861846
318.98658221518457,0.9558735968824579
319.0165847153929,0.9554393974768072
319.0465872156013,0.9550052469454667
319.07658971580963,0.9545711457646139
319.106592216018,0.9541370944103745
319.13659471622634,0.9537030933588179
319.1665972164347,0.9532691430859578
319.19659971664305,0.9528352440677549
319.2266022168514,0.9524013967801104
319.25660471705976,0.9519676016988717
319.2866072172681,0.9515338592998271
319.31660971747647,0.9511001700587067
319.3466122176848,0.9506665344511849
319.3766147178932,0.9502329529528738
319.40661721810153,0.9497994260393295
319.4366197183099,0.9493659541860461
319.4666222185182,0.9489325378684577
319.49662471872654,0.9484991775619376
319.5266272189349,0.948065873741798
319.55662971914325,0.9476326268832879
319.5866322193516,0.9471994374615962
319.61663471955995,0.9467663059518462
319.6466372197683,0.9463332328291002
319.67663971997666,0.9459002185683544
319.706642220185,0.9454672636445404
319.7366447203934,0.9450343685325271
319.7666472206017,0.9446015337071146
319.7966497208101,0.94416875964304
319.82665222101843,0.9437360468149716
319.8566547212268,0.9433033956975103
319.88665722143514,0.9428708067651917
319.91665972164344,0.9424382804924817
319.9466622218518,0.9420058173537751
319.97666472206015,0.9415734178234022
320.0066672222685,0.9411410823756197
320.03666972247686,0.9407088114846167
320.0666722226852,0.9402766056245097
320.09667472289357,0.9398444652693435
320.1266772231019,0.9394123908930937
320.1566797233103,0.9389803829696602
320.18668222351863,0.9385484419728731
320.216684723727,0.9381165683764869
320.24668722393534,0.9376847626541822
320.2766897241437,0.9372530252795673
320.30669222435205,0.9368213567261725
320.3366947245604,0.9363897574674558
320.36669722476876,0.9359582279767968
320.39669972497705,0.9355267687274995
320.4267022251854,0.9350953801927906
320.45670472539376,0.9346640628458194
320.4867072256021,0.9342328171596564
320.5167097258105,0.9338016436072957
320.5467122260188,0.9333705426616492
320.5767147262272,0.9329395147955523
320.60671722643553,0.9325085604817579
320.6367197266439,0.9320776801929384
320.66672222685224,0.9316468744016869
320.6967247270606,0.9312161435805123
320.72672722726895,0.9307854882018437
320.7567297274773,0.9303549087380257
320.78673222768566,0.9299244056613195
320.816734727894,0.9294939794439045
320.8467372281023,0.9290636305578746
320.87673972831067,0.9286333594752365
320.906742228519,0.928203166667916
320.9367447287274,0.9277730526077497
320.96674722893573,0.9273430177664903
320.9967497291441,0.9269130626158015
321.02675222935244,0.9264831876272599
321.0567547295608,0.9260533932723561
321.08675722976915,0.9256236800224895
321.1167597299775,0.9251940483489731
321.14676223018586,0.9247644987230289
321.1767647303942,0.9243350316157882
321.20676723060257,0.9239056474982944
321.2367697308109,0.9234763468414969
321.2667722310193,0.9230471301162565
321.29677473122763,0.9226179977933395
321.3267772314359,0.9221889503434207
321.3567797316443,0.9217599882370817
321.38678223185264,0.9213311119448103
321.416784732061,0.9209023219369997
321.44678723226934,0.9204736186839506
321.4767897324777,0.9200450026558655
321.50679223268605,0.9196164743228543
321.5367947328944,0.9191880341549284
321.56679723310276,0.9187596826220026
321.5967997333111,0.9183314201938967
321.62680223351947,0.9179032473403296
321.6568047337278,0.9174751645309253
321.6868072339362,0.9170471722352063
321.71680973414453,0.9166192709225964
321.7468122343529,0.9161914610624216
321.7768147345612,0.9157637431239056
321.80681723476954,0.9153361175761702
321.8368197349779,0.914908584888239
321.86682223518625,0.9144811455290311
321.8968247353946,0.9140537999673657
321.92682723560296,0.9136265486719568
321.9568297358113,0.9131993921114154
321.98683223601967,0.9127723307542505
322.016834736228,0.9123453650688639
322.0468372364364,0.9119184955235552
322.07683973664473,0.9114917225865166
322.1068422368531,0.9110650467258342
322.13684473706144,0.9106384684094899
322.1668472372698,0.9102119881053563
322.19684973747815,0.9097856062811986
322.22685223768644,0.909359323404677
322.2568547378948,0.9089331399433377
322.28685723810315,0.9085070563646234
322.3168597383115,0.9080810731358641
322.34686223851986,0.9076551907242798
322.3768647387282,0.907229409596982
322.40686723893657,0.9068037302209683
322.4368697391449,0.9063781530631276
322.4668722393533,0.9059526785902347
322.49687473956163,0.9055273072689513
322.52687723977,0.9051020395658285
322.55687973997834,0.9046768759473015
322.5868822401867,0.9042518168796914
322.61688474039505,0.9038268628292067
322.6468872406034,0.9034020142619377
322.67688974081176,0.9029772716438623
322.70689224102006,0.9025526354408403
322.7368947412284,0.9021281061186129
322.76689724143677,0.9017036841428083
322.7968997416451,0.9012793699789334
322.8269022418535,0.9008551640923798
322.85690474206183,0.9004310669484179
322.8869072422702,0.900007079012199
322.91690974247854,0.8995832007487571
322.9469122426869,0.8991594326230031
322.97691474289525,0.8987357750997277
323.0069172431036,0.898312228643602
323.03691974331196,0.8978887937191727
323.0669222435203,0.8974654707908671
323.09692474372866,0.8970422603229871
323.126927243937,0.8966191627797117
323.1569297441453,0.8961961786250986
323.18693224435367,0.8957733083230763
323.216934744562,0.8953505523374534
323.2469372447704,0.8949279111319102
323.27693974497873,0.894505385170001
323.3069422451871,0.8940829749151563
323.33694474539544,0.8936606808306771
323.3669472456038,0.893238503379737
323.39694974581215,0.892816443025384
323.4269522460205,0.8923945002305348
323.45695474622886,0.89197267545798
323.4869572464372,0.8915509691703785
323.51695974664557,0.8911293818302592
323.5469622468539,0.8907079139000231
323.5769647470623,0.890286565841937
323.60696724727063,0.889865338118139
323.63696974747893,0.8894442311906339
323.6669722476873,0.8890232455212921
323.69697474789564,0.8886023815718551
323.726977248104,0.888181639803928
323.75697974831235,0.8877610206789817
323.7869822485207,0.8873405246583552
323.81698474872906,0.8869201522032495
323.8469872489374,0.8864999037747325
323.87698974914576,0.8860797798337344
323.9069922493541,0.8856597808410488
323.9369947495625,0.885239907257334
323.9669972497708,0.8848201595431084
323.9969997499792,0.884400538158755
324.02700225018754,0.883981043564516
324.0570047503959,0.8835616762204946
324.0870072506042,0.8831424365866575
324.11700975081254,0.8827233251228266
324.1470122510209,0.8823043422886858
324.17701475122925,0.8818854885437791
324.2070172514376,0.8814667643475061
324.23701975164596,0.8810481701591273
324.2670222518543,0.8806297064377582
324.29702475206267,0.8802113736423715
324.327027252271,0.8797931722317981
324.3570297524794,0.8793751026647223
324.38703225268773,0.8789571653996865
324.4170347528961,0.8785393608950858
324.44703725310444,0.8781216896091697
324.4770397533128,0.8777041520000437
324.50704225352115,0.877286748525664
324.5370447537295,0.8768694796438424
324.5670472539378,0.8764523458122416
324.59704975414616,0.8760353474883742
324.6270522543545,0.8756184851296082
324.65705475456286,0.8752017591931598
324.6870572547712,0.8747851701360957
324.7170597549796,0.8743687184153343
324.7470622551879,0.8739524044876408
324.7770647553963,0.8735362288096318
324.80706725560464,0.8731201918377705
324.837069755813,0.8727042940283678
324.86707225602134,0.8722885358375838
324.8970747562297,0.8718729177214233
324.92707725643805,0.8714574401357398
324.9570797566464,0.8710421035362305
324.98708225685476,0.8706269083784381
325.01708475706306,0.8702118551177533
325.0470872572714,0.8697969442094065
325.07708975747977,0.869382176108474
325.1070922576881,0.8689675512698773
325.1370947578965,0.8685530701483779
325.16709725810483,0.8681387331985821
325.1970997583132,0.8677245408749364
325.22710225852154,0.8673104936317284
325.2571047587299,0.8668965919230887
325.28710725893825,0.8664828362029854
325.3171097591466,0.8660692269252297
325.34711225935496,0.8656557645434696
325.3771147595633,0.8652424495111922
325.40711725977167,0.8648292822817252
325.43711975998,0.8644162633082311
325.4671222601884,0.8640033930437129
325.4971247603967,0.8635906719410087
325.527127260605,0.8631781004527912
325.5571297608134,0.8627656790315733
325.58713226102174,0.8623534081297002
325.6171347612301,0.8619412881993522
325.64713726143844,0.8615293196925462
325.6771397616468,0.8611175030611298
325.70714226185515,0.8607058387567873
325.7371447620635,0.8602943272310336
325.76714726227186,0.8598829689352161
325.7971497624802,0.8594717643205161
325.82715226268857,0.8590607138379436
325.8571547628969,0.8586498179383426
325.8871572631053,0.8582390770723851
325.91715976331363,0.8578284916905733
325.94716226352193,0.8574180622432415
325.9771647637303,0.8570077891805488
326.00716726393864,0.8565976729524849
326.037169764147,0.856187714008869
326.06717226435535,0.8557779127993448
326.0971747645637,0.855368269773386
326.12717726477206,0.8549587853802905
326.1571797649804,0.8545494600691821
326.18718226518877,0.8541402942890127
326.2171847653971,0.8537312884885562
326.2471872656055,0.8533224431164135
326.27718976581383,0.8529137586210077
326.3071922660222,0.8525052354505858
326.33719476623054,0.8520968740532192
326.3671972664389,0.8516886748767999
326.3971997666472,0.8512806383690448
326.42720226685555,0.8508727649774884
326.4572047670639,0.8504650551494888
326.48720726727225,0.8500575093322252
326.5172097674806,0.8496501279726958
326.54721226768896,0.8492429115177178
326.5772147678973,0.8488358604139299
326.60721726810567,0.8484289751077865
326.637219768314,0.8480222560455628
326.6672222685224,0.8476157036733502
326.69722476873073,0.8472093184370564
326.7272272689391,0.8468031007824086
326.75722976914744,0.846397051154947
326.7872322693558,0.8459911700000304
326.81723476956415,0.845585457762831
326.8472372697725,0.8451799148883351
326.8772397699808,0.8447745418213467
326.90724227018916,0.8443693390064788
326.9372447703975,0.8439643068881604
326.96724727060587,0.843559445910634
326.9972497708142,0.8431547565179521
327.0272522710226,0.8427502391539815
327.05725477123093,0.8423458942623984
327.0872572714393,0.8419417222866897
327.11725977164764,0.8415377236701549
327.147262271856,0.8411338988559003
327.17726477206435,0.8407302482868447
327.2072672722727,0.8403267724057135
327.23726977248106,0.8399234716550404
327.2672722726894,0.8395203464771694
327.29727477289777,0.839117397314249
327.32727727310606,0.838714624608238
327.3572797733144,0.8383120288008975
327.38728227352277,0.837909610333797
327.4172847737311,0.8375073696483124
327.4472872739395,0.8371053071856229
327.47728977414783,0.8367034233867121
327.5072922743562,0.8363017186923698
327.53729477456454,0.8359001935431862
327.5672972747729,0.8354988483795579
327.59729977498125,0.8350976836416816
327.6273022751896,0.8346966997695563
327.65730477539796,0.8342958972029848
327.6873072756063,0.8338952763815679
327.71730977581467,0.8334948377447102
327.747312276023,0.8330945817316143
327.7773147762314,0.8326945087812825
327.8073172764397,0.8322946193325188
327.83731977664803,0.8318949138239223
327.8673222768564,0.831495392693892
327.89732477706474,0.8310960563806264
327.9273272772731,0.8306969053221182
327.95732977748145,0.8302979399561597
327.9873322776898,0.8298991607203379
328.01733477789816,0.8295005680520351
328.0473372781065,0.8291021623884314
328.07733977831487,0.8287039441664987
328.1073422785232,0.8283059138230064
328.1373447787316,0.8279080717945158
328.1673472789399,0.8275104185173813
328.1973497791483,0.8271129544277526
328.22735227935664,0.8267156799615697
328.25735477956493,0.8263185955545655
328.2873572797733,0.8259217016422642
328.31735977998164,0.8255249986599806
328.34736228019,0.8251284870428222
328.37736478039835,0.824732167225684
328.4073672806067,0.8243360396432513
328.43736978081506,0.8239401047300003
328.4673722810234,0.8235443629201933
328.49737478123177,0.8231488146478831
328.5273772814401,0.8227534603469089
328.5573797816485,0.8223583004508965
328.58738228185683,0.8219633353932607
328.6173847820652,0.8215685656072009
328.64738728227354,0.8211739915257018
328.6773897824819,0.820779613581536
328.70739228269025,0.8203854322072577
328.73739478289855,0.8199914478352094
328.7673972831069,0.8195976608975132
328.79739978331526,0.8192040718260767
328.8274022835236,0.818810681052592
328.85740478373197,0.8184174890085307
328.8874072839403,0.8180244961251496
328.9174097841487,0.8176317028334844
328.94741228435703,0.8172391095643524
328.9774147845654,0.8168467167483534
329.00741728477374,0.8164545248158652
329.0374197849821,0.8160625341970454
329.06742228519045,0.8156707453218328
329.0974247853988,0.8152791586199422
329.12742728560715,0.8148877745208691
329.1574297858155,0.8144965934538855
329.1874322860238,0.8141056158480406
329.21743478623216,0.8137148421321608
329.2474372864405,0.8133242727348482
329.27743978664887,0.8129339080844827
329.3074422868572,0.8125437486092177
329.3374447870656,0.8121537947369817
329.36744728727393,0.8117640468954793
329.3974497874823,0.8113745055121875
329.42745228769064,0.8109851710143569
329.457454787899,0.8105960438290126
329.48745728810735,0.8102071243829505
329.5174597883157,0.8098184131027406
329.54746228852406,0.8094299104147229
329.5774647887324,0.8090416167450087
329.60746728894077,0.8086535325194819
329.6374697891491,0.8082656581637939
329.6674722893574,0.8078779941033696
329.6974747895658,0.807490540763399
329.72747728977413,0.8071032985688428
329.7574797899825,0.8067162679444319
329.78748229019084,0.8063294493146628
329.8174847903992,0.8059428431037996
329.84748729060755,0.8055564497358755
329.8774897908159,0.8051702696346874
329.90749229102425,0.8047843032238011
329.9374947912326,0.8043985509265461
329.96749729144096,0.8040130131660167
329.9974997916493,0.8036276903650743
330.0275022918577,0.8032425829463417
330.057504792066,0.8028576913322079
330.0875072922744,0.8024730159448237
330.1175097924827,0.802088557206103
330.14751229269103,0.8017043155377224
330.1775147928994,0.8013202913611199
330.20751729310774,0.8009364850974952
330.2375197933161,0.8005528971678098
330.26752229352445,0.800169527992784
330.2975247937328,0.7997863779929004
330.32752729394116,0.7994034475883994
330.3575297941495,0.7990207371992806
330.38753229435787,0.7986382472453037
330.4175347945662,0.798255978145985
330.4475372947746,0.7978739303206004
330.47753979498293,0.7974921041881811
330.5075422951913,0.7971105001675158
330.53754479539964,0.7967291186771509
330.56754729560794,0.7963479601353878
330.5975497958163,0.7959670249602813
330.62755229602465,0.795586313569645
330.657554796233,0.7952058263810441
330.68755729644135,0.7948255638118001
330.7175597966497,0.7944455262789866
330.74756229685806,0.79406571419943
330.7775647970664,0.7936861279897115
330.8075672972748,0.7933067680661622
330.8375697974831,0.7929276348448673
330.8675722976915,0.7925487287416615
330.89757479789984,0.7921700501721305
330.9275772981082,0.7917915995516122
330.95757979831654,0.791413377295192
330.9875822985249,0.7910353838177075
331.01758479873325,0.7906576195337434
331.04758729894155,0.7902800848576332
331.0775897991499,0.7899027802034595
331.10759229935826,0.7895257059850518
331.1375947995666,0.7891488626159865
331.16759729977497,0.7887722505095888
331.1975997999833,0.7883958700789276
331.2276023001917,0.7880197217368202
331.25760480040003,0.7876438058958277
331.2876073006084,0.7872681229682558
331.31760980081674,0.7868926733661568
331.3476123010251,0.7865174575013247
331.37761480123345,0.7861424757852995
331.4076173014418,0.7857677286293625
331.43761980165016,0.785393216444538
331.4676223018585,0.785018939641594
331.4976248020668,0.7846448986310393
331.52762730227516,0.7842710938231224
331.5576298024835,0.7838975256278362
331.5876323026919,0.7835241944549112
331.6176348029002,0.7831511007138201
331.6476373031086,0.7827782448137737
331.67763980331694,0.7824056271637216
331.7076423035253,0.7820332481723541
331.73764480373364,0.7816611082480973
331.767647303942,0.7812892077991176
331.79764980415035,0.7809175472333165
331.8276523043587,0.7805461269583331
331.85765480456706,0.7801749473815442
331.8876573047754,0.7798040089100603
331.91765980498377,0.77943331195073
331.9476623051921,0.7790628569101351
331.9776648054004,0.7786926441945927
332.0076673056088,0.7783226742101541
332.03766980581713,0.7779529473626045
332.0676723060255,0.7775834640574615
332.09767480623384,0.7772142246999777
332.1276773064422,0.7768452296951356
332.15767980665055,0.776476479447652
332.1876823068589,0.7761079743619738
332.21768480706726,0.7757397148422787
332.2476873072756,0.7753717012924767
332.27768980748397,0.775003934116206
332.3076923076923,0.7746364137168371
332.3376948079007,0.7742691404974674
332.36769730810903,0.7739021148609238
332.3976998083174,0.7735353372097629
332.4277023085257,0.7731688079462685
332.45770480873404,0.7728025274724504
332.4877073089424,0.7724364961900484
332.51770980915074,0.7720707145005266
332.5477123093591,0.7717051828050774
332.57771480956745,0.7713399015046175
332.6077173097758,0.7709748709997887
332.63771980998416,0.7706100916909597
332.6677223101925,0.7702455639782211
332.69772481040087,0.7698812882613902
332.7277273106092,0.7695172649400059
332.7577298108176,0.7691534944133304
332.78773231102593,0.7687899770803504
332.8177348112343,0.7684267133397722
332.84773731144264,0.768063703590027
332.877739811651,0.767700948229265
332.9077423118593,0.7673384476553584
332.93774481206765,0.7669762022658998
332.967747312276,0.7666142124582018
332.99774981248436,0.7662524786292962
333.0277523126927,0.7658910011759359
333.05775481290107,0.76552978049459
333.0877573131094,0.7651688169814485
333.1177598133178,0.7648081110324175
333.14776231352613,0.7644476630431208
333.1777648137345,0.7640874734089009
333.20776731394284,0.7637275425248145
333.2377698141512,0.7633678707856366
333.26777231435955,0.7630084585858571
333.2977748145679,0.7626493063196802
333.32777731477626,0.7622904143810274
333.35777981498455,0.7619317831635335
333.3877823151929,0.7615734130605449
333.41778481540126,0.7612153044651261
333.4477873156096,0.7608574577700511
333.47778981581797,0.7604998733678094
333.5077923160263,0.7601425516506009
333.5377948162347,0.7597854930103373
333.56779731644303,0.7594286978386436
333.5977998166514,0.7590721665268538
333.62780231685974,0.7587158994660141
333.6578048170681,0.7583598970468801
333.68780731727645,0.7580041596599161
333.7178098174848,0.7576486876952981
333.74781231769316,0.7572934815429091
333.7778148179015,0.7569385415923406
333.8078173181098,0.7565838682328945
333.83781981831817,0.7562294618535759
333.8678223185265,0.7558753228431015
333.8978248187349,0.7555214515898923
333.92782731894323,0.7551678484820755
333.9578298191516,0.7548145139074862
333.98783231935994,0.7544614482536626
334.0178348195683,0.7541086519078499
334.04783731977665,0.7537561252569966
334.077839819985,0.7534038686877553
334.10784232019336,0.753051882586484
334.1378448204017,0.7527001673392425
334.16784732061006,0.7523487233317933
334.1978498208184,0.7519975509496032
334.2278523210268,0.7516466505778389
334.2578548212351,0.751296022601371
334.2878573214434,0.75094566740477
334.3178598216518,0.7505955853723059
334.34786232186013,0.7502457768879519
334.3778648220685,0.7498962423353791
334.40786732227684,0.7495469820979599
334.4378698224852,0.7491979965587641
334.46787232269355,0.7488492861005605
334.4978748229019,0.7485008511058178
334.52787732311026,0.7481526919567005
334.5578798233186,0.7478048090350713
334.58788232352697,0.7474572027224909
334.6178848237353,0.7471098734002148
334.6478873239437,0.7467628214491968
334.67788982415203,0.7464160472500848
334.7078923243604,0.7460695511832219
334.7378948245687,0.7457233336286487
334.76789732477704,0.7453773949660962
334.7978998249854,0.7450317355749934
334.82790232519375,0.744686355834461
334.8579048254021,0.7443412561233126
334.88790732561046,0.7439964368200567
334.9179098258188,0.7436518983028924
334.94791232602716,0.7433076409497107
334.9779148262355,0.7429636651380962
335.0079173264439,0.7426199712453223
335.0379198266522,0.7422765596483554
335.0679223268606,0.7419334307238505
335.09792482706894,0.741590584848153
335.1279273272773,0.741248022397299
335.15792982748565,0.7409057437470119
335.187932327694,0.7405637492727057
335.2179348279023,0.740222039349482
335.24793732811065,0.7398806143521282
335.277939828319,0.7395394746551228
335.30794232852736,0.7391986206326292
335.3379448287357,0.7388580526584974
335.36794732894407,0.7385177711062652
335.3979498291524,0.738177776349154
335.4279523293608,0.7378380687600734
335.45795482956913,0.7374986487116155
335.4879573297775,0.7371595165760579
335.51795982998584,0.7368206727253634
335.5479623301942,0.7364821175311769
335.57796483040255,0.7361438513648284
335.6079673306109,0.7358058745973297
335.63796983081926,0.7354681875993748
335.66797233102756,0.7351307907413425
335.6979748312359,0.7347936843932898
335.72797733144427,0.7344568689249567
335.7579798316526,0.7341203447057651
335.787982331861,0.7337841121048159
335.8179848320693,0.7334481714908918
335.8479873322777,0.7331125232324536
335.87798983248604,0.7327771676976417
335.9079923326944,0.7324421052542769
335.93799483290275,0.7321073362698565
335.9679973331111,0.7317728611115577
335.99799983331945,0.7314386801462346
336.0280023335278,0.7311047937404178
336.05800483373616,0.730771202260317
336.0880073339445,0.7304379060718158
336.1180098341529,0.7301049055404767
336.14801233436117,0.7297722010315362
336.1780148345695,0.7294397929099048
336.2080173347779,0.7291076815401714
336.23801983498623,0.7287758672865965
336.2680223351946,0.7284443505131157
336.29802483540294,0.7281131315833395
336.3280273356113,0.7277822108605492
336.35802983581965,0.7274515887077015
336.388032336028,0.7271212654874244
336.41803483623636,0.7267912415620175
336.4480373364447,0.7264615172934537
336.47803983665307,0.7261320930433754
336.5080423368614,0.7258029691730981
336.5380448370698,0.7254741460436059
336.56804733727813,0.7251456240155534
336.5980498374864,0.7248174034492669
336.6280523376948,0.724489484704739
336.65805483790314,0.7241618681416324
336.6880573381115,0.7238345541192801
336.71805983831985,0.7235075429966809
336.7480623385282,0.7231808351325031
336.77806483873655,0.7228544308850813
336.8080673389449,0.7225283306124168
336.83806983915326,0.7222025346721795
336.8680723393616,0.7218770434217028
336.89807483957,0.7215518572179884
336.9280773397783,0.721226976417702
336.9580798399867,0.7209024013771735
336.98808234019504,0.7205781324524002
337.0180848404034,0.7202541699990406
337.04808734061174,0.7199305143724197
337.07808984082004,0.7196071659275247
337.1080923410284,0.7192841250190043
337.13809484123675,0.7189613920011733
337.1680973414451,0.7186389672280061
337.19809984165346,0.7183168510531397
337.2281023418618,0.7179950438298739
337.25810484207017,0.7176735459111674
337.2881073422785,0.7173523576496421
337.3181098424869,0.7170314793975783
337.34811234269523,0.7167109115069166
337.3781148429036,0.7163906543292585
337.40811734311194,0.7160707082158629
337.4381198433203,0.7157510735176495
337.46812234352865,0.7154317505851948
337.498124843737,0.7151127397687334
337.5281273439453,0.7147940414181596
337.55812984415365,0.7144756558830219
337.588132344362,0.7141575835125273
337.61813484457036,0.7138398246555404
337.6481373447787,0.7135223796605797
337.6781398449871,0.7132052488758218
337.7081423451954,0.7128884326490966
337.7381448454038,0.7125719313278898
337.76814734561214,0.7122557452593423
337.7981498458205,0.7119398747902479
337.82815234602884,0.7116243202670561
337.8581548462372,0.7113090820358683
337.88815734644555,0.7109941604424388
337.9181598466539,0.7106795558321766
337.94816234686226,0.7103652685501405
337.97816484707056,0.7100512989410441
338.0081673472789,0.7097376473492496
338.03816984748727,0.7094243141187714
338.0681723476956,0.7091112995932762
338.098174847904,0.7087986041160799
338.12817734811233,0.7084862280301476
338.1581798483207,0.7081741716780963
338.18818234852904,0.7078624354021901
338.2181848487374,0.707551019544344
338.24818734894575,0.7072399244461199
338.2781898491541,0.7069291504487285
338.30819234936246,0.7066186978930291
338.3381948495708,0.7063085671195268
338.36819734977917,0.7059987584683758
338.3981998499875,0.7056892722793753
338.4282023501959,0.7053801088919709
338.4582048504042,0.7050712686452563
338.4882073506125,0.7047627518779676
338.5182098508209,0.7044545589284876
338.54821235102924,0.704146690134845
338.5782148512376,0.703839145834711
338.60821735144594,0.7035319263654028
338.6382198516543,0.70322503206388
338.66822235186265,0.7029184632667453
338.698224852071,0.7026122203102461
338.72822735227936,0.7023063035302701
338.7582298524877,0.7020007132623499
338.78823235269607,0.7016954498416578
338.8182348529044,0.7013905136030079
338.8482373531128,0.7010859048808566
338.87823985332113,0.7007816240093006
338.90824235352943,0.7004776713220762
338.9382448537378,0.7001740471525605
338.96824735394614,0.6998707518337697
338.9982498541545,0.6995677856983609
339.02825235436285,0.6992651490786281
339.0582548545712,0.6989628423065046
339.08825735477956,0.6986608657135629
339.1182598549879,0.6983592196310118
339.14826235519627,0.6980579043896992
339.1782648554046,0.6977569203201087
339.208267355613,0.697456267752361
339.23826985582133,0.6971559470162141
339.2682723560297,0.6968559584410614
339.29827485623804,0.696556302355931
339.3282773564464,0.6962569790894886
339.35827985665475,0.6959579889700325
339.38828235686304,0.695659332325498
339.4182848570714,0.6953610094834524
339.44828735727975,0.695063020771097
339.4782898574881,0.6947653665152691
339.50829235769646,0.6944680470424361
339.5382948579048,0.6941710626787008
339.56829735811317,0.6938744137497967
339.5982998583215,0.6935781005810895
339.6283023585299,0.6932821234975779
339.65830485873823,0.6929864828238907
339.6883073589466,0.692691178884288
339.71830985915494,0.6923962120026614
339.7483123593633,0.6921015825025314
339.77831485957165,0.69180729070705
339.80831735978,0.6915133369389979
339.8383198599883,0.6912197215207847
339.86832236019666,0.6909264447744498
339.898324860405,0.6906335070216599
339.92832736061337,0.690340908583712
339.9583298608217,0.6900486497815289
339.9883323610301,0.6897567309356613
340.01833486123843,0.6894651523662882
340.0483373614468,0.6891739143932143
340.07833986165514,0.6888830173358702
340.1083423618635,0.6885924615133145
340.13834486207185,0.6883022472442296
340.1683473622802,0.6880123748469247
340.19834986248856,0.6877228446393332
340.2283523626969,0.6874336569390127
340.25835486290526,0.6871448120631469
340.2883573631136,0.6868563103285416
340.3183598633219,0.6865681520516282
340.34836236353027,0.6862803375484591
340.3783648637386,0.6859928671347106
340.408367363947,0.6857057411256828
340.43836986415533,0.6854189598362967
340.4683723643637,0.685132523581095
340.49837486457204,0.6848464326742435
340.5283773647804,0.6845606874295272
340.55837986498875,0.6842752881603542
340.5883823651971,0.6839902351797513
340.61838486540546,0.6837055288003658
340.6483873656138,0.6834211693344661
340.67838986582217,0.6831371570939382
340.7083923660305,0.6828534923902893
340.7383948662389,0.6825701755346437
340.7683973664472,0.6822872068377451
340.79839986665553,0.6820045866099551
340.8284023668639,0.6817223151612528
340.85840486707224,0.6814403928012349
340.8884073672806,0.6811588198391161
340.91840986748895,0.6808775965837264
340.9484123676973,0.6805967233435137
340.97841486790566,0.6803162004265411
341.008417368114,0.6800360281404868
341.03841986832236,0.6797562067926466
341.0684223685307,0.6794767366899288
341.0984248687391,0.679197618138859
341.1284273689474,0.6789188514455753
341.1584298691558,0.6786404369158299
341.18843236936414,0.6783623748549904
341.2184348695725,0.6780846655680359
341.2484373697808,0.6778073093595609
341.27843986998914,0.6775303065337697
341.3084423701975,0.6772536573944804
341.33844487040585,0.6769773622451244
341.3684473706142,0.676701421388743
341.39844987082256,0.6764258351279895
341.4284523710309,0.676150603765129
341.45845487123927,0.675875727602036
341.4884573714476,0.6756012069401971
341.518459871656,0.6753270420807074
341.54846237186433,0.675053233324272
341.5784648720727,0.674779780971207
341.60846737228104,0.6745066853214352
341.6384698724894,0.6742339466744905
341.66847237269775,0.6739615653295135
341.69847487290605,0.6736895415852537
341.7284773731144,0.673417875740068
341.75847987332276,0.6731465680919211
341.7884823735311,0.6728756189383842
341.81848487373946,0.6726050285766367
341.8484873739478,0.6723347973034629
341.8784898741562,0.6720649254152544
341.9084923743645,0.6717954132080081
341.9384948745729,0.6715262609773256
341.96849737478124,0.6712574690184158
341.9984998749896,0.6709890376260901
342.02850237519795,0.6707209670947663
342.0585048754063,0.6704532577184652
342.08850737561465,0.6701859097908116
342.118509875823,0.6699189236050349
342.1485123760313,0.6696522994539671
342.17851487623966,0.6693860376300416
342.208517376448,0.6691201384252972
342.23851987665637,0.6688546021313726
342.2685223768647,0.6685894290395104
342.2985248770731,0.6683246194405534
342.32852737728143,0.6680601736249459
342.3585298774898,0.6677960918827339
342.38853237769814,0.6675323745035635
342.4185348779065,0.6672690217766818
342.44853737811485,0.6670060339909352
342.4785398783232,0.6667434114347695
342.50854237853156,0.6664811543962317
342.5385448787399,0.6662192631629655
342.56854737894827,0.6659577380222157
342.5985498791566,0.6656965792608243
342.6285523793649,0.6654357871652312
342.6585548795733,0.6651753620214748
342.6885573797816,0.6649153041151907
342.71855987999,0.6646556137316115
342.74856238019834,0.664396291155568
342.7785648804067,0.6641373366714854
342.80856738061505,0.6638787505633875
342.8385698808234,0.6636205331148924
342.86857238103175,0.663362684609214
342.8985748812401,0.6631052053291628
342.92857738144846,0.6628480955571425
342.9585798816568,0.6625913555751537
342.98858238186517,0.6623349856647892
343.0185848820735,0.6620789861072369
343.0485873822819,0.6618233571832793
343.0785898824902,0.6615680991732915
343.10859238269853,0.6613132123572406
343.1385948829069,0.6610586970146891
343.16859738311524,0.6608045534247899
343.1985998833236,0.6605507818662901
343.22860238353195,0.6602973826175272
343.2586048837403,0.6600443559564304
343.28860738394866,0.6597917021605215
343.318609884157,0.6595394215069119
343.34861238436537,0.659287514272305
343.3786148845737,0.6590359807329939
343.4086173847821,0.658784821164861
343.43861988499043,0.6585340358433809
343.4686223851988,0.6582836250436152
343.49862488540714,0.6580335890402166
343.5286273856155,0.6577839281074256
343.5586298858238,0.6575346425190716
343.58863238603215,0.6572857325485724
343.6186348862405,0.6570371984689338
343.64863738644885,0.656789040552749
343.6786398866572,0.6565412590721996
343.70864238686556,0.6562938542990531
343.7386448870739,0.6560468265046648
343.7686473872823,0.6558001759599763
343.7986498874906,0.6555539029355142
343.828652387699,0.6553080077013933
343.85865488790733,0.6550624905273119
343.8886573881157,0.6548173516825555
343.91865988832404,0.6545725914359932
343.9486623885324,0.6543282100560788
343.97866488874075,0.6540842078108522
344.00866738894905,0.6538405849679362
344.0386698891574,0.6535973417945364
344.06867238936576,0.6533544785574447
344.0986748895741,0.6531119955230338
344.12867738978247,0.6528698929572612
344.1586798899908,0.652628171125666
344.1886823901992,0.6523868302933695
344.21868489040753,0.6521458707250765
344.2486873906159,0.6519052926850719
344.27868989082424,0.6516650964372239
344.3086923910326,0.6514252822449806
344.33869489124095,0.651185850371371
344.3686973914493,0.6509468010790063
344.39869989165766,0.6507081346300764
344.428702391866,0.6504698512863516
344.45870489207437,0.6502319513091834
344.48870739228266,0.649994434959501
344.518709892491,0.649757302497814
344.5487123926994,0.6495205541842103
344.5787148929077,0.6492841902783564
344.6087173931161,0.6490482110394984
344.63871989332443,0.6488126167264587
344.6687223935328,0.6485774075976392
344.69872489374114,0.6483425839110182
344.7287273939495,0.6481081459241511
344.75872989415785,0.6478740938941718
344.7887323943662,0.6476404280777892
344.81873489457456,0.6474071487312889
344.8487373947829,0.6471742561105336
344.87873989499127,0.6469417504709606
344.9087423951996,0.646709632067584
344.9387448954079,0.6464779011549928
344.9687473956163,0.6462465579873491
344.99874989582463,0.6460156028183928
345.028752396033,0.6457850359014359
345.05875489624134,0.6455548574893663
345.0887573964497,0.6453250678346444
345.11875989665805,0.6450956671893044
345.1487623968664,0.6448666558049551
345.17876489707476,0.6446380339327769
345.2087673972831,0.644409801823523
345.23876989749147,0.6441819597275206
345.2687723976998,0.6439545078946672
345.2987748979082,0.6437274465744341
345.32877739811653,0.6435007760158631
345.3587798983249,0.643274496467567
345.38878239853324,0.6430486081777312
345.41878489874154,0.6428231113941112
345.4487873989499,0.6425980063640329
345.47878989915824,0.6423732933343924
345.5087923993666,0.6421489725516563
345.53879489957495,0.6419250442618614
345.5687973997833,0.6417015087106128
345.59879989999166,0.6414783661430856
345.6288024002,0.6412556168040242
345.65880490040837,0.6410332609377406
345.6888074006167,0.6408112987881167
345.7188099008251,0.6405897305986015
345.74881240103343,0.6403685566122116
345.7788149012418,0.6401477770715327
345.80881740145014,0.6399273922187163
345.8388199016585,0.6397074022954823
345.8688224018668,0.639487807543117
345.89882490207515,0.6392686082024718
345.9288274022835,0.639049804513967
345.95882990249186,0.6388313967175872
345.9888324027002,0.6386133850528829
346.01883490290857,0.6383957697589713
346.0488374031169,0.6381785510745331
346.0788399033253,0.6379617292378159
346.10884240353363,0.6377453044866306
346.138844903742,0.6375292770583526
346.16884740395034,0.6373136471899228
346.1988499041587,0.6370984151178443
346.22885240436705,0.6368835810781857
346.2588549045754,0.6366691453065778
346.28885740478376,0.6364551080382144
346.31885990499205,0.6362414695078538
346.3488624052004,0.636028229949815
346.37886490540876,0.6358153895979801
346.4088674056171,0.6356029486857944
346.43886990582547,0.6353909074462635
346.4688724060338,0.635179266111956
346.4988749062422,0.6349680249150009
346.52887740645053,0.6347571840870887
346.5588799066589,0.634546743859471
346.58888240686724,0.6343367044629592
346.6188849070756,0.6341270661279265
346.64888740728395,0.6339178290843048
346.6788899074923,0.6337089935615863
346.70889240770066,0.6335005597888234
346.738894907909,0.6332925279946268
346.76889740811737,0.6330848984071675
346.79889990832567,0.632877671254175
346.828902408534,0.632670846762936
346.8589049087424,0.6324644251602977
346.88890740895073,0.632258406672664
346.9189099091591,0.6320527915259968
346.94891240936744,0.6318475799458168
346.9789149095758,0.6316427721572002
347.00891740978415,0.6314383683847822
347.0389199099925,0.6312343688527535
347.06892241020086,0.6310307737848615
347.0989249104092,0.6308275834044113
347.12892741061756,0.6306247979342621
347.1589299108259,0.6304224175968312
347.1889324110343,0.6302204426140898
347.2189349112426,0.6300188732075651
347.2489374114509,0.6298177095983402
347.2789399116593,0.6296169520070518
347.30894241186763,0.6294166006538915
347.338944912076,0.6292166557586067
347.36894741228434,0.6290171175404975
347.3989499124927,0.6288179862184187
347.42895241270105,0.6286192620107787
347.4589549129094,0.6284209451355387
347.48895741311776,0.6282230358102145
347.5189599133261,0.6280255342518735
347.54896241353447,0.6278284406771371
347.5789649137428,0.627631755302178
347.6089674139512,0.6274354783427218
347.63896991415953,0.6272396100140468
347.6689724143679,0.6270441505309816
347.69897491457624,0.626849100107908
347.72897741478454,0.6266544589587582
347.7589799149929,0.6264602272970148
347.78898241520125,0.6262664053357131
347.8189849154096,0.6260729932874377
347.84898741561796,0.6258799913643238
347.8789899158263,0.6256873997780574
347.90899241603466,0.6254952187398735
347.938994916243,0.6253034484605579
347.9689974164514,0.6251120891504449
347.9989999166597,0.6249211410194182
348.0290024168681,0.6247306042769112
348.05900491707644,0.6245404791319052
348.0890074172848,0.6243507657929311
348.11900991749314,0.6241614644680672
348.1490124177015,0.6239725753649398
348.1790149179098,0.6237840986907244
348.20901741811815,0.6235960346521425
348.2390199183265,0.6234083834554636
348.26902241853486,0.6232211453065051
348.2990249187432,0.6230343204106303
348.32902741895157,0.6228479089727503
348.3590299191599,0.6226619111973222
348.3890324193683,0.6224763272883486
348.41903491957663,0.6222911574493797
348.449037419785,0.6221064018835103
348.47903991999334,0.6219220607933817
348.5090424202017,0.6217381343811801
348.53904492041005,0.6215546228486366
348.5690474206184,0.6213715263970283
348.59904992082676,0.6211888452271757
348.6290524210351,0.6210065795394449
348.6590549212434,0.6208247295337463
348.68905742145176,0.6206432954095329
348.7190599216601,0.6204622773658034
348.7490624218685,0.6202816756010991
348.7790649220768,0.6201014903135049
348.8090674222852,0.6199217217006494
348.83906992249354,0.6197423699597033
348.8690724227019,0.619563435287381
348.89907492291024,0.6193849178799389
348.9290774231186,0.6192068179331754
348.95907992332695,0.6190291356424322
348.9890824235353,0.6188518712025917
349.01908492374366,0.6186750248080787
349.049087423952,0.6184985966528593
349.07908992416037,0.6183225869304405
349.10909242436867,0.6181469958338717
349.139094924577,0.617971823555741
349.1690974247854,0.6177970702881785
349.19909992499373,0.6176227362228552
349.2291024252021,0.617448821550981
349.25910492541044,0.6172753264633069
349.2891074256188,0.617102251150123
349.31910992582715,0.616929595801259
349.3491124260355,0.6167573606060848
349.37911492624386,0.6165855457535081
349.4091174264522,0.6164141514319774
349.43911992666057,0.6162431778294784
349.4691224268689,0.6160726251335353
349.4991249270773,0.6159024935312123
349.52912742728563,0.6157327832091097
349.559129927494,0.6155634943533674
349.5891324277023,0.6153946271496624
349.61913492791064,0.6152261817832083
349.649137428119,0.6150581584387576
349.67913992832734,0.6148905573005989
349.7091424285357,0.614723378552558
349.73914492874405,0.6145566223779979
349.7691474289524,0.614390288959817
349.79914992916076,0.6142243784804513
349.8291524293691,0.6140588911218723
349.85915492957747,0.6138938270655867
349.8891574297858,0.6137291864926386
349.9191599299942,0.6135649695836058
349.94916243020253,0.6134011765186032
349.9791649304109,0.6132378074772793
350.00916743061924,0.6130748626388179
350.03916993082754,0.6129123421819389
350.0691724310359,0.6127502462848946
350.09917493124425,0.6125885751254725
350.1291774314526,0.6124273288809952
350.15917993166096,0.6122665077283178
350.1891824318693,0.6121061118438305
350.21918493207767,0.6119461414034557
350.249187432286,0.6117865965826501
350.2791899324944,0.6116274775564035
350.30919243270273,0.6114687844992381
350.3391949329111,0.6113105175852098
350.36919743311944,0.6111526769879063
350.3991999333278,0.6109952628804479
350.42920243353615,0.6108382754354877
350.4592049337445,0.6106817148252099
350.4892074339528,0.6105255812213315
350.51920993416115,0.6103698747951002
350.5492124343695,0.6102145957172956
350.57921493457786,0.6100597441582292
350.6092174347862,0.6099053202877427
350.63921993499457,0.6097513242752088
350.6692224352029,0.6095977562895316
350.6992249354113,0.6094446164991452
350.72922743561963,0.6092919050720138
350.759229935828,0.6091396221756324
350.78923243603634,0.6089877679770257
350.8192349362447,0.6088363426427483
350.84923743645305,0.6086853463388842
350.8792399366614,0.6085347792310467
350.90924243686976,0.6083846414843792
350.9392449370781,0.6082349332635529
350.9692474372864,0.6080856547327695
350.99924993749477,0.6079368060557577
351.0292524377031,0.6077883873957757
351.0592549379115,0.6076403989156101
351.08925743811983,0.6074928407775753
351.1192599383282,0.6073457131435137
351.14926243853654,0.6071990161747962
351.1792649387449,0.6070527500323202
351.20926743895325,0.6069069148765118
351.2392699391616,0.6067615108673234
351.26927243936996,0.6066165381642349
351.2992749395783,0.6064719969262535
351.32927743978667,0.6063278873119122
351.359279939995,0.6061842094792719
351.3892824402034,0.6060409635859189
351.41928494041167,0.605898149788966
351.44928744062,0.6057557682450522
351.4792899408284,0.6056138191103424
351.50929244103673,0.6054723025405269
351.5392949412451,0.6053312186908222
351.56929744145344,0.6051905677159695
351.5992999416618,0.605050349770236
351.62930244187015,0.6049105650074132
351.6593049420785,0.6047712135808176
351.68930744228686,0.6046322956432911
351.7193099424952,0.6044938113471992
351.74931244270357,0.6043557608444325
351.7793149429119,0.6042181442864055
351.8093174431203,0.6040809618240566
351.83931994332863,0.6039442136078483
351.869322443537,0.6038078997877669
351.8993249437453,0.6036720205133225
351.92932744395364,0.6035365759335476
351.959329944162,0.6034015661969985
351.98933244437035,0.6032669914517552
352.0193349445787,0.6031328518454195
352.04933744478706,0.6029991475251166
352.0793399449954,0.6028658786374943
352.10934244520377,0.6027330453287223
352.1393449454121,0.6026006477444932
352.1693474456205,0.6024686860300213
352.1993499458288,0.6023371603300427
352.2293524460372,0.6022060707888159
352.25935494624554,0.6020754175501202
352.2893574464539,0.6019452007572572
352.31935994666225,0.601815420553049
352.34936244687054,0.6016860770798396
352.3793649470789,0.6015571704794934
352.40936744728725,0.6014287008933958
352.4393699474956,0.6013006684624529
352.46937244770396,0.6011730733270915
352.4993749479123,0.6010459156272585
352.52937744812067,0.6009191955024215
352.559379948329,0.6007929130915675
352.5893824485374,0.6006670685332036
352.61938494874573,0.6005416619653572
352.6493874489541,0.6004166935255745
352.67938994916244,0.600292163350922
352.7093924493708,0.6001680715779847
352.73939494957915,0.6000444183428671
352.7693974497875,0.5999212037811932
352.79939994999586,0.5997984280281048
352.82940245020416,0.5996760912182637
352.8594049504125,0.599554193485849
352.88940745062087,0.5994327349645587
352.9194099508292,0.5993117157876097
352.9494124510376,0.5991911360877361
352.97941495124593,0.5990709959971903
353.0094174514543,0.5989512956477431
353.03941995166264,0.5988320351706818
353.069422451871,0.5987132146968126
353.09942495207935,0.5985948343564582
353.1294274522877,0.5984768942794585
353.15942995249605,0.5983593945951711
353.1894324527044,0.5982423354324702
353.21943495291276,0.5981257169197471
353.2494374531211,0.5980095391849095
353.2794399533294,0.5978938023553817
353.30944245353777,0.5977785065581047
353.3394449537461,0.5976636519195352
353.3694474539545,0.5975492385656465
353.39944995416283,0.5974352666219278
353.4294524543712,0.5973217362133842
353.45945495457954,0.5972086474645366
353.4894574547879,0.5970960004994212
353.51945995499625,0.5969837954415897
353.5494624552046,0.5968720324141095
353.57946495541296,0.5967607115395626
353.6094674556213,0.5966498329400465
353.63946995582967,0.5965393967371735
353.669472456038,0.5964294030520703
353.6994749562464,0.5963198520053788
353.7294774564547,0.5962107437172557
353.75947995666303,0.5961020783073704
353.7894824568714,0.5959938558949086
353.81948495707974,0.5958860765985688
353.8494874572881,0.5957787405365643
353.87948995749645,0.5956718478266216
353.9094924577048,0.5955653985859812
353.93949495791315,0.5954593929313974
353.9694974581215,0.5953538309791373
353.99949995832986,0.5952487128449825
354.0295024585382,0.5951440386442268
354.0595049587466,0.5950398084916773
354.0895074589549,0.5949360225016542
354.1195099591633,0.5948326807879907
354.14951245937164,0.5947297834640326
354.17951495958,0.5946273306426383
354.2095174597883,0.5945253224361784
354.23951995999664,0.594423758956536
354.269522460205,0.5943226403151066
354.29952496041335,0.5942219666227975
354.3295274606217,0.5941217379900285
354.35952996083006,0.5940219545267305
354.3895324610384,0.593922616342347
354.41953496124677,0.5938237235458323
354.4495374614551,0.5937252762456525
354.4795399616635,0.5936272745497855
354.50954246187183,0.5935297185657197
354.5395449620802,0.5934326084004554
354.56954746228854,0.5933359441605033
354.5995499624969,0.5932397259518852
354.62955246270525,0.5931439538801341
354.65955496291355,0.5930486280502931
354.6895574631219,0.5929537485669161
354.71955996333025,0.5928593155340672
354.7495624635386,0.5927653290553213
354.77956496374696,0.5926717892337634
354.8095674639553,0.5925786961719883
354.8395699641637,0.592486049972101
354.869572464372,0.5923938507357163
354.8995749645804,0.5923020985639589
354.92957746478874,0.592210793557463
354.9595799649971,0.5921199358163727
354.98958246520544,0.5920295254403408
355.0195849654138,0.5919395625285304
355.04958746562215,0.5918500471796128
355.0795899658305,0.5917609794917693
355.10959246603886,0.5916723595626897
355.13959496624716,0.5915841874895729
355.1695974664555,0.5914964633691263
355.19959996666387,0.5914091872975663
355.2296024668722,0.5913223593706176
355.2596049670806,0.5912359796835139
355.28960746728893,0.5911500483309966
355.3196099674973,0.5910645654073159
355.34961246770564,0.5909795310062298
355.379614967914,0.5908949452210044
355.40961746812235,0.5908108081444141
355.4396199683307,0.5907271198687405
355.46962246853906,0.5906438804857739
355.4996249687474,0.5905610900868112
355.52962746895577,0.5904787487626577
355.5596299691641,0.5903968566036257
355.5896324693724,0.5903154136995351
355.6196349695808,0.5902344201397125
355.6496374697891,0.5901538760129923
355.6796399699975,0.5900737814077157
355.70964247020584,0.5899941364117313
355.7396449704142,0.5899149411123936
355.76964747062254,0.5898361955965646
355.7996499708309,0.589757899950613
355.82965247103925,0.5896800542604137
355.8596549712476,0.5896026586113483
355.88965747145596,0.5895257130883049
355.9196599716643,0.5894492177756775
355.94966247187267,0.5893731727573668
355.979664972081,0.5892975781167794
356.0096674722894,0.5892224339368277
356.03966997249773,0.5891477402999303
356.06967247270603,0.589073497288012
356.0996749729144,0.5889997049825023
356.12967747312274,0.5889263634643375
356.1596799733311,0.5888534728139585
356.18968247353945,0.5887810331113126
356.2196849737478,0.5887090444358517
356.24968747395616,0.5886375068665337
356.2796899741645,0.5885664204818213
356.30969247437287,0.5884957853596822
356.3396949745812,0.5884256015775896
356.3696974747896,0.5883558692125215
356.39969997499793,0.5882865883409605
356.4297024752063,0.5882177590388946
356.45970497541464,0.5881493813818157
356.489707475623,0.5880814554447211
356.5197099758313,0.5880139813021124
356.54971247603964,0.5879469590279952
356.579714976248,0.5878803886958803
356.60971747645635,0.5878142703787821
356.6397199766647,0.5877486041492198
356.66972247687306,0.5876833900792163
356.6997249770814,0.5876186282402988
356.72972747728977,0.5875543187034984
356.7597299774981,0.5874904615393501
356.7897324777065,0.587427056817893
356.81973497791483,0.5873641046086695
356.8497374781232,0.587301604980726
356.87973997833154,0.5872395580026126
356.9097424785399,0.5871779637423825
356.93974497874825,0.5871168222675927
356.9697474789566,0.5870561336453035
356.9997499791649,0.5869958979420787
357.02975247937326,0.5869361152239849
357.0597549795816,0.5868767855565922
357.08975747978997,0.5868179090049737
357.1197599799983,0.5867594856337055
357.1497624802067,0.5867015155068667
357.17976498041503,0.5866439986880391
357.2097674806234,0.5865869352403077
357.23976998083174,0.5865303252262597
357.2697724810401,0.5864741687079857
357.29977498124845,0.5864184657470781
357.3297774814568,0.5863632164046324
357.35977998166516,0.5863084207412462
357.3897824818735,0.5862540788170199
357.41978498208186,0.5862001906915558
357.44978748229016,0.5861467564239591
357.4797899824985,0.5860937760728361
357.50979248270687,0.5860412496962966
357.5397949829152,0.5859891773519513
357.5697974831236,0.5859375590969138
357.59979998333193,0.585886394987799
357.6298024835403,0.5858356850807243
357.65980498374864,0.5857854294313083
357.689807483957,0.585735628094672
357.71980998416535,0.5856862811254373
357.7498124843737,0.5856373885777286
357.77981498458206,0.5855889505051712
357.8098174847904,0.5855409669608928
357.83981998499877,0.5854934379975214
357.8698224852071,0.5854463636671873
357.8998249854154,0.585399744021522
357.9298274856238,0.5853535791116579
357.95982998583213,0.585307868988229
357.9898324860405,0.5852626137013704
358.01983498624884,0.5852178133007185
358.0498374864572,0.5851734678354106
358.07983998666555,0.585129577354085
358.1098424868739,0.5850861419048807
358.13984498708226,0.5850431615354386
358.1698474872906,0.5850006362928991
358.19984998749896,0.5849585662239046
358.2298524877073,0.5849169513745976
358.2598549879157,0.5848757917906215
358.289857488124,0.5848350875171204
358.3198599883324,0.5847948385987389
358.34986248854074,0.5847550450796223
358.37986498874903,0.5847157070034164
358.4098674889574,0.5846768244132672
358.43986998916574,0.5846383973518214
358.4698724893741,0.5846004258612262
358.49987498958245,0.5845629099831287
358.5298774897908,0.5845258497586767
358.55987998999916,0.584489245228518
358.5898824902075,0.5844530964328005
358.61988499041587,0.5844174034111727
358.6498874906242,0.5843821662027825
358.6798899908326,0.5843473848462786
358.70989249104093,0.5843130593798092
358.7398949912493,0.5842791898410228
358.76989749145764,0.5842457762670676
358.799899991666,0.5842128186945917
358.8299024918743,0.5841803171597434
358.85990499208265,0.5841482716981703
358.889907492291,0.5841166823450201
358.91990999249936,0.5840855491349403
358.9499124927077,0.5840548721020777
358.97991499291606,0.5840246512800795
359.0099174931244,0.5839948867020917
359.0399199933328,0.58396557840076
359.0699224935411,0.5839367264082307
359.0999249937495,0.583908330756148
359.12992749395784,0.583880391475657
359.1599299941662,0.5838529085974012
359.18993249437455,0.5838258821515243
359.2199349945829,0.583799312167669
359.24993749479125,0.5837731986749772
359.2799399949996,0.5837475417020904
359.3099424952079,0.5837223412771496
359.33994499541626,0.5836975974277944
359.3699474956246,0.583673310181164
359.39994999583297,0.583649479563897
359.4299524960413,0.5836261056021308
359.4599549962497,0.5836031883215023
359.48995749645803,0.583580727747147
359.5199599966664,0.5835587239036999
359.54996249687474,0.5835371768152948
359.5799649970831,0.583516086505565
359.60996749729145,0.5834954529976422
359.6399699974998,0.5834752763141575
359.66997249770816,0.5834555564772406
359.6999749979165,0.5834362935085204
359.72997749812487,0.5834174874291248
359.75997999833316,0.5833991382596802
359.7899824985415,0.5833812460203123
359.8199849987499,0.5833638107306449
359.8499874989582,0.5833468324098017
359.8799899991666,0.5833303110764043
359.90999249937494,0.5833142467485735
359.9399949995833,0.5832986394439288
359.96999749979165,0.5832834891795882
360.0,0.5832687959721685
